compound,cell_line,fragment,original_score,modified_score,contribution
Cn1c(COc2ccc(CC3SC(=O)NC3=O)cc2)nc2ccccc2c1=O,A375,[13*]C1SC(=O)NC1=O,0.021266542375087738,0.028498824685811996,-0.007232282310724258
Cn1c(COc2ccc(CC3SC(=O)NC3=O)cc2)nc2ccccc2c1=O,A375,[4*]C[8*],0.021266542375087738,0.029830552637577057,-0.008564010262489319
Cn1c(COc2ccc(CC3SC(=O)NC3=O)cc2)nc2ccccc2c1=O,A375,[3*]O[3*],0.021266542375087738,0.031631503254175186,-0.010364960879087448
Cn1c(COc2ccc(CC3SC(=O)NC3=O)cc2)nc2ccccc2c1=O,A375,[16*]c1ccc([16*])cc1,0.021266542375087738,0.028904754668474197,-0.007638212293386459
Cn1c(COc2ccc(CC3SC(=O)NC3=O)cc2)nc2ccccc2c1=O,A375,[8*]C[8*],0.021266542375087738,0.02909538522362709,-0.007828842848539352
Cn1c(COc2ccc(CC3SC(=O)NC3=O)cc2)nc2ccccc2c1=O,A375,[14*]c1nc2ccccc2c(=O)n1C,0.021266542375087738,0.03255174681544304,-0.011285204440355301
Fc1ccc(cc1)C(c1ccccc1)(c1ccccc1F)n1ccnc1,A375,[16*]c1ccccc1F,0.014686688780784607,0.033324845135211945,-0.018638156354427338
Fc1ccc(cc1)C(c1ccccc1)(c1ccccc1F)n1ccnc1,A375,[9*]n1ccnc1,0.014686688780784607,0.028441179543733597,-0.01375449076294899
Fc1ccc(cc1)C(c1ccccc1)(c1ccccc1F)n1ccnc1,A375,[8*]C([8*])([8*])[8*],0.014686688780784607,0.016964871436357498,-0.0022781826555728912
Fc1ccc(cc1)C(c1ccccc1)(c1ccccc1F)n1ccnc1,A375,[16*]c1ccccc1,0.014686688780784607,0.03248385712504387,-0.017797168344259262
Fc1ccc(cc1)C(c1ccccc1)(c1ccccc1F)n1ccnc1,A375,[16*]c1ccc(F)cc1,0.014686688780784607,0.032760947942733765,-0.018074259161949158
OC1O[C@@H]2COC(O[C@H]2[C@H](O)[C@H]1O)c1ccccc1,A375,[16*]c1ccccc1,0.019004667177796364,0.0256018228828907,-0.0065971557050943375
OC1O[C@@H]2COC(O[C@H]2[C@H](O)[C@H]1O)c1ccccc1,A375,[13*]C1OC[C@H]2OC(O)[C@H](O)[C@@H](O)[C@@H]2O1,0.019004667177796364,0.025806346908211708,-0.006801679730415344
OC(CCN1CCCCC1)(C1CC2CC1C=C2)c1ccccc1,A375,[16*]c1ccccc1,0.010655008256435394,0.022502213716506958,-0.011847205460071564
OC(CCN1CCCCC1)(C1CC2CC1C=C2)c1ccccc1,A375,[15*]C1CC2C=CC1C2,0.010655008256435394,0.02842491865158081,-0.017769910395145416
OC(CCN1CCCCC1)(C1CC2CC1C=C2)c1ccccc1,A375,[4*]CCC([8*])([8*])O,0.010655008256435394,0.01787363365292549,-0.007218625396490097
OC(CCN1CCCCC1)(C1CC2CC1C=C2)c1ccccc1,A375,[5*]N1CCCCC1,0.010655008256435394,0.020519878715276718,-0.009864870458841324
C[C@]12CCC3C([C@H]4C[C@H]4C4=CC(=O)CC[C@]34C)C1[C@@H]1C[C@@H]1[C@@]21CCC(=O)O1,A375,C[C@]12CCC(=O)C=C1[C@@H]1C[C@@H]1C1C2CC[C@@]2(C)C1[C@@H]1C[C@@H]1[C@@]21CCC(=O)O1,0.014018302783370018,0.035396914929151535,-0.021378612145781517
CCCCN1CCCCC1C(=O)Nc1c(C)cccc1C,A375,[4*]CCCC,0.020518220961093903,0.029245469719171524,-0.008727248758077621
CCCCN1CCCCC1C(=O)Nc1c(C)cccc1C,A375,[5*]N1CCCCC1[13*],0.020518220961093903,0.026002008467912674,-0.005483787506818771
CCCCN1CCCCC1C(=O)Nc1c(C)cccc1C,A375,[16*]c1c(C)cccc1C,0.020518220961093903,0.028755608946084976,-0.008237387984991074
CCCCN1CCCCC1C(=O)Nc1c(C)cccc1C,A375,[1*]C([6*])=O,0.020518220961093903,0.033856235444545746,-0.013338014483451843
CCCCN1CCCCC1C(=O)Nc1c(C)cccc1C,A375,[5*]N[5*],0.020518220961093903,0.030767396092414856,-0.010249175131320953
CC(=CC[C@@H](C[C@]12C[C@H](C([C@](C1=O)(C(=O)C(=C(C3=CC(=C(C=C3)O)O)O)C2=O)CC=C(C)C)(C)C)C=C(C)C)C(=C)C)C,A375,[7*]C([8*])O,0.02188265696167946,0.030101217329502106,-0.008218560367822647
CC(=CC[C@@H](C[C@]12C[C@H](C([C@](C1=O)(C(=O)C(=C(C3=CC(=C(C=C3)O)O)O)C2=O)CC=C(C)C)(C)C)C=C(C)C)C(=C)C)C,A375,[7*]C[8*],0.02188265696167946,0.02900053933262825,-0.0071178823709487915
CC(=CC[C@@H](C[C@]12C[C@H](C([C@](C1=O)(C(=O)C(=C(C3=CC(=C(C=C3)O)O)O)C2=O)CC=C(C)C)(C)C)C=C(C)C)C(=C)C)C,A375,[7*]CC[8*],0.02188265696167946,0.02923155575990677,-0.00734889879822731
CC(=CC[C@@H](C[C@]12C[C@H](C([C@](C1=O)(C(=O)C(=C(C3=CC(=C(C=C3)O)O)O)C2=O)CC=C(C)C)(C)C)C=C(C)C)C(=C)C)C,A375,[7*]CC[C@@H](C[8*])C(=C)C,0.02188265696167946,0.030227351933717728,-0.008344694972038269
CC(=CC[C@@H](C[C@]12C[C@H](C([C@](C1=O)(C(=O)C(=C(C3=CC(=C(C=C3)O)O)O)C2=O)CC=C(C)C)(C)C)C=C(C)C)C(=C)C)C,A375,[7*]C1C(=O)[C@@]2([15*])C[C@@H]([15*])C(C)(C)[C@@]([15*])(C1=O)C2=O,0.02188265696167946,0.03397849574685097,-0.012095838785171509
CC(=CC[C@@H](C[C@]12C[C@H](C([C@](C1=O)(C(=O)C(=C(C3=CC(=C(C=C3)O)O)O)C2=O)CC=C(C)C)(C)C)C=C(C)C)C(=C)C)C,A375,[16*]c1ccc(O)c(O)c1,0.02188265696167946,0.029095664620399475,-0.0072130076587200165
CC(=CC[C@@H](C[C@]12C[C@H](C([C@](C1=O)(C(=O)C(=C(C3=CC(=C(C=C3)O)O)O)C2=O)CC=C(C)C)(C)C)C=C(C)C)C(=C)C)C,A375,[7*]C(C)C,0.02188265696167946,0.029645361006259918,-0.00776270404458046
COc1ccccc1N1CCN(CC(O)COc2cccc3ccccc23)CC1,A375,[16*]c1cccc2ccccc12,0.015758242458105087,0.03310537338256836,-0.017347130924463272
COc1ccccc1N1CCN(CC(O)COc2cccc3ccccc23)CC1,A375,[4*]CC(O)C[4*],0.015758242458105087,0.026277896016836166,-0.010519653558731079
COc1ccccc1N1CCN(CC(O)COc2cccc3ccccc23)CC1,A375,[5*]N1CCN([5*])CC1,0.015758242458105087,0.023872993886470795,-0.008114751428365707
COc1ccccc1N1CCN(CC(O)COc2cccc3ccccc23)CC1,A375,[16*]c1ccccc1[16*],0.015758242458105087,0.021731514483690262,-0.0059732720255851746
COc1ccccc1N1CCN(CC(O)COc2cccc3ccccc23)CC1,A375,[3*]O[3*],0.015758242458105087,0.025623634457588196,-0.009865391999483109
COc1ccccc1N1CCN(CC(O)COc2cccc3ccccc23)CC1,A375,[3*]OC,0.015758242458105087,0.02424679324030876,-0.008488550782203674
CCOC(=O)C1=C(C)NC(C)=C(C1c1cccc(c1)[N+]([O-])=O)C(=O)OC,A375,[16*]c1cccc([N+](=O)[O-])c1,0.0239134319126606,0.02211880125105381,0.0017946306616067886
CCOC(=O)C1=C(C)NC(C)=C(C1c1cccc(c1)[N+]([O-])=O)C(=O)OC,A375,[3*]O[3*],0.0239134319126606,0.02326817810535431,0.0006452538073062897
CCOC(=O)C1=C(C)NC(C)=C(C1c1cccc(c1)[N+]([O-])=O)C(=O)OC,A375,[1*]C(=O)C1=C(C)NC(C)=C(C([1*])=O)C1[15*],0.0239134319126606,0.015542672947049141,0.008370758965611458
CCOC(=O)C1=C(C)NC(C)=C(C1c1cccc(c1)[N+]([O-])=O)C(=O)OC,A375,[4*]CC,0.0239134319126606,0.02150842919945717,0.00240500271320343
CCOC(=O)C1=C(C)NC(C)=C(C1c1cccc(c1)[N+]([O-])=O)C(=O)OC,A375,[3*]OC,0.0239134319126606,0.022184891626238823,0.0017285402864217758
C[C@]12CCC3C(CCc4cc(O)ccc34)C1CC[C@@]2(O)C#C,A375,C#C[C@]1(O)CCC2C3CCc4cc(O)ccc4C3CC[C@@]21C,0.011676641181111336,0.035396914929151535,-0.0237202737480402
CCC1(CCCCN(C)C1)c1cccc(O)c1,A375,[15*]C1([15*])CCCCN(C)C1,0.008686311542987823,0.01091587170958519,-0.0022295601665973663
CCC1(CCCCN(C)C1)c1cccc(O)c1,A375,[16*]c1cccc(O)c1,0.008686311542987823,0.021034689620137215,-0.012348378077149391
CCC1(CCCCN(C)C1)c1cccc(O)c1,A375,[8*]CC,0.008686311542987823,0.018854660913348198,-0.010168349370360374
CC(Oc1c(Cl)cccc1Cl)C1=NCCN1,A375,[16*]c1c(Cl)cccc1Cl,0.029386701062321663,0.01466403715312481,0.014722663909196854
CC(Oc1c(Cl)cccc1Cl)C1=NCCN1,A375,[3*]O[3*],0.029386701062321663,0.02156166546046734,0.007825035601854324
CC(Oc1c(Cl)cccc1Cl)C1=NCCN1,A375,[4*]C(C)C1=NCCN1,0.029386701062321663,0.01504930853843689,0.014337392523884773
COc1cc2[nH]nnc2cc1C(=O)NCC1CCCN1CC=C,A375,[5*]N1CCCC1[13*],0.027415646240115166,0.029348164796829224,-0.001932518556714058
COc1cc2[nH]nnc2cc1C(=O)NCC1CCCN1CC=C,A375,[4*]C[8*],0.027415646240115166,0.028522927314043045,-0.0011072810739278793
COc1cc2[nH]nnc2cc1C(=O)NCC1CCCN1CC=C,A375,[1*]C([6*])=O,0.027415646240115166,0.029020320624113083,-0.0016046743839979172
COc1cc2[nH]nnc2cc1C(=O)NCC1CCCN1CC=C,A375,[5*]N[5*],0.027415646240115166,0.02949387952685356,-0.0020782332867383957
COc1cc2[nH]nnc2cc1C(=O)NCC1CCCN1CC=C,A375,[4*]CC=C,0.027415646240115166,0.03134455159306526,-0.003928905352950096
COc1cc2[nH]nnc2cc1C(=O)NCC1CCCN1CC=C,A375,[16*]c1cc2nn[nH]c2cc1[16*],0.027415646240115166,0.02686731517314911,0.0005483310669660568
COc1cc2[nH]nnc2cc1C(=O)NCC1CCCN1CC=C,A375,[3*]OC,0.027415646240115166,0.029226701706647873,-0.0018110554665327072
CN1CCCCC1C(=O)Nc1c(C)cccc1C,A375,[1*]C([6*])=O,0.020825594663619995,0.02298026531934738,-0.0021546706557273865
CN1CCCCC1C(=O)Nc1c(C)cccc1C,A375,[16*]c1c(C)cccc1C,0.020825594663619995,0.02362075075507164,-0.002795156091451645
CN1CCCCC1C(=O)Nc1c(C)cccc1C,A375,[5*]N[5*],0.020825594663619995,0.022951096296310425,-0.0021255016326904297
CN1CCCCC1C(=O)Nc1c(C)cccc1C,A375,[13*]C1CCCCN1C,0.020825594663619995,0.02272556908428669,-0.0018999744206666946
C[C@]12CC[C@H]3C([C@@H]1CC[C@@H]2O)[C@H](CCCCCCCCCS(=O)CCCC(F)(F)C(F)(F)F)Cc1cc(O)ccc31,A375,[8*]CCCCCCCCCS(=O)CCCC(F)(F)C(F)(F)F,0.018157213926315308,0.019395140931010246,-0.0012379270046949387
C[C@]12CC[C@H]3C([C@@H]1CC[C@@H]2O)[C@H](CCCCCCCCCS(=O)CCCC(F)(F)C(F)(F)F)Cc1cc(O)ccc31,A375,[15*][C@@H]1Cc2cc(O)ccc2[C@H]2CC[C@]3(C)[C@@H](O)CC[C@H]3C12,0.018157213926315308,0.01993698626756668,-0.0017797723412513733
CC[C@@H](C)Nc1cc(C(=O)NC2CC3CCC(C2)N3c2ccc(cn2)C(=O)C2CC2)c(C)cc1C(N)=O,A375,[4*][C@H](C)CC,0.029568621888756752,0.03220192715525627,-0.0026333052664995193
CC[C@@H](C)Nc1cc(C(=O)NC2CC3CCC(C2)N3c2ccc(cn2)C(=O)C2CC2)c(C)cc1C(N)=O,A375,[1*]C([6*])=O,0.029568621888756752,0.033205579966306686,-0.0036369580775499344
CC[C@@H](C)Nc1cc(C(=O)NC2CC3CCC(C2)N3c2ccc(cn2)C(=O)C2CC2)c(C)cc1C(N)=O,A375,[6*]C(N)=O,0.029568621888756752,0.032691590487957,-0.0031229685992002487
CC[C@@H](C)Nc1cc(C(=O)NC2CC3CCC(C2)N3c2ccc(cn2)C(=O)C2CC2)c(C)cc1C(N)=O,A375,[14*]c1ccc([16*])cn1,0.029568621888756752,0.03340521082282066,-0.0038365889340639114
CC[C@@H](C)Nc1cc(C(=O)NC2CC3CCC(C2)N3c2ccc(cn2)C(=O)C2CC2)c(C)cc1C(N)=O,A375,[16*]c1cc([16*])c(C)cc1[16*],0.029568621888756752,0.03464961424469948,-0.005080992355942726
CC[C@@H](C)Nc1cc(C(=O)NC2CC3CCC(C2)N3c2ccc(cn2)C(=O)C2CC2)c(C)cc1C(N)=O,A375,[5*]N[5*],0.029568621888756752,0.03378204628825188,-0.004213424399495125
CC[C@@H](C)Nc1cc(C(=O)NC2CC3CCC(C2)N3c2ccc(cn2)C(=O)C2CC2)c(C)cc1C(N)=O,A375,[6*]C([6*])=O,0.029568621888756752,0.0336698442697525,-0.00410122238099575
CC[C@@H](C)Nc1cc(C(=O)NC2CC3CCC(C2)N3c2ccc(cn2)C(=O)C2CC2)c(C)cc1C(N)=O,A375,[15*]C1CC1,0.029568621888756752,0.0355575792491436,-0.0059889573603868484
CC[C@@H](C)Nc1cc(C(=O)NC2CC3CCC(C2)N3c2ccc(cn2)C(=O)C2CC2)c(C)cc1C(N)=O,A375,[5*]N1C2CCC1CC([15*])C2,0.029568621888756752,0.03718193247914314,-0.007613310590386391
COCCc1ccc(OCC(O)CNC(C)C)cc1,A375,[4*]CC(O)C[4*],0.02075672149658203,0.03080993890762329,-0.01005321741104126
COCCc1ccc(OCC(O)CNC(C)C)cc1,A375,[4*]C(C)C,0.02075672149658203,0.029995329678058624,-0.009238608181476593
COCCc1ccc(OCC(O)CNC(C)C)cc1,A375,[3*]O[3*],0.02075672149658203,0.030937369912862778,-0.010180648416280746
COCCc1ccc(OCC(O)CNC(C)C)cc1,A375,[5*]N[5*],0.02075672149658203,0.03033706173300743,-0.0095803402364254
COCCc1ccc(OCC(O)CNC(C)C)cc1,A375,[4*]CC[8*],0.02075672149658203,0.030758149921894073,-0.010001428425312042
COCCc1ccc(OCC(O)CNC(C)C)cc1,A375,[16*]c1ccc([16*])cc1,0.02075672149658203,0.029890291392803192,-0.009133569896221161
COCCc1ccc(OCC(O)CNC(C)C)cc1,A375,[3*]OC,0.02075672149658203,0.031183410435914993,-0.010426688939332962
CC(C)c1nnc(C)n1C1CC2CCC(C1)N2CC[C@H](NC(=O)C1CCC(F)(F)CC1)c1ccccc1,A375,[9*]n1c([14*])nnc1C,0.02150779776275158,0.032192327082157135,-0.010684529319405556
CC(C)c1nnc(C)n1C1CC2CCC(C1)N2CC[C@H](NC(=O)C1CCC(F)(F)CC1)c1ccccc1,A375,[8*]C(C)C,0.02150779776275158,0.02760368213057518,-0.006095884367823601
CC(C)c1nnc(C)n1C1CC2CCC(C1)N2CC[C@H](NC(=O)C1CCC(F)(F)CC1)c1ccccc1,A375,[4*]CC[C@H]([4*])[8*],0.02150779776275158,0.027594484388828278,-0.006086686626076698
CC(C)c1nnc(C)n1C1CC2CCC(C1)N2CC[C@H](NC(=O)C1CCC(F)(F)CC1)c1ccccc1,A375,[16*]c1ccccc1,0.02150779776275158,0.02612108737230301,-0.00461328960955143
CC(C)c1nnc(C)n1C1CC2CCC(C1)N2CC[C@H](NC(=O)C1CCC(F)(F)CC1)c1ccccc1,A375,[1*]C([6*])=O,0.02150779776275158,0.026096884161233902,-0.004589086398482323
CC(C)c1nnc(C)n1C1CC2CCC(C1)N2CC[C@H](NC(=O)C1CCC(F)(F)CC1)c1ccccc1,A375,[5*]N[5*],0.02150779776275158,0.027509544044733047,-0.006001746281981468
CC(C)c1nnc(C)n1C1CC2CCC(C1)N2CC[C@H](NC(=O)C1CCC(F)(F)CC1)c1ccccc1,A375,[5*]N1C2CCC1CC([15*])C2,0.02150779776275158,0.030240114778280258,-0.008732317015528679
CC(C)c1nnc(C)n1C1CC2CCC(C1)N2CC[C@H](NC(=O)C1CCC(F)(F)CC1)c1ccccc1,A375,[15*]C1CCC(F)(F)CC1,0.02150779776275158,0.02968347817659378,-0.008175680413842201
CN(C)CCC(c1ccc(Cl)cc1)c1ccccn1,A375,[14*]c1ccccn1,0.021590355783700943,0.034084808081388474,-0.01249445229768753
CN(C)CCC(c1ccc(Cl)cc1)c1ccccn1,A375,[4*]CCC([8*])[8*],0.021590355783700943,0.021480411291122437,0.00010994449257850647
CN(C)CCC(c1ccc(Cl)cc1)c1ccccn1,A375,[5*]N(C)C,0.021590355783700943,0.032092537730932236,-0.010502181947231293
CN(C)CCC(c1ccc(Cl)cc1)c1ccccn1,A375,[16*]c1ccc(Cl)cc1,0.021590355783700943,0.029962215572595596,-0.008371859788894653
CC(NC(C)(C)C)C(=O)c1cccc(Cl)c1,A375,[4*]C(C)C([6*])=O,0.02143772691488266,0.01781218871474266,0.0036255382001399994
CC(NC(C)(C)C)C(=O)c1cccc(Cl)c1,A375,[16*]c1cccc(Cl)c1,0.02143772691488266,0.023886043578386307,-0.002448316663503647
CC(NC(C)(C)C)C(=O)c1cccc(Cl)c1,A375,[4*]C(C)(C)C,0.02143772691488266,0.03258158266544342,-0.01114385575056076
CC(NC(C)(C)C)C(=O)c1cccc(Cl)c1,A375,[5*]N[5*],0.02143772691488266,0.028393104672431946,-0.006955377757549286
CC(O)CCCCn1c(=O)n(C)c2ncn(C)c2c1=O,A375,[8*]CCCCC(C)O,0.026003407314419746,0.03224155306816101,-0.006238145753741264
CC(O)CCCCn1c(=O)n(C)c2ncn(C)c2c1=O,A375,[9*]n1c(=O)c2c(ncn2C)n(C)c1=O,0.026003407314419746,0.02713046595454216,-0.0011270586401224136
COC(=O)C1=C(C)NC(C)=C(C1c1ccccc1C(F)(F)F)[N+]([O-])=O,A375,[1*]C(=O)C1=C(C)NC(C)=C([N+](=O)[O-])C1[15*],0.02639547362923622,0.013738434761762619,0.012657038867473602
COC(=O)C1=C(C)NC(C)=C(C1c1ccccc1C(F)(F)F)[N+]([O-])=O,A375,[16*]c1ccccc1[16*],0.02639547362923622,0.025808287784457207,0.0005871858447790146
COC(=O)C1=C(C)NC(C)=C(C1c1ccccc1C(F)(F)F)[N+]([O-])=O,A375,[8*]C(F)(F)F,0.02639547362923622,0.026414625346660614,-1.91517174243927e-05
COC(=O)C1=C(C)NC(C)=C(C1c1ccccc1C(F)(F)F)[N+]([O-])=O,A375,[3*]OC,0.02639547362923622,0.02621586248278618,0.00017961114645004272
CCOC(=O)N1CSCC1C(O)=O,A375,[6*]C(=O)O,0.026204435154795647,0.028785310685634613,-0.0025808755308389664
CCOC(=O)N1CSCC1C(O)=O,A375,[3*]O[3*],0.026204435154795647,0.031411755830049515,-0.005207320675253868
CCOC(=O)N1CSCC1C(O)=O,A375,[4*]CC,0.026204435154795647,0.0285218246281147,-0.0023173894733190536
CCOC(=O)N1CSCC1C(O)=O,A375,[5*]N1CSCC1[13*],0.026204435154795647,0.023633327335119247,0.0025711078196763992
CCOC(=O)N1CSCC1C(O)=O,A375,[1*]C([1*])=O,0.026204435154795647,0.028055019676685333,-0.0018505845218896866
CC(=O)O[C@@]12CO[C@@H]1C[C@H](O)[C@]1(C)C2[C@H](OC(=O)c2ccccc2)[C@]2(O)C[C@H](OC(=O)[C@H](O)[C@@H](NC(=O)OC(C)(C)C)c3ccccc3)C(C)=C([C@@H](O)C1=O)C2(C)C,A375,[4*]C(C)(C)C,0.02776244655251503,0.025887660682201385,0.0018747858703136444
CC(=O)O[C@@]12CO[C@@H]1C[C@H](O)[C@]1(C)C2[C@H](OC(=O)c2ccccc2)[C@]2(O)C[C@H](OC(=O)[C@H](O)[C@@H](NC(=O)OC(C)(C)C)c3ccccc3)C(C)=C([C@@H](O)C1=O)C2(C)C,A375,[16*]c1ccccc1,0.02776244655251503,0.027477513998746872,0.00028493255376815796
CC(=O)O[C@@]12CO[C@@H]1C[C@H](O)[C@]1(C)C2[C@H](OC(=O)c2ccccc2)[C@]2(O)C[C@H](OC(=O)[C@H](O)[C@@H](NC(=O)OC(C)(C)C)c3ccccc3)C(C)=C([C@@H](O)C1=O)C2(C)C,A375,[15*][C@H]1C[C@@]2(O)[C@@H]([15*])C3[C@]4([15*])CO[C@@H]4C[C@H](O)[C@@]3(C)C(=O)[C@H](O)C(=C1C)C2(C)C,0.02776244655251503,0.03304580971598625,-0.005283363163471222
CC(=O)O[C@@]12CO[C@@H]1C[C@H](O)[C@]1(C)C2[C@H](OC(=O)c2ccccc2)[C@]2(O)C[C@H](OC(=O)[C@H](O)[C@@H](NC(=O)OC(C)(C)C)c3ccccc3)C(C)=C([C@@H](O)C1=O)C2(C)C,A375,[1*]C([6*])=O,0.02776244655251503,0.026945341378450394,0.0008171051740646362
CC(=O)O[C@@]12CO[C@@H]1C[C@H](O)[C@]1(C)C2[C@H](OC(=O)c2ccccc2)[C@]2(O)C[C@H](OC(=O)[C@H](O)[C@@H](NC(=O)OC(C)(C)C)c3ccccc3)C(C)=C([C@@H](O)C1=O)C2(C)C,A375,[3*]O[3*],0.02776244655251503,0.027988754212856293,-0.00022630766034126282
CC(=O)O[C@@]12CO[C@@H]1C[C@H](O)[C@]1(C)C2[C@H](OC(=O)c2ccccc2)[C@]2(O)C[C@H](OC(=O)[C@H](O)[C@@H](NC(=O)OC(C)(C)C)c3ccccc3)C(C)=C([C@@H](O)C1=O)C2(C)C,A375,[5*]N[5*],0.02776244655251503,0.02794404700398445,-0.0001816004514694214
CC(=O)O[C@@]12CO[C@@H]1C[C@H](O)[C@]1(C)C2[C@H](OC(=O)c2ccccc2)[C@]2(O)C[C@H](OC(=O)[C@H](O)[C@@H](NC(=O)OC(C)(C)C)c3ccccc3)C(C)=C([C@@H](O)C1=O)C2(C)C,A375,[1*]C(=O)[C@H](O)[C@@H]([4*])[8*],0.02776244655251503,0.02794404700398445,-0.0001816004514694214
CC(=O)O[C@@]12CO[C@@H]1C[C@H](O)[C@]1(C)C2[C@H](OC(=O)c2ccccc2)[C@]2(O)C[C@H](OC(=O)[C@H](O)[C@@H](NC(=O)OC(C)(C)C)c3ccccc3)C(C)=C([C@@H](O)C1=O)C2(C)C,A375,[1*]C([1*])=O,0.02776244655251503,0.02794404700398445,-0.0001816004514694214
CC(=O)O[C@@]12CO[C@@H]1C[C@H](O)[C@]1(C)C2[C@H](OC(=O)c2ccccc2)[C@]2(O)C[C@H](OC(=O)[C@H](O)[C@@H](NC(=O)OC(C)(C)C)c3ccccc3)C(C)=C([C@@H](O)C1=O)C2(C)C,A375,[1*]C(C)=O,0.02776244655251503,0.02794404700398445,-0.0001816004514694214
OC(=O)CCCCC(CCSCc1ccccc1)SCc1ccccc1,A375,[4*]CCC([4*])CCCCC(=O)O,0.025808492675423622,0.022139737382531166,0.003668755292892456
OC(=O)CCCCC(CCSCc1ccccc1)SCc1ccccc1,A375,[16*]c1ccccc1,0.025808492675423622,0.026406006887555122,-0.0005975142121315002
OC(=O)CCCCC(CCSCc1ccccc1)SCc1ccccc1,A375,[11*]S[11*],0.025808492675423622,0.025097567588090897,0.0007109250873327255
OC(=O)CCCCC(CCSCc1ccccc1)SCc1ccccc1,A375,[4*]C[8*],0.025808492675423622,0.02517610974609852,0.0006323829293251038
C[C@@H]1[C@H](O)CC[C@@]2(C)[C@H]1CC[C@@]1(C)C2[C@H](O)C[C@@H]2[C@]1(C)C[C@H](OC(C)=O)\C2=C(/CCC=C(C)C)C(O)=O,A375,[7*]C1[C@@H]([15*])C[C@@]2(C)[C@H]1C[C@@H](O)C1[C@]2(C)CC[C@H]2[C@H](C)[C@H](O)CC[C@]12C,0.021386096253991127,0.022687029093503952,-0.001300932839512825
C[C@@H]1[C@H](O)CC[C@@]2(C)[C@H]1CC[C@@]1(C)C2[C@H](O)C[C@@H]2[C@]1(C)C[C@H](OC(C)=O)\C2=C(/CCC=C(C)C)C(O)=O,A375,[7*]CCCC([7*])C(=O)O,0.021386096253991127,0.022966206073760986,-0.0015801098197698593
C[C@@H]1[C@H](O)CC[C@@]2(C)[C@H]1CC[C@@]1(C)C2[C@H](O)C[C@@H]2[C@]1(C)C[C@H](OC(C)=O)\C2=C(/CCC=C(C)C)C(O)=O,A375,[3*]O[3*],0.021386096253991127,0.022031214088201523,-0.0006451178342103958
C[C@@H]1[C@H](O)CC[C@@]2(C)[C@H]1CC[C@@]1(C)C2[C@H](O)C[C@@H]2[C@]1(C)C[C@H](OC(C)=O)\C2=C(/CCC=C(C)C)C(O)=O,A375,[7*]C(C)C,0.021386096253991127,0.02381110191345215,-0.0024250056594610214
C[C@@H]1[C@H](O)CC[C@@]2(C)[C@H]1CC[C@@]1(C)C2[C@H](O)C[C@@H]2[C@]1(C)C[C@H](OC(C)=O)\C2=C(/CCC=C(C)C)C(O)=O,A375,[1*]C(C)=O,0.021386096253991127,0.02357073873281479,-0.002184642478823662
COC(=O)CCc1ccc(OCC(O)CNC(C)C)cc1,A375,[4*]CC(O)C[4*],0.019405867904424667,0.03038756549358368,-0.010981697589159012
COC(=O)CCc1ccc(OCC(O)CNC(C)C)cc1,A375,[4*]C(C)C,0.019405867904424667,0.031914934515953064,-0.012509066611528397
COC(=O)CCc1ccc(OCC(O)CNC(C)C)cc1,A375,[3*]O[3*],0.019405867904424667,0.031696293503046036,-0.012290425598621368
COC(=O)CCc1ccc(OCC(O)CNC(C)C)cc1,A375,[5*]N[5*],0.019405867904424667,0.03113345056772232,-0.011727582663297653
COC(=O)CCc1ccc(OCC(O)CNC(C)C)cc1,A375,[1*]C(=O)CC[8*],0.019405867904424667,0.030758149921894073,-0.011352282017469406
COC(=O)CCc1ccc(OCC(O)CNC(C)C)cc1,A375,[16*]c1ccc([16*])cc1,0.019405867904424667,0.02962300181388855,-0.010217133909463882
COC(=O)CCc1ccc(OCC(O)CNC(C)C)cc1,A375,[3*]OC,0.019405867904424667,0.034355126321315765,-0.014949258416891098
CC(CCc1ccccc1)NCC(O)c1ccc(O)c(c1)C(N)=O,A375,[4*]C(C)CC[8*],0.018891766667366028,0.03084687888622284,-0.011955112218856812
CC(CCc1ccccc1)NCC(O)c1ccc(O)c(c1)C(N)=O,A375,[16*]c1ccccc1,0.018891766667366028,0.03565903380513191,-0.016767267137765884
CC(CCc1ccccc1)NCC(O)c1ccc(O)c(c1)C(N)=O,A375,[4*]CC([8*])O,0.018891766667366028,0.03467993810772896,-0.01578817144036293
CC(CCc1ccccc1)NCC(O)c1ccc(O)c(c1)C(N)=O,A375,[6*]C(N)=O,0.018891766667366028,0.03709070384502411,-0.01819893717765808
CC(CCc1ccccc1)NCC(O)c1ccc(O)c(c1)C(N)=O,A375,[16*]c1ccc(O)c([16*])c1,0.018891766667366028,0.03330656513571739,-0.014414798468351364
CC(CCc1ccccc1)NCC(O)c1ccc(O)c(c1)C(N)=O,A375,[5*]N[5*],0.018891766667366028,0.03692696988582611,-0.018035203218460083
Cc1cc2c(OCC(CNC(C)(C)C)OC(=O)c3ccccc3)cccc2[nH]1,A375,[4*]C(C)(C)C,0.026696572080254555,0.024939168244600296,0.0017574038356542587
Cc1cc2c(OCC(CNC(C)(C)C)OC(=O)c3ccccc3)cccc2[nH]1,A375,[16*]c1cccc2[nH]c(C)cc12,0.026696572080254555,0.030754897743463516,-0.0040583256632089615
Cc1cc2c(OCC(CNC(C)(C)C)OC(=O)c3ccccc3)cccc2[nH]1,A375,[16*]c1ccccc1,0.026696572080254555,0.02926531806588173,-0.0025687459856271744
Cc1cc2c(OCC(CNC(C)(C)C)OC(=O)c3ccccc3)cccc2[nH]1,A375,[4*]CC([4*])C[4*],0.026696572080254555,0.02778197079896927,-0.001085398718714714
Cc1cc2c(OCC(CNC(C)(C)C)OC(=O)c3ccccc3)cccc2[nH]1,A375,[1*]C([6*])=O,0.026696572080254555,0.02920951321721077,-0.002512941136956215
Cc1cc2c(OCC(CNC(C)(C)C)OC(=O)c3ccccc3)cccc2[nH]1,A375,[3*]O[3*],0.026696572080254555,0.030773844569921494,-0.004077272489666939
Cc1cc2c(OCC(CNC(C)(C)C)OC(=O)c3ccccc3)cccc2[nH]1,A375,[5*]N[5*],0.026696572080254555,0.03069218620657921,-0.003995614126324654
CC(C)c1ccc2Sc3cc(F)ccc3CC(N3CCN(CCO)CC3)c2c1,A375,[5*]N1CCN(C2Cc3ccc(F)cc3Sc3ccc([16*])cc32)CC1,0.02358083799481392,0.017276590690016747,0.0063042473047971725
CC(C)c1ccc2Sc3cc(F)ccc3CC(N3CCN(CCO)CC3)c2c1,A375,[8*]C(C)C,0.02358083799481392,0.023315904662013054,0.0002649333328008652
CC(C)c1ccc2Sc3cc(F)ccc3CC(N3CCN(CCO)CC3)c2c1,A375,[4*]CCO,0.02358083799481392,0.02705126255750656,-0.003470424562692642
C[C@]12CCC3C(CC=C4C[C@@H](O)CC[C@]34C)C1CC=C2n1cnc2ccccc12,A375,C[C@]12CC[C@H](O)CC1=CCC1C2CC[C@]2(C)C(n3cnc4ccccc43)=CCC12,0.010343868285417557,0.035396914929151535,-0.02505304664373398
CC(=O)SCC(Cc1ccccc1)C(=O)NCC(=O)OCc1ccccc1,A375,[1*]C(=O)C(C[4*])C[8*],0.02596205100417137,0.029735766351222992,-0.0037737153470516205
CC(=O)SCC(Cc1ccccc1)C(=O)NCC(=O)OCc1ccccc1,A375,[16*]c1ccccc1,0.02596205100417137,0.0301675908267498,-0.00420553982257843
CC(=O)SCC(Cc1ccccc1)C(=O)NCC(=O)OCc1ccccc1,A375,[1*]C(=O)C[4*],0.02596205100417137,0.03332572057843208,-0.007363669574260712
CC(=O)SCC(Cc1ccccc1)C(=O)NCC(=O)OCc1ccccc1,A375,[4*]C[8*],0.02596205100417137,0.03169931471347809,-0.005737263709306717
CC(=O)SCC(Cc1ccccc1)C(=O)NCC(=O)OCc1ccccc1,A375,[3*]O[3*],0.02596205100417137,0.033062927424907684,-0.007100876420736313
CC(=O)SCC(Cc1ccccc1)C(=O)NCC(=O)OCc1ccccc1,A375,[5*]N[5*],0.02596205100417137,0.030654042959213257,-0.004691991955041885
CC(=O)SCC(Cc1ccccc1)C(=O)NCC(=O)OCc1ccccc1,A375,[11*]SC(C)=O,0.02596205100417137,0.029252350330352783,-0.0032902993261814117
C[C@@H]1[C@H]2[C@H](O)[C@H]3[C@H](N(C)C)C(=O)C(C(N)=O)C(=O)[C@@]3(O)C(=O)C2C(=O)c2c(O)cccc12,A375,[15*]C1C(=O)[C@@H]([15*])[C@@H]2[C@@H](O)[C@H]3C(C(=O)c4c(O)cccc4[C@@H]3C)C(=O)[C@]2(O)C1=O,0.024921555072069168,0.02804793044924736,-0.003126375377178192
C[C@@H]1[C@H]2[C@H](O)[C@H]3[C@H](N(C)C)C(=O)C(C(N)=O)C(=O)[C@@]3(O)C(=O)C2C(=O)c2c(O)cccc12,A375,[6*]C(N)=O,0.024921555072069168,0.021752461791038513,0.003169093281030655
C[C@@H]1[C@H]2[C@H](O)[C@H]3[C@H](N(C)C)C(=O)C(C(N)=O)C(=O)[C@@]3(O)C(=O)C2C(=O)c2c(O)cccc12,A375,[5*]N(C)C,0.024921555072069168,0.02391359582543373,0.001007959246635437
CC(=O)O[C@]1(CCC2C3CCC4=CC(=O)CC[C@@H]4C3CC[C@@]21C)C#C,A375,[4*][C@@]1(C#C)CCC2C3CCC4=CC(=O)CC[C@@H]4C3CC[C@@]21C,0.01373787596821785,0.016337255015969276,-0.0025993790477514267
CC(=O)O[C@]1(CCC2C3CCC4=CC(=O)CC[C@@H]4C3CC[C@@]21C)C#C,A375,[15*][C@@]1(C#C)CCC2C3CCC4=CC(=O)CC[C@@H]4C3CC[C@@]21C,0.01373787596821785,0.016345690935850143,-0.0026078149676322937
CC(=O)O[C@]1(CCC2C3CCC4=CC(=O)CC[C@@H]4C3CC[C@@]21C)C#C,A375,[3*]O[3*],0.01373787596821785,0.018524080514907837,-0.004786204546689987
CC(=O)O[C@]1(CCC2C3CCC4=CC(=O)CC[C@@H]4C3CC[C@@]21C)C#C,A375,[1*]C(C)=O,0.01373787596821785,0.01654374971985817,-0.00280587375164032
FC(F)(F)COc1ccc(OCC(F)(F)F)c(c1)C(=O)NCC1CCCCN1,A375,[4*]CC(F)(F)F,0.019474780187010765,0.03550869598984718,-0.016033915802836418
FC(F)(F)COc1ccc(OCC(F)(F)F)c(c1)C(=O)NCC1CCCCN1,A375,[4*]C[8*],0.019474780187010765,0.03050624579191208,-0.011031465604901314
FC(F)(F)COc1ccc(OCC(F)(F)F)c(c1)C(=O)NCC1CCCCN1,A375,[1*]C([6*])=O,0.019474780187010765,0.03498880937695503,-0.015514029189944267
FC(F)(F)COc1ccc(OCC(F)(F)F)c(c1)C(=O)NCC1CCCCN1,A375,[3*]O[3*],0.019474780187010765,0.03425811231136322,-0.014783332124352455
FC(F)(F)COc1ccc(OCC(F)(F)F)c(c1)C(=O)NCC1CCCCN1,A375,[5*]N[5*],0.019474780187010765,0.0328182652592659,-0.013343485072255135
FC(F)(F)COc1ccc(OCC(F)(F)F)c(c1)C(=O)NCC1CCCCN1,A375,[13*]C1CCCCN1,0.019474780187010765,0.030066486448049545,-0.01059170626103878
FC(F)(F)COc1ccc(OCC(F)(F)F)c(c1)C(=O)NCC1CCCCN1,A375,[16*]c1ccc([16*])c([16*])c1,0.019474780187010765,0.028858564794063568,-0.009383784607052803
COc1ccc(CCN(C)CCCC(C#N)(C(C)C)c2ccc(OC)c(OC)c2)cc1OC,A375,[4*]CCCC([8*])(C#N)C(C)C,0.01555659994482994,0.037141792476177216,-0.021585192531347275
COc1ccc(CCN(C)CCCC(C#N)(C(C)C)c2ccc(OC)c(OC)c2)cc1OC,A375,[5*]N([5*])C,0.01555659994482994,0.03220067545771599,-0.016644075512886047
COc1ccc(CCN(C)CCCC(C#N)(C(C)C)c2ccc(OC)c(OC)c2)cc1OC,A375,[4*]CC[8*],0.01555659994482994,0.027008000761270523,-0.011451400816440582
COc1ccc(CCN(C)CCCC(C#N)(C(C)C)c2ccc(OC)c(OC)c2)cc1OC,A375,[16*]c1ccc([16*])c([16*])c1,0.01555659994482994,0.024137187749147415,-0.008580587804317474
COc1ccc(CCN(C)CCCC(C#N)(C(C)C)c2ccc(OC)c(OC)c2)cc1OC,A375,[3*]OC,0.01555659994482994,0.030337896198034286,-0.014781296253204346
C[C@@H]1CCN([C@@H](C1)C(O)=O)C(=O)[C@H](CCCNC(N)=N)NS(=O)(=O)c1cccc2CC(C)CNc12,A375,[12*]S(=O)(=O)c1cccc2c1NCC(C)C2,0.02035924606025219,0.033001046627759933,-0.012641800567507744
C[C@@H]1CCN([C@@H](C1)C(O)=O)C(=O)[C@H](CCCNC(N)=N)NS(=O)(=O)c1cccc2CC(C)CNc12,A375,[5*]NC(=N)N,0.02035924606025219,0.024675851687788963,-0.004316605627536774
C[C@@H]1CCN([C@@H](C1)C(O)=O)C(=O)[C@H](CCCNC(N)=N)NS(=O)(=O)c1cccc2CC(C)CNc12,A375,[6*]C(=O)O,0.02035924606025219,0.026165496557950974,-0.005806250497698784
C[C@@H]1CCN([C@@H](C1)C(O)=O)C(=O)[C@H](CCCNC(N)=N)NS(=O)(=O)c1cccc2CC(C)CNc12,A375,[5*]N1CC[C@@H](C)C[C@H]1[13*],0.02035924606025219,0.024493757635354996,-0.004134511575102806
C[C@@H]1CCN([C@@H](C1)C(O)=O)C(=O)[C@H](CCCNC(N)=N)NS(=O)(=O)c1cccc2CC(C)CNc12,A375,[1*]C(=O)[C@@H]([4*])CCC[4*],0.02035924606025219,0.028171434998512268,-0.007812188938260078
C[C@@H]1CCN([C@@H](C1)C(O)=O)C(=O)[C@H](CCCNC(N)=N)NS(=O)(=O)c1cccc2CC(C)CNc12,A375,[5*]N[5*],0.02035924606025219,0.028467562049627304,-0.008108315989375114
CCC[C@@]1(CCc2ccccc2)CC(=O)C([C@H](CC)c2cccc(NS(=O)(=O)c3ccc(cn3)C(F)(F)F)c2)C(=O)O1,A375,[8*]CCC,0.024168672040104866,0.02782212570309639,-0.0036534536629915237
CCC[C@@]1(CCc2ccccc2)CC(=O)C([C@H](CC)c2cccc(NS(=O)(=O)c3ccc(cn3)C(F)(F)F)c2)C(=O)O1,A375,[13*]C1([13*])CC(=O)C([15*])C(=O)O1,0.024168672040104866,0.026438727974891663,-0.0022700559347867966
CCC[C@@]1(CCc2ccccc2)CC(=O)C([C@H](CC)c2cccc(NS(=O)(=O)c3ccc(cn3)C(F)(F)F)c2)C(=O)O1,A375,[16*]c1ccccc1,0.024168672040104866,0.03086855262517929,-0.006699880585074425
CCC[C@@]1(CCc2ccccc2)CC(=O)C([C@H](CC)c2cccc(NS(=O)(=O)c3ccc(cn3)C(F)(F)F)c2)C(=O)O1,A375,[8*]CC[8*],0.024168672040104866,0.03065892681479454,-0.006490254774689674
CCC[C@@]1(CCc2ccccc2)CC(=O)C([C@H](CC)c2cccc(NS(=O)(=O)c3ccc(cn3)C(F)(F)F)c2)C(=O)O1,A375,[8*]C(F)(F)F,0.024168672040104866,0.03125089406967163,-0.007082222029566765
CCC[C@@]1(CCc2ccccc2)CC(=O)C([C@H](CC)c2cccc(NS(=O)(=O)c3ccc(cn3)C(F)(F)F)c2)C(=O)O1,A375,[12*]S(=O)(=O)c1ccc([16*])cn1,0.024168672040104866,0.030906405299901962,-0.006737733259797096
CCC[C@@]1(CCc2ccccc2)CC(=O)C([C@H](CC)c2cccc(NS(=O)(=O)c3ccc(cn3)C(F)(F)F)c2)C(=O)O1,A375,[8*]C([8*])CC,0.024168672040104866,0.031361911445856094,-0.007193239405751228
CCC[C@@]1(CCc2ccccc2)CC(=O)C([C@H](CC)c2cccc(NS(=O)(=O)c3ccc(cn3)C(F)(F)F)c2)C(=O)O1,A375,[5*]N[5*],0.024168672040104866,0.031212538480758667,-0.007043866440653801
CCC[C@@]1(CCc2ccccc2)CC(=O)C([C@H](CC)c2cccc(NS(=O)(=O)c3ccc(cn3)C(F)(F)F)c2)C(=O)O1,A375,[16*]c1cccc([16*])c1,0.024168672040104866,0.031616874039173126,-0.00744820199906826
CC(C)NCC(O)COc1cccc2ccccc12,A375,[16*]c1cccc2ccccc12,0.006131034344434738,0.02894992008805275,-0.02281888574361801
CC(C)NCC(O)COc1cccc2ccccc12,A375,[4*]CC(O)C[4*],0.006131034344434738,0.02093072608113289,-0.01479969173669815
CC(C)NCC(O)COc1cccc2ccccc12,A375,[4*]C(C)C,0.006131034344434738,0.022502822801470757,-0.01637178845703602
CC(C)NCC(O)COc1cccc2ccccc12,A375,[3*]O[3*],0.006131034344434738,0.02005680464208126,-0.013925770297646523
CC(C)NCC(O)COc1cccc2ccccc12,A375,[5*]N[5*],0.006131034344434738,0.017896132543683052,-0.011765098199248314
CC1=C(C(CC(=O)N1)c1ccc(cc1)C(F)(F)F)C(=O)Nc1cc2cn[nH]c2cc1F,A375,[8*]C(F)(F)F,0.027454622089862823,0.024318840354681015,0.0031357817351818085
CC1=C(C(CC(=O)N1)c1ccc(cc1)C(F)(F)F)C(=O)Nc1cc2cn[nH]c2cc1F,A375,[16*]c1cc2cn[nH]c2cc1F,0.027454622089862823,0.028985783457756042,-0.001531161367893219
CC1=C(C(CC(=O)N1)c1ccc(cc1)C(F)(F)F)C(=O)Nc1cc2cn[nH]c2cc1F,A375,[1*]C(=O)C1=C(C)NC(=O)CC1[15*],0.027454622089862823,0.022150546312332153,0.00530407577753067
CC1=C(C(CC(=O)N1)c1ccc(cc1)C(F)(F)F)C(=O)Nc1cc2cn[nH]c2cc1F,A375,[16*]c1ccc([16*])cc1,0.027454622089862823,0.027567589655518532,-0.00011296756565570831
CC1=C(C(CC(=O)N1)c1ccc(cc1)C(F)(F)F)C(=O)Nc1cc2cn[nH]c2cc1F,A375,[5*]N[5*],0.027454622089862823,0.02850467339158058,-0.0010500513017177582
CCn1ccnc1CC1COc2ccccc2O1,A375,[13*]C1COc2ccccc2O1,0.0065684691071510315,0.0296785831451416,-0.02311011403799057
CCn1ccnc1CC1COc2ccccc2O1,A375,[9*]n1ccnc1[14*],0.0065684691071510315,0.024006880819797516,-0.017438411712646484
CCn1ccnc1CC1COc2ccccc2O1,A375,[8*]CC,0.0065684691071510315,0.02664809487760067,-0.02007962577044964
CCn1ccnc1CC1COc2ccccc2O1,A375,[8*]C[8*],0.0065684691071510315,0.027015160769224167,-0.020446691662073135
CN1C2CCCC1CC(C2)NC(=O)c1nn(C)c2ccccc12,A375,[15*]C1CC2CCCC(C1)N2C,0.021368246525526047,0.026156125590205193,-0.004787879064679146
CN1C2CCCC1CC(C2)NC(=O)c1nn(C)c2ccccc12,A375,[1*]C([6*])=O,0.021368246525526047,0.02545122057199478,-0.004082974046468735
CN1C2CCCC1CC(C2)NC(=O)c1nn(C)c2ccccc12,A375,[14*]c1nn(C)c2ccccc12,0.021368246525526047,0.024013962596654892,-0.002645716071128845
CN1C2CCCC1CC(C2)NC(=O)c1nn(C)c2ccccc12,A375,[5*]N[5*],0.021368246525526047,0.02578926831483841,-0.004421021789312363
COc1ccccc1OCCNCC(O)COc1cccc2[nH]c3ccccc3c12,A375,[4*]CC(O)C[4*],0.01263313926756382,0.023325705900788307,-0.010692566633224487
COc1ccccc1OCCNCC(O)COc1cccc2[nH]c3ccccc3c12,A375,[16*]c1ccccc1[16*],0.01263313926756382,0.027487240731716156,-0.014854101464152336
COc1ccccc1OCCNCC(O)COc1cccc2[nH]c3ccccc3c12,A375,[3*]O[3*],0.01263313926756382,0.028333667665719986,-0.015700528398156166
COc1ccccc1OCCNCC(O)COc1cccc2[nH]c3ccccc3c12,A375,[5*]N[5*],0.01263313926756382,0.026955530047416687,-0.014322390779852867
COc1ccccc1OCCNCC(O)COc1cccc2[nH]c3ccccc3c12,A375,[16*]c1cccc2[nH]c3ccccc3c12,0.01263313926756382,0.03161952272057533,-0.018986383453011513
COc1ccccc1OCCNCC(O)COc1cccc2[nH]c3ccccc3c12,A375,[4*]CC[4*],0.01263313926756382,0.027979612350463867,-0.015346473082900047
COc1ccccc1OCCNCC(O)COc1cccc2[nH]c3ccccc3c12,A375,[3*]OC,0.01263313926756382,0.0267995186150074,-0.01416637934744358
CCC(=O)OCC(=O)C1(OC(=O)CC)C(C)CC2C3CCC4=CC(=O)C=CC4(C)C3(Cl)C(O)CC12C,A375,[15*]C1([15*])C(C)CC2C3CCC4=CC(=O)C=CC4(C)C3(Cl)C(O)CC21C,0.01764356531202793,0.023810435086488724,-0.0061668697744607925
CCC(=O)OCC(=O)C1(OC(=O)CC)C(C)CC2C3CCC4=CC(=O)C=CC4(C)C3(Cl)C(O)CC12C,A375,[4*]CC([6*])=O,0.01764356531202793,0.02370021492242813,-0.0060566496104002
CCC(=O)OCC(=O)C1(OC(=O)CC)C(C)CC2C3CCC4=CC(=O)C=CC4(C)C3(Cl)C(O)CC12C,A375,[4*]C1([15*])C(C)CC2C3CCC4=CC(=O)C=CC4(C)C3(Cl)C(O)CC21C,0.01764356531202793,0.021436698734760284,-0.003793133422732353
CCC(=O)OCC(=O)C1(OC(=O)CC)C(C)CC2C3CCC4=CC(=O)C=CC4(C)C3(Cl)C(O)CC12C,A375,[3*]O[3*],0.01764356531202793,0.022566113620996475,-0.004922548308968544
CCC(=O)OCC(=O)C1(OC(=O)CC)C(C)CC2C3CCC4=CC(=O)C=CC4(C)C3(Cl)C(O)CC12C,A375,[1*]C(=O)CC,0.01764356531202793,0.02234131097793579,-0.00469774566590786
OC1N=C(c2ccccc2Cl)c2cc(Cl)ccc2NC1=O,A375,O=C1Nc2ccc(Cl)cc2C(c2ccccc2Cl)=NC1O,0.03127777576446533,0.035396914929151535,-0.004119139164686203
NC(CCCNC(N)=O)C(O)=O,A375,[4*]CCCC(N)C(=O)O,0.029753796756267548,0.027802525088191032,0.0019512716680765152
NC(CCCNC(N)=O)C(O)=O,A375,[1*]C(N)=O,0.029753796756267548,0.02219495177268982,0.007558844983577728
NC(CCCNC(N)=O)C(O)=O,A375,[5*]N[5*],0.029753796756267548,0.020293625071644783,0.009460171684622765
COC1CN(CCCOc2ccc(F)cc2)CCC1NC(=O)c1cc(Cl)c(N)cc1OC,A375,[4*]CCC[4*],0.03684791922569275,0.03152192756533623,0.005325991660356522
COC1CN(CCCOc2ccc(F)cc2)CCC1NC(=O)c1cc(Cl)c(N)cc1OC,A375,[1*]C([6*])=O,0.03684791922569275,0.028903361409902573,0.007944557815790176
COC1CN(CCCOc2ccc(F)cc2)CCC1NC(=O)c1cc(Cl)c(N)cc1OC,A375,[3*]O[3*],0.03684791922569275,0.03173941373825073,0.005108505487442017
COC1CN(CCCOc2ccc(F)cc2)CCC1NC(=O)c1cc(Cl)c(N)cc1OC,A375,[5*]N[5*],0.03684791922569275,0.03131157532334328,0.005536343902349472
COC1CN(CCCOc2ccc(F)cc2)CCC1NC(=O)c1cc(Cl)c(N)cc1OC,A375,[16*]c1ccc(F)cc1,0.03684791922569275,0.03319332003593445,0.0036545991897583008
COC1CN(CCCOc2ccc(F)cc2)CCC1NC(=O)c1cc(Cl)c(N)cc1OC,A375,[16*]c1cc(N)c(Cl)cc1[16*],0.03684791922569275,0.030819658190011978,0.006028261035680771
COC1CN(CCCOc2ccc(F)cc2)CCC1NC(=O)c1cc(Cl)c(N)cc1OC,A375,[5*]N1CCC([15*])C([15*])C1,0.03684791922569275,0.03100479766726494,0.005843121558427811
COC1CN(CCCOc2ccc(F)cc2)CCC1NC(=O)c1cc(Cl)c(N)cc1OC,A375,[3*]OC,0.03684791922569275,0.0307878777384758,0.0060600414872169495
Nc1cccc2C(=O)N(C3CCC(=O)NC3=O)C(=O)c12,A375,[15*]C1CCC(=O)NC1=O,0.017757022753357887,0.02140624448657036,-0.003649221733212471
Nc1cccc2C(=O)N(C3CCC(=O)NC3=O)C(=O)c12,A375,[10*]N1C(=O)c2cccc(N)c2C1=O,0.017757022753357887,0.014645364135503769,0.0031116586178541183
CC1=C(C=C(C(=C1)OC)C(=O)N2CCN(CC2)C(=O)C)SC3=CN=C(S3)NC(=O)C4=CC=C(C=C4)CNC(C)C(C)(C)C,A375,[14*]c1cnc([14*])s1,0.03206643834710121,0.035547830164432526,-0.003481391817331314
CC1=C(C=C(C(=C1)OC)C(=O)N2CCN(CC2)C(=O)C)SC3=CN=C(S3)NC(=O)C4=CC=C(C=C4)CNC(C)C(C)(C)C,A375,[4*]C(C)C(C)(C)C,0.03206643834710121,0.03202148154377937,4.495680332183838e-05
CC1=C(C=C(C(=C1)OC)C(=O)N2CCN(CC2)C(=O)C)SC3=CN=C(S3)NC(=O)C4=CC=C(C=C4)CNC(C)C(C)(C)C,A375,[4*]C[8*],0.03206643834710121,0.028497464954853058,0.0035689733922481537
CC1=C(C=C(C(=C1)OC)C(=O)N2CCN(CC2)C(=O)C)SC3=CN=C(S3)NC(=O)C4=CC=C(C=C4)CNC(C)C(C)(C)C,A375,[5*]N1CCN([5*])CC1,0.03206643834710121,0.025354277342557907,0.0067121610045433044
CC1=C(C=C(C(=C1)OC)C(=O)N2CCN(CC2)C(=O)C)SC3=CN=C(S3)NC(=O)C4=CC=C(C=C4)CNC(C)C(C)(C)C,A375,[1*]C([6*])=O,0.03206643834710121,0.02859378233551979,0.003472656011581421
CC1=C(C=C(C(=C1)OC)C(=O)N2CCN(CC2)C(=O)C)SC3=CN=C(S3)NC(=O)C4=CC=C(C=C4)CNC(C)C(C)(C)C,A375,[16*]c1cc([16*])c(C)cc1[16*],0.03206643834710121,0.02827344834804535,0.0037929899990558624
CC1=C(C=C(C(=C1)OC)C(=O)N2CCN(CC2)C(=O)C)SC3=CN=C(S3)NC(=O)C4=CC=C(C=C4)CNC(C)C(C)(C)C,A375,[5*]N[5*],0.03206643834710121,0.026224512606859207,0.005841925740242004
CC1=C(C=C(C(=C1)OC)C(=O)N2CCN(CC2)C(=O)C)SC3=CN=C(S3)NC(=O)C4=CC=C(C=C4)CNC(C)C(C)(C)C,A375,[16*]c1ccc([16*])cc1,0.03206643834710121,0.027809690684080124,0.004256747663021088
CC1=C(C=C(C(=C1)OC)C(=O)N2CCN(CC2)C(=O)C)SC3=CN=C(S3)NC(=O)C4=CC=C(C=C4)CNC(C)C(C)(C)C,A375,[1*]C(C)=O,0.03206643834710121,0.026411782950162888,0.005654655396938324
CC1=C(C=C(C(=C1)OC)C(=O)N2CCN(CC2)C(=O)C)SC3=CN=C(S3)NC(=O)C4=CC=C(C=C4)CNC(C)C(C)(C)C,A375,[11*]S[11*],0.03206643834710121,0.026689108461141586,0.005377329885959625
CC1=C(C=C(C(=C1)OC)C(=O)N2CCN(CC2)C(=O)C)SC3=CN=C(S3)NC(=O)C4=CC=C(C=C4)CNC(C)C(C)(C)C,A375,[3*]OC,0.03206643834710121,0.026689108461141586,0.005377329885959625
Cc1c(C)c2OC(C)(COc3ccc(CC4SC(=O)NC4=O)cc3)CCc2c(C)c1O,A375,[13*]C1SC(=O)NC1=O,0.02495633438229561,0.02968248724937439,-0.004726152867078781
Cc1c(C)c2OC(C)(COc3ccc(CC4SC(=O)NC4=O)cc3)CCc2c(C)c1O,A375,[13*]C1(C)CCc2c(C)c(O)c(C)c(C)c2O1,0.02495633438229561,0.03255174681544304,-0.00759541243314743
Cc1c(C)c2OC(C)(COc3ccc(CC4SC(=O)NC4=O)cc3)CCc2c(C)c1O,A375,[4*]C[8*],0.02495633438229561,0.03304388001561165,-0.00808754563331604
Cc1c(C)c2OC(C)(COc3ccc(CC4SC(=O)NC4=O)cc3)CCc2c(C)c1O,A375,[3*]O[3*],0.02495633438229561,0.032098203897476196,-0.007141869515180588
Cc1c(C)c2OC(C)(COc3ccc(CC4SC(=O)NC4=O)cc3)CCc2c(C)c1O,A375,[16*]c1ccc([16*])cc1,0.02495633438229561,0.028940852731466293,-0.003984518349170685
Cc1c(C)c2OC(C)(COc3ccc(CC4SC(=O)NC4=O)cc3)CCc2c(C)c1O,A375,[8*]C[8*],0.02495633438229561,0.03165687993168831,-0.0067005455493927
C[C@H]1CC2C3CC[C@](O)(C(C)=O)[C@@]3(C)C[C@H](O)[C@]2(F)C2(C)C=CC(=O)C=C12,A375,[15*][C@@]1(O)CCC2C3C[C@H](C)C4=CC(=O)C=CC4(C)[C@@]3(F)[C@@H](O)C[C@@]21C,0.01669088937342167,0.03321610763669014,-0.01652521826326847
C[C@H]1CC2C3CC[C@](O)(C(C)=O)[C@@]3(C)C[C@H](O)[C@]2(F)C2(C)C=CC(=O)C=C12,A375,[6*]C(C)=O,0.01669088937342167,0.01437252014875412,0.002318369224667549
COc1cc2nc(nc(N)c2cc1OC)N1CCN(CC1)C(=O)C1COc2ccccc2O1,A375,[14*]c1nc(N)c2cc([16*])c([16*])cc2n1,0.030076678842306137,0.02504011243581772,0.005036566406488419
COc1cc2nc(nc(N)c2cc1OC)N1CCN(CC1)C(=O)C1COc2ccccc2O1,A375,[5*]N1CCN([5*])CC1,0.030076678842306137,0.031243648380041122,-0.0011669695377349854
COc1cc2nc(nc(N)c2cc1OC)N1CCN(CC1)C(=O)C1COc2ccccc2O1,A375,[1*]C([6*])=O,0.030076678842306137,0.0287841334939003,0.001292545348405838
COc1cc2nc(nc(N)c2cc1OC)N1CCN(CC1)C(=O)C1COc2ccccc2O1,A375,[13*]C1COc2ccccc2O1,0.030076678842306137,0.029594507068395615,0.00048217177391052246
COc1cc2nc(nc(N)c2cc1OC)N1CCN(CC1)C(=O)C1COc2ccccc2O1,A375,[3*]OC,0.030076678842306137,0.028433024883270264,0.0016436539590358734
NC(=N)NCC1COC2(CCCCC2)O1,A375,[13*]C1COC2(CCCCC2)O1,0.02842692844569683,0.027938349172472954,0.000488579273223877
NC(=N)NCC1COC2(CCCCC2)O1,A375,[5*]NC(=N)N,0.02842692844569683,0.02294950559735298,0.005477422848343849
NC(=N)NCC1COC2(CCCCC2)O1,A375,[4*]C[8*],0.02842692844569683,0.027815604582428932,0.0006113238632678986
COc1ccc2C3CC[C@@]4(C)C(CC[C@@]4(O)C#C)C3CCc2c1,A375,[16*]c1ccc2c(c1)CCC1C2CC[C@@]2(C)C1CC[C@@]2(O)C#C,0.014483354985713959,0.03063218854367733,-0.01614883355796337
COc1ccc2C3CC[C@@]4(C)C(CC[C@@]4(O)C#C)C3CCc2c1,A375,[3*]OC,0.014483354985713959,0.020053375512361526,-0.005570020526647568
CC[C@]12CCC3[C@@H](CCC4=CC(=O)CC[C@H]34)[C@@H]1CC[C@@]2(O)C#C,A375,[15*][C@]12CCC3[C@@H](CCC4=CC(=O)CC[C@@H]43)[C@@H]1CC[C@@]2(O)C#C,0.018388137221336365,0.023413578048348427,-0.005025440827012062
CC[C@]12CCC3[C@@H](CCC4=CC(=O)CC[C@H]34)[C@@H]1CC[C@@]2(O)C#C,A375,[8*]CC,0.018388137221336365,0.017023714259266853,0.0013644229620695114
OC(COc1cccc2ncccc12)CN1CCN(CC1)C(=O)C(c1ccccc1)c1ccccc1,A375,[4*]CC(O)C[4*],0.024947475641965866,0.03075293079018593,-0.005805455148220062
OC(COc1cccc2ncccc12)CN1CCN(CC1)C(=O)C(c1ccccc1)c1ccccc1,A375,[16*]c1ccccc1,0.024947475641965866,0.030702680349349976,-0.0057552047073841095
OC(COc1cccc2ncccc12)CN1CCN(CC1)C(=O)C(c1ccccc1)c1ccccc1,A375,[5*]N1CCN([5*])CC1,0.024947475641965866,0.029201261699199677,-0.00425378605723381
OC(COc1cccc2ncccc12)CN1CCN(CC1)C(=O)C(c1ccccc1)c1ccccc1,A375,[16*]c1cccc2ncccc12,0.024947475641965866,0.03214624896645546,-0.0071987733244895935
OC(COc1cccc2ncccc12)CN1CCN(CC1)C(=O)C(c1ccccc1)c1ccccc1,A375,[3*]O[3*],0.024947475641965866,0.02926352247595787,-0.004316046833992004
OC(COc1cccc2ncccc12)CN1CCN(CC1)C(=O)C(c1ccccc1)c1ccccc1,A375,[1*]C(=O)C([8*])[8*],0.024947475641965866,0.027069982141256332,-0.0021225064992904663
CC(N)C(=O)OC(C)(C)Cc1ccc(Cl)cc1,A375,[4*]C(C)(C)C[8*],0.024588651955127716,0.024401482194662094,0.00018716976046562195
CC(N)C(=O)OC(C)(C)Cc1ccc(Cl)cc1,A375,[3*]O[3*],0.024588651955127716,0.029247475787997246,-0.00465882383286953
CC(N)C(=O)OC(C)(C)Cc1ccc(Cl)cc1,A375,[1*]C(=O)C(C)N,0.024588651955127716,0.0290005374699831,-0.004411885514855385
CC(N)C(=O)OC(C)(C)Cc1ccc(Cl)cc1,A375,[16*]c1ccc(Cl)cc1,0.024588651955127716,0.019265830516815186,0.0053228214383125305
CCN(CC)C(=O)C1(CC1CN)c1ccccc1,A375,[16*]c1ccccc1,0.01870594546198845,0.03142079710960388,-0.012714851647615433
CCN(CC)C(=O)C1(CC1CN)c1ccccc1,A375,[5*]N([5*])[5*],0.01870594546198845,0.03015381470322609,-0.01144786924123764
CCN(CC)C(=O)C1(CC1CN)c1ccccc1,A375,[1*]C([6*])=O,0.01870594546198845,0.032331086695194244,-0.013625141233205795
CCN(CC)C(=O)C1(CC1CN)c1ccccc1,A375,[4*]CC,0.01870594546198845,0.03510819748044014,-0.01640225201845169
CCN(CC)C(=O)C1(CC1CN)c1ccccc1,A375,[15*]C1CC1([15*])[15*],0.01870594546198845,0.03401363641023636,-0.01530769094824791
CCN(CC)C(=O)C1(CC1CN)c1ccccc1,A375,[8*]CN,0.01870594546198845,0.03537249565124512,-0.016666550189256668
CC(=O)OCC(=O)[C@@]12OC(C)(C)O[C@@H]1CC1C3C[C@H](F)C4=CC(=O)C=C[C@]4(C)[C@@]3(F)[C@@H](O)C[C@]21C,A375,[4*]CC([6*])=O,0.020051807165145874,0.01960679329931736,0.0004450138658285141
CC(=O)OCC(=O)[C@@]12OC(C)(C)O[C@@H]1CC1C3C[C@H](F)C4=CC(=O)C=C[C@]4(C)[C@@]3(F)[C@@H](O)C[C@]21C,A375,[13*][C@@]12OC(C)(C)O[C@@H]1CC1C3C[C@H](F)C4=CC(=O)C=C[C@]4(C)[C@@]3(F)[C@@H](O)C[C@@]12C,0.020051807165145874,0.018808118999004364,0.00124368816614151
CC(=O)OCC(=O)[C@@]12OC(C)(C)O[C@@H]1CC1C3C[C@H](F)C4=CC(=O)C=C[C@]4(C)[C@@]3(F)[C@@H](O)C[C@]21C,A375,[3*]O[3*],0.020051807165145874,0.022756382822990417,-0.0027045756578445435
CC(=O)OCC(=O)[C@@]12OC(C)(C)O[C@@H]1CC1C3C[C@H](F)C4=CC(=O)C=C[C@]4(C)[C@@]3(F)[C@@H](O)C[C@]21C,A375,[15*][C@@]12OC(C)(C)O[C@@H]1CC1C3C[C@H](F)C4=CC(=O)C=C[C@]4(C)[C@@]3(F)[C@@H](O)C[C@@]12C,0.020051807165145874,0.023724738508462906,-0.003672931343317032
CC(=O)OCC(=O)[C@@]12OC(C)(C)O[C@@H]1CC1C3C[C@H](F)C4=CC(=O)C=C[C@]4(C)[C@@]3(F)[C@@H](O)C[C@]21C,A375,[1*]C(C)=O,0.020051807165145874,0.023833591490983963,-0.003781784325838089
OC(CCCN1CCN(CC1)c1ncc(F)cn1)c1ccc(F)cc1,A375,[16*]c1ccc(F)cc1,0.027959652245044708,0.02365719899535179,0.004302453249692917
OC(CCCN1CCN(CC1)c1ncc(F)cn1)c1ccc(F)cc1,A375,[14*]c1ncc(F)cn1,0.027959652245044708,0.022283930331468582,0.005675721913576126
OC(CCCN1CCN(CC1)c1ncc(F)cn1)c1ccc(F)cc1,A375,[4*]CCCC([8*])O,0.027959652245044708,0.017106058076024055,0.010853594169020653
OC(CCCN1CCN(CC1)c1ncc(F)cn1)c1ccc(F)cc1,A375,[5*]N1CCN([5*])CC1,0.027959652245044708,0.01983606442809105,0.008123587816953659
OC(=O)C(Cc1cc(=O)[nH]c2ccccc12)NC(=O)c1ccc(Cl)cc1,A375,[16*]c1ccc(Cl)cc1,0.02735137566924095,0.02358025684952736,0.0037711188197135925
OC(=O)C(Cc1cc(=O)[nH]c2ccccc12)NC(=O)c1ccc(Cl)cc1,A375,[16*]c1cc(=O)[nH]c2ccccc12,0.02735137566924095,0.0253448523581028,0.002006523311138153
OC(=O)C(Cc1cc(=O)[nH]c2ccccc12)NC(=O)c1ccc(Cl)cc1,A375,[1*]C([6*])=O,0.02735137566924095,0.027311313897371292,4.0061771869659424e-05
OC(=O)C(Cc1cc(=O)[nH]c2ccccc12)NC(=O)c1ccc(Cl)cc1,A375,[4*]C(C[8*])C(=O)O,0.02735137566924095,0.027603596448898315,-0.0002522207796573639
OC(=O)C(Cc1cc(=O)[nH]c2ccccc12)NC(=O)c1ccc(Cl)cc1,A375,[5*]N[5*],0.02735137566924095,0.029010925441980362,-0.0016595497727394104
CCCC(=O)Nc1ncnc2n(cnc12)C1O[C@@H]2COP(O)(=O)O[C@H]2[C@H]1OC(=O)CCC,A375,[13*]C1O[C@@H]2COP(=O)(O)O[C@H]2[C@H]1[15*],0.02431769296526909,0.023443371057510376,0.0008743219077587128
CCCC(=O)Nc1ncnc2n(cnc12)C1O[C@@H]2COP(O)(=O)O[C@H]2[C@H]1OC(=O)CCC,A375,[1*]C(=O)CCC,0.02431769296526909,0.02881709113717079,-0.004499398171901703
CCCC(=O)Nc1ncnc2n(cnc12)C1O[C@@H]2COP(O)(=O)O[C@H]2[C@H]1OC(=O)CCC,A375,[3*]O[3*],0.02431769296526909,0.02917145937681198,-0.0048537664115428925
CCCC(=O)Nc1ncnc2n(cnc12)C1O[C@@H]2COP(O)(=O)O[C@H]2[C@H]1OC(=O)CCC,A375,[5*]N[5*],0.02431769296526909,0.026387624442577362,-0.0020699314773082733
CCCC(=O)Nc1ncnc2n(cnc12)C1O[C@@H]2COP(O)(=O)O[C@H]2[C@H]1OC(=O)CCC,A375,[9*]n1cnc2c([14*])ncnc21,0.02431769296526909,0.02548694983124733,-0.001169256865978241
CCC(C(O)=O)c1ccc(cc1)N1Cc2ccccc2C1=O,A375,[8*]C(CC)C(=O)O,0.02187678962945938,0.022113628685474396,-0.00023683905601501465
CCC(C(O)=O)c1ccc(cc1)N1Cc2ccccc2C1=O,A375,[10*]N1Cc2ccccc2C1=O,0.02187678962945938,0.02856089547276497,-0.006684105843305588
CCC(C(O)=O)c1ccc(cc1)N1Cc2ccccc2C1=O,A375,[16*]c1ccc([16*])cc1,0.02187678962945938,0.027531929314136505,-0.005655139684677124
OC(=O)CCCCC1CCSS1,A375,[13*]C1CCSS1,0.02133968286216259,0.03869522362947464,-0.01735554076731205
OC(=O)CCCCC1CCSS1,A375,[8*]CCCCC(=O)O,0.02133968286216259,0.011523835361003876,0.009815847501158714
COC1CC(C)CC2=C(OC)C(=O)C=C(NC(=O)\C(C)=C\C=C\C(OC)C(OC(N)=O)\C(C)=C\C(C)C1O)C2=O,A375,[15*]C1/C=C/C=C(\C)C(=O)NC2=CC(=O)C(OC)=C(CC(C)CC([15*])C(O)C(C)/C=C(\C)C1[15*])C2=O,0.025771737098693848,0.01596147194504738,0.009810265153646469
COC1CC(C)CC2=C(OC)C(=O)C=C(NC(=O)\C(C)=C\C=C\C(OC)C(OC(N)=O)\C(C)=C\C(C)C1O)C2=O,A375,[3*]O[3*],0.025771737098693848,0.028239570558071136,-0.002467833459377289
COC1CC(C)CC2=C(OC)C(=O)C=C(NC(=O)\C(C)=C\C=C\C(OC)C(OC(N)=O)\C(C)=C\C(C)C1O)C2=O,A375,[1*]C(N)=O,0.025771737098693848,0.025535285472869873,0.0002364516258239746
COC1CC(C)CC2=C(OC)C(=O)C=C(NC(=O)\C(C)=C\C=C\C(OC)C(OC(N)=O)\C(C)=C\C(C)C1O)C2=O,A375,[3*]OC,0.025771737098693848,0.026258185505867004,-0.00048644840717315674
CC1CC2OC2\C=C\C=C\C(=O)Cc2c(Cl)c(O)cc(O)c2C(=O)O1,A375,CC1CC2OC2/C=C/C=C/C(=O)Cc2c(Cl)c(O)cc(O)c2C(=O)O1,0.031135201454162598,0.035396914929151535,-0.004261713474988937
CC(N)C1CCC(CC1)C(=O)Nc2ccncc2,A375,[16*]c1ccncc1,0.024838436394929886,0.02684599533677101,-0.0020075589418411255
CC(N)C1CCC(CC1)C(=O)Nc2ccncc2,A375,[15*]C1CCC([15*])CC1,0.024838436394929886,0.032735615968704224,-0.007897179573774338
CC(N)C1CCC(CC1)C(=O)Nc2ccncc2,A375,[8*]C(C)N,0.024838436394929886,0.028725165873765945,-0.0038867294788360596
CC(N)C1CCC(CC1)C(=O)Nc2ccncc2,A375,[1*]C([6*])=O,0.024838436394929886,0.033900223672389984,-0.009061787277460098
CC(N)C1CCC(CC1)C(=O)Nc2ccncc2,A375,[5*]N[5*],0.024838436394929886,0.030210033059120178,-0.005371596664190292
COC1CC(C)CC2=C(NCC=C)C(=O)C=C(NC(=O)\C(C)=C\C=C\C(OC)C(OC(N)=O)\C(C)=C\C(C)C1O)C2=O,A375,[1*]C(N)=O,0.025671876966953278,0.02617158368229866,-0.0004997067153453827
COC1CC(C)CC2=C(NCC=C)C(=O)C=C(NC(=O)\C(C)=C\C=C\C(OC)C(OC(N)=O)\C(C)=C\C(C)C1O)C2=O,A375,[5*]NC1=C2CC(C)CC([15*])C(O)C(C)/C=C(\C)C([15*])C([15*])/C=C/C=C(\C)C(=O)NC(=CC1=O)C2=O,0.025671876966953278,0.016091277822852135,0.009580599144101143
COC1CC(C)CC2=C(NCC=C)C(=O)C=C(NC(=O)\C(C)=C\C=C\C(OC)C(OC(N)=O)\C(C)=C\C(C)C1O)C2=O,A375,[3*]O[3*],0.025671876966953278,0.027072317898273468,-0.0014004409313201904
COC1CC(C)CC2=C(NCC=C)C(=O)C=C(NC(=O)\C(C)=C\C=C\C(OC)C(OC(N)=O)\C(C)=C\C(C)C1O)C2=O,A375,[4*]CC=C,0.025671876966953278,0.02717653289437294,-0.0015046559274196625
COC1CC(C)CC2=C(NCC=C)C(=O)C=C(NC(=O)\C(C)=C\C=C\C(OC)C(OC(N)=O)\C(C)=C\C(C)C1O)C2=O,A375,[3*]OC,0.025671876966953278,0.026454679667949677,-0.0007828027009963989
COC1CC(CC(C)C2CC(=O)C(C)\C=C(C)\C(O)C(OC)C(=O)C(C)CC(C)\C=C\C=C\C=C(C)\C(CC3CCC(C)C(O)(O3)C(=O)C(=O)N3CCCCC3C(=O)O2)OC)CCC1O,A375,[8*]CC([8*])C,0.021776702255010605,0.029556117951869965,-0.00777941569685936
COC1CC(CC(C)C2CC(=O)C(C)\C=C(C)\C(O)C(OC)C(=O)C(C)CC(C)\C=C\C=C\C=C(C)\C(CC3CCC(C)C(O)(O3)C(=O)C(=O)N3CCCCC3C(=O)O2)OC)CCC1O,A375,[13*]C1CC(=O)C(C)/C=C(\C)C(O)C([15*])C(=O)C(C)CC(C)/C=C/C=C/C=C(\C)C([15*])CC2CCC(C)C(O)(O2)C(=O)C(=O)N2CCCCC2C(=O)O1,0.021776702255010605,0.02685830369591713,-0.005081601440906525
COC1CC(CC(C)C2CC(=O)C(C)\C=C(C)\C(O)C(OC)C(=O)C(C)CC(C)\C=C\C=C\C=C(C)\C(CC3CCC(C)C(O)(O3)C(=O)C(=O)N3CCCCC3C(=O)O2)OC)CCC1O,A375,[15*]C1CCC(O)C([15*])C1,0.021776702255010605,0.02948712185025215,-0.007710419595241547
COC1CC(CC(C)C2CC(=O)C(C)\C=C(C)\C(O)C(OC)C(=O)C(C)CC(C)\C=C\C=C\C=C(C)\C(CC3CCC(C)C(O)(O3)C(=O)C(=O)N3CCCCC3C(=O)O2)OC)CCC1O,A375,[3*]OC,0.021776702255010605,0.02795661985874176,-0.006179917603731155
Fc1ccc(Cc2n[nH]c(=O)c3ccccc23)cc1C(=O)N1CCN(CC1)C(=O)C1CC1,A375,[14*]c1n[nH]c(=O)c2ccccc12,0.029158735647797585,0.028091400861740112,0.0010673347860574722
Fc1ccc(Cc2n[nH]c(=O)c3ccccc23)cc1C(=O)N1CCN(CC1)C(=O)C1CC1,A375,[16*]c1ccc(F)c([16*])c1,0.029158735647797585,0.024287957698106766,0.004870777949690819
Fc1ccc(Cc2n[nH]c(=O)c3ccccc23)cc1C(=O)N1CCN(CC1)C(=O)C1CC1,A375,[5*]N1CCN([5*])CC1,0.029158735647797585,0.024481508880853653,0.004677226766943932
Fc1ccc(Cc2n[nH]c(=O)c3ccccc23)cc1C(=O)N1CCN(CC1)C(=O)C1CC1,A375,[1*]C([6*])=O,0.029158735647797585,0.024089839309453964,0.00506889633834362
Fc1ccc(Cc2n[nH]c(=O)c3ccccc23)cc1C(=O)N1CCN(CC1)C(=O)C1CC1,A375,[8*]C[8*],0.029158735647797585,0.02413906902074814,0.005019666627049446
Fc1ccc(Cc2n[nH]c(=O)c3ccccc23)cc1C(=O)N1CCN(CC1)C(=O)C1CC1,A375,[15*]C1CC1,0.029158735647797585,0.025028347969055176,0.004130387678742409
Cn1cc(cn1)-c1ccc2nnc(n2n1)C(F)(F)c1ccc2ncccc2c1,A375,[14*]c1ccc2nnc([14*])n2n1,0.024769283831119537,0.014405887573957443,0.010363396257162094
Cn1cc(cn1)-c1ccc2nnc(n2n1)C(F)(F)c1ccc2ncccc2c1,A375,[16*]c1ccc2ncccc2c1,0.024769283831119537,0.02413279004395008,0.0006364937871694565
Cn1cc(cn1)-c1ccc2nnc(n2n1)C(F)(F)c1ccc2ncccc2c1,A375,[8*]C([8*])(F)F,0.024769283831119537,0.023489831015467644,0.0012794528156518936
Cn1cc(cn1)-c1ccc2nnc(n2n1)C(F)(F)c1ccc2ncccc2c1,A375,[16*]c1cnn(C)c1,0.024769283831119537,0.024951107800006866,-0.0001818239688873291
O=C1NC(=O)\C(S1)=C/c1ccc2nccc(-c3ccncc3)c2c1,A375,[7*]C1SC(=O)NC1=O,0.034194495528936386,0.02337544783949852,0.010819047689437866
O=C1NC(=O)\C(S1)=C/c1ccc2nccc(-c3ccncc3)c2c1,A375,[16*]c1ccc2nccc([16*])c2c1,0.034194495528936386,0.02503383904695511,0.009160656481981277
O=C1NC(=O)\C(S1)=C/c1ccc2nccc(-c3ccncc3)c2c1,A375,[7*]C[8*],0.034194495528936386,0.02803092822432518,0.006163567304611206
O=C1NC(=O)\C(S1)=C/c1ccc2nccc(-c3ccncc3)c2c1,A375,[16*]c1ccncc1,0.034194495528936386,0.02441808395087719,0.009776411578059196
COc1cc2c(Oc3ccc(NC(=O)C4(CC4)C(=O)Nc4ccc(F)cc4)cc3F)ccnc2cc1OCCCN1CCOCC1,A375,[15*]C1([15*])CC1,0.027145618572831154,0.02803194150328636,-0.0008863229304552078
COc1cc2c(Oc3ccc(NC(=O)C4(CC4)C(=O)Nc4ccc(F)cc4)cc3F)ccnc2cc1OCCCN1CCOCC1,A375,[4*]CCC[4*],0.027145618572831154,0.02512815222144127,0.002017466351389885
COc1cc2c(Oc3ccc(NC(=O)C4(CC4)C(=O)Nc4ccc(F)cc4)cc3F)ccnc2cc1OCCCN1CCOCC1,A375,[5*]N1CCOCC1,0.027145618572831154,0.026913557201623917,0.00023206137120723724
COc1cc2c(Oc3ccc(NC(=O)C4(CC4)C(=O)Nc4ccc(F)cc4)cc3F)ccnc2cc1OCCCN1CCOCC1,A375,[1*]C([6*])=O,0.027145618572831154,0.025043778121471405,0.002101840451359749
COc1cc2c(Oc3ccc(NC(=O)C4(CC4)C(=O)Nc4ccc(F)cc4)cc3F)ccnc2cc1OCCCN1CCOCC1,A375,[3*]O[3*],0.027145618572831154,0.026523437350988388,0.0006221812218427658
COc1cc2c(Oc3ccc(NC(=O)C4(CC4)C(=O)Nc4ccc(F)cc4)cc3F)ccnc2cc1OCCCN1CCOCC1,A375,[5*]N[5*],0.027145618572831154,0.0249786339700222,0.0021669846028089523
COc1cc2c(Oc3ccc(NC(=O)C4(CC4)C(=O)Nc4ccc(F)cc4)cc3F)ccnc2cc1OCCCN1CCOCC1,A375,[16*]c1ccc(F)cc1,0.027145618572831154,0.029446065425872803,-0.002300446853041649
COc1cc2c(Oc3ccc(NC(=O)C4(CC4)C(=O)Nc4ccc(F)cc4)cc3F)ccnc2cc1OCCCN1CCOCC1,A375,[16*]c1cc2nccc([16*])c2cc1[16*],0.027145618572831154,0.030139580368995667,-0.0029939617961645126
COc1cc2c(Oc3ccc(NC(=O)C4(CC4)C(=O)Nc4ccc(F)cc4)cc3F)ccnc2cc1OCCCN1CCOCC1,A375,[16*]c1ccc([16*])c(F)c1,0.027145618572831154,0.028684183955192566,-0.001538565382361412
COc1cc2c(Oc3ccc(NC(=O)C4(CC4)C(=O)Nc4ccc(F)cc4)cc3F)ccnc2cc1OCCCN1CCOCC1,A375,[3*]OC,0.027145618572831154,0.027434952557086945,-0.0002893339842557907
O=c1[nH]c2ccccc2n1C3CCN(Cc4ccc(cc4)c5nc6cc7[nH]cnc7cc6nc5c8ccccc8)CC3,A375,[5*]N1CCC([15*])CC1,0.020374272018671036,0.029520880430936813,-0.009146608412265778
O=c1[nH]c2ccccc2n1C3CCN(Cc4ccc(cc4)c5nc6cc7[nH]cnc7cc6nc5c8ccccc8)CC3,A375,[16*]c1ccccc1,0.020374272018671036,0.028792958706617355,-0.00841868668794632
O=c1[nH]c2ccccc2n1C3CCN(Cc4ccc(cc4)c5nc6cc7[nH]cnc7cc6nc5c8ccccc8)CC3,A375,[4*]C[8*],0.020374272018671036,0.029232561588287354,-0.008858289569616318
O=c1[nH]c2ccccc2n1C3CCN(Cc4ccc(cc4)c5nc6cc7[nH]cnc7cc6nc5c8ccccc8)CC3,A375,[9*]n1c(=O)[nH]c2ccccc21,0.020374272018671036,0.027805086225271225,-0.007430814206600189
O=c1[nH]c2ccccc2n1C3CCN(Cc4ccc(cc4)c5nc6cc7[nH]cnc7cc6nc5c8ccccc8)CC3,A375,[16*]c1ccc([16*])cc1,0.020374272018671036,0.029374614357948303,-0.009000342339277267
O=c1[nH]c2ccccc2n1C3CCN(Cc4ccc(cc4)c5nc6cc7[nH]cnc7cc6nc5c8ccccc8)CC3,A375,[14*]c1nc2cc3nc[nH]c3cc2nc1[14*],0.020374272018671036,0.030449841171503067,-0.010075569152832031
Fc1ccc(C(=O)NOCC2CC2)c(Nc2ccc(I)cc2Cl)c1F,A375,[3*]ONC([6*])=O,0.03328288719058037,0.027528755366802216,0.0057541318237781525
Fc1ccc(C(=O)NOCC2CC2)c(Nc2ccc(I)cc2Cl)c1F,A375,[16*]c1ccc(F)c(F)c1[16*],0.03328288719058037,0.029397830367088318,0.00388505682349205
Fc1ccc(C(=O)NOCC2CC2)c(Nc2ccc(I)cc2Cl)c1F,A375,[16*]c1ccc(I)cc1Cl,0.03328288719058037,0.026334350928664207,0.006948536261916161
Fc1ccc(C(=O)NOCC2CC2)c(Nc2ccc(I)cc2Cl)c1F,A375,[4*]C[8*],0.03328288719058037,0.02661888673901558,0.006664000451564789
Fc1ccc(C(=O)NOCC2CC2)c(Nc2ccc(I)cc2Cl)c1F,A375,[5*]N[5*],0.03328288719058037,0.0271927397698164,0.006090147420763969
Fc1ccc(C(=O)NOCC2CC2)c(Nc2ccc(I)cc2Cl)c1F,A375,[15*]C1CC1,0.03328288719058037,0.02813020721077919,0.005152679979801178
Cc1ccc(NC(=O)c2cccc(c2)C(C)(C)C#N)cc1Nc1ccc2ncn(C)c(=O)c2c1,A375,[8*]C(C)(C)C#N,0.03633815795183182,0.025796320289373398,0.01054183766245842
Cc1ccc(NC(=O)c2cccc(c2)C(C)(C)C#N)cc1Nc1ccc2ncn(C)c(=O)c2c1,A375,[16*]c1ccc(C)c([16*])c1,0.03633815795183182,0.0324336476624012,0.0039045102894306183
Cc1ccc(NC(=O)c2cccc(c2)C(C)(C)C#N)cc1Nc1ccc2ncn(C)c(=O)c2c1,A375,[1*]C([6*])=O,0.03633815795183182,0.03163394704461098,0.0047042109072208405
Cc1ccc(NC(=O)c2cccc(c2)C(C)(C)C#N)cc1Nc1ccc2ncn(C)c(=O)c2c1,A375,[16*]c1ccc2ncn(C)c(=O)c2c1,0.03633815795183182,0.03218889981508255,0.004149258136749268
Cc1ccc(NC(=O)c2cccc(c2)C(C)(C)C#N)cc1Nc1ccc2ncn(C)c(=O)c2c1,A375,[5*]N[5*],0.03633815795183182,0.02835432067513466,0.007983837276697159
Cc1ccc(NC(=O)c2cccc(c2)C(C)(C)C#N)cc1Nc1ccc2ncn(C)c(=O)c2c1,A375,[16*]c1cccc([16*])c1,0.03633815795183182,0.027819516137242317,0.0085186418145895
CC[C@H](CO)Nc1nc(NCc2ccccc2)c2ncn(C(C)C)c2n1,A375,[8*]C(C)C,0.03121468424797058,0.02932364121079445,0.0018910430371761322
CC[C@H](CO)Nc1nc(NCc2ccccc2)c2ncn(C(C)C)c2n1,A375,[16*]c1ccccc1,0.03121468424797058,0.032026417553424835,-0.0008117333054542542
CC[C@H](CO)Nc1nc(NCc2ccccc2)c2ncn(C(C)C)c2n1,A375,[4*]C[8*],0.03121468424797058,0.03264996036887169,-0.0014352761209011078
CC[C@H](CO)Nc1nc(NCc2ccccc2)c2ncn(C(C)C)c2n1,A375,[4*][C@H](CC)CO,0.03121468424797058,0.030920229852199554,0.0002944543957710266
CC[C@H](CO)Nc1nc(NCc2ccccc2)c2ncn(C(C)C)c2n1,A375,[9*]n1cnc2c([14*])nc([14*])nc21,0.03121468424797058,0.03241036459803581,-0.0011956803500652313
CC[C@H](CO)Nc1nc(NCc2ccccc2)c2ncn(C(C)C)c2n1,A375,[5*]N[5*],0.03121468424797058,0.03399983048439026,-0.0027851462364196777
CCNC(=O)C[C@@H]1N=C(c2ccc(Cl)cc2)c2cc(OC)ccc2-n2c(C)nnc12,A375,[1*]C(=O)C[C@@H]1N=C(c2ccc(Cl)cc2)c2cc([16*])ccc2-n2c(C)nnc21,0.030699247494339943,0.029361968860030174,0.0013372786343097687
CCNC(=O)C[C@@H]1N=C(c2ccc(Cl)cc2)c2cc(OC)ccc2-n2c(C)nnc12,A375,[4*]CC,0.030699247494339943,0.025943197309970856,0.004756050184369087
CCNC(=O)C[C@@H]1N=C(c2ccc(Cl)cc2)c2cc(OC)ccc2-n2c(C)nnc12,A375,[5*]N[5*],0.030699247494339943,0.026100007817149162,0.004599239677190781
CCNC(=O)C[C@@H]1N=C(c2ccc(Cl)cc2)c2cc(OC)ccc2-n2c(C)nnc12,A375,[3*]OC,0.030699247494339943,0.024675440043210983,0.00602380745112896
CCOc1cc2ncc(C#N)c(Nc3ccc(F)c(Cl)c3)c2cc1NC(=O)\C=C\CN(C)C,A375,[4*]CC[7*],0.02793307974934578,0.029660802334547043,-0.0017277225852012634
CCOc1cc2ncc(C#N)c(Nc3ccc(F)c(Cl)c3)c2cc1NC(=O)\C=C\CN(C)C,A375,[3*]O[3*],0.02793307974934578,0.031119197607040405,-0.003186117857694626
CCOc1cc2ncc(C#N)c(Nc3ccc(F)c(Cl)c3)c2cc1NC(=O)\C=C\CN(C)C,A375,[5*]N(C)C,0.02793307974934578,0.028769083321094513,-0.0008360035717487335
CCOc1cc2ncc(C#N)c(Nc3ccc(F)c(Cl)c3)c2cc1NC(=O)\C=C\CN(C)C,A375,[5*]N[5*],0.02793307974934578,0.02841133251786232,-0.00047825276851654053
CCOc1cc2ncc(C#N)c(Nc3ccc(F)c(Cl)c3)c2cc1NC(=O)\C=C\CN(C)C,A375,[16*]c1ccc(F)c(Cl)c1,0.02793307974934578,0.028889495879411697,-0.000956416130065918
CCOc1cc2ncc(C#N)c(Nc3ccc(F)c(Cl)c3)c2cc1NC(=O)\C=C\CN(C)C,A375,[1*]C(=O)C[7*],0.02793307974934578,0.026640307158231735,0.0012927725911140442
CCOc1cc2ncc(C#N)c(Nc3ccc(F)c(Cl)c3)c2cc1NC(=O)\C=C\CN(C)C,A375,[4*]CC,0.02793307974934578,0.026638124138116837,0.0012949556112289429
CCOc1cc2ncc(C#N)c(Nc3ccc(F)c(Cl)c3)c2cc1NC(=O)\C=C\CN(C)C,A375,[16*]c1cc2ncc(C#N)c([16*])c2cc1[16*],0.02793307974934578,0.03115542232990265,-0.0032223425805568695
NC(=O)c1ccc(cc1)-c1nc(c([nH]1)-c1ccccn1)-c1ccc2OCCOc2c1,A375,[14*]c1ccccn1,0.021354952827095985,0.026337217539548874,-0.0049822647124528885
NC(=O)c1ccc(cc1)-c1nc(c([nH]1)-c1ccccn1)-c1ccc2OCCOc2c1,A375,[14*]c1nc([14*])c([14*])[nH]1,0.021354952827095985,0.029352720826864243,-0.007997767999768257
NC(=O)c1ccc(cc1)-c1nc(c([nH]1)-c1ccccn1)-c1ccc2OCCOc2c1,A375,[6*]C(N)=O,0.021354952827095985,0.022355955094099045,-0.0010010022670030594
NC(=O)c1ccc(cc1)-c1nc(c([nH]1)-c1ccccn1)-c1ccc2OCCOc2c1,A375,[16*]c1ccc([16*])cc1,0.021354952827095985,0.0309019535779953,-0.009547000750899315
NC(=O)c1ccc(cc1)-c1nc(c([nH]1)-c1ccccn1)-c1ccc2OCCOc2c1,A375,[16*]c1ccc2c(c1)OCCO2,0.021354952827095985,0.030992962419986725,-0.00963800959289074
CC(C)(C)c1nc(c(s1)-c1ccnc(N)n1)-c1cccc(NS(=O)(=O)c2c(F)cccc2F)c1F,A375,[8*]C(C)(C)C,0.026828359812498093,0.025834426283836365,0.000993933528661728
CC(C)(C)c1nc(c(s1)-c1ccnc(N)n1)-c1cccc(NS(=O)(=O)c2c(F)cccc2F)c1F,A375,[14*]c1ccnc(N)n1,0.026828359812498093,0.029294755309820175,-0.0024663954973220825
CC(C)(C)c1nc(c(s1)-c1ccnc(N)n1)-c1cccc(NS(=O)(=O)c2c(F)cccc2F)c1F,A375,[12*]S(=O)(=O)c1c(F)cccc1F,0.026828359812498093,0.03409469872713089,-0.007266338914632797
CC(C)(C)c1nc(c(s1)-c1ccnc(N)n1)-c1cccc(NS(=O)(=O)c2c(F)cccc2F)c1F,A375,[16*]c1cccc([16*])c1F,0.026828359812498093,0.030184775590896606,-0.003356415778398514
CC(C)(C)c1nc(c(s1)-c1ccnc(N)n1)-c1cccc(NS(=O)(=O)c2c(F)cccc2F)c1F,A375,[5*]N[5*],0.026828359812498093,0.024801284074783325,0.0020270757377147675
CC(C)(C)c1nc(c(s1)-c1ccnc(N)n1)-c1cccc(NS(=O)(=O)c2c(F)cccc2F)c1F,A375,[14*]c1nc([14*])c([14*])s1,0.026828359812498093,0.025597166270017624,0.0012311935424804688
NC(=O)c1ccc(I)c(c1)[N+]([O-])=O,A375,[6*]C(N)=O,0.019477298483252525,0.01625318080186844,0.0032241176813840866
NC(=O)c1ccc(I)c(c1)[N+]([O-])=O,A375,[16*]c1ccc(I)c([N+](=O)[O-])c1,0.019477298483252525,0.03882253170013428,-0.019345233216881752
CCc1cc2C(=O)c3c([nH]c4cc(ccc34)C#N)C(C)(C)c2cc1N1CCC(CC1)N1CCOCC1,A375,[5*]N1CCOCC1,0.02304421365261078,0.026104483753442764,-0.0030602701008319855
CCc1cc2C(=O)c3c([nH]c4cc(ccc34)C#N)C(C)(C)c2cc1N1CCC(CC1)N1CCOCC1,A375,[5*]N1CCC([15*])CC1,0.02304421365261078,0.027709998190402985,-0.004665784537792206
CCc1cc2C(=O)c3c([nH]c4cc(ccc34)C#N)C(C)(C)c2cc1N1CCC(CC1)N1CCOCC1,A375,[8*]CC,0.02304421365261078,0.029071584343910217,-0.0060273706912994385
CCc1cc2C(=O)c3c([nH]c4cc(ccc34)C#N)C(C)(C)c2cc1N1CCC(CC1)N1CCOCC1,A375,[16*]c1cc2c(cc1[16*])C(C)(C)c1[nH]c3cc(C#N)ccc3c1C2=O,0.02304421365261078,0.030213527381420135,-0.007169313728809357
Cn1c2cnc3ccc(cc3c2n(-c2ccc(cc2)C(C)(C)C#N)c1=O)-c1cnc2ccccc2c1,A375,[16*]c1cnc2ccccc2c1,0.01764715276658535,0.029238365590572357,-0.011591212823987007
Cn1c2cnc3ccc(cc3c2n(-c2ccc(cc2)C(C)(C)C#N)c1=O)-c1cnc2ccccc2c1,A375,[9*]n1c(=O)n(C)c2cnc3ccc([16*])cc3c21,0.01764715276658535,0.02514585480093956,-0.00749870203435421
Cn1c2cnc3ccc(cc3c2n(-c2ccc(cc2)C(C)(C)C#N)c1=O)-c1cnc2ccccc2c1,A375,[16*]c1ccc([16*])cc1,0.01764715276658535,0.02241489663720131,-0.004767743870615959
Cn1c2cnc3ccc(cc3c2n(-c2ccc(cc2)C(C)(C)C#N)c1=O)-c1cnc2ccccc2c1,A375,[8*]C(C)(C)C#N,0.01764715276658535,0.024437595158815384,-0.006790442392230034
CN1CCCN(CC1)c1ccc2c(n1)n1c3ccccc3sc1c(C(=O)NCc1cnc(C)cn1)c2=O,A375,[14*]c1cnc(C)cn1,0.025603946298360825,0.029579464346170425,-0.003975518047809601
CN1CCCN(CC1)c1ccc2c(n1)n1c3ccccc3sc1c(C(=O)NCc1cnc(C)cn1)c2=O,A375,[4*]C[8*],0.025603946298360825,0.027268126606941223,-0.0016641803085803986
CN1CCCN(CC1)c1ccc2c(n1)n1c3ccccc3sc1c(C(=O)NCc1cnc(C)cn1)c2=O,A375,[1*]C([6*])=O,0.025603946298360825,0.026058465242385864,-0.00045451894402503967
CN1CCCN(CC1)c1ccc2c(n1)n1c3ccccc3sc1c(C(=O)NCc1cnc(C)cn1)c2=O,A375,[5*]N1CCCN(C)CC1,0.025603946298360825,0.027666345238685608,-0.0020623989403247833
CN1CCCN(CC1)c1ccc2c(n1)n1c3ccccc3sc1c(C(=O)NCc1cnc(C)cn1)c2=O,A375,[5*]N[5*],0.025603946298360825,0.026437144726514816,-0.0008331984281539917
CN1CCCN(CC1)c1ccc2c(n1)n1c3ccccc3sc1c(C(=O)NCc1cnc(C)cn1)c2=O,A375,[14*]c1ccc2c(=O)c([16*])c3sc4ccccc4n3c2n1,0.025603946298360825,0.03001585602760315,-0.004411909729242325
Clc1cccc(Cl)c1C(=O)Nc1c[nH]nc1C(=O)NC1CCNCC1,A375,[16*]c1c(Cl)cccc1Cl,0.03493433818221092,0.029705721884965897,0.005228616297245026
Clc1cccc(Cl)c1C(=O)Nc1c[nH]nc1C(=O)NC1CCNCC1,A375,[1*]C([6*])=O,0.03493433818221092,0.026294132694602013,0.00864020548760891
Clc1cccc(Cl)c1C(=O)Nc1c[nH]nc1C(=O)NC1CCNCC1,A375,[15*]C1CCNCC1,0.03493433818221092,0.030604295432567596,0.004330042749643326
Clc1cccc(Cl)c1C(=O)Nc1c[nH]nc1C(=O)NC1CCNCC1,A375,[14*]c1n[nH]cc1[16*],0.03493433818221092,0.03097815439105034,0.0039561837911605835
Clc1cccc(Cl)c1C(=O)Nc1c[nH]nc1C(=O)NC1CCNCC1,A375,[5*]N[5*],0.03493433818221092,0.030910208821296692,0.00402412936091423
CCc1cnn2c(NCc3ccc[n+]([O-])c3)cc(nc12)N1CCCC[C@H]1CCO,A375,[14*]c1cc([14*])n2ncc([16*])c2n1,0.014556316658854485,0.02562357485294342,-0.011067258194088936
CCc1cnn2c(NCc3ccc[n+]([O-])c3)cc(nc12)N1CCCC[C@H]1CCO,A375,[16*]c1ccc[n+]([O-])c1,0.014556316658854485,0.0292581245303154,-0.014701807871460915
CCc1cnn2c(NCc3ccc[n+]([O-])c3)cc(nc12)N1CCCC[C@H]1CCO,A375,[8*]CCO,0.014556316658854485,0.028793442994356155,-0.01423712633550167
CCc1cnn2c(NCc3ccc[n+]([O-])c3)cc(nc12)N1CCCC[C@H]1CCO,A375,[4*]C[8*],0.014556316658854485,0.027477752417325974,-0.012921435758471489
CCc1cnn2c(NCc3ccc[n+]([O-])c3)cc(nc12)N1CCCC[C@H]1CCO,A375,[5*]N1CCCC[C@H]1[13*],0.014556316658854485,0.02893787994980812,-0.014381563290953636
CCc1cnn2c(NCc3ccc[n+]([O-])c3)cc(nc12)N1CCCC[C@H]1CCO,A375,[5*]N[5*],0.014556316658854485,0.028957054018974304,-0.01440073736011982
CCc1cnn2c(NCc3ccc[n+]([O-])c3)cc(nc12)N1CCCC[C@H]1CCO,A375,[8*]CC,0.014556316658854485,0.03012256696820259,-0.015566250309348106
CNC(=O)c1cc(Oc2ccc(NC(=O)Nc3ccc(Cl)c(c3)C(F)(F)F)c(F)c2)ccn1,A375,[5*]NC,0.02962636761367321,0.030659757554531097,-0.0010333899408578873
CNC(=O)c1cc(Oc2ccc(NC(=O)Nc3ccc(Cl)c(c3)C(F)(F)F)c(F)c2)ccn1,A375,[8*]C(F)(F)F,0.02962636761367321,0.035066377371549606,-0.005440009757876396
CNC(=O)c1cc(Oc2ccc(NC(=O)Nc3ccc(Cl)c(c3)C(F)(F)F)c(F)c2)ccn1,A375,[1*]C([6*])=O,0.02962636761367321,0.035220105201005936,-0.0055937375873327255
CNC(=O)c1cc(Oc2ccc(NC(=O)Nc3ccc(Cl)c(c3)C(F)(F)F)c(F)c2)ccn1,A375,[14*]c1cc([16*])ccn1,0.02962636761367321,0.03283005580306053,-0.0032036881893873215
CNC(=O)c1cc(Oc2ccc(NC(=O)Nc3ccc(Cl)c(c3)C(F)(F)F)c(F)c2)ccn1,A375,[3*]O[3*],0.02962636761367321,0.034972548484802246,-0.005346180871129036
CNC(=O)c1cc(Oc2ccc(NC(=O)Nc3ccc(Cl)c(c3)C(F)(F)F)c(F)c2)ccn1,A375,[16*]c1ccc(Cl)c([16*])c1,0.02962636761367321,0.03698519989848137,-0.007358832284808159
CNC(=O)c1cc(Oc2ccc(NC(=O)Nc3ccc(Cl)c(c3)C(F)(F)F)c(F)c2)ccn1,A375,[5*]N[5*],0.02962636761367321,0.033637672662734985,-0.004011305049061775
CNC(=O)c1cc(Oc2ccc(NC(=O)Nc3ccc(Cl)c(c3)C(F)(F)F)c(F)c2)ccn1,A375,[16*]c1ccc([16*])c(F)c1,0.02962636761367321,0.034305717796087265,-0.004679350182414055
CNC(=O)c1cc(Oc2ccc(NC(=O)Nc3ccc(Cl)c(c3)C(F)(F)F)c(F)c2)ccn1,A375,[1*]C([1*])=O,0.02962636761367321,0.032732732594013214,-0.003106364980340004
CN1CCN(CC1)c1nc(C2=C(C(=O)NC2=O)c2c[nH]c3ccccc23)c2ccccc2n1,A375,[5*]N1CCN(C)CC1,0.021088166162371635,0.020724177360534668,0.00036398880183696747
CN1CCN(CC1)c1nc(C2=C(C(=O)NC2=O)c2c[nH]c3ccccc23)c2ccccc2n1,A375,[14*]c1nc(C2=C(c3c[nH]c4ccccc34)C(=O)NC2=O)c2ccccc2n1,0.021088166162371635,0.010663583874702454,0.010424582287669182
ONC(=O)\C=C\c1cccc(c1)S(=O)(=O)Nc1ccccc1,A375,[7*]C[8*],0.027358656749129295,0.027687247842550278,-0.00032859109342098236
ONC(=O)\C=C\c1cccc(c1)S(=O)(=O)Nc1ccccc1,A375,[16*]c1ccccc1,0.027358656749129295,0.029064275324344635,-0.0017056185752153397
ONC(=O)\C=C\c1cccc(c1)S(=O)(=O)Nc1ccccc1,A375,[12*]S(=O)(=O)c1cccc([16*])c1,0.027358656749129295,0.03130264952778816,-0.003943992778658867
ONC(=O)\C=C\c1cccc(c1)S(=O)(=O)Nc1ccccc1,A375,[5*]N[5*],0.027358656749129295,0.025792760774493217,0.0015658959746360779
ONC(=O)\C=C\c1cccc(c1)S(=O)(=O)Nc1ccccc1,A375,[7*]CC(=O)NO,0.027358656749129295,0.0274561308324337,-9.747408330440521e-05
Cn1cc(cn1)-c1ccc2nnc(Sc3ccc4ncccc4c3)n2n1,A375,[14*]c1ccc2nnc([14*])n2n1,0.0292731374502182,0.020120711997151375,0.009152425453066826
Cn1cc(cn1)-c1ccc2nnc(Sc3ccc4ncccc4c3)n2n1,A375,[16*]c1ccc2ncccc2c1,0.0292731374502182,0.028611905872821808,0.0006612315773963928
Cn1cc(cn1)-c1ccc2nnc(Sc3ccc4ncccc4c3)n2n1,A375,[11*]S[11*],0.0292731374502182,0.023489831015467644,0.005783306434750557
Cn1cc(cn1)-c1ccc2nnc(Sc3ccc4ncccc4c3)n2n1,A375,[16*]c1cnn(C)c1,0.0292731374502182,0.028407201170921326,0.000865936279296875
CN1CCN(CCOc2cc(OC3CCOCC3)c3c(Nc4c5OCOc5ccc4Cl)ncnc3c2)CC1,A375,[14*]c1ncnc2cc([16*])cc([16*])c12,0.02117852494120598,0.026808395981788635,-0.005629871040582657
CN1CCN(CCOc2cc(OC3CCOCC3)c3c(Nc4c5OCOc5ccc4Cl)ncnc3c2)CC1,A375,[15*]C1CCOCC1,0.02117852494120598,0.025406818836927414,-0.0042282938957214355
CN1CCN(CCOc2cc(OC3CCOCC3)c3c(Nc4c5OCOc5ccc4Cl)ncnc3c2)CC1,A375,[16*]c1c(Cl)ccc2c1OCO2,0.02117852494120598,0.026957683265209198,-0.00577915832400322
CN1CCN(CCOc2cc(OC3CCOCC3)c3c(Nc4c5OCOc5ccc4Cl)ncnc3c2)CC1,A375,[3*]O[3*],0.02117852494120598,0.027920208871364594,-0.006741683930158615
CN1CCN(CCOc2cc(OC3CCOCC3)c3c(Nc4c5OCOc5ccc4Cl)ncnc3c2)CC1,A375,[5*]N[5*],0.02117852494120598,0.02559404820203781,-0.004415523260831833
CN1CCN(CCOc2cc(OC3CCOCC3)c3c(Nc4c5OCOc5ccc4Cl)ncnc3c2)CC1,A375,[5*]N1CCN(C)CC1,0.02117852494120598,0.026344675570726395,-0.005166150629520416
CN1CCN(CCOc2cc(OC3CCOCC3)c3c(Nc4c5OCOc5ccc4Cl)ncnc3c2)CC1,A375,[4*]CC[4*],0.02117852494120598,0.02745327353477478,-0.006274748593568802
CS(=O)(=O)CCNCc1ccc(o1)-c1ccc2ncnc(Nc3ccc(OCc4cccc(F)c4)c(Cl)c3)c2c1,A375,[4*]CCS(C)(=O)=O,0.027728844434022903,0.025932155549526215,0.0017966888844966888
CS(=O)(=O)CCNCc1ccc(o1)-c1ccc2ncnc(Nc3ccc(OCc4cccc(F)c4)c(Cl)c3)c2c1,A375,[14*]c1ncnc2ccc([16*])cc12,0.027728844434022903,0.030713915824890137,-0.0029850713908672333
CS(=O)(=O)CCNCc1ccc(o1)-c1ccc2ncnc(Nc3ccc(OCc4cccc(F)c4)c(Cl)c3)c2c1,A375,[16*]c1ccc([16*])c(Cl)c1,0.027728844434022903,0.027269508689641953,0.00045933574438095093
CS(=O)(=O)CCNCc1ccc(o1)-c1ccc2ncnc(Nc3ccc(OCc4cccc(F)c4)c(Cl)c3)c2c1,A375,[4*]C[8*],0.027728844434022903,0.027015328407287598,0.0007135160267353058
CS(=O)(=O)CCNCc1ccc(o1)-c1ccc2ncnc(Nc3ccc(OCc4cccc(F)c4)c(Cl)c3)c2c1,A375,[14*]c1ccc([14*])o1,0.027728844434022903,0.02764464169740677,8.420273661613464e-05
CS(=O)(=O)CCNCc1ccc(o1)-c1ccc2ncnc(Nc3ccc(OCc4cccc(F)c4)c(Cl)c3)c2c1,A375,[3*]O[3*],0.027728844434022903,0.029659833759069443,-0.0019309893250465393
CS(=O)(=O)CCNCc1ccc(o1)-c1ccc2ncnc(Nc3ccc(OCc4cccc(F)c4)c(Cl)c3)c2c1,A375,[5*]N[5*],0.027728844434022903,0.029373247176408768,-0.0016444027423858643
CS(=O)(=O)CCNCc1ccc(o1)-c1ccc2ncnc(Nc3ccc(OCc4cccc(F)c4)c(Cl)c3)c2c1,A375,[16*]c1cccc(F)c1,0.027728844434022903,0.0296408012509346,-0.0019119568169116974
COc1cc(Nc2ncc(F)c(Nc3ccc4OC(C)(C)C(=O)Nc4n3)n2)cc(OC)c1OC,A375,[16*]c1cc([16*])c([16*])c([16*])c1,0.03539184108376503,0.02645093947649002,0.00894090160727501
COc1cc(Nc2ncc(F)c(Nc3ccc4OC(C)(C)C(=O)Nc4n3)n2)cc(OC)c1OC,A375,[14*]c1ncc(F)c([14*])n1,0.03539184108376503,0.02577495202422142,0.00961688905954361
COc1cc(Nc2ncc(F)c(Nc3ccc4OC(C)(C)C(=O)Nc4n3)n2)cc(OC)c1OC,A375,[14*]c1ccc2c(n1)NC(=O)C(C)(C)O2,0.03539184108376503,0.031609099358320236,0.0037827417254447937
COc1cc(Nc2ncc(F)c(Nc3ccc4OC(C)(C)C(=O)Nc4n3)n2)cc(OC)c1OC,A375,[5*]N[5*],0.03539184108376503,0.028793927282094955,0.0065979138016700745
COc1cc(Nc2ncc(F)c(Nc3ccc4OC(C)(C)C(=O)Nc4n3)n2)cc(OC)c1OC,A375,[3*]OC,0.03539184108376503,0.027377139776945114,0.008014701306819916
OCCNCCNc1ccc(NCCNCCO)c2C(=O)c3c(O)ccc(O)c3C(=O)c12,A375,[16*]c1ccc([16*])c2c1C(=O)c1c(O)ccc(O)c1C2=O,0.017691347748041153,0.025040432810783386,-0.007349085062742233
OCCNCCNc1ccc(NCCNCCO)c2C(=O)c3c(O)ccc(O)c3C(=O)c12,A375,[4*]CC[4*],0.017691347748041153,0.016969071701169014,0.000722276046872139
OCCNCCNc1ccc(NCCNCCO)c2C(=O)c3c(O)ccc(O)c3C(=O)c12,A375,[5*]N[5*],0.017691347748041153,0.01626768708229065,0.0014236606657505035
OCCNCCNc1ccc(NCCNCCO)c2C(=O)c3c(O)ccc(O)c3C(=O)c12,A375,[4*]CCO,0.017691347748041153,0.01644841954112053,0.0012429282069206238
O=C(N1CCNCC1)c1ccc(cc1)\C=C\c1n[nH]c2ccccc12,A375,[5*]N1CCNCC1,0.02744971215724945,0.030324578285217285,-0.0028748661279678345
O=C(N1CCNCC1)c1ccc(cc1)\C=C\c1n[nH]c2ccccc12,A375,[7*]C[8*],0.02744971215724945,0.025204483419656754,0.002245228737592697
O=C(N1CCNCC1)c1ccc(cc1)\C=C\c1n[nH]c2ccccc12,A375,[1*]C([6*])=O,0.02744971215724945,0.03243975713849068,-0.004990044981241226
O=C(N1CCNCC1)c1ccc(cc1)\C=C\c1n[nH]c2ccccc12,A375,[16*]c1ccc([16*])cc1,0.02744971215724945,0.024223309010267258,0.003226403146982193
O=C(N1CCNCC1)c1ccc(cc1)\C=C\c1n[nH]c2ccccc12,A375,[14*]c1n[nH]c2ccccc12,0.02744971215724945,0.02722630649805069,0.00022340565919876099
CNC(=O)c1cc(Oc2ccc(NC(=O)Nc3ccc(Cl)c(c3)C(F)(F)F)cc2)ccn1,A375,[5*]NC,0.03163537755608559,0.030970439314842224,0.0006649382412433624
CNC(=O)c1cc(Oc2ccc(NC(=O)Nc3ccc(Cl)c(c3)C(F)(F)F)cc2)ccn1,A375,[8*]C(F)(F)F,0.03163537755608559,0.03383099287748337,-0.0021956153213977814
CNC(=O)c1cc(Oc2ccc(NC(=O)Nc3ccc(Cl)c(c3)C(F)(F)F)cc2)ccn1,A375,[1*]C([6*])=O,0.03163537755608559,0.03375965729355812,-0.002124279737472534
CNC(=O)c1cc(Oc2ccc(NC(=O)Nc3ccc(Cl)c(c3)C(F)(F)F)cc2)ccn1,A375,[14*]c1cc([16*])ccn1,0.03163537755608559,0.031074121594429016,0.0005612559616565704
CNC(=O)c1cc(Oc2ccc(NC(=O)Nc3ccc(Cl)c(c3)C(F)(F)F)cc2)ccn1,A375,[3*]O[3*],0.03163537755608559,0.03435284271836281,-0.0027174651622772217
CNC(=O)c1cc(Oc2ccc(NC(=O)Nc3ccc(Cl)c(c3)C(F)(F)F)cc2)ccn1,A375,[16*]c1ccc(Cl)c([16*])c1,0.03163537755608559,0.033609386533498764,-0.0019740089774131775
CNC(=O)c1cc(Oc2ccc(NC(=O)Nc3ccc(Cl)c(c3)C(F)(F)F)cc2)ccn1,A375,[16*]c1ccc([16*])cc1,0.03163537755608559,0.034305717796087265,-0.0026703402400016785
CNC(=O)c1cc(Oc2ccc(NC(=O)Nc3ccc(Cl)c(c3)C(F)(F)F)cc2)ccn1,A375,[5*]N[5*],0.03163537755608559,0.03299470618367195,-0.0013593286275863647
CNC(=O)c1cc(Oc2ccc(NC(=O)Nc3ccc(Cl)c(c3)C(F)(F)F)cc2)ccn1,A375,[1*]C([1*])=O,0.03163537755608559,0.032383032143116,-0.0007476545870304108
O=c1cc(oc(c1)-c1cccc2Sc3ccccc3Sc12)N1CCOCC1,A375,[14*]c1cc(=O)cc([14*])o1,0.018415596336126328,0.011422887444496155,0.006992708891630173
O=c1cc(oc(c1)-c1cccc2Sc3ccccc3Sc12)N1CCOCC1,A375,[5*]N1CCOCC1,0.018415596336126328,0.019816868007183075,-0.0014012716710567474
O=c1cc(oc(c1)-c1cccc2Sc3ccccc3Sc12)N1CCOCC1,A375,[16*]c1cccc2c1Sc1ccccc1S2,0.018415596336126328,0.018443694338202477,-2.8098002076148987e-05
COc1cc2nc(nc(NC3CCN(Cc4ccccc4)CC3)c2cc1OC)N1CCCN(C)CC1,A375,[5*]N1CCC([15*])CC1,0.03106599859893322,0.029373381286859512,0.0016926173120737076
COc1cc2nc(nc(NC3CCN(Cc4ccccc4)CC3)c2cc1OC)N1CCCN(C)CC1,A375,[16*]c1ccccc1,0.03106599859893322,0.028820298612117767,0.0022456999868154526
COc1cc2nc(nc(NC3CCN(Cc4ccccc4)CC3)c2cc1OC)N1CCCN(C)CC1,A375,[4*]C[8*],0.03106599859893322,0.02882355824112892,0.0022424403578042984
COc1cc2nc(nc(NC3CCN(Cc4ccccc4)CC3)c2cc1OC)N1CCCN(C)CC1,A375,[5*]N1CCCN(C)CC1,0.03106599859893322,0.03017919510602951,0.0008868034929037094
COc1cc2nc(nc(NC3CCN(Cc4ccccc4)CC3)c2cc1OC)N1CCCN(C)CC1,A375,[14*]c1nc([14*])c2cc([16*])c([16*])cc2n1,0.03106599859893322,0.0300651416182518,0.0010008569806814194
COc1cc2nc(nc(NC3CCN(Cc4ccccc4)CC3)c2cc1OC)N1CCCN(C)CC1,A375,[5*]N[5*],0.03106599859893322,0.030129577964544296,0.0009364206343889236
COc1cc2nc(nc(NC3CCN(Cc4ccccc4)CC3)c2cc1OC)N1CCCN(C)CC1,A375,[3*]OC,0.03106599859893322,0.029885850846767426,0.0011801477521657944
COc1cc(CCc2cc(NC(=O)c3ccc(cc3)N3C[C@H](C)N[C@H](C)C3)n[nH]2)cc(OC)c1,A375,[14*]c1cc([14*])[nH]n1,0.03653109446167946,0.034813713282346725,0.0017173811793327332
COc1cc(CCc2cc(NC(=O)c3ccc(cc3)N3C[C@H](C)N[C@H](C)C3)n[nH]2)cc(OC)c1,A375,[5*]N1C[C@@H](C)N[C@@H](C)C1,0.03653109446167946,0.031733766198158264,0.0047973282635211945
COc1cc(CCc2cc(NC(=O)c3ccc(cc3)N3C[C@H](C)N[C@H](C)C3)n[nH]2)cc(OC)c1,A375,[8*]CC[8*],0.03653109446167946,0.02711063250899315,0.00942046195268631
COc1cc(CCc2cc(NC(=O)c3ccc(cc3)N3C[C@H](C)N[C@H](C)C3)n[nH]2)cc(OC)c1,A375,[1*]C([6*])=O,0.03653109446167946,0.028376556932926178,0.00815453752875328
COc1cc(CCc2cc(NC(=O)c3ccc(cc3)N3C[C@H](C)N[C@H](C)C3)n[nH]2)cc(OC)c1,A375,[16*]c1ccc([16*])cc1,0.03653109446167946,0.03246556594967842,0.004065528512001038
COc1cc(CCc2cc(NC(=O)c3ccc(cc3)N3C[C@H](C)N[C@H](C)C3)n[nH]2)cc(OC)c1,A375,[5*]N[5*],0.03653109446167946,0.031001780182123184,0.005529314279556274
COc1cc(CCc2cc(NC(=O)c3ccc(cc3)N3C[C@H](C)N[C@H](C)C3)n[nH]2)cc(OC)c1,A375,[16*]c1cc([16*])cc([16*])c1,0.03653109446167946,0.03181424364447594,0.004716850817203522
COc1cc(CCc2cc(NC(=O)c3ccc(cc3)N3C[C@H](C)N[C@H](C)C3)n[nH]2)cc(OC)c1,A375,[3*]OC,0.03653109446167946,0.031281858682632446,0.005249235779047012
O=C1NC(=O)[C@H]([C@@H]1c1c[nH]c2ccccc12)c1cn2CCCc3cccc1c23,A375,[16*]c1c[nH]c2ccccc12,0.020033597946166992,0.018049519509077072,0.00198407843708992
O=C1NC(=O)[C@H]([C@@H]1c1c[nH]c2ccccc12)c1cn2CCCc3cccc1c23,A375,[16*]c1cn2c3c(cccc13)CCC2,0.020033597946166992,0.02320140227675438,-0.003167804330587387
O=C1NC(=O)[C@H]([C@@H]1c1c[nH]c2ccccc12)c1cn2CCCc3cccc1c23,A375,[15*][C@@H]1C(=O)NC(=O)[C@H]1[15*],0.020033597946166992,0.014988576993346214,0.005045020952820778
CCn1cc(c(n1)-c1ccc(NC(=O)N(C)C)cc1)-c1ccnc2[nH]c(cc12)-c1cccc(CN(C)C)c1,A375,[4*]C[8*],0.020268801599740982,0.027164582163095474,-0.006895780563354492
CCn1cc(c(n1)-c1ccc(NC(=O)N(C)C)cc1)-c1ccnc2[nH]c(cc12)-c1cccc(CN(C)C)c1,A375,[14*]c1cc2c([16*])ccnc2[nH]1,0.020268801599740982,0.03537525236606598,-0.015106450766324997
CCn1cc(c(n1)-c1ccc(NC(=O)N(C)C)cc1)-c1ccnc2[nH]c(cc12)-c1cccc(CN(C)C)c1,A375,[5*]N(C)C,0.020268801599740982,0.029405590146780014,-0.009136788547039032
CCn1cc(c(n1)-c1ccc(NC(=O)N(C)C)cc1)-c1ccnc2[nH]c(cc12)-c1cccc(CN(C)C)c1,A375,[5*]N[5*],0.020268801599740982,0.028627406805753708,-0.008358605206012726
CCn1cc(c(n1)-c1ccc(NC(=O)N(C)C)cc1)-c1ccnc2[nH]c(cc12)-c1cccc(CN(C)C)c1,A375,[16*]c1ccc([16*])cc1,0.020268801599740982,0.02897808700799942,-0.008709285408258438
CCn1cc(c(n1)-c1ccc(NC(=O)N(C)C)cc1)-c1ccnc2[nH]c(cc12)-c1cccc(CN(C)C)c1,A375,[8*]CC,0.020268801599740982,0.02657228708267212,-0.006303485482931137
CCn1cc(c(n1)-c1ccc(NC(=O)N(C)C)cc1)-c1ccnc2[nH]c(cc12)-c1cccc(CN(C)C)c1,A375,[9*]n1cc([16*])c([14*])n1,0.020268801599740982,0.02611982449889183,-0.005851022899150848
CCn1cc(c(n1)-c1ccc(NC(=O)N(C)C)cc1)-c1ccnc2[nH]c(cc12)-c1cccc(CN(C)C)c1,A375,[16*]c1cccc([16*])c1,0.020268801599740982,0.028051234781742096,-0.007782433182001114
CCn1cc(c(n1)-c1ccc(NC(=O)N(C)C)cc1)-c1ccnc2[nH]c(cc12)-c1cccc(CN(C)C)c1,A375,[1*]C([1*])=O,0.020268801599740982,0.02650383487343788,-0.006235033273696899
Cc1cc(C(=O)NOCCO)c(Nc2ccc(I)cc2F)n(C)c1=O,A375,[3*]ONC([6*])=O,0.035927023738622665,0.03163105621933937,0.004295967519283295
Cc1cc(C(=O)NOCCO)c(Nc2ccc(I)cc2F)n(C)c1=O,A375,[4*]CCO,0.035927023738622665,0.033294010907411575,0.00263301283121109
Cc1cc(C(=O)NOCCO)c(Nc2ccc(I)cc2F)n(C)c1=O,A375,[5*]N[5*],0.035927023738622665,0.02994031086564064,0.005986712872982025
Cc1cc(C(=O)NOCCO)c(Nc2ccc(I)cc2F)n(C)c1=O,A375,[14*]c1c([16*])cc(C)c(=O)n1C,0.035927023738622665,0.028540857136249542,0.007386166602373123
Cc1cc(C(=O)NOCCO)c(Nc2ccc(I)cc2F)n(C)c1=O,A375,[16*]c1ccc(I)cc1F,0.035927023738622665,0.030636046081781387,0.005290977656841278
CN(C)C[C@@H](NC(=O)N1Cc2c(Nc3nc(C)nc4ccsc34)n[nH]c2C1(C)C)c1ccccc1,A375,[16*]c1ccccc1,0.033600594848394394,0.028469685465097427,0.0051309093832969666
CN(C)C[C@@H](NC(=O)N1Cc2c(Nc3nc(C)nc4ccsc34)n[nH]c2C1(C)C)c1ccccc1,A375,[14*]c1nc(C)nc2ccsc12,0.033600594848394394,0.03006192296743393,0.0035386718809604645
CN(C)C[C@@H](NC(=O)N1Cc2c(Nc3nc(C)nc4ccsc34)n[nH]c2C1(C)C)c1ccccc1,A375,[5*]N1Cc2c([14*])n[nH]c2C1(C)C,0.033600594848394394,0.029884640127420425,0.0037159547209739685
CN(C)C[C@@H](NC(=O)N1Cc2c(Nc3nc(C)nc4ccsc34)n[nH]c2C1(C)C)c1ccccc1,A375,[5*]N(C)C,0.033600594848394394,0.028108518570661545,0.005492076277732849
CN(C)C[C@@H](NC(=O)N1Cc2c(Nc3nc(C)nc4ccsc34)n[nH]c2C1(C)C)c1ccccc1,A375,[5*]N[5*],0.033600594848394394,0.02577512338757515,0.007825471460819244
CN(C)C[C@@H](NC(=O)N1Cc2c(Nc3nc(C)nc4ccsc34)n[nH]c2C1(C)C)c1ccccc1,A375,[4*]C[C@@H]([4*])[8*],0.033600594848394394,0.027124129235744476,0.006476465612649918
CN(C)C[C@@H](NC(=O)N1Cc2c(Nc3nc(C)nc4ccsc34)n[nH]c2C1(C)C)c1ccccc1,A375,[1*]C([1*])=O,0.033600594848394394,0.026113316416740417,0.0074872784316539764
CCC(=O)N1CCN(CC1)c1ccc(cc1C(F)(F)F)-n1c2c(ccc1=O)cnc1ccc(cc21)-c1cnc2ccccc2c1,A375,[9*]n1c(=O)ccc2cnc3ccc([16*])cc3c21,0.014843722805380821,0.026776757091283798,-0.011933034285902977
CCC(=O)N1CCN(CC1)c1ccc(cc1C(F)(F)F)-n1c2c(ccc1=O)cnc1ccc(cc21)-c1cnc2ccccc2c1,A375,[8*]C(F)(F)F,0.014843722805380821,0.023941494524478912,-0.009097771719098091
CCC(=O)N1CCN(CC1)c1ccc(cc1C(F)(F)F)-n1c2c(ccc1=O)cnc1ccc(cc21)-c1cnc2ccccc2c1,A375,[5*]N1CCN([5*])CC1,0.014843722805380821,0.02354380115866661,-0.00870007835328579
CCC(=O)N1CCN(CC1)c1ccc(cc1C(F)(F)F)-n1c2c(ccc1=O)cnc1ccc(cc21)-c1cnc2ccccc2c1,A375,[16*]c1ccc([16*])c([16*])c1,0.014843722805380821,0.02093595825135708,-0.006092235445976257
CCC(=O)N1CCN(CC1)c1ccc(cc1C(F)(F)F)-n1c2c(ccc1=O)cnc1ccc(cc21)-c1cnc2ccccc2c1,A375,[16*]c1cnc2ccccc2c1,0.014843722805380821,0.023664990440011024,-0.008821267634630203
CCC(=O)N1CCN(CC1)c1ccc(cc1C(F)(F)F)-n1c2c(ccc1=O)cnc1ccc(cc21)-c1cnc2ccccc2c1,A375,[1*]C(=O)CC,0.014843722805380821,0.02253396064043045,-0.007690237835049629
CCOc1ccn(-c2ccc(F)cc2)c(=O)c1C(=O)Nc1ccc(Oc2ccnc(N)c2Cl)c(F)c1,A375,[16*]c1ccnc(N)c1Cl,0.034983471035957336,0.0325690321624279,0.002414438873529434
CCOc1ccn(-c2ccc(F)cc2)c(=O)c1C(=O)Nc1ccc(Oc2ccnc(N)c2Cl)c(F)c1,A375,[1*]C([6*])=O,0.034983471035957336,0.027895648032426834,0.007087823003530502
CCOc1ccn(-c2ccc(F)cc2)c(=O)c1C(=O)Nc1ccc(Oc2ccnc(N)c2Cl)c(F)c1,A375,[9*]n1ccc([16*])c([16*])c1=O,0.034983471035957336,0.02568342164158821,0.009300049394369125
CCOc1ccn(-c2ccc(F)cc2)c(=O)c1C(=O)Nc1ccc(Oc2ccnc(N)c2Cl)c(F)c1,A375,[3*]O[3*],0.034983471035957336,0.03005111590027809,0.004932355135679245
CCOc1ccn(-c2ccc(F)cc2)c(=O)c1C(=O)Nc1ccc(Oc2ccnc(N)c2Cl)c(F)c1,A375,[5*]N[5*],0.034983471035957336,0.030150767415761948,0.004832703620195389
CCOc1ccn(-c2ccc(F)cc2)c(=O)c1C(=O)Nc1ccc(Oc2ccnc(N)c2Cl)c(F)c1,A375,[16*]c1ccc(F)cc1,0.034983471035957336,0.02827010676264763,0.006713364273309708
CCOc1ccn(-c2ccc(F)cc2)c(=O)c1C(=O)Nc1ccc(Oc2ccnc(N)c2Cl)c(F)c1,A375,[16*]c1ccc([16*])c(F)c1,0.034983471035957336,0.027704250067472458,0.0072792209684848785
CCOc1ccn(-c2ccc(F)cc2)c(=O)c1C(=O)Nc1ccc(Oc2ccnc(N)c2Cl)c(F)c1,A375,[4*]CC,0.034983471035957336,0.02719815820455551,0.007785312831401825
O=C1NC(=O)\C(S1)=C/c1ccc2nccnc2c1,A375,[7*]C1SC(=O)NC1=O,0.031116735190153122,0.009019259363412857,0.022097475826740265
O=C1NC(=O)\C(S1)=C/c1ccc2nccnc2c1,A375,[16*]c1ccc2nccnc2c1,0.031116735190153122,0.022023409605026245,0.009093325585126877
O=C1NC(=O)\C(S1)=C/c1ccc2nccnc2c1,A375,[7*]C[8*],0.031116735190153122,0.024776631966233253,0.0063401032239198685
Nc1cc(c(cn1)-c1cc(nc(n1)N1CCOCC1)N1CCOCC1)C(F)(F)F,A375,[16*]c1cnc(N)cc1[16*],0.021263930946588516,0.023863453418016434,-0.0025995224714279175
Nc1cc(c(cn1)-c1cc(nc(n1)N1CCOCC1)N1CCOCC1)C(F)(F)F,A375,[5*]N1CCOCC1,0.021263930946588516,0.02724292501807213,-0.005978994071483612
Nc1cc(c(cn1)-c1cc(nc(n1)N1CCOCC1)N1CCOCC1)C(F)(F)F,A375,[14*]c1cc([14*])nc([14*])n1,0.021263930946588516,0.01847810298204422,0.0027858279645442963
Nc1cc(c(cn1)-c1cc(nc(n1)N1CCOCC1)N1CCOCC1)C(F)(F)F,A375,[8*]C(F)(F)F,0.021263930946588516,0.028871707618236542,-0.0076077766716480255
COc1cc(N(C)CCN(C)C)c(NC(=O)C=C)cc1Nc1nccc(n1)-c1cn(C)c2ccccc12,A375,[16*]c1cc([16*])c([16*])cc1[16*],0.031419236212968826,0.029257968068122864,0.0021612681448459625
COc1cc(N(C)CCN(C)C)c(NC(=O)C=C)cc1Nc1nccc(n1)-c1cn(C)c2ccccc12,A375,[1*]C(=O)C=C,0.031419236212968826,0.03056100383400917,0.0008582323789596558
COc1cc(N(C)CCN(C)C)c(NC(=O)C=C)cc1Nc1nccc(n1)-c1cn(C)c2ccccc12,A375,[16*]c1cn(C)c2ccccc12,0.031419236212968826,0.027304064482450485,0.004115171730518341
COc1cc(N(C)CCN(C)C)c(NC(=O)C=C)cc1Nc1nccc(n1)-c1cn(C)c2ccccc12,A375,[5*]N([5*])C,0.031419236212968826,0.027163632214069366,0.00425560399889946
COc1cc(N(C)CCN(C)C)c(NC(=O)C=C)cc1Nc1nccc(n1)-c1cn(C)c2ccccc12,A375,[5*]N(C)C,0.031419236212968826,0.02738320827484131,0.004036027938127518
COc1cc(N(C)CCN(C)C)c(NC(=O)C=C)cc1Nc1nccc(n1)-c1cn(C)c2ccccc12,A375,[5*]N[5*],0.031419236212968826,0.028191860765218735,0.0032273754477500916
COc1cc(N(C)CCN(C)C)c(NC(=O)C=C)cc1Nc1nccc(n1)-c1cn(C)c2ccccc12,A375,[4*]CC[4*],0.031419236212968826,0.02857835963368416,0.002840876579284668
COc1cc(N(C)CCN(C)C)c(NC(=O)C=C)cc1Nc1nccc(n1)-c1cn(C)c2ccccc12,A375,[14*]c1ccnc([14*])n1,0.031419236212968826,0.028940550982952118,0.0024786852300167084
COc1cc(N(C)CCN(C)C)c(NC(=O)C=C)cc1Nc1nccc(n1)-c1cn(C)c2ccccc12,A375,[3*]OC,0.031419236212968826,0.026718713343143463,0.004700522869825363
C(CN1CCCCC1)Oc1cccc(c1)-c1n[nH]c2ccc(cc12)-c1ncn[nH]1,A375,[5*]N1CCCCC1,0.022099731490015984,0.024427561089396477,-0.002327829599380493
C(CN1CCCCC1)Oc1cccc(c1)-c1n[nH]c2ccc(cc12)-c1ncn[nH]1,A375,[3*]O[3*],0.022099731490015984,0.023485306650400162,-0.0013855751603841782
C(CN1CCCCC1)Oc1cccc(c1)-c1n[nH]c2ccc(cc12)-c1ncn[nH]1,A375,[14*]c1ncn[nH]1,0.022099731490015984,0.025974057614803314,-0.0038743261247873306
C(CN1CCCCC1)Oc1cccc(c1)-c1n[nH]c2ccc(cc12)-c1ncn[nH]1,A375,[4*]CC[4*],0.022099731490015984,0.026865657418966293,-0.00476592592895031
C(CN1CCCCC1)Oc1cccc(c1)-c1n[nH]c2ccc(cc12)-c1ncn[nH]1,A375,[16*]c1cccc([16*])c1,0.022099731490015984,0.028523039072752,-0.006423307582736015
C(CN1CCCCC1)Oc1cccc(c1)-c1n[nH]c2ccc(cc12)-c1ncn[nH]1,A375,[14*]c1n[nH]c2ccc([16*])cc12,0.022099731490015984,0.025031518191099167,-0.0029317867010831833
COC(=O)c1ccc2c(NC(=O)\C2=C(/Nc2ccc(cc2)N(C)C(=O)CN2CCN(C)CC2)c2ccccc2)c1,A375,[5*]NC([7*])[8*],0.03253862261772156,0.028743945062160492,0.0037946775555610657
COC(=O)c1ccc2c(NC(=O)\C2=C(/Nc2ccc(cc2)N(C)C(=O)CN2CCN(C)CC2)c2ccccc2)c1,A375,[16*]c1ccccc1,0.03253862261772156,0.03326166793704033,-0.0007230453193187714
COC(=O)c1ccc2c(NC(=O)\C2=C(/Nc2ccc(cc2)N(C)C(=O)CN2CCN(C)CC2)c2ccccc2)c1,A375,[1*]C(=O)C[4*],0.03253862261772156,0.0323098786175251,0.0002287440001964569
COC(=O)c1ccc2c(NC(=O)\C2=C(/Nc2ccc(cc2)N(C)C(=O)CN2CCN(C)CC2)c2ccccc2)c1,A375,[1*]C([6*])=O,0.03253862261772156,0.03075224533677101,0.0017863772809505463
COC(=O)c1ccc2c(NC(=O)\C2=C(/Nc2ccc(cc2)N(C)C(=O)CN2CCN(C)CC2)c2ccccc2)c1,A375,[5*]N([5*])C,0.03253862261772156,0.03160832077264786,0.0009303018450737
COC(=O)c1ccc2c(NC(=O)\C2=C(/Nc2ccc(cc2)N(C)C(=O)CN2CCN(C)CC2)c2ccccc2)c1,A375,[7*]C1C(=O)Nc2cc([16*])ccc21,0.03253862261772156,0.03212419152259827,0.000414431095123291
COC(=O)c1ccc2c(NC(=O)\C2=C(/Nc2ccc(cc2)N(C)C(=O)CN2CCN(C)CC2)c2ccccc2)c1,A375,[16*]c1ccc([16*])cc1,0.03253862261772156,0.03182372450828552,0.0007148981094360352
COC(=O)c1ccc2c(NC(=O)\C2=C(/Nc2ccc(cc2)N(C)C(=O)CN2CCN(C)CC2)c2ccccc2)c1,A375,[5*]N1CCN(C)CC1,0.03253862261772156,0.03168484568595886,0.0008537769317626953
COC(=O)c1ccc2c(NC(=O)\C2=C(/Nc2ccc(cc2)N(C)C(=O)CN2CCN(C)CC2)c2ccccc2)c1,A375,[3*]OC,0.03253862261772156,0.03177473694086075,0.0007638856768608093
Cc1nc(Nc2ncc(s2)C(=O)Nc2c(C)cccc2Cl)cc(n1)N1CCN(CCO)CC1,A375,[14*]c1cc([14*])nc(C)n1,0.034092944115400314,0.03184043616056442,0.0022525079548358917
Cc1nc(Nc2ncc(s2)C(=O)Nc2c(C)cccc2Cl)cc(n1)N1CCN(CCO)CC1,A375,[14*]c1cnc([14*])s1,0.034092944115400314,0.03211428225040436,0.0019786618649959564
Cc1nc(Nc2ncc(s2)C(=O)Nc2c(C)cccc2Cl)cc(n1)N1CCN(CCO)CC1,A375,[4*]CCO,0.034092944115400314,0.02932794764637947,0.0047649964690208435
Cc1nc(Nc2ncc(s2)C(=O)Nc2c(C)cccc2Cl)cc(n1)N1CCN(CCO)CC1,A375,[5*]N1CCN([5*])CC1,0.034092944115400314,0.032052669674158096,0.002040274441242218
Cc1nc(Nc2ncc(s2)C(=O)Nc2c(C)cccc2Cl)cc(n1)N1CCN(CCO)CC1,A375,[16*]c1c(C)cccc1Cl,0.034092944115400314,0.03122948855161667,0.0028634555637836456
Cc1nc(Nc2ncc(s2)C(=O)Nc2c(C)cccc2Cl)cc(n1)N1CCN(CCO)CC1,A375,[1*]C([6*])=O,0.034092944115400314,0.029529720544815063,0.004563223570585251
Cc1nc(Nc2ncc(s2)C(=O)Nc2c(C)cccc2Cl)cc(n1)N1CCN(CCO)CC1,A375,[5*]N[5*],0.034092944115400314,0.029896214604377747,0.004196729511022568
OC[C@@H](O)CONC(=O)c1ccc(F)c(F)c1Nc1ccc(I)cc1F,A375,[3*]ONC([6*])=O,0.030930504202842712,0.02157093770802021,0.009359566494822502
OC[C@@H](O)CONC(=O)c1ccc(F)c(F)c1Nc1ccc(I)cc1F,A375,[16*]c1ccc(F)c(F)c1[16*],0.030930504202842712,0.031265053898096085,-0.0003345496952533722
OC[C@@H](O)CONC(=O)c1ccc(F)c(F)c1Nc1ccc(I)cc1F,A375,[4*]C[C@H](O)CO,0.030930504202842712,0.022893549874424934,0.008036954328417778
OC[C@@H](O)CONC(=O)c1ccc(F)c(F)c1Nc1ccc(I)cc1F,A375,[5*]N[5*],0.030930504202842712,0.02556731179356575,0.005363192409276962
OC[C@@H](O)CONC(=O)c1ccc(F)c(F)c1Nc1ccc(I)cc1F,A375,[16*]c1ccc(I)cc1F,0.030930504202842712,0.024040251970291138,0.006890252232551575
Fc1ccc(Nc2ncnc3cc(OCCCN4CCOCC4)c(NC(=O)C=C)cc23)cc1Cl,A375,[1*]C(=O)C=C,0.02555021643638611,0.0266726054251194,-0.0011223889887332916
Fc1ccc(Nc2ncnc3cc(OCCCN4CCOCC4)c(NC(=O)C=C)cc23)cc1Cl,A375,[4*]CCC[4*],0.02555021643638611,0.030196163803339005,-0.004645947366952896
Fc1ccc(Nc2ncnc3cc(OCCCN4CCOCC4)c(NC(=O)C=C)cc23)cc1Cl,A375,[14*]c1ncnc2cc([16*])c([16*])cc12,0.02555021643638611,0.0294794999063015,-0.00392928346991539
Fc1ccc(Nc2ncnc3cc(OCCCN4CCOCC4)c(NC(=O)C=C)cc23)cc1Cl,A375,[5*]N1CCOCC1,0.02555021643638611,0.032079294323921204,-0.006529077887535095
Fc1ccc(Nc2ncnc3cc(OCCCN4CCOCC4)c(NC(=O)C=C)cc23)cc1Cl,A375,[3*]O[3*],0.02555021643638611,0.035043779760599136,-0.009493563324213028
Fc1ccc(Nc2ncnc3cc(OCCCN4CCOCC4)c(NC(=O)C=C)cc23)cc1Cl,A375,[5*]N[5*],0.02555021643638611,0.03246435150504112,-0.006914135068655014
Fc1ccc(Nc2ncnc3cc(OCCCN4CCOCC4)c(NC(=O)C=C)cc23)cc1Cl,A375,[16*]c1ccc(F)c(Cl)c1,0.02555021643638611,0.03179885447025299,-0.006248638033866882
CC(=O)c1c(C)c2cnc(Nc3ccc(cn3)N3CCNCC3)nc2n(C2CCCC2)c1=O,A375,[5*]N1CCNCC1,0.02834532968699932,0.03079427406191826,-0.0024489443749189377
CC(=O)c1c(C)c2cnc(Nc3ccc(cn3)N3CCNCC3)nc2n(C2CCCC2)c1=O,A375,[6*]C(C)=O,0.02834532968699932,0.028907589614391327,-0.0005622599273920059
CC(=O)c1c(C)c2cnc(Nc3ccc(cn3)N3CCNCC3)nc2n(C2CCCC2)c1=O,A375,[14*]c1ccc([16*])cn1,0.02834532968699932,0.030842795968055725,-0.002497466281056404
CC(=O)c1c(C)c2cnc(Nc3ccc(cn3)N3CCNCC3)nc2n(C2CCCC2)c1=O,A375,[5*]N[5*],0.02834532968699932,0.03223393112421036,-0.0038886014372110367
CC(=O)c1c(C)c2cnc(Nc3ccc(cn3)N3CCNCC3)nc2n(C2CCCC2)c1=O,A375,[9*]n1c(=O)c([16*])c(C)c2cnc([14*])nc21,0.02834532968699932,0.03364933654665947,-0.005304006859660149
CC(=O)c1c(C)c2cnc(Nc3ccc(cn3)N3CCNCC3)nc2n(C2CCCC2)c1=O,A375,[15*]C1CCCC1,0.02834532968699932,0.035072531551122665,-0.006727201864123344
COc1cc2nccc(Oc3ccc(NC(=O)C4(CC4)C(=O)Nc4ccc(F)cc4)cc3)c2cc1OC,A375,[15*]C1([15*])CC1,0.03265656530857086,0.03004097193479538,0.002615593373775482
COc1cc2nccc(Oc3ccc(NC(=O)C4(CC4)C(=O)Nc4ccc(F)cc4)cc3)c2cc1OC,A375,[1*]C([6*])=O,0.03265656530857086,0.027537908405065536,0.005118656903505325
COc1cc2nccc(Oc3ccc(NC(=O)C4(CC4)C(=O)Nc4ccc(F)cc4)cc3)c2cc1OC,A375,[3*]O[3*],0.03265656530857086,0.026887036859989166,0.0057695284485816956
COc1cc2nccc(Oc3ccc(NC(=O)C4(CC4)C(=O)Nc4ccc(F)cc4)cc3)c2cc1OC,A375,[5*]N[5*],0.03265656530857086,0.02708711475133896,0.005569450557231903
COc1cc2nccc(Oc3ccc(NC(=O)C4(CC4)C(=O)Nc4ccc(F)cc4)cc3)c2cc1OC,A375,[16*]c1ccc(F)cc1,0.03265656530857086,0.027332179248332977,0.0053243860602378845
COc1cc2nccc(Oc3ccc(NC(=O)C4(CC4)C(=O)Nc4ccc(F)cc4)cc3)c2cc1OC,A375,[16*]c1ccc([16*])cc1,0.03265656530857086,0.026317693293094635,0.006338872015476227
COc1cc2nccc(Oc3ccc(NC(=O)C4(CC4)C(=O)Nc4ccc(F)cc4)cc3)c2cc1OC,A375,[16*]c1cc2nccc([16*])c2cc1[16*],0.03265656530857086,0.027652285993099213,0.005004279315471649
COc1cc2nccc(Oc3ccc(NC(=O)C4(CC4)C(=O)Nc4ccc(F)cc4)cc3)c2cc1OC,A375,[3*]OC,0.03265656530857086,0.025705132633447647,0.006951432675123215
COC(=O)C=CC(=O)N(CCCCNCC1=CC=C(C=C1)COC(=O)NC2=CC=CC3=CC=CC=C32)O,A375,[16*]c1cccc2ccccc12,0.019323553889989853,0.03189796954393387,-0.012574415653944016
COC(=O)C=CC(=O)N(CCCCNCC1=CC=C(C=C1)COC(=O)NC2=CC=CC3=CC=CC=C32)O,A375,[4*]C[8*],0.019323553889989853,0.02745778113603592,-0.008134227246046066
COC(=O)C=CC(=O)N(CCCCNCC1=CC=C(C=C1)COC(=O)NC2=CC=CC3=CC=CC=C32)O,A375,[4*]CCCCN(O)C(=O)C[7*],0.019323553889989853,0.028316225856542587,-0.008992671966552734
COC(=O)C=CC(=O)N(CCCCNCC1=CC=C(C=C1)COC(=O)NC2=CC=CC3=CC=CC=C32)O,A375,[3*]O[3*],0.019323553889989853,0.028426144272089005,-0.009102590382099152
COC(=O)C=CC(=O)N(CCCCNCC1=CC=C(C=C1)COC(=O)NC2=CC=CC3=CC=CC=C32)O,A375,[5*]N[5*],0.019323553889989853,0.027272582054138184,-0.00794902816414833
COC(=O)C=CC(=O)N(CCCCNCC1=CC=C(C=C1)COC(=O)NC2=CC=CC3=CC=CC=C32)O,A375,[16*]c1ccc([16*])cc1,0.019323553889989853,0.024374958127737045,-0.005051404237747192
COC(=O)C=CC(=O)N(CCCCNCC1=CC=C(C=C1)COC(=O)NC2=CC=CC3=CC=CC=C32)O,A375,[1*]C(=O)C[7*],0.019323553889989853,0.02721380442380905,-0.007890250533819199
COC(=O)C=CC(=O)N(CCCCNCC1=CC=C(C=C1)COC(=O)NC2=CC=CC3=CC=CC=C32)O,A375,[1*]C([1*])=O,0.019323553889989853,0.024939734488725662,-0.005616180598735809
COC(=O)C=CC(=O)N(CCCCNCC1=CC=C(C=C1)COC(=O)NC2=CC=CC3=CC=CC=C32)O,A375,[3*]OC,0.019323553889989853,0.02464965358376503,-0.005326099693775177
CCc1nc(c(s1)-c1ccnc(NC(=O)c2ccccc2)c1)-c1cccc(C)c1,A375,[16*]c1ccccc1,0.02889033406972885,0.031955182552337646,-0.003064848482608795
CCc1nc(c(s1)-c1ccnc(NC(=O)c2ccccc2)c1)-c1cccc(C)c1,A375,[16*]c1cccc(C)c1,0.02889033406972885,0.031714215874671936,-0.0028238818049430847
CCc1nc(c(s1)-c1ccnc(NC(=O)c2ccccc2)c1)-c1cccc(C)c1,A375,[1*]C([6*])=O,0.02889033406972885,0.029128219932317734,-0.00023788586258888245
CCc1nc(c(s1)-c1ccnc(NC(=O)c2ccccc2)c1)-c1cccc(C)c1,A375,[14*]c1cc([16*])ccn1,0.02889033406972885,0.028770554810762405,0.00011977925896644592
CCc1nc(c(s1)-c1ccnc(NC(=O)c2ccccc2)c1)-c1cccc(C)c1,A375,[5*]N[5*],0.02889033406972885,0.03016992285847664,-0.0012795887887477875
CCc1nc(c(s1)-c1ccnc(NC(=O)c2ccccc2)c1)-c1cccc(C)c1,A375,[8*]CC,0.02889033406972885,0.030701622366905212,-0.001811288297176361
CCc1nc(c(s1)-c1ccnc(NC(=O)c2ccccc2)c1)-c1cccc(C)c1,A375,[14*]c1nc([14*])c([14*])s1,0.02889033406972885,0.03046494349837303,-0.0015746094286441803
CS(=O)(=O)N1CCN(Cc2cc3nc(nc(N4CCOCC4)c3s2)-c2cccc3[nH]ncc23)CC1,A375,[16*]c1cccc2[nH]ncc12,0.022228313609957695,0.028714247047901154,-0.0064859334379434586
CS(=O)(=O)N1CCN(Cc2cc3nc(nc(N4CCOCC4)c3s2)-c2cccc3[nH]ncc23)CC1,A375,[5*]N1CCOCC1,0.022228313609957695,0.025308765470981598,-0.003080451861023903
CS(=O)(=O)N1CCN(Cc2cc3nc(nc(N4CCOCC4)c3s2)-c2cccc3[nH]ncc23)CC1,A375,[4*]C[8*],0.022228313609957695,0.02573939971625805,-0.003511086106300354
CS(=O)(=O)N1CCN(Cc2cc3nc(nc(N4CCOCC4)c3s2)-c2cccc3[nH]ncc23)CC1,A375,[5*]N1CCN([5*])CC1,0.022228313609957695,0.024961361661553383,-0.002733048051595688
CS(=O)(=O)N1CCN(Cc2cc3nc(nc(N4CCOCC4)c3s2)-c2cccc3[nH]ncc23)CC1,A375,[12*]S(C)(=O)=O,0.022228313609957695,0.027144789695739746,-0.004916476085782051
CS(=O)(=O)N1CCN(Cc2cc3nc(nc(N4CCOCC4)c3s2)-c2cccc3[nH]ncc23)CC1,A375,[14*]c1nc([14*])c2sc([14*])cc2n1,0.022228313609957695,0.026295814663171768,-0.004067501053214073
COc1cc2nccc(Oc3ccc(NC(=O)Nc4cc(C)on4)c(Cl)c3)c2cc1OC,A375,[16*]c1ccc([16*])c(Cl)c1,0.03231338411569595,0.03394817188382149,-0.001634787768125534
COc1cc2nccc(Oc3ccc(NC(=O)Nc4cc(C)on4)c(Cl)c3)c2cc1OC,A375,[3*]O[3*],0.03231338411569595,0.029180068522691727,0.0031333155930042267
COc1cc2nccc(Oc3ccc(NC(=O)Nc4cc(C)on4)c(Cl)c3)c2cc1OC,A375,[5*]N[5*],0.03231338411569595,0.028976216912269592,0.003337167203426361
COc1cc2nccc(Oc3ccc(NC(=O)Nc4cc(C)on4)c(Cl)c3)c2cc1OC,A375,[16*]c1cc2nccc([16*])c2cc1[16*],0.03231338411569595,0.027977999299764633,0.00433538481593132
COc1cc2nccc(Oc3ccc(NC(=O)Nc4cc(C)on4)c(Cl)c3)c2cc1OC,A375,[14*]c1cc(C)on1,0.03231338411569595,0.02884051576256752,0.0034728683531284332
COc1cc2nccc(Oc3ccc(NC(=O)Nc4cc(C)on4)c(Cl)c3)c2cc1OC,A375,[1*]C([1*])=O,0.03231338411569595,0.02812831476330757,0.004185069352388382
COc1cc2nccc(Oc3ccc(NC(=O)Nc4cc(C)on4)c(Cl)c3)c2cc1OC,A375,[3*]OC,0.03231338411569595,0.027988601475954056,0.004324782639741898
CN(C)C[C@H]1CC[C@@H](CC1)Nc1c(cnc2ccc(nc12)-c1cc(Cl)c(O)c(Cl)c1)C(C)=O,A375,[6*]C(C)=O,0.02434643730521202,0.02863515168428421,-0.004288714379072189
CN(C)C[C@H]1CC[C@@H](CC1)Nc1c(cnc2ccc(nc12)-c1cc(Cl)c(O)c(Cl)c1)C(C)=O,A375,[14*]c1ccc2ncc([16*])c([16*])c2n1,0.02434643730521202,0.033388491719961166,-0.009042054414749146
CN(C)C[C@H]1CC[C@@H](CC1)Nc1c(cnc2ccc(nc12)-c1cc(Cl)c(O)c(Cl)c1)C(C)=O,A375,[15*][C@H]1CC[C@H]([15*])CC1,0.02434643730521202,0.03258620575070381,-0.00823976844549179
CN(C)C[C@H]1CC[C@@H](CC1)Nc1c(cnc2ccc(nc12)-c1cc(Cl)c(O)c(Cl)c1)C(C)=O,A375,[16*]c1cc(Cl)c(O)c(Cl)c1,0.02434643730521202,0.030227981507778168,-0.005881544202566147
CN(C)C[C@H]1CC[C@@H](CC1)Nc1c(cnc2ccc(nc12)-c1cc(Cl)c(O)c(Cl)c1)C(C)=O,A375,[4*]C[8*],0.02434643730521202,0.03177211061120033,-0.007425673305988312
CN(C)C[C@H]1CC[C@@H](CC1)Nc1c(cnc2ccc(nc12)-c1cc(Cl)c(O)c(Cl)c1)C(C)=O,A375,[5*]N(C)C,0.02434643730521202,0.031093671917915344,-0.006747234612703323
CN(C)C[C@H]1CC[C@@H](CC1)Nc1c(cnc2ccc(nc12)-c1cc(Cl)c(O)c(Cl)c1)C(C)=O,A375,[5*]N[5*],0.02434643730521202,0.031697072088718414,-0.007350634783506393
CN1CCN(CC1)c1ccc(Nc2ncc3c(n2)n(-c2cccc(n2)C(C)(C)O)n(CC=C)c3=O)cc1,A375,[9*]n1c(=O)c2cnc([14*])nc2n1[9*],0.031645096838474274,0.03707393258810043,-0.00542883574962616
CN1CCN(CC1)c1ccc(Nc2ncc3c(n2)n(-c2cccc(n2)C(C)(C)O)n(CC=C)c3=O)cc1,A375,[8*]C(C)(C)O,0.031645096838474274,0.028196167200803757,0.003448929637670517
CN1CCN(CC1)c1ccc(Nc2ncc3c(n2)n(-c2cccc(n2)C(C)(C)O)n(CC=C)c3=O)cc1,A375,[8*]CC=C,0.031645096838474274,0.028451159596443176,0.0031939372420310974
CN1CCN(CC1)c1ccc(Nc2ncc3c(n2)n(-c2cccc(n2)C(C)(C)O)n(CC=C)c3=O)cc1,A375,[14*]c1cccc([14*])n1,0.031645096838474274,0.028759561479091644,0.0028855353593826294
CN1CCN(CC1)c1ccc(Nc2ncc3c(n2)n(-c2cccc(n2)C(C)(C)O)n(CC=C)c3=O)cc1,A375,[16*]c1ccc([16*])cc1,0.031645096838474274,0.028141099959611893,0.003503996878862381
CN1CCN(CC1)c1ccc(Nc2ncc3c(n2)n(-c2cccc(n2)C(C)(C)O)n(CC=C)c3=O)cc1,A375,[5*]N[5*],0.031645096838474274,0.029463589191436768,0.002181507647037506
CN1CCN(CC1)c1ccc(Nc2ncc3c(n2)n(-c2cccc(n2)C(C)(C)O)n(CC=C)c3=O)cc1,A375,[5*]N1CCN(C)CC1,0.031645096838474274,0.029308706521987915,0.0023363903164863586
CN(C)CC[C@H](CSc1ccccc1)Nc1ccc(cc1[N+]([O-])=O)S(=O)(=O)NC(=O)c1ccc(cc1)N1CCN(Cc2ccccc2-c2ccc(Cl)cc2)CC1,A375,[16*]c1ccccc1,0.02712404541671276,0.02562851831316948,0.0014955271035432816
CN(C)CC[C@H](CSc1ccccc1)Nc1ccc(cc1[N+]([O-])=O)S(=O)(=O)NC(=O)c1ccc(cc1)N1CCN(Cc2ccccc2-c2ccc(Cl)cc2)CC1,A375,[4*]C[8*],0.02712404541671276,0.022150930017232895,0.004973115399479866
CN(C)CC[C@H](CSc1ccccc1)Nc1ccc(cc1[N+]([O-])=O)S(=O)(=O)NC(=O)c1ccc(cc1)N1CCN(Cc2ccccc2-c2ccc(Cl)cc2)CC1,A375,[16*]c1ccc(Cl)cc1,0.02712404541671276,0.02421867847442627,0.0029053669422864914
CN(C)CC[C@H](CSc1ccccc1)Nc1ccc(cc1[N+]([O-])=O)S(=O)(=O)NC(=O)c1ccc(cc1)N1CCN(Cc2ccccc2-c2ccc(Cl)cc2)CC1,A375,[5*]N1CCN([5*])CC1,0.02712404541671276,0.028011634945869446,-0.0008875895291566849
CN(C)CC[C@H](CSc1ccccc1)Nc1ccc(cc1[N+]([O-])=O)S(=O)(=O)NC(=O)c1ccc(cc1)N1CCN(Cc2ccccc2-c2ccc(Cl)cc2)CC1,A375,[12*]S(=O)(=O)c1ccc([16*])c([N+](=O)[O-])c1,0.02712404541671276,0.030338749289512634,-0.0032147038727998734
CN(C)CC[C@H](CSc1ccccc1)Nc1ccc(cc1[N+]([O-])=O)S(=O)(=O)NC(=O)c1ccc(cc1)N1CCN(Cc2ccccc2-c2ccc(Cl)cc2)CC1,A375,[1*]C([6*])=O,0.02712404541671276,0.028694111853837967,-0.001570066437125206
CN(C)CC[C@H](CSc1ccccc1)Nc1ccc(cc1[N+]([O-])=O)S(=O)(=O)NC(=O)c1ccc(cc1)N1CCN(Cc2ccccc2-c2ccc(Cl)cc2)CC1,A375,[16*]c1ccccc1[16*],0.02712404541671276,0.029583003371953964,-0.0024589579552412033
CN(C)CC[C@H](CSc1ccccc1)Nc1ccc(cc1[N+]([O-])=O)S(=O)(=O)NC(=O)c1ccc(cc1)N1CCN(Cc2ccccc2-c2ccc(Cl)cc2)CC1,A375,[5*]N(C)C,0.02712404541671276,0.028586097061634064,-0.0014620516449213028
CN(C)CC[C@H](CSc1ccccc1)Nc1ccc(cc1[N+]([O-])=O)S(=O)(=O)NC(=O)c1ccc(cc1)N1CCN(Cc2ccccc2-c2ccc(Cl)cc2)CC1,A375,[5*]N[5*],0.02712404541671276,0.02877962961792946,-0.0016555842012166977
CN(C)CC[C@H](CSc1ccccc1)Nc1ccc(cc1[N+]([O-])=O)S(=O)(=O)NC(=O)c1ccc(cc1)N1CCN(Cc2ccccc2-c2ccc(Cl)cc2)CC1,A375,[16*]c1ccc([16*])cc1,0.02712404541671276,0.0295371413230896,-0.0024130959063768387
CN(C)CC[C@H](CSc1ccccc1)Nc1ccc(cc1[N+]([O-])=O)S(=O)(=O)NC(=O)c1ccc(cc1)N1CCN(Cc2ccccc2-c2ccc(Cl)cc2)CC1,A375,[4*]CC[C@@H]([4*])C[4*],0.02712404541671276,0.0295371413230896,-0.0024130959063768387
CN(C)CC[C@H](CSc1ccccc1)Nc1ccc(cc1[N+]([O-])=O)S(=O)(=O)NC(=O)c1ccc(cc1)N1CCN(Cc2ccccc2-c2ccc(Cl)cc2)CC1,A375,[11*]S[11*],0.02712404541671276,0.0295371413230896,-0.0024130959063768387
CCCS(=O)(=O)Nc1ccc(F)c(C(=O)c2c[nH]c3ncc(cc23)-c2ccc(Cl)cc2)c1F,A375,[12*]S(=O)(=O)CCC,0.020566526800394058,0.029059208929538727,-0.008492682129144669
CCCS(=O)(=O)Nc1ccc(F)c(C(=O)c2c[nH]c3ncc(cc23)-c2ccc(Cl)cc2)c1F,A375,[16*]c1ccc(Cl)cc1,0.020566526800394058,0.030144814401865005,-0.009578287601470947
CCCS(=O)(=O)Nc1ccc(F)c(C(=O)c2c[nH]c3ncc(cc23)-c2ccc(Cl)cc2)c1F,A375,[16*]c1cnc2[nH]cc([16*])c2c1,0.020566526800394058,0.03087693080306053,-0.010310404002666473
CCCS(=O)(=O)Nc1ccc(F)c(C(=O)c2c[nH]c3ncc(cc23)-c2ccc(Cl)cc2)c1F,A375,[5*]N[5*],0.020566526800394058,0.03233999386429787,-0.011773467063903809
CCCS(=O)(=O)Nc1ccc(F)c(C(=O)c2c[nH]c3ncc(cc23)-c2ccc(Cl)cc2)c1F,A375,[6*]C([6*])=O,0.020566526800394058,0.032503578811883926,-0.011937052011489868
CCCS(=O)(=O)Nc1ccc(F)c(C(=O)c2c[nH]c3ncc(cc23)-c2ccc(Cl)cc2)c1F,A375,[16*]c1ccc(F)c([16*])c1F,0.020566526800394058,0.033410266041755676,-0.012843739241361618
C[C@@H](N)c1ccc(cc1)C(=O)Nc1ccnc2[nH]ccc12,A375,[8*][C@@H](C)N,0.03544355928897858,0.024826932698488235,0.010616626590490341
C[C@@H](N)c1ccc(cc1)C(=O)Nc1ccnc2[nH]ccc12,A375,[16*]c1ccnc2[nH]ccc12,0.03544355928897858,0.030794870108366013,0.004648689180612564
C[C@@H](N)c1ccc(cc1)C(=O)Nc1ccnc2[nH]ccc12,A375,[1*]C([6*])=O,0.03544355928897858,0.03050244227051735,0.004941117018461227
C[C@@H](N)c1ccc(cc1)C(=O)Nc1ccnc2[nH]ccc12,A375,[16*]c1ccc([16*])cc1,0.03544355928897858,0.027502264827489853,0.007941294461488724
C[C@@H](N)c1ccc(cc1)C(=O)Nc1ccnc2[nH]ccc12,A375,[5*]N[5*],0.03544355928897858,0.028662851080298424,0.006780708208680153
Cn1cnc2c(F)c(Nc3ccc(Br)cc3Cl)c(cc12)C(=O)NOCCO,A375,[3*]ONC([6*])=O,0.0323445200920105,0.026141611859202385,0.006202908232808113
Cn1cnc2c(F)c(Nc3ccc(Br)cc3Cl)c(cc12)C(=O)NOCCO,A375,[16*]c1ccc(Br)cc1Cl,0.0323445200920105,0.029602140188217163,0.002742379903793335
Cn1cnc2c(F)c(Nc3ccc(Br)cc3Cl)c(cc12)C(=O)NOCCO,A375,[4*]CCO,0.0323445200920105,0.029652107506990433,0.0026924125850200653
Cn1cnc2c(F)c(Nc3ccc(Br)cc3Cl)c(cc12)C(=O)NOCCO,A375,[5*]N[5*],0.0323445200920105,0.032346952706575394,-2.43261456489563e-06
Cn1cnc2c(F)c(Nc3ccc(Br)cc3Cl)c(cc12)C(=O)NOCCO,A375,[16*]c1cc2c(ncn2C)c(F)c1[16*],0.0323445200920105,0.02998318336904049,0.002361336722970009
COc1cc2ncnc(Nc3ccc(F)c(Cl)c3)c2cc1NC(=O)\C=C\CN1CCCCC1,A375,[14*]c1ncnc2cc([16*])c([16*])cc12,0.034761495888233185,0.033873483538627625,0.0008880123496055603
COc1cc2ncnc(Nc3ccc(F)c(Cl)c3)c2cc1NC(=O)\C=C\CN1CCCCC1,A375,[4*]CC[7*],0.034761495888233185,0.026490148156881332,0.008271347731351852
COc1cc2ncnc(Nc3ccc(F)c(Cl)c3)c2cc1NC(=O)\C=C\CN1CCCCC1,A375,[5*]N1CCCCC1,0.034761495888233185,0.024631019681692123,0.010130476206541061
COc1cc2ncnc(Nc3ccc(F)c(Cl)c3)c2cc1NC(=O)\C=C\CN1CCCCC1,A375,[5*]N[5*],0.034761495888233185,0.025270994752645493,0.009490501135587692
COc1cc2ncnc(Nc3ccc(F)c(Cl)c3)c2cc1NC(=O)\C=C\CN1CCCCC1,A375,[16*]c1ccc(F)c(Cl)c1,0.034761495888233185,0.02470262721180916,0.010058868676424026
COc1cc2ncnc(Nc3ccc(F)c(Cl)c3)c2cc1NC(=O)\C=C\CN1CCCCC1,A375,[1*]C(=O)C[7*],0.034761495888233185,0.025829019024968147,0.008932476863265038
COc1cc2ncnc(Nc3ccc(F)c(Cl)c3)c2cc1NC(=O)\C=C\CN1CCCCC1,A375,[3*]OC,0.034761495888233185,0.02483220398426056,0.009929291903972626
CC(C)n1nc(-c2ccc3oc(N)nc3c2)c2c(N)ncnc12,A375,[16*]c1ccc2oc(N)nc2c1,0.030171459540724754,0.026605498045682907,0.0035659614950418472
CC(C)n1nc(-c2ccc3oc(N)nc3c2)c2c(N)ncnc12,A375,[8*]C(C)C,0.030171459540724754,0.026241693645715714,0.003929765895009041
CC(C)n1nc(-c2ccc3oc(N)nc3c2)c2c(N)ncnc12,A375,[9*]n1nc([14*])c2c(N)ncnc21,0.030171459540724754,0.02011159621179104,0.010059863328933716
CN1CCN(CC1)c1cc(Nc2cc(C)[nH]n2)nc(Sc2ccc(NC(=O)C3CC3)cc2)n1,A375,[14*]c1cc(C)[nH]n1,0.04206734895706177,0.03083878383040428,0.011228565126657486
CN1CCN(CC1)c1cc(Nc2cc(C)[nH]n2)nc(Sc2ccc(NC(=O)C3CC3)cc2)n1,A375,[14*]c1cc([14*])nc([14*])n1,0.04206734895706177,0.03317856416106224,0.008888784795999527
CN1CCN(CC1)c1cc(Nc2cc(C)[nH]n2)nc(Sc2ccc(NC(=O)C3CC3)cc2)n1,A375,[5*]N1CCN(C)CC1,0.04206734895706177,0.032546404749155045,0.009520944207906723
CN1CCN(CC1)c1cc(Nc2cc(C)[nH]n2)nc(Sc2ccc(NC(=O)C3CC3)cc2)n1,A375,[1*]C([6*])=O,0.04206734895706177,0.034170001745224,0.007897347211837769
CN1CCN(CC1)c1cc(Nc2cc(C)[nH]n2)nc(Sc2ccc(NC(=O)C3CC3)cc2)n1,A375,[5*]N[5*],0.04206734895706177,0.032738812267780304,0.009328536689281464
CN1CCN(CC1)c1cc(Nc2cc(C)[nH]n2)nc(Sc2ccc(NC(=O)C3CC3)cc2)n1,A375,[16*]c1ccc([16*])cc1,0.04206734895706177,0.03349519520998001,0.008572153747081757
CN1CCN(CC1)c1cc(Nc2cc(C)[nH]n2)nc(Sc2ccc(NC(=O)C3CC3)cc2)n1,A375,[15*]C1CC1,0.04206734895706177,0.034554727375507355,0.007512621581554413
CN1CCN(CC1)c1cc(Nc2cc(C)[nH]n2)nc(Sc2ccc(NC(=O)C3CC3)cc2)n1,A375,[11*]S[11*],0.04206734895706177,0.034039728343486786,0.008027620613574982
CC[C@H](Nc1ncnc2[nH]cnc12)c1nc2cccc(F)c2c(=O)n1-c1ccccc1,A375,[14*]c1ncnc2[nH]cnc12,0.031422458589076996,0.027859985828399658,0.0035624727606773376
CC[C@H](Nc1ncnc2[nH]cnc12)c1nc2cccc(F)c2c(=O)n1-c1ccccc1,A375,[9*]n1c([14*])nc2cccc(F)c2c1=O,0.031422458589076996,0.02335960790514946,0.008062850683927536
CC[C@H](Nc1ncnc2[nH]cnc12)c1nc2cccc(F)c2c(=O)n1-c1ccccc1,A375,[16*]c1ccccc1,0.031422458589076996,0.025057699531316757,0.006364759057760239
CC[C@H](Nc1ncnc2[nH]cnc12)c1nc2cccc(F)c2c(=O)n1-c1ccccc1,A375,[5*]N[5*],0.031422458589076996,0.025653015822172165,0.005769442766904831
CC[C@H](Nc1ncnc2[nH]cnc12)c1nc2cccc(F)c2c(=O)n1-c1ccccc1,A375,[4*][C@H]([8*])CC,0.031422458589076996,0.0248407069593668,0.0065817516297101974
COc1cc2ncnc(Nc3ccc(F)c(Cl)c3)c2cc1OCCCN1CCOCC1,A375,[14*]c1ncnc2cc([16*])c([16*])cc12,0.028738362714648247,0.031368110328912735,-0.0026297476142644882
COc1cc2ncnc(Nc3ccc(F)c(Cl)c3)c2cc1OCCCN1CCOCC1,A375,[4*]CCC[4*],0.028738362714648247,0.02394910156726837,0.004789261147379875
COc1cc2ncnc(Nc3ccc(F)c(Cl)c3)c2cc1OCCCN1CCOCC1,A375,[5*]N1CCOCC1,0.028738362714648247,0.024922113865613937,0.0038162488490343094
COc1cc2ncnc(Nc3ccc(F)c(Cl)c3)c2cc1OCCCN1CCOCC1,A375,[3*]O[3*],0.028738362714648247,0.025340288877487183,0.003398073837161064
COc1cc2ncnc(Nc3ccc(F)c(Cl)c3)c2cc1OCCCN1CCOCC1,A375,[5*]N[5*],0.028738362714648247,0.02286975458264351,0.005868608132004738
COc1cc2ncnc(Nc3ccc(F)c(Cl)c3)c2cc1OCCCN1CCOCC1,A375,[16*]c1ccc(F)c(Cl)c1,0.028738362714648247,0.026288185268640518,0.0024501774460077286
COc1cc2ncnc(Nc3ccc(F)c(Cl)c3)c2cc1OCCCN1CCOCC1,A375,[3*]OC,0.028738362714648247,0.024536166340112686,0.004202196374535561
CC(C)CC(=O)Nc1n[nH]c2c1CN(C(=O)C1CCN(C)CC1)C2(C)C,A375,[5*]N1Cc2c([14*])n[nH]c2C1(C)C,0.02773941680788994,0.02143135666847229,0.006308060139417648
CC(C)CC(=O)Nc1n[nH]c2c1CN(C(=O)C1CCN(C)CC1)C2(C)C,A375,[1*]C([6*])=O,0.02773941680788994,0.025898460298776627,0.0018409565091133118
CC(C)CC(=O)Nc1n[nH]c2c1CN(C(=O)C1CCN(C)CC1)C2(C)C,A375,[1*]C(=O)CC(C)C,0.02773941680788994,0.026887908577919006,0.000851508229970932
CC(C)CC(=O)Nc1n[nH]c2c1CN(C(=O)C1CCN(C)CC1)C2(C)C,A375,[5*]N[5*],0.02773941680788994,0.028074827045202255,-0.0003354102373123169
CC(C)CC(=O)Nc1n[nH]c2c1CN(C(=O)C1CCN(C)CC1)C2(C)C,A375,[15*]C1CCN(C)CC1,0.02773941680788994,0.025821764022111893,0.0019176527857780457
CC[C@H]1N(C2CCCC2)c2nc(Nc3ccc(cc3OC)C(=O)NC3CCN(C)CC3)ncc2N(C)C1=O,A375,[16*]c1ccc([16*])c([16*])c1,0.03627414628863335,0.027323227375745773,0.008950918912887573
CC[C@H]1N(C2CCCC2)c2nc(Nc3ccc(cc3OC)C(=O)NC3CCN(C)CC3)ncc2N(C)C1=O,A375,[5*]N1c2nc([14*])ncc2N(C)C(=O)[C@H]1[13*],0.03627414628863335,0.03061835467815399,0.005655791610479355
CC[C@H]1N(C2CCCC2)c2nc(Nc3ccc(cc3OC)C(=O)NC3CCN(C)CC3)ncc2N(C)C1=O,A375,[1*]C([6*])=O,0.03627414628863335,0.030107952654361725,0.006166193634271622
CC[C@H]1N(C2CCCC2)c2nc(Nc3ccc(cc3OC)C(=O)NC3CCN(C)CC3)ncc2N(C)C1=O,A375,[5*]N[5*],0.03627414628863335,0.031090859323740005,0.005183286964893341
CC[C@H]1N(C2CCCC2)c2nc(Nc3ccc(cc3OC)C(=O)NC3CCN(C)CC3)ncc2N(C)C1=O,A375,[15*]C1CCN(C)CC1,0.03627414628863335,0.03287355601787567,0.003400590270757675
CC[C@H]1N(C2CCCC2)c2nc(Nc3ccc(cc3OC)C(=O)NC3CCN(C)CC3)ncc2N(C)C1=O,A375,[15*]C1CCCC1,0.03627414628863335,0.03295093774795532,0.0033232085406780243
CC[C@H]1N(C2CCCC2)c2nc(Nc3ccc(cc3OC)C(=O)NC3CCN(C)CC3)ncc2N(C)C1=O,A375,[8*]CC,0.03627414628863335,0.03213239833712578,0.004141747951507568
CC[C@H]1N(C2CCCC2)c2nc(Nc3ccc(cc3OC)C(=O)NC3CCN(C)CC3)ncc2N(C)C1=O,A375,[3*]OC,0.03627414628863335,0.031540144234895706,0.00473400205373764
S=C(NCc1ccc2OCOc2c1)N1CCN(CC1)c1ncnc2c3ccccc3oc12,A375,[14*]c1ncnc2c1oc1ccccc12,0.024457009509205818,0.028158508241176605,-0.003701498731970787
S=C(NCc1ccc2OCOc2c1)N1CCN(CC1)c1ncnc2c3ccccc3oc12,A375,[5*]NC(=S)N1CCN([5*])CC1,0.024457009509205818,0.013651642948389053,0.010805366560816765
S=C(NCc1ccc2OCOc2c1)N1CCN(CC1)c1ncnc2c3ccccc3oc12,A375,[4*]C[8*],0.024457009509205818,0.02382127195596695,0.0006357375532388687
S=C(NCc1ccc2OCOc2c1)N1CCN(CC1)c1ncnc2c3ccccc3oc12,A375,[16*]c1ccc2c(c1)OCO2,0.024457009509205818,0.02341208979487419,0.001044919714331627
Oc1cccc(c1)-c1nc(N2CCOCC2)c2oc3ncccc3c2n1,A375,[5*]N1CCOCC1,0.021765299141407013,0.02244807966053486,-0.0006827805191278458
Oc1cccc(c1)-c1nc(N2CCOCC2)c2oc3ncccc3c2n1,A375,[16*]c1cccc(O)c1,0.021765299141407013,0.02526191994547844,-0.0034966208040714264
Oc1cccc(c1)-c1nc(N2CCOCC2)c2oc3ncccc3c2n1,A375,[14*]c1nc([14*])c2oc3ncccc3c2n1,0.021765299141407013,0.009702980518341064,0.012062318623065948
NC1(CCC1)c1ccc(cc1)-c1nc2ccn3c(n[nH]c3=O)c2cc1-c1ccccc1,A375,[14*]c1nc2ccn3c(=O)[nH]nc3c2cc1[16*],0.02241387777030468,0.019642945379018784,0.0027709323912858963
NC1(CCC1)c1ccc(cc1)-c1nc2ccn3c(n[nH]c3=O)c2cc1-c1ccccc1,A375,[16*]c1ccccc1,0.02241387777030468,0.02714620903134346,-0.00473233126103878
NC1(CCC1)c1ccc(cc1)-c1nc2ccn3c(n[nH]c3=O)c2cc1-c1ccccc1,A375,[15*]C1(N)CCC1,0.02241387777030468,0.027548041194677353,-0.005134163424372673
NC1(CCC1)c1ccc(cc1)-c1nc2ccn3c(n[nH]c3=O)c2cc1-c1ccccc1,A375,[16*]c1ccc([16*])cc1,0.02241387777030468,0.027815960347652435,-0.005402082577347755
COCCOc1cc2ncnc(Nc3cccc(c3)C#C)c2cc1OCCOC,A375,[16*]c1cccc(C#C)c1,0.029591601341962814,0.021937448531389236,0.007654152810573578
COCCOc1cc2ncnc(Nc3cccc(c3)C#C)c2cc1OCCOC,A375,[14*]c1ncnc2cc([16*])c([16*])cc12,0.029591601341962814,0.01701860874891281,0.012572992593050003
COCCOc1cc2ncnc(Nc3cccc(c3)C#C)c2cc1OCCOC,A375,[3*]O[3*],0.029591601341962814,0.02387603372335434,0.005715567618608475
COCCOc1cc2ncnc(Nc3cccc(c3)C#C)c2cc1OCCOC,A375,[5*]N[5*],0.029591601341962814,0.022921374067664146,0.006670227274298668
COCCOc1cc2ncnc(Nc3cccc(c3)C#C)c2cc1OCCOC,A375,[4*]CC[4*],0.029591601341962814,0.023767150938510895,0.0058244504034519196
COCCOc1cc2ncnc(Nc3cccc(c3)C#C)c2cc1OCCOC,A375,[3*]OC,0.029591601341962814,0.02394513040781021,0.005646470934152603
COc1ccc(cc1)S(=O)(=O)N(C(C)=O)c1ccccc1\C=C\c1cc[n+]([O-])cc1,A375,[7*]C[8*],0.025911394506692886,0.031974613666534424,-0.0060632191598415375
COc1ccc(cc1)S(=O)(=O)N(C(C)=O)c1ccccc1\C=C\c1cc[n+]([O-])cc1,A375,[5*]N([5*])[5*],0.025911394506692886,0.03316744416952133,-0.0072560496628284454
COc1ccc(cc1)S(=O)(=O)N(C(C)=O)c1ccccc1\C=C\c1cc[n+]([O-])cc1,A375,[12*]S(=O)(=O)c1ccc([16*])cc1,0.025911394506692886,0.034142766147851944,-0.008231371641159058
COc1ccc(cc1)S(=O)(=O)N(C(C)=O)c1ccccc1\C=C\c1cc[n+]([O-])cc1,A375,[16*]c1ccccc1[16*],0.025911394506692886,0.03181346505880356,-0.005902070552110672
COc1ccc(cc1)S(=O)(=O)N(C(C)=O)c1ccccc1\C=C\c1cc[n+]([O-])cc1,A375,[1*]C(C)=O,0.025911394506692886,0.03222520649433136,-0.0063138119876384735
COc1ccc(cc1)S(=O)(=O)N(C(C)=O)c1ccccc1\C=C\c1cc[n+]([O-])cc1,A375,[16*]c1cc[n+]([O-])cc1,0.025911394506692886,0.03417694941163063,-0.008265554904937744
COc1ccc(cc1)S(=O)(=O)N(C(C)=O)c1ccccc1\C=C\c1cc[n+]([O-])cc1,A375,[3*]OC,0.025911394506692886,0.03362366184592247,-0.007712267339229584
CN1CCN(Cc2ccc(cc2)C(=O)Nc2ccc(C)c(Nc3nc(cs3)-c3cccnc3)c2)CC1,A375,[14*]c1csc([14*])n1,0.03489015996456146,0.03406804800033569,0.000822111964225769
CN1CCN(Cc2ccc(cc2)C(=O)Nc2ccc(C)c(Nc3nc(cs3)-c3cccnc3)c2)CC1,A375,[16*]c1cccnc1,0.03489015996456146,0.031582657247781754,0.003307502716779709
CN1CCN(Cc2ccc(cc2)C(=O)Nc2ccc(C)c(Nc3nc(cs3)-c3cccnc3)c2)CC1,A375,[4*]C[8*],0.03489015996456146,0.031703703105449677,0.003186456859111786
CN1CCN(Cc2ccc(cc2)C(=O)Nc2ccc(C)c(Nc3nc(cs3)-c3cccnc3)c2)CC1,A375,[16*]c1ccc(C)c([16*])c1,0.03489015996456146,0.03212236985564232,0.0027677901089191437
CN1CCN(Cc2ccc(cc2)C(=O)Nc2ccc(C)c(Nc3nc(cs3)-c3cccnc3)c2)CC1,A375,[1*]C([6*])=O,0.03489015996456146,0.03196890652179718,0.0029212534427642822
CN1CCN(Cc2ccc(cc2)C(=O)Nc2ccc(C)c(Nc3nc(cs3)-c3cccnc3)c2)CC1,A375,[5*]N[5*],0.03489015996456146,0.030866608023643494,0.004023551940917969
CN1CCN(Cc2ccc(cc2)C(=O)Nc2ccc(C)c(Nc3nc(cs3)-c3cccnc3)c2)CC1,A375,[16*]c1ccc([16*])cc1,0.03489015996456146,0.032556433230638504,0.0023337267339229584
CN1CCN(Cc2ccc(cc2)C(=O)Nc2ccc(C)c(Nc3nc(cs3)-c3cccnc3)c2)CC1,A375,[5*]N1CCN(C)CC1,0.03489015996456146,0.03145264461636543,0.0034375153481960297
CC(C)n1c(C)ncc1-c1ccnc(Nc2ccc(cc2)S(C)(=O)=O)n1,A375,[9*]n1c([14*])cnc1C,0.0389508381485939,0.030176062136888504,0.008774776011705399
CC(C)n1c(C)ncc1-c1ccnc(Nc2ccc(cc2)S(C)(=O)=O)n1,A375,[8*]C(C)C,0.0389508381485939,0.028983626514673233,0.00996721163392067
CC(C)n1c(C)ncc1-c1ccnc(Nc2ccc(cc2)S(C)(=O)=O)n1,A375,[16*]c1ccc(S(C)(=O)=O)cc1,0.0389508381485939,0.02736561745405197,0.011585220694541931
CC(C)n1c(C)ncc1-c1ccnc(Nc2ccc(cc2)S(C)(=O)=O)n1,A375,[5*]N[5*],0.0389508381485939,0.029899466782808304,0.009051371365785599
CC(C)n1c(C)ncc1-c1ccnc(Nc2ccc(cc2)S(C)(=O)=O)n1,A375,[14*]c1ccnc([14*])n1,0.0389508381485939,0.02791788801550865,0.01103295013308525
OCCn1cc(cn1)-c1cnc2nnn(Cc3ccc4ncccc4c3)c2n1,A375,[16*]c1ccc2ncccc2c1,0.02872728928923607,0.027556423097848892,0.0011708661913871765
OCCn1cc(cn1)-c1cnc2nnn(Cc3ccc4ncccc4c3)c2n1,A375,[9*]n1nnc2ncc([14*])nc21,0.02872728928923607,0.026759501546621323,0.001967787742614746
OCCn1cc(cn1)-c1cnc2nnn(Cc3ccc4ncccc4c3)c2n1,A375,[8*]CCO,0.02872728928923607,0.029525797814130783,-0.0007985085248947144
OCCn1cc(cn1)-c1cnc2nnn(Cc3ccc4ncccc4c3)c2n1,A375,[9*]n1cc([16*])cn1,0.02872728928923607,0.021655477583408356,0.007071811705827713
OCCn1cc(cn1)-c1cnc2nnn(Cc3ccc4ncccc4c3)c2n1,A375,[8*]C[8*],0.02872728928923607,0.029082804918289185,-0.00035551562905311584
Cc1ccc(cc1)-n1nc(cc1NC(=O)Nc1ccc(OCCN2CCOCC2)c2ccccc12)C(C)(C)C,A375,[8*]C(C)(C)C,0.02610754780471325,0.027450598776340485,-0.0013430509716272354
Cc1ccc(cc1)-n1nc(cc1NC(=O)Nc1ccc(OCCN2CCOCC2)c2ccccc12)C(C)(C)C,A375,[9*]n1nc([14*])cc1[14*],0.02610754780471325,0.03574390336871147,-0.009636355563998222
Cc1ccc(cc1)-n1nc(cc1NC(=O)Nc1ccc(OCCN2CCOCC2)c2ccccc12)C(C)(C)C,A375,[5*]N1CCOCC1,0.02610754780471325,0.034684423357248306,-0.008576875552535057
Cc1ccc(cc1)-n1nc(cc1NC(=O)Nc1ccc(OCCN2CCOCC2)c2ccccc12)C(C)(C)C,A375,[3*]O[3*],0.02610754780471325,0.032323531806468964,-0.006215984001755714
Cc1ccc(cc1)-n1nc(cc1NC(=O)Nc1ccc(OCCN2CCOCC2)c2ccccc12)C(C)(C)C,A375,[16*]c1ccc([16*])c2ccccc12,0.02610754780471325,0.03482735529541969,-0.008719807490706444
Cc1ccc(cc1)-n1nc(cc1NC(=O)Nc1ccc(OCCN2CCOCC2)c2ccccc12)C(C)(C)C,A375,[5*]N[5*],0.02610754780471325,0.030762210488319397,-0.004654662683606148
Cc1ccc(cc1)-n1nc(cc1NC(=O)Nc1ccc(OCCN2CCOCC2)c2ccccc12)C(C)(C)C,A375,[16*]c1ccc(C)cc1,0.02610754780471325,0.031013231724500656,-0.004905683919787407
Cc1ccc(cc1)-n1nc(cc1NC(=O)Nc1ccc(OCCN2CCOCC2)c2ccccc12)C(C)(C)C,A375,[4*]CC[4*],0.02610754780471325,0.030613627284765244,-0.004506079480051994
Cc1ccc(cc1)-n1nc(cc1NC(=O)Nc1ccc(OCCN2CCOCC2)c2ccccc12)C(C)(C)C,A375,[1*]C([1*])=O,0.02610754780471325,0.029341410845518112,-0.003233863040804863
CN(c1ccc2c(C)n(C)nc2c1)c1ccnc(Nc2ccc(C)c(c2)S(N)(=O)=O)n1,A375,[16*]c1ccc(C)c(S(N)(=O)=O)c1,0.03027990832924843,0.026930097490549088,0.003349810838699341
CN(c1ccc2c(C)n(C)nc2c1)c1ccnc(Nc2ccc(C)c(c2)S(N)(=O)=O)n1,A375,[16*]c1ccc2c(C)n(C)nc2c1,0.03027990832924843,0.024170204997062683,0.006109703332185745
CN(c1ccc2c(C)n(C)nc2c1)c1ccnc(Nc2ccc(C)c(c2)S(N)(=O)=O)n1,A375,[5*]N([5*])C,0.03027990832924843,0.02522442489862442,0.005055483430624008
CN(c1ccc2c(C)n(C)nc2c1)c1ccnc(Nc2ccc(C)c(c2)S(N)(=O)=O)n1,A375,[5*]N[5*],0.03027990832924843,0.026582960039377213,0.003696948289871216
CN(c1ccc2c(C)n(C)nc2c1)c1ccnc(Nc2ccc(C)c(c2)S(N)(=O)=O)n1,A375,[14*]c1ccnc([14*])n1,0.03027990832924843,0.02566465362906456,0.004615254700183868
COCC(=O)NC\C=C\c1ccc2ncnc(Nc3ccc(Oc4ccc(C)nc4)c(C)c3)c2c1,A375,[16*]c1ccc(C)nc1,0.03052319586277008,0.02982066199183464,0.0007025338709354401
COCC(=O)NC\C=C\c1ccc2ncnc(Nc3ccc(Oc4ccc(C)nc4)c(C)c3)c2c1,A375,[7*]C[8*],0.03052319586277008,0.02649029716849327,0.00403289869427681
COCC(=O)NC\C=C\c1ccc2ncnc(Nc3ccc(Oc4ccc(C)nc4)c(C)c3)c2c1,A375,[4*]CC[7*],0.03052319586277008,0.028043929487466812,0.0024792663753032684
COCC(=O)NC\C=C\c1ccc2ncnc(Nc3ccc(Oc4ccc(C)nc4)c(C)c3)c2c1,A375,[16*]c1ccc([16*])c(C)c1,0.03052319586277008,0.024354087188839912,0.006169108673930168
COCC(=O)NC\C=C\c1ccc2ncnc(Nc3ccc(Oc4ccc(C)nc4)c(C)c3)c2c1,A375,[14*]c1ncnc2ccc([16*])cc12,0.03052319586277008,0.02800019457936287,0.0025230012834072113
COCC(=O)NC\C=C\c1ccc2ncnc(Nc3ccc(Oc4ccc(C)nc4)c(C)c3)c2c1,A375,[1*]C(=O)C[4*],0.03052319586277008,0.02538701519370079,0.00513618066906929
COCC(=O)NC\C=C\c1ccc2ncnc(Nc3ccc(Oc4ccc(C)nc4)c(C)c3)c2c1,A375,[3*]O[3*],0.03052319586277008,0.025337323546409607,0.005185872316360474
COCC(=O)NC\C=C\c1ccc2ncnc(Nc3ccc(Oc4ccc(C)nc4)c(C)c3)c2c1,A375,[5*]N[5*],0.03052319586277008,0.025294199585914612,0.005228996276855469
COCC(=O)NC\C=C\c1ccc2ncnc(Nc3ccc(Oc4ccc(C)nc4)c(C)c3)c2c1,A375,[3*]OC,0.03052319586277008,0.02446870505809784,0.006054490804672241
NC(=O)[C@H]1CCCc2c1[nH]c1ccc(Cl)cc21,A375,NC(=O)[C@H]1CCCc2c1[nH]c1ccc(Cl)cc21,0.025597723200917244,0.035396914929151535,-0.009799191728234291
COc1cc2c(Nc3ccc(Br)cc3F)ncnc2cc1OCC1CCN(C)CC1,A375,[14*]c1ncnc2cc([16*])c([16*])cc12,0.028582900762557983,0.03122803196310997,-0.0026451312005519867
COc1cc2c(Nc3ccc(Br)cc3F)ncnc2cc1OCC1CCN(C)CC1,A375,[16*]c1ccc(Br)cc1F,0.028582900762557983,0.026448484510183334,0.002134416252374649
COc1cc2c(Nc3ccc(Br)cc3F)ncnc2cc1OCC1CCN(C)CC1,A375,[4*]C[8*],0.028582900762557983,0.026664281263947487,0.0019186194986104965
COc1cc2c(Nc3ccc(Br)cc3F)ncnc2cc1OCC1CCN(C)CC1,A375,[3*]O[3*],0.028582900762557983,0.028003331273794174,0.0005795694887638092
COc1cc2c(Nc3ccc(Br)cc3F)ncnc2cc1OCC1CCN(C)CC1,A375,[5*]N[5*],0.028582900762557983,0.024204552173614502,0.0043783485889434814
COc1cc2c(Nc3ccc(Br)cc3F)ncnc2cc1OCC1CCN(C)CC1,A375,[15*]C1CCN(C)CC1,0.028582900762557983,0.026755526661872864,0.0018273741006851196
COc1cc2c(Nc3ccc(Br)cc3F)ncnc2cc1OCC1CCN(C)CC1,A375,[3*]OC,0.028582900762557983,0.026551295071840286,0.002031605690717697
Nc1ccccc1NC(=O)c1ccc(CNC(=O)OCc2cccnc2)cc1,A375,[16*]c1cccnc1,0.04045615345239639,0.03371782228350639,0.006738331168889999
Nc1ccccc1NC(=O)c1ccc(CNC(=O)OCc2cccnc2)cc1,A375,[4*]C[8*],0.04045615345239639,0.03226428106427193,0.008191872388124466
Nc1ccccc1NC(=O)c1ccc(CNC(=O)OCc2cccnc2)cc1,A375,[1*]C([6*])=O,0.04045615345239639,0.034817736595869064,0.0056384168565273285
Nc1ccccc1NC(=O)c1ccc(CNC(=O)OCc2cccnc2)cc1,A375,[16*]c1ccccc1N,0.04045615345239639,0.03228713572025299,0.008169017732143402
Nc1ccccc1NC(=O)c1ccc(CNC(=O)OCc2cccnc2)cc1,A375,[3*]O[3*],0.04045615345239639,0.03386782482266426,0.006588328629732132
Nc1ccccc1NC(=O)c1ccc(CNC(=O)OCc2cccnc2)cc1,A375,[5*]N[5*],0.04045615345239639,0.031852807849645615,0.008603345602750778
Nc1ccccc1NC(=O)c1ccc(CNC(=O)OCc2cccnc2)cc1,A375,[16*]c1ccc([16*])cc1,0.04045615345239639,0.034630898386240005,0.005825255066156387
Nc1ccccc1NC(=O)c1ccc(CNC(=O)OCc2cccnc2)cc1,A375,[1*]C([1*])=O,0.04045615345239639,0.0338277705013752,0.0066283829510211945
C[C@@H](Oc1cc(cnc1N)-c1cnn(c1)C1CCNCC1)c1c(Cl)ccc(F)c1Cl,A375,[16*]c1cnc(N)c([16*])c1,0.022209856659173965,0.028474941849708557,-0.006265085190534592
C[C@@H](Oc1cc(cnc1N)-c1cnn(c1)C1CCNCC1)c1c(Cl)ccc(F)c1Cl,A375,[16*]c1c(Cl)ccc(F)c1Cl,0.022209856659173965,0.030398055911064148,-0.008188199251890182
C[C@@H](Oc1cc(cnc1N)-c1cnn(c1)C1CCNCC1)c1c(Cl)ccc(F)c1Cl,A375,[15*]C1CCNCC1,0.022209856659173965,0.02965821698307991,-0.007448360323905945
C[C@@H](Oc1cc(cnc1N)-c1cnn(c1)C1CCNCC1)c1c(Cl)ccc(F)c1Cl,A375,[3*]O[3*],0.022209856659173965,0.03188125416636467,-0.009671397507190704
C[C@@H](Oc1cc(cnc1N)-c1cnn(c1)C1CCNCC1)c1c(Cl)ccc(F)c1Cl,A375,[9*]n1cc([16*])cn1,0.022209856659173965,0.02866370603442192,-0.006453849375247955
C[C@@H](Oc1cc(cnc1N)-c1cnn(c1)C1CCNCC1)c1c(Cl)ccc(F)c1Cl,A375,[4*][C@@H]([8*])C,0.022209856659173965,0.02887997403740883,-0.006670117378234863
OCCCNc1cc(ccn1)c2ccnc(Nc3cccc(Cl)c3)n2,A375,[14*]c1cc([16*])ccn1,0.03875584155321121,0.026383522897958755,0.012372318655252457
OCCCNc1cc(ccn1)c2ccnc(Nc3cccc(Cl)c3)n2,A375,[4*]CCCO,0.03875584155321121,0.02601488307118416,0.012740958482027054
OCCCNc1cc(ccn1)c2ccnc(Nc3cccc(Cl)c3)n2,A375,[16*]c1cccc(Cl)c1,0.03875584155321121,0.028434617444872856,0.010321224108338356
OCCCNc1cc(ccn1)c2ccnc(Nc3cccc(Cl)c3)n2,A375,[5*]N[5*],0.03875584155321121,0.026552457362413406,0.012203384190797806
OCCCNc1cc(ccn1)c2ccnc(Nc3cccc(Cl)c3)n2,A375,[14*]c1ccnc([14*])n1,0.03875584155321121,0.02732113003730774,0.011434711515903473
Nc1ncn([C@H]2C[C@H](O)[C@@H](CO)O2)c(=O)n1,A375,[8*]CO,0.03035854361951351,0.029142264276742935,0.0012162793427705765
Nc1ncn([C@H]2C[C@H](O)[C@@H](CO)O2)c(=O)n1,A375,[9*]n1cnc(N)nc1=O,0.03035854361951351,0.03301287442445755,-0.0026543308049440384
Nc1ncn([C@H]2C[C@H](O)[C@@H](CO)O2)c(=O)n1,A375,[13*][C@H]1C[C@H](O)[C@@H]([13*])O1,0.03035854361951351,0.037040576338768005,-0.006682032719254494
Cn1cc(C2=C(C(=O)NC2=O)c2cn(C3CCN(Cc4ccccn4)CC3)c3ccccc23)c2ccccc12,A375,[5*]N1CCC([15*])CC1,0.024537650868296623,0.03134061023592949,-0.006802959367632866
Cn1cc(C2=C(C(=O)NC2=O)c2cn(C3CCN(Cc4ccccn4)CC3)c3ccccc23)c2ccccc12,A375,[14*]c1ccccn1,0.024537650868296623,0.02684164047241211,-0.002303989604115486
Cn1cc(C2=C(C(=O)NC2=O)c2cn(C3CCN(Cc4ccccn4)CC3)c3ccccc23)c2ccccc12,A375,[4*]C[8*],0.024537650868296623,0.029281705617904663,-0.00474405474960804
Cn1cc(C2=C(C(=O)NC2=O)c2cn(C3CCN(Cc4ccccn4)CC3)c3ccccc23)c2ccccc12,A375,[9*]n1cc(C2=C(c3cn(C)c4ccccc34)C(=O)NC2=O)c2ccccc21,0.024537650868296623,0.028625819832086563,-0.00408816896378994
CN1CCC(CNc2ccc3ncc(-c4cccc(OC(F)(F)F)c4)n3n2)CC1,A375,[14*]c1ccc2ncc([14*])n2n1,0.03023248165845871,0.028349053114652634,0.001883428543806076
CN1CCC(CNc2ccc3ncc(-c4cccc(OC(F)(F)F)c4)n3n2)CC1,A375,[4*]C[8*],0.03023248165845871,0.026771344244480133,0.0034611374139785767
CN1CCC(CNc2ccc3ncc(-c4cccc(OC(F)(F)F)c4)n3n2)CC1,A375,[15*]C1CCN(C)CC1,0.03023248165845871,0.025270681828260422,0.004961799830198288
CN1CCC(CNc2ccc3ncc(-c4cccc(OC(F)(F)F)c4)n3n2)CC1,A375,[5*]N[5*],0.03023248165845871,0.02584077976644039,0.004391701892018318
CN1CCC(CNc2ccc3ncc(-c4cccc(OC(F)(F)F)c4)n3n2)CC1,A375,[3*]OC(F)(F)F,0.03023248165845871,0.02609136328101158,0.004141118377447128
CN1CCC(CNc2ccc3ncc(-c4cccc(OC(F)(F)F)c4)n3n2)CC1,A375,[16*]c1cccc([16*])c1,0.03023248165845871,0.023540571331977844,0.0066919103264808655
Oc1ccc(cc1)\C=C\c1cc(O)cc(O)c1,A375,[16*]c1ccc(O)cc1,0.026507467031478882,0.02438398450613022,0.0021234825253486633
Oc1ccc(cc1)\C=C\c1cc(O)cc(O)c1,A375,[7*]C[8*],0.026507467031478882,0.024327576160430908,0.0021798908710479736
Oc1ccc(cc1)\C=C\c1cc(O)cc(O)c1,A375,[16*]c1cc(O)cc(O)c1,0.026507467031478882,0.015784285962581635,0.010723181068897247
ONC(=O)CCCCCCC(=O)Nc1ccccc1,A375,[1*]C(=O)CCCCCCC(=O)NO,0.040992867201566696,0.01857290044426918,0.022419966757297516
ONC(=O)CCCCCCC(=O)Nc1ccccc1,A375,[16*]c1ccccc1,0.040992867201566696,0.022046266123652458,0.018946601077914238
ONC(=O)CCCCCCC(=O)Nc1ccccc1,A375,[5*]N[5*],0.040992867201566696,0.017980283126235008,0.023012584075331688
Cc1cn(cn1)-c1cc(NC(=O)c2ccc(C)c(Nc3nccc(n3)-c3cccnc3)c2)cc(c1)C(F)(F)F,A375,[14*]c1ccnc([14*])n1,0.030186934396624565,0.031928468495607376,-0.001741534098982811
Cc1cn(cn1)-c1cc(NC(=O)c2ccc(C)c(Nc3nccc(n3)-c3cccnc3)c2)cc(c1)C(F)(F)F,A375,[16*]c1cccnc1,0.030186934396624565,0.02754059061408043,0.002646343782544136
Cc1cn(cn1)-c1cc(NC(=O)c2ccc(C)c(Nc3nccc(n3)-c3cccnc3)c2)cc(c1)C(F)(F)F,A375,[8*]C(F)(F)F,0.030186934396624565,0.02969246730208397,0.000494467094540596
Cc1cn(cn1)-c1cc(NC(=O)c2ccc(C)c(Nc3nccc(n3)-c3cccnc3)c2)cc(c1)C(F)(F)F,A375,[9*]n1cnc(C)c1,0.030186934396624565,0.028788141906261444,0.001398792490363121
Cc1cn(cn1)-c1cc(NC(=O)c2ccc(C)c(Nc3nccc(n3)-c3cccnc3)c2)cc(c1)C(F)(F)F,A375,[16*]c1ccc(C)c([16*])c1,0.030186934396624565,0.029226910322904587,0.0009600240737199783
Cc1cn(cn1)-c1cc(NC(=O)c2ccc(C)c(Nc3nccc(n3)-c3cccnc3)c2)cc(c1)C(F)(F)F,A375,[1*]C([6*])=O,0.030186934396624565,0.026127256453037262,0.004059677943587303
Cc1cn(cn1)-c1cc(NC(=O)c2ccc(C)c(Nc3nccc(n3)-c3cccnc3)c2)cc(c1)C(F)(F)F,A375,[5*]N[5*],0.030186934396624565,0.027645282447338104,0.002541651949286461
Cc1cn(cn1)-c1cc(NC(=O)c2ccc(C)c(Nc3nccc(n3)-c3cccnc3)c2)cc(c1)C(F)(F)F,A375,[16*]c1cc([16*])cc([16*])c1,0.030186934396624565,0.02620895579457283,0.003977978602051735
ONC(=O)CCCCCCNC(=O)c1cnc(nc1)N(c1ccccc1)c1ccccc1,A375,[4*]CCCCCCC(=O)NO,0.0260591022670269,0.034650735557079315,-0.008591633290052414
ONC(=O)CCCCCCNC(=O)c1cnc(nc1)N(c1ccccc1)c1ccccc1,A375,[16*]c1ccccc1,0.0260591022670269,0.038106322288513184,-0.012047220021486282
ONC(=O)CCCCCCNC(=O)c1cnc(nc1)N(c1ccccc1)c1ccccc1,A375,[5*]N([5*])[5*],0.0260591022670269,0.029283639043569565,-0.0032245367765426636
ONC(=O)CCCCCCNC(=O)c1cnc(nc1)N(c1ccccc1)c1ccccc1,A375,[1*]C([6*])=O,0.0260591022670269,0.031349197030067444,-0.005290094763040543
ONC(=O)CCCCCCNC(=O)c1cnc(nc1)N(c1ccccc1)c1ccccc1,A375,[5*]N[5*],0.0260591022670269,0.032432328909635544,-0.006373226642608643
ONC(=O)CCCCCCNC(=O)c1cnc(nc1)N(c1ccccc1)c1ccccc1,A375,[14*]c1ncc([16*])cn1,0.0260591022670269,0.03008907660841942,-0.004029974341392517
OC(=O)c1ccc(Nc2ncc3CN=C(c4cc(Cl)ccc4-c3n2)c2c(F)cccc2F)cc1,A375,[16*]c1ccc([16*])cc1,0.028943752869963646,0.02269793301820755,0.006245819851756096
OC(=O)c1ccc(Nc2ncc3CN=C(c4cc(Cl)ccc4-c3n2)c2c(F)cccc2F)cc1,A375,[14*]c1ncc2c(n1)-c1ccc(Cl)cc1C(c1c(F)cccc1F)=NC2,0.028943752869963646,0.021688908338546753,0.007254844531416893
OC(=O)c1ccc(Nc2ncc3CN=C(c4cc(Cl)ccc4-c3n2)c2c(F)cccc2F)cc1,A375,[6*]C(=O)O,0.028943752869963646,0.018630433827638626,0.01031331904232502
OC(=O)c1ccc(Nc2ncc3CN=C(c4cc(Cl)ccc4-c3n2)c2c(F)cccc2F)cc1,A375,[5*]N[5*],0.028943752869963646,0.024397024884819984,0.0045467279851436615
CCOc1cc2ncc(C#N)c(Nc3ccc(OCc4ccccn4)c(Cl)c3)c2cc1NC(=O)\C=C\CN(C)C,A375,[14*]c1ccccn1,0.031048117205500603,0.027078349143266678,0.003969768062233925
CCOc1cc2ncc(C#N)c(Nc3ccc(OCc4ccccn4)c(Cl)c3)c2cc1NC(=O)\C=C\CN(C)C,A375,[4*]CC[7*],0.031048117205500603,0.025209523737430573,0.00583859346807003
CCOc1cc2ncc(C#N)c(Nc3ccc(OCc4ccccn4)c(Cl)c3)c2cc1NC(=O)\C=C\CN(C)C,A375,[16*]c1ccc([16*])c(Cl)c1,0.031048117205500603,0.028297584503889084,0.002750532701611519
CCOc1cc2ncc(C#N)c(Nc3ccc(OCc4ccccn4)c(Cl)c3)c2cc1NC(=O)\C=C\CN(C)C,A375,[4*]C[8*],0.031048117205500603,0.02927960455417633,0.0017685126513242722
CCOc1cc2ncc(C#N)c(Nc3ccc(OCc4ccccn4)c(Cl)c3)c2cc1NC(=O)\C=C\CN(C)C,A375,[3*]O[3*],0.031048117205500603,0.03080623596906662,0.00024188123643398285
CCOc1cc2ncc(C#N)c(Nc3ccc(OCc4ccccn4)c(Cl)c3)c2cc1NC(=O)\C=C\CN(C)C,A375,[5*]N(C)C,0.031048117205500603,0.029040146619081497,0.0020079705864191055
CCOc1cc2ncc(C#N)c(Nc3ccc(OCc4ccccn4)c(Cl)c3)c2cc1NC(=O)\C=C\CN(C)C,A375,[5*]N[5*],0.031048117205500603,0.029372282326221466,0.0016758348792791367
CCOc1cc2ncc(C#N)c(Nc3ccc(OCc4ccccn4)c(Cl)c3)c2cc1NC(=O)\C=C\CN(C)C,A375,[1*]C(=O)C[7*],0.031048117205500603,0.03077925741672516,0.00026885978877544403
CCOc1cc2ncc(C#N)c(Nc3ccc(OCc4ccccn4)c(Cl)c3)c2cc1NC(=O)\C=C\CN(C)C,A375,[4*]CC,0.031048117205500603,0.030693717300891876,0.0003543999046087265
CCOc1cc2ncc(C#N)c(Nc3ccc(OCc4ccccn4)c(Cl)c3)c2cc1NC(=O)\C=C\CN(C)C,A375,[16*]c1cc2ncc(C#N)c([16*])c2cc1[16*],0.031048117205500603,0.03237401694059372,-0.0013258997350931168
CCCCc1nc2cc(ccc2n1CCN(CC)CC)\C=C\C(=O)NO,A375,[9*]n1c([14*])nc2cc([16*])ccc21,0.034576497972011566,0.03352254256606102,0.0010539554059505463
CCCCc1nc2cc(ccc2n1CCN(CC)CC)\C=C\C(=O)NO,A375,[7*]C[8*],0.034576497972011566,0.030007649213075638,0.004568848758935928
CCCCc1nc2cc(ccc2n1CCN(CC)CC)\C=C\C(=O)NO,A375,[5*]N([5*])[5*],0.034576497972011566,0.02952103316783905,0.005055464804172516
CCCCc1nc2cc(ccc2n1CCN(CC)CC)\C=C\C(=O)NO,A375,[4*]CC[8*],0.034576497972011566,0.030734464526176453,0.0038420334458351135
CCCCc1nc2cc(ccc2n1CCN(CC)CC)\C=C\C(=O)NO,A375,[8*]CCCC,0.034576497972011566,0.030372008681297302,0.004204489290714264
CCCCc1nc2cc(ccc2n1CCN(CC)CC)\C=C\C(=O)NO,A375,[4*]CC,0.034576497972011566,0.03125281259417534,0.0033236853778362274
CCCCc1nc2cc(ccc2n1CCN(CC)CC)\C=C\C(=O)NO,A375,[7*]CC(=O)NO,0.034576497972011566,0.031014617532491684,0.003561880439519882
C[C@@]1(CCCN1)c1nc2c(cccc2[nH]1)C(N)=O,A375,[13*][C@@]1(C)CCCN1,0.023311568424105644,0.024754803627729416,-0.0014432352036237717
C[C@@]1(CCCN1)c1nc2c(cccc2[nH]1)C(N)=O,A375,[6*]C(N)=O,0.023311568424105644,0.02476050704717636,-0.0014489386230707169
C[C@@]1(CCCN1)c1nc2c(cccc2[nH]1)C(N)=O,A375,[14*]c1nc2c([16*])cccc2[nH]1,0.023311568424105644,0.018513690680265427,0.004797877743840218
O=C(NCC#N)c1ccc(cc1)-c1ccnc(Nc2ccc(cc2)N2CCOCC2)n1,A375,[4*]CC#N,0.02932177111506462,0.03310387581586838,-0.0037821047008037567
O=C(NCC#N)c1ccc(cc1)-c1ccnc(Nc2ccc(cc2)N2CCOCC2)n1,A375,[5*]N1CCOCC1,0.02932177111506462,0.03274870291352272,-0.0034269317984580994
O=C(NCC#N)c1ccc(cc1)-c1ccnc(Nc2ccc(cc2)N2CCOCC2)n1,A375,[1*]C([6*])=O,0.02932177111506462,0.03461789712309837,-0.0052961260080337524
O=C(NCC#N)c1ccc(cc1)-c1ccnc(Nc2ccc(cc2)N2CCOCC2)n1,A375,[16*]c1ccc([16*])cc1,0.02932177111506462,0.033033255487680435,-0.003711484372615814
O=C(NCC#N)c1ccc(cc1)-c1ccnc(Nc2ccc(cc2)N2CCOCC2)n1,A375,[5*]N[5*],0.02932177111506462,0.03261609375476837,-0.0032943226397037506
O=C(NCC#N)c1ccc(cc1)-c1ccnc(Nc2ccc(cc2)N2CCOCC2)n1,A375,[14*]c1ccnc([14*])n1,0.02932177111506462,0.03165576234459877,-0.002333991229534149
CN1CC[C@@H]([C@H](O)C1)c1c(O)cc(O)c2c1oc(cc2=O)-c1ccccc1Cl,A375,[16*]c1ccccc1Cl,0.02642190270125866,0.030017290264368057,-0.003595387563109398
CN1CC[C@@H]([C@H](O)C1)c1c(O)cc(O)c2c1oc(cc2=O)-c1ccccc1Cl,A375,[15*][C@H]1CCN(C)C[C@H]1O,0.02642190270125866,0.03195422142744064,-0.005532318726181984
CN1CC[C@@H]([C@H](O)C1)c1c(O)cc(O)c2c1oc(cc2=O)-c1ccccc1Cl,A375,[14*]c1cc(=O)c2c(O)cc(O)c([16*])c2o1,0.02642190270125866,0.02195044979453087,0.004471452906727791
C[C@@H](Oc1cc(sc1C(N)=O)-n1cnc2ccc(CN3CCN(C)CC3)cc12)c1ccccc1C(F)(F)F,A375,[9*]n1cnc2ccc([16*])cc21,0.024990707635879517,0.03338924050331116,-0.00839853286743164
C[C@@H](Oc1cc(sc1C(N)=O)-n1cnc2ccc(CN3CCN(C)CC3)cc12)c1ccccc1C(F)(F)F,A375,[4*]C[8*],0.024990707635879517,0.028276443481445312,-0.003285735845565796
C[C@@H](Oc1cc(sc1C(N)=O)-n1cnc2ccc(CN3CCN(C)CC3)cc12)c1ccccc1C(F)(F)F,A375,[8*]C(F)(F)F,0.024990707635879517,0.03144500032067299,-0.006454292684793472
C[C@@H](Oc1cc(sc1C(N)=O)-n1cnc2ccc(CN3CCN(C)CC3)cc12)c1ccccc1C(F)(F)F,A375,[16*]c1ccccc1[16*],0.024990707635879517,0.029704976826906204,-0.004714269191026688
C[C@@H](Oc1cc(sc1C(N)=O)-n1cnc2ccc(CN3CCN(C)CC3)cc12)c1ccccc1C(F)(F)F,A375,[6*]C(N)=O,0.024990707635879517,0.029124673455953598,-0.004133965820074081
C[C@@H](Oc1cc(sc1C(N)=O)-n1cnc2ccc(CN3CCN(C)CC3)cc12)c1ccccc1C(F)(F)F,A375,[3*]O[3*],0.024990707635879517,0.03116612136363983,-0.006175413727760315
C[C@@H](Oc1cc(sc1C(N)=O)-n1cnc2ccc(CN3CCN(C)CC3)cc12)c1ccccc1C(F)(F)F,A375,[14*]c1cc([16*])c([14*])s1,0.024990707635879517,0.030603565275669098,-0.005612857639789581
C[C@@H](Oc1cc(sc1C(N)=O)-n1cnc2ccc(CN3CCN(C)CC3)cc12)c1ccccc1C(F)(F)F,A375,[5*]N1CCN(C)CC1,0.024990707635879517,0.031218159943819046,-0.006227452307939529
C[C@@H](Oc1cc(sc1C(N)=O)-n1cnc2ccc(CN3CCN(C)CC3)cc12)c1ccccc1C(F)(F)F,A375,[4*][C@@H]([8*])C,0.024990707635879517,0.030717946588993073,-0.005727238953113556
CN1CCN(Cc2ccc(cc2)C(=O)Nc2ccc(C)c(Nc3nccc(n3)-c3cccnc3)c2)CC1,A375,[16*]c1cccnc1,0.03687094524502754,0.029854152351617813,0.007016792893409729
CN1CCN(Cc2ccc(cc2)C(=O)Nc2ccc(C)c(Nc3nccc(n3)-c3cccnc3)c2)CC1,A375,[4*]C[8*],0.03687094524502754,0.02846774086356163,0.008403204381465912
CN1CCN(Cc2ccc(cc2)C(=O)Nc2ccc(C)c(Nc3nccc(n3)-c3cccnc3)c2)CC1,A375,[16*]c1ccc(C)c([16*])c1,0.03687094524502754,0.03452172130346298,0.00234922394156456
CN1CCN(Cc2ccc(cc2)C(=O)Nc2ccc(C)c(Nc3nccc(n3)-c3cccnc3)c2)CC1,A375,[1*]C([6*])=O,0.03687094524502754,0.03467821329832077,0.002192731946706772
CN1CCN(Cc2ccc(cc2)C(=O)Nc2ccc(C)c(Nc3nccc(n3)-c3cccnc3)c2)CC1,A375,[5*]N[5*],0.03687094524502754,0.03237054497003555,0.004500400274991989
CN1CCN(Cc2ccc(cc2)C(=O)Nc2ccc(C)c(Nc3nccc(n3)-c3cccnc3)c2)CC1,A375,[16*]c1ccc([16*])cc1,0.03687094524502754,0.03290892764925957,0.003962017595767975
CN1CCN(Cc2ccc(cc2)C(=O)Nc2ccc(C)c(Nc3nccc(n3)-c3cccnc3)c2)CC1,A375,[5*]N1CCN(C)CC1,0.03687094524502754,0.031849734485149384,0.005021210759878159
CN1CCN(Cc2ccc(cc2)C(=O)Nc2ccc(C)c(Nc3nccc(n3)-c3cccnc3)c2)CC1,A375,[14*]c1ccnc([14*])n1,0.03687094524502754,0.03406804800033569,0.0028028972446918488
Cn1c(Nc2ccc(cc2)C(F)(F)F)nc2cc(Oc3ccnc(c3)-c3ncc([nH]3)C(F)(F)F)ccc12,A375,[8*]C(F)(F)F,0.024997703731060028,0.02824556455016136,-0.0032478608191013336
Cn1c(Nc2ccc(cc2)C(F)(F)F)nc2cc(Oc3ccnc(c3)-c3ncc([nH]3)C(F)(F)F)ccc12,A375,[14*]c1cc([16*])ccn1,0.024997703731060028,0.029596909880638123,-0.0045992061495780945
Cn1c(Nc2ccc(cc2)C(F)(F)F)nc2cc(Oc3ccnc(c3)-c3ncc([nH]3)C(F)(F)F)ccc12,A375,[3*]O[3*],0.024997703731060028,0.027355443686246872,-0.002357739955186844
Cn1c(Nc2ccc(cc2)C(F)(F)F)nc2cc(Oc3ccnc(c3)-c3ncc([nH]3)C(F)(F)F)ccc12,A375,[14*]c1nc2cc([16*])ccc2n1C,0.024997703731060028,0.03192228823900223,-0.0069245845079422
Cn1c(Nc2ccc(cc2)C(F)(F)F)nc2cc(Oc3ccnc(c3)-c3ncc([nH]3)C(F)(F)F)ccc12,A375,[16*]c1ccc([16*])cc1,0.024997703731060028,0.029698681086301804,-0.0047009773552417755
Cn1c(Nc2ccc(cc2)C(F)(F)F)nc2cc(Oc3ccnc(c3)-c3ncc([nH]3)C(F)(F)F)ccc12,A375,[5*]N[5*],0.024997703731060028,0.02999330312013626,-0.004995599389076233
Cn1c(Nc2ccc(cc2)C(F)(F)F)nc2cc(Oc3ccnc(c3)-c3ncc([nH]3)C(F)(F)F)ccc12,A375,[14*]c1cnc([14*])[nH]1,0.024997703731060028,0.02974925935268402,-0.004751555621623993
CC(C)(C)c1cc(NC(=O)Nc2ccc(cc2)-c2cn3c(n2)sc2cc(OCCN4CCOCC4)ccc32)no1,A375,[8*]C(C)(C)C,0.03380633890628815,0.026250850409269333,0.007555488497018814
CC(C)(C)c1cc(NC(=O)Nc2ccc(cc2)-c2cn3c(n2)sc2cc(OCCN4CCOCC4)ccc32)no1,A375,[5*]N1CCOCC1,0.03380633890628815,0.030274562537670135,0.0035317763686180115
CC(C)(C)c1cc(NC(=O)Nc2ccc(cc2)-c2cn3c(n2)sc2cc(OCCN4CCOCC4)ccc32)no1,A375,[14*]c1cc([14*])on1,0.03380633890628815,0.03520191088318825,-0.0013955719769001007
CC(C)(C)c1cc(NC(=O)Nc2ccc(cc2)-c2cn3c(n2)sc2cc(OCCN4CCOCC4)ccc32)no1,A375,[3*]O[3*],0.03380633890628815,0.033639613538980484,0.00016672536730766296
CC(C)(C)c1cc(NC(=O)Nc2ccc(cc2)-c2cn3c(n2)sc2cc(OCCN4CCOCC4)ccc32)no1,A375,[5*]N[5*],0.03380633890628815,0.032800499349832535,0.0010058395564556122
CC(C)(C)c1cc(NC(=O)Nc2ccc(cc2)-c2cn3c(n2)sc2cc(OCCN4CCOCC4)ccc32)no1,A375,[16*]c1ccc([16*])cc1,0.03380633890628815,0.034904785454273224,-0.001098446547985077
CC(C)(C)c1cc(NC(=O)Nc2ccc(cc2)-c2cn3c(n2)sc2cc(OCCN4CCOCC4)ccc32)no1,A375,[4*]CC[4*],0.03380633890628815,0.03529633209109306,-0.0014899931848049164
CC(C)(C)c1cc(NC(=O)Nc2ccc(cc2)-c2cn3c(n2)sc2cc(OCCN4CCOCC4)ccc32)no1,A375,[14*]c1cn2c(n1)sc1cc([16*])ccc12,0.03380633890628815,0.03858515992760658,-0.004778821021318436
CC(C)(C)c1cc(NC(=O)Nc2ccc(cc2)-c2cn3c(n2)sc2cc(OCCN4CCOCC4)ccc32)no1,A375,[1*]C([1*])=O,0.03380633890628815,0.036124229431152344,-0.0023178905248641968
CN(c1ncccc1CNc1nc(Nc2ccc3NC(=O)Cc3c2)ncc1C(F)(F)F)S(C)(=O)=O,A375,[14*]c1ncc([16*])c([14*])n1,0.029899373650550842,0.026711206883192062,0.00318816676735878
CN(c1ncccc1CNc1nc(Nc2ccc3NC(=O)Cc3c2)ncc1C(F)(F)F)S(C)(=O)=O,A375,[12*]S(C)(=O)=O,0.029899373650550842,0.02559124305844307,0.004308130592107773
CN(c1ncccc1CNc1nc(Nc2ccc3NC(=O)Cc3c2)ncc1C(F)(F)F)S(C)(=O)=O,A375,[4*]C[8*],0.029899373650550842,0.023366156965494156,0.006533216685056686
CN(c1ncccc1CNc1nc(Nc2ccc3NC(=O)Cc3c2)ncc1C(F)(F)F)S(C)(=O)=O,A375,[8*]C(F)(F)F,0.029899373650550842,0.0260220505297184,0.0038773231208324432
CN(c1ncccc1CNc1nc(Nc2ccc3NC(=O)Cc3c2)ncc1C(F)(F)F)S(C)(=O)=O,A375,[5*]N([5*])C,0.029899373650550842,0.025605089962482452,0.00429428368806839
CN(c1ncccc1CNc1nc(Nc2ccc3NC(=O)Cc3c2)ncc1C(F)(F)F)S(C)(=O)=O,A375,[14*]c1ncccc1[16*],0.029899373650550842,0.025326434522867203,0.0045729391276836395
CN(c1ncccc1CNc1nc(Nc2ccc3NC(=O)Cc3c2)ncc1C(F)(F)F)S(C)(=O)=O,A375,[16*]c1ccc2c(c1)CC(=O)N2,0.029899373650550842,0.025239966809749603,0.004659406840801239
CN(c1ncccc1CNc1nc(Nc2ccc3NC(=O)Cc3c2)ncc1C(F)(F)F)S(C)(=O)=O,A375,[5*]N[5*],0.029899373650550842,0.025289565324783325,0.004609808325767517
Cc1ccc(F)c(NC(=O)Nc2ccc(cc2)-c2cccc3[nH]nc(N)c23)c1,A375,[16*]c1cc(C)ccc1F,0.02819593995809555,0.028651978820562363,-0.00045603886246681213
Cc1ccc(F)c(NC(=O)Nc2ccc(cc2)-c2cccc3[nH]nc(N)c23)c1,A375,[16*]c1cccc2[nH]nc(N)c12,0.02819593995809555,0.03097386658191681,-0.0027779266238212585
Cc1ccc(F)c(NC(=O)Nc2ccc(cc2)-c2cccc3[nH]nc(N)c23)c1,A375,[16*]c1ccc([16*])cc1,0.02819593995809555,0.026732519268989563,0.0014634206891059875
Cc1ccc(F)c(NC(=O)Nc2ccc(cc2)-c2cccc3[nH]nc(N)c23)c1,A375,[5*]N[5*],0.02819593995809555,0.021959858015179634,0.0062360819429159164
Cc1ccc(F)c(NC(=O)Nc2ccc(cc2)-c2cccc3[nH]nc(N)c23)c1,A375,[1*]C([1*])=O,0.02819593995809555,0.019773462787270546,0.008422477170825005
COc1cc(Nc2c(cnc3cc(OCCCN4CCN(C)CC4)c(OC)cc23)C#N)c(Cl)cc1Cl,A375,[4*]CCC[4*],0.029606007039546967,0.027460988610982895,0.0021450184285640717
COc1cc(Nc2c(cnc3cc(OCCCN4CCN(C)CC4)c(OC)cc23)C#N)c(Cl)cc1Cl,A375,[16*]c1cc([16*])c(Cl)cc1Cl,0.029606007039546967,0.028501082211732864,0.0011049248278141022
COc1cc(Nc2c(cnc3cc(OCCCN4CCN(C)CC4)c(OC)cc23)C#N)c(Cl)cc1Cl,A375,[3*]O[3*],0.029606007039546967,0.0272488035261631,0.0023572035133838654
COc1cc(Nc2c(cnc3cc(OCCCN4CCN(C)CC4)c(OC)cc23)C#N)c(Cl)cc1Cl,A375,[5*]N[5*],0.029606007039546967,0.027123447507619858,0.0024825595319271088
COc1cc(Nc2c(cnc3cc(OCCCN4CCN(C)CC4)c(OC)cc23)C#N)c(Cl)cc1Cl,A375,[5*]N1CCN(C)CC1,0.029606007039546967,0.027067042887210846,0.0025389641523361206
COc1cc(Nc2c(cnc3cc(OCCCN4CCN(C)CC4)c(OC)cc23)C#N)c(Cl)cc1Cl,A375,[16*]c1cc2ncc(C#N)c([16*])c2cc1[16*],0.029606007039546967,0.031219221651554108,-0.0016132146120071411
COc1cc(Nc2c(cnc3cc(OCCCN4CCN(C)CC4)c(OC)cc23)C#N)c(Cl)cc1Cl,A375,[3*]OC,0.029606007039546967,0.027481507509946823,0.0021244995296001434
CO\N=C(\C(=O)NC1C2SCC(C[N+]3(C)CCCC3)=C(N2C1=O)C(O)=O)c1csc(N)n1,HA1E,[1*]C(=O)/C(=N/OC)c1csc(N)n1,0.00437825545668602,0.0003651045262813568,0.004013150930404663
CO\N=C(\C(=O)NC1C2SCC(C[N+]3(C)CCCC3)=C(N2C1=O)C(O)=O)c1csc(N)n1,HA1E,[5*][N+]1(C)CCCC1,0.00437825545668602,0.00866190530359745,-0.00428364984691143
CO\N=C(\C(=O)NC1C2SCC(C[N+]3(C)CCCC3)=C(N2C1=O)C(O)=O)c1csc(N)n1,HA1E,[4*]CC1=C(C(=O)O)N2C(=O)C([15*])C2SC1,0.00437825545668602,0.005555570125579834,-0.001177314668893814
CO\N=C(\C(=O)NC1C2SCC(C[N+]3(C)CCCC3)=C(N2C1=O)C(O)=O)c1csc(N)n1,HA1E,[5*]N[5*],0.00437825545668602,0.007874498143792152,-0.0034962426871061325
COc1ccc(C2=NC(C(N2C(=O)N2CCNC(=O)C2)c2ccc(Cl)cc2)c2ccc(Cl)cc2)c(OC(C)C)c1,HA1E,[4*]C(C)C,0.011570952832698822,0.022897254675626755,-0.011326301842927933
COc1ccc(C2=NC(C(N2C(=O)N2CCNC(=O)C2)c2ccc(Cl)cc2)c2ccc(Cl)cc2)c(OC(C)C)c1,HA1E,[5*]N1CCNC(=O)C1,0.011570952832698822,0.028579730540513992,-0.01700877770781517
COc1ccc(C2=NC(C(N2C(=O)N2CCNC(=O)C2)c2ccc(Cl)cc2)c2ccc(Cl)cc2)c(OC(C)C)c1,HA1E,[16*]c1ccc(Cl)cc1,0.011570952832698822,0.019394423812627792,-0.00782347097992897
COc1ccc(C2=NC(C(N2C(=O)N2CCNC(=O)C2)c2ccc(Cl)cc2)c2ccc(Cl)cc2)c(OC(C)C)c1,HA1E,[5*]N1C(c2ccc([16*])cc2[16*])=NC([13*])C1[13*],0.011570952832698822,0.019089777022600174,-0.007518824189901352
COc1ccc(C2=NC(C(N2C(=O)N2CCNC(=O)C2)c2ccc(Cl)cc2)c2ccc(Cl)cc2)c(OC(C)C)c1,HA1E,[3*]O[3*],0.011570952832698822,0.027500640600919724,-0.0159296877682209
COc1ccc(C2=NC(C(N2C(=O)N2CCNC(=O)C2)c2ccc(Cl)cc2)c2ccc(Cl)cc2)c(OC(C)C)c1,HA1E,[1*]C([1*])=O,0.011570952832698822,0.02717718482017517,-0.015606231987476349
COc1ccc(C2=NC(C(N2C(=O)N2CCNC(=O)C2)c2ccc(Cl)cc2)c2ccc(Cl)cc2)c(OC(C)C)c1,HA1E,[3*]OC,0.011570952832698822,0.025278408080339432,-0.01370745524764061
Clc1ccc(CCC(Cn2ccnc2)Sc2c(Cl)cccc2Cl)cc1,HA1E,[16*]c1c(Cl)cccc1Cl,-0.0022200606763362885,0.00912034884095192,-0.011340409517288208
Clc1ccc(CCC(Cn2ccnc2)Sc2c(Cl)cccc2Cl)cc1,HA1E,[9*]n1ccnc1,-0.0022200606763362885,0.013673104345798492,-0.01589316502213478
Clc1ccc(CCC(Cn2ccnc2)Sc2c(Cl)cccc2Cl)cc1,HA1E,[16*]c1ccc(Cl)cc1,-0.0022200606763362885,0.0124032162129879,-0.014623276889324188
Clc1ccc(CCC(Cn2ccnc2)Sc2c(Cl)cccc2Cl)cc1,HA1E,[4*]C(C[8*])CC[8*],-0.0022200606763362885,0.011574245989322662,-0.01379430666565895
Clc1ccc(CCC(Cn2ccnc2)Sc2c(Cl)cccc2Cl)cc1,HA1E,[11*]S[11*],-0.0022200606763362885,0.00898934155702591,-0.011209402233362198
NC(=O)C1CCCN1C(=O)C(Cc1c[nH]cn1)NC(=O)C1CCC(=O)N1,HA1E,[5*]N1CCCC1[13*],-0.003771435469388962,0.018591415137052536,-0.022362850606441498
NC(=O)C1CCCN1C(=O)C(Cc1c[nH]cn1)NC(=O)C1CCC(=O)N1,HA1E,[1*]C(=O)C([4*])C[8*],-0.003771435469388962,0.01643604412674904,-0.020207479596138
NC(=O)C1CCCN1C(=O)C(Cc1c[nH]cn1)NC(=O)C1CCC(=O)N1,HA1E,[1*]C([6*])=O,-0.003771435469388962,0.01606738194823265,-0.019838817417621613
NC(=O)C1CCCN1C(=O)C(Cc1c[nH]cn1)NC(=O)C1CCC(=O)N1,HA1E,[6*]C(N)=O,-0.003771435469388962,0.01761472225189209,-0.02138615772128105
NC(=O)C1CCCN1C(=O)C(Cc1c[nH]cn1)NC(=O)C1CCC(=O)N1,HA1E,[13*]C1CCC(=O)N1,-0.003771435469388962,0.016225550323724747,-0.01999698579311371
NC(=O)C1CCCN1C(=O)C(Cc1c[nH]cn1)NC(=O)C1CCC(=O)N1,HA1E,[5*]N[5*],-0.003771435469388962,0.012902501970529556,-0.016673937439918518
NC(=O)C1CCCN1C(=O)C(Cc1c[nH]cn1)NC(=O)C1CCC(=O)N1,HA1E,[14*]c1c[nH]cn1,-0.003771435469388962,0.010432053357362747,-0.014203488826751709
CC(C(O)=O)c1ccc2c(c1)[nH]c1ccc(Cl)cc21,HA1E,[16*]c1ccc2c(c1)[nH]c1ccc(Cl)cc12,-0.02068798616528511,-0.013525102287530899,-0.007162883877754211
CC(C(O)=O)c1ccc2c(c1)[nH]c1ccc(Cl)cc21,HA1E,[8*]C(C)C(=O)O,-0.02068798616528511,-0.003737952560186386,-0.016950033605098724
CN(C)C(=O)Oc1cc(OC(=O)N(C)C)cc(c1)C(O)CNC(C)(C)C,HA1E,[4*]C(C)(C)C,-0.004410300403833389,0.0245852991938591,-0.02899559959769249
CN(C)C(=O)Oc1cc(OC(=O)N(C)C)cc(c1)C(O)CNC(C)(C)C,HA1E,[16*]c1cc([16*])cc([16*])c1,-0.004410300403833389,0.016435708850622177,-0.020846009254455566
CN(C)C(=O)Oc1cc(OC(=O)N(C)C)cc(c1)C(O)CNC(C)(C)C,HA1E,[4*]CC([8*])O,-0.004410300403833389,0.02684895321726799,-0.03125925362110138
CN(C)C(=O)Oc1cc(OC(=O)N(C)C)cc(c1)C(O)CNC(C)(C)C,HA1E,[3*]O[3*],-0.004410300403833389,0.03139273449778557,-0.03580303490161896
CN(C)C(=O)Oc1cc(OC(=O)N(C)C)cc(c1)C(O)CNC(C)(C)C,HA1E,[5*]N(C)C,-0.004410300403833389,0.028362810611724854,-0.03277311101555824
CN(C)C(=O)Oc1cc(OC(=O)N(C)C)cc(c1)C(O)CNC(C)(C)C,HA1E,[5*]N[5*],-0.004410300403833389,0.025470100343227386,-0.029880400747060776
CN(C)C(=O)Oc1cc(OC(=O)N(C)C)cc(c1)C(O)CNC(C)(C)C,HA1E,[1*]C([1*])=O,-0.004410300403833389,0.026680678129196167,-0.031090978533029556
CC(C)Cc1ccc(cc1)C(C)C(O)=O,HA1E,[8*]C(C)C(=O)O,-0.02991442009806633,0.0015985779464244843,-0.031512998044490814
CC(C)Cc1ccc(cc1)C(C)C(O)=O,HA1E,[8*]CC(C)C,-0.02991442009806633,0.00274716317653656,-0.03266158327460289
CC(C)Cc1ccc(cc1)C(C)C(O)=O,HA1E,[16*]c1ccc([16*])cc1,-0.02991442009806633,-0.00818566232919693,-0.0217287577688694
CN1C(=O)CC(C1=O)c1ccccc1,HA1E,[15*]C1CC(=O)N(C)C1=O,-0.025692168623209,-0.01354081928730011,-0.01215134933590889
CN1C(=O)CC(C1=O)c1ccccc1,HA1E,[16*]c1ccccc1,-0.025692168623209,-0.018753189593553543,-0.0069389790296554565
CC1=C(SC2=C1N=C(N=C2N3CCOCC3)C4=CN=C(N=C4)N)CN5CCN(CC5)C(=O)C(C)O,HA1E,[14*]c1nc([14*])c2sc([14*])c(C)c2n1,0.012105556204915047,0.009380850940942764,0.0027247052639722824
CC1=C(SC2=C1N=C(N=C2N3CCOCC3)C4=CN=C(N=C4)N)CN5CCN(CC5)C(=O)C(C)O,HA1E,[5*]N1CCOCC1,0.012105556204915047,0.016763992607593536,-0.00465843640267849
CC1=C(SC2=C1N=C(N=C2N3CCOCC3)C4=CN=C(N=C4)N)CN5CCN(CC5)C(=O)C(C)O,HA1E,[4*]C[8*],0.012105556204915047,0.014150302857160568,-0.0020447466522455215
CC1=C(SC2=C1N=C(N=C2N3CCOCC3)C4=CN=C(N=C4)N)CN5CCN(CC5)C(=O)C(C)O,HA1E,[5*]N1CCN([5*])CC1,0.012105556204915047,0.010744219645857811,0.0013613365590572357
CC1=C(SC2=C1N=C(N=C2N3CCOCC3)C4=CN=C(N=C4)N)CN5CCN(CC5)C(=O)C(C)O,HA1E,[1*]C(=O)C(C)O,0.012105556204915047,0.01950990781188011,-0.007404351606965065
CC1=C(SC2=C1N=C(N=C2N3CCOCC3)C4=CN=C(N=C4)N)CN5CCN(CC5)C(=O)C(C)O,HA1E,[16*]c1cnc(N)nc1,0.012105556204915047,0.017405163496732712,-0.005299607291817665
C[C@]12CCC3C(CCc4cc(O)ccc34)C1C[C@@H](O)[C@@H]2O,HA1E,C[C@]12CCC3c4ccc(O)cc4CCC3C1C[C@@H](O)[C@@H]2O,-0.006830953061580658,0.036458566784858704,-0.04328951984643936
C[C@]12CCC3C(CCc4cc(O)ccc34)C1CC[C@@H]2O,HA1E,C[C@]12CCC3c4ccc(O)cc4CCC3C1CC[C@@H]2O,-5.995854735374451e-05,0.036458566784858704,-0.03651852533221245
CC(CN(C)C)CN1c2ccccc2CCc2ccccc12,HA1E,[5*]N(C)C,-0.0194568894803524,-0.0013488419353961945,-0.018108047544956207
CC(CN(C)C)CN1c2ccccc2CCc2ccccc12,HA1E,[5*]N1c2ccccc2CCc2ccccc21,-0.0194568894803524,0.00042774900794029236,-0.019884638488292694
CC(CN(C)C)CN1c2ccccc2CCc2ccccc12,HA1E,[4*]CC(C)C[4*],-0.0194568894803524,0.002952445298433304,-0.022409334778785706
CN1CCN2C(C1)c1ccccc1Cc1ccccc21,HA1E,CN1CCN2c3ccccc3Cc3ccccc3C2C1,-0.031441930681467056,0.036458566784858704,-0.06790049746632576
Cc1nccn1CC1CCc2c(C1=O)c1ccccc1n2C,HA1E,[9*]n1ccnc1C,-0.029518943279981613,-0.004552144557237625,-0.024966798722743988
Cc1nccn1CC1CCc2c(C1=O)c1ccccc1n2C,HA1E,[8*]C[8*],-0.029518943279981613,-0.0051520951092243195,-0.024366848170757294
Cc1nccn1CC1CCc2c(C1=O)c1ccccc1n2C,HA1E,[15*]C1CCc2c(c3ccccc3n2C)C1=O,-0.029518943279981613,-0.0094243623316288,-0.020094580948352814
Clc1ccc(cc1)[C@H]1CC[C@@H](CC1)C1C(=O)C(=O)c2ccccc2C1=O,HA1E,[15*][C@H]1CC[C@H](C2C(=O)C(=O)c3ccccc3C2=O)CC1,-0.017036214470863342,-0.0042227692902088165,-0.012813445180654526
Clc1ccc(cc1)[C@H]1CC[C@@H](CC1)C1C(=O)C(=O)c2ccccc2C1=O,HA1E,[16*]c1ccc(Cl)cc1,-0.017036214470863342,-0.01848573237657547,0.0014495179057121277
Cc1cc(C(C#N)c2ccc(Cl)cc2)c(Cl)cc1NC(=O)c1cc(I)cc(I)c1O,HA1E,[8*]C([8*])C#N,0.004674896597862244,0.026208408176898956,-0.021533511579036713
Cc1cc(C(C#N)c2ccc(Cl)cc2)c(Cl)cc1NC(=O)c1cc(I)cc(I)c1O,HA1E,[16*]c1cc(Cl)c([16*])cc1C,0.004674896597862244,0.013271469622850418,-0.008596573024988174
Cc1cc(C(C#N)c2ccc(Cl)cc2)c(Cl)cc1NC(=O)c1cc(I)cc(I)c1O,HA1E,[16*]c1ccc(Cl)cc1,0.004674896597862244,0.021287310868501663,-0.01661241427063942
Cc1cc(C(C#N)c2ccc(Cl)cc2)c(Cl)cc1NC(=O)c1cc(I)cc(I)c1O,HA1E,[1*]C([6*])=O,0.004674896597862244,0.022943932563066483,-0.01826903596520424
Cc1cc(C(C#N)c2ccc(Cl)cc2)c(Cl)cc1NC(=O)c1cc(I)cc(I)c1O,HA1E,[5*]N[5*],0.004674896597862244,0.017013952136039734,-0.01233905553817749
Cc1cc(C(C#N)c2ccc(Cl)cc2)c(Cl)cc1NC(=O)c1cc(I)cc(I)c1O,HA1E,[16*]c1cc(I)cc(I)c1O,0.004674896597862244,0.01796441152691841,-0.013289514929056168
CNC1(C)C2CCC(C2)C1(C)C,HA1E,[4*]C1(C)C2CCC(C2)C1(C)C,-0.02674289420247078,-0.002769559621810913,-0.023973334580659866
CNC1(C)C2CCC(C2)C1(C)C,HA1E,[5*]NC,-0.02674289420247078,-0.015638630837202072,-0.011104263365268707
C[C@H]1CC2C3CC[C@H](C(C)=O)[C@@]3(C)C[C@H](O)C2[C@@]2(C)CCC(=O)C=C12,HA1E,[15*][C@H]1CCC2C3C[C@H](C)C4=CC(=O)CC[C@]4(C)C3[C@@H](O)C[C@@]21C,-0.011265326291322708,-0.002218805253505707,-0.009046521037817001
C[C@H]1CC2C3CC[C@H](C(C)=O)[C@@]3(C)C[C@H](O)C2[C@@]2(C)CCC(=O)C=C12,HA1E,[6*]C(C)=O,-0.011265326291322708,-0.005235403776168823,-0.006029922515153885
CC1OC(CC1O)n1cnc2c(N)ncnc12,HA1E,[9*]n1cnc2c(N)ncnc21,0.0035376399755477905,-0.0033636949956417084,0.006901334971189499
CC1OC(CC1O)n1cnc2c(N)ncnc12,HA1E,[13*]C1CC(O)C(C)O1,0.0035376399755477905,-0.011208020150661469,0.014745660126209259
CC(C)NCC(O)COc1ccc(CC(N)=O)cc1,HA1E,[8*]CC(N)=O,-0.01770392432808876,0.019813694059848785,-0.037517618387937546
CC(C)NCC(O)COc1ccc(CC(N)=O)cc1,HA1E,[4*]CC(O)C[4*],-0.01770392432808876,0.01361868903040886,-0.03132261335849762
CC(C)NCC(O)COc1ccc(CC(N)=O)cc1,HA1E,[4*]C(C)C,-0.01770392432808876,0.017224788665771484,-0.034928712993860245
CC(C)NCC(O)COc1ccc(CC(N)=O)cc1,HA1E,[3*]O[3*],-0.01770392432808876,0.018439311534166336,-0.036143235862255096
CC(C)NCC(O)COc1ccc(CC(N)=O)cc1,HA1E,[5*]N[5*],-0.01770392432808876,0.01420528069138527,-0.03190920501947403
CC(C)NCC(O)COc1ccc(CC(N)=O)cc1,HA1E,[16*]c1ccc([16*])cc1,-0.01770392432808876,0.011170424520969391,-0.02887434884905815
CN1C(c2ccc(Cl)cc2)S(=O)(=O)CCC1=O,HA1E,[13*]C1N(C)C(=O)CCS1(=O)=O,0.0009500347077846527,-0.0042227692902088165,0.005172803997993469
CN1C(c2ccc(Cl)cc2)S(=O)(=O)CCC1=O,HA1E,[16*]c1ccc(Cl)cc1,0.0009500347077846527,-0.007500316947698593,0.008450351655483246
CC(O)COc1cn2ncnc(Oc3ccc4[nH]c(C)cc4c3F)c2c1C,HA1E,[14*]c1ncnn2cc([16*])c(C)c12,-0.009562768042087555,0.005731739103794098,-0.015294507145881653
CC(O)COc1cn2ncnc(Oc3ccc4[nH]c(C)cc4c3F)c2c1C,HA1E,[3*]O[3*],-0.009562768042087555,0.0036699213087558746,-0.01323268935084343
CC(O)COc1cn2ncnc(Oc3ccc4[nH]c(C)cc4c3F)c2c1C,HA1E,[4*]CC(C)O,-0.009562768042087555,0.0022200830280780792,-0.011782851070165634
CC(O)COc1cn2ncnc(Oc3ccc4[nH]c(C)cc4c3F)c2c1C,HA1E,[16*]c1ccc2[nH]c(C)cc2c1F,-0.009562768042087555,0.0033899731934070587,-0.012952741235494614
CC(c1c[nH]cn1)c1cccc(C)c1C,HA1E,[16*]c1cccc(C)c1C,-0.020426228642463684,0.004170272499322891,-0.024596501141786575
CC(c1c[nH]cn1)c1cccc(C)c1C,HA1E,[8*]C([8*])C,-0.020426228642463684,-0.01584490016102791,-0.004581328481435776
CC(c1c[nH]cn1)c1cccc(C)c1C,HA1E,[14*]c1c[nH]cn1,-0.020426228642463684,-0.013975176960229874,-0.00645105168223381
O=C(C1CCCCC1)N1CC2N(CCc3ccccc23)C(=O)C1,HA1E,[1*]C([6*])=O,-0.0068523213267326355,-0.00649058073759079,-0.0003617405891418457
O=C(C1CCCCC1)N1CC2N(CCc3ccccc23)C(=O)C1,HA1E,[15*]C1CCCCC1,-0.0068523213267326355,-0.0042966194450855255,-0.00255570188164711
O=C(C1CCCCC1)N1CC2N(CCc3ccccc23)C(=O)C1,HA1E,[5*]N1CC(=O)N2CCc3ccccc3C2C1,-0.0068523213267326355,-0.011299792677164078,0.004447471350431442
CCOC(=O)C1=C(NC(=C(C1C2=CC=CC=C2Cl)C(=O)OC)C)COCCN,HA1E,[16*]c1ccccc1Cl,-0.009208936244249344,0.014266762882471085,-0.02347569912672043
CCOC(=O)C1=C(NC(=C(C1C2=CC=CC=C2Cl)C(=O)OC)C)COCCN,HA1E,[4*]CCN,-0.009208936244249344,0.012341756373643875,-0.02155069261789322
CCOC(=O)C1=C(NC(=C(C1C2=CC=CC=C2Cl)C(=O)OC)C)COCCN,HA1E,[3*]O[3*],-0.009208936244249344,0.014895550906658173,-0.024104487150907516
CCOC(=O)C1=C(NC(=C(C1C2=CC=CC=C2Cl)C(=O)OC)C)COCCN,HA1E,[1*]C(=O)C1=C(C)NC(C[4*])=C(C([1*])=O)C1[15*],-0.009208936244249344,0.004440374672412872,-0.013649310916662216
CCOC(=O)C1=C(NC(=C(C1C2=CC=CC=C2Cl)C(=O)OC)C)COCCN,HA1E,[4*]CC,-0.009208936244249344,0.011203791946172714,-0.020412728190422058
CCOC(=O)C1=C(NC(=C(C1C2=CC=CC=C2Cl)C(=O)OC)C)COCCN,HA1E,[3*]OC,-0.009208936244249344,0.01154867559671402,-0.020757611840963364
COc1cc(ccc1-c1nc2ncccc2[nH]1)S(C)=O,HA1E,[14*]c1nc2ncccc2[nH]1,-0.004094954580068588,-0.003041621297597885,-0.0010533332824707031
COc1cc(ccc1-c1nc2ncccc2[nH]1)S(C)=O,HA1E,[16*]c1ccc(S(C)=O)cc1[16*],-0.004094954580068588,-0.014286469668149948,0.01019151508808136
COc1cc(ccc1-c1nc2ncccc2[nH]1)S(C)=O,HA1E,[3*]OC,-0.004094954580068588,-0.0019144974648952484,-0.00218045711517334
CC(Cc1cccc(c1)C(F)(F)F)NCCOC(=O)c1ccccc1,HA1E,[16*]c1ccccc1,-0.007833573967218399,0.016332723200321198,-0.024166297167539597
CC(Cc1cccc(c1)C(F)(F)F)NCCOC(=O)c1ccccc1,HA1E,[8*]C(F)(F)F,-0.007833573967218399,0.019679028540849686,-0.027512602508068085
CC(Cc1cccc(c1)C(F)(F)F)NCCOC(=O)c1ccccc1,HA1E,[1*]C([6*])=O,-0.007833573967218399,0.01766236126422882,-0.02549593523144722
CC(Cc1cccc(c1)C(F)(F)F)NCCOC(=O)c1ccccc1,HA1E,[3*]O[3*],-0.007833573967218399,0.01760101690888405,-0.025434590876102448
CC(Cc1cccc(c1)C(F)(F)F)NCCOC(=O)c1ccccc1,HA1E,[5*]N[5*],-0.007833573967218399,0.011983830481767654,-0.019817404448986053
CC(Cc1cccc(c1)C(F)(F)F)NCCOC(=O)c1ccccc1,HA1E,[4*]CC[4*],-0.007833573967218399,0.012923289090394974,-0.020756863057613373
CC(Cc1cccc(c1)C(F)(F)F)NCCOC(=O)c1ccccc1,HA1E,[16*]c1cccc([16*])c1,-0.007833573967218399,0.011903170496225357,-0.019736744463443756
CC(Cc1cccc(c1)C(F)(F)F)NCCOC(=O)c1ccccc1,HA1E,[4*]C(C)C[8*],-0.007833573967218399,0.013830196112394333,-0.021663770079612732
NC(=O)N1c2ccccc2CC(O)c2ccccc12,HA1E,[5*]N1c2ccccc2CC(O)c2ccccc21,-0.0034622400999069214,-0.003055095672607422,-0.0004071444272994995
NC(=O)N1c2ccccc2CC(O)c2ccccc12,HA1E,[1*]C(N)=O,-0.0034622400999069214,-0.007381860166788101,0.00391962006688118
CN1CCCN(CC1)C(c1ccccc1)c1ccc(Cl)cc1,HA1E,[16*]c1ccccc1,-0.0034812986850738525,0.009574567899107933,-0.013055866584181786
CN1CCCN(CC1)C(c1ccccc1)c1ccc(Cl)cc1,HA1E,[5*]N1CCCN(C)CC1,-0.0034812986850738525,0.008711937814950943,-0.012193236500024796
CN1CCCN(CC1)C(c1ccccc1)c1ccc(Cl)cc1,HA1E,[4*]C([8*])[8*],-0.0034812986850738525,0.002304043620824814,-0.005785342305898666
CN1CCCN(CC1)C(c1ccccc1)c1ccc(Cl)cc1,HA1E,[16*]c1ccc(Cl)cc1,-0.0034812986850738525,0.007253464311361313,-0.010734762996435165
CCC(C)n1ncn(-c2ccc(cc2)N2CCN(CC2)c2ccc(OC[C@H]3CO[C@@](Cn4cncn4)(O3)c3ccc(Cl)cc3Cl)cc2)c1=O,HA1E,[9*]n1cnn([9*])c1=O,0.011586792767047882,0.017246276140213013,-0.005659483373165131
CCC(C)n1ncn(-c2ccc(cc2)N2CCN(CC2)c2ccc(OC[C@H]3CO[C@@](Cn4cncn4)(O3)c3ccc(Cl)cc3Cl)cc2)c1=O,HA1E,[9*]n1cncn1,0.011586792767047882,0.019007474184036255,-0.007420681416988373
CCC(C)n1ncn(-c2ccc(cc2)N2CCN(CC2)c2ccc(OC[C@H]3CO[C@@](Cn4cncn4)(O3)c3ccc(Cl)cc3Cl)cc2)c1=O,HA1E,[16*]c1ccc(Cl)cc1Cl,0.011586792767047882,0.016777750104665756,-0.005190957337617874
CCC(C)n1ncn(-c2ccc(cc2)N2CCN(CC2)c2ccc(OC[C@H]3CO[C@@](Cn4cncn4)(O3)c3ccc(Cl)cc3Cl)cc2)c1=O,HA1E,[13*][C@H]1COC([13*])([13*])O1,0.011586792767047882,0.018165022134780884,-0.006578229367733002
CCC(C)n1ncn(-c2ccc(cc2)N2CCN(CC2)c2ccc(OC[C@H]3CO[C@@](Cn4cncn4)(O3)c3ccc(Cl)cc3Cl)cc2)c1=O,HA1E,[4*]C[8*],0.011586792767047882,0.015427667647600174,-0.003840874880552292
CCC(C)n1ncn(-c2ccc(cc2)N2CCN(CC2)c2ccc(OC[C@H]3CO[C@@](Cn4cncn4)(O3)c3ccc(Cl)cc3Cl)cc2)c1=O,HA1E,[5*]N1CCN([5*])CC1,0.011586792767047882,0.015706513077020645,-0.004119720309972763
CCC(C)n1ncn(-c2ccc(cc2)N2CCN(CC2)c2ccc(OC[C@H]3CO[C@@](Cn4cncn4)(O3)c3ccc(Cl)cc3Cl)cc2)c1=O,HA1E,[3*]O[3*],0.011586792767047882,0.01620044931769371,-0.004613656550645828
CCC(C)n1ncn(-c2ccc(cc2)N2CCN(CC2)c2ccc(OC[C@H]3CO[C@@](Cn4cncn4)(O3)c3ccc(Cl)cc3Cl)cc2)c1=O,HA1E,[8*]C(C)CC,0.011586792767047882,0.015772249549627304,-0.004185456782579422
CCC(C)n1ncn(-c2ccc(cc2)N2CCN(CC2)c2ccc(OC[C@H]3CO[C@@](Cn4cncn4)(O3)c3ccc(Cl)cc3Cl)cc2)c1=O,HA1E,[16*]c1ccc([16*])cc1,0.011586792767047882,0.016285400837659836,-0.004698608070611954
CCC(C)n1ncn(-c2ccc(cc2)N2CCN(CC2)c2ccc(OC[C@H]3CO[C@@](Cn4cncn4)(O3)c3ccc(Cl)cc3Cl)cc2)c1=O,HA1E,[8*]C[8*],0.011586792767047882,0.016471855342388153,-0.004885062575340271
CC(C(O)c1ccc(O)cc1)N1CCC(Cc2ccccc2)CC1,HA1E,[16*]c1ccc(O)cc1,0.00026665255427360535,0.007238481193780899,-0.006971828639507294
CC(C(O)c1ccc(O)cc1)N1CCC(Cc2ccccc2)CC1,HA1E,[5*]N1CCC([15*])CC1,0.00026665255427360535,0.006853315979242325,-0.0065866634249687195
CC(C(O)c1ccc(O)cc1)N1CCC(Cc2ccccc2)CC1,HA1E,[16*]c1ccccc1,0.00026665255427360535,0.009402941912412643,-0.009136289358139038
CC(C(O)c1ccc(O)cc1)N1CCC(Cc2ccccc2)CC1,HA1E,[8*]C[8*],0.00026665255427360535,0.006572868674993515,-0.00630621612071991
CC(C(O)c1ccc(O)cc1)N1CCC(Cc2ccccc2)CC1,HA1E,[4*]C(C)C([8*])O,0.00026665255427360535,0.0038537979125976562,-0.003587145358324051
CC1COc2c(N3CCN(C)CC3)c(F)cc3c2n1cc(C(O)=O)c3=O,HA1E,[16*]c1c(F)cc2c(=O)c([16*])cn3c2c1OCC3C,-0.007509492337703705,-0.010366726666688919,0.0028572343289852142
CC1COc2c(N3CCN(C)CC3)c(F)cc3c2n1cc(C(O)=O)c3=O,HA1E,[5*]N1CCN(C)CC1,-0.007509492337703705,0.00357988104224205,-0.011089373379945755
CC1COc2c(N3CCN(C)CC3)c(F)cc3c2n1cc(C(O)=O)c3=O,HA1E,[6*]C(=O)O,-0.007509492337703705,0.012261096388101578,-0.019770588725805283
CC(=O)CC(c1ccccc1)c1c(O)c2ccccc2oc1=O,HA1E,[16*]c1c(O)c2ccccc2oc1=O,-0.00450611487030983,-0.01201208308339119,0.00750596821308136
CC(=O)CC(c1ccccc1)c1c(O)c2ccccc2oc1=O,HA1E,[16*]c1ccccc1,-0.00450611487030983,-0.006823509931564331,0.0023173950612545013
CC(=O)CC(c1ccccc1)c1c(O)c2ccccc2oc1=O,HA1E,[8*]C([8*])CC(C)=O,-0.00450611487030983,-0.010455157607793808,0.005949042737483978
Cc1cc(Oc2ccc3nc(COc4ccc(CC5SC(=O)NC5=O)cc4)n(C)c3c2)cc(C)c1N,HA1E,[13*]C1SC(=O)NC1=O,0.006932832300662994,0.013045113533735275,-0.006112281233072281
Cc1cc(Oc2ccc3nc(COc4ccc(CC5SC(=O)NC5=O)cc4)n(C)c3c2)cc(C)c1N,HA1E,[14*]c1nc2ccc([16*])cc2n1C,0.006932832300662994,0.014555554836988449,-0.007622722536325455
Cc1cc(Oc2ccc3nc(COc4ccc(CC5SC(=O)NC5=O)cc4)n(C)c3c2)cc(C)c1N,HA1E,[16*]c1cc(C)c(N)c(C)c1,0.006932832300662994,0.0152573361992836,-0.008324503898620605
Cc1cc(Oc2ccc3nc(COc4ccc(CC5SC(=O)NC5=O)cc4)n(C)c3c2)cc(C)c1N,HA1E,[4*]C[8*],0.006932832300662994,0.015543192625045776,-0.008610360324382782
Cc1cc(Oc2ccc3nc(COc4ccc(CC5SC(=O)NC5=O)cc4)n(C)c3c2)cc(C)c1N,HA1E,[3*]O[3*],0.006932832300662994,0.017947200685739517,-0.011014368385076523
Cc1cc(Oc2ccc3nc(COc4ccc(CC5SC(=O)NC5=O)cc4)n(C)c3c2)cc(C)c1N,HA1E,[16*]c1ccc([16*])cc1,0.006932832300662994,0.013476252555847168,-0.006543420255184174
Cc1cc(Oc2ccc3nc(COc4ccc(CC5SC(=O)NC5=O)cc4)n(C)c3c2)cc(C)c1N,HA1E,[8*]C[8*],0.006932832300662994,0.015366869047284126,-0.008434036746621132
CCC1(CCC(=O)NC1=O)c1ccc(N)cc1,HA1E,[16*]c1ccc(N)cc1,-0.011582840234041214,-0.014896966516971588,0.003314126282930374
CCC1(CCC(=O)NC1=O)c1ccc(N)cc1,HA1E,[15*]C1([15*])CCC(=O)NC1=O,-0.011582840234041214,-0.008641541004180908,-0.002941299229860306
CCC1(CCC(=O)NC1=O)c1ccc(N)cc1,HA1E,[8*]CC,-0.011582840234041214,-0.0030106566846370697,-0.008572183549404144
N#Cc1ccc(cc1)C1CCCc2cncn12,HA1E,N#Cc1ccc(C2CCCc3cncn32)cc1,-0.02869134023785591,0.036458566784858704,-0.06514990702271461
CC1CCC2CC(C(=CC=CC=CC(CC(C(=O)C(C(C(=CC(C(=O)CC(OC(=O)C3CCCCN3C(=O)C(=O)C1(O2)O)C(C)CC4CCC(C(C4)OC)OCCO)C)C)O)OC)C)C)C)OC,HA1E,[8*]CC([8*])C,0.005717974156141281,0.010083276778459549,-0.004365302622318268
CC1CCC2CC(C(=CC=CC=CC(CC(C(=O)C(C(C(=CC(C(=O)CC(OC(=O)C3CCCCN3C(=O)C(=O)C1(O2)O)C(C)CC4CCC(C(C4)OC)OCCO)C)C)O)OC)C)C)C)OC,HA1E,[15*]C1CCC([15*])C([15*])C1,0.005717974156141281,0.005197029560804367,0.0005209445953369141
CC1CCC2CC(C(=CC=CC=CC(CC(C(=O)C(C(C(=CC(C(=O)CC(OC(=O)C3CCCCN3C(=O)C(=O)C1(O2)O)C(C)CC4CCC(C(C4)OC)OCCO)C)C)O)OC)C)C)C)OC,HA1E,[4*]CCO,0.005717974156141281,0.00802675262093544,-0.002308778464794159
CC1CCC2CC(C(=CC=CC=CC(CC(C(=O)C(C(C(=CC(C(=O)CC(OC(=O)C3CCCCN3C(=O)C(=O)C1(O2)O)C(C)CC4CCC(C(C4)OC)OCCO)C)C)O)OC)C)C)C)OC,HA1E,[3*]O[3*],0.005717974156141281,0.008953999727964401,-0.00323602557182312
CC1CCC2CC(C(=CC=CC=CC(CC(C(=O)C(C(C(=CC(C(=O)CC(OC(=O)C3CCCCN3C(=O)C(=O)C1(O2)O)C(C)CC4CCC(C(C4)OC)OCCO)C)C)O)OC)C)C)C)OC,HA1E,[13*]C1CC(=O)C(C)C=C(C)C(O)C([15*])C(=O)C(C)CC(C)C=CC=CC=C(C)C([15*])CC2CCC(C)C(O)(O2)C(=O)C(=O)N2CCCCC2C(=O)O1,0.005717974156141281,0.015061166137456894,-0.009343191981315613
CC1CCC2CC(C(=CC=CC=CC(CC(C(=O)C(C(C(=CC(C(=O)CC(OC(=O)C3CCCCN3C(=O)C(=O)C1(O2)O)C(C)CC4CCC(C(C4)OC)OCCO)C)C)O)OC)C)C)C)OC,HA1E,[3*]OC,0.005717974156141281,0.01160440593957901,-0.005886431783437729
CC1(CN2CCC(CC2)n2c3ccccc3[nH]c2=O)OCc2ccccc2-n2cccc12,HA1E,[5*]N1CCC([15*])CC1,-0.012477375566959381,-0.002578314393758774,-0.009899061173200607
CC1(CN2CCC(CC2)n2c3ccccc3[nH]c2=O)OCc2ccccc2-n2cccc12,HA1E,[4*]CC1(C)OCc2ccccc2-n2cccc21,-0.012477375566959381,-0.0006017684936523438,-0.011875607073307037
CC1(CN2CCC(CC2)n2c3ccccc3[nH]c2=O)OCc2ccccc2-n2cccc12,HA1E,[9*]n1c(=O)[nH]c2ccccc21,-0.012477375566959381,-0.001760333776473999,-0.010717041790485382
CCC(=O)O[C@@]1([C@@H](C)CC2C3CCC4=CC(=O)C=C[C@]4(C)[C@@]3(F)[C@@H](O)C[C@@]21C)C(=O)CCl,HA1E,[3*]O[3*],-0.010065075010061264,0.007336333394050598,-0.017401408404111862
CCC(=O)O[C@@]1([C@@H](C)CC2C3CCC4=CC(=O)C=C[C@]4(C)[C@@]3(F)[C@@H](O)C[C@@]21C)C(=O)CCl,HA1E,[6*]C(=O)CCl,-0.010065075010061264,0.0053617022931575775,-0.015426777303218842
CCC(=O)O[C@@]1([C@@H](C)CC2C3CCC4=CC(=O)C=C[C@]4(C)[C@@]3(F)[C@@H](O)C[C@@]21C)C(=O)CCl,HA1E,[4*][C@]1([15*])[C@@H](C)CC2C3CCC4=CC(=O)C=C[C@]4(C)[C@@]3(F)[C@@H](O)C[C@@]21C,-0.010065075010061264,0.007172752171754837,-0.0172378271818161
CCC(=O)O[C@@]1([C@@H](C)CC2C3CCC4=CC(=O)C=C[C@]4(C)[C@@]3(F)[C@@H](O)C[C@@]21C)C(=O)CCl,HA1E,[1*]C(=O)CC,-0.010065075010061264,0.0059317052364349365,-0.0159967802464962
CCC(=O)O[C@@]1([C@@H](C)CC2C3CCC4=CC(=O)C=C[C@]4(C)[C@@]3(F)[C@@H](O)C[C@@]21C)C(=O)CCl,HA1E,[15*]C1([15*])[C@@H](C)CC2C3CCC4=CC(=O)C=C[C@]4(C)[C@@]3(F)[C@@H](O)C[C@@]21C,-0.010065075010061264,0.0008785314857959747,-0.010943606495857239
CCCNCC(O)COc1ccccc1C(=O)CCc1ccccc1,HA1E,[4*]CCC,-0.019254028797149658,0.02150167152285576,-0.04075570032000542
CCCNCC(O)COc1ccccc1C(=O)CCc1ccccc1,HA1E,[6*]C(=O)CC[8*],-0.019254028797149658,0.02310176193714142,-0.04235579073429108
CCCNCC(O)COc1ccccc1C(=O)CCc1ccccc1,HA1E,[4*]CC(O)C[4*],-0.019254028797149658,0.01681344211101532,-0.03606747090816498
CCCNCC(O)COc1ccccc1C(=O)CCc1ccccc1,HA1E,[16*]c1ccccc1,-0.019254028797149658,0.01943129673600197,-0.03868532553315163
CCCNCC(O)COc1ccccc1C(=O)CCc1ccccc1,HA1E,[16*]c1ccccc1[16*],-0.019254028797149658,0.017546307295560837,-0.036800336092710495
CCCNCC(O)COc1ccccc1C(=O)CCc1ccccc1,HA1E,[3*]O[3*],-0.019254028797149658,0.027575761079788208,-0.046829789876937866
CCCNCC(O)COc1ccccc1C(=O)CCc1ccccc1,HA1E,[5*]N[5*],-0.019254028797149658,0.02187667414546013,-0.04113070294260979
NS(=O)(=O)c1cc(ccc1Cl)C1(O)NC(=O)c2ccccc12,HA1E,NS(=O)(=O)c1cc(C2(O)NC(=O)c3ccccc32)ccc1Cl,-0.0073392800986766815,0.036458566784858704,-0.043797846883535385
CC1CN(C[C@H](C)N1)c1c(F)c(N)c2c(c1F)n(cc(C(O)=O)c2=O)C1CC1,HA1E,[15*]C1CC1,-0.000706750899553299,0.006465893238782883,-0.007172644138336182
CC1CN(C[C@H](C)N1)c1c(F)c(N)c2c(c1F)n(cc(C(O)=O)c2=O)C1CC1,HA1E,[9*]n1cc([16*])c(=O)c2c(N)c(F)c([16*])c(F)c21,-0.000706750899553299,-0.00018460676074028015,-0.0005221441388130188
CC1CN(C[C@H](C)N1)c1c(F)c(N)c2c(c1F)n(cc(C(O)=O)c2=O)C1CC1,HA1E,[5*]N1CC(C)N[C@@H](C)C1,-0.000706750899553299,0.006259005516767502,-0.006965756416320801
CC1CN(C[C@H](C)N1)c1c(F)c(N)c2c(c1F)n(cc(C(O)=O)c2=O)C1CC1,HA1E,[6*]C(=O)O,-0.000706750899553299,0.013231202960014343,-0.013937953859567642
C[C@]12CC[C@H]3[C@@H](CCC4C(=O)C(=O)CC[C@]34C)[C@@H]1CCC2=O,HA1E,C[C@]12CCC(=O)C(=O)C1CC[C@@H]1[C@@H]2CC[C@]2(C)C(=O)CC[C@@H]12,-0.00956379622220993,0.036458566784858704,-0.046022363007068634
CC(C)(C)NC(=O)[C@@H]1CC2CCCCC2CN1C[C@@H](O)[C@H](Cc1ccccc1)NC(=O)[C@H](CC(N)=O)NC(=O)c1ccc2ccccc2n1,HA1E,[4*]C(C)(C)C,-0.012546923011541367,0.015181802213191986,-0.027728725224733353
CC(C)(C)NC(=O)[C@@H]1CC2CCCCC2CN1C[C@@H](O)[C@H](Cc1ccccc1)NC(=O)[C@H](CC(N)=O)NC(=O)c1ccc2ccccc2n1,HA1E,[1*]C(=O)[C@@H]([4*])CC(N)=O,-0.012546923011541367,0.022406619042158127,-0.03495354205369949
CC(C)(C)NC(=O)[C@@H]1CC2CCCCC2CN1C[C@@H](O)[C@H](Cc1ccccc1)NC(=O)[C@H](CC(N)=O)NC(=O)c1ccc2ccccc2n1,HA1E,[16*]c1ccccc1,-0.012546923011541367,0.014282651245594025,-0.02682957425713539
CC(C)(C)NC(=O)[C@@H]1CC2CCCCC2CN1C[C@@H](O)[C@H](Cc1ccccc1)NC(=O)[C@H](CC(N)=O)NC(=O)c1ccc2ccccc2n1,HA1E,[4*]C[C@@H](O)[C@@H]([4*])C[8*],-0.012546923011541367,0.017934489995241165,-0.030481413006782532
CC(C)(C)NC(=O)[C@@H]1CC2CCCCC2CN1C[C@@H](O)[C@H](Cc1ccccc1)NC(=O)[C@H](CC(N)=O)NC(=O)c1ccc2ccccc2n1,HA1E,[1*]C([6*])=O,-0.012546923011541367,0.01847006008028984,-0.031016983091831207
CC(C)(C)NC(=O)[C@@H]1CC2CCCCC2CN1C[C@@H](O)[C@H](Cc1ccccc1)NC(=O)[C@H](CC(N)=O)NC(=O)c1ccc2ccccc2n1,HA1E,[5*]N[5*],-0.012546923011541367,0.016891390085220337,-0.029438313096761703
CC(C)(C)NC(=O)[C@@H]1CC2CCCCC2CN1C[C@@H](O)[C@H](Cc1ccccc1)NC(=O)[C@H](CC(N)=O)NC(=O)c1ccc2ccccc2n1,HA1E,[5*]N1CC2CCCCC2C[C@H]1[13*],-0.012546923011541367,0.017858728766441345,-0.030405651777982712
CC(C)(C)NC(=O)[C@@H]1CC2CCCCC2CN1C[C@@H](O)[C@H](Cc1ccccc1)NC(=O)[C@H](CC(N)=O)NC(=O)c1ccc2ccccc2n1,HA1E,[14*]c1ccc2ccccc2n1,-0.012546923011541367,0.01878414675593376,-0.03133106976747513
CC(CN1CCCCC1)C(=O)c1ccc(C)cc1,HA1E,[4*]CC(C)C([6*])=O,-0.015116188675165176,-0.008184175938367844,-0.006932012736797333
CC(CN1CCCCC1)C(=O)c1ccc(C)cc1,HA1E,[16*]c1ccc(C)cc1,-0.015116188675165176,-0.002206910401582718,-0.012909278273582458
CC(CN1CCCCC1)C(=O)c1ccc(C)cc1,HA1E,[5*]N1CCCCC1,-0.015116188675165176,-0.006918713450431824,-0.008197475224733353
O=C(Nc1ccncc1)Nc1ccc(cc1)-c1nc(nc(n1)N1CCOCC1)N1C2CCC1COC2,HA1E,[16*]c1ccncc1,0.0008008517324924469,0.02091856673359871,-0.020117715001106262
O=C(Nc1ccncc1)Nc1ccc(cc1)-c1nc(nc(n1)N1CCOCC1)N1C2CCC1COC2,HA1E,[14*]c1nc([14*])nc([14*])n1,0.0008008517324924469,0.023310940712690353,-0.022510088980197906
O=C(Nc1ccncc1)Nc1ccc(cc1)-c1nc(nc(n1)N1CCOCC1)N1C2CCC1COC2,HA1E,[5*]N1CCOCC1,0.0008008517324924469,0.017531301826238632,-0.016730450093746185
O=C(Nc1ccncc1)Nc1ccc(cc1)-c1nc(nc(n1)N1CCOCC1)N1C2CCC1COC2,HA1E,[5*]N[5*],0.0008008517324924469,0.01587141677737236,-0.015070565044879913
O=C(Nc1ccncc1)Nc1ccc(cc1)-c1nc(nc(n1)N1CCOCC1)N1C2CCC1COC2,HA1E,[16*]c1ccc([16*])cc1,0.0008008517324924469,0.02252643182873726,-0.021725580096244812
O=C(Nc1ccncc1)Nc1ccc(cc1)-c1nc(nc(n1)N1CCOCC1)N1C2CCC1COC2,HA1E,[5*]N1C2CCC1COC2,0.0008008517324924469,0.019146088510751724,-0.018345236778259277
O=C(Nc1ccncc1)Nc1ccc(cc1)-c1nc(nc(n1)N1CCOCC1)N1C2CCC1COC2,HA1E,[1*]C([1*])=O,0.0008008517324924469,0.019484717398881912,-0.018683865666389465
CC(Cc1ccccc1)N(C)CC#C,HA1E,[4*]C(C)C[8*],-0.021071478724479675,-0.0001159869134426117,-0.020955491811037064
CC(Cc1ccccc1)N(C)CC#C,HA1E,[16*]c1ccccc1,-0.021071478724479675,0.007409261539578438,-0.028480740264058113
CC(Cc1ccccc1)N(C)CC#C,HA1E,[5*]N([5*])C,-0.021071478724479675,0.010325772687792778,-0.03139725141227245
CC(Cc1ccccc1)N(C)CC#C,HA1E,[4*]CC#C,-0.021071478724479675,0.011692894622683525,-0.0327643733471632
CC(=O)O[C@@H]1C2=C(C)[C@H](C[C@@](O)([C@@H](OC(=O)c3ccccc3)C3[C@@]4(CO[C@@H]4C[C@H](O)[C@@]3(C)C1=O)OC(C)=O)C2(C)C)OC(=O)[C@H](O)[C@@H](NC(=O)c1ccccc1)c1ccccc1,HA1E,[15*][C@H]1C(=O)[C@@]2(C)C([C@H]([15*])[C@]3(O)C[C@H]([15*])C(C)=C1C3(C)C)[C@]1([15*])CO[C@@H]1C[C@@H]2O,0.00023422762751579285,0.012643780559301376,-0.012409552931785583
CC(=O)O[C@@H]1C2=C(C)[C@H](C[C@@](O)([C@@H](OC(=O)c3ccccc3)C3[C@@]4(CO[C@@H]4C[C@H](O)[C@@]3(C)C1=O)OC(C)=O)C2(C)C)OC(=O)[C@H](O)[C@@H](NC(=O)c1ccccc1)c1ccccc1,HA1E,[16*]c1ccccc1,0.00023422762751579285,0.0043465010821819305,-0.004112273454666138
CC(=O)O[C@@H]1C2=C(C)[C@H](C[C@@](O)([C@@H](OC(=O)c3ccccc3)C3[C@@]4(CO[C@@H]4C[C@H](O)[C@@]3(C)C1=O)OC(C)=O)C2(C)C)OC(=O)[C@H](O)[C@@H](NC(=O)c1ccccc1)c1ccccc1,HA1E,[1*]C([6*])=O,0.00023422762751579285,0.003293026238679886,-0.003058798611164093
CC(=O)O[C@@H]1C2=C(C)[C@H](C[C@@](O)([C@@H](OC(=O)c3ccccc3)C3[C@@]4(CO[C@@H]4C[C@H](O)[C@@]3(C)C1=O)OC(C)=O)C2(C)C)OC(=O)[C@H](O)[C@@H](NC(=O)c1ccccc1)c1ccccc1,HA1E,[3*]O[3*],0.00023422762751579285,0.0058354102075099945,-0.005601182579994202
CC(=O)O[C@@H]1C2=C(C)[C@H](C[C@@](O)([C@@H](OC(=O)c3ccccc3)C3[C@@]4(CO[C@@H]4C[C@H](O)[C@@]3(C)C1=O)OC(C)=O)C2(C)C)OC(=O)[C@H](O)[C@@H](NC(=O)c1ccccc1)c1ccccc1,HA1E,[5*]N[5*],0.00023422762751579285,0.0032647140324115753,-0.0030304864048957825
CC(=O)O[C@@H]1C2=C(C)[C@H](C[C@@](O)([C@@H](OC(=O)c3ccccc3)C3[C@@]4(CO[C@@H]4C[C@H](O)[C@@]3(C)C1=O)OC(C)=O)C2(C)C)OC(=O)[C@H](O)[C@@H](NC(=O)c1ccccc1)c1ccccc1,HA1E,[1*]C(=O)[C@H](O)[C@@H]([4*])[8*],0.00023422762751579285,0.006610404700040817,-0.006376177072525024
CC(=O)O[C@@H]1C2=C(C)[C@H](C[C@@](O)([C@@H](OC(=O)c3ccccc3)C3[C@@]4(CO[C@@H]4C[C@H](O)[C@@]3(C)C1=O)OC(C)=O)C2(C)C)OC(=O)[C@H](O)[C@@H](NC(=O)c1ccccc1)c1ccccc1,HA1E,[1*]C(C)=O,0.00023422762751579285,0.006610404700040817,-0.006376177072525024
OC[C@H]1OC([C@H](O)[C@@H]1O)n1cnc2c1nc[nH]c2=O,HA1E,[8*]CO,-0.012940291315317154,-0.001910436898469925,-0.011029854416847229
OC[C@H]1OC([C@H](O)[C@@H]1O)n1cnc2c1nc[nH]c2=O,HA1E,[9*]n1cnc2c(=O)[nH]cnc21,-0.012940291315317154,-0.007306121289730072,-0.005634170025587082
OC[C@H]1OC([C@H](O)[C@@H]1O)n1cnc2c1nc[nH]c2=O,HA1E,[13*]C1O[C@H]([13*])[C@@H](O)[C@H]1O,-0.012940291315317154,0.0002844184637069702,-0.013224709779024124
CC(Nc1ncc(Cl)c(Nc2cc(C)[nH]n2)n1)c1ncc(F)cn1,HA1E,[14*]c1cc(C)[nH]n1,0.008423317223787308,0.01396787166595459,-0.005544554442167282
CC(Nc1ncc(Cl)c(Nc2cc(C)[nH]n2)n1)c1ncc(F)cn1,HA1E,[14*]c1ncc(F)cn1,0.008423317223787308,0.016101349145174026,-0.007678031921386719
CC(Nc1ncc(Cl)c(Nc2cc(C)[nH]n2)n1)c1ncc(F)cn1,HA1E,[4*]C([8*])C,0.008423317223787308,0.010086562484502792,-0.0016632452607154846
CC(Nc1ncc(Cl)c(Nc2cc(C)[nH]n2)n1)c1ncc(F)cn1,HA1E,[14*]c1ncc(Cl)c([14*])n1,0.008423317223787308,0.011895131319761276,-0.0034718140959739685
CC(Nc1ncc(Cl)c(Nc2cc(C)[nH]n2)n1)c1ncc(F)cn1,HA1E,[5*]N[5*],0.008423317223787308,0.010502651333808899,-0.002079334110021591
CCCC(=O)Nc1ccc(OCC(O)CNC(C)C)c(c1)C(C)=O,HA1E,[6*]C(C)=O,-0.011866707354784012,0.025878075510263443,-0.037744782865047455
CCCC(=O)Nc1ccc(OCC(O)CNC(C)C)c(c1)C(C)=O,HA1E,[1*]C(=O)CCC,-0.011866707354784012,0.025063257664442062,-0.036929965019226074
CCCC(=O)Nc1ccc(OCC(O)CNC(C)C)c(c1)C(C)=O,HA1E,[4*]CC(O)C[4*],-0.011866707354784012,0.023702632635831833,-0.035569339990615845
CCCC(=O)Nc1ccc(OCC(O)CNC(C)C)c(c1)C(C)=O,HA1E,[4*]C(C)C,-0.011866707354784012,0.02307850494980812,-0.03494521230459213
CCCC(=O)Nc1ccc(OCC(O)CNC(C)C)c(c1)C(C)=O,HA1E,[3*]O[3*],-0.011866707354784012,0.022987835109233856,-0.03485454246401787
CCCC(=O)Nc1ccc(OCC(O)CNC(C)C)c(c1)C(C)=O,HA1E,[5*]N[5*],-0.011866707354784012,0.018125515431165695,-0.029992222785949707
CCCC(=O)Nc1ccc(OCC(O)CNC(C)C)c(c1)C(C)=O,HA1E,[16*]c1ccc([16*])c([16*])c1,-0.011866707354784012,0.01309550553560257,-0.02496221289038658
COC(=O)C1=C(C)NC(C)=C(C1C)C(=O)OCCSc1ccccc1,HA1E,[1*]C(=O)C1=C(C)NC(C)=C(C([1*])=O)C1C,-0.013688202947378159,0.009949062019586563,-0.02363726496696472
COC(=O)C1=C(C)NC(C)=C(C1C)C(=O)OCCSc1ccccc1,HA1E,[16*]c1ccccc1,-0.013688202947378159,0.013065878301858902,-0.02675408124923706
COC(=O)C1=C(C)NC(C)=C(C1C)C(=O)OCCSc1ccccc1,HA1E,[3*]O[3*],-0.013688202947378159,0.015696488320827484,-0.029384691268205643
COC(=O)C1=C(C)NC(C)=C(C1C)C(=O)OCCSc1ccccc1,HA1E,[4*]CC[4*],-0.013688202947378159,0.013142585754394531,-0.02683078870177269
COC(=O)C1=C(C)NC(C)=C(C1C)C(=O)OCCSc1ccccc1,HA1E,[11*]S[11*],-0.013688202947378159,0.013076979666948318,-0.026765182614326477
COC(=O)C1=C(C)NC(C)=C(C1C)C(=O)OCCSc1ccccc1,HA1E,[3*]OC,-0.013688202947378159,0.01610196754336357,-0.02979017049074173
C[C@]12CCC3C(C=CC4=CC(=O)CC[C@]34C)C1CC[C@@]2(O)CCC(O)=O,HA1E,[8*]CCC(=O)O,-0.012057442218065262,-0.004081975668668747,-0.007975466549396515
C[C@]12CCC3C(C=CC4=CC(=O)CC[C@]34C)C1CC[C@@]2(O)CCC(O)=O,HA1E,[15*][C@]1(O)CCC2C3C=CC4=CC(=O)CC[C@]4(C)C3CC[C@@]21C,-0.012057442218065262,-0.0025551877915859222,-0.00950225442647934
CC(O)(CS(=O)(=O)c1ccc(F)cc1)C(=O)Nc1ccc(C#N)c(c1)C(F)(F)F,HA1E,[1*]C(=O)C(C)(O)CS(=O)(=O)c1ccc(F)cc1,-0.001063074916601181,-0.0009784586727619171,-8.461624383926392e-05
CC(O)(CS(=O)(=O)c1ccc(F)cc1)C(=O)Nc1ccc(C#N)c(c1)C(F)(F)F,HA1E,[16*]c1ccc(C#N)c([16*])c1,-0.001063074916601181,-0.009698502719402313,0.008635427802801132
CC(O)(CS(=O)(=O)c1ccc(F)cc1)C(=O)Nc1ccc(C#N)c(c1)C(F)(F)F,HA1E,[8*]C(F)(F)F,-0.001063074916601181,0.0056258030235767365,-0.0066888779401779175
CC(O)(CS(=O)(=O)c1ccc(F)cc1)C(=O)Nc1ccc(C#N)c(c1)C(F)(F)F,HA1E,[5*]N[5*],-0.001063074916601181,-0.0008702315390110016,-0.00019284337759017944
CC1(OC(=CC1=O)C(O)=O)c1ccccc1,HA1E,[16*]c1ccccc1,-0.019910749047994614,-0.007491305470466614,-0.012419443577528
CC1(OC(=CC1=O)C(O)=O)c1ccccc1,HA1E,[13*]C1(C)OC(C(=O)O)=CC1=O,-0.019910749047994614,-0.01354081928730011,-0.006369929760694504
CN1C2C[C@H](O)[C@H]1C[C@H](C2)OC(=O)[C@H](CO)c1ccccc1,HA1E,[15*][C@H]1CC2C[C@H](O)[C@@H](C1)N2C,-0.013947725296020508,-0.001482214778661728,-0.01246551051735878
CN1C2C[C@H](O)[C@H]1C[C@H](C2)OC(=O)[C@H](CO)c1ccccc1,HA1E,[16*]c1ccccc1,-0.013947725296020508,0.00022937729954719543,-0.014177102595567703
CN1C2C[C@H](O)[C@H]1C[C@H](C2)OC(=O)[C@H](CO)c1ccccc1,HA1E,[3*]O[3*],-0.013947725296020508,0.0011099092662334442,-0.015057634562253952
CN1C2C[C@H](O)[C@H]1C[C@H](C2)OC(=O)[C@H](CO)c1ccccc1,HA1E,[1*]C(=O)[C@@H]([8*])CO,-0.013947725296020508,-0.0022126995027065277,-0.01173502579331398
CCCCCC(=O)O[C@@]1(CCC2C3CCC4=CC(=O)CC[C@]4(C)C3CC[C@]12C)C(C)=O,HA1E,[6*]C(C)=O,-0.008860491216182709,0.0198177769780159,-0.02867826819419861
CCCCCC(=O)O[C@@]1(CCC2C3CCC4=CC(=O)CC[C@]4(C)C3CC[C@]12C)C(C)=O,HA1E,[15*]C1([15*])CCC2C3CCC4=CC(=O)CC[C@]4(C)C3CC[C@@]21C,-0.008860491216182709,0.00976511836051941,-0.018625609576702118
CCCCCC(=O)O[C@@]1(CCC2C3CCC4=CC(=O)CC[C@]4(C)C3CC[C@]12C)C(C)=O,HA1E,[1*]C(=O)CCCCC,-0.008860491216182709,0.018611038103699684,-0.027471529319882393
CCCCCC(=O)O[C@@]1(CCC2C3CCC4=CC(=O)CC[C@]4(C)C3CC[C@]12C)C(C)=O,HA1E,[4*][C@]1([15*])CCC2C3CCC4=CC(=O)CC[C@]4(C)C3CC[C@@]21C,-0.008860491216182709,0.009582918137311935,-0.018443409353494644
CCCCCC(=O)O[C@@]1(CCC2C3CCC4=CC(=O)CC[C@]4(C)C3CC[C@]12C)C(C)=O,HA1E,[3*]O[3*],-0.008860491216182709,0.014813071116805077,-0.023673562332987785
CC(C)N(CCC(C(N)=O)(c1ccccc1)c1ccccn1)C(C)C,HA1E,[14*]c1ccccn1,-0.022478610277175903,0.011337917298078537,-0.03381652757525444
CC(C)N(CCC(C(N)=O)(c1ccccc1)c1ccccn1)C(C)C,HA1E,[16*]c1ccccc1,-0.022478610277175903,0.012608882039785385,-0.03508749231696129
CC(C)N(CCC(C(N)=O)(c1ccccc1)c1ccccn1)C(C)C,HA1E,[4*]C(C)C,-0.022478610277175903,0.012191440910100937,-0.03467005118727684
CC(C)N(CCC(C(N)=O)(c1ccccc1)c1ccccn1)C(C)C,HA1E,[4*]CCC([8*])([8*])C(N)=O,-0.022478610277175903,0.011444035917520523,-0.033922646194696426
CC(C)N(CCC(C(N)=O)(c1ccccc1)c1ccccn1)C(C)C,HA1E,[5*]N([5*])[5*],-0.022478610277175903,0.007621439173817635,-0.030100049450993538
NC1CCN(C1)c1cccnc1,HA1E,[16*]c1cccnc1,-0.005777571350336075,-0.014037076383829117,0.008259505033493042
NC1CCN(C1)c1cccnc1,HA1E,[5*]N1CCC(N)C1,-0.005777571350336075,-0.014917347580194473,0.009139776229858398
CCCCCN(CCCCC)C(=O)C(CCC(O)=O)NC(=O)c1ccc(Cl)c(Cl)c1,HA1E,[4*]CCCCC,-0.005190897732973099,0.017205901443958282,-0.02239679917693138
CCCCCN(CCCCC)C(=O)C(CCC(O)=O)NC(=O)c1ccc(Cl)c(Cl)c1,HA1E,[5*]N([5*])[5*],-0.005190897732973099,0.019116900861263275,-0.024307798594236374
CCCCCN(CCCCC)C(=O)C(CCC(O)=O)NC(=O)c1ccc(Cl)c(Cl)c1,HA1E,[1*]C(=O)C([4*])CCC(=O)O,-0.005190897732973099,0.018400292843580246,-0.023591190576553345
CCCCCN(CCCCC)C(=O)C(CCC(O)=O)NC(=O)c1ccc(Cl)c(Cl)c1,HA1E,[1*]C([6*])=O,-0.005190897732973099,0.020892098546028137,-0.026082996279001236
CCCCCN(CCCCC)C(=O)C(CCC(O)=O)NC(=O)c1ccc(Cl)c(Cl)c1,HA1E,[16*]c1ccc(Cl)c(Cl)c1,-0.005190897732973099,0.016717132180929184,-0.021908029913902283
CCCCCN(CCCCC)C(=O)C(CCC(O)=O)NC(=O)c1ccc(Cl)c(Cl)c1,HA1E,[5*]N[5*],-0.005190897732973099,0.01931900531053543,-0.02450990304350853
COc1cc(C)c(Sc2cnc(NC(=O)c3ccc(CNC(C)C(C)C)cc3)s2)cc1C(=O)N1CCN(CC1)C(C)=O,HA1E,[14*]c1cnc([14*])s1,0.004481013864278793,0.02327706292271614,-0.018796049058437347
COc1cc(C)c(Sc2cnc(NC(=O)c3ccc(CNC(C)C(C)C)cc3)s2)cc1C(=O)N1CCN(CC1)C(C)=O,HA1E,[4*]C[8*],0.004481013864278793,0.017128877341747284,-0.01264786347746849
COc1cc(C)c(Sc2cnc(NC(=O)c3ccc(CNC(C)C(C)C)cc3)s2)cc1C(=O)N1CCN(CC1)C(C)=O,HA1E,[5*]N1CCN([5*])CC1,0.004481013864278793,0.020945120602846146,-0.016464106738567352
COc1cc(C)c(Sc2cnc(NC(=O)c3ccc(CNC(C)C(C)C)cc3)s2)cc1C(=O)N1CCN(CC1)C(C)=O,HA1E,[1*]C([6*])=O,0.004481013864278793,0.016576416790485382,-0.012095402926206589
COc1cc(C)c(Sc2cnc(NC(=O)c3ccc(CNC(C)C(C)C)cc3)s2)cc1C(=O)N1CCN(CC1)C(C)=O,HA1E,[16*]c1cc([16*])c(C)cc1[16*],0.004481013864278793,0.023678351193666458,-0.019197337329387665
COc1cc(C)c(Sc2cnc(NC(=O)c3ccc(CNC(C)C(C)C)cc3)s2)cc1C(=O)N1CCN(CC1)C(C)=O,HA1E,[5*]N[5*],0.004481013864278793,0.02159162238240242,-0.017110608518123627
COc1cc(C)c(Sc2cnc(NC(=O)c3ccc(CNC(C)C(C)C)cc3)s2)cc1C(=O)N1CCN(CC1)C(C)=O,HA1E,[4*]C(C)C(C)C,0.004481013864278793,0.023364122956991196,-0.018883109092712402
COc1cc(C)c(Sc2cnc(NC(=O)c3ccc(CNC(C)C(C)C)cc3)s2)cc1C(=O)N1CCN(CC1)C(C)=O,HA1E,[16*]c1ccc([16*])cc1,0.004481013864278793,0.022470243275165558,-0.017989229410886765
COc1cc(C)c(Sc2cnc(NC(=O)c3ccc(CNC(C)C(C)C)cc3)s2)cc1C(=O)N1CCN(CC1)C(C)=O,HA1E,[1*]C(C)=O,0.004481013864278793,0.024234246462583542,-0.01975323259830475
COc1cc(C)c(Sc2cnc(NC(=O)c3ccc(CNC(C)C(C)C)cc3)s2)cc1C(=O)N1CCN(CC1)C(C)=O,HA1E,[11*]S[11*],0.004481013864278793,0.024441495537757874,-0.01996048167347908
COc1cc(C)c(Sc2cnc(NC(=O)c3ccc(CNC(C)C(C)C)cc3)s2)cc1C(=O)N1CCN(CC1)C(C)=O,HA1E,[3*]OC,0.004481013864278793,0.024441495537757874,-0.01996048167347908
NCC[C@@H](O)C(=O)N[C@@H]1C[C@H](N)[C@@H](O[C@H]2O[C@H](CN)[C@@H](O)[C@H](O)[C@H]2O)[C@H](O)[C@H]1O[C@H]1O[C@H](CO)[C@@H](O)[C@H](N)C1O,HA1E,[13*][C@H]1O[C@H]([13*])[C@@H](O)[C@H](N)C1O,-0.00916837528347969,0.012361854314804077,-0.021530229598283768
NCC[C@@H](O)C(=O)N[C@@H]1C[C@H](N)[C@@H](O[C@H]2O[C@H](CN)[C@@H](O)[C@H](O)[C@H]2O)[C@H](O)[C@H]1O[C@H]1O[C@H](CO)[C@@H](O)[C@H](N)C1O,HA1E,[15*][C@@H]1[C@@H](O)[C@H]([15*])[C@@H](N)C[C@H]1[15*],-0.00916837528347969,0.010814305394887924,-0.019982680678367615
NCC[C@@H](O)C(=O)N[C@@H]1C[C@H](N)[C@@H](O[C@H]2O[C@H](CN)[C@@H](O)[C@H](O)[C@H]2O)[C@H](O)[C@H]1O[C@H]1O[C@H](CO)[C@@H](O)[C@H](N)C1O,HA1E,[8*]CO,-0.00916837528347969,0.014501549303531647,-0.023669924587011337
NCC[C@@H](O)C(=O)N[C@@H]1C[C@H](N)[C@@H](O[C@H]2O[C@H](CN)[C@@H](O)[C@H](O)[C@H]2O)[C@H](O)[C@H]1O[C@H]1O[C@H](CO)[C@@H](O)[C@H](N)C1O,HA1E,[3*]O[3*],-0.00916837528347969,0.015207696706056595,-0.024376071989536285
NCC[C@@H](O)C(=O)N[C@@H]1C[C@H](N)[C@@H](O[C@H]2O[C@H](CN)[C@@H](O)[C@H](O)[C@H]2O)[C@H](O)[C@H]1O[C@H]1O[C@H](CO)[C@@H](O)[C@H](N)C1O,HA1E,[5*]N[5*],-0.00916837528347969,0.01181814819574356,-0.02098652347922325
NCC[C@@H](O)C(=O)N[C@@H]1C[C@H](N)[C@@H](O[C@H]2O[C@H](CN)[C@@H](O)[C@H](O)[C@H]2O)[C@H](O)[C@H]1O[C@H]1O[C@H](CO)[C@@H](O)[C@H](N)C1O,HA1E,[1*]C(=O)[C@H](O)CCN,-0.00916837528347969,0.014402531087398529,-0.02357090637087822
NCC[C@@H](O)C(=O)N[C@@H]1C[C@H](N)[C@@H](O[C@H]2O[C@H](CN)[C@@H](O)[C@H](O)[C@H]2O)[C@H](O)[C@H]1O[C@H]1O[C@H](CO)[C@@H](O)[C@H](N)C1O,HA1E,[8*]CN,-0.00916837528347969,0.014741212129592896,-0.023909587413072586
NCC[C@@H](O)C(=O)N[C@@H]1C[C@H](N)[C@@H](O[C@H]2O[C@H](CN)[C@@H](O)[C@H](O)[C@H]2O)[C@H](O)[C@H]1O[C@H]1O[C@H](CO)[C@@H](O)[C@H](N)C1O,HA1E,[13*][C@H]1O[C@H]([13*])[C@@H](O)[C@H](O)[C@H]1O,-0.00916837528347969,0.014022234827280045,-0.023190610110759735
CCOC(=O)C1=C(C)NC(C)=C(C1c1cccc(Cl)c1Cl)C(=O)OC,HA1E,[16*]c1cccc(Cl)c1Cl,-0.0077721066772937775,0.0029913820326328278,-0.010763488709926605
CCOC(=O)C1=C(C)NC(C)=C(C1c1cccc(Cl)c1Cl)C(=O)OC,HA1E,[3*]O[3*],-0.0077721066772937775,0.012346392497420311,-0.02011849917471409
CCOC(=O)C1=C(C)NC(C)=C(C1c1cccc(Cl)c1Cl)C(=O)OC,HA1E,[1*]C(=O)C1=C(C)NC(C)=C(C([1*])=O)C1[15*],-0.0077721066772937775,-0.002514716237783432,-0.0052573904395103455
CCOC(=O)C1=C(C)NC(C)=C(C1c1cccc(Cl)c1Cl)C(=O)OC,HA1E,[4*]CC,-0.0077721066772937775,0.012080080807209015,-0.019852187484502792
CCOC(=O)C1=C(C)NC(C)=C(C1c1cccc(Cl)c1Cl)C(=O)OC,HA1E,[3*]OC,-0.0077721066772937775,0.013046253472566605,-0.020818360149860382
CN1CCN(C)C(=O)C1c1ccc(Nc2nc(cn(C)c2=O)-c2cccc(NC(=O)c3cc4CCCCc4s3)c2C)cc1,HA1E,[14*]c1cn(C)c(=O)c([14*])n1,0.005643803626298904,0.022298164665699005,-0.0166543610394001
CN1CCN(C)C(=O)C1c1ccc(Nc2nc(cn(C)c2=O)-c2cccc(NC(=O)c3cc4CCCCc4s3)c2C)cc1,HA1E,[1*]C([6*])=O,0.005643803626298904,0.016049262136220932,-0.010405458509922028
CN1CCN(C)C(=O)C1c1ccc(Nc2nc(cn(C)c2=O)-c2cccc(NC(=O)c3cc4CCCCc4s3)c2C)cc1,HA1E,[14*]c1cc2c(s1)CCCC2,0.005643803626298904,0.018171481788158417,-0.012527678161859512
CN1CCN(C)C(=O)C1c1ccc(Nc2nc(cn(C)c2=O)-c2cccc(NC(=O)c3cc4CCCCc4s3)c2C)cc1,HA1E,[16*]c1cccc([16*])c1C,0.005643803626298904,0.016617853194475174,-0.01097404956817627
CN1CCN(C)C(=O)C1c1ccc(Nc2nc(cn(C)c2=O)-c2cccc(NC(=O)c3cc4CCCCc4s3)c2C)cc1,HA1E,[16*]c1ccc([16*])cc1,0.005643803626298904,0.0161370150744915,-0.010493211448192596
CN1CCN(C)C(=O)C1c1ccc(Nc2nc(cn(C)c2=O)-c2cccc(NC(=O)c3cc4CCCCc4s3)c2C)cc1,HA1E,[5*]N[5*],0.005643803626298904,0.012421786785125732,-0.006777983158826828
CN1CCN(C)C(=O)C1c1ccc(Nc2nc(cn(C)c2=O)-c2cccc(NC(=O)c3cc4CCCCc4s3)c2C)cc1,HA1E,[13*]C1C(=O)N(C)CCN1C,0.005643803626298904,0.01290559396147728,-0.007261790335178375
CN(C)C1CCCN(C(=O)c2ccc(NC(=O)c3ccccc3C)cc2)c2ccccc12,HA1E,[5*]N1CCCC(N(C)C)c2ccccc21,0.003939788788557053,0.012594688683748245,-0.008654899895191193
CN(C)C1CCCN(C(=O)c2ccc(NC(=O)c3ccccc3C)cc2)c2ccccc12,HA1E,[16*]c1ccccc1C,0.003939788788557053,0.006229788064956665,-0.0022899992763996124
CN(C)C1CCCN(C(=O)c2ccc(NC(=O)c3ccccc3C)cc2)c2ccccc12,HA1E,[1*]C([6*])=O,0.003939788788557053,0.010253723710775375,-0.006313934922218323
CN(C)C1CCCN(C(=O)c2ccc(NC(=O)c3ccccc3C)cc2)c2ccccc12,HA1E,[16*]c1ccc([16*])cc1,0.003939788788557053,0.008353643119335175,-0.004413854330778122
CN(C)C1CCCN(C(=O)c2ccc(NC(=O)c3ccccc3C)cc2)c2ccccc12,HA1E,[5*]N[5*],0.003939788788557053,0.0052431076765060425,-0.0013033188879489899
CNCCC(Oc1ccc(cc1)C(F)(F)F)c1ccccc1,HA1E,[4*]CCC([4*])[8*],-0.023608427494764328,0.004333514720201492,-0.02794194221496582
CNCCC(Oc1ccc(cc1)C(F)(F)F)c1ccccc1,HA1E,[5*]NC,-0.023608427494764328,0.004001390188932419,-0.027609817683696747
CNCCC(Oc1ccc(cc1)C(F)(F)F)c1ccccc1,HA1E,[16*]c1ccccc1,-0.023608427494764328,0.004354894161224365,-0.027963321655988693
CNCCC(Oc1ccc(cc1)C(F)(F)F)c1ccccc1,HA1E,[8*]C(F)(F)F,-0.023608427494764328,0.008042342960834503,-0.03165077045559883
CNCCC(Oc1ccc(cc1)C(F)(F)F)c1ccccc1,HA1E,[3*]O[3*],-0.023608427494764328,0.0030193738639354706,-0.0266278013586998
CNCCC(Oc1ccc(cc1)C(F)(F)F)c1ccccc1,HA1E,[16*]c1ccc([16*])cc1,-0.023608427494764328,0.0016310550272464752,-0.025239482522010803
COc1ccccc1OCC(O)COC(N)=O,HA1E,[1*]C(N)=O,-0.008177611976861954,0.009191013872623444,-0.017368625849485397
COc1ccccc1OCC(O)COC(N)=O,HA1E,[4*]CC(O)C[4*],-0.008177611976861954,0.007248450070619583,-0.015426062047481537
COc1ccccc1OCC(O)COC(N)=O,HA1E,[16*]c1ccccc1[16*],-0.008177611976861954,0.0072990525513887405,-0.015476664528250694
COc1ccccc1OCC(O)COC(N)=O,HA1E,[3*]O[3*],-0.008177611976861954,0.01682330295443535,-0.025000914931297302
COc1ccccc1OCC(O)COC(N)=O,HA1E,[3*]OC,-0.008177611976861954,0.013126563280820847,-0.0213041752576828
CCCCCCCCCCCCCCCCOP(O)(=O)OCC[N+](C)(C)C,HA1E,[4*]CC[4*],-0.025904390960931778,-0.0011108256876468658,-0.024793565273284912
CCCCCCCCCCCCCCCCOP(O)(=O)OCC[N+](C)(C)C,HA1E,[3*]OP(=O)(O)O[3*],-0.025904390960931778,-0.001160401850938797,-0.02474398910999298
CCCCCCCCCCCCCCCCOP(O)(=O)OCC[N+](C)(C)C,HA1E,[4*]CCCCCCCCCCCCCCCC,-0.025904390960931778,-0.0014069601893424988,-0.02449743077158928
CCCCCCCCCCCCCCCCOP(O)(=O)OCC[N+](C)(C)C,HA1E,[5*][N+](C)(C)C,-0.025904390960931778,-0.006554588675498962,-0.019349802285432816
CC1CCCC(N1C(=O)CCSC(C)=O)C(O)=O,HA1E,[11*]SC(C)=O,-0.0077790766954422,0.002362605184316635,-0.010141681879758835
CC1CCCC(N1C(=O)CCSC(C)=O)C(O)=O,HA1E,[1*]C(=O)CC[4*],-0.0077790766954422,-0.002720765769481659,-0.005058310925960541
CC1CCCC(N1C(=O)CCSC(C)=O)C(O)=O,HA1E,[6*]C(=O)O,-0.0077790766954422,-0.0009092502295970917,-0.006869826465845108
CC1CCCC(N1C(=O)CCSC(C)=O)C(O)=O,HA1E,[5*]N1C([13*])CCCC1C,-0.0077790766954422,-0.007418256253004074,-0.0003608204424381256
OC(=O)CC1CC(=NO1)c1ccccc1,HA1E,[13*]C1CC(c2ccccc2)=NO1,-0.019029397517442703,-0.009691637009382248,-0.009337760508060455
OC(=O)CC1CC(=NO1)c1ccccc1,HA1E,[8*]CC(=O)O,-0.019029397517442703,-0.004836879670619965,-0.014192517846822739
Clc1sccc1COC(Cn1ccnc1)c1ccc(Cl)cc1Cl,HA1E,[9*]n1ccnc1,-0.0012139379978179932,0.01789344847202301,-0.019107386469841003
Clc1sccc1COC(Cn1ccnc1)c1ccc(Cl)cc1Cl,HA1E,[16*]c1ccc(Cl)cc1Cl,-0.0012139379978179932,0.00841519609093666,-0.009629134088754654
Clc1sccc1COC(Cn1ccnc1)c1ccc(Cl)cc1Cl,HA1E,[4*]C[8*],-0.0012139379978179932,0.007572948932647705,-0.008786886930465698
Clc1sccc1COC(Cn1ccnc1)c1ccc(Cl)cc1Cl,HA1E,[16*]c1ccsc1Cl,-0.0012139379978179932,0.00903758779168129,-0.010251525789499283
Clc1sccc1COC(Cn1ccnc1)c1ccc(Cl)cc1Cl,HA1E,[4*]C([8*])C[8*],-0.0012139379978179932,0.009873263537883759,-0.011087201535701752
Clc1sccc1COC(Cn1ccnc1)c1ccc(Cl)cc1Cl,HA1E,[3*]O[3*],-0.0012139379978179932,0.012124989181756973,-0.013338927179574966
CC(C)NCC(O)c1ccc(NS(C)(=O)=O)cc1,HA1E,[12*]S(C)(=O)=O,-0.010202158242464066,0.016485247761011124,-0.02668740600347519
CC(C)NCC(O)c1ccc(NS(C)(=O)=O)cc1,HA1E,[4*]C(C)C,-0.010202158242464066,0.007828176021575928,-0.018030334264039993
CC(C)NCC(O)c1ccc(NS(C)(=O)=O)cc1,HA1E,[4*]CC([8*])O,-0.010202158242464066,0.0095362588763237,-0.019738417118787766
CC(C)NCC(O)c1ccc(NS(C)(=O)=O)cc1,HA1E,[16*]c1ccc([16*])cc1,-0.010202158242464066,0.005574982613325119,-0.015777140855789185
CC(C)NCC(O)c1ccc(NS(C)(=O)=O)cc1,HA1E,[5*]N[5*],-0.010202158242464066,0.005551282316446304,-0.01575344055891037
COC(=O)Nc1nc2ccc(cc2[nH]1)S(=O)c1ccccc1,HA1E,[14*]c1nc2ccc(S(=O)c3ccccc3)cc2[nH]1,-0.002600971609354019,-0.013512898236513138,0.010911926627159119
COC(=O)Nc1nc2ccc(cc2[nH]1)S(=O)c1ccccc1,HA1E,[5*]N[5*],-0.002600971609354019,-0.00494176521897316,0.0023407936096191406
COC(=O)Nc1nc2ccc(cc2[nH]1)S(=O)c1ccccc1,HA1E,[1*]C([1*])=O,-0.002600971609354019,-0.004280369728803635,0.0016793981194496155
COC(=O)Nc1nc2ccc(cc2[nH]1)S(=O)c1ccccc1,HA1E,[3*]OC,-0.002600971609354019,-0.0020568929612636566,-0.0005440786480903625
Cc1cn(C2CC(N=[N+]=[N-])C(CO)O2)c(=O)[nH]c1=O,HA1E,[8*]CO,0.0015028305351734161,0.0024167001247406006,-0.0009138695895671844
Cc1cn(C2CC(N=[N+]=[N-])C(CO)O2)c(=O)[nH]c1=O,HA1E,[13*]C1CC(N=[N+]=[N-])C([13*])O1,0.0015028305351734161,0.0016149133443832397,-0.00011208280920982361
Cc1cn(C2CC(N=[N+]=[N-])C(CO)O2)c(=O)[nH]c1=O,HA1E,[9*]n1cc(C)c(=O)[nH]c1=O,0.0015028305351734161,-0.003892868757247925,0.005395699292421341
Clc1ccc(C(Cn2ccnc2)OCc2ccc(Sc3ccccc3)cc2)c(Cl)c1,HA1E,[9*]n1ccnc1,0.004142004996538162,0.01601642742753029,-0.011874422430992126
Clc1ccc(C(Cn2ccnc2)OCc2ccc(Sc3ccccc3)cc2)c(Cl)c1,HA1E,[16*]c1ccc(Cl)cc1Cl,0.004142004996538162,0.013828549534082413,-0.00968654453754425
Clc1ccc(C(Cn2ccnc2)OCc2ccc(Sc3ccccc3)cc2)c(Cl)c1,HA1E,[16*]c1ccccc1,0.004142004996538162,0.015596885234117508,-0.011454880237579346
Clc1ccc(C(Cn2ccnc2)OCc2ccc(Sc3ccccc3)cc2)c(Cl)c1,HA1E,[4*]C[8*],0.004142004996538162,0.015338283032178879,-0.011196278035640717
Clc1ccc(C(Cn2ccnc2)OCc2ccc(Sc3ccccc3)cc2)c(Cl)c1,HA1E,[4*]C([8*])C[8*],0.004142004996538162,0.011681180447340012,-0.007539175450801849
Clc1ccc(C(Cn2ccnc2)OCc2ccc(Sc3ccccc3)cc2)c(Cl)c1,HA1E,[3*]O[3*],0.004142004996538162,0.013514760881662369,-0.009372755885124207
Clc1ccc(C(Cn2ccnc2)OCc2ccc(Sc3ccccc3)cc2)c(Cl)c1,HA1E,[16*]c1ccc([16*])cc1,0.004142004996538162,0.011998426169157028,-0.007856421172618866
Clc1ccc(C(Cn2ccnc2)OCc2ccc(Sc3ccccc3)cc2)c(Cl)c1,HA1E,[11*]S[11*],0.004142004996538162,0.011742670089006424,-0.007600665092468262
CN1CCCC(CC2c3ccccc3Sc3ccccc23)C1,HA1E,[15*]C1CCCN(C)C1,-0.018029946833848953,-0.020253803580999374,0.002223856747150421
CN1CCCC(CC2c3ccccc3Sc3ccccc23)C1,HA1E,[8*]CC1c2ccccc2Sc2ccccc21,-0.018029946833848953,-0.009214263409376144,-0.008815683424472809
CC(C(O)=O)c1ccc(cc1)C(=O)c1cccs1,HA1E,[8*]C(C)C(=O)O,-0.02098299190402031,0.004684466868638992,-0.025667458772659302
CC(C(O)=O)c1ccc(cc1)C(=O)c1cccs1,HA1E,[6*]C([6*])=O,-0.02098299190402031,0.005847655236721039,-0.02683064714074135
CC(C(O)=O)c1ccc(cc1)C(=O)c1cccs1,HA1E,[16*]c1ccc([16*])cc1,-0.02098299190402031,-0.0012248940765857697,-0.01975809782743454
CC(C(O)=O)c1ccc(cc1)C(=O)c1cccs1,HA1E,[14*]c1cccs1,-0.02098299190402031,0.0006450414657592773,-0.021628033369779587
COc1ccc(cc1OC1CCCC1)C1CNC(=O)C1,HA1E,[15*]C1CNC(=O)C1,-0.0020211637020111084,0.012459736317396164,-0.014480900019407272
COc1ccc(cc1OC1CCCC1)C1CNC(=O)C1,HA1E,[3*]O[3*],-0.0020211637020111084,0.01600007712841034,-0.018021240830421448
COc1ccc(cc1OC1CCCC1)C1CNC(=O)C1,HA1E,[16*]c1ccc([16*])c([16*])c1,-0.0020211637020111084,0.01014772616326809,-0.012168889865279198
COc1ccc(cc1OC1CCCC1)C1CNC(=O)C1,HA1E,[15*]C1CCCC1,-0.0020211637020111084,0.015699366107583046,-0.017720529809594154
COc1ccc(cc1OC1CCCC1)C1CNC(=O)C1,HA1E,[3*]OC,-0.0020211637020111084,0.015077803283929825,-0.017098966985940933
OC[C@H](O)[C@@H](O)C(O[C@@H]1O[C@H](CO)[C@H](O)[C@H](O)[C@H]1O)[C@H](O)CO,HA1E,[8*]CO,-0.005083609372377396,0.0026303790509700775,-0.007713988423347473
OC[C@H](O)[C@@H](O)C(O[C@@H]1O[C@H](CO)[C@H](O)[C@H](O)[C@H]1O)[C@H](O)CO,HA1E,[3*]O[3*],-0.005083609372377396,0.002830963581800461,-0.007914572954177856
OC[C@H](O)[C@@H](O)C(O[C@@H]1O[C@H](CO)[C@H](O)[C@H](O)[C@H]1O)[C@H](O)CO,HA1E,[13*][C@@H]1O[C@H]([13*])[C@H](O)[C@H](O)[C@H]1O,-0.005083609372377396,0.001945938915014267,-0.007029548287391663
OC[C@H](O)[C@@H](O)C(O[C@@H]1O[C@H](CO)[C@H](O)[C@H](O)[C@H]1O)[C@H](O)CO,HA1E,[4*]C([C@H](O)CO)[C@H](O)[C@@H](O)CO,-0.005083609372377396,-0.00032166019082069397,-0.004761949181556702
Nc1ncnc2n(nc(-c3ccc(Oc4ccccc4)cc3)c12)C1CCCN(C1)C(=O)C=C,HA1E,[1*]C(=O)C=C,0.004318539053201675,0.01827453449368477,-0.013955995440483093
Nc1ncnc2n(nc(-c3ccc(Oc4ccccc4)cc3)c12)C1CCCN(C1)C(=O)C=C,HA1E,[16*]c1ccccc1,0.004318539053201675,0.023748144507408142,-0.019429605454206467
Nc1ncnc2n(nc(-c3ccc(Oc4ccccc4)cc3)c12)C1CCCN(C1)C(=O)C=C,HA1E,[5*]N1CCCC([15*])C1,0.004318539053201675,0.02156277745962143,-0.017244238406419754
Nc1ncnc2n(nc(-c3ccc(Oc4ccccc4)cc3)c12)C1CCCN(C1)C(=O)C=C,HA1E,[3*]O[3*],0.004318539053201675,0.024584047496318817,-0.02026550844311714
Nc1ncnc2n(nc(-c3ccc(Oc4ccccc4)cc3)c12)C1CCCN(C1)C(=O)C=C,HA1E,[16*]c1ccc([16*])cc1,0.004318539053201675,0.025458794087171555,-0.02114025503396988
Nc1ncnc2n(nc(-c3ccc(Oc4ccccc4)cc3)c12)C1CCCN(C1)C(=O)C=C,HA1E,[9*]n1nc([14*])c2c(N)ncnc21,0.004318539053201675,0.019915316253900528,-0.015596777200698853
CC(=O)OCC(=O)[C@@]12OC3(CCCC3)O[C@@H]1CC1C3CCC4=CC(=O)C=C[C@]4(C)[C@@]3(F)[C@@H](O)C[C@]21C,HA1E,[15*][C@@]12OC3(CCCC3)O[C@@H]1CC1C3CCC4=CC(=O)C=C[C@]4(C)[C@@]3(F)[C@@H](O)C[C@@]12C,0.0010825619101524353,0.005353260785341263,-0.0042706988751888275
CC(=O)OCC(=O)[C@@]12OC3(CCCC3)O[C@@H]1CC1C3CCC4=CC(=O)C=C[C@]4(C)[C@@]3(F)[C@@H](O)C[C@]21C,HA1E,[4*]CC([6*])=O,0.0010825619101524353,0.00824098102748394,-0.007158419117331505
CC(=O)OCC(=O)[C@@]12OC3(CCCC3)O[C@@H]1CC1C3CCC4=CC(=O)C=C[C@]4(C)[C@@]3(F)[C@@H](O)C[C@]21C,HA1E,[3*]O[3*],0.0010825619101524353,0.010150426998734474,-0.009067865088582039
CC(=O)OCC(=O)[C@@]12OC3(CCCC3)O[C@@H]1CC1C3CCC4=CC(=O)C=C[C@]4(C)[C@@]3(F)[C@@H](O)C[C@]21C,HA1E,[13*][C@@]12OC3(CCCC3)O[C@@H]1CC1C3CCC4=CC(=O)C=C[C@]4(C)[C@@]3(F)[C@@H](O)C[C@@]12C,0.0010825619101524353,0.007527375593781471,-0.006444813683629036
CC(=O)OCC(=O)[C@@]12OC3(CCCC3)O[C@@H]1CC1C3CCC4=CC(=O)C=C[C@]4(C)[C@@]3(F)[C@@H](O)C[C@]21C,HA1E,[1*]C(C)=O,0.0010825619101524353,0.009380564093589783,-0.008298002183437347
COC(=O)[C@]12OC[C@@]34[C@H]1[C@@H](OC(=O)\C=C(/C)C(C)C)C(=O)O[C@@H]3C[C@H]1C(C)C(=O)C(=O)C[C@]1(C)[C@H]4[C@@H](O)[C@@H]2O,HA1E,[13*][C@@]12OC[C@]34[C@H]([C@@H](O)[C@@H]1O)[C@@]1(C)CC(=O)C(=O)C(C)[C@@H]1C[C@H]3OC(=O)[C@H]([15*])[C@@H]24,-0.004224184900522232,-0.001253664493560791,-0.002970520406961441
COC(=O)[C@]12OC[C@@]34[C@H]1[C@@H](OC(=O)\C=C(/C)C(C)C)C(=O)O[C@@H]3C[C@H]1C(C)C(=O)C(=O)C[C@]1(C)[C@H]4[C@@H](O)[C@@H]2O,HA1E,[7*]C(C)C(C)C,-0.004224184900522232,-0.0007920823991298676,-0.0034321025013923645
COC(=O)[C@]12OC[C@@]34[C@H]1[C@@H](OC(=O)\C=C(/C)C(C)C)C(=O)O[C@@H]3C[C@H]1C(C)C(=O)C(=O)C[C@]1(C)[C@H]4[C@@H](O)[C@@H]2O,HA1E,[1*]C([6*])=O,-0.004224184900522232,0.00038037821650505066,-0.004604563117027283
COC(=O)[C@]12OC[C@@]34[C@H]1[C@@H](OC(=O)\C=C(/C)C(C)C)C(=O)O[C@@H]3C[C@H]1C(C)C(=O)C(=O)C[C@]1(C)[C@H]4[C@@H](O)[C@@H]2O,HA1E,[15*][C@H]1C(=O)O[C@@H]2C[C@H]3C(C)C(=O)C(=O)C[C@]3(C)[C@H]3[C@@H](O)[C@H](O)[C@@]4([15*])OC[C@]32[C@@H]14,-0.004224184900522232,0.003427702933549881,-0.007651887834072113
COC(=O)[C@]12OC[C@@]34[C@H]1[C@@H](OC(=O)\C=C(/C)C(C)C)C(=O)O[C@@H]3C[C@H]1C(C)C(=O)C(=O)C[C@]1(C)[C@H]4[C@@H](O)[C@@H]2O,HA1E,[3*]O[3*],-0.004224184900522232,0.002819046378135681,-0.007043231278657913
COC(=O)[C@]12OC[C@@]34[C@H]1[C@@H](OC(=O)\C=C(/C)C(C)C)C(=O)O[C@@H]3C[C@H]1C(C)C(=O)C(=O)C[C@]1(C)[C@H]4[C@@H](O)[C@@H]2O,HA1E,[1*]C(=O)C[7*],-0.004224184900522232,0.002819046378135681,-0.007043231278657913
COC(=O)[C@]12OC[C@@]34[C@H]1[C@@H](OC(=O)\C=C(/C)C(C)C)C(=O)O[C@@H]3C[C@H]1C(C)C(=O)C(=O)C[C@]1(C)[C@H]4[C@@H](O)[C@@H]2O,HA1E,[3*]OC,-0.004224184900522232,0.002819046378135681,-0.007043231278657913
COC[C@H](NC(=O)[C@H](COC)NC(=O)c1cnc(C)s1)C(=O)N[C@@H](Cc1ccccc1)C(=O)C1(C)CO1,HA1E,[16*]c1ccccc1,-0.006391663104295731,0.01746426895260811,-0.02385593205690384
COC[C@H](NC(=O)[C@H](COC)NC(=O)c1cnc(C)s1)C(=O)N[C@@H](Cc1ccccc1)C(=O)C1(C)CO1,HA1E,[13*]C1(C)CO1,-0.006391663104295731,0.018769264221191406,-0.025160927325487137
COC[C@H](NC(=O)[C@H](COC)NC(=O)c1cnc(C)s1)C(=O)N[C@@H](Cc1ccccc1)C(=O)C1(C)CO1,HA1E,[4*][C@@H](C[8*])C([6*])=O,-0.006391663104295731,0.016356732696294785,-0.022748395800590515
COC[C@H](NC(=O)[C@H](COC)NC(=O)c1cnc(C)s1)C(=O)N[C@@H](Cc1ccccc1)C(=O)C1(C)CO1,HA1E,[1*]C(=O)[C@@H]([4*])C[4*],-0.006391663104295731,0.01356479898095131,-0.01995646208524704
COC[C@H](NC(=O)[C@H](COC)NC(=O)c1cnc(C)s1)C(=O)N[C@@H](Cc1ccccc1)C(=O)C1(C)CO1,HA1E,[1*]C([6*])=O,-0.006391663104295731,0.012562539428472519,-0.01895420253276825
COC[C@H](NC(=O)[C@H](COC)NC(=O)c1cnc(C)s1)C(=O)N[C@@H](Cc1ccccc1)C(=O)C1(C)CO1,HA1E,[14*]c1cnc(C)s1,-0.006391663104295731,0.01084854081273079,-0.01724020391702652
COC[C@H](NC(=O)[C@H](COC)NC(=O)c1cnc(C)s1)C(=O)N[C@@H](Cc1ccccc1)C(=O)C1(C)CO1,HA1E,[5*]N[5*],-0.006391663104295731,0.012067899107933044,-0.018459562212228775
COC[C@H](NC(=O)[C@H](COC)NC(=O)c1cnc(C)s1)C(=O)N[C@@H](Cc1ccccc1)C(=O)C1(C)CO1,HA1E,[3*]OC,-0.006391663104295731,0.012667965143918991,-0.01905962824821472
CCN(CC)C(C)C(=O)c1ccccc1,HA1E,[16*]c1ccccc1,-0.0111587755382061,0.007511243224143982,-0.018670018762350082
CCN(CC)C(C)C(=O)c1ccccc1,HA1E,[4*]CC,-0.0111587755382061,0.006833415478467941,-0.017992191016674042
CCN(CC)C(C)C(=O)c1ccccc1,HA1E,[4*]C(C)C([6*])=O,-0.0111587755382061,0.0030143000185489655,-0.014173075556755066
CCN(CC)C(C)C(=O)c1ccccc1,HA1E,[5*]N([5*])[5*],-0.0111587755382061,-0.0038398541510105133,-0.007318921387195587
C[C@]12C[C@H](O)[C@@]3(F)C(CCC4=CC(=O)C=C[C@]34C)C1C[C@@H](O)[C@]2(O)C(=O)CO,HA1E,[15*][C@@]1(O)[C@H](O)CC2C3CCC4=CC(=O)C=C[C@]4(C)[C@@]3(F)[C@@H](O)C[C@@]21C,-0.0016562677919864655,-0.00595783069729805,0.0043015629053115845
C[C@]12C[C@H](O)[C@@]3(F)C(CCC4=CC(=O)C=C[C@]34C)C1C[C@@H](O)[C@]2(O)C(=O)CO,HA1E,[6*]C(=O)CO,-0.0016562677919864655,-0.0059368424117565155,0.00428057461977005
C[C@]12CCC3C(CCc4cc(O)ccc34)C1CCC2=O,HA1E,C[C@]12CCC3c4ccc(O)cc4CCC3C1CCC2=O,-0.00534394383430481,0.036458566784858704,-0.04180251061916351
OCC(O)COC(=O)c1ccccc1Nc1ccnc2cc(Cl)ccc12,HA1E,[16*]c1ccnc2cc(Cl)ccc12,-0.0005652718245983124,0.01363801583647728,-0.014203287661075592
OCC(O)COC(=O)c1ccccc1Nc1ccnc2cc(Cl)ccc12,HA1E,[4*]CC(O)CO,-0.0005652718245983124,0.011948253959417343,-0.012513525784015656
OCC(O)COC(=O)c1ccccc1Nc1ccnc2cc(Cl)ccc12,HA1E,[1*]C([6*])=O,-0.0005652718245983124,0.013197183609008789,-0.013762455433607101
OCC(O)COC(=O)c1ccccc1Nc1ccnc2cc(Cl)ccc12,HA1E,[16*]c1ccccc1[16*],-0.0005652718245983124,0.009433772414922714,-0.009999044239521027
OCC(O)COC(=O)c1ccccc1Nc1ccnc2cc(Cl)ccc12,HA1E,[3*]O[3*],-0.0005652718245983124,0.015188649296760559,-0.01575392112135887
OCC(O)COC(=O)c1ccccc1Nc1ccnc2cc(Cl)ccc12,HA1E,[5*]N[5*],-0.0005652718245983124,0.010004222393035889,-0.010569494217634201
CSCCC(NC(=O)C(Cc1ccccc1)NC(=O)CNC(=O)CNC(=O)C(N)Cc1ccc(O)cc1)C(O)=O,HA1E,[16*]c1ccc(O)cc1,-0.006812047213315964,0.013067308813333511,-0.019879356026649475
CSCCC(NC(=O)C(Cc1ccccc1)NC(=O)CNC(=O)CNC(=O)C(N)Cc1ccc(O)cc1)C(O)=O,HA1E,[1*]C(=O)C(N)C[8*],-0.006812047213315964,0.015247859060764313,-0.022059906274080276
CSCCC(NC(=O)C(Cc1ccccc1)NC(=O)CNC(=O)CNC(=O)C(N)Cc1ccc(O)cc1)C(O)=O,HA1E,[16*]c1ccccc1,-0.006812047213315964,0.018093202263116837,-0.0249052494764328
CSCCC(NC(=O)C(Cc1ccccc1)NC(=O)CNC(=O)CNC(=O)C(N)Cc1ccc(O)cc1)C(O)=O,HA1E,[11*]SC,-0.006812047213315964,0.01665468141436577,-0.023466728627681732
CSCCC(NC(=O)C(Cc1ccccc1)NC(=O)CNC(=O)CNC(=O)C(N)Cc1ccc(O)cc1)C(O)=O,HA1E,[1*]C(=O)C[4*],-0.006812047213315964,0.01791279762983322,-0.024724844843149185
CSCCC(NC(=O)C(Cc1ccccc1)NC(=O)CNC(=O)CNC(=O)C(N)Cc1ccc(O)cc1)C(O)=O,HA1E,[4*]CCC([4*])C(=O)O,-0.006812047213315964,0.020406626164913177,-0.02721867337822914
CSCCC(NC(=O)C(Cc1ccccc1)NC(=O)CNC(=O)CNC(=O)C(N)Cc1ccc(O)cc1)C(O)=O,HA1E,[1*]C(=O)C([4*])C[8*],-0.006812047213315964,0.020306646823883057,-0.02711869403719902
CSCCC(NC(=O)C(Cc1ccccc1)NC(=O)CNC(=O)CNC(=O)C(N)Cc1ccc(O)cc1)C(O)=O,HA1E,[5*]N[5*],-0.006812047213315964,0.017481062561273575,-0.02429310977458954
CC(=O)N1CCN(CC1)c1ccc(OCC2CO[C@@](Cn3ccnc3)(O2)c2ccc(Cl)cc2Cl)cc1,HA1E,[9*]n1ccnc1,0.007612384855747223,0.020534571260213852,-0.012922186404466629
CC(=O)N1CCN(CC1)c1ccc(OCC2CO[C@@](Cn3ccnc3)(O2)c2ccc(Cl)cc2Cl)cc1,HA1E,[13*]C1COC([13*])([13*])O1,0.007612384855747223,0.02061169594526291,-0.012999311089515686
CC(=O)N1CCN(CC1)c1ccc(OCC2CO[C@@](Cn3ccnc3)(O2)c2ccc(Cl)cc2Cl)cc1,HA1E,[16*]c1ccc(Cl)cc1Cl,0.007612384855747223,0.01863136887550354,-0.011018984019756317
CC(=O)N1CCN(CC1)c1ccc(OCC2CO[C@@](Cn3ccnc3)(O2)c2ccc(Cl)cc2Cl)cc1,HA1E,[4*]C[8*],0.007612384855747223,0.018449854105710983,-0.01083746924996376
CC(=O)N1CCN(CC1)c1ccc(OCC2CO[C@@](Cn3ccnc3)(O2)c2ccc(Cl)cc2Cl)cc1,HA1E,[5*]N1CCN([5*])CC1,0.007612384855747223,0.01711791753768921,-0.009505532681941986
CC(=O)N1CCN(CC1)c1ccc(OCC2CO[C@@](Cn3ccnc3)(O2)c2ccc(Cl)cc2Cl)cc1,HA1E,[3*]O[3*],0.007612384855747223,0.023031972348690033,-0.01541958749294281
CC(=O)N1CCN(CC1)c1ccc(OCC2CO[C@@](Cn3ccnc3)(O2)c2ccc(Cl)cc2Cl)cc1,HA1E,[16*]c1ccc([16*])cc1,0.007612384855747223,0.020340315997600555,-0.012727931141853333
CC(=O)N1CCN(CC1)c1ccc(OCC2CO[C@@](Cn3ccnc3)(O2)c2ccc(Cl)cc2Cl)cc1,HA1E,[8*]C[8*],0.007612384855747223,0.020309630781412125,-0.012697245925664902
CC(=O)N1CCN(CC1)c1ccc(OCC2CO[C@@](Cn3ccnc3)(O2)c2ccc(Cl)cc2Cl)cc1,HA1E,[1*]C(C)=O,0.007612384855747223,0.02099238708615303,-0.013380002230405807
OC(=O)C1CSCN1,HA1E,[6*]C(=O)O,-0.008557610213756561,-0.01299918070435524,0.004441570490598679
OC(=O)C1CSCN1,HA1E,[13*]C1CSCN1,-0.008557610213756561,-0.011858530342578888,0.0033009201288223267
COCCCOc1ccnc(CS(=O)c2nc3ccccc3[nH]2)c1C,HA1E,[4*]CCC[4*],-0.0007514543831348419,0.007299164310097694,-0.008050618693232536
COCCCOc1ccnc(CS(=O)c2nc3ccccc3[nH]2)c1C,HA1E,[8*]CS(=O)c1nc2ccccc2[nH]1,-0.0007514543831348419,0.004442177712917328,-0.00519363209605217
COCCCOc1ccnc(CS(=O)c2nc3ccccc3[nH]2)c1C,HA1E,[3*]O[3*],-0.0007514543831348419,0.005028251558542252,-0.0057797059416770935
COCCCOc1ccnc(CS(=O)c2nc3ccccc3[nH]2)c1C,HA1E,[14*]c1nccc([16*])c1C,-0.0007514543831348419,-0.0012921728193759918,0.0005407184362411499
COCCCOc1ccnc(CS(=O)c2nc3ccccc3[nH]2)c1C,HA1E,[3*]OC,-0.0007514543831348419,0.0035501979291439056,-0.0043016523122787476
C[C@]12CCC3C(CCC4=CC(=O)CC[C@H]34)C1CC[C@@]2(O)C#C,HA1E,C#C[C@]1(O)CCC2C3CCC4=CC(=O)CC[C@@H]4C3CC[C@@]21C,-0.0066755786538124084,0.036458566784858704,-0.04313414543867111
O=c1n(CC2CO2)c(=O)n(CC2CO2)c(=O)n1CC1CO1,HA1E,[8*]C[8*],0.0023565292358398438,0.0014041662216186523,0.0009523630142211914
O=c1n(CC2CO2)c(=O)n(CC2CO2)c(=O)n1CC1CO1,HA1E,[13*]C1CO1,0.0023565292358398438,-0.004169892519712448,0.006526421755552292
O=c1n(CC2CO2)c(=O)n(CC2CO2)c(=O)n1CC1CO1,HA1E,[9*]n1c(=O)n([9*])c(=O)n([9*])c1=O,0.0023565292358398438,-0.014021862298250198,0.016378391534090042
CC(C)(C)NCC(O)COc1cccc2[nH]c(O)nc12,HA1E,[4*]C(C)(C)C,-0.010214325040578842,0.013622093945741653,-0.023836418986320496
CC(C)(C)NCC(O)COc1cccc2[nH]c(O)nc12,HA1E,[4*]CC(O)C[4*],-0.010214325040578842,0.009816206991672516,-0.020030532032251358
CC(C)(C)NCC(O)COc1cccc2[nH]c(O)nc12,HA1E,[3*]O[3*],-0.010214325040578842,0.022636570036411285,-0.03285089507699013
CC(C)(C)NCC(O)COc1cccc2[nH]c(O)nc12,HA1E,[16*]c1cccc2[nH]c(O)nc12,-0.010214325040578842,0.007604643702507019,-0.01781896874308586
CC(C)(C)NCC(O)COc1cccc2[nH]c(O)nc12,HA1E,[5*]N[5*],-0.010214325040578842,0.011720160022377968,-0.02193448506295681
OC(=O)C1CCn2c1ccc2C(=O)c1ccccc1,HA1E,[16*]c1ccccc1,-0.006598468869924545,-0.006737414747476578,0.00013894587755203247
OC(=O)C1CCn2c1ccc2C(=O)c1ccccc1,HA1E,[6*]C([6*])=O,-0.006598468869924545,-0.003117028623819351,-0.003481440246105194
OC(=O)C1CCn2c1ccc2C(=O)c1ccccc1,HA1E,[14*]c1ccc2n1CCC2C(=O)O,-0.006598468869924545,-0.010051112622022629,0.0034526437520980835
CO\N=C1/CN(CC1CN)c1nc2n(cc(C(O)=O)c(=O)c2cc1F)C1CC1,HA1E,[8*]CN,0.0022584646940231323,0.01622879132628441,-0.013970326632261276
CO\N=C1/CN(CC1CN)c1nc2n(cc(C(O)=O)c(=O)c2cc1F)C1CC1,HA1E,[9*]n1cc([16*])c(=O)c2cc(F)c([14*])nc21,0.0022584646940231323,0.012426011264324188,-0.010167546570301056
CO\N=C1/CN(CC1CN)c1nc2n(cc(C(O)=O)c(=O)c2cc1F)C1CC1,HA1E,[6*]C(=O)O,0.0022584646940231323,0.020437821745872498,-0.018179357051849365
CO\N=C1/CN(CC1CN)c1nc2n(cc(C(O)=O)c(=O)c2cc1F)C1CC1,HA1E,[5*]N1C/C(=N\OC)C([15*])C1,0.0022584646940231323,0.007468095049262047,-0.0052096303552389145
CO\N=C1/CN(CC1CN)c1nc2n(cc(C(O)=O)c(=O)c2cc1F)C1CC1,HA1E,[15*]C1CC1,0.0022584646940231323,0.017282258719205856,-0.015023794025182724
CCC(C)N(C)C(=O)c1cc2ccccc2c(n1)-c1ccccc1Cl,HA1E,[16*]c1ccccc1Cl,-0.0020338408648967743,0.01751188561320305,-0.019545726478099823
CCC(C)N(C)C(=O)c1cc2ccccc2c(n1)-c1ccccc1Cl,HA1E,[1*]C([6*])=O,-0.0020338408648967743,0.010951196774840355,-0.01298503763973713
CCC(C)N(C)C(=O)c1cc2ccccc2c(n1)-c1ccccc1Cl,HA1E,[5*]N([5*])C,-0.0020338408648967743,0.005780894309282303,-0.007814735174179077
CCC(C)N(C)C(=O)c1cc2ccccc2c(n1)-c1ccccc1Cl,HA1E,[4*]C(C)CC,-0.0020338408648967743,0.009434105828404427,-0.0114679466933012
CCC(C)N(C)C(=O)c1cc2ccccc2c(n1)-c1ccccc1Cl,HA1E,[14*]c1cc2ccccc2c([14*])n1,-0.0020338408648967743,0.004006784409284592,-0.006040625274181366
CC(Nc1ccccc1)c1cc(C)cn2c1nc(cc2=O)N1CCOCC1,HA1E,[14*]c1cc(=O)n2cc(C)cc([16*])c2n1,0.0003388039767742157,0.005324523895978928,-0.004985719919204712
CC(Nc1ccccc1)c1cc(C)cn2c1nc(cc2=O)N1CCOCC1,HA1E,[5*]N1CCOCC1,0.0003388039767742157,0.014614500105381012,-0.014275696128606796
CC(Nc1ccccc1)c1cc(C)cn2c1nc(cc2=O)N1CCOCC1,HA1E,[16*]c1ccccc1,0.0003388039767742157,0.015864714980125427,-0.015525911003351212
CC(Nc1ccccc1)c1cc(C)cn2c1nc(cc2=O)N1CCOCC1,HA1E,[4*]C([8*])C,0.0003388039767742157,0.013624109327793121,-0.013285305351018906
CC(Nc1ccccc1)c1cc(C)cn2c1nc(cc2=O)N1CCOCC1,HA1E,[5*]N[5*],0.0003388039767742157,0.014271225780248642,-0.013932421803474426
CC(=O)C(C#N)C(=O)Nc1ccc(cc1)C(F)(F)F,HA1E,[16*]c1ccc([16*])cc1,-0.02005508914589882,-0.008866410702466965,-0.011188678443431854
CC(=O)C(C#N)C(=O)Nc1ccc(cc1)C(F)(F)F,HA1E,[1*]C(=O)C(C#N)C(C)=O,-0.02005508914589882,-0.002761293202638626,-0.017293795943260193
CC(=O)C(C#N)C(=O)Nc1ccc(cc1)C(F)(F)F,HA1E,[8*]C(F)(F)F,-0.02005508914589882,0.0013859234750270844,-0.021441012620925903
CC(=O)C(C#N)C(=O)Nc1ccc(cc1)C(F)(F)F,HA1E,[5*]N[5*],-0.02005508914589882,-0.007776226848363876,-0.012278862297534943
Cc1ncc(n1CC(O)CCl)[N+]([O-])=O,HA1E,[9*]n1c([N+](=O)[O-])cnc1C,-0.005024168640375137,0.0018601864576339722,-0.0068843550980091095
Cc1ncc(n1CC(O)CCl)[N+]([O-])=O,HA1E,[8*]CC(O)CCl,-0.005024168640375137,-0.004597712308168411,-0.0004264563322067261
CC(C(O)=O)c1ccc(CC2CCCC2=O)cc1,HA1E,[15*]C1CCCC1=O,-0.016999412328004837,0.007319705560803413,-0.02431911788880825
CC(C(O)=O)c1ccc(CC2CCCC2=O)cc1,HA1E,[8*]C[8*],-0.016999412328004837,0.004561707377433777,-0.021561119705438614
CC(C(O)=O)c1ccc(CC2CCCC2=O)cc1,HA1E,[8*]C(C)C(=O)O,-0.016999412328004837,0.009159866720438004,-0.02615927904844284
CC(C(O)=O)c1ccc(CC2CCCC2=O)cc1,HA1E,[16*]c1ccc([16*])cc1,-0.016999412328004837,-0.008074432611465454,-0.008924979716539383
CCCN1C(C)=C(C(c2cccc(c2)[N+]([O-])=O)C(C(=O)ON2CCC(CC2)(c2ccccc2)c2ccccc2)=C1C)C(=O)OC,HA1E,[4*]CCC,0.0017432868480682373,0.014819048345088959,-0.013075761497020721
CCCN1C(C)=C(C(c2cccc(c2)[N+]([O-])=O)C(C(=O)ON2CCC(CC2)(c2ccccc2)c2ccccc2)=C1C)C(=O)OC,HA1E,[16*]c1ccccc1,0.0017432868480682373,0.020284634083509445,-0.018541347235441208
CCCN1C(C)=C(C(c2cccc(c2)[N+]([O-])=O)C(C(=O)ON2CCC(CC2)(c2ccccc2)c2ccccc2)=C1C)C(=O)OC,HA1E,[1*]C(=O)C1=C(C)N([5*])C(C)=C(C([1*])=O)C1[15*],0.0017432868480682373,0.019163183867931366,-0.01741989701986313
CCCN1C(C)=C(C(c2cccc(c2)[N+]([O-])=O)C(C(=O)ON2CCC(CC2)(c2ccccc2)c2ccccc2)=C1C)C(=O)OC,HA1E,[16*]c1cccc([N+](=O)[O-])c1,0.0017432868480682373,0.01825583726167679,-0.01651255041360855
CCCN1C(C)=C(C(c2cccc(c2)[N+]([O-])=O)C(C(=O)ON2CCC(CC2)(c2ccccc2)c2ccccc2)=C1C)C(=O)OC,HA1E,[3*]ON1CCC([15*])([15*])CC1,0.0017432868480682373,0.015773002058267593,-0.014029715210199356
CCCN1C(C)=C(C(c2cccc(c2)[N+]([O-])=O)C(C(=O)ON2CCC(CC2)(c2ccccc2)c2ccccc2)=C1C)C(=O)OC,HA1E,[3*]OC,0.0017432868480682373,0.017150089144706726,-0.015406802296638489
CC(N\C(Nc1ccncc1)=N\C#N)C(C)(C)C,HA1E,[4*]C(C)C(C)(C)C,0.0003524608910083771,6.803497672080994e-05,0.00028442591428756714
CC(N\C(Nc1ccncc1)=N\C#N)C(C)(C)C,HA1E,[5*]NC(=NC#N)N[5*],0.0003524608910083771,-0.0040313489735126495,0.004383809864521027
CC(N\C(Nc1ccncc1)=N\C#N)C(C)(C)C,HA1E,[16*]c1ccncc1,0.0003524608910083771,-0.004399191588163376,0.004751652479171753
CC(C(O)=O)c1ccc(cc1)N1Cc2ccccc2C1=O,HA1E,[8*]C(C)C(=O)O,-0.0184321328997612,0.0024303197860717773,-0.020862452685832977
CC(C(O)=O)c1ccc(cc1)N1Cc2ccccc2C1=O,HA1E,[10*]N1Cc2ccccc2C1=O,-0.0184321328997612,0.00274716317653656,-0.02117929607629776
CC(C(O)=O)c1ccc(cc1)N1Cc2ccccc2C1=O,HA1E,[16*]c1ccc([16*])cc1,-0.0184321328997612,-0.01003434881567955,-0.00839778408408165
CCCN(CCC)C(=O)C(CCC(O)=O)NC(=O)c1ccccc1,HA1E,[4*]CCC,-0.012470565736293793,0.015696417540311813,-0.028166983276605606
CCCN(CCC)C(=O)C(CCC(O)=O)NC(=O)c1ccccc1,HA1E,[16*]c1ccccc1,-0.012470565736293793,0.01689762994647026,-0.029368195682764053
CCCN(CCC)C(=O)C(CCC(O)=O)NC(=O)c1ccccc1,HA1E,[5*]N([5*])[5*],-0.012470565736293793,0.011003002524375916,-0.023473568260669708
CCCN(CCC)C(=O)C(CCC(O)=O)NC(=O)c1ccccc1,HA1E,[1*]C(=O)C([4*])CCC(=O)O,-0.012470565736293793,0.015382412821054459,-0.02785297855734825
CCCN(CCC)C(=O)C(CCC(O)=O)NC(=O)c1ccccc1,HA1E,[1*]C([6*])=O,-0.012470565736293793,0.013486884534358978,-0.02595745027065277
CCCN(CCC)C(=O)C(CCC(O)=O)NC(=O)c1ccccc1,HA1E,[5*]N[5*],-0.012470565736293793,0.012493569403886795,-0.024964135140180588
CCNC(=O)CCC\C=C/C[C@H]1[C@@H](O)C[C@@H](O)[C@@H]1\C=C\C(O)CCc1ccccc1,HA1E,[7*]CC(O)CC[8*],-0.0008997432887554169,0.020187854766845703,-0.02108759805560112
CCNC(=O)CCC\C=C/C[C@H]1[C@@H](O)C[C@@H](O)[C@@H]1\C=C\C(O)CCc1ccccc1,HA1E,[7*]C[8*],-0.0008997432887554169,0.028081316500902176,-0.028981059789657593
CCNC(=O)CCC\C=C/C[C@H]1[C@@H](O)C[C@@H](O)[C@@H]1\C=C\C(O)CCc1ccccc1,HA1E,[7*]CC[8*],-0.0008997432887554169,0.026827115565538406,-0.027726858854293823
CCNC(=O)CCC\C=C/C[C@H]1[C@@H](O)C[C@@H](O)[C@@H]1\C=C\C(O)CCc1ccccc1,HA1E,[16*]c1ccccc1,-0.0008997432887554169,0.028442207723855972,-0.02934195101261139
CCNC(=O)CCC\C=C/C[C@H]1[C@@H](O)C[C@@H](O)[C@@H]1\C=C\C(O)CCc1ccccc1,HA1E,[1*]C(=O)CCCC[7*],-0.0008997432887554169,0.029797963798046112,-0.03069770708680153
CCNC(=O)CCC\C=C/C[C@H]1[C@@H](O)C[C@@H](O)[C@@H]1\C=C\C(O)CCc1ccccc1,HA1E,[5*]N[5*],-0.0008997432887554169,0.025587614625692368,-0.026487357914447784
CCNC(=O)CCC\C=C/C[C@H]1[C@@H](O)C[C@@H](O)[C@@H]1\C=C\C(O)CCc1ccccc1,HA1E,[4*]CC,-0.0008997432887554169,0.02281300351023674,-0.023712746798992157
CCNC(=O)CCC\C=C/C[C@H]1[C@@H](O)C[C@@H](O)[C@@H]1\C=C\C(O)CCc1ccccc1,HA1E,[15*][C@@H]1[C@@H]([15*])[C@@H](O)C[C@H]1O,-0.0008997432887554169,0.028269626200199127,-0.029169369488954544
CNC(=O)Nc1ccc(cc1)-c1nc(N2CC3CCC(C2)O3)c2cnn(C3CCC4(CC3)OCCO4)c2n1,HA1E,[5*]NC,0.0033668391406536102,0.0242551751434803,-0.02088833600282669
CNC(=O)Nc1ccc(cc1)-c1nc(N2CC3CCC(C2)O3)c2cnn(C3CCC4(CC3)OCCO4)c2n1,HA1E,[5*]N1CC2CCC(C1)O2,0.0033668391406536102,0.02068989723920822,-0.01732305809855461
CNC(=O)Nc1ccc(cc1)-c1nc(N2CC3CCC(C2)O3)c2cnn(C3CCC4(CC3)OCCO4)c2n1,HA1E,[9*]n1ncc2c([14*])nc([14*])nc21,0.0033668391406536102,0.021774981170892715,-0.018408142030239105
CNC(=O)Nc1ccc(cc1)-c1nc(N2CC3CCC(C2)O3)c2cnn(C3CCC4(CC3)OCCO4)c2n1,HA1E,[5*]N[5*],0.0033668391406536102,0.026522468775510788,-0.023155629634857178
CNC(=O)Nc1ccc(cc1)-c1nc(N2CC3CCC(C2)O3)c2cnn(C3CCC4(CC3)OCCO4)c2n1,HA1E,[15*]C1CCC2(CC1)OCCO2,0.0033668391406536102,0.02738169953227043,-0.02401486039161682
CNC(=O)Nc1ccc(cc1)-c1nc(N2CC3CCC(C2)O3)c2cnn(C3CCC4(CC3)OCCO4)c2n1,HA1E,[16*]c1ccc([16*])cc1,0.0033668391406536102,0.028242528438568115,-0.024875689297914505
CNC(=O)Nc1ccc(cc1)-c1nc(N2CC3CCC(C2)O3)c2cnn(C3CCC4(CC3)OCCO4)c2n1,HA1E,[1*]C([1*])=O,0.0033668391406536102,0.028417669236660004,-0.025050830096006393
CC(C1=CN=CS1)NC(=O)NC2=C(C=C(C=C2)OC3=C4C=C(C(=CC4=NC=C3)OC)OC)OC,HA1E,[4*]C([8*])C,0.018563639372587204,0.014894239604473114,0.00366939976811409
CC(C1=CN=CS1)NC(=O)NC2=C(C=C(C=C2)OC3=C4C=C(C(=CC4=NC=C3)OC)OC)OC,HA1E,[14*]c1cncs1,0.018563639372587204,0.026267334818840027,-0.007703695446252823
CC(C1=CN=CS1)NC(=O)NC2=C(C=C(C=C2)OC3=C4C=C(C(=CC4=NC=C3)OC)OC)OC,HA1E,[3*]O[3*],0.018563639372587204,0.027271796017885208,-0.008708156645298004
CC(C1=CN=CS1)NC(=O)NC2=C(C=C(C=C2)OC3=C4C=C(C(=CC4=NC=C3)OC)OC)OC,HA1E,[5*]N[5*],0.018563639372587204,0.02489856630563736,-0.006334926933050156
CC(C1=CN=CS1)NC(=O)NC2=C(C=C(C=C2)OC3=C4C=C(C(=CC4=NC=C3)OC)OC)OC,HA1E,[16*]c1cc2nccc([16*])c2cc1[16*],0.018563639372587204,0.026455990970134735,-0.007892351597547531
CC(C1=CN=CS1)NC(=O)NC2=C(C=C(C=C2)OC3=C4C=C(C(=CC4=NC=C3)OC)OC)OC,HA1E,[16*]c1ccc([16*])c([16*])c1,0.018563639372587204,0.020488280802965164,-0.0019246414303779602
CC(C1=CN=CS1)NC(=O)NC2=C(C=C(C=C2)OC3=C4C=C(C(=CC4=NC=C3)OC)OC)OC,HA1E,[1*]C([1*])=O,0.018563639372587204,0.02271777018904686,-0.004154130816459656
CC(C1=CN=CS1)NC(=O)NC2=C(C=C(C=C2)OC3=C4C=C(C(=CC4=NC=C3)OC)OC)OC,HA1E,[3*]OC,0.018563639372587204,0.0221661776304245,-0.0036025382578372955
CCN(CC)CCCC(C)Nc1c2ccc(Cl)cc2nc2ccc(OC)cc12,HA1E,[5*]N([5*])[5*],0.0007319487631320953,0.019934028387069702,-0.019202079623937607
CCN(CC)CCCC(C)Nc1c2ccc(Cl)cc2nc2ccc(OC)cc12,HA1E,[4*]CCCC([4*])C,0.0007319487631320953,0.021734174340963364,-0.02100222557783127
CCN(CC)CCCC(C)Nc1c2ccc(Cl)cc2nc2ccc(OC)cc12,HA1E,[5*]N[5*],0.0007319487631320953,0.01838977262377739,-0.017657823860645294
CCN(CC)CCCC(C)Nc1c2ccc(Cl)cc2nc2ccc(OC)cc12,HA1E,[4*]CC,0.0007319487631320953,0.01667158305644989,-0.015939634293317795
CCN(CC)CCCC(C)Nc1c2ccc(Cl)cc2nc2ccc(OC)cc12,HA1E,[16*]c1ccc2nc3cc(Cl)ccc3c([16*])c2c1,0.0007319487631320953,0.008583365008234978,-0.007851416245102882
CCN(CC)CCCC(C)Nc1c2ccc(Cl)cc2nc2ccc(OC)cc12,HA1E,[3*]OC,0.0007319487631320953,0.017632048577070236,-0.01690009981393814
CCN1CC(CCN2CCOCC2)C(C1=O)(c1ccccc1)c1ccccc1,HA1E,[5*]N1CCOCC1,-0.01029101014137268,0.00829169899225235,-0.01858270913362503
CCN1CC(CCN2CCOCC2)C(C1=O)(c1ccccc1)c1ccccc1,HA1E,[16*]c1ccccc1,-0.01029101014137268,0.009721215814352036,-0.020012225955724716
CCN1CC(CCN2CCOCC2)C(C1=O)(c1ccccc1)c1ccccc1,HA1E,[10*]N1CC([15*])C([15*])([15*])C1=O,-0.01029101014137268,0.0010497085750102997,-0.01134071871638298
CCN1CC(CCN2CCOCC2)C(C1=O)(c1ccccc1)c1ccccc1,HA1E,[4*]CC[8*],-0.01029101014137268,0.010227818042039871,-0.020518828183412552
CCN1CC(CCN2CCOCC2)C(C1=O)(c1ccccc1)c1ccccc1,HA1E,[8*]CC,-0.01029101014137268,0.011140692979097366,-0.021431703120470047
C[C@H]1C2Cc3ccc(O)cc3[C@@]1(C)CCN2CC=C,HA1E,[5*]N1CC[C@]2(C)c3cc(O)ccc3CC1[C@@H]2C,-0.009436000138521194,-0.006712336093187332,-0.0027236640453338623
C[C@H]1C2Cc3ccc(O)cc3[C@@]1(C)CCN2CC=C,HA1E,[4*]CC=C,-0.009436000138521194,-0.009497061371803284,6.106123328208923e-05
CN(C)CCCC1(OCc2cc(ccc12)C#N)c1ccc(F)cc1,HA1E,[4*]CCCC1(c2ccc(F)cc2)OCc2cc(C#N)ccc21,-0.009495135396718979,-0.0003161020576953888,-0.00917903333902359
CN(C)CCCC1(OCc2cc(ccc12)C#N)c1ccc(F)cc1,HA1E,[5*]N(C)C,-0.009495135396718979,-0.008438069373369217,-0.001057066023349762
CO[C@@]12[C@@H]3NC3CN1C1=C([C@@H]2COC(N)=O)C(=O)C(N)=C(C)C1=O,HA1E,[1*]C(N)=O,-0.00856601819396019,0.009604644030332565,-0.018170662224292755
CO[C@@]12[C@@H]3NC3CN1C1=C([C@@H]2COC(N)=O)C(=O)C(N)=C(C)C1=O,HA1E,[15*][C@H]1C2=C(C(=O)C(C)=C(N)C2=O)N2CC3N[C@H]3[C@@]12[15*],-0.00856601819396019,0.010961588472127914,-0.019527606666088104
CO[C@@]12[C@@H]3NC3CN1C1=C([C@@H]2COC(N)=O)C(=O)C(N)=C(C)C1=O,HA1E,[4*]C[8*],-0.00856601819396019,0.0038018152117729187,-0.012367833405733109
CO[C@@]12[C@@H]3NC3CN1C1=C([C@@H]2COC(N)=O)C(=O)C(N)=C(C)C1=O,HA1E,[3*]O[3*],-0.00856601819396019,0.005861278623342514,-0.014427296817302704
CO[C@@]12[C@@H]3NC3CN1C1=C([C@@H]2COC(N)=O)C(=O)C(N)=C(C)C1=O,HA1E,[13*][C@@]12[C@@H]3NC3CN1C1=C(C(=O)C(N)=C(C)C1=O)[C@@H]2[15*],-0.00856601819396019,0.003919724375009537,-0.012485742568969727
CO[C@@]12[C@@H]3NC3CN1C1=C([C@@H]2COC(N)=O)C(=O)C(N)=C(C)C1=O,HA1E,[3*]OC,-0.00856601819396019,0.0036518462002277374,-0.012217864394187927
CCc1ccc(CCOc2ccc(CC3SC(=O)NC3=O)cc2)nc1,HA1E,[13*]C1SC(=O)NC1=O,0.0008212998509407043,0.02917208895087242,-0.028350789099931717
CCc1ccc(CCOc2ccc(CC3SC(=O)NC3=O)cc2)nc1,HA1E,[3*]O[3*],0.0008212998509407043,0.027831118553876877,-0.027009818702936172
CCc1ccc(CCOc2ccc(CC3SC(=O)NC3=O)cc2)nc1,HA1E,[14*]c1ccc([16*])cn1,0.0008212998509407043,0.02069513127207756,-0.019873831421136856
CCc1ccc(CCOc2ccc(CC3SC(=O)NC3=O)cc2)nc1,HA1E,[16*]c1ccc([16*])cc1,0.0008212998509407043,0.020334646105766296,-0.019513346254825592
CCc1ccc(CCOc2ccc(CC3SC(=O)NC3=O)cc2)nc1,HA1E,[4*]CC[8*],0.0008212998509407043,0.02311326563358307,-0.022291965782642365
CCc1ccc(CCOc2ccc(CC3SC(=O)NC3=O)cc2)nc1,HA1E,[8*]C[8*],0.0008212998509407043,0.02196965366601944,-0.021148353815078735
CCc1ccc(CCOc2ccc(CC3SC(=O)NC3=O)cc2)nc1,HA1E,[8*]CC,0.0008212998509407043,0.022947922348976135,-0.02212662249803543
CCC(C)[C@H]1O[C@]2(CC[C@@H]1C)C[C@@H]1C[C@@H](C\C=C(C)\[C@@H](OC3C[C@H](OC)C(O[C@H]4C[C@H](OC)[C@@H](O)[C@H](C)O4)[C@H](C)O3)[C@@H](C)\C=C\C=C3/CO[C@@H]4[C@H](O)C(C)=C[C@@H](C(=O)O1)[C@]34O)O2,HA1E,[13*][C@H]1O[C@]2(CC[C@@H]1C)C[C@@H]1C[C@@H](C/C=C(\C)[C@@H]([15*])[C@@H](C)/C=C/C=C3\CO[C@@H]4[C@H](O)C(C)=C[C@@H](C(=O)O1)[C@]34O)O2,0.011162932962179184,0.01799040660262108,-0.0068274736404418945
CCC(C)[C@H]1O[C@]2(CC[C@@H]1C)C[C@@H]1C[C@@H](C\C=C(C)\[C@@H](OC3C[C@H](OC)C(O[C@H]4C[C@H](OC)[C@@H](O)[C@H](C)O4)[C@H](C)O3)[C@@H](C)\C=C\C=C3/CO[C@@H]4[C@H](O)C(C)=C[C@@H](C(=O)O1)[C@]34O)O2,HA1E,[13*]C1C[C@H]([15*])C([15*])[C@H](C)O1,0.011162932962179184,0.007027175277471542,0.004135757684707642
CCC(C)[C@H]1O[C@]2(CC[C@@H]1C)C[C@@H]1C[C@@H](C\C=C(C)\[C@@H](OC3C[C@H](OC)C(O[C@H]4C[C@H](OC)[C@@H](O)[C@H](C)O4)[C@H](C)O3)[C@@H](C)\C=C\C=C3/CO[C@@H]4[C@H](O)C(C)=C[C@@H](C(=O)O1)[C@]34O)O2,HA1E,[3*]O[3*],0.011162932962179184,0.008110467344522476,0.0030524656176567078
CCC(C)[C@H]1O[C@]2(CC[C@@H]1C)C[C@@H]1C[C@@H](C\C=C(C)\[C@@H](OC3C[C@H](OC)C(O[C@H]4C[C@H](OC)[C@@H](O)[C@H](C)O4)[C@H](C)O3)[C@@H](C)\C=C\C=C3/CO[C@@H]4[C@H](O)C(C)=C[C@@H](C(=O)O1)[C@]34O)O2,HA1E,[8*]C(C)CC,0.011162932962179184,0.008110467344522476,0.0030524656176567078
CCC(C)[C@H]1O[C@]2(CC[C@@H]1C)C[C@@H]1C[C@@H](C\C=C(C)\[C@@H](OC3C[C@H](OC)C(O[C@H]4C[C@H](OC)[C@@H](O)[C@H](C)O4)[C@H](C)O3)[C@@H](C)\C=C\C=C3/CO[C@@H]4[C@H](O)C(C)=C[C@@H](C(=O)O1)[C@]34O)O2,HA1E,[13*][C@H]1C[C@H]([15*])[C@@H](O)[C@H](C)O1,0.011162932962179184,0.008110467344522476,0.0030524656176567078
CCC(C)[C@H]1O[C@]2(CC[C@@H]1C)C[C@@H]1C[C@@H](C\C=C(C)\[C@@H](OC3C[C@H](OC)C(O[C@H]4C[C@H](OC)[C@@H](O)[C@H](C)O4)[C@H](C)O3)[C@@H](C)\C=C\C=C3/CO[C@@H]4[C@H](O)C(C)=C[C@@H](C(=O)O1)[C@]34O)O2,HA1E,[3*]OC,0.011162932962179184,0.008110467344522476,0.0030524656176567078
COc1cc2CC(CC3CCN(Cc4ccccc4)CC3)C(=O)c2cc1OC,HA1E,[15*]C1Cc2cc([16*])c([16*])cc2C1=O,-0.001683168113231659,0.013490226119756699,-0.015173394232988358
COc1cc2CC(CC3CCN(Cc4ccccc4)CC3)C(=O)c2cc1OC,HA1E,[16*]c1ccccc1,-0.001683168113231659,0.02270727977156639,-0.02439044788479805
COc1cc2CC(CC3CCN(Cc4ccccc4)CC3)C(=O)c2cc1OC,HA1E,[5*]N1CCC([15*])CC1,-0.001683168113231659,0.013093560934066772,-0.014776729047298431
COc1cc2CC(CC3CCN(Cc4ccccc4)CC3)C(=O)c2cc1OC,HA1E,[4*]C[8*],-0.001683168113231659,0.021448008716106415,-0.023131176829338074
COc1cc2CC(CC3CCN(Cc4ccccc4)CC3)C(=O)c2cc1OC,HA1E,[8*]C[8*],-0.001683168113231659,0.021212581545114517,-0.022895749658346176
COc1cc2CC(CC3CCN(Cc4ccccc4)CC3)C(=O)c2cc1OC,HA1E,[3*]OC,-0.001683168113231659,0.02255294844508171,-0.02423611655831337
NC(=O)CCC1NC(=O)C(Cc2ccccc2)NC(=O)C(Cc2ccc(O)cc2)NC(=O)CCSSCC(NC(=O)C(CC(N)=O)NC1=O)C(=O)N1CCCC1C(=O)NC(CCCNC(N)=N)C(=O)NCC(N)=O,HA1E,[5*]N1CCCC1[13*],0.015103992074728012,0.018392864614725113,-0.003288872539997101
NC(=O)CCC1NC(=O)C(Cc2ccccc2)NC(=O)C(Cc2ccc(O)cc2)NC(=O)CCSSCC(NC(=O)C(CC(N)=O)NC1=O)C(=O)N1CCCC1C(=O)NC(CCCNC(N)=N)C(=O)NCC(N)=O,HA1E,[16*]c1ccc(O)cc1,0.015103992074728012,0.01700642704963684,-0.0019024349749088287
NC(=O)CCC1NC(=O)C(Cc2ccccc2)NC(=O)C(Cc2ccc(O)cc2)NC(=O)CCSSCC(NC(=O)C(CC(N)=O)NC1=O)C(=O)N1CCCC1C(=O)NC(CCCNC(N)=N)C(=O)NCC(N)=O,HA1E,[8*]CC(N)=O,0.015103992074728012,0.017151087522506714,-0.0020470954477787018
NC(=O)CCC1NC(=O)C(Cc2ccccc2)NC(=O)C(Cc2ccc(O)cc2)NC(=O)CCSSCC(NC(=O)C(CC(N)=O)NC1=O)C(=O)N1CCCC1C(=O)NC(CCCNC(N)=N)C(=O)NCC(N)=O,HA1E,[8*]CCC(N)=O,0.015103992074728012,0.017280597239732742,-0.0021766051650047302
NC(=O)CCC1NC(=O)C(Cc2ccccc2)NC(=O)C(Cc2ccc(O)cc2)NC(=O)CCSSCC(NC(=O)C(CC(N)=O)NC1=O)C(=O)N1CCCC1C(=O)NC(CCCNC(N)=N)C(=O)NCC(N)=O,HA1E,[5*]NC(=N)N,0.015103992074728012,0.017911281436681747,-0.0028072893619537354
NC(=O)CCC1NC(=O)C(Cc2ccccc2)NC(=O)C(Cc2ccc(O)cc2)NC(=O)CCSSCC(NC(=O)C(CC(N)=O)NC1=O)C(=O)N1CCCC1C(=O)NC(CCCNC(N)=N)C(=O)NCC(N)=O,HA1E,[16*]c1ccccc1,0.015103992074728012,0.01671292632818222,-0.0016089342534542084
NC(=O)CCC1NC(=O)C(Cc2ccccc2)NC(=O)C(Cc2ccc(O)cc2)NC(=O)CCSSCC(NC(=O)C(CC(N)=O)NC1=O)C(=O)N1CCCC1C(=O)NC(CCCNC(N)=N)C(=O)NCC(N)=O,HA1E,[1*]C([6*])=O,0.015103992074728012,0.016524743288755417,-0.0014207512140274048
NC(=O)CCC1NC(=O)C(Cc2ccccc2)NC(=O)C(Cc2ccc(O)cc2)NC(=O)CCSSCC(NC(=O)C(CC(N)=O)NC1=O)C(=O)N1CCCC1C(=O)NC(CCCNC(N)=N)C(=O)NCC(N)=O,HA1E,[5*]N[5*],0.015103992074728012,0.015897374600172043,-0.0007933825254440308
NC(=O)CCC1NC(=O)C(Cc2ccccc2)NC(=O)C(Cc2ccc(O)cc2)NC(=O)CCSSCC(NC(=O)C(CC(N)=O)NC1=O)C(=O)N1CCCC1C(=O)NC(CCCNC(N)=N)C(=O)NCC(N)=O,HA1E,[8*]C[8*],0.015103992074728012,0.01582309603691101,-0.0007191039621829987
NC(=O)CCC1NC(=O)C(Cc2ccccc2)NC(=O)C(Cc2ccc(O)cc2)NC(=O)CCSSCC(NC(=O)C(CC(N)=O)NC1=O)C(=O)N1CCCC1C(=O)NC(CCCNC(N)=N)C(=O)NCC(N)=O,HA1E,[1*]C(=O)C([4*])CCC[4*],0.015103992074728012,0.016604866832494736,-0.0015008747577667236
NC(=O)CCC1NC(=O)C(Cc2ccccc2)NC(=O)C(Cc2ccc(O)cc2)NC(=O)CCSSCC(NC(=O)C(CC(N)=O)NC1=O)C(=O)N1CCCC1C(=O)NC(CCCNC(N)=N)C(=O)NCC(N)=O,HA1E,[4*]CC(N)=O,0.015103992074728012,0.016483742743730545,-0.001379750669002533
NC(=O)CCC1NC(=O)C(Cc2ccccc2)NC(=O)C(Cc2ccc(O)cc2)NC(=O)CCSSCC(NC(=O)C(CC(N)=O)NC1=O)C(=O)N1CCCC1C(=O)NC(CCCNC(N)=N)C(=O)NCC(N)=O,HA1E,[13*]C1CSSCCC(=O)NC([13*])C(=O)NC([13*])C(=O)NC([13*])C(=O)NC([13*])C(=O)N1,0.015103992074728012,0.016672689467668533,-0.0015686973929405212
CC(O)C1C2SC(C3CCCO3)=C(N2C1=O)C(O)=O,HA1E,[8*]C(C)O,-0.006517492234706879,9.138509631156921e-05,-0.006608877331018448
CC(O)C1C2SC(C3CCCO3)=C(N2C1=O)C(O)=O,HA1E,[15*]C1C(=O)N2C(C(=O)O)=C(C3CCCO3)SC12,-0.006517492234706879,-0.007539171725511551,0.0010216794908046722
CC1(C)O[C@@H]2CC3C4C[C@H](F)C5=CC(=O)CC[C@]5(C)C4[C@@H](O)C[C@]3(C)[C@@]2(O1)C(=O)CO,HA1E,[13*][C@@]12OC(C)(C)O[C@@H]1CC1C3C[C@H](F)C4=CC(=O)CC[C@]4(C)C3[C@@H](O)C[C@@]12C,-0.00019984319806098938,0.0023496299982070923,-0.0025494731962680817
CC1(C)O[C@@H]2CC3C4C[C@H](F)C5=CC(=O)CC[C@]5(C)C4[C@@H](O)C[C@]3(C)[C@@]2(O1)C(=O)CO,HA1E,[6*]C(=O)CO,-0.00019984319806098938,0.010231278836727142,-0.010431122034788132
CC1(C)O[C@@H]2CC3C4C[C@H](F)C5=CC(=O)CC[C@]5(C)C4[C@@H](O)C[C@]3(C)[C@@]2(O1)C(=O)CO,HA1E,[15*][C@@]12OC(C)(C)O[C@@H]1CC1C3C[C@H](F)C4=CC(=O)CC[C@]4(C)C3[C@@H](O)C[C@@]12C,-0.00019984319806098938,0.006761167198419571,-0.00696101039648056
CCC(c1ccccc1)c1c(O)c2ccccc2oc1=O,HA1E,[16*]c1c(O)c2ccccc2oc1=O,0.0015128813683986664,-0.012539051473140717,0.014051932841539383
CCC(c1ccccc1)c1c(O)c2ccccc2oc1=O,HA1E,[16*]c1ccccc1,0.0015128813683986664,-0.007640019059181213,0.00915290042757988
CCC(c1ccccc1)c1c(O)c2ccccc2oc1=O,HA1E,[8*]C([8*])CC,0.0015128813683986664,-0.010455157607793808,0.011968038976192474
Clc1ccc(s1)C(=O)NCC1CN(C(=O)O1)c1ccc(cc1)N1CCOCC1=O,HA1E,[4*]C[8*],-0.0033856406807899475,0.015583094209432602,-0.01896873489022255
Clc1ccc(s1)C(=O)NCC1CN(C(=O)O1)c1ccc(cc1)N1CCOCC1=O,HA1E,[14*]c1ccc(Cl)s1,-0.0033856406807899475,0.020715538412332535,-0.024101179093122482
Clc1ccc(s1)C(=O)NCC1CN(C(=O)O1)c1ccc(cc1)N1CCOCC1=O,HA1E,[1*]C([6*])=O,-0.0033856406807899475,0.021351907402276993,-0.02473754808306694
Clc1ccc(s1)C(=O)NCC1CN(C(=O)O1)c1ccc(cc1)N1CCOCC1=O,HA1E,[5*]N[5*],-0.0033856406807899475,0.019383125007152557,-0.022768765687942505
Clc1ccc(s1)C(=O)NCC1CN(C(=O)O1)c1ccc(cc1)N1CCOCC1=O,HA1E,[10*]N1CCOCC1=O,-0.0033856406807899475,0.02376721426844597,-0.027152854949235916
Clc1ccc(s1)C(=O)NCC1CN(C(=O)O1)c1ccc(cc1)N1CCOCC1=O,HA1E,[16*]c1ccc([16*])cc1,-0.0033856406807899475,0.022527575492858887,-0.025913216173648834
Clc1ccc(s1)C(=O)NCC1CN(C(=O)O1)c1ccc(cc1)N1CCOCC1=O,HA1E,[10*]N1CC([13*])OC1=O,-0.0033856406807899475,0.02266434207558632,-0.026049982756376266
Cc1cccc(CN2CCN(CC2)C(c2ccccc2)c2ccc(Cl)cc2)c1,HA1E,[4*]C([8*])[8*],-0.00030502304434776306,0.016440030187368393,-0.016745053231716156
Cc1cccc(CN2CCN(CC2)C(c2ccccc2)c2ccc(Cl)cc2)c1,HA1E,[16*]c1ccccc1,-0.00030502304434776306,0.024467885494232178,-0.02477290853857994
Cc1cccc(CN2CCN(CC2)C(c2ccccc2)c2ccc(Cl)cc2)c1,HA1E,[16*]c1cccc(C)c1,-0.00030502304434776306,0.021785642951726913,-0.022090665996074677
Cc1cccc(CN2CCN(CC2)C(c2ccccc2)c2ccc(Cl)cc2)c1,HA1E,[4*]C[8*],-0.00030502304434776306,0.023072395473718643,-0.023377418518066406
Cc1cccc(CN2CCN(CC2)C(c2ccccc2)c2ccc(Cl)cc2)c1,HA1E,[16*]c1ccc(Cl)cc1,-0.00030502304434776306,0.02506253868341446,-0.025367561727762222
Cc1cccc(CN2CCN(CC2)C(c2ccccc2)c2ccc(Cl)cc2)c1,HA1E,[5*]N1CCN([5*])CC1,-0.00030502304434776306,0.016453679651021957,-0.01675870269536972
Nc1c(c(nn1-c1c(Cl)cc(cc1Cl)C(F)(F)F)C#N)S(=O)C(F)(F)F,HA1E,[9*]n1nc(C#N)c(S(=O)C(F)(F)F)c1N,-0.00293746218085289,-0.0061586759984493256,0.0032212138175964355
Nc1c(c(nn1-c1c(Cl)cc(cc1Cl)C(F)(F)F)C#N)S(=O)C(F)(F)F,HA1E,[16*]c1cc(Cl)c([16*])c(Cl)c1,-0.00293746218085289,-0.0028529129922389984,-8.45491886138916e-05
Nc1c(c(nn1-c1c(Cl)cc(cc1Cl)C(F)(F)F)C#N)S(=O)C(F)(F)F,HA1E,[8*]C(F)(F)F,-0.00293746218085289,0.003005184233188629,-0.005942646414041519
Oc1ccc(cc1)C1CNCCc2c(Cl)c(O)c(O)cc12,HA1E,Oc1ccc(C2CNCCc3c2cc(O)c(O)c3Cl)cc1,-0.0062018148601055145,0.036458566784858704,-0.04266038164496422
[O-][N+](=O)c1cc(NC(=S)NC(NC(=O)C(c2ccccc2)c2ccccc2)C(Cl)(Cl)Cl)ccc1F,HA1E,[4*]C([4*])C(Cl)(Cl)Cl,0.00962805189192295,0.013478528708219528,-0.0038504768162965775
[O-][N+](=O)c1cc(NC(=S)NC(NC(=O)C(c2ccccc2)c2ccccc2)C(Cl)(Cl)Cl)ccc1F,HA1E,[16*]c1ccccc1,0.00962805189192295,0.019726920872926712,-0.010098868981003761
[O-][N+](=O)c1cc(NC(=S)NC(NC(=O)C(c2ccccc2)c2ccccc2)C(Cl)(Cl)Cl)ccc1F,HA1E,[16*]c1ccc(F)c([N+](=O)[O-])c1,0.00962805189192295,0.01597953587770462,-0.00635148398578167
[O-][N+](=O)c1cc(NC(=S)NC(NC(=O)C(c2ccccc2)c2ccccc2)C(Cl)(Cl)Cl)ccc1F,HA1E,[5*]NC(=S)N[5*],0.00962805189192295,0.020874876528978348,-0.011246824637055397
[O-][N+](=O)c1cc(NC(=S)NC(NC(=O)C(c2ccccc2)c2ccccc2)C(Cl)(Cl)Cl)ccc1F,HA1E,[5*]N[5*],0.00962805189192295,0.01756562665104866,-0.00793757475912571
[O-][N+](=O)c1cc(NC(=S)NC(NC(=O)C(c2ccccc2)c2ccccc2)C(Cl)(Cl)Cl)ccc1F,HA1E,[1*]C(=O)C([8*])[8*],0.00962805189192295,0.019333861768245697,-0.009705809876322746
O=C1CC2(CCCC2)CC(=O)N1CCNCC1COc2ccccc2O1,HA1E,[4*]C[8*],-0.003613591194152832,0.00734768807888031,-0.010961279273033142
O=C1CC2(CCCC2)CC(=O)N1CCNCC1COc2ccccc2O1,HA1E,[4*]CC[8*],-0.003613591194152832,0.00795295462012291,-0.011566545814275742
O=C1CC2(CCCC2)CC(=O)N1CCNCC1COc2ccccc2O1,HA1E,[5*]N[5*],-0.003613591194152832,0.008109251037240028,-0.01172284223139286
O=C1CC2(CCCC2)CC(=O)N1CCNCC1COc2ccccc2O1,HA1E,[13*]C1COc2ccccc2O1,-0.003613591194152832,0.007575031369924545,-0.011188622564077377
O=C1CC2(CCCC2)CC(=O)N1CCNCC1COc2ccccc2O1,HA1E,[10*]N1C(=O)CC2(CCCC2)CC1=O,-0.003613591194152832,0.010807640850543976,-0.014421232044696808
COc1ccc(COc2cc3oc(=O)c4cc(ccc4c3cc2OC)C(C)O)cc1,HA1E,[4*]C[8*],-0.0024498887360095978,0.02327847108244896,-0.025728359818458557
COc1ccc(COc2cc3oc(=O)c4cc(ccc4c3cc2OC)C(C)O)cc1,HA1E,[8*]C(C)O,-0.0024498887360095978,0.022433720529079437,-0.024883609265089035
COc1ccc(COc2cc3oc(=O)c4cc(ccc4c3cc2OC)C(C)O)cc1,HA1E,[3*]O[3*],-0.0024498887360095978,0.02360130101442337,-0.026051189750432968
COc1ccc(COc2cc3oc(=O)c4cc(ccc4c3cc2OC)C(C)O)cc1,HA1E,[16*]c1ccc([16*])cc1,-0.0024498887360095978,0.024998992681503296,-0.027448881417512894
COc1ccc(COc2cc3oc(=O)c4cc(ccc4c3cc2OC)C(C)O)cc1,HA1E,[16*]c1ccc2c(c1)c(=O)oc1cc([16*])c([16*])cc12,-0.0024498887360095978,0.013663994148373604,-0.0161138828843832
COc1ccc(COc2cc3oc(=O)c4cc(ccc4c3cc2OC)C(C)O)cc1,HA1E,[3*]OC,-0.0024498887360095978,0.022586669772863388,-0.025036558508872986
COc1ccc2C(CN(C)Cc2c1)c1ccc(Cl)c(Cl)c1,HA1E,[16*]c1ccc2c(c1)CN(C)CC2c1ccc(Cl)c(Cl)c1,-0.006120376288890839,-0.0002574250102043152,-0.0058629512786865234
COc1ccc2C(CN(C)Cc2c1)c1ccc(Cl)c(Cl)c1,HA1E,[3*]OC,-0.006120376288890839,-0.014319736510515213,0.008199360221624374
CCC(=O)O[C@@H](OP(=O)(CCCCc1ccccc1)CC(=O)N1C[C@@H](C[C@H]1C(O)=O)C1CCCCC1)C(C)C,HA1E,[5*]N1C[C@H](C2CCCCC2)C[C@H]1[13*],-0.01184333860874176,0.006971083581447601,-0.01881442219018936
CCC(=O)O[C@@H](OP(=O)(CCCCc1ccccc1)CC(=O)N1C[C@@H](C[C@H]1C(O)=O)C1CCCCC1)C(C)C,HA1E,[4*]C([4*])C(C)C,-0.01184333860874176,0.010863538831472397,-0.022706877440214157
CCC(=O)O[C@@H](OP(=O)(CCCCc1ccccc1)CC(=O)N1C[C@@H](C[C@H]1C(O)=O)C1CCCCC1)C(C)C,HA1E,[16*]c1ccccc1,-0.01184333860874176,0.008631382137537003,-0.020474720746278763
CCC(=O)O[C@@H](OP(=O)(CCCCc1ccccc1)CC(=O)N1C[C@@H](C[C@H]1C(O)=O)C1CCCCC1)C(C)C,HA1E,[6*]C(=O)O,-0.01184333860874176,0.01529744639992714,-0.0271407850086689
CCC(=O)O[C@@H](OP(=O)(CCCCc1ccccc1)CC(=O)N1C[C@@H](C[C@H]1C(O)=O)C1CCCCC1)C(C)C,HA1E,[1*]C(=O)CP(=O)(CCCC[8*])O[3*],-0.01184333860874176,0.013948794454336166,-0.025792133063077927
CCC(=O)O[C@@H](OP(=O)(CCCCc1ccccc1)CC(=O)N1C[C@@H](C[C@H]1C(O)=O)C1CCCCC1)C(C)C,HA1E,[3*]O[3*],-0.01184333860874176,0.01295943558216095,-0.02480277419090271
CCC(=O)O[C@@H](OP(=O)(CCCCc1ccccc1)CC(=O)N1C[C@@H](C[C@H]1C(O)=O)C1CCCCC1)C(C)C,HA1E,[1*]C(=O)CC,-0.01184333860874176,0.013646811246871948,-0.02549014985561371
COc1ccc(cc1)C(CN(C)C)C1(O)CCCCC1,HA1E,[4*]CC([8*])[8*],-0.005329642444849014,0.013012874871492386,-0.0183425173163414
COc1ccc(cc1)C(CN(C)C)C1(O)CCCCC1,HA1E,[15*]C1(O)CCCCC1,-0.005329642444849014,0.015360284596681595,-0.02068992704153061
COc1ccc(cc1)C(CN(C)C)C1(O)CCCCC1,HA1E,[5*]N(C)C,-0.005329642444849014,0.013254627585411072,-0.018584270030260086
COc1ccc(cc1)C(CN(C)C)C1(O)CCCCC1,HA1E,[16*]c1ccc([16*])cc1,-0.005329642444849014,0.005945559591054916,-0.01127520203590393
COc1ccc(cc1)C(CN(C)C)C1(O)CCCCC1,HA1E,[3*]OC,-0.005329642444849014,0.008562898263335228,-0.013892540708184242
Clc1ccc(COC(Cn2ccnc2)c2ccc(Cl)cc2Cl)cc1,HA1E,[9*]n1ccnc1,-0.0028993897140026093,0.017207831144332886,-0.020107220858335495
Clc1ccc(COC(Cn2ccnc2)c2ccc(Cl)cc2Cl)cc1,HA1E,[16*]c1ccc(Cl)cc1Cl,-0.0028993897140026093,0.00886259600520134,-0.011761985719203949
Clc1ccc(COC(Cn2ccnc2)c2ccc(Cl)cc2Cl)cc1,HA1E,[4*]C[8*],-0.0028993897140026093,0.010618902742862701,-0.01351829245686531
Clc1ccc(COC(Cn2ccnc2)c2ccc(Cl)cc2Cl)cc1,HA1E,[16*]c1ccc(Cl)cc1,-0.0028993897140026093,0.00903758779168129,-0.011936977505683899
Clc1ccc(COC(Cn2ccnc2)c2ccc(Cl)cc2Cl)cc1,HA1E,[4*]C([8*])C[8*],-0.0028993897140026093,0.010782703757286072,-0.013682093471288681
Clc1ccc(COC(Cn2ccnc2)c2ccc(Cl)cc2Cl)cc1,HA1E,[3*]O[3*],-0.0028993897140026093,0.01837676391005516,-0.02127615362405777
CCCCN(CCCC)CCC(O)c1cc2c(Cl)cc(Cl)cc2c2cc(ccc12)C(F)(F)F,HA1E,[4*]CCCC,-0.0030153021216392517,0.011546352878212929,-0.01456165499985218
CCCCN(CCCC)CCC(O)c1cc2c(Cl)cc(Cl)cc2c2cc(ccc12)C(F)(F)F,HA1E,[4*]CCC([8*])O,-0.0030153021216392517,0.011931950226426125,-0.014947252348065376
CCCCN(CCCC)CCC(O)c1cc2c(Cl)cc(Cl)cc2c2cc(ccc12)C(F)(F)F,HA1E,[16*]c1ccc2c([16*])cc3c(Cl)cc(Cl)cc3c2c1,-0.0030153021216392517,0.002247679978609085,-0.005262982100248337
CCCCN(CCCC)CCC(O)c1cc2c(Cl)cc(Cl)cc2c2cc(ccc12)C(F)(F)F,HA1E,[8*]C(F)(F)F,-0.0030153021216392517,0.018700987100601196,-0.021716289222240448
CCCCN(CCCC)CCC(O)c1cc2c(Cl)cc(Cl)cc2c2cc(ccc12)C(F)(F)F,HA1E,[5*]N([5*])[5*],-0.0030153021216392517,0.0024700649082660675,-0.005485367029905319
CCC[C@@H]1C[C@H](N(C)C1)C(=O)N[C@@H](C(C)Cl)[C@H]1O[C@@H](SC)[C@H](O)[C@@H](O)[C@H]1O,HA1E,[8*]CCC,-0.008464813232421875,0.011089883744716644,-0.01955469697713852
CCC[C@@H]1C[C@H](N(C)C1)C(=O)N[C@@H](C(C)Cl)[C@H]1O[C@@H](SC)[C@H](O)[C@@H](O)[C@H]1O,HA1E,[4*][C@H]([8*])C(C)Cl,-0.008464813232421875,0.016730133444070816,-0.02519494667649269
CCC[C@@H]1C[C@H](N(C)C1)C(=O)N[C@@H](C(C)Cl)[C@H]1O[C@@H](SC)[C@H](O)[C@@H](O)[C@H]1O,HA1E,[11*]SC,-0.008464813232421875,0.014263585209846497,-0.02272839844226837
CCC[C@@H]1C[C@H](N(C)C1)C(=O)N[C@@H](C(C)Cl)[C@H]1O[C@@H](SC)[C@H](O)[C@@H](O)[C@H]1O,HA1E,[13*][C@@H]1O[C@H]([13*])[C@H](O)[C@H](O)[C@H]1O,-0.008464813232421875,0.024856578558683395,-0.03332139179110527
CCC[C@@H]1C[C@H](N(C)C1)C(=O)N[C@@H](C(C)Cl)[C@H]1O[C@@H](SC)[C@H](O)[C@@H](O)[C@H]1O,HA1E,[1*]C([6*])=O,-0.008464813232421875,0.013559162616729736,-0.02202397584915161
CCC[C@@H]1C[C@H](N(C)C1)C(=O)N[C@@H](C(C)Cl)[C@H]1O[C@@H](SC)[C@H](O)[C@@H](O)[C@H]1O,HA1E,[5*]N[5*],-0.008464813232421875,0.013703752309083939,-0.022168565541505814
CCC[C@@H]1C[C@H](N(C)C1)C(=O)N[C@@H](C(C)Cl)[C@H]1O[C@@H](SC)[C@H](O)[C@@H](O)[C@H]1O,HA1E,[13*][C@@H]1C[C@@H]([15*])CN1C,-0.008464813232421875,0.014389365911483765,-0.02285417914390564
COc1ccc(CCN(C)CCCC(C#N)(C(C)C)c2cc(OC)c(OC)c(OC)c2)cc1OC,HA1E,[16*]c1cc([16*])c([16*])c([16*])c1,-0.0043845102190971375,0.02105019986629486,-0.025434710085392
COc1ccc(CCN(C)CCCC(C#N)(C(C)C)c2cc(OC)c(OC)c(OC)c2)cc1OC,HA1E,[4*]CCCC([8*])(C#N)C(C)C,-0.0043845102190971375,0.029767204076051712,-0.03415171429514885
COc1ccc(CCN(C)CCCC(C#N)(C(C)C)c2cc(OC)c(OC)c(OC)c2)cc1OC,HA1E,[5*]N([5*])C,-0.0043845102190971375,0.0246090330183506,-0.02899354323744774
COc1ccc(CCN(C)CCCC(C#N)(C(C)C)c2cc(OC)c(OC)c(OC)c2)cc1OC,HA1E,[4*]CC[8*],-0.0043845102190971375,0.02494332566857338,-0.029327835887670517
COc1ccc(CCN(C)CCCC(C#N)(C(C)C)c2cc(OC)c(OC)c(OC)c2)cc1OC,HA1E,[16*]c1ccc([16*])c([16*])c1,-0.0043845102190971375,0.02213554084300995,-0.026520051062107086
COc1ccc(CCN(C)CCCC(C#N)(C(C)C)c2cc(OC)c(OC)c(OC)c2)cc1OC,HA1E,[3*]OC,-0.0043845102190971375,0.02599213272333145,-0.03037664294242859
C[C@H]1CC2C3CC[C@](O)(C(=O)CO)[C@@]3(C)C[C@H](O)C2[C@@]2(C)C=CC(=O)C=C12,HA1E,[15*][C@@]1(O)CCC2C3C[C@H](C)C4=CC(=O)C=C[C@]4(C)C3[C@@H](O)C[C@@]21C,-0.0076725073158741,-0.00595783069729805,-0.0017146766185760498
C[C@H]1CC2C3CC[C@](O)(C(=O)CO)[C@@]3(C)C[C@H](O)C2[C@@]2(C)C=CC(=O)C=C12,HA1E,[6*]C(=O)CO,-0.0076725073158741,-0.005807556211948395,-0.001864951103925705
CC(=O)OCC(=O)[C@@]1(O)CCC2C3CCC4=CC(=O)CC[C@]4(C)C3=CC[C@]12C,HA1E,[15*][C@@]1(O)CCC2C3CCC4=CC(=O)CC[C@]4(C)C3=CC[C@@]21C,-0.007542148232460022,-0.00899699330329895,0.0014548450708389282
CC(=O)OCC(=O)[C@@]1(O)CCC2C3CCC4=CC(=O)CC[C@]4(C)C3=CC[C@]12C,HA1E,[3*]O[3*],-0.007542148232460022,0.00392584502696991,-0.011467993259429932
CC(=O)OCC(=O)[C@@]1(O)CCC2C3CCC4=CC(=O)CC[C@]4(C)C3=CC[C@]12C,HA1E,[4*]CC([6*])=O,-0.007542148232460022,0.0050925686955451965,-0.012634716928005219
CC(=O)OCC(=O)[C@@]1(O)CCC2C3CCC4=CC(=O)CC[C@]4(C)C3=CC[C@]12C,HA1E,[1*]C(C)=O,-0.007542148232460022,0.009049840271472931,-0.016591988503932953
CN(C)CCOC(c1ccccc1)c1ccccc1C,HA1E,[4*]C([8*])[8*],-0.0022272802889347076,0.008349750190973282,-0.01057703047990799
CN(C)CCOC(c1ccccc1)c1ccccc1C,HA1E,[16*]c1ccccc1,-0.0022272802889347076,0.014566674828529358,-0.016793955117464066
CN(C)CCOC(c1ccccc1)c1ccccc1C,HA1E,[3*]O[3*],-0.0022272802889347076,0.013420261442661285,-0.015647541731595993
CN(C)CCOC(c1ccccc1)c1ccccc1C,HA1E,[5*]N(C)C,-0.0022272802889347076,0.012628529220819473,-0.014855809509754181
CN(C)CCOC(c1ccccc1)c1ccccc1C,HA1E,[16*]c1ccccc1C,-0.0022272802889347076,0.009148495271801949,-0.011375775560736656
CN(C)CCOC(c1ccccc1)c1ccccc1C,HA1E,[4*]CC[4*],-0.0022272802889347076,0.007982682436704636,-0.010209962725639343
CCOC(=O)c1cncn1C(C)c1ccccc1,HA1E,[9*]n1cncc1[14*],-0.017550494521856308,0.00363888218998909,-0.021189376711845398
CCOC(=O)c1cncn1C(C)c1ccccc1,HA1E,[16*]c1ccccc1,-0.017550494521856308,0.007995501160621643,-0.02554599568247795
CCOC(=O)c1cncn1C(C)c1ccccc1,HA1E,[1*]C([6*])=O,-0.017550494521856308,0.008696606382727623,-0.02624710090458393
CCOC(=O)c1cncn1C(C)c1ccccc1,HA1E,[3*]O[3*],-0.017550494521856308,0.011473450809717178,-0.029023945331573486
CCOC(=O)c1cncn1C(C)c1ccccc1,HA1E,[8*]C([8*])C,-0.017550494521856308,0.00574566051363945,-0.023296155035495758
CCOC(=O)c1cncn1C(C)c1ccccc1,HA1E,[4*]CC,-0.017550494521856308,0.003587935119867325,-0.021138429641723633
CCN1CCCC1CNC(=O)c1cc(ccc1OC)S(N)(=O)=O,HA1E,[16*]c1ccc(S(N)(=O)=O)cc1[16*],-0.009013768285512924,0.010433375835418701,-0.019447144120931625
CCN1CCCC1CNC(=O)c1cc(ccc1OC)S(N)(=O)=O,HA1E,[5*]N1CCCC1[13*],-0.009013768285512924,0.01709045097231865,-0.026104219257831573
CCN1CCCC1CNC(=O)c1cc(ccc1OC)S(N)(=O)=O,HA1E,[4*]C[8*],-0.009013768285512924,0.018217824399471283,-0.027231592684984207
CCN1CCCC1CNC(=O)c1cc(ccc1OC)S(N)(=O)=O,HA1E,[1*]C([6*])=O,-0.009013768285512924,0.019068751484155655,-0.02808251976966858
CCN1CCCC1CNC(=O)c1cc(ccc1OC)S(N)(=O)=O,HA1E,[5*]N[5*],-0.009013768285512924,0.016874250024557114,-0.025888018310070038
CCN1CCCC1CNC(=O)c1cc(ccc1OC)S(N)(=O)=O,HA1E,[4*]CC,-0.009013768285512924,0.019722003489732742,-0.028735771775245667
CCN1CCCC1CNC(=O)c1cc(ccc1OC)S(N)(=O)=O,HA1E,[3*]OC,-0.009013768285512924,0.01996752992272377,-0.028981298208236694
C[C@]12CCC3C(CCC4=CC(=O)CC[C@]34C)C1CC[C@@H]2O,HA1E,C[C@]12CCC(=O)C=C1CCC1C2CC[C@@]2(C)C1CC[C@@H]2O,-0.0015448369085788727,0.036458566784858704,-0.038003403693437576
O=c1cccc2C3CNC[C@@H](C3)Cn12,HA1E,O=c1cccc2n1C[C@H]1CNCC2C1,-0.003017690032720566,0.036458566784858704,-0.03947625681757927
COc1cc(NC(C)CCCN)c2ncccc2c1,HA1E,[4*]C(C)CCCN,-0.0010040737688541412,0.007893649861216545,-0.008897723630070686
COc1cc(NC(C)CCCN)c2ncccc2c1,HA1E,[16*]c1cc([16*])c2ncccc2c1,-0.0010040737688541412,-0.0025753043591976166,0.0015712305903434753
COc1cc(NC(C)CCCN)c2ncccc2c1,HA1E,[5*]N[5*],-0.0010040737688541412,0.004621405154466629,-0.00562547892332077
COc1cc(NC(C)CCCN)c2ncccc2c1,HA1E,[3*]OC,-0.0010040737688541412,0.012173416092991829,-0.01317748986184597
COc1ccc2nc([nH]c2c1)S(=O)Cc1ncc(C)c(OC)c1C,HA1E,[14*]c1ncc(C)c([16*])c1C,-0.007352724671363831,-0.00439714640378952,-0.0029555782675743103
COc1ccc2nc([nH]c2c1)S(=O)Cc1ncc(C)c(OC)c1C,HA1E,[8*]CS(=O)c1nc2ccc([16*])cc2[nH]1,-0.007352724671363831,-0.003666091710329056,-0.0036866329610347748
COc1ccc2nc([nH]c2c1)S(=O)Cc1ncc(C)c(OC)c1C,HA1E,[3*]OC,-0.007352724671363831,0.00021522119641304016,-0.007567945867776871
COC(=O)NC(C)CNc1nccc(n1)-c1cn(nc1-c1cc(Cl)cc(NS(C)(=O)=O)c1F)C(C)C,HA1E,[8*]C(C)C,0.0005955211818218231,0.020652521401643753,-0.02005700021982193
COC(=O)NC(C)CNc1nccc(n1)-c1cn(nc1-c1cc(Cl)cc(NS(C)(=O)=O)c1F)C(C)C,HA1E,[14*]c1ccnc([14*])n1,0.0005955211818218231,0.0235164612531662,-0.022920940071344376
COC(=O)NC(C)CNc1nccc(n1)-c1cn(nc1-c1cc(Cl)cc(NS(C)(=O)=O)c1F)C(C)C,HA1E,[4*]CC([4*])C,0.0005955211818218231,0.02699035033583641,-0.026394829154014587
COC(=O)NC(C)CNc1nccc(n1)-c1cn(nc1-c1cc(Cl)cc(NS(C)(=O)=O)c1F)C(C)C,HA1E,[16*]c1cc(Cl)cc([16*])c1F,0.0005955211818218231,0.022280167788267136,-0.021684646606445312
COC(=O)NC(C)CNc1nccc(n1)-c1cn(nc1-c1cc(Cl)cc(NS(C)(=O)=O)c1F)C(C)C,HA1E,[5*]N[5*],0.0005955211818218231,0.023575879633426666,-0.022980358451604843
COC(=O)NC(C)CNc1nccc(n1)-c1cn(nc1-c1cc(Cl)cc(NS(C)(=O)=O)c1F)C(C)C,HA1E,[12*]S(C)(=O)=O,0.0005955211818218231,0.02380731701850891,-0.023211795836687088
COC(=O)NC(C)CNc1nccc(n1)-c1cn(nc1-c1cc(Cl)cc(NS(C)(=O)=O)c1F)C(C)C,HA1E,[9*]n1cc([16*])c([14*])n1,0.0005955211818218231,0.02758944407105446,-0.026993922889232635
COC(=O)NC(C)CNc1nccc(n1)-c1cn(nc1-c1cc(Cl)cc(NS(C)(=O)=O)c1F)C(C)C,HA1E,[1*]C([1*])=O,0.0005955211818218231,0.027310576289892197,-0.026715055108070374
COC(=O)NC(C)CNc1nccc(n1)-c1cn(nc1-c1cc(Cl)cc(NS(C)(=O)=O)c1F)C(C)C,HA1E,[3*]OC,0.0005955211818218231,0.024304509162902832,-0.02370898798108101
CC(N(O)C(N)=O)c1cc2ccccc2s1,HA1E,[14*]c1cc2ccccc2s1,-0.01598391681909561,-0.005619276314973831,-0.01036464050412178
CC(N(O)C(N)=O)c1cc2ccccc2s1,HA1E,[8*]C(C)N(O)C(N)=O,-0.01598391681909561,-0.012176796793937683,-0.0038071200251579285
Cc1nccn1CC(=O)N(C(C(=O)NC1CCCCC1)c1ccccc1C)c1cccc(F)c1,HA1E,[15*]C1CCCCC1,-0.0061708129942417145,0.0199754498898983,-0.026146262884140015
Cc1nccn1CC(=O)N(C(C(=O)NC1CCCCC1)c1ccccc1C)c1cccc(F)c1,HA1E,[1*]C(=O)C([4*])[8*],-0.0061708129942417145,0.02683396264910698,-0.033004775643348694
Cc1nccn1CC(=O)N(C(C(=O)NC1CCCCC1)c1ccccc1C)c1cccc(F)c1,HA1E,[1*]C(=O)C[8*],-0.0061708129942417145,0.02699417620897293,-0.033164989203214645
Cc1nccn1CC(=O)N(C(C(=O)NC1CCCCC1)c1ccccc1C)c1cccc(F)c1,HA1E,[5*]N([5*])[5*],-0.0061708129942417145,0.022342439740896225,-0.02851325273513794
Cc1nccn1CC(=O)N(C(C(=O)NC1CCCCC1)c1ccccc1C)c1cccc(F)c1,HA1E,[9*]n1ccnc1C,-0.0061708129942417145,0.023805875331163406,-0.02997668832540512
Cc1nccn1CC(=O)N(C(C(=O)NC1CCCCC1)c1ccccc1C)c1cccc(F)c1,HA1E,[5*]N[5*],-0.0061708129942417145,0.019916091114282608,-0.026086904108524323
Cc1nccn1CC(=O)N(C(C(=O)NC1CCCCC1)c1ccccc1C)c1cccc(F)c1,HA1E,[16*]c1ccccc1C,-0.0061708129942417145,0.020827770233154297,-0.02699858322739601
Cc1nccn1CC(=O)N(C(C(=O)NC1CCCCC1)c1ccccc1C)c1cccc(F)c1,HA1E,[16*]c1cccc(F)c1,-0.0061708129942417145,0.020435571670532227,-0.02660638466477394
CCC(C)SSc1ncc[nH]1,HA1E,[4*]C(C)CC,0.0003386177122592926,-0.009212445467710495,0.009551063179969788
CCC(C)SSc1ncc[nH]1,HA1E,[14*]c1ncc[nH]1,0.0003386177122592926,0.002797584980726242,-0.0024589672684669495
CCC(C)SSc1ncc[nH]1,HA1E,[11*]SS[11*],0.0003386177122592926,0.0059557221829891205,-0.005617104470729828
CN1C(C(=O)Nc2ccccn2)C(=O)c2ccccc2S1(=O)=O,HA1E,[1*]C([6*])=O,-0.0013508759438991547,0.002015925943851471,-0.0033668018877506256
CN1C(C(=O)Nc2ccccn2)C(=O)c2ccccc2S1(=O)=O,HA1E,[13*]C1C(=O)c2ccccc2S(=O)(=O)N1C,-0.0013508759438991547,0.004350796341896057,-0.005701672285795212
CN1C(C(=O)Nc2ccccn2)C(=O)c2ccccc2S1(=O)=O,HA1E,[14*]c1ccccn1,-0.0013508759438991547,-0.0011217035353183746,-0.00022917240858078003
CN1C(C(=O)Nc2ccccn2)C(=O)c2ccccc2S1(=O)=O,HA1E,[5*]N[5*],-0.0013508759438991547,-0.0011499933898448944,-0.00020088255405426025
COCCOC(=O)C1=C(C)NC(C)=C(C1c1cccc(c1)[N+]([O-])=O)C(=O)OC(C)C,HA1E,[4*]C(C)C,-0.007962428033351898,0.011792957782745361,-0.01975538581609726
COCCOC(=O)C1=C(C)NC(C)=C(C1c1cccc(c1)[N+]([O-])=O)C(=O)OC(C)C,HA1E,[16*]c1cccc([N+](=O)[O-])c1,-0.007962428033351898,0.016197621822357178,-0.024160049855709076
COCCOC(=O)C1=C(C)NC(C)=C(C1c1cccc(c1)[N+]([O-])=O)C(=O)OC(C)C,HA1E,[3*]O[3*],-0.007962428033351898,0.016007104888558388,-0.023969532921910286
COCCOC(=O)C1=C(C)NC(C)=C(C1c1cccc(c1)[N+]([O-])=O)C(=O)OC(C)C,HA1E,[1*]C(=O)C1=C(C)NC(C)=C(C([1*])=O)C1[15*],-0.007962428033351898,0.02368226833641529,-0.03164469636976719
COCCOC(=O)C1=C(C)NC(C)=C(C1c1cccc(c1)[N+]([O-])=O)C(=O)OC(C)C,HA1E,[4*]CC[4*],-0.007962428033351898,0.014567598700523376,-0.022530026733875275
COCCOC(=O)C1=C(C)NC(C)=C(C1c1cccc(c1)[N+]([O-])=O)C(=O)OC(C)C,HA1E,[3*]OC,-0.007962428033351898,0.01593920961022377,-0.02390163764357567
CO[C@H]1CC(O[C@H]2[C@@H](C)\C=C\C=C3/CO[C@@H]4C(=N/O)\C(C)=C[C@@H](C(=O)O[C@H]5C[C@@H](C\C=C2/C)O[C@@]2(CC[C@H](C)[C@H](O2)C2CCCCC2)C5)[C@]34O)O[C@@H](C)C1O,HA1E,[15*]C1CCCCC1,0.007091928273439407,0.008938154205679893,-0.0018462259322404861
CO[C@H]1CC(O[C@H]2[C@@H](C)\C=C\C=C3/CO[C@@H]4C(=N/O)\C(C)=C[C@@H](C(=O)O[C@H]5C[C@@H](C\C=C2/C)O[C@@]2(CC[C@H](C)[C@H](O2)C2CCCCC2)C5)[C@]34O)O[C@@H](C)C1O,HA1E,[13*]C1C[C@H]([15*])C(O)[C@H](C)O1,0.007091928273439407,0.004487495869398117,0.0026044324040412903
CO[C@H]1CC(O[C@H]2[C@@H](C)\C=C\C=C3/CO[C@@H]4C(=N/O)\C(C)=C[C@@H](C(=O)O[C@H]5C[C@@H](C\C=C2/C)O[C@@]2(CC[C@H](C)[C@H](O2)C2CCCCC2)C5)[C@]34O)O[C@@H](C)C1O,HA1E,[3*]O[3*],0.007091928273439407,0.00622965395450592,0.0008622743189334869
CO[C@H]1CC(O[C@H]2[C@@H](C)\C=C\C=C3/CO[C@@H]4C(=N/O)\C(C)=C[C@@H](C(=O)O[C@H]5C[C@@H](C\C=C2/C)O[C@@]2(CC[C@H](C)[C@H](O2)C2CCCCC2)C5)[C@]34O)O[C@@H](C)C1O,HA1E,[13*][C@H]1O[C@]2(CC[C@@H]1C)C[C@@H]1C[C@@H](C/C=C(\C)[C@@H]([15*])[C@@H](C)/C=C/C=C3\CO[C@@H]4/C(=N\O)C(C)=C[C@@H](C(=O)O1)[C@]34O)O2,0.007091928273439407,0.006390314549207687,0.00070161372423172
CO[C@H]1CC(O[C@H]2[C@@H](C)\C=C\C=C3/CO[C@@H]4C(=N/O)\C(C)=C[C@@H](C(=O)O[C@H]5C[C@@H](C\C=C2/C)O[C@@]2(CC[C@H](C)[C@H](O2)C2CCCCC2)C5)[C@]34O)O[C@@H](C)C1O,HA1E,[3*]OC,0.007091928273439407,0.004987817257642746,0.0021041110157966614
CN(C)C\C=C\C(=O)Nc1cc2c(Nc3ccc(F)c(Cl)c3)ncnc2cc1OC1CCOC1,HA1E,[14*]c1ncnc2cc([16*])c([16*])cc12,0.0010447166860103607,0.02148134633898735,-0.02043662965297699
CN(C)C\C=C\C(=O)Nc1cc2c(Nc3ccc(F)c(Cl)c3)ncnc2cc1OC1CCOC1,HA1E,[4*]CC[7*],0.0010447166860103607,0.013895668089389801,-0.01285095140337944
CN(C)C\C=C\C(=O)Nc1cc2c(Nc3ccc(F)c(Cl)c3)ncnc2cc1OC1CCOC1,HA1E,[3*]O[3*],0.0010447166860103607,0.016605038195848465,-0.015560321509838104
CN(C)C\C=C\C(=O)Nc1cc2c(Nc3ccc(F)c(Cl)c3)ncnc2cc1OC1CCOC1,HA1E,[5*]N(C)C,0.0010447166860103607,0.014681357890367508,-0.013636641204357147
CN(C)C\C=C\C(=O)Nc1cc2c(Nc3ccc(F)c(Cl)c3)ncnc2cc1OC1CCOC1,HA1E,[5*]N[5*],0.0010447166860103607,0.011811967939138412,-0.010767251253128052
CN(C)C\C=C\C(=O)Nc1cc2c(Nc3ccc(F)c(Cl)c3)ncnc2cc1OC1CCOC1,HA1E,[16*]c1ccc(F)c(Cl)c1,0.0010447166860103607,0.01620500534772873,-0.015160288661718369
CN(C)C\C=C\C(=O)Nc1cc2c(Nc3ccc(F)c(Cl)c3)ncnc2cc1OC1CCOC1,HA1E,[15*]C1CCOC1,0.0010447166860103607,0.015630878508090973,-0.014586161822080612
CN(C)C\C=C\C(=O)Nc1cc2c(Nc3ccc(F)c(Cl)c3)ncnc2cc1OC1CCOC1,HA1E,[1*]C(=O)C[7*],0.0010447166860103607,0.01858232542872429,-0.017537608742713928
CS(=O)CCCCN=C=S,HA1E,CS(=O)CCCCN=C=S,0.005130928009748459,0.036458566784858704,-0.031327638775110245
CC(NCCc1ccc(O)cc1)C(O)c1ccc(O)cc1,HA1E,[16*]c1ccc(O)cc1,0.0016476400196552277,-0.0008890479803085327,0.0025366879999637604
CC(NCCc1ccc(O)cc1)C(O)c1ccc(O)cc1,HA1E,[4*]C(C)C([8*])O,0.0016476400196552277,0.005085159093141556,-0.003437519073486328
CC(NCCc1ccc(O)cc1)C(O)c1ccc(O)cc1,HA1E,[4*]CC[8*],0.0016476400196552277,0.005042709410190582,-0.0033950693905353546
CC(NCCc1ccc(O)cc1)C(O)c1ccc(O)cc1,HA1E,[5*]N[5*],0.0016476400196552277,-0.0007827989757061005,0.002430438995361328
Cc1ccc(cc1)S(=O)(=O)NC(=O)NN1CC2CCCC2C1,HA1E,[12*]S(=O)(=O)c1ccc(C)cc1,-0.0059416331350803375,-0.005345460027456284,-0.000596173107624054
Cc1ccc(cc1)S(=O)(=O)NC(=O)NN1CC2CCCC2C1,HA1E,[1*]C(=O)NN1CC2CCCC2C1,-0.0059416331350803375,-0.0063119567930698395,0.00037032365798950195
Cc1ccc(cc1)S(=O)(=O)NC(=O)NN1CC2CCCC2C1,HA1E,[5*]N[5*],-0.0059416331350803375,-0.0010490790009498596,-0.004892554134130478
C[C@H]1CC2C3CC[C@](OC(C)=O)(C(C)=O)[C@@]3(C)CCC2[C@@]2(C)CCC(=O)C=C12,HA1E,[6*]C(C)=O,-0.007833961397409439,0.01175248995423317,-0.01958645135164261
C[C@H]1CC2C3CC[C@](OC(C)=O)(C(C)=O)[C@@]3(C)CCC2[C@@]2(C)CCC(=O)C=C12,HA1E,[4*][C@]1([15*])CCC2C3C[C@H](C)C4=CC(=O)CC[C@]4(C)C3CC[C@@]21C,-0.007833961397409439,0.0050905682146549225,-0.012924529612064362
C[C@H]1CC2C3CC[C@](OC(C)=O)(C(C)=O)[C@@]3(C)CCC2[C@@]2(C)CCC(=O)C=C12,HA1E,[3*]O[3*],-0.007833961397409439,0.009573889896273613,-0.017407851293683052
C[C@H]1CC2C3CC[C@](OC(C)=O)(C(C)=O)[C@@]3(C)CCC2[C@@]2(C)CCC(=O)C=C12,HA1E,[15*]C1([15*])CCC2C3C[C@H](C)C4=CC(=O)CC[C@]4(C)C3CC[C@@]21C,-0.007833961397409439,0.008843988180160522,-0.01667794957756996
C[C@H]1CC2C3CC[C@](OC(C)=O)(C(C)=O)[C@@]3(C)CCC2[C@@]2(C)CCC(=O)C=C12,HA1E,[1*]C(C)=O,-0.007833961397409439,0.010424107313156128,-0.018258068710565567
CC(C)(C)C(=O)C(Oc1ccc(Cl)cc1)n1ccnc1,HA1E,[9*]n1ccnc1,-0.00998658686876297,-0.0006658472120761871,-0.009320739656686783
CC(C)(C)C(=O)C(Oc1ccc(Cl)cc1)n1ccnc1,HA1E,[3*]O[3*],-0.00998658686876297,0.00020668283104896545,-0.010193269699811935
CC(C)(C)C(=O)C(Oc1ccc(Cl)cc1)n1ccnc1,HA1E,[4*]C([8*])C(=O)C(C)(C)C,-0.00998658686876297,0.003921475261449814,-0.013908062130212784
CC(C)(C)C(=O)C(Oc1ccc(Cl)cc1)n1ccnc1,HA1E,[16*]c1ccc(Cl)cc1,-0.00998658686876297,-0.006201531738042831,-0.0037850551307201385
C[C@@H]1C[C@H](C2CC[C@]3(C)C(=CC[C@H]4[C@@]5(C)CC[C@H](O)C(C)(C)[C@@H]5CC[C@@]34C)[C@H]2[C@@H]1C)C(O)=O,HA1E,[6*]C(=O)O,0.009844601154327393,0.015435421839356422,-0.00559082068502903
C[C@@H]1C[C@H](C2CC[C@]3(C)C(=CC[C@H]4[C@@]5(C)CC[C@H](O)C(C)(C)[C@@H]5CC[C@@]34C)[C@H]2[C@@H]1C)C(O)=O,HA1E,[15*][C@@H]1C[C@@H](C)[C@@H](C)[C@@H]2C3=CC[C@H]4[C@@]5(C)CC[C@H](O)C(C)(C)[C@@H]5CC[C@@]4(C)[C@]3(C)CCC12,0.009844601154327393,-0.011858530342578888,0.02170313149690628
CC1Nc2cc(Cl)c(cc2C(=O)N1c1ccccc1C)S(N)(=O)=O,HA1E,[10*]N1C(=O)c2cc(S(N)(=O)=O)c(Cl)cc2NC1C,-0.002781432121992111,-0.01781047135591507,0.015029039233922958
CC1Nc2cc(Cl)c(cc2C(=O)N1c1ccccc1C)S(N)(=O)=O,HA1E,[16*]c1ccccc1C,-0.002781432121992111,0.0016079135239124298,-0.004389345645904541
COC1CC(CC(C)C2CC(=O)C(C)\C=C(C)\C(O)C(OC)C(=O)C(C)CC(C)\C=C\C=C\C=C(C)\C(CC3CCC(C)C(O)(O3)C(=O)C(=O)N3CCCCC3C(=O)O2)OC)CCC1OC(=O)C(C)(CO)CO,HA1E,[8*]CC([8*])C,0.010111035779118538,0.006867516785860062,0.0032435189932584763
COC1CC(CC(C)C2CC(=O)C(C)\C=C(C)\C(O)C(OC)C(=O)C(C)CC(C)\C=C\C=C\C=C(C)\C(CC3CCC(C)C(O)(O3)C(=O)C(=O)N3CCCCC3C(=O)O2)OC)CCC1OC(=O)C(C)(CO)CO,HA1E,[15*]C1CCC([15*])C([15*])C1,0.010111035779118538,0.0053131915628910065,0.004797844216227531
COC1CC(CC(C)C2CC(=O)C(C)\C=C(C)\C(O)C(OC)C(=O)C(C)CC(C)\C=C\C=C\C=C(C)\C(CC3CCC(C)C(O)(O3)C(=O)C(=O)N3CCCCC3C(=O)O2)OC)CCC1OC(=O)C(C)(CO)CO,HA1E,[13*]C1CC(=O)C(C)/C=C(\C)C(O)C([15*])C(=O)C(C)CC(C)/C=C/C=C/C=C(\C)C([15*])CC2CCC(C)C(O)(O2)C(=O)C(=O)N2CCCCC2C(=O)O1,0.010111035779118538,0.01181582361459732,-0.0017047878354787827
COC1CC(CC(C)C2CC(=O)C(C)\C=C(C)\C(O)C(OC)C(=O)C(C)CC(C)\C=C\C=C\C=C(C)\C(CC3CCC(C)C(O)(O3)C(=O)C(=O)N3CCCCC3C(=O)O2)OC)CCC1OC(=O)C(C)(CO)CO,HA1E,[1*]C(=O)C(C)(CO)CO,0.010111035779118538,0.009945366531610489,0.000165669247508049
COC1CC(CC(C)C2CC(=O)C(C)\C=C(C)\C(O)C(OC)C(=O)C(C)CC(C)\C=C\C=C\C=C(C)\C(CC3CCC(C)C(O)(O3)C(=O)C(=O)N3CCCCC3C(=O)O2)OC)CCC1OC(=O)C(C)(CO)CO,HA1E,[3*]O[3*],0.010111035779118538,0.009945366531610489,0.000165669247508049
COC1CC(CC(C)C2CC(=O)C(C)\C=C(C)\C(O)C(OC)C(=O)C(C)CC(C)\C=C\C=C\C=C(C)\C(CC3CCC(C)C(O)(O3)C(=O)C(=O)N3CCCCC3C(=O)O2)OC)CCC1OC(=O)C(C)(CO)CO,HA1E,[3*]OC,0.010111035779118538,0.009945366531610489,0.000165669247508049
CN1C2C[C@@H](C[C@H]1[C@H]1OC21)OC(=O)[C@H](CO)c1ccccc1,HA1E,[15*][C@H]1CC2C3O[C@@H]3[C@H](C1)N2C,-0.009403236210346222,-0.001482214778661728,-0.007921021431684494
CN1C2C[C@@H](C[C@H]1[C@H]1OC21)OC(=O)[C@H](CO)c1ccccc1,HA1E,[16*]c1ccccc1,-0.009403236210346222,-0.0014504380524158478,-0.007952798157930374
CN1C2C[C@@H](C[C@H]1[C@H]1OC21)OC(=O)[C@H](CO)c1ccccc1,HA1E,[3*]O[3*],-0.009403236210346222,0.0061297304928302765,-0.015532966703176498
CN1C2C[C@@H](C[C@H]1[C@H]1OC21)OC(=O)[C@H](CO)c1ccccc1,HA1E,[1*]C(=O)[C@@H]([8*])CO,-0.009403236210346222,0.0018133074045181274,-0.01121654361486435
CN\C(NC#N)=N/c1ccc(cc1)C1=NNC(=O)CC1C,HA1E,CN/C(=N\c1ccc(C2=NNC(=O)CC2C)cc1)NC#N,-0.003931824117898941,0.036458566784858704,-0.040390390902757645
C[C@]12CC(=O)C3C(CCC4=CC(=O)C=C[C@]34C)C1CC[C@]2(O)C(=O)CO,HA1E,[15*][C@@]1(O)CCC2C3CCC4=CC(=O)C=C[C@]4(C)C3C(=O)C[C@@]21C,-0.008468974381685257,-0.00595783069729805,-0.002511143684387207
C[C@]12CC(=O)C3C(CCC4=CC(=O)C=C[C@]34C)C1CC[C@]2(O)C(=O)CO,HA1E,[6*]C(=O)CO,-0.008468974381685257,-0.009603254497051239,0.001134280115365982
CO[C@H]1\C=C\O[C@@]2(C)Oc3c(C2=O)c2c4nc5cc(C)ccn5c4c(NC(=O)\C(C)=C/C=C/[C@H](C)[C@H](O)[C@@H](C)C(O)[C@@H](C)[C@H](OC(C)=O)[C@@H]1C)c(O)c2c(O)c3C,HA1E,[3*]OC,0.008322365581989288,0.00794285349547863,0.00037951208651065826
CO[C@H]1\C=C\O[C@@]2(C)Oc3c(C2=O)c2c4nc5cc(C)ccn5c4c(NC(=O)\C(C)=C/C=C/[C@H](C)[C@H](O)[C@@H](C)C(O)[C@@H](C)[C@H](OC(C)=O)[C@@H]1C)c(O)c2c(O)c3C,HA1E,[15*][C@@H]1[C@H](C)[C@@H]([15*])/C=C/O[C@@]2(C)Oc3c(C)c(O)c4c(O)c(c5c(nc6cc(C)ccn65)c4c3C2=O)NC(=O)/C(C)=C\C=C\[C@H](C)[C@H](O)[C@@H](C)C(O)[C@H]1C,0.008322365581989288,-0.010590560734272003,0.01891292631626129
CO[C@H]1\C=C\O[C@@]2(C)Oc3c(C2=O)c2c4nc5cc(C)ccn5c4c(NC(=O)\C(C)=C/C=C/[C@H](C)[C@H](O)[C@@H](C)C(O)[C@@H](C)[C@H](OC(C)=O)[C@@H]1C)c(O)c2c(O)c3C,HA1E,[3*]O[3*],0.008322365581989288,0.010678615421056747,-0.002356249839067459
CO[C@H]1\C=C\O[C@@]2(C)Oc3c(C2=O)c2c4nc5cc(C)ccn5c4c(NC(=O)\C(C)=C/C=C/[C@H](C)[C@H](O)[C@@H](C)C(O)[C@@H](C)[C@H](OC(C)=O)[C@@H]1C)c(O)c2c(O)c3C,HA1E,[1*]C(C)=O,0.008322365581989288,0.010678615421056747,-0.002356249839067459
C[C@@]1(CO)[C@H](O)CC[C@@]2(C)[C@@H](C\C=C3/C(O)COC3=O)C(=C)CC[C@H]12,HA1E,[7*]C1C(=O)OCC1O,-0.00566105917096138,0.0016088895499706268,-0.007269948720932007
C[C@@]1(CO)[C@H](O)CC[C@@]2(C)[C@@H](C\C=C3/C(O)COC3=O)C(=C)CC[C@H]12,HA1E,[8*]CO,-0.00566105917096138,0.005397103726863861,-0.011058162897825241
C[C@@]1(CO)[C@H](O)CC[C@@]2(C)[C@@H](C\C=C3/C(O)COC3=O)C(=C)CC[C@H]12,HA1E,[15*][C@H]1C(=C)CC[C@@H]2[C@@]([15*])(C)[C@H](O)CC[C@]21C,-0.00566105917096138,-0.0010595358908176422,-0.004601523280143738
C[C@@]1(CO)[C@H](O)CC[C@@]2(C)[C@@H](C\C=C3/C(O)COC3=O)C(=C)CC[C@H]12,HA1E,[7*]CC[8*],-0.00566105917096138,-0.000498894602060318,-0.005162164568901062
OCCN1C[C@@H](O)[C@@H](O)C(O)C1CO,HA1E,[8*]CO,-0.010415598750114441,-0.00725112110376358,-0.0031644776463508606
OCCN1C[C@@H](O)[C@@H](O)C(O)C1CO,HA1E,[5*]N1C[C@@H](O)[C@@H](O)C(O)C1[13*],-0.010415598750114441,-0.0035960115492343903,-0.006819587200880051
OCCN1C[C@@H](O)[C@@H](O)C(O)C1CO,HA1E,[4*]CCO,-0.010415598750114441,-0.00838424637913704,-0.0020313523709774017
OC[C@H]1O[C@H](CC1O)n1cc(\C=C\Br)c(=O)[nH]c1=O,HA1E,[13*][C@H]1CC(O)[C@@H]([13*])O1,-0.0009492412209510803,0.005962733179330826,-0.006911974400281906
OC[C@H]1O[C@H](CC1O)n1cc(\C=C\Br)c(=O)[nH]c1=O,HA1E,[8*]CO,-0.0009492412209510803,-0.00037496909499168396,-0.0005742721259593964
OC[C@H]1O[C@H](CC1O)n1cc(\C=C\Br)c(=O)[nH]c1=O,HA1E,[9*]n1cc(/C=C/Br)c(=O)[nH]c1=O,-0.0009492412209510803,-0.013916324824094772,0.012967083603143692
NC(=O)C1CC2(NC(=O)NC2=O)c2cc(F)ccc2O1,HA1E,[13*]C1CC2(NC(=O)NC2=O)c2cc(F)ccc2O1,-0.0011991523206233978,0.005127403885126114,-0.006326556205749512
NC(=O)C1CC2(NC(=O)NC2=O)c2cc(F)ccc2O1,HA1E,[6*]C(N)=O,-0.0011991523206233978,0.0005639977753162384,-0.0017631500959396362
CC(C)(Oc1ccc(Cl)cc1)C(=O)N1CSCC1C(O)=O,HA1E,[6*]C(=O)O,-0.01305605098605156,0.00938497856259346,-0.02244102954864502
CC(C)(Oc1ccc(Cl)cc1)C(=O)N1CSCC1C(O)=O,HA1E,[16*]c1ccc(Cl)cc1,-0.01305605098605156,0.002861756831407547,-0.015917807817459106
CC(C)(Oc1ccc(Cl)cc1)C(=O)N1CSCC1C(O)=O,HA1E,[1*]C(=O)C([4*])(C)C,-0.01305605098605156,0.009661953896284103,-0.022718004882335663
CC(C)(Oc1ccc(Cl)cc1)C(=O)N1CSCC1C(O)=O,HA1E,[3*]O[3*],-0.01305605098605156,0.008931025862693787,-0.021987076848745346
CC(C)(Oc1ccc(Cl)cc1)C(=O)N1CSCC1C(O)=O,HA1E,[5*]N1CSCC1[13*],-0.01305605098605156,0.007438523694872856,-0.020494574680924416
C[C@@H]([C@H]1CC[C@H]2[C@@H]3C[C@H]4O[C@]45[C@@H](O)C=CC(=O)[C@]5(C)[C@H]3CC[C@]12C)[C@H]6CC(=C(CO)C(=O)O6)C,HA1E,[15*][C@H]1CC[C@H]2[C@@H]3C[C@H]4O[C@]45[C@@H](O)C=CC(=O)[C@]5(C)[C@H]3CC[C@]12C,0.008610682561993599,-0.0031670033931732178,0.011777685955166817
C[C@@H]([C@H]1CC[C@H]2[C@@H]3C[C@H]4O[C@]45[C@@H](O)C=CC(=O)[C@]5(C)[C@H]3CC[C@]12C)[C@H]6CC(=C(CO)C(=O)O6)C,HA1E,[13*][C@H]1CC(C)=C(CO)C(=O)O1,0.008610682561993599,0.008615002036094666,-4.319474101066589e-06
C[C@@H]([C@H]1CC[C@H]2[C@@H]3C[C@H]4O[C@]45[C@@H](O)C=CC(=O)[C@]5(C)[C@H]3CC[C@]12C)[C@H]6CC(=C(CO)C(=O)O6)C,HA1E,[8*]C([8*])C,0.008610682561993599,0.008078576996922493,0.000532105565071106
OCC1OC(C(O)C(O)C1O)c1c(O)ccc2c1occ(-c1ccc(O)cc1)c2=O,HELA,[16*]c1ccc(O)cc1,0.0240146704018116,0.02086116373538971,0.0031535066664218903
OCC1OC(C(O)C(O)C1O)c1c(O)ccc2c1occ(-c1ccc(O)cc1)c2=O,HELA,[16*]c1coc2c([16*])c(O)ccc2c1=O,0.0240146704018116,0.023494325578212738,0.0005203448235988617
OCC1OC(C(O)C(O)C1O)c1c(O)ccc2c1occ(-c1ccc(O)cc1)c2=O,HELA,[8*]CO,0.0240146704018116,0.027474552392959595,-0.003459881991147995
OCC1OC(C(O)C(O)C1O)c1c(O)ccc2c1occ(-c1ccc(O)cc1)c2=O,HELA,[13*]C1OC([13*])C(O)C(O)C1O,0.0240146704018116,0.030301716178655624,-0.006287045776844025
Nc1cccc2C(=O)N(Cc12)C1CCC(=O)NC1=O,HELA,[15*]C1CCC(=O)NC1=O,0.015600457787513733,0.03347577154636383,-0.017875313758850098
Nc1cccc2C(=O)N(Cc12)C1CCC(=O)NC1=O,HELA,[10*]N1Cc2c(N)cccc2C1=O,0.015600457787513733,0.01161070168018341,0.003989756107330322
C[C@]1(Cn2ccnn2)C(N2C(CC2=O)S1(=O)=O)C(O)=O,HELA,[13*]C1N2C(=O)CC2S(=O)(=O)[C@]1([13*])C,0.019321385771036148,0.020425979048013687,-0.001104593276977539
C[C@]1(Cn2ccnn2)C(N2C(CC2=O)S1(=O)=O)C(O)=O,HELA,[8*]C[8*],0.019321385771036148,0.014593202620744705,0.004728183150291443
C[C@]1(Cn2ccnn2)C(N2C(CC2=O)S1(=O)=O)C(O)=O,HELA,[9*]n1ccnn1,0.019321385771036148,0.014754951000213623,0.004566434770822525
C[C@]1(Cn2ccnn2)C(N2C(CC2=O)S1(=O)=O)C(O)=O,HELA,[6*]C(=O)O,0.019321385771036148,0.01918601244688034,0.0001353733241558075
COC(=O)C1=C(C)NC(C)=C(C1c1cccc(c1)[N+]([O-])=O)C(=O)OCCN(C)Cc1ccccc1,HELA,[16*]c1ccccc1,0.0183701254427433,0.035039883106946945,-0.016669757664203644
COC(=O)C1=C(C)NC(C)=C(C1c1cccc(c1)[N+]([O-])=O)C(=O)OCCN(C)Cc1ccccc1,HELA,[4*]C[8*],0.0183701254427433,0.032635174691677094,-0.014265049248933792
COC(=O)C1=C(C)NC(C)=C(C1c1cccc(c1)[N+]([O-])=O)C(=O)OCCN(C)Cc1ccccc1,HELA,[16*]c1cccc([N+](=O)[O-])c1,0.0183701254427433,0.037756334990262985,-0.019386209547519684
COC(=O)C1=C(C)NC(C)=C(C1c1cccc(c1)[N+]([O-])=O)C(=O)OCCN(C)Cc1ccccc1,HELA,[3*]O[3*],0.0183701254427433,0.03410491719841957,-0.01573479175567627
COC(=O)C1=C(C)NC(C)=C(C1c1cccc(c1)[N+]([O-])=O)C(=O)OCCN(C)Cc1ccccc1,HELA,[5*]N([5*])C,0.0183701254427433,0.032603610306978226,-0.014233484864234924
COC(=O)C1=C(C)NC(C)=C(C1c1cccc(c1)[N+]([O-])=O)C(=O)OCCN(C)Cc1ccccc1,HELA,[1*]C(=O)C1=C(C)NC(C)=C(C([1*])=O)C1[15*],0.0183701254427433,0.03860514983534813,-0.020235024392604828
COC(=O)C1=C(C)NC(C)=C(C1c1cccc(c1)[N+]([O-])=O)C(=O)OCCN(C)Cc1ccccc1,HELA,[4*]CC[4*],0.0183701254427433,0.0353427417576313,-0.016972616314888
COC(=O)C1=C(C)NC(C)=C(C1c1cccc(c1)[N+]([O-])=O)C(=O)OCCN(C)Cc1ccccc1,HELA,[3*]OC,0.0183701254427433,0.03555208817124367,-0.017181962728500366
COc1cc(cc(OC)c1O)[C@H]1[C@@H]2C(COC2=O)C(OC2O[C@@H]3COC(C)O[C@H]3[C@H](O)[C@H]2O)c2cc3OCOc3cc12,HELA,[3*]OC1c2cc3c(cc2[C@@H](c2cc([16*])c(O)c([16*])c2)[C@H]2C(=O)OCC12)OCO3,0.02484188601374626,0.02276131510734558,0.0020805709064006805
COc1cc(cc(OC)c1O)[C@H]1[C@@H]2C(COC2=O)C(OC2O[C@@H]3COC(C)O[C@H]3[C@H](O)[C@H]2O)c2cc3OCOc3cc12,HELA,[13*]C1O[C@@H]2COC(C)O[C@H]2[C@H](O)[C@H]1O,0.02484188601374626,0.03670275956392288,-0.01186087355017662
COc1cc(cc(OC)c1O)[C@H]1[C@@H]2C(COC2=O)C(OC2O[C@@H]3COC(C)O[C@H]3[C@H](O)[C@H]2O)c2cc3OCOc3cc12,HELA,[3*]OC,0.02484188601374626,0.034673355519771576,-0.009831469506025314
CCCC(C)C1(CC)C(=O)NC(=O)NC1=O,HELA,[8*]CC,0.00904013030230999,0.015330623835325241,-0.006290493533015251
CCCC(C)C1(CC)C(=O)NC(=O)NC1=O,HELA,[15*]C1([15*])C(=O)NC(=O)NC1=O,0.00904013030230999,0.026968207210302353,-0.017928076907992363
CCCC(C)C1(CC)C(=O)NC(=O)NC1=O,HELA,[8*]C(C)CCC,0.00904013030230999,0.01899184286594391,-0.009951712563633919
C1CCC(CC1)c1ccc2n3CCNC4CCCc(c34)c2c1,HELA,[15*]C1CCCCC1,0.01783735305070877,0.03444551303982735,-0.016608159989118576
C1CCC(CC1)c1ccc2n3CCNC4CCCc(c34)c2c1,HELA,[16*]c1ccc2c(c1)c1c3n2CCNC3CCC1,0.01783735305070877,0.025390256196260452,-0.0075529031455516815
OC[C@H]1OC(C[C@@H]1O)n1cc(c(=O)[nH]c1=O)C(F)(F)F,HELA,[13*]C1C[C@H](O)[C@@H]([13*])O1,0.019239969551563263,0.02737293764948845,-0.008132968097925186
OC[C@H]1OC(C[C@@H]1O)n1cc(c(=O)[nH]c1=O)C(F)(F)F,HELA,[8*]CO,0.019239969551563263,0.024258878082036972,-0.005018908530473709
OC[C@H]1OC(C[C@@H]1O)n1cc(c(=O)[nH]c1=O)C(F)(F)F,HELA,[9*]n1cc([16*])c(=O)[nH]c1=O,0.019239969551563263,0.021473031491041183,-0.0022330619394779205
OC[C@H]1OC(C[C@@H]1O)n1cc(c(=O)[nH]c1=O)C(F)(F)F,HELA,[8*]C(F)(F)F,0.019239969551563263,0.024177301675081253,-0.00493733212351799
CN1CCN2C(C1)c1ccccc1Cc1cccnc21,HELA,CN1CCN2c3ncccc3Cc3ccccc3C2C1,0.019096102565526962,0.023952335119247437,-0.004856232553720474
CCN(CC)CC#CCOC(=O)C(O)(C1CCCCC1)c1ccccc1,HELA,[15*]C1CCCCC1,0.014014847576618195,0.035741645842790604,-0.02172679826617241
CCN(CC)CC#CCOC(=O)C(O)(C1CCCCC1)c1ccccc1,HELA,[16*]c1ccccc1,0.014014847576618195,0.03714311495423317,-0.023128267377614975
CCN(CC)CC#CCOC(=O)C(O)(C1CCCCC1)c1ccccc1,HELA,[5*]N([5*])[5*],0.014014847576618195,0.03264741227030754,-0.018632564693689346
CCN(CC)CC#CCOC(=O)C(O)(C1CCCCC1)c1ccccc1,HELA,[4*]CC#CC[4*],0.014014847576618195,0.03380313888192177,-0.019788291305303574
CCN(CC)CC#CCOC(=O)C(O)(C1CCCCC1)c1ccccc1,HELA,[3*]O[3*],0.014014847576618195,0.03731444850564003,-0.023299600929021835
CCN(CC)CC#CCOC(=O)C(O)(C1CCCCC1)c1ccccc1,HELA,[1*]C(=O)C([8*])([8*])O,0.014014847576618195,0.036493416875600815,-0.02247856929898262
CCN(CC)CC#CCOC(=O)C(O)(C1CCCCC1)c1ccccc1,HELA,[4*]CC,0.014014847576618195,0.0359162874519825,-0.021901439875364304
CC(=O)CC(c1ccc(cc1)[N+]([O-])=O)c1c(O)c2ccccc2oc1=O,HELA,[8*]C([8*])CC(C)=O,0.023020096123218536,0.02490345388650894,-0.0018833577632904053
CC(=O)CC(c1ccc(cc1)[N+]([O-])=O)c1c(O)c2ccccc2oc1=O,HELA,[16*]c1c(O)c2ccccc2oc1=O,0.023020096123218536,0.015001539140939713,0.008018556982278824
CC(=O)CC(c1ccc(cc1)[N+]([O-])=O)c1c(O)c2ccccc2oc1=O,HELA,[16*]c1ccc([N+](=O)[O-])cc1,0.023020096123218536,0.02428983896970749,-0.0012697428464889526
COc1ccc(cc1OC)C(=O)N1CCCc2cc(ccc12)C1=NNC(=O)SC1C,HELA,[3*]OC,0.014519397169351578,0.024646636098623276,-0.010127238929271698
COc1ccc(cc1OC)C(=O)N1CCCc2cc(ccc12)C1=NNC(=O)SC1C,HELA,[1*]C([6*])=O,0.014519397169351578,0.02811165526509285,-0.013592258095741272
COc1ccc(cc1OC)C(=O)N1CCCc2cc(ccc12)C1=NNC(=O)SC1C,HELA,[16*]c1ccc([16*])c([16*])c1,0.014519397169351578,0.021694589406251907,-0.00717519223690033
COc1ccc(cc1OC)C(=O)N1CCCc2cc(ccc12)C1=NNC(=O)SC1C,HELA,[5*]N1CCCc2cc(C3=NNC(=O)SC3C)ccc21,0.014519397169351578,0.03692227229475975,-0.022402875125408173
CCc1c(C)[nH]c2CCC(CN3CCOCC3)C(=O)c12,HELA,[5*]N1CCOCC1,0.014526976272463799,0.034892573952674866,-0.020365597680211067
CCc1c(C)[nH]c2CCC(CN3CCOCC3)C(=O)c12,HELA,[8*]CC,0.014526976272463799,0.029511436820030212,-0.014984460547566414
CCc1c(C)[nH]c2CCC(CN3CCOCC3)C(=O)c12,HELA,[4*]C[8*],0.014526976272463799,0.024828869849443436,-0.010301893576979637
CCc1c(C)[nH]c2CCC(CN3CCOCC3)C(=O)c12,HELA,[15*]C1CCc2[nH]c(C)c([16*])c2C1=O,0.014526976272463799,0.035717736929655075,-0.021190760657191277
C[C@]12CC[C@@H]3[C@@H](CC[C@@]45O[C@@H]4C(=O)C(C[C@]35C)C#N)[C@@H]1CC[C@H]2O,HELA,C[C@]12CC[C@@H]3[C@@H](CC[C@@]45O[C@@H]4C(=O)C(C#N)C[C@]35C)[C@@H]1CC[C@H]2O,0.019030015915632248,0.023952335119247437,-0.004922319203615189
CC(C)C[C@H](NC(=O)CNC(=O)c1cc(Cl)ccc1Cl)B1OC(=O)CC(CC(O)=O)(O1)C(O)=O,HELA,[4*][C@@H](CC(C)C)B1OC(=O)CC([13*])([13*])O1,0.022793132811784744,0.03494946286082268,-0.012156330049037933
CC(C)C[C@H](NC(=O)CNC(=O)c1cc(Cl)ccc1Cl)B1OC(=O)CC(CC(O)=O)(O1)C(O)=O,HELA,[1*]C(=O)C[4*],0.022793132811784744,0.03665200248360634,-0.013858869671821594
CC(C)C[C@H](NC(=O)CNC(=O)c1cc(Cl)ccc1Cl)B1OC(=O)CC(CC(O)=O)(O1)C(O)=O,HELA,[6*]C(=O)O,0.022793132811784744,0.036671239882707596,-0.013878107070922852
CC(C)C[C@H](NC(=O)CNC(=O)c1cc(Cl)ccc1Cl)B1OC(=O)CC(CC(O)=O)(O1)C(O)=O,HELA,[8*]CC(=O)O,0.022793132811784744,0.036382418125867844,-0.0135892853140831
CC(C)C[C@H](NC(=O)CNC(=O)c1cc(Cl)ccc1Cl)B1OC(=O)CC(CC(O)=O)(O1)C(O)=O,HELA,[1*]C([6*])=O,0.022793132811784744,0.033701393753290176,-0.010908260941505432
CC(C)C[C@H](NC(=O)CNC(=O)c1cc(Cl)ccc1Cl)B1OC(=O)CC(CC(O)=O)(O1)C(O)=O,HELA,[16*]c1cc(Cl)ccc1Cl,0.022793132811784744,0.03101014718413353,-0.008217014372348785
CC(C)C[C@H](NC(=O)CNC(=O)c1cc(Cl)ccc1Cl)B1OC(=O)CC(CC(O)=O)(O1)C(O)=O,HELA,[5*]N[5*],0.022793132811784744,0.03083859756588936,-0.008045464754104614
ClCCNP1(=O)OCCCN1CCCl,HELA,O=P1(NCCCl)OCCCN1CCCl,0.02784939855337143,0.023952335119247437,0.003897063434123993
NC(=O)c1ncn(C2OC(COP(O)(O)=O)C(O)C2O)c1N,HELA,[13*]C1OC([13*])C(O)C1O,0.021404512226581573,0.022457443177700043,-0.0010529309511184692
NC(=O)c1ncn(C2OC(COP(O)(O)=O)C(O)C2O)c1N,HELA,[3*]OP(=O)(O)O,0.021404512226581573,0.0266413614153862,-0.0052368491888046265
NC(=O)c1ncn(C2OC(COP(O)(O)=O)C(O)C2O)c1N,HELA,[4*]C[8*],0.021404512226581573,0.01887088641524315,0.0025336258113384247
NC(=O)c1ncn(C2OC(COP(O)(O)=O)C(O)C2O)c1N,HELA,[6*]C(N)=O,0.021404512226581573,0.02464694157242775,-0.003242429345846176
NC(=O)c1ncn(C2OC(COP(O)(O)=O)C(O)C2O)c1N,HELA,[9*]n1cnc([14*])c1N,0.021404512226581573,0.02178915962576866,-0.000384647399187088
CC(=O)[C@H]1CCC2C3CCC4=CC(=O)CC[C@]4(C)C3CC[C@]12C,HELA,[6*]C(C)=O,0.01836470142006874,0.017772868275642395,0.0005918331444263458
CC(=O)[C@H]1CCC2C3CCC4=CC(=O)CC[C@]4(C)C3CC[C@]12C,HELA,[15*][C@H]1CCC2C3CCC4=CC(=O)CC[C@]4(C)C3CC[C@@]21C,0.01836470142006874,0.022918086498975754,-0.004553385078907013
O=C(CS(=O)Cc1ccco1)NC\C=C/COc1cc(CN2CCCCC2)ccn1,HELA,[4*]CC[7*],0.02888542413711548,0.04301272705197334,-0.014127302914857864
O=C(CS(=O)Cc1ccco1)NC\C=C/COc1cc(CN2CCCCC2)ccn1,HELA,[5*]N1CCCCC1,0.02888542413711548,0.04334067925810814,-0.01445525512099266
O=C(CS(=O)Cc1ccco1)NC\C=C/COc1cc(CN2CCCCC2)ccn1,HELA,[4*]C[8*],0.02888542413711548,0.041330594569444656,-0.012445170432329178
O=C(CS(=O)Cc1ccco1)NC\C=C/COc1cc(CN2CCCCC2)ccn1,HELA,[14*]c1cc([16*])ccn1,0.02888542413711548,0.03468078002333641,-0.005795355886220932
O=C(CS(=O)Cc1ccco1)NC\C=C/COc1cc(CN2CCCCC2)ccn1,HELA,[14*]c1ccco1,0.02888542413711548,0.03670351579785347,-0.007818091660737991
O=C(CS(=O)Cc1ccco1)NC\C=C/COc1cc(CN2CCCCC2)ccn1,HELA,[3*]O[3*],0.02888542413711548,0.04305319860577583,-0.014167774468660355
O=C(CS(=O)Cc1ccco1)NC\C=C/COc1cc(CN2CCCCC2)ccn1,HELA,[5*]N[5*],0.02888542413711548,0.03758968785405159,-0.008704263716936111
O=C(CS(=O)Cc1ccco1)NC\C=C/COc1cc(CN2CCCCC2)ccn1,HELA,[1*]C(=O)CS(=O)C[8*],0.02888542413711548,0.042071383446455,-0.013185959309339523
C(C1CN2CCC1CC2)N1c2ccccc2Sc2ccccc12,HELA,[15*]C1CN2CCC1CC2,0.0134565569460392,0.030522413551807404,-0.017065856605768204
C(C1CN2CCC1CC2)N1c2ccccc2Sc2ccccc12,HELA,[5*]N1c2ccccc2Sc2ccccc21,0.0134565569460392,0.025988426059484482,-0.012531869113445282
C(C1CN2CCC1CC2)N1c2ccccc2Sc2ccccc12,HELA,[4*]C[8*],0.0134565569460392,0.026874586939811707,-0.013418029993772507
CCN(CC)CCOC(=O)C(CC1CCCO1)Cc1cccc2ccccc12,HELA,[16*]c1cccc2ccccc12,0.020244315266609192,0.03027253970503807,-0.010028224438428879
CCN(CC)CCOC(=O)C(CC1CCCO1)Cc1cccc2ccccc12,HELA,[5*]N([5*])[5*],0.020244315266609192,0.031060878187417984,-0.010816562920808792
CCN(CC)CCOC(=O)C(CC1CCCO1)Cc1cccc2ccccc12,HELA,[1*]C(=O)C(C[8*])C[8*],0.020244315266609192,0.03692943975329399,-0.0166851244866848
CCN(CC)CCOC(=O)C(CC1CCCO1)Cc1cccc2ccccc12,HELA,[3*]O[3*],0.020244315266609192,0.03928869590163231,-0.019044380635023117
CCN(CC)CCOC(=O)C(CC1CCCO1)Cc1cccc2ccccc12,HELA,[4*]CC,0.020244315266609192,0.0363873653113842,-0.01614305004477501
CCN(CC)CCOC(=O)C(CC1CCCO1)Cc1cccc2ccccc12,HELA,[4*]CC[4*],0.020244315266609192,0.03569887951016426,-0.015454564243555069
CCN(CC)CCOC(=O)C(CC1CCCO1)Cc1cccc2ccccc12,HELA,[13*]C1CCCO1,0.020244315266609192,0.03754565492272377,-0.017301339656114578
CC(C)CC(N)C1(CCC1)c1ccc(Cl)cc1,HELA,[15*]C1([15*])CCC1,0.01635034754872322,0.03128880634903908,-0.014938458800315857
CC(C)CC(N)C1(CCC1)c1ccc(Cl)cc1,HELA,[8*]C(N)CC(C)C,0.01635034754872322,0.030318330973386765,-0.013967983424663544
CC(C)CC(N)C1(CCC1)c1ccc(Cl)cc1,HELA,[16*]c1ccc(Cl)cc1,0.01635034754872322,0.027956128120422363,-0.011605780571699142
OC1(N2CCN=C2c2ccccc12)c1ccc(Cl)cc1,HELA,OC1(c2ccc(Cl)cc2)c2ccccc2C2=NCCN21,0.014428719878196716,0.023952335119247437,-0.00952361524105072
COc1ccc2c(O[C@@H]3C[C@@H]4C(C3)C(=O)N(C)CCCC\C=C/[C@@H]3C[C@]3(NC4=O)C(=O)NS(=O)(=O)C3CC3)cc(nc2c1C)-c1nc(cs1)C(C)C,HELA,[14*]c1csc([14*])n1,0.021187443286180496,0.028337251394987106,-0.00714980810880661
COc1ccc2c(O[C@@H]3C[C@@H]4C(C3)C(=O)N(C)CCCC\C=C/[C@@H]3C[C@]3(NC4=O)C(=O)NS(=O)(=O)C3CC3)cc(nc2c1C)-c1nc(cs1)C(C)C,HELA,[8*]C(C)C,0.021187443286180496,0.025062259286642075,-0.0038748160004615784
COc1ccc2c(O[C@@H]3C[C@@H]4C(C3)C(=O)N(C)CCCC\C=C/[C@@H]3C[C@]3(NC4=O)C(=O)NS(=O)(=O)C3CC3)cc(nc2c1C)-c1nc(cs1)C(C)C,HELA,[15*][C@H]1CC2C(=O)N(C)CCCC/C=C\[C@@H]3C[C@@]3([15*])NC(=O)[C@@H]2C1,0.021187443286180496,0.029500175267457962,-0.008312731981277466
COc1ccc2c(O[C@@H]3C[C@@H]4C(C3)C(=O)N(C)CCCC\C=C/[C@@H]3C[C@]3(NC4=O)C(=O)NS(=O)(=O)C3CC3)cc(nc2c1C)-c1nc(cs1)C(C)C,HELA,[12*]S(=O)(=O)C1CC1,0.021187443286180496,0.02890470251441002,-0.007717259228229523
COc1ccc2c(O[C@@H]3C[C@@H]4C(C3)C(=O)N(C)CCCC\C=C/[C@@H]3C[C@]3(NC4=O)C(=O)NS(=O)(=O)C3CC3)cc(nc2c1C)-c1nc(cs1)C(C)C,HELA,[1*]C([6*])=O,0.021187443286180496,0.027637191116809845,-0.006449747830629349
COc1ccc2c(O[C@@H]3C[C@@H]4C(C3)C(=O)N(C)CCCC\C=C/[C@@H]3C[C@]3(NC4=O)C(=O)NS(=O)(=O)C3CC3)cc(nc2c1C)-c1nc(cs1)C(C)C,HELA,[13*][C@@]12C[C@H]1/C=C\CCCCN(C)C(=O)C1C[C@H]([15*])C[C@H]1C(=O)N2,0.021187443286180496,0.02870258316397667,-0.007515139877796173
COc1ccc2c(O[C@@H]3C[C@@H]4C(C3)C(=O)N(C)CCCC\C=C/[C@@H]3C[C@]3(NC4=O)C(=O)NS(=O)(=O)C3CC3)cc(nc2c1C)-c1nc(cs1)C(C)C,HELA,[3*]O[3*],0.021187443286180496,0.028026975691318512,-0.006839532405138016
COc1ccc2c(O[C@@H]3C[C@@H]4C(C3)C(=O)N(C)CCCC\C=C/[C@@H]3C[C@]3(NC4=O)C(=O)NS(=O)(=O)C3CC3)cc(nc2c1C)-c1nc(cs1)C(C)C,HELA,[14*]c1cc([16*])c2ccc([16*])c(C)c2n1,0.021187443286180496,0.028026975691318512,-0.006839532405138016
COc1ccc2c(O[C@@H]3C[C@@H]4C(C3)C(=O)N(C)CCCC\C=C/[C@@H]3C[C@]3(NC4=O)C(=O)NS(=O)(=O)C3CC3)cc(nc2c1C)-c1nc(cs1)C(C)C,HELA,[5*]N[5*],0.021187443286180496,0.028026975691318512,-0.006839532405138016
COc1ccc2c(O[C@@H]3C[C@@H]4C(C3)C(=O)N(C)CCCC\C=C/[C@@H]3C[C@]3(NC4=O)C(=O)NS(=O)(=O)C3CC3)cc(nc2c1C)-c1nc(cs1)C(C)C,HELA,[3*]OC,0.021187443286180496,0.028026975691318512,-0.006839532405138016
CN1CCCC(CC1)n1nc(Cc2ccc(Cl)cc2)c2ccccc2c1=O,HELA,[8*]C[8*],0.02299322932958603,0.027766190469264984,-0.004772961139678955
CN1CCCC(CC1)n1nc(Cc2ccc(Cl)cc2)c2ccccc2c1=O,HELA,[9*]n1nc([14*])c2ccccc2c1=O,0.02299322932958603,0.03743501380085945,-0.014441784471273422
CN1CCCC(CC1)n1nc(Cc2ccc(Cl)cc2)c2ccccc2c1=O,HELA,[15*]C1CCCN(C)CC1,0.02299322932958603,0.026794392615556717,-0.003801163285970688
CN1CCCC(CC1)n1nc(Cc2ccc(Cl)cc2)c2ccccc2c1=O,HELA,[16*]c1ccc(Cl)cc1,0.02299322932958603,0.02892296388745308,-0.00592973455786705
Clc1ccc(cc1Cl)C12CC1CNC2,HELA,[15*]C12CNCC1C2,0.011979501694440842,0.025103140622377396,-0.013123638927936554
Clc1ccc(cc1Cl)C12CC1CNC2,HELA,[16*]c1ccc(Cl)c(Cl)c1,0.011979501694440842,0.031270116567611694,-0.019290614873170853
COC1C(O)[C@@H](O)C(O)C(O)[C@H]1O,HELA,[15*]C1C(O)[C@@H](O)C(O)C(O)[C@H]1O,0.018682781606912613,0.03153529390692711,-0.012852512300014496
COC1C(O)[C@@H](O)C(O)C(O)[C@H]1O,HELA,[3*]OC,0.018682781606912613,0.022231224924325943,-0.00354844331741333
COc1ccc(cc1)C1Sc2ccccc2N(CCN(C)C)C(=O)C1OC(C)=O,HELA,[4*]CCN1C(=O)C([15*])C([13*])Sc2ccccc21,0.022522486746311188,0.032607290893793106,-0.010084804147481918
COc1ccc(cc1)C1Sc2ccccc2N(CCN(C)C)C(=O)C1OC(C)=O,HELA,[3*]O[3*],0.022522486746311188,0.033094797283411026,-0.010572310537099838
COc1ccc(cc1)C1Sc2ccccc2N(CCN(C)C)C(=O)C1OC(C)=O,HELA,[5*]N(C)C,0.022522486746311188,0.03314638510346413,-0.010623898357152939
COc1ccc(cc1)C1Sc2ccccc2N(CCN(C)C)C(=O)C1OC(C)=O,HELA,[16*]c1ccc([16*])cc1,0.022522486746311188,0.031526174396276474,-0.009003687649965286
COc1ccc(cc1)C1Sc2ccccc2N(CCN(C)C)C(=O)C1OC(C)=O,HELA,[1*]C(C)=O,0.022522486746311188,0.03561064228415489,-0.013088155537843704
COc1ccc(cc1)C1Sc2ccccc2N(CCN(C)C)C(=O)C1OC(C)=O,HELA,[3*]OC,0.022522486746311188,0.03485903516411781,-0.012336548417806625
C[C@@H]1CC2C3CCC4=CC(=O)C=CC4(C)[C@]3(F)[C@@H](O)CC2(C)[C@]1(O)C(=O)CO,HELA,[15*][C@]1(O)[C@H](C)CC2C3CCC4=CC(=O)C=CC4(C)[C@]3(F)[C@@H](O)CC21C,0.01779007911682129,0.010499786585569382,0.007290292531251907
C[C@@H]1CC2C3CCC4=CC(=O)C=CC4(C)[C@]3(F)[C@@H](O)CC2(C)[C@]1(O)C(=O)CO,HELA,[6*]C(=O)CO,0.01779007911682129,0.018914107233285904,-0.0011240281164646149
CC(O)Cn1c(C)ncc1[N+]([O-])=O,HELA,[9*]n1c([N+](=O)[O-])cnc1C,0.015428420156240463,0.029818765819072723,-0.01439034566283226
CC(O)Cn1c(C)ncc1[N+]([O-])=O,HELA,[8*]CC(C)O,0.015428420156240463,0.019490953534841537,-0.004062533378601074
C[C@]12CCC3C(CCc4cc(OC(=O)N(CCCl)CCCl)ccc34)C1CC[C@@H]2O,HELA,[4*]CCCl,0.01981215551495552,0.03492238000035286,-0.015110224485397339
C[C@]12CCC3C(CCc4cc(OC(=O)N(CCCl)CCCl)ccc34)C1CC[C@@H]2O,HELA,[5*]N([5*])[5*],0.01981215551495552,0.03231716528534889,-0.012505009770393372
C[C@]12CCC3C(CCc4cc(OC(=O)N(CCCl)CCCl)ccc34)C1CC[C@@H]2O,HELA,[16*]c1ccc2c(c1)CCC1C2CC[C@@]2(C)C1CC[C@@H]2O,0.01981215551495552,0.0337723009288311,-0.01396014541387558
C[C@]12CCC3C(CCc4cc(OC(=O)N(CCCl)CCCl)ccc34)C1CC[C@@H]2O,HELA,[3*]O[3*],0.01981215551495552,0.03863814100623131,-0.018825985491275787
C[C@]12CCC3C(CCc4cc(OC(=O)N(CCCl)CCCl)ccc34)C1CC[C@@H]2O,HELA,[1*]C([1*])=O,0.01981215551495552,0.035832878202199936,-0.016020722687244415
COc1cc(Br)c(C[N+]2(CCOCCC3CC[C@H]4C[C@@H]3C4(C)C)CCOCC2)cc1OC,HELA,[15*]C1CC[C@H]2C[C@@H]1C2(C)C,0.02990083396434784,0.042025286704301834,-0.012124452739953995
COc1cc(Br)c(C[N+]2(CCOCCC3CC[C@H]4C[C@@H]3C4(C)C)CCOCC2)cc1OC,HELA,[4*]C[8*],0.02990083396434784,0.041896168142557144,-0.011995334178209305
COc1cc(Br)c(C[N+]2(CCOCCC3CC[C@H]4C[C@@H]3C4(C)C)CCOCC2)cc1OC,HELA,[5*][N+]1([5*])CCOCC1,0.02990083396434784,0.04479484632611275,-0.014894012361764908
COc1cc(Br)c(C[N+]2(CCOCCC3CC[C@H]4C[C@@H]3C4(C)C)CCOCC2)cc1OC,HELA,[16*]c1cc([16*])c(Br)cc1[16*],0.02990083396434784,0.03291657939553261,-0.0030157454311847687
COc1cc(Br)c(C[N+]2(CCOCCC3CC[C@H]4C[C@@H]3C4(C)C)CCOCC2)cc1OC,HELA,[3*]O[3*],0.02990083396434784,0.04643528535962105,-0.01653445139527321
COc1cc(Br)c(C[N+]2(CCOCCC3CC[C@H]4C[C@@H]3C4(C)C)CCOCC2)cc1OC,HELA,[4*]CC[8*],0.02990083396434784,0.045188192278146744,-0.015287358313798904
COc1cc(Br)c(C[N+]2(CCOCCC3CC[C@H]4C[C@@H]3C4(C)C)CCOCC2)cc1OC,HELA,[4*]CC[4*],0.02990083396434784,0.045130934566259384,-0.015230100601911545
COc1cc(Br)c(C[N+]2(CCOCCC3CC[C@H]4C[C@@H]3C4(C)C)CCOCC2)cc1OC,HELA,[3*]OC,0.02990083396434784,0.04452626779675484,-0.014625433832406998
COP(=O)(OC)OC(c1ccc(Cl)cc1)P(=O)(OC)OC,HELA,[4*]C([8*])P(=O)(OC)OC,0.02222074568271637,0.029241502285003662,-0.0070207566022872925
COP(=O)(OC)OC(c1ccc(Cl)cc1)P(=O)(OC)OC,HELA,[16*]c1ccc(Cl)cc1,0.02222074568271637,0.01647704839706421,0.005743697285652161
COP(=O)(OC)OC(c1ccc(Cl)cc1)P(=O)(OC)OC,HELA,[3*]OP(=O)(OC)OC,0.02222074568271637,0.024175994098186493,-0.0019552484154701233
CN1CC(CNC(=O)OCc2ccccc2)C[C@@H]2C1Cc1cn(C)c3cccc2c13,HELA,[15*]C1C[C@H]2c3cccc4c3c(cn4C)CC2N(C)C1,0.026392236351966858,0.029656950384378433,-0.0032647140324115753
CN1CC(CNC(=O)OCc2ccccc2)C[C@@H]2C1Cc1cn(C)c3cccc2c13,HELA,[16*]c1ccccc1,0.026392236351966858,0.042707521468400955,-0.016315285116434097
CN1CC(CNC(=O)OCc2ccccc2)C[C@@H]2C1Cc1cn(C)c3cccc2c13,HELA,[4*]C[8*],0.026392236351966858,0.04483528807759285,-0.018443051725625992
CN1CC(CNC(=O)OCc2ccccc2)C[C@@H]2C1Cc1cn(C)c3cccc2c13,HELA,[3*]O[3*],0.026392236351966858,0.04790804162621498,-0.021515805274248123
CN1CC(CNC(=O)OCc2ccccc2)C[C@@H]2C1Cc1cn(C)c3cccc2c13,HELA,[5*]N[5*],0.026392236351966858,0.04302496835589409,-0.01663273200392723
CN1CC(CNC(=O)OCc2ccccc2)C[C@@H]2C1Cc1cn(C)c3cccc2c13,HELA,[1*]C([1*])=O,0.026392236351966858,0.04469349607825279,-0.018301259726285934
C[N+](C)(C)CCOP(O)(=O)OC[C@H](O)CO,HELA,[4*]C[C@H](O)CO,0.02211514487862587,0.02480892464518547,-0.002693779766559601
C[N+](C)(C)CCOP(O)(=O)OC[C@H](O)CO,HELA,[4*]CC[4*],0.02211514487862587,0.028512228280305862,-0.006397083401679993
C[N+](C)(C)CCOP(O)(=O)OC[C@H](O)CO,HELA,[3*]OP(=O)(O)O[3*],0.02211514487862587,0.02964150533080101,-0.00752636045217514
C[N+](C)(C)CCOP(O)(=O)OC[C@H](O)CO,HELA,[5*][N+](C)(C)C,0.02211514487862587,0.024353522807359695,-0.0022383779287338257
CC[C@H](C1OC(CC)(C[C@@H]1C)C1CC[C@](O)(CC)[C@H](C)O1)C(=O)C(C)[C@@H](O)[C@H](C)CCc1ccc(C)c(O)c1C(O)=O,HELA,[16*]c1ccc(C)c(O)c1[16*],0.02526581659913063,0.02801789715886116,-0.00275208055973053
CC[C@H](C1OC(CC)(C[C@@H]1C)C1CC[C@](O)(CC)[C@H](C)O1)C(=O)C(C)[C@@H](O)[C@H](C)CCc1ccc(C)c(O)c1C(O)=O,HELA,[6*]C(=O)O,0.02526581659913063,0.03073221817612648,-0.00546640157699585
CC[C@H](C1OC(CC)(C[C@@H]1C)C1CC[C@](O)(CC)[C@H](C)O1)C(=O)C(C)[C@@H](O)[C@H](C)CCc1ccc(C)c(O)c1C(O)=O,HELA,[13*]C1OC([13*])(C2CC[C@@]([15*])(O)[C@H](C)O2)C[C@@H]1C,0.02526581659913063,0.02953118458390236,-0.0042653679847717285
CC[C@H](C1OC(CC)(C[C@@H]1C)C1CC[C@](O)(CC)[C@H](C)O1)C(=O)C(C)[C@@H](O)[C@H](C)CCc1ccc(C)c(O)c1C(O)=O,HELA,[8*]CC[C@@H](C)[C@H](O)C(C)C(=O)[C@@H]([8*])CC,0.02526581659913063,0.03461306169629097,-0.00934724509716034
CC[C@H](C1OC(CC)(C[C@@H]1C)C1CC[C@](O)(CC)[C@H](C)O1)C(=O)C(C)[C@@H](O)[C@H](C)CCc1ccc(C)c(O)c1C(O)=O,HELA,[8*]CC,0.02526581659913063,0.029728300869464874,-0.004462484270334244
CC(C)(C(O)=O)c1ccc(cc1)C(O)CCCN1CCC(CC1)C(O)(c1ccccc1)c1ccccc1,HELA,[5*]N1CCC([15*])CC1,0.023055117577314377,0.03236278519034386,-0.00930766761302948
CC(C)(C(O)=O)c1ccc(cc1)C(O)CCCN1CCC(CC1)C(O)(c1ccccc1)c1ccccc1,HELA,[16*]c1ccccc1,0.023055117577314377,0.03195423260331154,-0.008899115025997162
CC(C)(C(O)=O)c1ccc(cc1)C(O)CCCN1CCC(CC1)C(O)(c1ccccc1)c1ccccc1,HELA,[4*]CCCC([8*])O,0.023055117577314377,0.03648487105965614,-0.013429753482341766
CC(C)(C(O)=O)c1ccc(cc1)C(O)CCCN1CCC(CC1)C(O)(c1ccccc1)c1ccccc1,HELA,[8*]C([8*])([8*])O,0.023055117577314377,0.03249320015311241,-0.009438082575798035
CC(C)(C(O)=O)c1ccc(cc1)C(O)CCCN1CCC(CC1)C(O)(c1ccccc1)c1ccccc1,HELA,[16*]c1ccc([16*])cc1,0.023055117577314377,0.031369369477033615,-0.008314251899719238
CC(C)(C(O)=O)c1ccc(cc1)C(O)CCCN1CCC(CC1)C(O)(c1ccccc1)c1ccccc1,HELA,[8*]C(C)(C)C(=O)O,0.023055117577314377,0.036148834973573685,-0.013093717396259308
OCC(O)C(O)C(O)C(=O)CO,HELA,O=C(CO)C(O)C(O)C(O)CO,0.015798810869455338,0.023952335119247437,-0.008153524249792099
C[C@]12CCC3C(CC(=C)C4=CC(=O)C=C[C@]34C)C1CCC2=O,HELA,C=C1CC2C(CC[C@]3(C)C(=O)CCC23)[C@@]2(C)C=CC(=O)C=C12,0.014086123555898666,0.023952335119247437,-0.00986621156334877
NC(=O)C1CCCc2c1[nH]c1ccc(Cl)cc21,HELA,NC(=O)C1CCCc2c1[nH]c1ccc(Cl)cc21,0.018097463995218277,0.023952335119247437,-0.0058548711240291595
CCCCCCCN(CC)CCCC(O)c1ccc(NS(C)(=O)=O)cc1,HELA,[4*]CCCC([8*])O,0.017888393253087997,0.02978719398379326,-0.011898800730705261
CCCCCCCN(CC)CCCC(O)c1ccc(NS(C)(=O)=O)cc1,HELA,[5*]N([5*])[5*],0.017888393253087997,0.02643938735127449,-0.008550994098186493
CCCCCCCN(CC)CCCC(O)c1ccc(NS(C)(=O)=O)cc1,HELA,[4*]CCCCCCC,0.017888393253087997,0.03142896667122841,-0.013540573418140411
CCCCCCCN(CC)CCCC(O)c1ccc(NS(C)(=O)=O)cc1,HELA,[5*]N[5*],0.017888393253087997,0.028656329959630966,-0.010767936706542969
CCCCCCCN(CC)CCCC(O)c1ccc(NS(C)(=O)=O)cc1,HELA,[12*]S(C)(=O)=O,0.017888393253087997,0.036499615758657455,-0.018611222505569458
CCCCCCCN(CC)CCCC(O)c1ccc(NS(C)(=O)=O)cc1,HELA,[16*]c1ccc([16*])cc1,0.017888393253087997,0.03149000182747841,-0.013601608574390411
CCCCCCCN(CC)CCCC(O)c1ccc(NS(C)(=O)=O)cc1,HELA,[4*]CC,0.017888393253087997,0.03213278576731682,-0.01424439251422882
CCc1cccc2c3CCOC(CC)(CC(O)=O)c3[nH]c12,HELA,[8*]CC,0.024709457531571388,0.023036018013954163,0.0016734395176172256
CCc1cccc2c3CCOC(CC)(CC(O)=O)c3[nH]c12,HELA,[16*]c1cccc2c3c([nH]c12)C(CC)(CC(=O)O)OCC3,0.024709457531571388,0.013637866824865341,0.011071590706706047
Nc1nc(N)c2nc(CC(CC#C)c3ccc(cc3)C(=O)N[C@@H](CCC(O)=O)C(O)=O)cnc2n1,HELA,[8*]CC([8*])CC#C,0.023316018283367157,0.031687889248132706,-0.008371870964765549
Nc1nc(N)c2nc(CC(CC#C)c3ccc(cc3)C(=O)N[C@@H](CCC(O)=O)C(O)=O)cnc2n1,HELA,[4*][C@@H](CCC(=O)O)C(=O)O,0.023316018283367157,0.03526795282959938,-0.011951934546232224
Nc1nc(N)c2nc(CC(CC#C)c3ccc(cc3)C(=O)N[C@@H](CCC(O)=O)C(O)=O)cnc2n1,HELA,[14*]c1cnc2nc(N)nc(N)c2n1,0.023316018283367157,0.02835577353835106,-0.005039755254983902
Nc1nc(N)c2nc(CC(CC#C)c3ccc(cc3)C(=O)N[C@@H](CCC(O)=O)C(O)=O)cnc2n1,HELA,[1*]C([6*])=O,0.023316018283367157,0.027958229184150696,-0.004642210900783539
Nc1nc(N)c2nc(CC(CC#C)c3ccc(cc3)C(=O)N[C@@H](CCC(O)=O)C(O)=O)cnc2n1,HELA,[16*]c1ccc([16*])cc1,0.023316018283367157,0.031297679990530014,-0.007981661707162857
Nc1nc(N)c2nc(CC(CC#C)c3ccc(cc3)C(=O)N[C@@H](CCC(O)=O)C(O)=O)cnc2n1,HELA,[5*]N[5*],0.023316018283367157,0.03285877779126167,-0.009542759507894516
COc1c(N2CCNC(C)C2)c(F)cc2c1n(cc(C(O)=O)c2=O)C1CC1,HELA,[9*]n1cc([16*])c(=O)c2cc(F)c([16*])c([16*])c21,0.027908876538276672,0.031084496527910233,-0.00317561998963356
COc1c(N2CCNC(C)C2)c(F)cc2c1n(cc(C(O)=O)c2=O)C1CC1,HELA,[6*]C(=O)O,0.027908876538276672,0.03561415150761604,-0.007705274969339371
COc1c(N2CCNC(C)C2)c(F)cc2c1n(cc(C(O)=O)c2=O)C1CC1,HELA,[5*]N1CCNC(C)C1,0.027908876538276672,0.030656229704618454,-0.0027473531663417816
COc1c(N2CCNC(C)C2)c(F)cc2c1n(cc(C(O)=O)c2=O)C1CC1,HELA,[15*]C1CC1,0.027908876538276672,0.03193932771682739,-0.00403045117855072
COc1c(N2CCNC(C)C2)c(F)cc2c1n(cc(C(O)=O)c2=O)C1CC1,HELA,[3*]OC,0.027908876538276672,0.03164338693022728,-0.0037345103919506073
C[C@]12C[C@H](O)C3C(CCC4=CC(=O)CC[C@]34C)C1CC[C@]2(O)C(=O)CO,HELA,[15*][C@@]1(O)CCC2C3CCC4=CC(=O)CC[C@]4(C)C3[C@@H](O)C[C@@]21C,0.022786203771829605,0.010499786585569382,0.012286417186260223
C[C@]12C[C@H](O)C3C(CCC4=CC(=O)CC[C@]34C)C1CC[C@]2(O)C(=O)CO,HELA,[6*]C(=O)CO,0.022786203771829605,0.016878820955753326,0.005907382816076279
CCCCCOc1ccc(cc1)-c1ccc(cc1)-c1ccc(cc1)C(=O)NC1CC(O)C(O)NC(=O)C2C(O)C(C)CN2C(=O)C(NC(=O)C(NC(=O)C2CC(O)CN2C(=O)C(NC1=O)C(C)O)C(O)C(O)c1ccc(O)cc1)C(C)O,HELA,[16*]c1ccc(O)cc1,0.023898687213659286,0.024651531130075455,-0.0007528439164161682
CCCCCOc1ccc(cc1)-c1ccc(cc1)-c1ccc(cc1)C(=O)NC1CC(O)C(O)NC(=O)C2C(O)C(C)CN2C(=O)C(NC(=O)C(NC(=O)C2CC(O)CN2C(=O)C(NC1=O)C(C)O)C(O)C(O)c1ccc(O)cc1)C(C)O,HELA,[4*]CCCCC,0.023898687213659286,0.02427726611495018,-0.00037857890129089355
CCCCCOc1ccc(cc1)-c1ccc(cc1)-c1ccc(cc1)C(=O)NC1CC(O)C(O)NC(=O)C2C(O)C(C)CN2C(=O)C(NC(=O)C(NC(=O)C2CC(O)CN2C(=O)C(NC1=O)C(C)O)C(O)C(O)c1ccc(O)cc1)C(C)O,HELA,[13*]C1NC(=O)C2CC(O)CN2C(=O)C([13*])NC(=O)C([15*])CC(O)C(O)NC(=O)C2C(O)C(C)CN2C(=O)C([13*])NC1=O,0.023898687213659286,0.033500295132398605,-0.009601607918739319
CCCCCOc1ccc(cc1)-c1ccc(cc1)-c1ccc(cc1)C(=O)NC1CC(O)C(O)NC(=O)C2C(O)C(C)CN2C(=O)C(NC(=O)C(NC(=O)C2CC(O)CN2C(=O)C(NC1=O)C(C)O)C(O)C(O)c1ccc(O)cc1)C(C)O,HELA,[1*]C([6*])=O,0.023898687213659286,0.020341098308563232,0.003557588905096054
CCCCCOc1ccc(cc1)-c1ccc(cc1)-c1ccc(cc1)C(=O)NC1CC(O)C(O)NC(=O)C2C(O)C(C)CN2C(=O)C(NC(=O)C(NC(=O)C2CC(O)CN2C(=O)C(NC1=O)C(C)O)C(O)C(O)c1ccc(O)cc1)C(C)O,HELA,[8*]C(C)O,0.023898687213659286,0.020540479570627213,0.003358207643032074
CCCCCOc1ccc(cc1)-c1ccc(cc1)-c1ccc(cc1)C(=O)NC1CC(O)C(O)NC(=O)C2C(O)C(C)CN2C(=O)C(NC(=O)C(NC(=O)C2CC(O)CN2C(=O)C(NC1=O)C(C)O)C(O)C(O)c1ccc(O)cc1)C(C)O,HELA,[3*]O[3*],0.023898687213659286,0.020473305135965347,0.003425382077693939
CCCCCOc1ccc(cc1)-c1ccc(cc1)-c1ccc(cc1)C(=O)NC1CC(O)C(O)NC(=O)C2C(O)C(C)CN2C(=O)C(NC(=O)C(NC(=O)C2CC(O)CN2C(=O)C(NC1=O)C(C)O)C(O)C(O)c1ccc(O)cc1)C(C)O,HELA,[8*]C(O)C([8*])O,0.023898687213659286,0.019382815808057785,0.0045158714056015015
CCCCCOc1ccc(cc1)-c1ccc(cc1)-c1ccc(cc1)C(=O)NC1CC(O)C(O)NC(=O)C2C(O)C(C)CN2C(=O)C(NC(=O)C(NC(=O)C2CC(O)CN2C(=O)C(NC1=O)C(C)O)C(O)C(O)c1ccc(O)cc1)C(C)O,HELA,[5*]N[5*],0.023898687213659286,0.019382815808057785,0.0045158714056015015
CCCCCOc1ccc(cc1)-c1ccc(cc1)-c1ccc(cc1)C(=O)NC1CC(O)C(O)NC(=O)C2C(O)C(C)CN2C(=O)C(NC(=O)C(NC(=O)C2CC(O)CN2C(=O)C(NC1=O)C(C)O)C(O)C(O)c1ccc(O)cc1)C(C)O,HELA,[16*]c1ccc([16*])cc1,0.023898687213659286,0.019382815808057785,0.0045158714056015015
CC(N)C12CC3CC(CC(C3)C1)C2,HELA,[8*]C(C)N,0.014379654079675674,0.020924940705299377,-0.006545286625623703
CC(N)C12CC3CC(CC(C3)C1)C2,HELA,[15*]C12CC3CC(CC(C3)C1)C2,0.014379654079675674,0.02899809554219246,-0.014618441462516785
CC(C)(C)NCC(O)c1cc(Cl)c(N)c(Cl)c1,HELA,[4*]CC([8*])O,0.01993267610669136,0.03331310674548149,-0.01338043063879013
CC(C)(C)NCC(O)c1cc(Cl)c(N)c(Cl)c1,HELA,[16*]c1cc(Cl)c(N)c(Cl)c1,0.01993267610669136,0.028684865683317184,-0.008752189576625824
CC(C)(C)NCC(O)c1cc(Cl)c(N)c(Cl)c1,HELA,[4*]C(C)(C)C,0.01993267610669136,0.029026616364717484,-0.009093940258026123
CC(C)(C)NCC(O)c1cc(Cl)c(N)c(Cl)c1,HELA,[5*]N[5*],0.01993267610669136,0.026675734668970108,-0.0067430585622787476
C[C@@H]1O[C@@H](OC[C@H]2OC(Oc3c(oc4cc(O)cc(O)c4c3=O)-c3ccc(O)c(O)c3)[C@H](O)[C@@H](O)[C@@H]2O)[C@H](O)[C@H](O)[C@H]1O,HELA,[13*]C1O[C@H]([13*])[C@@H](O)[C@H](O)[C@H]1O,0.03212093189358711,0.03022298589348793,0.0018979460000991821
C[C@@H]1O[C@@H](OC[C@H]2OC(Oc3c(oc4cc(O)cc(O)c4c3=O)-c3ccc(O)c(O)c3)[C@H](O)[C@@H](O)[C@@H]2O)[C@H](O)[C@H](O)[C@H]1O,HELA,[13*][C@@H]1O[C@@H](C)[C@H](O)[C@@H](O)[C@H]1O,0.03212093189358711,0.03203614801168442,8.47838819026947e-05
C[C@@H]1O[C@@H](OC[C@H]2OC(Oc3c(oc4cc(O)cc(O)c4c3=O)-c3ccc(O)c(O)c3)[C@H](O)[C@@H](O)[C@@H]2O)[C@H](O)[C@H](O)[C@H]1O,HELA,[4*]C[8*],0.03212093189358711,0.029613807797431946,0.0025071240961551666
C[C@@H]1O[C@@H](OC[C@H]2OC(Oc3c(oc4cc(O)cc(O)c4c3=O)-c3ccc(O)c(O)c3)[C@H](O)[C@@H](O)[C@@H]2O)[C@H](O)[C@H](O)[C@H]1O,HELA,[3*]O[3*],0.03212093189358711,0.03053809329867363,0.0015828385949134827
C[C@@H]1O[C@@H](OC[C@H]2OC(Oc3c(oc4cc(O)cc(O)c4c3=O)-c3ccc(O)c(O)c3)[C@H](O)[C@@H](O)[C@@H]2O)[C@H](O)[C@H](O)[C@H]1O,HELA,[16*]c1ccc(O)c(O)c1,0.03212093189358711,0.029811948537826538,0.0023089833557605743
C[C@@H]1O[C@@H](OC[C@H]2OC(Oc3c(oc4cc(O)cc(O)c4c3=O)-c3ccc(O)c(O)c3)[C@H](O)[C@@H](O)[C@@H]2O)[C@H](O)[C@H](O)[C@H]1O,HELA,[14*]c1oc2cc(O)cc(O)c2c(=O)c1[16*],0.03212093189358711,0.031665150076150894,0.00045578181743621826
CCCC[C@@H](C)\C=C(C)\C=C(/C)C(=O)NC1=C[C@@](O)(\C=C\C=C\C=C\C(=O)NC2C(=O)CCC2=O)[C@@H]2OC2C1=O,HELA,[7*]CC([7*])C,0.025345858186483383,0.03158027306199074,-0.006234414875507355
CCCC[C@@H](C)\C=C(C)\C=C(/C)C(=O)NC1=C[C@@](O)(\C=C\C=C\C=C\C(=O)NC2C(=O)CCC2=O)[C@@H]2OC2C1=O,HELA,[7*]C[C@H](C)CCCC,0.025345858186483383,0.03204536810517311,-0.006699509918689728
CCCC[C@@H](C)\C=C(C)\C=C(/C)C(=O)NC1=C[C@@](O)(\C=C\C=C\C=C\C(=O)NC2C(=O)CCC2=O)[C@@H]2OC2C1=O,HELA,[7*]C[8*],0.025345858186483383,0.03162296488881111,-0.006277106702327728
CCCC[C@@H](C)\C=C(C)\C=C(/C)C(=O)NC1=C[C@@](O)(\C=C\C=C\C=C\C(=O)NC2C(=O)CCC2=O)[C@@H]2OC2C1=O,HELA,[15*]C1C(=O)CCC1=O,0.025345858186483383,0.03278272971510887,-0.007436871528625488
CCCC[C@@H](C)\C=C(C)\C=C(/C)C(=O)NC1=C[C@@](O)(\C=C\C=C\C=C\C(=O)NC2C(=O)CCC2=O)[C@@H]2OC2C1=O,HELA,[5*]N[5*],0.025345858186483383,0.02999528869986534,-0.004649430513381958
CCCC[C@@H](C)\C=C(C)\C=C(/C)C(=O)NC1=C[C@@](O)(\C=C\C=C\C=C\C(=O)NC2C(=O)CCC2=O)[C@@H]2OC2C1=O,HELA,[7*]CC[7*],0.025345858186483383,0.030378524214029312,-0.005032666027545929
CCCC[C@@H](C)\C=C(C)\C=C(/C)C(=O)NC1=C[C@@](O)(\C=C\C=C\C=C\C(=O)NC2C(=O)CCC2=O)[C@@H]2OC2C1=O,HELA,[1*]C(=O)C[7*],0.025345858186483383,0.03141747787594795,-0.006071619689464569
CCCC[C@@H](C)\C=C(C)\C=C(/C)C(=O)NC1=C[C@@](O)(\C=C\C=C\C=C\C(=O)NC2C(=O)CCC2=O)[C@@H]2OC2C1=O,HELA,[1*]C(=O)C([7*])C,0.025345858186483383,0.03144783899188042,-0.006101980805397034
CCCC[C@@H](C)\C=C(C)\C=C(/C)C(=O)NC1=C[C@@](O)(\C=C\C=C\C=C\C(=O)NC2C(=O)CCC2=O)[C@@H]2OC2C1=O,HELA,[5*]NC1=C[C@]([15*])(O)[C@@H]2OC2C1=O,0.025345858186483383,0.029535774141550064,-0.004189915955066681
N=C1NC(=O)N2CC12,HELA,N=C1NC(=O)N2CC12,0.01817018911242485,0.023952335119247437,-0.005782146006822586
CNC(=O)c1cnn(c1)-c1nc(N)c2ncn([C@@H]3O[C@H](CO)C(O)C3O)c2n1,HELA,[13*][C@@H]1O[C@H]([13*])C(O)C1O,0.024992331862449646,0.029746536165475845,-0.004754204303026199
CNC(=O)c1cnn(c1)-c1nc(N)c2ncn([C@@H]3O[C@H](CO)C(O)C3O)c2n1,HELA,[5*]NC,0.024992331862449646,0.0341753326356411,-0.009183000773191452
CNC(=O)c1cnn(c1)-c1nc(N)c2ncn([C@@H]3O[C@H](CO)C(O)C3O)c2n1,HELA,[9*]n1cnc2c(N)nc([14*])nc21,0.024992331862449646,0.029591720551252365,-0.004599388688802719
CNC(=O)c1cnn(c1)-c1nc(N)c2ncn([C@@H]3O[C@H](CO)C(O)C3O)c2n1,HELA,[1*]C([6*])=O,0.024992331862449646,0.03518209233880043,-0.010189760476350784
CNC(=O)c1cnn(c1)-c1nc(N)c2ncn([C@@H]3O[C@H](CO)C(O)C3O)c2n1,HELA,[8*]CO,0.024992331862449646,0.037678997963666916,-0.01268666610121727
CNC(=O)c1cnn(c1)-c1nc(N)c2ncn([C@@H]3O[C@H](CO)C(O)C3O)c2n1,HELA,[9*]n1cc([16*])cn1,0.024992331862449646,0.0352078340947628,-0.010215502232313156
CO[C@]1(NC(=O)C2SC(S2)=C(C(N)=O)C(O)=O)C2SCC(CSc3nnnn3C)=C(N2C1=O)C(O)=O,HELA,[13*]C1SC(=C(C(N)=O)C(=O)O)S1,0.026639603078365326,0.033267464488744736,-0.00662786141037941
CO[C@]1(NC(=O)C2SC(S2)=C(C(N)=O)C(O)=O)C2SCC(CSc3nnnn3C)=C(N2C1=O)C(O)=O,HELA,[14*]c1nnnn1C,0.026639603078365326,0.025391992181539536,0.0012476108968257904
CO[C@]1(NC(=O)C2SC(S2)=C(C(N)=O)C(O)=O)C2SCC(CSc3nnnn3C)=C(N2C1=O)C(O)=O,HELA,[4*]CC1=C(C(=O)O)N2C(=O)C([15*])([15*])C2SC1,0.026639603078365326,0.03601740673184395,-0.009377803653478622
CO[C@]1(NC(=O)C2SC(S2)=C(C(N)=O)C(O)=O)C2SCC(CSc3nnnn3C)=C(N2C1=O)C(O)=O,HELA,[1*]C([6*])=O,0.026639603078365326,0.03025433048605919,-0.003614727407693863
CO[C@]1(NC(=O)C2SC(S2)=C(C(N)=O)C(O)=O)C2SCC(CSc3nnnn3C)=C(N2C1=O)C(O)=O,HELA,[5*]N[5*],0.026639603078365326,0.027706880122423172,-0.001067277044057846
CO[C@]1(NC(=O)C2SC(S2)=C(C(N)=O)C(O)=O)C2SCC(CSc3nnnn3C)=C(N2C1=O)C(O)=O,HELA,[11*]S[11*],0.026639603078365326,0.03029368445277214,-0.0036540813744068146
CO[C@]1(NC(=O)C2SC(S2)=C(C(N)=O)C(O)=O)C2SCC(CSc3nnnn3C)=C(N2C1=O)C(O)=O,HELA,[3*]OC,0.026639603078365326,0.028247717767953873,-0.0016081146895885468
CN1CCOC(c2ccccc2)c2ccccc2C1,HELA,CN1CCOC(c2ccccc2)c2ccccc2C1,0.013568740338087082,0.023952335119247437,-0.010383594781160355
Nc1nccc2n(cnc12)[C@@H]1O[C@H](CO)C(O)C1O,HELA,[8*]CO,0.020413950085639954,0.01583784818649292,0.004576101899147034
Nc1nccc2n(cnc12)[C@@H]1O[C@H](CO)C(O)C1O,HELA,[13*][C@@H]1O[C@H]([13*])C(O)C1O,0.020413950085639954,0.02658206596970558,-0.006168115884065628
Nc1nccc2n(cnc12)[C@@H]1O[C@H](CO)C(O)C1O,HELA,[9*]n1cnc2c(N)nccc21,0.020413950085639954,0.022648729383945465,-0.0022347792983055115
COc1ccc(OC)c(c1)C(O)CNC(=O)CN,HELA,[1*]C(=O)CN,0.027047760784626007,0.036442194133996964,-0.009394433349370956
COc1ccc(OC)c(c1)C(O)CNC(=O)CN,HELA,[4*]CC([8*])O,0.027047760784626007,0.04028267040848732,-0.013234909623861313
COc1ccc(OC)c(c1)C(O)CNC(=O)CN,HELA,[5*]N[5*],0.027047760784626007,0.03653395548462868,-0.00948619470000267
COc1ccc(OC)c(c1)C(O)CNC(=O)CN,HELA,[16*]c1ccc([16*])c([16*])c1,0.027047760784626007,0.03539959713816643,-0.00835183635354042
COc1ccc(OC)c(c1)C(O)CNC(=O)CN,HELA,[3*]OC,0.027047760784626007,0.0346827395260334,-0.007634978741407394
NS(=O)(=O)c1cc2c(NC(Cc3ccccc3)NS2(=O)=O)cc1C(F)(F)F,HELA,[8*]C[8*],0.022032594308257103,0.01892213523387909,0.0031104590743780136
NS(=O)(=O)c1cc2c(NC(Cc3ccccc3)NS2(=O)=O)cc1C(F)(F)F,HELA,[16*]c1ccccc1,0.022032594308257103,0.019995905458927155,0.0020366888493299484
NS(=O)(=O)c1cc2c(NC(Cc3ccccc3)NS2(=O)=O)cc1C(F)(F)F,HELA,[13*]C1Nc2cc([16*])c(S(N)(=O)=O)cc2S(=O)(=O)N1,0.022032594308257103,0.024090103805065155,-0.002057509496808052
NS(=O)(=O)c1cc2c(NC(Cc3ccccc3)NS2(=O)=O)cc1C(F)(F)F,HELA,[8*]C(F)(F)F,0.022032594308257103,0.016979314386844635,0.005053279921412468
CC(C)CC1N2C(=O)[C@](NC(=O)C3CN(C)[C@@H]4Cc5c(Br)[nH]c6cccc(C4=C3)c56)(OC2(O)[C@@H]2CCCN2C1=O)C(C)C,HELA,[8*]C(C)C,0.024370398372411728,0.03931279852986336,-0.01494240015745163
CC(C)CC1N2C(=O)[C@](NC(=O)C3CN(C)[C@@H]4Cc5c(Br)[nH]c6cccc(C4=C3)c56)(OC2(O)[C@@H]2CCCN2C1=O)C(C)C,HELA,[8*]CC(C)C,0.024370398372411728,0.03927277401089668,-0.014902375638484955
CC(C)CC1N2C(=O)[C@](NC(=O)C3CN(C)[C@@H]4Cc5c(Br)[nH]c6cccc(C4=C3)c56)(OC2(O)[C@@H]2CCCN2C1=O)C(C)C,HELA,[1*]C([6*])=O,0.024370398372411728,0.039258260279893875,-0.014887861907482147
CC(C)CC1N2C(=O)[C@](NC(=O)C3CN(C)[C@@H]4Cc5c(Br)[nH]c6cccc(C4=C3)c56)(OC2(O)[C@@H]2CCCN2C1=O)C(C)C,HELA,[5*]N[5*],0.024370398372411728,0.03772279992699623,-0.013352401554584503
CC(C)CC1N2C(=O)[C@](NC(=O)C3CN(C)[C@@H]4Cc5c(Br)[nH]c6cccc(C4=C3)c56)(OC2(O)[C@@H]2CCCN2C1=O)C(C)C,HELA,[4*][C@]1([13*])OC2(O)[C@@H]3CCCN3C(=O)C([13*])N2C1=O,0.024370398372411728,0.0420774407684803,-0.017707042396068573
CC(C)CC1N2C(=O)[C@](NC(=O)C3CN(C)[C@@H]4Cc5c(Br)[nH]c6cccc(C4=C3)c56)(OC2(O)[C@@H]2CCCN2C1=O)C(C)C,HELA,[15*]C1C=C2c3cccc4[nH]c(Br)c(c34)C[C@H]2N(C)C1,0.024370398372411728,0.03700035437941551,-0.012629956007003784
C[N+]1(C)CCC(C1)OC(=O)C(O)(C1CCCC1)c1ccccc1,HELA,[16*]c1ccccc1,0.026550300419330597,0.022724024951457977,0.0038262754678726196
C[N+]1(C)CCC(C1)OC(=O)C(O)(C1CCCC1)c1ccccc1,HELA,[3*]O[3*],0.026550300419330597,0.023929789662361145,0.002620510756969452
C[N+]1(C)CCC(C1)OC(=O)C(O)(C1CCCC1)c1ccccc1,HELA,[15*]C1CC[N+](C)(C)C1,0.026550300419330597,0.02623603865504265,0.0003142617642879486
C[N+]1(C)CCC(C1)OC(=O)C(O)(C1CCCC1)c1ccccc1,HELA,[1*]C(=O)C([8*])([8*])O,0.026550300419330597,0.03262295201420784,-0.006072651594877243
C[N+]1(C)CCC(C1)OC(=O)C(O)(C1CCCC1)c1ccccc1,HELA,[15*]C1CCCC1,0.026550300419330597,0.025226455181837082,0.001323845237493515
Cc1ccccc1C(=O)Nc1ccc(C(=O)N2CCCC(O)c3cc(Cl)ccc23)c(C)c1,HELA,[16*]c1ccc([16*])c(C)c1,0.02256755158305168,0.021748103201389313,0.0008194483816623688
Cc1ccccc1C(=O)Nc1ccc(C(=O)N2CCCC(O)c3cc(Cl)ccc23)c(C)c1,HELA,[5*]N1CCCC(O)c2cc(Cl)ccc21,0.02256755158305168,0.03316231817007065,-0.010594766587018967
Cc1ccccc1C(=O)Nc1ccc(C(=O)N2CCCC(O)c3cc(Cl)ccc23)c(C)c1,HELA,[1*]C([6*])=O,0.02256755158305168,0.036657799035310745,-0.014090247452259064
Cc1ccccc1C(=O)Nc1ccc(C(=O)N2CCCC(O)c3cc(Cl)ccc23)c(C)c1,HELA,[5*]N[5*],0.02256755158305168,0.030177820473909378,-0.0076102688908576965
Cc1ccccc1C(=O)Nc1ccc(C(=O)N2CCCC(O)c3cc(Cl)ccc23)c(C)c1,HELA,[16*]c1ccccc1C,0.02256755158305168,0.03334380313754082,-0.010776251554489136
N[C@H](C(=O)N1[C@@H]2C[C@H]2C[C@H]1C#N)C12CC3CC(CC(O)(C3)C1)C2,HELA,[5*]N1[C@H](C#N)C[C@@H]2C[C@H]21,0.022803500294685364,0.027317523956298828,-0.004514023661613464
N[C@H](C(=O)N1[C@@H]2C[C@H]2C[C@H]1C#N)C12CC3CC(CC(O)(C3)C1)C2,HELA,[15*]C12CC3CC(C1)CC(O)(C3)C2,0.022803500294685364,0.023456070572137833,-0.0006525702774524689
N[C@H](C(=O)N1[C@@H]2C[C@H]2C[C@H]1C#N)C12CC3CC(CC(O)(C3)C1)C2,HELA,[1*]C(=O)[C@H]([8*])N,0.022803500294685364,0.02648351714015007,-0.0036800168454647064
C[C@H]1C(=O)O[C@H]2[C@@H](O)C34[C@@H]5C[C@@H](C(C)(C)C)C33[C@H](O)C(=O)O[C@H]3O[C@]4(C(=O)O5)[C@@]12O,HELA,[15*][C@@H]1C[C@@H]2OC(=O)[C@]34O[C@@H]5OC(=O)[C@@H](O)C51C23[C@H](O)[C@@H]1OC(=O)[C@H](C)[C@@]14O,0.017095807939767838,0.014070335775613785,0.0030254721641540527
C[C@H]1C(=O)O[C@H]2[C@@H](O)C34[C@@H]5C[C@@H](C(C)(C)C)C33[C@H](O)C(=O)O[C@H]3O[C@]4(C(=O)O5)[C@@]12O,HELA,[8*]C(C)(C)C,0.017095807939767838,0.019754838198423386,-0.002659030258655548
Clc1ccc(COC(Cn2ccnc2)c2ccc(Cl)cc2Cl)c(Cl)c1,HELA,[9*]n1ccnc1,0.024283651262521744,0.029737897217273712,-0.005454245954751968
Clc1ccc(COC(Cn2ccnc2)c2ccc(Cl)cc2Cl)c(Cl)c1,HELA,[16*]c1ccc(Cl)cc1Cl,0.024283651262521744,0.029006998986005783,-0.004723347723484039
Clc1ccc(COC(Cn2ccnc2)c2ccc(Cl)cc2Cl)c(Cl)c1,HELA,[4*]C[8*],0.024283651262521744,0.02597765251994133,-0.0016940012574195862
Clc1ccc(COC(Cn2ccnc2)c2ccc(Cl)cc2Cl)c(Cl)c1,HELA,[4*]C([8*])C[8*],0.024283651262521744,0.028574522584676743,-0.004290871322154999
Clc1ccc(COC(Cn2ccnc2)c2ccc(Cl)cc2Cl)c(Cl)c1,HELA,[3*]O[3*],0.024283651262521744,0.026974577456712723,-0.002690926194190979
C[C@@H]1CC2=C(CCC(=O)C2)[C@H]2CC[C@@]3(C)[C@H](CC[C@@]3(O)C#C)C12,HELA,C#C[C@]1(O)CC[C@@H]2C3[C@H](C)CC4=C(CCC(=O)C4)[C@H]3CC[C@@]21C,0.017100345343351364,0.023952335119247437,-0.006851989775896072
CN1CCCC(CN2c3ccccc3Sc3ccccc23)C1,HELA,[15*]C1CCCN(C)C1,0.014232020825147629,0.030522413551807404,-0.016290392726659775
CN1CCCC(CN2c3ccccc3Sc3ccccc23)C1,HELA,[5*]N1c2ccccc2Sc2ccccc21,0.014232020825147629,0.026503585278987885,-0.012271564453840256
CN1CCCC(CN2c3ccccc3Sc3ccccc23)C1,HELA,[4*]C[8*],0.014232020825147629,0.030644703656435013,-0.016412682831287384
CC(C)(C)NC(=O)[C@H]1CCC2C3CCC4NC(=O)C=C[C@]4(C)C3CC[C@]12C,HELA,[1*]C([6*])=O,0.023725271224975586,0.03264814242720604,-0.008922871202230453
CC(C)(C)NC(=O)[C@H]1CCC2C3CCC4NC(=O)C=C[C@]4(C)C3CC[C@]12C,HELA,[15*][C@H]1CCC2C3CCC4NC(=O)C=C[C@]4(C)C3CC[C@@]21C,0.023725271224975586,0.029976632446050644,-0.006251361221075058
CC(C)(C)NC(=O)[C@H]1CCC2C3CCC4NC(=O)C=C[C@]4(C)C3CC[C@]12C,HELA,[4*]C(C)(C)C,0.023725271224975586,0.030895285308361053,-0.0071700140833854675
CC(C)(C)NC(=O)[C@H]1CCC2C3CCC4NC(=O)C=C[C@]4(C)C3CC[C@]12C,HELA,[5*]N[5*],0.023725271224975586,0.027318228036165237,-0.0035929568111896515
CCCCC(NC(=O)C(CC(C)C)NC(=O)OCc1ccccc1)C=O,HELA,[16*]c1ccccc1,0.011975996196269989,0.028739113360643387,-0.016763117164373398
CCCCC(NC(=O)C(CC(C)C)NC(=O)OCc1ccccc1)C=O,HELA,[4*]C[8*],0.011975996196269989,0.026883114129304886,-0.014907117933034897
CCCCC(NC(=O)C(CC(C)C)NC(=O)OCc1ccccc1)C=O,HELA,[3*]O[3*],0.011975996196269989,0.0292280875146389,-0.017252091318368912
CCCCC(NC(=O)C(CC(C)C)NC(=O)OCc1ccccc1)C=O,HELA,[5*]N[5*],0.011975996196269989,0.027299638837575912,-0.015323642641305923
CCCCC(NC(=O)C(CC(C)C)NC(=O)OCc1ccccc1)C=O,HELA,[4*]C(C=O)CCCC,0.011975996196269989,0.03180214390158653,-0.019826147705316544
CCCCC(NC(=O)C(CC(C)C)NC(=O)OCc1ccccc1)C=O,HELA,[1*]C(=O)C([4*])CC(C)C,0.011975996196269989,0.031692590564489365,-0.019716594368219376
CCCCC(NC(=O)C(CC(C)C)NC(=O)OCc1ccccc1)C=O,HELA,[1*]C([1*])=O,0.011975996196269989,0.030413541942834854,-0.018437545746564865
CN1C(C(=O)Nc2ncc(C)s2)C(=O)c2ccccc2S1(=O)=O,HELA,[14*]c1ncc(C)s1,0.02212226390838623,0.014836329966783524,0.007285933941602707
CN1C(C(=O)Nc2ncc(C)s2)C(=O)c2ccccc2S1(=O)=O,HELA,[1*]C([6*])=O,0.02212226390838623,0.01664726808667183,0.005474995821714401
CN1C(C(=O)Nc2ncc(C)s2)C(=O)c2ccccc2S1(=O)=O,HELA,[13*]C1C(=O)c2ccccc2S(=O)(=O)N1C,0.02212226390838623,0.02212119847536087,1.0654330253601074e-06
CN1C(C(=O)Nc2ncc(C)s2)C(=O)c2ccccc2S1(=O)=O,HELA,[5*]N[5*],0.02212226390838623,0.016380634158849716,0.005741629749536514
CSc1ccc2Sc3ccccc3N(CCC3CCCCN3C)c2c1,HELA,[11*]SC,0.02983783185482025,0.03272411599755287,-0.0028862841427326202
CSc1ccc2Sc3ccccc3N(CCC3CCCCN3C)c2c1,HELA,[5*]N1c2ccccc2Sc2ccc([16*])cc21,0.02983783185482025,0.03690514340996742,-0.007067311555147171
CSc1ccc2Sc3ccccc3N(CCC3CCCCN3C)c2c1,HELA,[4*]CC[8*],0.02983783185482025,0.03187296539545059,-0.0020351335406303406
CSc1ccc2Sc3ccccc3N(CCC3CCCCN3C)c2c1,HELA,[13*]C1CCCCN1C,0.02983783185482025,0.033727724105119705,-0.0038898922502994537
COc1ccc(cc1)-c1nc2cc(ccc2[nH]1)C1=NNC(=O)CC1C,HELA,[14*]c1nc2cc(C3=NNC(=O)CC3C)ccc2[nH]1,0.01858717016875744,0.025309663265943527,-0.0067224930971860886
COc1ccc(cc1)-c1nc2cc(ccc2[nH]1)C1=NNC(=O)CC1C,HELA,[16*]c1ccc([16*])cc1,0.01858717016875744,0.024085063487291336,-0.005497893318533897
COc1ccc(cc1)-c1nc2cc(ccc2[nH]1)C1=NNC(=O)CC1C,HELA,[3*]OC,0.01858717016875744,0.02655141055583954,-0.0079642403870821
OCC1O[C@H](C[C@@H]1O)n1cc(I)c(=O)[nH]c1=O,HELA,[8*]CO,0.02159460261464119,0.026518885046243668,-0.004924282431602478
OCC1O[C@H](C[C@@H]1O)n1cc(I)c(=O)[nH]c1=O,HELA,[13*]C1O[C@@H]([13*])C[C@@H]1O,0.02159460261464119,0.030815161764621735,-0.009220559149980545
OCC1O[C@H](C[C@@H]1O)n1cc(I)c(=O)[nH]c1=O,HELA,[9*]n1cc(I)c(=O)[nH]c1=O,0.02159460261464119,0.01610463857650757,0.005489964038133621
CC(C(=O)Nc1cc(C)ccn1)c1cccc(c1)C(=O)c1ccccc1,HELA,[14*]c1cc(C)ccn1,0.028569228947162628,0.03415613994002342,-0.005586910992860794
CC(C(=O)Nc1cc(C)ccn1)c1cccc(c1)C(=O)c1ccccc1,HELA,[16*]c1ccccc1,0.028569228947162628,0.0343671478331089,-0.005797918885946274
CC(C(=O)Nc1cc(C)ccn1)c1cccc(c1)C(=O)c1ccccc1,HELA,[5*]N[5*],0.028569228947162628,0.03334752097725868,-0.004778292030096054
CC(C(=O)Nc1cc(C)ccn1)c1cccc(c1)C(=O)c1ccccc1,HELA,[1*]C(=O)C([8*])C,0.028569228947162628,0.04003405198454857,-0.01146482303738594
CC(C(=O)Nc1cc(C)ccn1)c1cccc(c1)C(=O)c1ccccc1,HELA,[6*]C([6*])=O,0.028569228947162628,0.037400517612695694,-0.008831288665533066
CC(C(=O)Nc1cc(C)ccn1)c1cccc(c1)C(=O)c1ccccc1,HELA,[16*]c1cccc([16*])c1,0.028569228947162628,0.028239797800779343,0.0003294311463832855
C1C2CNCC1c1cc3nccnc3cc21,HELA,c1cnc2cc3c(cc2n1)C1CNCC3C1,0.035257693380117416,0.023952335119247437,0.01130535826086998
OC[C@H]1O[C@H]([C@H](O)[C@@H]1O)N1CCC(O)NC1=O,HELA,[13*][C@@H]1O[C@H]([13*])[C@@H](O)[C@H]1O,0.0200875923037529,0.024843256920576096,-0.004755664616823196
OC[C@H]1O[C@H]([C@H](O)[C@@H]1O)N1CCC(O)NC1=O,HELA,[8*]CO,0.0200875923037529,0.021180395036935806,-0.001092802733182907
OC[C@H]1O[C@H]([C@H](O)[C@@H]1O)N1CCC(O)NC1=O,HELA,[10*]N1CCC(O)NC1=O,0.0200875923037529,0.020653244107961655,-0.0005656518042087555
CC(CNC(=O)c1cccnc1)NC(=O)c1cccnc1,HELA,[1*]C([6*])=O,0.025569777935743332,0.034429583698511124,-0.008859805762767792
CC(CNC(=O)c1cccnc1)NC(=O)c1cccnc1,HELA,[4*]CC([4*])C,0.025569777935743332,0.02908201515674591,-0.0035122372210025787
CC(CNC(=O)c1cccnc1)NC(=O)c1cccnc1,HELA,[16*]c1cccnc1,0.025569777935743332,0.027457531541585922,-0.0018877536058425903
CC(CNC(=O)c1cccnc1)NC(=O)c1cccnc1,HELA,[5*]N[5*],0.025569777935743332,0.025200892239809036,0.00036888569593429565
CC(Cc1ccc(O)c(O)c1)C(C)Cc1ccc(O)c(O)c1,HELA,[8*]CC(C)C(C)C[8*],0.02148807793855667,0.027612507343292236,-0.006124429404735565
CC(Cc1ccc(O)c(O)c1)C(C)Cc1ccc(O)c(O)c1,HELA,[16*]c1ccc(O)c(O)c1,0.02148807793855667,0.02110978588461876,0.000378292053937912
CN(C)C(=O)c1ccc(cc1)S(=O)(=O)c1ccc(NC(=O)C(C)(O)C(F)(F)F)c(Cl)c1,HELA,[16*]c1ccc(S(=O)(=O)c2ccc([16*])c(Cl)c2)cc1,0.01999298483133316,0.02027212828397751,-0.00027914345264434814
CN(C)C(=O)c1ccc(cc1)S(=O)(=O)c1ccc(NC(=O)C(C)(O)C(F)(F)F)c(Cl)c1,HELA,[1*]C(=O)C(C)(O)C(F)(F)F,0.01999298483133316,0.02899029105901718,-0.008997306227684021
CN(C)C(=O)c1ccc(cc1)S(=O)(=O)c1ccc(NC(=O)C(C)(O)C(F)(F)F)c(Cl)c1,HELA,[1*]C([6*])=O,0.01999298483133316,0.02309489995241165,-0.003101915121078491
CN(C)C(=O)c1ccc(cc1)S(=O)(=O)c1ccc(NC(=O)C(C)(O)C(F)(F)F)c(Cl)c1,HELA,[5*]N(C)C,0.01999298483133316,0.022973570972681046,-0.002980586141347885
CN(C)C(=O)c1ccc(cc1)S(=O)(=O)c1ccc(NC(=O)C(C)(O)C(F)(F)F)c(Cl)c1,HELA,[5*]N[5*],0.01999298483133316,0.02398330718278885,-0.0039903223514556885
NC(=O)N1C(=O)C(C(=O)c2cccs2)c2cc(Cl)ccc12,HELA,[6*]C(=O)C1C(=O)N(C(N)=O)c2ccc(Cl)cc21,0.016849292442202568,0.027312789112329483,-0.010463496670126915
NC(=O)N1C(=O)C(C(=O)c2cccs2)c2cc(Cl)ccc12,HELA,[14*]c1cccs1,0.016849292442202568,0.016214819625020027,0.0006344728171825409
OC(=O)C(Cc1c[nH]c2ccccc12)NC(=O)c1ccc(Cl)cc1,HELA,[16*]c1ccc(Cl)cc1,0.026820849627256393,0.017563309520483017,0.009257540106773376
OC(=O)C(Cc1c[nH]c2ccccc12)NC(=O)c1ccc(Cl)cc1,HELA,[16*]c1c[nH]c2ccccc12,0.026820849627256393,0.021448049694299698,0.0053727999329566956
OC(=O)C(Cc1c[nH]c2ccccc12)NC(=O)c1ccc(Cl)cc1,HELA,[1*]C([6*])=O,0.026820849627256393,0.032146330922842026,-0.005325481295585632
OC(=O)C(Cc1c[nH]c2ccccc12)NC(=O)c1ccc(Cl)cc1,HELA,[4*]C(C[8*])C(=O)O,0.026820849627256393,0.036159906536340714,-0.00933905690908432
OC(=O)C(Cc1c[nH]c2ccccc12)NC(=O)c1ccc(Cl)cc1,HELA,[5*]N[5*],0.026820849627256393,0.026532139629125595,0.00028870999813079834
CC1(C)O[C@@H]2CC3C4CCC5=CC(=O)CCC5(C)C4(F)C(O)CC3(C)[C@@]2(O1)C(=O)CCl,HELA,[6*]C(=O)CCl,0.019398976117372513,0.028056666254997253,-0.00865769013762474
CC1(C)O[C@@H]2CC3C4CCC5=CC(=O)CCC5(C)C4(F)C(O)CC3(C)[C@@]2(O1)C(=O)CCl,HELA,[15*][C@@]12OC(C)(C)O[C@@H]1CC1C3CCC4=CC(=O)CCC4(C)C3(F)C(O)CC12C,0.019398976117372513,0.02981305867433548,-0.010414082556962967
CC1(C)O[C@@H]2CC3C4CCC5=CC(=O)CCC5(C)C4(F)C(O)CC3(C)[C@@]2(O1)C(=O)CCl,HELA,[13*][C@@]12OC(C)(C)O[C@@H]1CC1C3CCC4=CC(=O)CCC4(C)C3(F)C(O)CC12C,0.019398976117372513,0.030991937965154648,-0.011592961847782135
Fc1ccc2OCCC3(NC(=O)NC3=O)c2c1,HELA,O=C1NC(=O)C2(CCOc3ccc(F)cc32)N1,0.030435794964432716,0.023952335119247437,0.00648345984518528
CC(C)NCC(O)COc1ccc(COCCOC(C)C)cc1,HELA,[4*]CC(O)C[4*],0.013017084449529648,0.04627155140042305,-0.0332544669508934
CC(C)NCC(O)COc1ccc(COCCOC(C)C)cc1,HELA,[4*]C(C)C,0.013017084449529648,0.04516564682126045,-0.032148562371730804
CC(C)NCC(O)COc1ccc(COCCOC(C)C)cc1,HELA,[4*]C[8*],0.013017084449529648,0.0452335886657238,-0.03221650421619415
CC(C)NCC(O)COc1ccc(COCCOC(C)C)cc1,HELA,[3*]O[3*],0.013017084449529648,0.046569209545850754,-0.033552125096321106
CC(C)NCC(O)COc1ccc(COCCOC(C)C)cc1,HELA,[5*]N[5*],0.013017084449529648,0.04443580284714699,-0.03141871839761734
CC(C)NCC(O)COc1ccc(COCCOC(C)C)cc1,HELA,[16*]c1ccc([16*])cc1,0.013017084449529648,0.040852565318346024,-0.027835480868816376
CC(C)NCC(O)COc1ccc(COCCOC(C)C)cc1,HELA,[4*]CC[4*],0.013017084449529648,0.03955363109707832,-0.026536546647548676
OC(C1CCCCN1)c1cc(nc2c(cccc12)C(F)(F)F)C(F)(F)F,HELA,[8*]C([8*])O,0.010043714195489883,0.02746395394206047,-0.017420239746570587
OC(C1CCCCN1)c1cc(nc2c(cccc12)C(F)(F)F)C(F)(F)F,HELA,[14*]c1cc([16*])c2cccc([16*])c2n1,0.010043714195489883,0.013979025185108185,-0.003935310989618301
OC(C1CCCCN1)c1cc(nc2c(cccc12)C(F)(F)F)C(F)(F)F,HELA,[8*]C(F)(F)F,0.010043714195489883,0.03186658024787903,-0.021822866052389145
OC(C1CCCCN1)c1cc(nc2c(cccc12)C(F)(F)F)C(F)(F)F,HELA,[13*]C1CCCCN1,0.010043714195489883,0.02894580364227295,-0.018902089446783066
NC(=N)NCCCCC1NC(=O)CCSSCC(NC(=O)C2CCCN2C(=O)C(Cc2c[nH]c3ccccc23)NC(=O)C(CC(O)=O)NC(=O)CNC1=O)C(N)=O,HELA,[13*]C1CSSCCC(=O)NC([13*])C(=O)NCC(=O)NC([13*])C(=O)NC([13*])C(=O)N2CCCC2C(=O)N1,0.031087156385183334,0.03705931827425957,-0.005972161889076233
NC(=N)NCCCCC1NC(=O)CCSSCC(NC(=O)C2CCCN2C(=O)C(Cc2c[nH]c3ccccc23)NC(=O)C(CC(O)=O)NC(=O)CNC1=O)C(N)=O,HELA,[8*]CC(=O)O,0.031087156385183334,0.02562173828482628,0.005465418100357056
NC(=N)NCCCCC1NC(=O)CCSSCC(NC(=O)C2CCCN2C(=O)C(Cc2c[nH]c3ccccc23)NC(=O)C(CC(O)=O)NC(=O)CNC1=O)C(N)=O,HELA,[5*]NC(=N)N,0.031087156385183334,0.022962011396884918,0.008125144988298416
NC(=N)NCCCCC1NC(=O)CCSSCC(NC(=O)C2CCCN2C(=O)C(Cc2c[nH]c3ccccc23)NC(=O)C(CC(O)=O)NC(=O)CNC1=O)C(N)=O,HELA,[16*]c1c[nH]c2ccccc12,0.031087156385183334,0.019880138337612152,0.011207018047571182
NC(=N)NCCCCC1NC(=O)CCSSCC(NC(=O)C2CCCN2C(=O)C(Cc2c[nH]c3ccccc23)NC(=O)C(CC(O)=O)NC(=O)CNC1=O)C(N)=O,HELA,[6*]C(N)=O,0.031087156385183334,0.023720916360616684,0.00736624002456665
NC(=N)NCCCCC1NC(=O)CCSSCC(NC(=O)C2CCCN2C(=O)C(Cc2c[nH]c3ccccc23)NC(=O)C(CC(O)=O)NC(=O)CNC1=O)C(N)=O,HELA,[8*]C[8*],0.031087156385183334,0.023257117718458176,0.007830038666725159
NC(=N)NCCCCC1NC(=O)CCSSCC(NC(=O)C2CCCN2C(=O)C(Cc2c[nH]c3ccccc23)NC(=O)C(CC(O)=O)NC(=O)CNC1=O)C(N)=O,HELA,[4*]CCCC[8*],0.031087156385183334,0.02308974787592888,0.007997408509254456
CCC(C)(Oc1ccc(cc1)C1(CCCCC1)c1ccc(OC(C)(CC)C(O)=O)cc1)C(O)=O,HELA,[4*]C(C)(CC)C(=O)O,0.01969636231660843,0.037295397371053696,-0.017599035054445267
CCC(C)(Oc1ccc(cc1)C1(CCCCC1)c1ccc(OC(C)(CC)C(O)=O)cc1)C(O)=O,HELA,[3*]O[3*],0.01969636231660843,0.03734946623444557,-0.017653103917837143
CCC(C)(Oc1ccc(cc1)C1(CCCCC1)c1ccc(OC(C)(CC)C(O)=O)cc1)C(O)=O,HELA,[16*]c1ccc([16*])cc1,0.01969636231660843,0.030301976948976517,-0.010605614632368088
CCC(C)(Oc1ccc(cc1)C1(CCCCC1)c1ccc(OC(C)(CC)C(O)=O)cc1)C(O)=O,HELA,[15*]C1([15*])CCCCC1,0.01969636231660843,0.027573708444833755,-0.007877346128225327
COC(=O)C1=C(C)NC(C)=C(C1c1cccc2nonc12)C(=O)OC(C)C,HELA,[16*]c1cccc2nonc12,0.02442026138305664,0.029896598309278488,-0.0054763369262218475
COC(=O)C1=C(C)NC(C)=C(C1c1cccc2nonc12)C(=O)OC(C)C,HELA,[4*]C(C)C,0.02442026138305664,0.029501937329769135,-0.005081675946712494
COC(=O)C1=C(C)NC(C)=C(C1c1cccc2nonc12)C(=O)OC(C)C,HELA,[3*]O[3*],0.02442026138305664,0.032464686781167984,-0.008044425398111343
COC(=O)C1=C(C)NC(C)=C(C1c1cccc2nonc12)C(=O)OC(C)C,HELA,[1*]C(=O)C1=C(C)NC(C)=C(C([1*])=O)C1[15*],0.02442026138305664,0.03612172231078148,-0.011701460927724838
COC(=O)C1=C(C)NC(C)=C(C1c1cccc2nonc12)C(=O)OC(C)C,HELA,[3*]OC,0.02442026138305664,0.027585159987211227,-0.003164898604154587
CCN(CC)CCCC(C)Nc1ccnc2cc(Cl)ccc12,HELA,[16*]c1ccnc2cc(Cl)ccc12,0.018131699413061142,0.032468218356370926,-0.014336518943309784
CCN(CC)CCCC(C)Nc1ccnc2cc(Cl)ccc12,HELA,[5*]N([5*])[5*],0.018131699413061142,0.032902348786592484,-0.014770649373531342
CCN(CC)CCCC(C)Nc1ccnc2cc(Cl)ccc12,HELA,[4*]CCCC([4*])C,0.018131699413061142,0.03732627257704735,-0.019194573163986206
CCN(CC)CCCC(C)Nc1ccnc2cc(Cl)ccc12,HELA,[5*]N[5*],0.018131699413061142,0.02967940643429756,-0.01154770702123642
CCN(CC)CCCC(C)Nc1ccnc2cc(Cl)ccc12,HELA,[4*]CC,0.018131699413061142,0.030352309346199036,-0.012220609933137894
CCCCCOC(=O)Nc1nc(=O)n(cc1F)C1O[C@H](C)[C@@H](O)[C@H]1O,HELA,[4*]CCCCC,0.015575427561998367,0.033068280667066574,-0.017492853105068207
CCCCCOC(=O)Nc1nc(=O)n(cc1F)C1O[C@H](C)[C@@H](O)[C@H]1O,HELA,[3*]O[3*],0.015575427561998367,0.03427871689200401,-0.018703289330005646
CCCCCOC(=O)Nc1nc(=O)n(cc1F)C1O[C@H](C)[C@@H](O)[C@H]1O,HELA,[5*]N[5*],0.015575427561998367,0.030007388442754745,-0.014431960880756378
CCCCCOC(=O)Nc1nc(=O)n(cc1F)C1O[C@H](C)[C@@H](O)[C@H]1O,HELA,[9*]n1cc(F)c([14*])nc1=O,0.015575427561998367,0.02969486638903618,-0.014119438827037811
CCCCCOC(=O)Nc1nc(=O)n(cc1F)C1O[C@H](C)[C@@H](O)[C@H]1O,HELA,[13*]C1O[C@H](C)[C@@H](O)[C@H]1O,0.015575427561998367,0.03016595169901848,-0.014590524137020111
CCCCCOC(=O)Nc1nc(=O)n(cc1F)C1O[C@H](C)[C@@H](O)[C@H]1O,HELA,[1*]C([1*])=O,0.015575427561998367,0.03471287712454796,-0.01913744956254959
C[C@]12CCC3C(CCC4=Cc5oncc5C[C@]34C)C1CC[C@@]2(O)C#C,HELA,C#C[C@]1(O)CCC2C3CCC4=Cc5oncc5C[C@]4(C)C3CC[C@@]21C,0.026164669543504715,0.023952335119247437,0.0022123344242572784
CCC(COC(=O)c1cc(OC)c(OC)c(OC)c1)(N(C)C)c1ccccc1,HELA,[16*]c1cc([16*])c([16*])c([16*])c1,0.022544238716363907,0.028556745499372482,-0.0060125067830085754
CCC(COC(=O)c1cc(OC)c(OC)c(OC)c1)(N(C)C)c1ccccc1,HELA,[16*]c1ccccc1,0.022544238716363907,0.038352224975824356,-0.01580798625946045
CCC(COC(=O)c1cc(OC)c(OC)c(OC)c1)(N(C)C)c1ccccc1,HELA,[1*]C([6*])=O,0.022544238716363907,0.04173439368605614,-0.01919015496969223
CCC(COC(=O)c1cc(OC)c(OC)c(OC)c1)(N(C)C)c1ccccc1,HELA,[3*]O[3*],0.022544238716363907,0.04376379773020744,-0.021219559013843536
CCC(COC(=O)c1cc(OC)c(OC)c(OC)c1)(N(C)C)c1ccccc1,HELA,[5*]N(C)C,0.022544238716363907,0.03956974670290947,-0.017025507986545563
CCC(COC(=O)c1cc(OC)c(OC)c(OC)c1)(N(C)C)c1ccccc1,HELA,[4*]CC([4*])([8*])CC,0.022544238716363907,0.037683647125959396,-0.01513940840959549
CCC(COC(=O)c1cc(OC)c(OC)c(OC)c1)(N(C)C)c1ccccc1,HELA,[3*]OC,0.022544238716363907,0.03909926488995552,-0.016555026173591614
O=C1CCCC2C3CC(CN12)[C@@H]1CCCCN1C3,HELA,O=C1CCCC2C3CC(CN12)[C@@H]1CCCCN1C3,0.025516610592603683,0.023952335119247437,0.001564275473356247
CC1(COc2ccc(CC3SC(=O)NC3=O)cc2)CCCCC1,HELA,[13*]C1SC(=O)NC1=O,0.029842182993888855,0.035684678703546524,-0.005842495709657669
CC1(COc2ccc(CC3SC(=O)NC3=O)cc2)CCCCC1,HELA,[4*]C[8*],0.029842182993888855,0.035300176590681076,-0.005457993596792221
CC1(COc2ccc(CC3SC(=O)NC3=O)cc2)CCCCC1,HELA,[3*]O[3*],0.029842182993888855,0.03988629952073097,-0.010044116526842117
CC1(COc2ccc(CC3SC(=O)NC3=O)cc2)CCCCC1,HELA,[16*]c1ccc([16*])cc1,0.029842182993888855,0.031439799815416336,-0.001597616821527481
CC1(COc2ccc(CC3SC(=O)NC3=O)cc2)CCCCC1,HELA,[8*]C[8*],0.029842182993888855,0.03546491637825966,-0.005622733384370804
CC1(COc2ccc(CC3SC(=O)NC3=O)cc2)CCCCC1,HELA,[15*]C1(C)CCCCC1,0.029842182993888855,0.03216852620244026,-0.002326343208551407
CN1c2ccc(Cl)cc2C(=NC(O)C1=O)c1ccccc1,HELA,CN1C(=O)C(O)N=C(c2ccccc2)c2cc(Cl)ccc21,0.02328060381114483,0.023952335119247437,-0.0006717313081026077
O=C1N(C2CCC(=O)NC2=O)C(=O)c2ccccc12,HELA,[10*]N1C(=O)c2ccccc2C1=O,0.01651555486023426,0.01161070168018341,0.00490485318005085
O=C1N(C2CCC(=O)NC2=O)C(=O)c2ccccc12,HELA,[15*]C1CCC(=O)NC1=O,0.01651555486023426,0.017942339181900024,-0.0014267843216657639
C[C@@H]1CC2C3CCC4=CC(=O)C=C[C@]4(C)[C@@]3(F)[C@@H](O)C[C@]2(C)[C@@]1(O)C(=O)COC(C)=O,HELA,[15*][C@@]1(O)[C@H](C)CC2C3CCC4=CC(=O)C=C[C@]4(C)[C@@]3(F)[C@@H](O)C[C@@]21C,0.01842537522315979,0.02210298553109169,-0.0036776103079319
C[C@@H]1CC2C3CCC4=CC(=O)C=C[C@]4(C)[C@@]3(F)[C@@H](O)C[C@]2(C)[C@@]1(O)C(=O)COC(C)=O,HELA,[3*]O[3*],0.01842537522315979,0.0257469080388546,-0.007321532815694809
C[C@@H]1CC2C3CCC4=CC(=O)C=C[C@]4(C)[C@@]3(F)[C@@H](O)C[C@]2(C)[C@@]1(O)C(=O)COC(C)=O,HELA,[4*]CC([6*])=O,0.01842537522315979,0.02453385666012764,-0.00610848143696785
C[C@@H]1CC2C3CCC4=CC(=O)C=C[C@]4(C)[C@@]3(F)[C@@H](O)C[C@]2(C)[C@@]1(O)C(=O)COC(C)=O,HELA,[1*]C(C)=O,0.01842537522315979,0.024776149541139603,-0.006350774317979813
NC1CCN(C1)c1c(F)cc2c(c1Cl)n(cc(C(O)=O)c2=O)C1CC1,HELA,[9*]n1cc([16*])c(=O)c2cc(F)c([16*])c(Cl)c21,0.02597404271364212,0.028972197324037552,-0.0029981546103954315
NC1CCN(C1)c1c(F)cc2c(c1Cl)n(cc(C(O)=O)c2=O)C1CC1,HELA,[15*]C1CC1,0.02597404271364212,0.0272284634411335,-0.0012544207274913788
NC1CCN(C1)c1c(F)cc2c(c1Cl)n(cc(C(O)=O)c2=O)C1CC1,HELA,[6*]C(=O)O,0.02597404271364212,0.03222225233912468,-0.006248209625482559
NC1CCN(C1)c1c(F)cc2c(c1Cl)n(cc(C(O)=O)c2=O)C1CC1,HELA,[5*]N1CCC(N)C1,0.02597404271364212,0.02342800796031952,0.0025460347533226013
CC(C)(C)NCC(O)COc1ccc(NC(=O)NC2CCCCC2)cc1,HELA,[4*]C(C)(C)C,0.026069462299346924,0.040396254509687424,-0.0143267922103405
CC(C)(C)NCC(O)COc1ccc(NC(=O)NC2CCCCC2)cc1,HELA,[15*]C1CCCCC1,0.026069462299346924,0.044681478291749954,-0.01861201599240303
CC(C)(C)NCC(O)COc1ccc(NC(=O)NC2CCCCC2)cc1,HELA,[4*]CC(O)C[4*],0.026069462299346924,0.042938876897096634,-0.01686941459774971
CC(C)(C)NCC(O)COc1ccc(NC(=O)NC2CCCCC2)cc1,HELA,[3*]O[3*],0.026069462299346924,0.04283679649233818,-0.016767334192991257
CC(C)(C)NCC(O)COc1ccc(NC(=O)NC2CCCCC2)cc1,HELA,[5*]N[5*],0.026069462299346924,0.04086532071232796,-0.014795858412981033
CC(C)(C)NCC(O)COc1ccc(NC(=O)NC2CCCCC2)cc1,HELA,[16*]c1ccc([16*])cc1,0.026069462299346924,0.03640487417578697,-0.010335411876440048
CC(C)(C)NCC(O)COc1ccc(NC(=O)NC2CCCCC2)cc1,HELA,[1*]C([1*])=O,0.026069462299346924,0.038653116673231125,-0.012583654373884201
C[C@H]1O[C@H](C[C@H](O)[C@@H]1O)O[C@H]1[C@@H](O)C[C@H](O[C@H]2[C@@H](O)C[C@H](O[C@H]3CC[C@@]4(C)[C@H](CCC5C4C[C@@H](O)[C@]4(C)[C@H](CC[C@]54O)C4=CC(=O)OC4)C3)O[C@@H]2C)O[C@@H]1C,HELA,[13*][C@H]1C[C@H](O)[C@H](O)[C@@H](C)O1,0.029626816511154175,0.028636682778596878,0.0009901337325572968
C[C@H]1O[C@H](C[C@H](O)[C@@H]1O)O[C@H]1[C@@H](O)C[C@H](O[C@H]2[C@@H](O)C[C@H](O[C@H]3CC[C@@]4(C)[C@H](CCC5C4C[C@@H](O)[C@]4(C)[C@H](CC[C@]54O)C4=CC(=O)OC4)C3)O[C@@H]2C)O[C@@H]1C,HELA,[13*][C@H]1C[C@H](O)[C@H]([15*])[C@@H](C)O1,0.029626816511154175,0.027971681207418442,0.001655135303735733
C[C@H]1O[C@H](C[C@H](O)[C@@H]1O)O[C@H]1[C@@H](O)C[C@H](O[C@H]2[C@@H](O)C[C@H](O[C@H]3CC[C@@]4(C)[C@H](CCC5C4C[C@@H](O)[C@]4(C)[C@H](CC[C@]54O)C4=CC(=O)OC4)C3)O[C@@H]2C)O[C@@H]1C,HELA,[3*]O[3*],0.029626816511154175,0.03003041073679924,-0.0004035942256450653
C[C@H]1O[C@H](C[C@H](O)[C@@H]1O)O[C@H]1[C@@H](O)C[C@H](O[C@H]2[C@@H](O)C[C@H](O[C@H]3CC[C@@]4(C)[C@H](CCC5C4C[C@@H](O)[C@]4(C)[C@H](CC[C@]54O)C4=CC(=O)OC4)C3)O[C@@H]2C)O[C@@H]1C,HELA,[15*][C@H]1CC[C@]2(C)C3C[C@@H](O)[C@]4(C)[C@@H](C5=CC(=O)OC5)CC[C@]4(O)C3CC[C@@H]2C1,0.029626816511154175,0.028384733945131302,0.001242082566022873
Nc1nc(NC2CC2)c2ncn(C3C[C@H](CO)C=C3)c2n1,HELA,[15*]C1C=C[C@@H]([15*])C1,0.028774600476026535,0.03660445287823677,-0.007829852402210236
Nc1nc(NC2CC2)c2ncn(C3C[C@H](CO)C=C3)c2n1,HELA,[8*]CO,0.028774600476026535,0.0390162356197834,-0.010241635143756866
Nc1nc(NC2CC2)c2ncn(C3C[C@H](CO)C=C3)c2n1,HELA,[5*]N[5*],0.028774600476026535,0.03425079211592674,-0.0054761916399002075
Nc1nc(NC2CC2)c2ncn(C3C[C@H](CO)C=C3)c2n1,HELA,[15*]C1CC1,0.028774600476026535,0.03484703227877617,-0.006072431802749634
Nc1nc(NC2CC2)c2ncn(C3C[C@H](CO)C=C3)c2n1,HELA,[9*]n1cnc2c([14*])nc(N)nc21,0.028774600476026535,0.035482507199048996,-0.006707906723022461
CNCCC(Oc1ccccc1OC)c1ccccc1,HELA,[4*]CCC([4*])[8*],0.017643973231315613,0.04019151255488396,-0.022547539323568344
CNCCC(Oc1ccccc1OC)c1ccccc1,HELA,[5*]NC,0.017643973231315613,0.03686968609690666,-0.01922571286559105
CNCCC(Oc1ccccc1OC)c1ccccc1,HELA,[16*]c1ccccc1,0.017643973231315613,0.03607538715004921,-0.018431413918733597
CNCCC(Oc1ccccc1OC)c1ccccc1,HELA,[16*]c1ccccc1[16*],0.017643973231315613,0.03325223550200462,-0.01560826227068901
CNCCC(Oc1ccccc1OC)c1ccccc1,HELA,[3*]O[3*],0.017643973231315613,0.03708982840180397,-0.019445855170488358
CNCCC(Oc1ccccc1OC)c1ccccc1,HELA,[3*]OC,0.017643973231315613,0.034299422055482864,-0.01665544882416725
CC1Cc2ccccc2N1NC(=O)c1ccc(Cl)c(c1)S(N)(=O)=O,HELA,[16*]c1ccc(Cl)c(S(N)(=O)=O)c1,0.02073107287287712,0.0229240320622921,-0.002192959189414978
CC1Cc2ccccc2N1NC(=O)c1ccc(Cl)c(c1)S(N)(=O)=O,HELA,[6*]C(=O)NN1c2ccccc2CC1C,0.02073107287287712,0.02625107392668724,-0.00552000105381012
Clc1ccc(C(Cn2ccnc2)OCc2csc3c(Cl)cccc23)c(Cl)c1,HELA,[9*]n1ccnc1,0.027452711015939713,0.034749556332826614,-0.007296845316886902
Clc1ccc(C(Cn2ccnc2)OCc2csc3c(Cl)cccc23)c(Cl)c1,HELA,[16*]c1ccc(Cl)cc1Cl,0.027452711015939713,0.028359349817037582,-0.0009066388010978699
Clc1ccc(C(Cn2ccnc2)OCc2csc3c(Cl)cccc23)c(Cl)c1,HELA,[4*]C[8*],0.027452711015939713,0.032805826514959335,-0.005353115499019623
Clc1ccc(C(Cn2ccnc2)OCc2csc3c(Cl)cccc23)c(Cl)c1,HELA,[4*]C([8*])C[8*],0.027452711015939713,0.03281952440738678,-0.005366813391447067
Clc1ccc(C(Cn2ccnc2)OCc2csc3c(Cl)cccc23)c(Cl)c1,HELA,[3*]O[3*],0.027452711015939713,0.03593022748827934,-0.00847751647233963
Clc1ccc(C(Cn2ccnc2)OCc2csc3c(Cl)cccc23)c(Cl)c1,HELA,[16*]c1csc2c(Cl)cccc12,0.027452711015939713,0.028383973985910416,-0.0009312629699707031
CC(C)[N+]1(C)C2CC[C@H]1C[C@H](C2)OC(=O)C(CO)c1ccccc1,HELA,[1*]C(=O)C([8*])CO,0.0206165574491024,0.027783077210187912,-0.00716651976108551
CC(C)[N+]1(C)C2CC[C@H]1C[C@H](C2)OC(=O)C(CO)c1ccccc1,HELA,[5*][N+]1(C)C2CC[C@H]1C[C@@H]([15*])C2,0.0206165574491024,0.024771902710199356,-0.004155345261096954
CC(C)[N+]1(C)C2CC[C@H]1C[C@H](C2)OC(=O)C(CO)c1ccccc1,HELA,[16*]c1ccccc1,0.0206165574491024,0.03048180416226387,-0.009865246713161469
CC(C)[N+]1(C)C2CC[C@H]1C[C@H](C2)OC(=O)C(CO)c1ccccc1,HELA,[4*]C(C)C,0.0206165574491024,0.03251736983656883,-0.01190081238746643
CC(C)[N+]1(C)C2CC[C@H]1C[C@H](C2)OC(=O)C(CO)c1ccccc1,HELA,[3*]O[3*],0.0206165574491024,0.0317469947040081,-0.0111304372549057
NCCCC(N)(C(F)F)C(O)=O,HELA,NCCCC(N)(C(=O)O)C(F)F,0.02381156012415886,0.023952335119247437,-0.00014077499508857727
CCCc1c(OCC(O)COc2ccc3c(oc(cc3=O)C(O)=O)c2CCC)ccc(C(C)=O)c1O,HELA,[8*]CCC,0.021448243409395218,0.03567032888531685,-0.01422208547592163
CCCc1c(OCC(O)COc2ccc3c(oc(cc3=O)C(O)=O)c2CCC)ccc(C(C)=O)c1O,HELA,[6*]C(C)=O,0.021448243409395218,0.038717981427907944,-0.017269738018512726
CCCc1c(OCC(O)COc2ccc3c(oc(cc3=O)C(O)=O)c2CCC)ccc(C(C)=O)c1O,HELA,[4*]CC(O)C[4*],0.021448243409395218,0.034598458558321,-0.013150215148925781
CCCc1c(OCC(O)COc2ccc3c(oc(cc3=O)C(O)=O)c2CCC)ccc(C(C)=O)c1O,HELA,[6*]C(=O)O,0.021448243409395218,0.0386076457798481,-0.01715940237045288
CCCc1c(OCC(O)COc2ccc3c(oc(cc3=O)C(O)=O)c2CCC)ccc(C(C)=O)c1O,HELA,[16*]c1ccc([16*])c(O)c1[16*],0.021448243409395218,0.03388913348317146,-0.012440890073776245
CCCc1c(OCC(O)COc2ccc3c(oc(cc3=O)C(O)=O)c2CCC)ccc(C(C)=O)c1O,HELA,[14*]c1cc(=O)c2ccc([16*])c([16*])c2o1,0.021448243409395218,0.03501611575484276,-0.01356787234544754
CCCc1c(OCC(O)COc2ccc3c(oc(cc3=O)C(O)=O)c2CCC)ccc(C(C)=O)c1O,HELA,[3*]O[3*],0.021448243409395218,0.03516586497426033,-0.013717621564865112
CO[C@@H]1CC(CC[C@H]1O)\C=C(/C)[C@H]1OC(=O)[C@@H]2CCCCN2C(=O)C(=O)[C@]2(O)O[C@@H]([C@H](C[C@H]2C)OC)[C@H](C[C@@H](C)C\C(C)=C\[C@@H](CC=C)C(=O)C[C@H](O)[C@H]1C)OC,HELA,[7*]C[8*],0.026920136064291,0.024470824748277664,0.002449311316013336
CO[C@@H]1CC(CC[C@H]1O)\C=C(/C)[C@H]1OC(=O)[C@@H]2CCCCN2C(=O)C(=O)[C@]2(O)O[C@@H]([C@H](C[C@H]2C)OC)[C@H](C[C@@H](C)C\C(C)=C\[C@@H](CC=C)C(=O)C[C@H](O)[C@H]1C)OC,HELA,[15*]C1CC[C@@H](O)[C@H]([15*])C1,0.026920136064291,0.024661805480718613,0.0022583305835723877
CO[C@@H]1CC(CC[C@H]1O)\C=C(/C)[C@H]1OC(=O)[C@@H]2CCCCN2C(=O)C(=O)[C@]2(O)O[C@@H]([C@H](C[C@H]2C)OC)[C@H](C[C@@H](C)C\C(C)=C\[C@@H](CC=C)C(=O)C[C@H](O)[C@H]1C)OC,HELA,[13*][C@H]1OC(=O)[C@@H]2CCCCN2C(=O)C(=O)[C@]2(O)O[C@H]([C@@H]([15*])C[C@@H](C)C/C(C)=C/[C@@H]([15*])C(=O)C[C@H](O)[C@H]1C)[C@@H]([15*])C[C@H]2C,0.026920136064291,0.029817145317792892,-0.002897009253501892
CO[C@@H]1CC(CC[C@H]1O)\C=C(/C)[C@H]1OC(=O)[C@@H]2CCCCN2C(=O)C(=O)[C@]2(O)O[C@@H]([C@H](C[C@H]2C)OC)[C@H](C[C@@H](C)C\C(C)=C\[C@@H](CC=C)C(=O)C[C@H](O)[C@H]1C)OC,HELA,[8*]CC=C,0.026920136064291,0.02121317759156227,0.005706958472728729
CO[C@@H]1CC(CC[C@H]1O)\C=C(/C)[C@H]1OC(=O)[C@@H]2CCCCN2C(=O)C(=O)[C@]2(O)O[C@@H]([C@H](C[C@H]2C)OC)[C@H](C[C@@H](C)C\C(C)=C\[C@@H](CC=C)C(=O)C[C@H](O)[C@H]1C)OC,HELA,[7*]C([8*])C,0.026920136064291,0.02121317759156227,0.005706958472728729
CO[C@@H]1CC(CC[C@H]1O)\C=C(/C)[C@H]1OC(=O)[C@@H]2CCCCN2C(=O)C(=O)[C@]2(O)O[C@@H]([C@H](C[C@H]2C)OC)[C@H](C[C@@H](C)C\C(C)=C\[C@@H](CC=C)C(=O)C[C@H](O)[C@H]1C)OC,HELA,[3*]OC,0.026920136064291,0.02121317759156227,0.005706958472728729
CC(Cc1ccc(O)cc1)NCC(O)c1cc(O)cc(O)c1,HELA,[16*]c1ccc(O)cc1,0.026286162436008453,0.02540167048573494,0.0008844919502735138
CC(Cc1ccc(O)cc1)NCC(O)c1cc(O)cc(O)c1,HELA,[16*]c1cc(O)cc(O)c1,0.026286162436008453,0.02421334758400917,0.002072814851999283
CC(Cc1ccc(O)cc1)NCC(O)c1cc(O)cc(O)c1,HELA,[4*]CC([8*])O,0.026286162436008453,0.03166772797703743,-0.0053815655410289764
CC(Cc1ccc(O)cc1)NCC(O)c1cc(O)cc(O)c1,HELA,[5*]N[5*],0.026286162436008453,0.028450585901737213,-0.0021644234657287598
CC(Cc1ccc(O)cc1)NCC(O)c1cc(O)cc(O)c1,HELA,[4*]C(C)C[8*],0.026286162436008453,0.030790023505687714,-0.00450386106967926
CN(CCOc1ccc(CC2SC(=O)NC2=O)cc1)c1ccccn1,HELA,[13*]C1SC(=O)NC1=O,0.019622210413217545,0.038403529673814774,-0.01878131926059723
CN(CCOc1ccc(CC2SC(=O)NC2=O)cc1)c1ccccn1,HELA,[14*]c1ccccn1,0.019622210413217545,0.03957795724272728,-0.019955746829509735
CN(CCOc1ccc(CC2SC(=O)NC2=O)cc1)c1ccccn1,HELA,[3*]O[3*],0.019622210413217545,0.04386529698967934,-0.024243086576461792
CN(CCOc1ccc(CC2SC(=O)NC2=O)cc1)c1ccccn1,HELA,[5*]N([5*])C,0.019622210413217545,0.04432135447859764,-0.024699144065380096
CN(CCOc1ccc(CC2SC(=O)NC2=O)cc1)c1ccccn1,HELA,[16*]c1ccc([16*])cc1,0.019622210413217545,0.036005523055791855,-0.01638331264257431
CN(CCOc1ccc(CC2SC(=O)NC2=O)cc1)c1ccccn1,HELA,[8*]C[8*],0.019622210413217545,0.03641531243920326,-0.016793102025985718
CN(CCOc1ccc(CC2SC(=O)NC2=O)cc1)c1ccccn1,HELA,[4*]CC[4*],0.019622210413217545,0.035559069365262985,-0.01593685895204544
CCN1CCCC(C1)OC(=O)C(c1ccccc1)c1ccccc1,HELA,[16*]c1ccccc1,0.02347644791007042,0.027360044419765472,-0.003883596509695053
CCN1CCCC(C1)OC(=O)C(c1ccccc1)c1ccccc1,HELA,[5*]N1CCCC([15*])C1,0.02347644791007042,0.02826685830950737,-0.004790410399436951
CCN1CCCC(C1)OC(=O)C(c1ccccc1)c1ccccc1,HELA,[3*]O[3*],0.02347644791007042,0.0279567651450634,-0.004480317234992981
CCN1CCCC(C1)OC(=O)C(c1ccccc1)c1ccccc1,HELA,[1*]C(=O)C([8*])[8*],0.02347644791007042,0.03096572682261467,-0.0074892789125442505
CCN1CCCC(C1)OC(=O)C(c1ccccc1)c1ccccc1,HELA,[4*]CC,0.02347644791007042,0.02473493665456772,-0.0012584887444972992
C[C@H](CNC(=O)CC[C@]1(C)[C@@H](CC(N)=O)[C@@H]2[N+]3=C1C(C)=C1[C@@H](CCC(N)=O)C(C)(C)C4=[N+]1[Co]31(C#N)N3C([C@@H](CCC(N)=O)[C@](C)(CC(N)=O)[C@]23C)=C(C)C2=[N+]1C(=C4)[C@@H](CCC(N)=O)[C@]2(C)CC(N)=O)OP(O)(=O)O[C@@H]1[C@H](CO)O[C@@H]([C@@H]1O)n1cnc2cc(C)c(C)cc12,HELA,[9*]n1cnc2cc(C)c(C)cc21,0.030627749860286713,0.03018702194094658,0.00044072791934013367
C[C@H](CNC(=O)CC[C@]1(C)[C@@H](CC(N)=O)[C@@H]2[N+]3=C1C(C)=C1[C@@H](CCC(N)=O)C(C)(C)C4=[N+]1[Co]31(C#N)N3C([C@@H](CCC(N)=O)[C@](C)(CC(N)=O)[C@]23C)=C(C)C2=[N+]1C(=C4)[C@@H](CCC(N)=O)[C@]2(C)CC(N)=O)OP(O)(=O)O[C@@H]1[C@H](CO)O[C@@H]([C@@H]1O)n1cnc2cc(C)c(C)cc12,HELA,[8*]CC(N)=O,0.030627749860286713,0.03168126568198204,-0.0010535158216953278
C[C@H](CNC(=O)CC[C@]1(C)[C@@H](CC(N)=O)[C@@H]2[N+]3=C1C(C)=C1[C@@H](CCC(N)=O)C(C)(C)C4=[N+]1[Co]31(C#N)N3C([C@@H](CCC(N)=O)[C@](C)(CC(N)=O)[C@]23C)=C(C)C2=[N+]1C(=C4)[C@@H](CCC(N)=O)[C@]2(C)CC(N)=O)OP(O)(=O)O[C@@H]1[C@H](CO)O[C@@H]([C@@H]1O)n1cnc2cc(C)c(C)cc12,HELA,[4*]C[C@H]([4*])C,0.030627749860286713,0.031009342521429062,-0.00038159266114234924
C[C@H](CNC(=O)CC[C@]1(C)[C@@H](CC(N)=O)[C@@H]2[N+]3=C1C(C)=C1[C@@H](CCC(N)=O)C(C)(C)C4=[N+]1[Co]31(C#N)N3C([C@@H](CCC(N)=O)[C@](C)(CC(N)=O)[C@]23C)=C(C)C2=[N+]1C(=C4)[C@@H](CCC(N)=O)[C@]2(C)CC(N)=O)OP(O)(=O)O[C@@H]1[C@H](CO)O[C@@H]([C@@H]1O)n1cnc2cc(C)c(C)cc12,HELA,[15*][C@@H]1C2=C(C)C3=[N+]4[C@@H]([C@H]([15*])[C@]3([15*])C)[C@]3(C)[N]5C(=C(C)C6=[N+]7C(=CC(=[N+]2[Co]574[C]#N)C1(C)C)[C@@H]([15*])[C@@]6([15*])C)[C@@H]([15*])[C@@]3([15*])C,0.030627749860286713,0.02976479008793831,0.0008629597723484039
C[C@H](CNC(=O)CC[C@]1(C)[C@@H](CC(N)=O)[C@@H]2[N+]3=C1C(C)=C1[C@@H](CCC(N)=O)C(C)(C)C4=[N+]1[Co]31(C#N)N3C([C@@H](CCC(N)=O)[C@](C)(CC(N)=O)[C@]23C)=C(C)C2=[N+]1C(=C4)[C@@H](CCC(N)=O)[C@]2(C)CC(N)=O)OP(O)(=O)O[C@@H]1[C@H](CO)O[C@@H]([C@@H]1O)n1cnc2cc(C)c(C)cc12,HELA,[8*]CCC(N)=O,0.030627749860286713,0.031749557703733444,-0.0011218078434467316
C[C@H](CNC(=O)CC[C@]1(C)[C@@H](CC(N)=O)[C@@H]2[N+]3=C1C(C)=C1[C@@H](CCC(N)=O)C(C)(C)C4=[N+]1[Co]31(C#N)N3C([C@@H](CCC(N)=O)[C@](C)(CC(N)=O)[C@]23C)=C(C)C2=[N+]1C(=C4)[C@@H](CCC(N)=O)[C@]2(C)CC(N)=O)OP(O)(=O)O[C@@H]1[C@H](CO)O[C@@H]([C@@H]1O)n1cnc2cc(C)c(C)cc12,HELA,[8*]CO,0.030627749860286713,0.031749557703733444,-0.0011218078434467316
C[C@H](CNC(=O)CC[C@]1(C)[C@@H](CC(N)=O)[C@@H]2[N+]3=C1C(C)=C1[C@@H](CCC(N)=O)C(C)(C)C4=[N+]1[Co]31(C#N)N3C([C@@H](CCC(N)=O)[C@](C)(CC(N)=O)[C@]23C)=C(C)C2=[N+]1C(=C4)[C@@H](CCC(N)=O)[C@]2(C)CC(N)=O)OP(O)(=O)O[C@@H]1[C@H](CO)O[C@@H]([C@@H]1O)n1cnc2cc(C)c(C)cc12,HELA,[13*][C@@H]1O[C@H]([13*])[C@H](O)[C@@H]1[15*],0.030627749860286713,0.031749557703733444,-0.0011218078434467316
C[C@H](CNC(=O)CC[C@]1(C)[C@@H](CC(N)=O)[C@@H]2[N+]3=C1C(C)=C1[C@@H](CCC(N)=O)C(C)(C)C4=[N+]1[Co]31(C#N)N3C([C@@H](CCC(N)=O)[C@](C)(CC(N)=O)[C@]23C)=C(C)C2=[N+]1C(=C4)[C@@H](CCC(N)=O)[C@]2(C)CC(N)=O)OP(O)(=O)O[C@@H]1[C@H](CO)O[C@@H]([C@@H]1O)n1cnc2cc(C)c(C)cc12,HELA,[5*]N[5*],0.030627749860286713,0.031749557703733444,-0.0011218078434467316
C[C@H](CNC(=O)CC[C@]1(C)[C@@H](CC(N)=O)[C@@H]2[N+]3=C1C(C)=C1[C@@H](CCC(N)=O)C(C)(C)C4=[N+]1[Co]31(C#N)N3C([C@@H](CCC(N)=O)[C@](C)(CC(N)=O)[C@]23C)=C(C)C2=[N+]1C(=C4)[C@@H](CCC(N)=O)[C@]2(C)CC(N)=O)OP(O)(=O)O[C@@H]1[C@H](CO)O[C@@H]([C@@H]1O)n1cnc2cc(C)c(C)cc12,HELA,[1*]C(=O)CC[8*],0.030627749860286713,0.031749557703733444,-0.0011218078434467316
C[C@H](CNC(=O)CC[C@]1(C)[C@@H](CC(N)=O)[C@@H]2[N+]3=C1C(C)=C1[C@@H](CCC(N)=O)C(C)(C)C4=[N+]1[Co]31(C#N)N3C([C@@H](CCC(N)=O)[C@](C)(CC(N)=O)[C@]23C)=C(C)C2=[N+]1C(=C4)[C@@H](CCC(N)=O)[C@]2(C)CC(N)=O)OP(O)(=O)O[C@@H]1[C@H](CO)O[C@@H]([C@@H]1O)n1cnc2cc(C)c(C)cc12,HELA,[3*]OP(=O)(O)O[3*],0.030627749860286713,0.031749557703733444,-0.0011218078434467316
COc1ccccc1OCC(O)CN1CCN(CC(=O)Nc2c(C)cccc2C)CC1,HELA,[4*]CC(O)C[4*],0.02511017769575119,0.04191811755299568,-0.01680793985724449
COc1ccccc1OCC(O)CN1CCN(CC(=O)Nc2c(C)cccc2C)CC1,HELA,[1*]C(=O)C[4*],0.02511017769575119,0.04452050104737282,-0.019410323351621628
COc1ccccc1OCC(O)CN1CCN(CC(=O)Nc2c(C)cccc2C)CC1,HELA,[16*]c1c(C)cccc1C,0.02511017769575119,0.04043588414788246,-0.015325706452131271
COc1ccccc1OCC(O)CN1CCN(CC(=O)Nc2c(C)cccc2C)CC1,HELA,[5*]N1CCN([5*])CC1,0.02511017769575119,0.04251142963767052,-0.017401251941919327
COc1ccccc1OCC(O)CN1CCN(CC(=O)Nc2c(C)cccc2C)CC1,HELA,[16*]c1ccccc1[16*],0.02511017769575119,0.03930133953690529,-0.014191161841154099
COc1ccccc1OCC(O)CN1CCN(CC(=O)Nc2c(C)cccc2C)CC1,HELA,[3*]O[3*],0.02511017769575119,0.04017145559191704,-0.015061277896165848
COc1ccccc1OCC(O)CN1CCN(CC(=O)Nc2c(C)cccc2C)CC1,HELA,[5*]N[5*],0.02511017769575119,0.038853589445352554,-0.013743411749601364
COc1ccccc1OCC(O)CN1CCN(CC(=O)Nc2c(C)cccc2C)CC1,HELA,[3*]OC,0.02511017769575119,0.038762662559747696,-0.013652484863996506
CC(C)NCC(O)COc1cccc2[nH]ccc12,HELA,[4*]CC(O)C[4*],0.022657886147499084,0.035954032093286514,-0.01329614594578743
CC(C)NCC(O)COc1cccc2[nH]ccc12,HELA,[4*]C(C)C,0.022657886147499084,0.03562060371041298,-0.012962717562913895
CC(C)NCC(O)COc1cccc2[nH]ccc12,HELA,[3*]O[3*],0.022657886147499084,0.03944292291998863,-0.016785036772489548
CC(C)NCC(O)COc1cccc2[nH]ccc12,HELA,[5*]N[5*],0.022657886147499084,0.03862979635596275,-0.01597191020846367
CC(C)NCC(O)COc1cccc2[nH]ccc12,HELA,[16*]c1cccc2[nH]ccc12,0.022657886147499084,0.04174584522843361,-0.019087959080934525
CC(C(O)=O)c1cccc(c1)C(=O)c1ccccc1,HELA,[16*]c1cccc([16*])c1,0.024156279861927032,0.01628262922167778,0.007873650640249252
CC(C(O)=O)c1cccc(c1)C(=O)c1ccccc1,HELA,[16*]c1ccccc1,0.024156279861927032,0.019263144582509995,0.004893135279417038
CC(C(O)=O)c1cccc(c1)C(=O)c1ccccc1,HELA,[6*]C([6*])=O,0.024156279861927032,0.02945924922823906,-0.005302969366312027
CC(C(O)=O)c1cccc(c1)C(=O)c1ccccc1,HELA,[8*]C(C)C(=O)O,0.024156279861927032,0.033069659024477005,-0.008913379162549973
CC(=O)S[C@@H]1CC2=CC(=O)CC[C@]2(C)[C@H]2CC[C@@]3(C)[C@@H](CC[C@@]33CCC(=O)O3)C12,HELA,[11*]SC(C)=O,0.018692579120397568,0.017980147153139114,0.0007124319672584534
CC(=O)S[C@@H]1CC2=CC(=O)CC[C@]2(C)[C@H]2CC[C@@]3(C)[C@@H](CC[C@@]33CCC(=O)O3)C12,HELA,[15*][C@@H]1CC2=CC(=O)CC[C@]2(C)[C@H]2CC[C@@]3(C)[C@@H](CC[C@@]34CCC(=O)O4)C12,0.018692579120397568,0.017369698733091354,0.0013228803873062134
CC1(C)[C@H](CC[C@@]2(C)C1CC[C@]1(C)C2C(=O)C=C2[C@@H]3C[C@](C)(CC[C@]3(C)CC[C@@]12C)C(O)=O)OC(=O)CCC(O)=O,HELA,[3*]O[3*],0.026528391987085342,0.02681216225028038,-0.00028377026319503784
CC1(C)[C@H](CC[C@@]2(C)C1CC[C@]1(C)C2C(=O)C=C2[C@@H]3C[C@](C)(CC[C@]3(C)CC[C@@]12C)C(O)=O)OC(=O)CCC(O)=O,HELA,[6*]C(=O)O,0.026528391987085342,0.0290532223880291,-0.002524830400943756
CC1(C)[C@H](CC[C@@]2(C)C1CC[C@]1(C)C2C(=O)C=C2[C@@H]3C[C@](C)(CC[C@]3(C)CC[C@@]12C)C(O)=O)OC(=O)CCC(O)=O,HELA,[15*][C@H]1CC[C@@]2(C)C(CC[C@]3(C)C2C(=O)C=C2[C@@H]4C[C@]([15*])(C)CC[C@]4(C)CC[C@]23C)C1(C)C,0.026528391987085342,0.007128879427909851,0.01939951255917549
CC1(C)[C@H](CC[C@@]2(C)C1CC[C@]1(C)C2C(=O)C=C2[C@@H]3C[C@](C)(CC[C@]3(C)CC[C@@]12C)C(O)=O)OC(=O)CCC(O)=O,HELA,[1*]C(=O)CCC(=O)O,0.026528391987085342,0.0267060287296772,-0.0001776367425918579
CN(C)CC(c1ccc(O)cc1)C1(O)CCCCC1,HELA,[16*]c1ccc(O)cc1,0.01877768710255623,0.03018377348780632,-0.011406086385250092
CN(C)CC(c1ccc(O)cc1)C1(O)CCCCC1,HELA,[15*]C1(O)CCCCC1,0.01877768710255623,0.03475622832775116,-0.01597854122519493
CN(C)CC(c1ccc(O)cc1)C1(O)CCCCC1,HELA,[5*]N(C)C,0.01877768710255623,0.032147251069545746,-0.013369563966989517
CN(C)CC(c1ccc(O)cc1)C1(O)CCCCC1,HELA,[4*]CC([8*])[8*],0.01877768710255623,0.03385067358613014,-0.015072986483573914
NC1=NCC2N1c1ccccc1Cc1ccccc21,HELA,NC1=NCC2c3ccccc3Cc3ccccc3N12,0.028568342328071594,0.023952335119247437,0.004616007208824158
CCCC(C)(COC(N)=O)COC(=O)NC(C)C,HELA,[1*]C(N)=O,0.022725973278284073,0.030429240316152573,-0.0077032670378685
CCCC(C)(COC(N)=O)COC(=O)NC(C)C,HELA,[4*]C(C)C,0.022725973278284073,0.026069175451993942,-0.0033432021737098694
CCCC(C)(COC(N)=O)COC(=O)NC(C)C,HELA,[3*]O[3*],0.022725973278284073,0.027922872453927994,-0.005196899175643921
CCCC(C)(COC(N)=O)COC(=O)NC(C)C,HELA,[5*]N[5*],0.022725973278284073,0.02888495847582817,-0.006158985197544098
CCCC(C)(COC(N)=O)COC(=O)NC(C)C,HELA,[4*]CC(C)(C[4*])CCC,0.022725973278284073,0.03253208473324776,-0.009806111454963684
CCCC(C)(COC(N)=O)COC(=O)NC(C)C,HELA,[1*]C([1*])=O,0.022725973278284073,0.03811778500676155,-0.015391811728477478
C[C@]12CC[C@H]3[C@@H](CCc4cc(OC(=O)N(CCCl)CCCl)ccc34)[C@@H]1CC[C@@H]2OP(O)(O)=O,HELA,[4*]CCCl,0.017682421952486038,0.03273134306073189,-0.01504892110824585
C[C@]12CC[C@H]3[C@@H](CCc4cc(OC(=O)N(CCCl)CCCl)ccc34)[C@@H]1CC[C@@H]2OP(O)(O)=O,HELA,[3*]OP(=O)(O)O,0.017682421952486038,0.03371397778391838,-0.016031555831432343
C[C@]12CC[C@H]3[C@@H](CCc4cc(OC(=O)N(CCCl)CCCl)ccc34)[C@@H]1CC[C@@H]2OP(O)(O)=O,HELA,[5*]N([5*])[5*],0.017682421952486038,0.03125104680657387,-0.01356862485408783
C[C@]12CC[C@H]3[C@@H](CCc4cc(OC(=O)N(CCCl)CCCl)ccc34)[C@@H]1CC[C@@H]2OP(O)(O)=O,HELA,[3*]O[3*],0.017682421952486038,0.03330718353390694,-0.015624761581420898
C[C@]12CC[C@H]3[C@@H](CCc4cc(OC(=O)N(CCCl)CCCl)ccc34)[C@@H]1CC[C@@H]2OP(O)(O)=O,HELA,[15*][C@H]1CC[C@H]2[C@@H]3CCc4cc([16*])ccc4[C@H]3CC[C@]12C,0.017682421952486038,0.03038131073117256,-0.012698888778686523
C[C@]12CC[C@H]3[C@@H](CCc4cc(OC(=O)N(CCCl)CCCl)ccc34)[C@@H]1CC[C@@H]2OP(O)(O)=O,HELA,[1*]C([1*])=O,0.017682421952486038,0.03669090196490288,-0.01900848001241684
OC(=O)\C=C\c1ccc(cc1)-c1ccc(O)c(c1)C12CC3CC(CC(C3)C1)C2,HELA,[7*]C[8*],0.025034673511981964,0.038691166788339615,-0.01365649327635765
OC(=O)\C=C\c1ccc(cc1)-c1ccc(O)c(c1)C12CC3CC(CC(C3)C1)C2,HELA,[7*]CC(=O)O,0.025034673511981964,0.041654426604509354,-0.01661975309252739
OC(=O)\C=C\c1ccc(cc1)-c1ccc(O)c(c1)C12CC3CC(CC(C3)C1)C2,HELA,[16*]c1ccc(O)c([16*])c1,0.025034673511981964,0.03152908757328987,-0.006494414061307907
OC(=O)\C=C\c1ccc(cc1)-c1ccc(O)c(c1)C12CC3CC(CC(C3)C1)C2,HELA,[16*]c1ccc([16*])cc1,0.025034673511981964,0.03338829055428505,-0.008353617042303085
OC(=O)\C=C\c1ccc(cc1)-c1ccc(O)c(c1)C12CC3CC(CC(C3)C1)C2,HELA,[15*]C12CC3CC(CC(C3)C1)C2,0.025034673511981964,0.03551749512553215,-0.010482821613550186
COc1cc2CC[C@H](NC(C)=O)c3cc(=O)c(OC)ccc3-c2c(OC)c1OC,HELA,[3*]OC,0.02232116274535656,0.026722151786088943,-0.004400989040732384
COc1cc2CC[C@H](NC(C)=O)c3cc(=O)c(OC)ccc3-c2c(OC)c1OC,HELA,[5*]N[C@H]1CCc2cc([16*])c([16*])c([16*])c2-c2ccc([16*])c(=O)cc21,0.02232116274535656,0.018947646021842957,0.003373516723513603
COc1cc2CC[C@H](NC(C)=O)c3cc(=O)c(OC)ccc3-c2c(OC)c1OC,HELA,[1*]C(C)=O,0.02232116274535656,0.03279436007142067,-0.01047319732606411
CC(=O)N1CCC[C@H]1C(=O)N[C@@H](Cc1c[nH]cn1)C(=O)N[C@@H](CO)C(=O)N[C@@H](CS)C(=O)N[C@@H](CC(N)=O)C(N)=O,HELA,[4*][C@@H](CC(N)=O)C(N)=O,0.01890619471669197,0.035682063549757004,-0.016775868833065033
CC(=O)N1CCC[C@H]1C(=O)N[C@@H](Cc1c[nH]cn1)C(=O)N[C@@H](CO)C(=O)N[C@@H](CS)C(=O)N[C@@H](CC(N)=O)C(N)=O,HELA,[1*]C(=O)[C@@H]([4*])CS,0.01890619471669197,0.03404172137379646,-0.015135526657104492
CC(=O)N1CCC[C@H]1C(=O)N[C@@H](Cc1c[nH]cn1)C(=O)N[C@@H](CO)C(=O)N[C@@H](CS)C(=O)N[C@@H](CC(N)=O)C(N)=O,HELA,[1*]C(=O)[C@@H]([4*])CO,0.01890619471669197,0.033383745700120926,-0.014477550983428955
CC(=O)N1CCC[C@H]1C(=O)N[C@@H](Cc1c[nH]cn1)C(=O)N[C@@H](CO)C(=O)N[C@@H](CS)C(=O)N[C@@H](CC(N)=O)C(N)=O,HELA,[14*]c1c[nH]cn1,0.01890619471669197,0.030375760048627853,-0.011469565331935883
CC(=O)N1CCC[C@H]1C(=O)N[C@@H](Cc1c[nH]cn1)C(=O)N[C@@H](CO)C(=O)N[C@@H](CS)C(=O)N[C@@H](CC(N)=O)C(N)=O,HELA,[5*]N1CCC[C@H]1[13*],0.01890619471669197,0.027657505124807358,-0.008751310408115387
CC(=O)N1CCC[C@H]1C(=O)N[C@@H](Cc1c[nH]cn1)C(=O)N[C@@H](CO)C(=O)N[C@@H](CS)C(=O)N[C@@H](CC(N)=O)C(N)=O,HELA,[1*]C([6*])=O,0.01890619471669197,0.02992120012640953,-0.01101500540971756
CC(=O)N1CCC[C@H]1C(=O)N[C@@H](Cc1c[nH]cn1)C(=O)N[C@@H](CO)C(=O)N[C@@H](CS)C(=O)N[C@@H](CC(N)=O)C(N)=O,HELA,[1*]C(=O)[C@@H]([4*])C[8*],0.01890619471669197,0.029062051326036453,-0.010155856609344482
CC(=O)N1CCC[C@H]1C(=O)N[C@@H](Cc1c[nH]cn1)C(=O)N[C@@H](CO)C(=O)N[C@@H](CS)C(=O)N[C@@H](CC(N)=O)C(N)=O,HELA,[5*]N[5*],0.01890619471669197,0.029727984219789505,-0.010821789503097534
CC(=O)N1CCC[C@H]1C(=O)N[C@@H](Cc1c[nH]cn1)C(=O)N[C@@H](CO)C(=O)N[C@@H](CS)C(=O)N[C@@H](CC(N)=O)C(N)=O,HELA,[1*]C(C)=O,0.01890619471669197,0.02976858988404274,-0.010862395167350769
Clc1ccccc1CN1CCc2sccc2C1,HELA,[16*]c1ccccc1Cl,0.020639218389987946,0.029326502233743668,-0.008687283843755722
Clc1ccccc1CN1CCc2sccc2C1,HELA,[5*]N1CCc2sccc2C1,0.020639218389987946,0.03315579146146774,-0.012516573071479797
Clc1ccccc1CN1CCc2sccc2C1,HELA,[4*]C[8*],0.020639218389987946,0.03354748338460922,-0.012908264994621277
Fc1ccc(cc1)C(=O)C1CCN(CCn2c(=S)[nH]c3ccccc3c2=O)CC1,HELA,[9*]n1c(=S)[nH]c2ccccc2c1=O,0.02379937842488289,0.03312671557068825,-0.009327337145805359
Fc1ccc(cc1)C(=O)C1CCN(CCn2c(=S)[nH]c3ccccc3c2=O)CC1,HELA,[5*]N1CCC([15*])CC1,0.02379937842488289,0.02050226554274559,0.0032971128821372986
Fc1ccc(cc1)C(=O)C1CCN(CCn2c(=S)[nH]c3ccccc3c2=O)CC1,HELA,[4*]CC[8*],0.02379937842488289,0.023619741201400757,0.00017963722348213196
Fc1ccc(cc1)C(=O)C1CCN(CCn2c(=S)[nH]c3ccccc3c2=O)CC1,HELA,[16*]c1ccc(F)cc1,0.02379937842488289,0.02837161347270012,-0.00457223504781723
Fc1ccc(cc1)C(=O)C1CCN(CCn2c(=S)[nH]c3ccccc3c2=O)CC1,HELA,[6*]C([6*])=O,0.02379937842488289,0.02542397379875183,-0.0016245953738689423
Cc1nnc2ccc(nn12)-c1cccc(c1)C(F)(F)F,HELA,[16*]c1cccc([16*])c1,0.007776707410812378,0.019517820328474045,-0.011741112917661667
Cc1nnc2ccc(nn12)-c1cccc(c1)C(F)(F)F,HELA,[8*]C(F)(F)F,0.007776707410812378,0.028436604887247086,-0.020659897476434708
Cc1nnc2ccc(nn12)-c1cccc(c1)C(F)(F)F,HELA,[14*]c1ccc2nnc(C)n2n1,0.007776707410812378,0.01692184805870056,-0.009145140647888184
NC(N)=Nc1nc(CSCC\C(N)=N/S(N)(=O)=O)cs1,HELA,[4*]CC/C(N)=N\S(N)(=O)=O,0.026233363896608353,0.035062916576862335,-0.008829552680253983
NC(N)=Nc1nc(CSCC\C(N)=N/S(N)(=O)=O)cs1,HELA,[4*]C[8*],0.026233363896608353,0.028212130069732666,-0.0019787661731243134
NC(N)=Nc1nc(CSCC\C(N)=N/S(N)(=O)=O)cs1,HELA,[11*]S[11*],0.026233363896608353,0.028101090341806412,-0.001867726445198059
NC(N)=Nc1nc(CSCC\C(N)=N/S(N)(=O)=O)cs1,HELA,[14*]c1csc(N=C(N)N)n1,0.026233363896608353,0.026598814874887466,-0.00036545097827911377
CNC(=O)c1ccc2cc(ccc2c1)[C@]1(O)CCn2cncc12,HELA,[1*]C([6*])=O,0.017581019550561905,0.03523401543498039,-0.017652995884418488
CNC(=O)c1ccc2cc(ccc2c1)[C@]1(O)CCn2cncc12,HELA,[5*]NC,0.017581019550561905,0.02167944237589836,-0.004098422825336456
CNC(=O)c1ccc2cc(ccc2c1)[C@]1(O)CCn2cncc12,HELA,[16*]c1ccc2cc([C@]3(O)CCn4cncc43)ccc2c1,0.017581019550561905,0.028014346957206726,-0.010433327406644821
O=c1ccc2ccc(OCCCCN3CCN(CC3)c3cccc4sccc34)cc2[nH]1,HELA,[16*]c1cccc2sccc12,0.025728795677423477,0.032747481018304825,-0.007018685340881348
O=c1ccc2ccc(OCCCCN3CCN(CC3)c3cccc4sccc34)cc2[nH]1,HELA,[16*]c1ccc2ccc(=O)[nH]c2c1,0.025728795677423477,0.037273626774549484,-0.011544831097126007
O=c1ccc2ccc(OCCCCN3CCN(CC3)c3cccc4sccc34)cc2[nH]1,HELA,[5*]N1CCN([5*])CC1,0.025728795677423477,0.03274749591946602,-0.0070187002420425415
O=c1ccc2ccc(OCCCCN3CCN(CC3)c3cccc4sccc34)cc2[nH]1,HELA,[3*]O[3*],0.025728795677423477,0.0373140387237072,-0.011585243046283722
O=c1ccc2ccc(OCCCCN3CCN(CC3)c3cccc4sccc34)cc2[nH]1,HELA,[4*]CCCC[4*],0.025728795677423477,0.03520794212818146,-0.00947914645075798
CC(C)=CCOc1ccc(\C=C\C(=O)c2ccc(OCC=C(C)C)cc2OCC(O)=O)cc1,HELA,[7*]C[8*],0.02393067255616188,0.04153310880064964,-0.017602436244487762
CC(C)=CCOc1ccc(\C=C\C(=O)c2ccc(OCC=C(C)C)cc2OCC(O)=O)cc1,HELA,[4*]CC[7*],0.02393067255616188,0.041321877390146255,-0.017391204833984375
CC(C)=CCOc1ccc(\C=C\C(=O)c2ccc(OCC=C(C)C)cc2OCC(O)=O)cc1,HELA,[6*]C(=O)C[7*],0.02393067255616188,0.039740245789289474,-0.015809573233127594
CC(C)=CCOc1ccc(\C=C\C(=O)c2ccc(OCC=C(C)C)cc2OCC(O)=O)cc1,HELA,[4*]CC(=O)O,0.02393067255616188,0.04479798302054405,-0.02086731046438217
CC(C)=CCOc1ccc(\C=C\C(=O)c2ccc(OCC=C(C)C)cc2OCC(O)=O)cc1,HELA,[3*]O[3*],0.02393067255616188,0.042958226054906845,-0.019027553498744965
CC(C)=CCOc1ccc(\C=C\C(=O)c2ccc(OCC=C(C)C)cc2OCC(O)=O)cc1,HELA,[16*]c1ccc([16*])cc1,0.02393067255616188,0.03575115278363228,-0.011820480227470398
CC(C)=CCOc1ccc(\C=C\C(=O)c2ccc(OCC=C(C)C)cc2OCC(O)=O)cc1,HELA,[16*]c1ccc([16*])c([16*])c1,0.02393067255616188,0.03498469665646553,-0.01105402410030365
CC(C)=CCOc1ccc(\C=C\C(=O)c2ccc(OCC=C(C)C)cc2OCC(O)=O)cc1,HELA,[7*]C(C)C,0.02393067255616188,0.037006545811891556,-0.013075873255729675
CN(C)N(C)C(=O)[C@@]1(Cc2ccccc2)CCCN(C1)C(=O)[C@@H](Cc1c[nH]c2ccccc12)NC(=O)C(C)(C)N,HELA,[1*]C(=O)[C@H]([4*])C[8*],0.021735522896051407,0.034872476011514664,-0.013136953115463257
CN(C)N(C)C(=O)[C@@]1(Cc2ccccc2)CCCN(C1)C(=O)[C@@H](Cc1c[nH]c2ccccc12)NC(=O)C(C)(C)N,HELA,[16*]c1ccccc1,0.021735522896051407,0.038791704922914505,-0.017056182026863098
CN(C)N(C)C(=O)[C@@]1(Cc2ccccc2)CCCN(C1)C(=O)[C@@H](Cc1c[nH]c2ccccc12)NC(=O)C(C)(C)N,HELA,[16*]c1c[nH]c2ccccc12,0.021735522896051407,0.03459936007857323,-0.01286383718252182
CN(C)N(C)C(=O)[C@@]1(Cc2ccccc2)CCCN(C1)C(=O)[C@@H](Cc1c[nH]c2ccccc12)NC(=O)C(C)(C)N,HELA,[1*]C(=O)C(C)(C)N,0.021735522896051407,0.043131109327077866,-0.02139558643102646
CN(C)N(C)C(=O)[C@@]1(Cc2ccccc2)CCCN(C1)C(=O)[C@@H](Cc1c[nH]c2ccccc12)NC(=O)C(C)(C)N,HELA,[5*]N[5*],0.021735522896051407,0.03468494489789009,-0.012949422001838684
CN(C)N(C)C(=O)[C@@]1(Cc2ccccc2)CCCN(C1)C(=O)[C@@H](Cc1c[nH]c2ccccc12)NC(=O)C(C)(C)N,HELA,[6*]C(=O)N(C)N(C)C,0.021735522896051407,0.03997914120554924,-0.018243618309497833
CN(C)N(C)C(=O)[C@@]1(Cc2ccccc2)CCCN(C1)C(=O)[C@@H](Cc1c[nH]c2ccccc12)NC(=O)C(C)(C)N,HELA,[8*]C[8*],0.021735522896051407,0.03661937639117241,-0.014883853495121002
CN(C)N(C)C(=O)[C@@]1(Cc2ccccc2)CCCN(C1)C(=O)[C@@H](Cc1c[nH]c2ccccc12)NC(=O)C(C)(C)N,HELA,[5*]N1CCCC([15*])([15*])C1,0.021735522896051407,0.035279158502817154,-0.013543635606765747
NC(=C(C#N)C#N)/C(=C/c1ccc(O)cc1)/C#N,HELA,[7*]C(N)C([7*])C#N,0.01725025475025177,0.02320444956421852,-0.005954194813966751
NC(=C(C#N)C#N)/C(=C/c1ccc(O)cc1)/C#N,HELA,[16*]c1ccc(O)cc1,0.01725025475025177,0.017097685486078262,0.0001525692641735077
NC(=C(C#N)C#N)/C(=C/c1ccc(O)cc1)/C#N,HELA,[7*]C[8*],0.01725025475025177,0.021739546209573746,-0.004489291459321976
NC(=C(C#N)C#N)/C(=C/c1ccc(O)cc1)/C#N,HELA,[7*]C(C#N)C#N,0.01725025475025177,0.022377822548151016,-0.005127567797899246
Fc1ccc(cc1)C(CCCN1CCC(CC1)n1c2ccccc2[nH]c1=O)c1ccc(F)cc1,HELA,[4*]CCCC([8*])[8*],0.020708806812763214,0.027539748698472977,-0.006830941885709763
Fc1ccc(cc1)C(CCCN1CCC(CC1)n1c2ccccc2[nH]c1=O)c1ccc(F)cc1,HELA,[16*]c1ccc(F)cc1,0.020708806812763214,0.03396058455109596,-0.013251777738332748
Fc1ccc(cc1)C(CCCN1CCC(CC1)n1c2ccccc2[nH]c1=O)c1ccc(F)cc1,HELA,[5*]N1CCC([15*])CC1,0.020708806812763214,0.02876243367791176,-0.008053626865148544
Fc1ccc(cc1)C(CCCN1CCC(CC1)n1c2ccccc2[nH]c1=O)c1ccc(F)cc1,HELA,[9*]n1c(=O)[nH]c2ccccc21,0.020708806812763214,0.03402969613671303,-0.013320889323949814
Nc1ncnc2n(cnc12)[C@@H]1O[C@H](CO)[C@@H](O)[C@H]1O,HELA,[13*][C@@H]1O[C@H]([13*])[C@@H](O)[C@H]1O,0.020202241837978363,0.025942105799913406,-0.005739863961935043
Nc1ncnc2n(cnc12)[C@@H]1O[C@H](CO)[C@@H](O)[C@H]1O,HELA,[9*]n1cnc2c(N)ncnc21,0.020202241837978363,0.020653244107961655,-0.0004510022699832916
Nc1ncnc2n(cnc12)[C@@H]1O[C@H](CO)[C@@H](O)[C@H]1O,HELA,[8*]CO,0.020202241837978363,0.022147852927446365,-0.0019456110894680023
C[C@@H]1O[C@H](O[C@@H]2[C@H](CO)O[C@H](O[C@@H]3[C@H](CO)O[C@@H](O)[C@H](O)[C@H]3O)[C@H](O)[C@H]2O)[C@H](O)[C@@H](O)[C@@H]1N[C@H]1C=C(CO)[C@@H](O)[C@H](O)[C@@H]1O,HELA,[13*][C@H]1O[C@@H](C)[C@@H]([15*])[C@H](O)[C@H]1O,0.026824068278074265,0.03039880469441414,-0.0035747364163398743
C[C@@H]1O[C@H](O[C@@H]2[C@H](CO)O[C@H](O[C@@H]3[C@H](CO)O[C@@H](O)[C@H](O)[C@H]3O)[C@H](O)[C@H]2O)[C@H](O)[C@@H](O)[C@@H]1N[C@H]1C=C(CO)[C@@H](O)[C@H](O)[C@@H]1O,HELA,[15*][C@H]1C=C(CO)[C@@H](O)[C@H](O)[C@@H]1O,0.026824068278074265,0.029692303389310837,-0.0028682351112365723
C[C@@H]1O[C@H](O[C@@H]2[C@H](CO)O[C@H](O[C@@H]3[C@H](CO)O[C@@H](O)[C@H](O)[C@H]3O)[C@H](O)[C@H]2O)[C@H](O)[C@@H](O)[C@@H]1N[C@H]1C=C(CO)[C@@H](O)[C@H](O)[C@@H]1O,HELA,[13*][C@@H]1O[C@H]([13*])[C@H](O)[C@@H](O)[C@@H]1[15*],0.026824068278074265,0.03011227771639824,-0.0032882094383239746
C[C@@H]1O[C@H](O[C@@H]2[C@H](CO)O[C@H](O[C@@H]3[C@H](CO)O[C@@H](O)[C@H](O)[C@H]3O)[C@H](O)[C@H]2O)[C@H](O)[C@@H](O)[C@@H]1N[C@H]1C=C(CO)[C@@H](O)[C@H](O)[C@@H]1O,HELA,[8*]CO,0.026824068278074265,0.02822614088654518,-0.0014020726084709167
C[C@@H]1O[C@H](O[C@@H]2[C@H](CO)O[C@H](O[C@@H]3[C@H](CO)O[C@@H](O)[C@H](O)[C@H]3O)[C@H](O)[C@H]2O)[C@H](O)[C@@H](O)[C@@H]1N[C@H]1C=C(CO)[C@@H](O)[C@H](O)[C@@H]1O,HELA,[3*]O[3*],0.026824068278074265,0.028640728443861008,-0.0018166601657867432
C[C@@H]1O[C@H](O[C@@H]2[C@H](CO)O[C@H](O[C@@H]3[C@H](CO)O[C@@H](O)[C@H](O)[C@H]3O)[C@H](O)[C@H]2O)[C@H](O)[C@@H](O)[C@@H]1N[C@H]1C=C(CO)[C@@H](O)[C@H](O)[C@@H]1O,HELA,[5*]N[5*],0.026824068278074265,0.028781209141016006,-0.001957140862941742
C[C@@H]1O[C@H](O[C@@H]2[C@H](CO)O[C@H](O[C@@H]3[C@H](CO)O[C@@H](O)[C@H](O)[C@H]3O)[C@H](O)[C@H]2O)[C@H](O)[C@@H](O)[C@@H]1N[C@H]1C=C(CO)[C@@H](O)[C@H](O)[C@@H]1O,HELA,[13*][C@@H]1O[C@@H](O)[C@H](O)[C@@H](O)[C@@H]1[15*],0.026824068278074265,0.028781209141016006,-0.001957140862941742
C1CC1C(NC1=NCCO1)C1CC1,HELA,[5*]NC1=NCCO1,0.026888102293014526,0.022731497883796692,0.0041566044092178345
C1CC1C(NC1=NCCO1)C1CC1,HELA,[15*]C1CC1,0.026888102293014526,0.03527754545211792,-0.008389443159103394
C1CC1C(NC1=NCCO1)C1CC1,HELA,[4*]C([8*])[8*],0.026888102293014526,0.03342461585998535,-0.006536513566970825
OC(CCCN1CCCCC1)(c1ccccc1)c1ccccc1,HELA,[16*]c1ccccc1,0.02238547056913376,0.028769221156835556,-0.0063837505877017975
OC(CCCN1CCCCC1)(c1ccccc1)c1ccccc1,HELA,[5*]N1CCCCC1,0.02238547056913376,0.025210369378328323,-0.002824898809194565
OC(CCCN1CCCCC1)(c1ccccc1)c1ccccc1,HELA,[4*]CCCC([8*])([8*])O,0.02238547056913376,0.031705621629953384,-0.009320151060819626
NCCc1c[nH]cn1,HELA,[8*]CCN,0.012150432914495468,0.019572049379348755,-0.007421616464853287
NCCc1c[nH]cn1,HELA,[14*]c1c[nH]cn1,0.012150432914495468,0.024484947323799133,-0.012334514409303665
OCc1c[nH]c2ccccc12,HELA,[16*]c1c[nH]c2ccccc12,0.019607655704021454,0.020902778953313828,-0.0012951232492923737
OCc1c[nH]c2ccccc12,HELA,[8*]CO,0.019607655704021454,0.022908758372068405,-0.0033011026680469513
CCCn1c2[nH]c(nc2c(=O)n(CCC)c1=O)C1CCCC1,HELA,[8*]CCC,0.02340613678097725,0.02768031880259514,-0.004274182021617889
CCCn1c2[nH]c(nc2c(=O)n(CCC)c1=O)C1CCCC1,HELA,[9*]n1c(=O)c2nc([14*])[nH]c2n([9*])c1=O,0.02340613678097725,0.03720121085643768,-0.013795074075460434
CCCn1c2[nH]c(nc2c(=O)n(CCC)c1=O)C1CCCC1,HELA,[15*]C1CCCC1,0.02340613678097725,0.030643083155155182,-0.007236946374177933
O=c1[nH]c2ccccc2n1CCCN1CCN(CC1)C(c1ccccc1)c1ccccc1,HELA,[4*]C([8*])[8*],0.0205085426568985,0.028302684426307678,-0.00779414176940918
O=c1[nH]c2ccccc2n1CCCN1CCN(CC1)C(c1ccccc1)c1ccccc1,HELA,[16*]c1ccccc1,0.0205085426568985,0.03319976106286049,-0.01269121840596199
O=c1[nH]c2ccccc2n1CCCN1CCN(CC1)C(c1ccccc1)c1ccccc1,HELA,[5*]N1CCN([5*])CC1,0.0205085426568985,0.03322237730026245,-0.012713834643363953
O=c1[nH]c2ccccc2n1CCCN1CCN(CC1)C(c1ccccc1)c1ccccc1,HELA,[4*]CCC[8*],0.0205085426568985,0.031749848276376724,-0.011241305619478226
O=c1[nH]c2ccccc2n1CCCN1CCN(CC1)C(c1ccccc1)c1ccccc1,HELA,[9*]n1c(=O)[nH]c2ccccc21,0.0205085426568985,0.03230230137705803,-0.01179375872015953
CCN1CCN(C(=O)N[C@@H](C(=O)N[C@H]2[C@H]3SCC(CSc4nnnn4C)=C(N3C2=O)C(O)=O)c2ccc(O)cc2)C(=O)C1=O,HELA,[16*]c1ccc(O)cc1,0.023817114531993866,0.027277354151010513,-0.0034602396190166473
CCN1CCN(C(=O)N[C@@H](C(=O)N[C@H]2[C@H]3SCC(CSc4nnnn4C)=C(N3C2=O)C(O)=O)c2ccc(O)cc2)C(=O)C1=O,HELA,[10*]N1CCN([10*])C(=O)C1=O,0.023817114531993866,0.03160979226231575,-0.007792677730321884
CCN1CCN(C(=O)N[C@@H](C(=O)N[C@H]2[C@H]3SCC(CSc4nnnn4C)=C(N3C2=O)C(O)=O)c2ccc(O)cc2)C(=O)C1=O,HELA,[4*]CC1=C(C(=O)O)N2C(=O)[C@@H]([15*])[C@H]2SC1,0.023817114531993866,0.034133996814489365,-0.010316882282495499
CCN1CCN(C(=O)N[C@@H](C(=O)N[C@H]2[C@H]3SCC(CSc4nnnn4C)=C(N3C2=O)C(O)=O)c2ccc(O)cc2)C(=O)C1=O,HELA,[14*]c1nnnn1C,0.023817114531993866,0.02986796572804451,-0.006050851196050644
CCN1CCN(C(=O)N[C@@H](C(=O)N[C@H]2[C@H]3SCC(CSc4nnnn4C)=C(N3C2=O)C(O)=O)c2ccc(O)cc2)C(=O)C1=O,HELA,[5*]N[5*],0.023817114531993866,0.027822591364383698,-0.0040054768323898315
CCN1CCN(C(=O)N[C@@H](C(=O)N[C@H]2[C@H]3SCC(CSc4nnnn4C)=C(N3C2=O)C(O)=O)c2ccc(O)cc2)C(=O)C1=O,HELA,[1*]C(=O)[C@H]([4*])[8*],0.023817114531993866,0.03002365306019783,-0.006206538528203964
CCN1CCN(C(=O)N[C@@H](C(=O)N[C@H]2[C@H]3SCC(CSc4nnnn4C)=C(N3C2=O)C(O)=O)c2ccc(O)cc2)C(=O)C1=O,HELA,[8*]CC,0.023817114531993866,0.028667744249105453,-0.0048506297171115875
CCN1CCN(C(=O)N[C@@H](C(=O)N[C@H]2[C@H]3SCC(CSc4nnnn4C)=C(N3C2=O)C(O)=O)c2ccc(O)cc2)C(=O)C1=O,HELA,[11*]S[11*],0.023817114531993866,0.029246363788843155,-0.005429249256849289
CCN1CCN(C(=O)N[C@@H](C(=O)N[C@H]2[C@H]3SCC(CSc4nnnn4C)=C(N3C2=O)C(O)=O)c2ccc(O)cc2)C(=O)C1=O,HELA,[1*]C([1*])=O,0.023817114531993866,0.029227878898382187,-0.005410764366388321
C[C@]12CC[C@H]3[C@@H](CC[C@H]4C[C@@H]5S[C@@H]5C[C@]34C)[C@@H]1CC[C@@H]2O,HELA,C[C@]12C[C@H]3S[C@H]3C[C@@H]1CC[C@@H]1[C@@H]2CC[C@]2(C)[C@@H](O)CC[C@@H]12,0.021019894629716873,0.023952335119247437,-0.0029324404895305634
Cn1cnc2n(C)c(=O)n(C)c(=O)c12,HELA,Cn1c(=O)c2c(ncn2C)n(C)c1=O,0.017441006377339363,0.023952335119247437,-0.006511328741908073
Cc1ccc(cc1)-c1cc(nn1-c1ccc(cc1)S(N)(=O)=O)C(F)(F)F,HELA,[9*]n1nc([14*])cc1[14*],0.015228085219860077,0.021540451794862747,-0.00631236657500267
Cc1ccc(cc1)-c1cc(nn1-c1ccc(cc1)S(N)(=O)=O)C(F)(F)F,HELA,[16*]c1ccc(S(N)(=O)=O)cc1,0.015228085219860077,0.03083929419517517,-0.015611208975315094
Cc1ccc(cc1)-c1cc(nn1-c1ccc(cc1)S(N)(=O)=O)C(F)(F)F,HELA,[16*]c1ccc(C)cc1,0.015228085219860077,0.02131461724638939,-0.006086532026529312
Cc1ccc(cc1)-c1cc(nn1-c1ccc(cc1)S(N)(=O)=O)C(F)(F)F,HELA,[8*]C(F)(F)F,0.015228085219860077,0.025400061160326004,-0.010171975940465927
Cc1cc(nnc1NCCN1CCOCC1)-c1ccccc1,HELA,[5*]N1CCOCC1,0.019721347838640213,0.04090990498661995,-0.021188557147979736
Cc1cc(nnc1NCCN1CCOCC1)-c1ccccc1,HELA,[16*]c1ccccc1,0.019721347838640213,0.03603821620345116,-0.016316868364810944
Cc1cc(nnc1NCCN1CCOCC1)-c1ccccc1,HELA,[14*]c1cc(C)c([14*])nn1,0.019721347838640213,0.03667111322283745,-0.016949765384197235
Cc1cc(nnc1NCCN1CCOCC1)-c1ccccc1,HELA,[5*]N[5*],0.019721347838640213,0.03669709339737892,-0.01697574555873871
Cc1cc(nnc1NCCN1CCOCC1)-c1ccccc1,HELA,[4*]CC[4*],0.019721347838640213,0.03692768141627312,-0.017206333577632904
CC(C)(C)CC(C)(C)c1ccc(O)c(Cc2ccc(Cl)cc2Cl)c1,HELA,[8*]C[8*],0.012299221009016037,0.03283519297838211,-0.020535971969366074
CC(C)(C)CC(C)(C)c1ccc(O)c(Cc2ccc(Cl)cc2Cl)c1,HELA,[16*]c1ccc(O)c([16*])c1,0.012299221009016037,0.03300068899989128,-0.020701467990875244
CC(C)(C)CC(C)(C)c1ccc(O)c(Cc2ccc(Cl)cc2Cl)c1,HELA,[16*]c1ccc(Cl)cc1Cl,0.012299221009016037,0.034220706671476364,-0.021921485662460327
CC(C)(C)CC(C)(C)c1ccc(O)c(Cc2ccc(Cl)cc2Cl)c1,HELA,[8*]C(C)(C)CC(C)(C)C,0.012299221009016037,0.0397639237344265,-0.02746470272541046
Nc1ccn([C@@H]2CS[C@H](CO)O2)c(=O)n1,HELA,[8*]CO,0.01984715834259987,0.02037891373038292,-0.0005317553877830505
Nc1ccn([C@@H]2CS[C@H](CO)O2)c(=O)n1,HELA,[13*][C@@H]1CS[C@H]([13*])O1,0.01984715834259987,0.031151827424764633,-0.011304669082164764
Nc1ccn([C@@H]2CS[C@H](CO)O2)c(=O)n1,HELA,[9*]n1ccc(N)nc1=O,0.01984715834259987,0.030351612716913223,-0.010504454374313354
C[C@@H]1CC(=O)NN=C1c1ccc(NN=C(C#N)C#N)cc1,HELA,C[C@@H]1CC(=O)NN=C1c1ccc(NN=C(C#N)C#N)cc1,0.023518089205026627,0.023952335119247437,-0.00043424591422080994
FC(F)Oc1ccc(cc1OCC1CC1)C(=O)Nc1c(Cl)cncc1Cl,HELA,[16*]c1c(Cl)cncc1Cl,0.022629383951425552,0.038649361580610275,-0.016019977629184723
FC(F)Oc1ccc(cc1OCC1CC1)C(=O)Nc1c(Cl)cncc1Cl,HELA,[4*]C[8*],0.022629383951425552,0.030763346701860428,-0.008133962750434875
FC(F)Oc1ccc(cc1OCC1CC1)C(=O)Nc1c(Cl)cncc1Cl,HELA,[1*]C([6*])=O,0.022629383951425552,0.03539566323161125,-0.0127662792801857
FC(F)Oc1ccc(cc1OCC1CC1)C(=O)Nc1c(Cl)cncc1Cl,HELA,[3*]O[3*],0.022629383951425552,0.03405484929680824,-0.01142546534538269
FC(F)Oc1ccc(cc1OCC1CC1)C(=O)Nc1c(Cl)cncc1Cl,HELA,[5*]N[5*],0.022629383951425552,0.03103582188487053,-0.008406437933444977
FC(F)Oc1ccc(cc1OCC1CC1)C(=O)Nc1c(Cl)cncc1Cl,HELA,[3*]OC(F)F,0.022629383951425552,0.03524522855877876,-0.01261584460735321
FC(F)Oc1ccc(cc1OCC1CC1)C(=O)Nc1c(Cl)cncc1Cl,HELA,[16*]c1ccc([16*])c([16*])c1,0.022629383951425552,0.034263502806425095,-0.011634118854999542
FC(F)Oc1ccc(cc1OCC1CC1)C(=O)Nc1c(Cl)cncc1Cl,HELA,[15*]C1CC1,0.022629383951425552,0.0355098582804203,-0.012880474328994751
CCc1nn(CCO)c(CC)c1Oc1cc(cc(c1)C#N)C#N,HELA,[16*]c1cc(C#N)cc(C#N)c1,0.01902955397963524,0.0352943129837513,-0.01626475900411606
CCc1nn(CCO)c(CC)c1Oc1cc(cc(c1)C#N)C#N,HELA,[8*]CCO,0.01902955397963524,0.03835098817944527,-0.019321434199810028
CCc1nn(CCO)c(CC)c1Oc1cc(cc(c1)C#N)C#N,HELA,[3*]O[3*],0.01902955397963524,0.033640842884778976,-0.014611288905143738
CCc1nn(CCO)c(CC)c1Oc1cc(cc(c1)C#N)C#N,HELA,[9*]n1nc([14*])c([16*])c1[14*],0.01902955397963524,0.024406887590885162,-0.005377333611249924
CCc1nn(CCO)c(CC)c1Oc1cc(cc(c1)C#N)C#N,HELA,[8*]CC,0.01902955397963524,0.03248603641986847,-0.01345648244023323
CC(C)c1cc2CC[C@H]3[C@@](C)(CCC[C@]3(C)c2cc1S(O)(=O)=O)C(O)=O,HELA,[15*][C@]1(C)CCC[C@]2(C)c3cc(S(=O)(=O)O)c([16*])cc3CC[C@@H]12,0.015987712889909744,0.01134638860821724,0.004641324281692505
CC(C)c1cc2CC[C@H]3[C@@](C)(CCC[C@]3(C)c2cc1S(O)(=O)=O)C(O)=O,HELA,[6*]C(=O)O,0.015987712889909744,0.016480565071105957,-0.0004928521811962128
CC(C)c1cc2CC[C@H]3[C@@](C)(CCC[C@]3(C)c2cc1S(O)(=O)=O)C(O)=O,HELA,[8*]C(C)C,0.015987712889909744,0.015268709510564804,0.0007190033793449402
CN(C(=O)c1c(O)c2ccccc2n(C)c1=O)c1ccccc1,HELA,[16*]c1c(O)c2ccccc2n(C)c1=O,0.025538478046655655,0.023543674498796463,0.001994803547859192
CN(C(=O)c1c(O)c2ccccc2n(C)c1=O)c1ccccc1,HELA,[1*]C([6*])=O,0.025538478046655655,0.02166072279214859,0.003877755254507065
CN(C(=O)c1c(O)c2ccccc2n(C)c1=O)c1ccccc1,HELA,[16*]c1ccccc1,0.025538478046655655,0.02381470799446106,0.0017237700521945953
CN(C(=O)c1c(O)c2ccccc2n(C)c1=O)c1ccccc1,HELA,[5*]N([5*])C,0.025538478046655655,0.02281857281923294,0.0027199052274227142
OC1(CN(C1)C(=O)c1ccc(F)c(F)c1Nc1ccc(I)cc1F)[C@@H]1CCCCN1,HELA,[16*]c1ccc(F)c(F)c1[16*],0.021701160818338394,0.03852067515254021,-0.016819514334201813
OC1(CN(C1)C(=O)c1ccc(F)c(F)c1Nc1ccc(I)cc1F)[C@@H]1CCCCN1,HELA,[1*]C([6*])=O,0.021701160818338394,0.033928122371435165,-0.012226961553096771
OC1(CN(C1)C(=O)c1ccc(F)c(F)c1Nc1ccc(I)cc1F)[C@@H]1CCCCN1,HELA,[5*]N[5*],0.021701160818338394,0.03597697988152504,-0.014275819063186646
OC1(CN(C1)C(=O)c1ccc(F)c(F)c1Nc1ccc(I)cc1F)[C@@H]1CCCCN1,HELA,[5*]N1CC([15*])(O)C1,0.021701160818338394,0.03779390826821327,-0.016092747449874878
OC1(CN(C1)C(=O)c1ccc(F)c(F)c1Nc1ccc(I)cc1F)[C@@H]1CCCCN1,HELA,[16*]c1ccc(I)cc1F,0.021701160818338394,0.03936572000384331,-0.017664559185504913
OC1(CN(C1)C(=O)c1ccc(F)c(F)c1Nc1ccc(I)cc1F)[C@@H]1CCCCN1,HELA,[13*][C@@H]1CCCCN1,0.021701160818338394,0.04015207663178444,-0.018450915813446045
C[C@H]1CCC[C@@]2(C)O[C@H]2C[C@H](NC(=O)C[C@H](O)C(C)(C)C(=O)[C@H](C)[C@H]1O)C(\C)=C\c1csc(C)n1,HELA,[7*]C([8*])C,0.024229642003774643,0.025892022997140884,-0.0016623809933662415
C[C@H]1CCC[C@@]2(C)O[C@H]2C[C@H](NC(=O)C[C@H](O)C(C)(C)C(=O)[C@H](C)[C@H]1O)C(\C)=C\c1csc(C)n1,HELA,[14*]c1csc(C)n1,0.024229642003774643,0.02556045725941658,-0.0013308152556419373
C[C@H]1CCC[C@@]2(C)O[C@H]2C[C@H](NC(=O)C[C@H](O)C(C)(C)C(=O)[C@H](C)[C@H]1O)C(\C)=C\c1csc(C)n1,HELA,[7*]C[8*],0.024229642003774643,0.027335289865732193,-0.00310564786195755
C[C@H]1CCC[C@@]2(C)O[C@H]2C[C@H](NC(=O)C[C@H](O)C(C)(C)C(=O)[C@H](C)[C@H]1O)C(\C)=C\c1csc(C)n1,HELA,[13*][C@@H]1C[C@@H]2O[C@]2(C)CCC[C@H](C)[C@H](O)[C@@H](C)C(=O)C(C)(C)[C@@H](O)CC(=O)N1,0.024229642003774643,0.029687881469726562,-0.0054582394659519196
CC(=O)c1c(O)c(C)c(O)c(Cc2c(O)c(C(=O)/C=C/c3ccccc3)c4OC(C)(C)C=Cc4c2O)c1O,HELA,[16*]c1c(O)c([16*])c2c(c1O)C=CC(C)(C)O2,0.027748335152864456,0.03696079179644585,-0.00921245664358139
CC(=O)c1c(O)c(C)c(O)c(Cc2c(O)c(C(=O)/C=C/c3ccccc3)c4OC(C)(C)C=Cc4c2O)c1O,HELA,[6*]C(C)=O,0.027748335152864456,0.03432402387261391,-0.006575688719749451
CC(=O)c1c(O)c(C)c(O)c(Cc2c(O)c(C(=O)/C=C/c3ccccc3)c4OC(C)(C)C=Cc4c2O)c1O,HELA,[7*]C[8*],0.027748335152864456,0.03356347605586052,-0.005815140902996063
CC(=O)c1c(O)c(C)c(O)c(Cc2c(O)c(C(=O)/C=C/c3ccccc3)c4OC(C)(C)C=Cc4c2O)c1O,HELA,[6*]C(=O)C[7*],0.027748335152864456,0.03373805806040764,-0.005989722907543182
CC(=O)c1c(O)c(C)c(O)c(Cc2c(O)c(C(=O)/C=C/c3ccccc3)c4OC(C)(C)C=Cc4c2O)c1O,HELA,[16*]c1ccccc1,0.027748335152864456,0.032729361206293106,-0.00498102605342865
CC(=O)c1c(O)c(C)c(O)c(Cc2c(O)c(C(=O)/C=C/c3ccccc3)c4OC(C)(C)C=Cc4c2O)c1O,HELA,[8*]C[8*],0.027748335152864456,0.03295696899294853,-0.005208633840084076
CC(=O)c1c(O)c(C)c(O)c(Cc2c(O)c(C(=O)/C=C/c3ccccc3)c4OC(C)(C)C=Cc4c2O)c1O,HELA,[16*]c1c(O)c([16*])c(O)c(C)c1O,0.027748335152864456,0.03135454282164574,-0.0036062076687812805
CCN1CCC[C@H]1CNC(=O)c1c(O)c(Cl)cc(Cl)c1OC,HELA,[16*]c1c(Cl)cc(Cl)c(O)c1[16*],0.026659104973077774,0.03157874569296837,-0.0049196407198905945
CCN1CCC[C@H]1CNC(=O)c1c(O)c(Cl)cc(Cl)c1OC,HELA,[4*]C[8*],0.026659104973077774,0.037303369492292404,-0.01064426451921463
CCN1CCC[C@H]1CNC(=O)c1c(O)c(Cl)cc(Cl)c1OC,HELA,[5*]N1CCC[C@H]1[13*],0.026659104973077774,0.036910612136125565,-0.01025150716304779
CCN1CCC[C@H]1CNC(=O)c1c(O)c(Cl)cc(Cl)c1OC,HELA,[1*]C([6*])=O,0.026659104973077774,0.04148883745074272,-0.014829732477664948
CCN1CCC[C@H]1CNC(=O)c1c(O)c(Cl)cc(Cl)c1OC,HELA,[5*]N[5*],0.026659104973077774,0.041209910064935684,-0.01455080509185791
CCN1CCC[C@H]1CNC(=O)c1c(O)c(Cl)cc(Cl)c1OC,HELA,[4*]CC,0.026659104973077774,0.041621167212724686,-0.014962062239646912
CCN1CCC[C@H]1CNC(=O)c1c(O)c(Cl)cc(Cl)c1OC,HELA,[3*]OC,0.026659104973077774,0.040919531136751175,-0.014260426163673401
NC(=O)Cc1cccc(C(=O)c2ccccc2)c1N,HELA,[16*]c1ccccc1,0.025883272290229797,0.0317615270614624,-0.005878254771232605
NC(=O)Cc1cccc(C(=O)c2ccccc2)c1N,HELA,[8*]CC(N)=O,0.025883272290229797,0.033653374761343,-0.007770102471113205
NC(=O)Cc1cccc(C(=O)c2ccccc2)c1N,HELA,[6*]C([6*])=O,0.025883272290229797,0.030657630413770676,-0.004774358123540878
NC(=O)Cc1cccc(C(=O)c2ccccc2)c1N,HELA,[16*]c1cccc([16*])c1N,0.025883272290229797,0.021935347467660904,0.003947924822568893
CCCCOc1cc(ccc1N)C(=O)OCCN(CC)CC,HELA,[4*]CCCC,0.0200501661747694,0.036498818546533585,-0.016448652371764183
CCCCOc1cc(ccc1N)C(=O)OCCN(CC)CC,HELA,[16*]c1ccc(N)c([16*])c1,0.0200501661747694,0.03434159234166145,-0.014291426166892052
CCCCOc1cc(ccc1N)C(=O)OCCN(CC)CC,HELA,[5*]N([5*])[5*],0.0200501661747694,0.03371228650212288,-0.013662120327353477
CCCCOc1cc(ccc1N)C(=O)OCCN(CC)CC,HELA,[1*]C([6*])=O,0.0200501661747694,0.040393371134996414,-0.020343204960227013
CCCCOc1cc(ccc1N)C(=O)OCCN(CC)CC,HELA,[3*]O[3*],0.0200501661747694,0.04369422420859337,-0.023644058033823967
CCCCOc1cc(ccc1N)C(=O)OCCN(CC)CC,HELA,[4*]CC,0.0200501661747694,0.0399247445166111,-0.019874578341841698
CCCCOc1cc(ccc1N)C(=O)OCCN(CC)CC,HELA,[4*]CC[4*],0.0200501661747694,0.03957231715321541,-0.019522150978446007
NC(=O)c1nc(F)cnc1O,HELA,[6*]C(N)=O,0.02445385605096817,0.019873976707458496,0.004579879343509674
NC(=O)c1nc(F)cnc1O,HELA,[14*]c1nc(F)cnc1O,0.02445385605096817,0.025885041803121567,-0.0014311857521533966
Clc1ccc(Cn2c(CN3CCCC3)nc3ccccc23)cc1,HELA,[4*]C[8*],0.015389371663331985,0.0373956672847271,-0.02200629562139511
Clc1ccc(Cn2c(CN3CCCC3)nc3ccccc23)cc1,HELA,[16*]c1ccc(Cl)cc1,0.015389371663331985,0.03256415203213692,-0.01717478036880493
Clc1ccc(Cn2c(CN3CCCC3)nc3ccccc23)cc1,HELA,[9*]n1c([14*])nc2ccccc21,0.015389371663331985,0.03984424099326134,-0.024454869329929352
Clc1ccc(Cn2c(CN3CCCC3)nc3ccccc23)cc1,HELA,[8*]C[8*],0.015389371663331985,0.03947477415204048,-0.024085402488708496
Clc1ccc(Cn2c(CN3CCCC3)nc3ccccc23)cc1,HELA,[5*]N1CCCC1,0.015389371663331985,0.035528142005205154,-0.02013877034187317
OC(=O)c1cn(C2CC2)c2cc(N3CCNCC3)c(F)cc2c1=O,HELA,[5*]N1CCNCC1,0.02520323172211647,0.027720194309949875,-0.0025169625878334045
OC(=O)c1cn(C2CC2)c2cc(N3CCNCC3)c(F)cc2c1=O,HELA,[15*]C1CC1,0.02520323172211647,0.027678154408931732,-0.002474922686815262
OC(=O)c1cn(C2CC2)c2cc(N3CCNCC3)c(F)cc2c1=O,HELA,[6*]C(=O)O,0.02520323172211647,0.02861863002181053,-0.0034153982996940613
OC(=O)c1cn(C2CC2)c2cc(N3CCNCC3)c(F)cc2c1=O,HELA,[9*]n1cc([16*])c(=O)c2cc(F)c([16*])cc21,0.02520323172211647,0.016808073967695236,0.008395157754421234
O[C@H](CNC[C@@H](O)[C@@H]1CCc2cc(F)ccc2O1)[C@H]1CCc2cc(F)ccc2O1,HELA,[13*][C@@H]1CCc2cc(F)ccc2O1,0.02266554906964302,0.02144244685769081,0.0012231022119522095
O[C@H](CNC[C@@H](O)[C@@H]1CCc2cc(F)ccc2O1)[C@H]1CCc2cc(F)ccc2O1,HELA,[13*][C@H]1CCc2cc(F)ccc2O1,0.02266554906964302,0.02133702114224434,0.0013285279273986816
O[C@H](CNC[C@@H](O)[C@@H]1CCc2cc(F)ccc2O1)[C@H]1CCc2cc(F)ccc2O1,HELA,[5*]N[5*],0.02266554906964302,0.019148580729961395,0.0035169683396816254
O[C@H](CNC[C@@H](O)[C@@H]1CCc2cc(F)ccc2O1)[C@H]1CCc2cc(F)ccc2O1,HELA,[4*]C[C@H]([8*])O,0.02266554906964302,0.019499730318784714,0.003165818750858307
Oc1cc(O)c2c(c1)oc(cc2=O)-c1ccc(O)c(O)c1,HELA,[14*]c1cc(=O)c2c(O)cc(O)cc2o1,0.01707526668906212,0.027612507343292236,-0.010537240654230118
Oc1cc(O)c2c(c1)oc(cc2=O)-c1ccc(O)c(O)c1,HELA,[16*]c1ccc(O)c(O)c1,0.01707526668906212,0.029321249574422836,-0.012245982885360718
CN1CCC[C@H]1c1cccnc1,HELA,[13*][C@@H]1CCCN1C,0.022776715457439423,0.028383661061525345,-0.005606945604085922
CN1CCC[C@H]1c1cccnc1,HELA,[16*]c1cccnc1,0.022776715457439423,0.022670350968837738,0.00010636448860168457
COC(=O)N[C@@H](C(C)C)C(=O)N1CC2(CC2)C[C@H]1c1ncc([nH]1)-c1ccc2-c3ccc(cc3C(F)(F)c2c1)-c1ccc2nc([nH]c2c1)[C@@H]1[C@H]2CC[C@H](C2)N1C(=O)[C@@H](NC(=O)OC)C(C)C,HELA,[5*]N1CC2(CC2)C[C@H]1[13*],0.027499306946992874,0.04180048033595085,-0.014301173388957977
COC(=O)N[C@@H](C(C)C)C(=O)N1CC2(CC2)C[C@H]1c1ncc([nH]1)-c1ccc2-c3ccc(cc3C(F)(F)c2c1)-c1ccc2nc([nH]c2c1)[C@@H]1[C@H]2CC[C@H](C2)N1C(=O)[C@@H](NC(=O)OC)C(C)C,HELA,[1*]C(=O)[C@@H]([4*])C(C)C,0.027499306946992874,0.04329444095492363,-0.015795134007930756
COC(=O)N[C@@H](C(C)C)C(=O)N1CC2(CC2)C[C@H]1c1ncc([nH]1)-c1ccc2-c3ccc(cc3C(F)(F)c2c1)-c1ccc2nc([nH]c2c1)[C@@H]1[C@H]2CC[C@H](C2)N1C(=O)[C@@H](NC(=O)OC)C(C)C,HELA,[5*]N1[C@@H]2CC[C@@H](C2)[C@H]1[13*],0.027499306946992874,0.04203176870942116,-0.014532461762428284
COC(=O)N[C@@H](C(C)C)C(=O)N1CC2(CC2)C[C@H]1c1ncc([nH]1)-c1ccc2-c3ccc(cc3C(F)(F)c2c1)-c1ccc2nc([nH]c2c1)[C@@H]1[C@H]2CC[C@H](C2)N1C(=O)[C@@H](NC(=O)OC)C(C)C,HELA,[14*]c1nc2ccc([16*])cc2[nH]1,0.027499306946992874,0.040227849036455154,-0.01272854208946228
COC(=O)N[C@@H](C(C)C)C(=O)N1CC2(CC2)C[C@H]1c1ncc([nH]1)-c1ccc2-c3ccc(cc3C(F)(F)c2c1)-c1ccc2nc([nH]c2c1)[C@@H]1[C@H]2CC[C@H](C2)N1C(=O)[C@@H](NC(=O)OC)C(C)C,HELA,[16*]c1ccc2c(c1)C(F)(F)c1cc([16*])ccc1-2,0.027499306946992874,0.0398980937898159,-0.012398786842823029
COC(=O)N[C@@H](C(C)C)C(=O)N1CC2(CC2)C[C@H]1c1ncc([nH]1)-c1ccc2-c3ccc(cc3C(F)(F)c2c1)-c1ccc2nc([nH]c2c1)[C@@H]1[C@H]2CC[C@H](C2)N1C(=O)[C@@H](NC(=O)OC)C(C)C,HELA,[5*]N[5*],0.027499306946992874,0.04310695454478264,-0.015607647597789764
COC(=O)N[C@@H](C(C)C)C(=O)N1CC2(CC2)C[C@H]1c1ncc([nH]1)-c1ccc2-c3ccc(cc3C(F)(F)c2c1)-c1ccc2nc([nH]c2c1)[C@@H]1[C@H]2CC[C@H](C2)N1C(=O)[C@@H](NC(=O)OC)C(C)C,HELA,[14*]c1cnc([14*])[nH]1,0.027499306946992874,0.04310695454478264,-0.015607647597789764
COC(=O)N[C@@H](C(C)C)C(=O)N1CC2(CC2)C[C@H]1c1ncc([nH]1)-c1ccc2-c3ccc(cc3C(F)(F)c2c1)-c1ccc2nc([nH]c2c1)[C@@H]1[C@H]2CC[C@H](C2)N1C(=O)[C@@H](NC(=O)OC)C(C)C,HELA,[1*]C([1*])=O,0.027499306946992874,0.04310695454478264,-0.015607647597789764
COC(=O)N[C@@H](C(C)C)C(=O)N1CC2(CC2)C[C@H]1c1ncc([nH]1)-c1ccc2-c3ccc(cc3C(F)(F)c2c1)-c1ccc2nc([nH]c2c1)[C@@H]1[C@H]2CC[C@H](C2)N1C(=O)[C@@H](NC(=O)OC)C(C)C,HELA,[3*]OC,0.027499306946992874,0.04310695454478264,-0.015607647597789764
CCCCN(CCCC)CCCOc1ccc(cc1)C(=O)c1c(CCCC)oc2ccc(NS(C)(=O)=O)cc12,HELA,[4*]CCCC,0.026927094906568527,0.037619542330503464,-0.010692447423934937
CCCCN(CCCC)CCCOc1ccc(cc1)C(=O)c1c(CCCC)oc2ccc(NS(C)(=O)=O)cc12,HELA,[4*]CCC[4*],0.026927094906568527,0.04079512134194374,-0.013868026435375214
CCCCN(CCCC)CCCOc1ccc(cc1)C(=O)c1c(CCCC)oc2ccc(NS(C)(=O)=O)cc12,HELA,[8*]CCCC,0.026927094906568527,0.03936103358864784,-0.012433938682079315
CCCCN(CCCC)CCCOc1ccc(cc1)C(=O)c1c(CCCC)oc2ccc(NS(C)(=O)=O)cc12,HELA,[5*]N([5*])[5*],0.026927094906568527,0.03911526873707771,-0.012188173830509186
CCCCN(CCCC)CCCOc1ccc(cc1)C(=O)c1c(CCCC)oc2ccc(NS(C)(=O)=O)cc12,HELA,[3*]O[3*],0.026927094906568527,0.04129612073302269,-0.014369025826454163
CCCCN(CCCC)CCCOc1ccc(cc1)C(=O)c1c(CCCC)oc2ccc(NS(C)(=O)=O)cc12,HELA,[5*]N[5*],0.026927094906568527,0.039530206471681595,-0.012603111565113068
CCCCN(CCCC)CCCOc1ccc(cc1)C(=O)c1c(CCCC)oc2ccc(NS(C)(=O)=O)cc12,HELA,[12*]S(C)(=O)=O,0.026927094906568527,0.040703121572732925,-0.013776026666164398
CCCCN(CCCC)CCCOc1ccc(cc1)C(=O)c1c(CCCC)oc2ccc(NS(C)(=O)=O)cc12,HELA,[16*]c1ccc([16*])cc1,0.026927094906568527,0.03958466276526451,-0.012657567858695984
CCCCN(CCCC)CCCOc1ccc(cc1)C(=O)c1c(CCCC)oc2ccc(NS(C)(=O)=O)cc12,HELA,[6*]C([6*])=O,0.026927094906568527,0.04057837650179863,-0.013651281595230103
CCCCN(CCCC)CCCOc1ccc(cc1)C(=O)c1c(CCCC)oc2ccc(NS(C)(=O)=O)cc12,HELA,[14*]c1oc2ccc([16*])cc2c1[16*],0.026927094906568527,0.039328355342149734,-0.012401260435581207
Cc1nnc(o1)C(=O)NC(C)(C)c1nc(C(=O)NCc2ccc(F)cc2)c(O)c(=O)n1C,HELA,[14*]c1nc([14*])n(C)c(=O)c1O,0.026810627430677414,0.044799502938985825,-0.01798887550830841
Cc1nnc(o1)C(=O)NC(C)(C)c1nc(C(=O)NCc2ccc(F)cc2)c(O)c(=O)n1C,HELA,[4*]C([8*])(C)C,0.026810627430677414,0.03497296944260597,-0.008162342011928558
Cc1nnc(o1)C(=O)NC(C)(C)c1nc(C(=O)NCc2ccc(F)cc2)c(O)c(=O)n1C,HELA,[4*]C[8*],0.026810627430677414,0.03873476758599281,-0.0119241401553154
Cc1nnc(o1)C(=O)NC(C)(C)c1nc(C(=O)NCc2ccc(F)cc2)c(O)c(=O)n1C,HELA,[14*]c1nnc(C)o1,0.026810627430677414,0.034519631415605545,-0.007709003984928131
Cc1nnc(o1)C(=O)NC(C)(C)c1nc(C(=O)NCc2ccc(F)cc2)c(O)c(=O)n1C,HELA,[1*]C([6*])=O,0.026810627430677414,0.034597281366586685,-0.007786653935909271
Cc1nnc(o1)C(=O)NC(C)(C)c1nc(C(=O)NCc2ccc(F)cc2)c(O)c(=O)n1C,HELA,[5*]N[5*],0.026810627430677414,0.03543361648917198,-0.008622989058494568
Cc1nnc(o1)C(=O)NC(C)(C)c1nc(C(=O)NCc2ccc(F)cc2)c(O)c(=O)n1C,HELA,[16*]c1ccc(F)cc1,0.026810627430677414,0.03829621151089668,-0.011485584080219269
Cc1onc(c1C(=O)N[C@H]1[C@H]2SC(C)(C)[C@@H](N2C1=O)C(O)=O)-c1c(Cl)cccc1Cl,HELA,[16*]c1c(Cl)cccc1Cl,0.01924946904182434,0.034022148698568344,-0.014772679656744003
Cc1onc(c1C(=O)N[C@H]1[C@H]2SC(C)(C)[C@@H](N2C1=O)C(O)=O)-c1c(Cl)cccc1Cl,HELA,[14*]c1noc(C)c1[16*],0.01924946904182434,0.030672039836645126,-0.011422570794820786
Cc1onc(c1C(=O)N[C@H]1[C@H]2SC(C)(C)[C@@H](N2C1=O)C(O)=O)-c1c(Cl)cccc1Cl,HELA,[6*]C(=O)O,0.01924946904182434,0.040353838354349136,-0.021104369312524796
Cc1onc(c1C(=O)N[C@H]1[C@H]2SC(C)(C)[C@@H](N2C1=O)C(O)=O)-c1c(Cl)cccc1Cl,HELA,[1*]C([6*])=O,0.01924946904182434,0.0356183759868145,-0.016368906944990158
Cc1onc(c1C(=O)N[C@H]1[C@H]2SC(C)(C)[C@@H](N2C1=O)C(O)=O)-c1c(Cl)cccc1Cl,HELA,[5*]N[5*],0.01924946904182434,0.03274114057421684,-0.013491671532392502
Cc1onc(c1C(=O)N[C@H]1[C@H]2SC(C)(C)[C@@H](N2C1=O)C(O)=O)-c1c(Cl)cccc1Cl,HELA,[13*][C@@H]1N2C(=O)[C@@H]([15*])[C@H]2SC1(C)C,0.01924946904182434,0.03346585854887962,-0.014216389507055283
CC(C)OC(=O)[C@H](C)N[P@@](=O)(OC[C@H]1O[C@@H](n2ccc(=O)[nH]c2=O)[C@](C)(F)[C@@H]1O)Oc1ccccc1,HELA,[16*]c1ccccc1,0.018430843949317932,0.030650172382593155,-0.012219328433275223
CC(C)OC(=O)[C@H](C)N[P@@](=O)(OC[C@H]1O[C@@H](n2ccc(=O)[nH]c2=O)[C@](C)(F)[C@@H]1O)Oc1ccccc1,HELA,[4*]C[8*],0.018430843949317932,0.02873435989022255,-0.010303515940904617
CC(C)OC(=O)[C@H](C)N[P@@](=O)(OC[C@H]1O[C@@H](n2ccc(=O)[nH]c2=O)[C@](C)(F)[C@@H]1O)Oc1ccccc1,HELA,[4*]C(C)C,0.018430843949317932,0.028469588607549667,-0.010038744658231735
CC(C)OC(=O)[C@H](C)N[P@@](=O)(OC[C@H]1O[C@@H](n2ccc(=O)[nH]c2=O)[C@](C)(F)[C@@H]1O)Oc1ccccc1,HELA,[1*]C(=O)[C@H](C)NP(=O)(O[3*])O[3*],0.018430843949317932,0.030707884579896927,-0.012277040630578995
CC(C)OC(=O)[C@H](C)N[P@@](=O)(OC[C@H]1O[C@@H](n2ccc(=O)[nH]c2=O)[C@](C)(F)[C@@H]1O)Oc1ccccc1,HELA,[3*]O[3*],0.018430843949317932,0.02753402665257454,-0.009103182703256607
CC(C)OC(=O)[C@H](C)N[P@@](=O)(OC[C@H]1O[C@@H](n2ccc(=O)[nH]c2=O)[C@](C)(F)[C@@H]1O)Oc1ccccc1,HELA,[13*][C@@H]1O[C@H]([13*])[C@@H](O)[C@@]1(C)F,0.018430843949317932,0.026907846331596375,-0.008477002382278442
CC(C)OC(=O)[C@H](C)N[P@@](=O)(OC[C@H]1O[C@@H](n2ccc(=O)[nH]c2=O)[C@](C)(F)[C@@H]1O)Oc1ccccc1,HELA,[9*]n1ccc(=O)[nH]c1=O,0.018430843949317932,0.02693239226937294,-0.008501548320055008
C(C(C1CCCCC1)C1CCCCC1)C1CCCCN1,HT29,[15*]C1CCCCC1,0.041325464844703674,0.025111796334385872,0.016213668510317802
C(C(C1CCCCC1)C1CCCCC1)C1CCCCN1,HT29,[13*]C1CCCCN1,0.041325464844703674,0.028706423938274384,0.01261904090642929
C(C(C1CCCCC1)C1CCCCC1)C1CCCCN1,HT29,[8*]CC([8*])[8*],0.041325464844703674,0.036020249128341675,0.0053052157163619995
CC1C(=O)C(=O)C=C2C1=CC=C3[C@@]2(C)CCC4(C)[C@@H]5C[C@@](C)(CC[C@]5(C)CC[C@]34C)C(=O)O,HT29,[15*][C@]1(C)CC[C@]2(C)CC[C@]3(C)C4=CC=C5C(=CC(=O)C(=O)C5C)[C@]4(C)CCC3(C)[C@@H]2C1,0.04090457409620285,0.010505842044949532,0.03039873205125332
CC1C(=O)C(=O)C=C2C1=CC=C3[C@@]2(C)CCC4(C)[C@@H]5C[C@@](C)(CC[C@]5(C)CC[C@]34C)C(=O)O,HT29,[6*]C(=O)O,0.04090457409620285,0.04272281751036644,-0.0018182434141635895
CS(=O)c1ccc(cc1)-c1nc(c([nH]1)-c1ccncc1)-c1ccc(F)cc1,HT29,[16*]c1ccc(F)cc1,0.02981475368142128,0.04033719003200531,-0.01052243635058403
CS(=O)c1ccc(cc1)-c1nc(c([nH]1)-c1ccncc1)-c1ccc(F)cc1,HT29,[16*]c1ccc(S(C)=O)cc1,0.02981475368142128,0.041196636855602264,-0.011381883174180984
CS(=O)c1ccc(cc1)-c1nc(c([nH]1)-c1ccncc1)-c1ccc(F)cc1,HT29,[14*]c1nc([14*])c([14*])[nH]1,0.02981475368142128,0.03318591043353081,-0.0033711567521095276
CS(=O)c1ccc(cc1)-c1nc(c([nH]1)-c1ccncc1)-c1ccc(F)cc1,HT29,[16*]c1ccncc1,0.02981475368142128,0.03906044736504555,-0.009245693683624268
N#CC(c1nc2ccccc2s1)c1ccnc(NCCc2cccnc2)n1,HT29,[8*]C([8*])C#N,0.038371555507183075,0.03469524160027504,0.0036763139069080353
N#CC(c1nc2ccccc2s1)c1ccnc(NCCc2cccnc2)n1,HT29,[14*]c1nc2ccccc2s1,0.038371555507183075,0.0353919193148613,0.0029796361923217773
N#CC(c1nc2ccccc2s1)c1ccnc(NCCc2cccnc2)n1,HT29,[16*]c1cccnc1,0.038371555507183075,0.03410923108458519,0.004262324422597885
N#CC(c1nc2ccccc2s1)c1ccnc(NCCc2cccnc2)n1,HT29,[4*]CC[8*],0.038371555507183075,0.034944064915180206,0.0034274905920028687
N#CC(c1nc2ccccc2s1)c1ccnc(NCCc2cccnc2)n1,HT29,[5*]N[5*],0.038371555507183075,0.035626791417598724,0.0027447640895843506
N#CC(c1nc2ccccc2s1)c1ccnc(NCCc2cccnc2)n1,HT29,[14*]c1ccnc([14*])n1,0.038371555507183075,0.034589819610118866,0.003781735897064209
COc1cccc2C(=O)c3c(O)c4C[C@](O)(C[C@H](OC5CC(N)C(O)C(C)O5)c4c(O)c3C(=O)c12)C(C)=O,HT29,[3*]O[C@H]1C[C@@]([15*])(O)Cc2c(O)c3c(c(O)c21)C(=O)c1c([16*])cccc1C3=O,0.039155419915914536,0.027875764295458794,0.011279655620455742
COc1cccc2C(=O)c3c(O)c4C[C@](O)(C[C@H](OC5CC(N)C(O)C(C)O5)c4c(O)c3C(=O)c12)C(C)=O,HT29,[6*]C(C)=O,0.039155419915914536,0.029535701498389244,0.009619718417525291
COc1cccc2C(=O)c3c(O)c4C[C@](O)(C[C@H](OC5CC(N)C(O)C(C)O5)c4c(O)c3C(=O)c12)C(C)=O,HT29,[13*]C1CC(N)C(O)C(C)O1,0.039155419915914536,0.02839510887861252,0.010760311037302017
COc1cccc2C(=O)c3c(O)c4C[C@](O)(C[C@H](OC5CC(N)C(O)C(C)O5)c4c(O)c3C(=O)c12)C(C)=O,HT29,[3*]OC,0.039155419915914536,0.028194081038236618,0.010961338877677917
COc1cc(ccc1Nc1ncc2N(C)C(=O)CC(C)N(C3CCCC3)c2n1)C(=O)NC1CCN(C)CC1,HT29,[16*]c1ccc([16*])c([16*])c1,0.044117994606494904,0.027511756867170334,0.01660623773932457
COc1cc(ccc1Nc1ncc2N(C)C(=O)CC(C)N(C3CCCC3)c2n1)C(=O)NC1CCN(C)CC1,HT29,[5*]N1c2nc([14*])ncc2N(C)C(=O)CC1C,0.044117994606494904,0.040397997945547104,0.0037199966609477997
COc1cc(ccc1Nc1ncc2N(C)C(=O)CC(C)N(C3CCCC3)c2n1)C(=O)NC1CCN(C)CC1,HT29,[1*]C([6*])=O,0.044117994606494904,0.03245198354125023,0.011666011065244675
COc1cc(ccc1Nc1ncc2N(C)C(=O)CC(C)N(C3CCCC3)c2n1)C(=O)NC1CCN(C)CC1,HT29,[5*]N[5*],0.044117994606494904,0.033164456486701965,0.010953538119792938
COc1cc(ccc1Nc1ncc2N(C)C(=O)CC(C)N(C3CCCC3)c2n1)C(=O)NC1CCN(C)CC1,HT29,[15*]C1CCN(C)CC1,0.044117994606494904,0.0315186008810997,0.012599393725395203
COc1cc(ccc1Nc1ncc2N(C)C(=O)CC(C)N(C3CCCC3)c2n1)C(=O)NC1CCN(C)CC1,HT29,[15*]C1CCCC1,0.044117994606494904,0.031196674332022667,0.012921320274472237
COc1cc(ccc1Nc1ncc2N(C)C(=O)CC(C)N(C3CCCC3)c2n1)C(=O)NC1CCN(C)CC1,HT29,[3*]OC,0.044117994606494904,0.03195946663618088,0.012158527970314026
CCC1NC(=O)C(C(O)C(C)C\C=C\C)N(C)C(=O)C(C(C)C)N(C)C(=O)C(CC(C)C)N(C)C(=O)C(CC(C)C)N(C)C(=O)C(C)NC(=O)C(C)NC(=O)C(CC(C)C)N(C)C(=O)C(NC(=O)C(CC(C)C)N(C)C(=O)CN(C)C1=O)C(C)C,HT29,[8*]C(C)C,0.027873896062374115,0.020025216042995453,0.007848680019378662
CCC1NC(=O)C(C(O)C(C)C\C=C\C)N(C)C(=O)C(C(C)C)N(C)C(=O)C(CC(C)C)N(C)C(=O)C(CC(C)C)N(C)C(=O)C(C)NC(=O)C(C)NC(=O)C(CC(C)C)N(C)C(=O)C(NC(=O)C(CC(C)C)N(C)C(=O)CN(C)C1=O)C(C)C,HT29,[8*]CC(C)C,0.027873896062374115,0.019828416407108307,0.008045479655265808
CCC1NC(=O)C(C(O)C(C)C\C=C\C)N(C)C(=O)C(C(C)C)N(C)C(=O)C(CC(C)C)N(C)C(=O)C(CC(C)C)N(C)C(=O)C(C)NC(=O)C(C)NC(=O)C(CC(C)C)N(C)C(=O)C(NC(=O)C(CC(C)C)N(C)C(=O)CN(C)C1=O)C(C)C,HT29,[13*]C1NC(=O)C([13*])N(C)C(=O)C([13*])N(C)C(=O)C([13*])N(C)C(=O)C([13*])N(C)C(=O)C(C)NC(=O)C(C)NC(=O)C([13*])N(C)C(=O)C([13*])NC(=O)C([13*])N(C)C(=O)CN(C)C1=O,0.027873896062374115,0.038169704377651215,-0.0102958083152771
CCC1NC(=O)C(C(O)C(C)C\C=C\C)N(C)C(=O)C(C(C)C)N(C)C(=O)C(CC(C)C)N(C)C(=O)C(CC(C)C)N(C)C(=O)C(C)NC(=O)C(C)NC(=O)C(CC(C)C)N(C)C(=O)C(NC(=O)C(CC(C)C)N(C)C(=O)CN(C)C1=O)C(C)C,HT29,[7*]CC,0.027873896062374115,0.02220098301768303,0.005672913044691086
CCC1NC(=O)C(C(O)C(C)C\C=C\C)N(C)C(=O)C(C(C)C)N(C)C(=O)C(CC(C)C)N(C)C(=O)C(CC(C)C)N(C)C(=O)C(C)NC(=O)C(C)NC(=O)C(CC(C)C)N(C)C(=O)C(NC(=O)C(CC(C)C)N(C)C(=O)CN(C)C1=O)C(C)C,HT29,[7*]CCC(C)C([8*])O,0.027873896062374115,0.02220098301768303,0.005672913044691086
CCC1NC(=O)C(C(O)C(C)C\C=C\C)N(C)C(=O)C(C(C)C)N(C)C(=O)C(CC(C)C)N(C)C(=O)C(CC(C)C)N(C)C(=O)C(C)NC(=O)C(C)NC(=O)C(CC(C)C)N(C)C(=O)C(NC(=O)C(CC(C)C)N(C)C(=O)CN(C)C1=O)C(C)C,HT29,[8*]CC,0.027873896062374115,0.02220098301768303,0.005672913044691086
CCn1c(nc2c(ncc(OCC3CCCNC3)c12)C#CC(C)(C)O)-c1nonc1N,HT29,[4*]C[8*],0.04057881981134415,0.03137720376253128,0.009201616048812866
CCn1c(nc2c(ncc(OCC3CCCNC3)c12)C#CC(C)(C)O)-c1nonc1N,HT29,[14*]c1nonc1N,0.04057881981134415,0.025345034897327423,0.015233784914016724
CCn1c(nc2c(ncc(OCC3CCCNC3)c12)C#CC(C)(C)O)-c1nonc1N,HT29,[3*]O[3*],0.04057881981134415,0.025227954611182213,0.015350865200161934
CCn1c(nc2c(ncc(OCC3CCCNC3)c12)C#CC(C)(C)O)-c1nonc1N,HT29,[15*]C1CCCNC1,0.04057881981134415,0.025624969974160194,0.014953849837183952
CCn1c(nc2c(ncc(OCC3CCCNC3)c12)C#CC(C)(C)O)-c1nonc1N,HT29,[8*]CC,0.04057881981134415,0.026683079078793526,0.013895740732550621
CCn1c(nc2c(ncc(OCC3CCCNC3)c12)C#CC(C)(C)O)-c1nonc1N,HT29,[9*]n1c([14*])nc2c(C#CC(C)(C)O)ncc([16*])c21,0.04057881981134415,0.02922816574573517,0.011350654065608978
CC1CN(CC(=O)Nc2ccc3Sc4c(Cc3c2)cccc4-c2cc(=O)cc(o2)N2CCOCC2)CC(C)O1,HT29,[5*]N1CC(C)OC(C)C1,0.037072353065013885,0.027017010375857353,0.010055342689156532
CC1CN(CC(=O)Nc2ccc3Sc4c(Cc3c2)cccc4-c2cc(=O)cc(o2)N2CCOCC2)CC(C)O1,HT29,[5*]N1CCOCC1,0.037072353065013885,0.027624044567346573,0.009448308497667313
CC1CN(CC(=O)Nc2ccc3Sc4c(Cc3c2)cccc4-c2cc(=O)cc(o2)N2CCOCC2)CC(C)O1,HT29,[1*]C(=O)C[4*],0.037072353065013885,0.02956605702638626,0.0075062960386276245
CC1CN(CC(=O)Nc2ccc3Sc4c(Cc3c2)cccc4-c2cc(=O)cc(o2)N2CCOCC2)CC(C)O1,HT29,[14*]c1cc(=O)cc([14*])o1,0.037072353065013885,0.03481180965900421,0.002260543406009674
CC1CN(CC(=O)Nc2ccc3Sc4c(Cc3c2)cccc4-c2cc(=O)cc(o2)N2CCOCC2)CC(C)O1,HT29,[16*]c1ccc2c(c1)Cc1cccc([16*])c1S2,0.037072353065013885,0.03077491745352745,0.006297435611486435
CC1CN(CC(=O)Nc2ccc3Sc4c(Cc3c2)cccc4-c2cc(=O)cc(o2)N2CCOCC2)CC(C)O1,HT29,[5*]N[5*],0.037072353065013885,0.028079558163881302,0.008992794901132584
COc1ccc2cc(ccc2c1)-c1nc([nH]c1-c1ccncc1)-c1ccc(cc1)S(C)=O,HT29,[16*]c1ccc2cc([16*])ccc2c1,0.031821079552173615,0.0373198464512825,-0.005498766899108887
COc1ccc2cc(ccc2c1)-c1nc([nH]c1-c1ccncc1)-c1ccc(cc1)S(C)=O,HT29,[16*]c1ccncc1,0.031821079552173615,0.03821038454771042,-0.006389304995536804
COc1ccc2cc(ccc2c1)-c1nc([nH]c1-c1ccncc1)-c1ccc(cc1)S(C)=O,HT29,[16*]c1ccc(S(C)=O)cc1,0.031821079552173615,0.039355095475912094,-0.00753401592373848
COc1ccc2cc(ccc2c1)-c1nc([nH]c1-c1ccncc1)-c1ccc(cc1)S(C)=O,HT29,[14*]c1nc([14*])c([14*])[nH]1,0.031821079552173615,0.0349043570458889,-0.0030832774937152863
COc1ccc2cc(ccc2c1)-c1nc([nH]c1-c1ccncc1)-c1ccc(cc1)S(C)=O,HT29,[3*]OC,0.031821079552173615,0.039117325097322464,-0.0072962455451488495
Clc1ccc(C(Cn2ccnc2)OCc2c(Cl)cccc2Cl)c(Cl)c1,HT29,[16*]c1c(Cl)cccc1Cl,0.038724612444639206,0.03081873059272766,0.007905881851911545
Clc1ccc(C(Cn2ccnc2)OCc2c(Cl)cccc2Cl)c(Cl)c1,HT29,[9*]n1ccnc1,0.038724612444639206,0.03325778990983963,0.005466822534799576
Clc1ccc(C(Cn2ccnc2)OCc2c(Cl)cccc2Cl)c(Cl)c1,HT29,[16*]c1ccc(Cl)cc1Cl,0.038724612444639206,0.02832605503499508,0.010398557409644127
Clc1ccc(C(Cn2ccnc2)OCc2c(Cl)cccc2Cl)c(Cl)c1,HT29,[4*]C[8*],0.038724612444639206,0.03089064732193947,0.007833965122699738
Clc1ccc(C(Cn2ccnc2)OCc2c(Cl)cccc2Cl)c(Cl)c1,HT29,[4*]C([8*])C[8*],0.038724612444639206,0.024988090619444847,0.013736521825194359
Clc1ccc(C(Cn2ccnc2)OCc2c(Cl)cccc2Cl)c(Cl)c1,HT29,[3*]O[3*],0.038724612444639206,0.034405190497636795,0.004319421947002411
c1cn(cn1)C(c1ccccc1)c1ccc(cc1)-c1ccccc1,HT29,[16*]c1ccc([16*])cc1,0.04021400585770607,0.027346739545464516,0.012867266312241554
c1cn(cn1)C(c1ccccc1)c1ccc(cc1)-c1ccccc1,HT29,[16*]c1ccccc1,0.04021400585770607,0.035052672028541565,0.005161333829164505
c1cn(cn1)C(c1ccccc1)c1ccc(cc1)-c1ccccc1,HT29,[9*]n1ccnc1,0.04021400585770607,0.042761221528053284,-0.0025472156703472137
c1cn(cn1)C(c1ccccc1)c1ccc(cc1)-c1ccccc1,HT29,[8*]C([8*])[8*],0.04021400585770607,0.03926379978656769,0.000950206071138382
O=c1cc(oc2c(cccc12)-c1cccc2c3ccccc3sc12)N1CCOCC1,HT29,[5*]N1CCOCC1,0.03499256819486618,0.03427921235561371,0.0007133558392524719
O=c1cc(oc2c(cccc12)-c1cccc2c3ccccc3sc12)N1CCOCC1,HT29,[16*]c1cccc2c1sc1ccccc12,0.03499256819486618,0.02916179969906807,0.005830768495798111
O=c1cc(oc2c(cccc12)-c1cccc2c3ccccc3sc12)N1CCOCC1,HT29,[14*]c1cc(=O)c2cccc([16*])c2o1,0.03499256819486618,0.027650097385048866,0.007342470809817314
N[C@H]1[C@@H]2CN(C[C@H]12)c1nc2n(cc(C(O)=O)c(=O)c2cc1F)-c1ccc(F)cc1F,HT29,[9*]n1cc([16*])c(=O)c2cc(F)c([14*])nc21,0.030008770525455475,0.025800181552767754,0.004208588972687721
N[C@H]1[C@@H]2CN(C[C@H]12)c1nc2n(cc(C(O)=O)c(=O)c2cc1F)-c1ccc(F)cc1F,HT29,[6*]C(=O)O,0.030008770525455475,0.025444351136684418,0.004564419388771057
N[C@H]1[C@@H]2CN(C[C@H]12)c1nc2n(cc(C(O)=O)c(=O)c2cc1F)-c1ccc(F)cc1F,HT29,[5*]N1C[C@@H]2[C@@H](N)[C@@H]2C1,0.030008770525455475,0.03228921815752983,-0.002280447632074356
N[C@H]1[C@@H]2CN(C[C@H]12)c1nc2n(cc(C(O)=O)c(=O)c2cc1F)-c1ccc(F)cc1F,HT29,[16*]c1ccc(F)cc1F,0.030008770525455475,0.027833668515086174,0.002175102010369301
COc1cc(ccc1Nc1ncc2N(C)C(=O)c3ccccc3N(C)c2n1)C(=O)N1CCC(CC1)N1CCN(C)CC1,HT29,[5*]N1CCC([15*])CC1,0.04427052661776543,0.03533470630645752,0.008935820311307907
COc1cc(ccc1Nc1ncc2N(C)C(=O)c3ccccc3N(C)c2n1)C(=O)N1CCC(CC1)N1CCN(C)CC1,HT29,[1*]C([6*])=O,0.04427052661776543,0.035315919667482376,0.00895460695028305
COc1cc(ccc1Nc1ncc2N(C)C(=O)c3ccccc3N(C)c2n1)C(=O)N1CCC(CC1)N1CCN(C)CC1,HT29,[5*]N[5*],0.04427052661776543,0.03685007616877556,0.007420450448989868
COc1cc(ccc1Nc1ncc2N(C)C(=O)c3ccccc3N(C)c2n1)C(=O)N1CCC(CC1)N1CCN(C)CC1,HT29,[16*]c1ccc([16*])c([16*])c1,0.04427052661776543,0.03389144316315651,0.010379083454608917
COc1cc(ccc1Nc1ncc2N(C)C(=O)c3ccccc3N(C)c2n1)C(=O)N1CCC(CC1)N1CCN(C)CC1,HT29,[5*]N1CCN(C)CC1,0.04427052661776543,0.03404966741800308,0.010220859199762344
COc1cc(ccc1Nc1ncc2N(C)C(=O)c3ccccc3N(C)c2n1)C(=O)N1CCC(CC1)N1CCN(C)CC1,HT29,[14*]c1ncc2c(n1)N(C)c1ccccc1C(=O)N2C,0.04427052661776543,0.03721625730395317,0.007054269313812256
COc1cc(ccc1Nc1ncc2N(C)C(=O)c3ccccc3N(C)c2n1)C(=O)N1CCC(CC1)N1CCN(C)CC1,HT29,[3*]OC,0.04427052661776543,0.03324802219867706,0.011022504419088364
O=C1c2ccccc2-c2n[nH]c3cccc1c23,HT29,O=C1c2ccccc2-c2n[nH]c3cccc1c23,0.03163512796163559,0.05797938257455826,-0.02634425461292267
Clc1ccc2Oc3ccccc3N=C(N3CCNCC3)c2c1,HT29,Clc1ccc2c(c1)C(N1CCNCC1)=Nc1ccccc1O2,0.04967600107192993,0.05797938257455826,-0.008303381502628326
Cc1ccc(cc1)C(=O)NCCCCCC(=O)Nc1ccccc1N,HT29,[1*]C(=O)CCCCC[4*],0.03922513872385025,0.030919965356588364,0.008305173367261887
Cc1ccc(cc1)C(=O)NCCCCCC(=O)Nc1ccccc1N,HT29,[1*]C([6*])=O,0.03922513872385025,0.02894730679690838,0.010277831926941872
Cc1ccc(cc1)C(=O)NCCCCCC(=O)Nc1ccccc1N,HT29,[16*]c1ccccc1N,0.03922513872385025,0.024568377062678337,0.014656761661171913
Cc1ccc(cc1)C(=O)NCCCCCC(=O)Nc1ccccc1N,HT29,[5*]N[5*],0.03922513872385025,0.027074746787548065,0.012150391936302185
Cc1ccc(cc1)C(=O)NCCCCCC(=O)Nc1ccccc1N,HT29,[16*]c1ccc(C)cc1,0.03922513872385025,0.023525381460785866,0.015699757263064384
O=S1(=O)N[C@H]2CCCN2c2ccccc12,HT29,O=S1(=O)N[C@H]2CCCN2c2ccccc21,0.038661934435367584,0.05797938257455826,-0.019317448139190674
COc1c(cc(cc1C(C)(C)C)-n1ccc(=O)[nH]c1=O)-c1ccc2cc(NS(C)(=O)=O)ccc2c1,HT29,[16*]c1ccc2cc([16*])ccc2c1,0.03945598006248474,0.02944827824831009,0.010007701814174652
COc1c(cc(cc1C(C)(C)C)-n1ccc(=O)[nH]c1=O)-c1ccc2cc(NS(C)(=O)=O)ccc2c1,HT29,[16*]c1cc([16*])c([16*])c([16*])c1,0.03945598006248474,0.028228379786014557,0.011227600276470184
COc1c(cc(cc1C(C)(C)C)-n1ccc(=O)[nH]c1=O)-c1ccc2cc(NS(C)(=O)=O)ccc2c1,HT29,[8*]C(C)(C)C,0.03945598006248474,0.03701753914356232,0.0024384409189224243
COc1c(cc(cc1C(C)(C)C)-n1ccc(=O)[nH]c1=O)-c1ccc2cc(NS(C)(=O)=O)ccc2c1,HT29,[5*]N[5*],0.03945598006248474,0.03282776474952698,0.006628215312957764
COc1c(cc(cc1C(C)(C)C)-n1ccc(=O)[nH]c1=O)-c1ccc2cc(NS(C)(=O)=O)ccc2c1,HT29,[12*]S(C)(=O)=O,0.03945598006248474,0.03504792973399162,0.004408050328493118
COc1c(cc(cc1C(C)(C)C)-n1ccc(=O)[nH]c1=O)-c1ccc2cc(NS(C)(=O)=O)ccc2c1,HT29,[9*]n1ccc(=O)[nH]c1=O,0.03945598006248474,0.03559354692697525,0.003862433135509491
COc1c(cc(cc1C(C)(C)C)-n1ccc(=O)[nH]c1=O)-c1ccc2cc(NS(C)(=O)=O)ccc2c1,HT29,[3*]OC,0.03945598006248474,0.03299696370959282,0.006459016352891922
C[C@@H](N(c1cc(F)ccc1F)S(=O)(=O)c1ccc(Cl)cc1)c1ccc(F)cc1CCCC(O)=O,HT29,[16*]c1ccc(F)cc1[16*],0.03146198391914368,0.026449397206306458,0.005012586712837219
C[C@@H](N(c1cc(F)ccc1F)S(=O)(=O)c1ccc(Cl)cc1)c1ccc(F)cc1CCCC(O)=O,HT29,[16*]c1cc(F)ccc1F,0.03146198391914368,0.02856968715786934,0.0028922967612743378
C[C@@H](N(c1cc(F)ccc1F)S(=O)(=O)c1ccc(Cl)cc1)c1ccc(F)cc1CCCC(O)=O,HT29,[8*]CCCC(=O)O,0.03146198391914368,0.034866638481616974,-0.003404654562473297
C[C@@H](N(c1cc(F)ccc1F)S(=O)(=O)c1ccc(Cl)cc1)c1ccc(F)cc1CCCC(O)=O,HT29,[5*]N([5*])[5*],0.03146198391914368,0.031846195459365845,-0.00038421154022216797
C[C@@H](N(c1cc(F)ccc1F)S(=O)(=O)c1ccc(Cl)cc1)c1ccc(F)cc1CCCC(O)=O,HT29,[4*][C@@H]([8*])C,0.03146198391914368,0.031805507838726044,-0.00034352391958236694
C[C@@H](N(c1cc(F)ccc1F)S(=O)(=O)c1ccc(Cl)cc1)c1ccc(F)cc1CCCC(O)=O,HT29,[12*]S(=O)(=O)c1ccc(Cl)cc1,0.03146198391914368,0.04086387902498245,-0.009401895105838776
CN(c1cccc(Cl)c1)S(=O)(=O)c1ccc2NC(=O)\C(=C/c3[nH]c(C)c(C(=O)N4CCN(C)CC4)c3C)c2c1,HT29,[7*]C1C(=O)Nc2ccc(S([12*])(=O)=O)cc21,0.04562079533934593,0.031501270830631256,0.014119524508714676
CN(c1cccc(Cl)c1)S(=O)(=O)c1ccc2NC(=O)\C(=C/c3[nH]c(C)c(C(=O)N4CCN(C)CC4)c3C)c2c1,HT29,[7*]C[8*],0.04562079533934593,0.0284053236246109,0.01721547171473503
CN(c1cccc(Cl)c1)S(=O)(=O)c1ccc2NC(=O)\C(=C/c3[nH]c(C)c(C(=O)N4CCN(C)CC4)c3C)c2c1,HT29,[14*]c1[nH]c(C)c([16*])c1C,0.04562079533934593,0.026661600917577744,0.01895919442176819
CN(c1cccc(Cl)c1)S(=O)(=O)c1ccc2NC(=O)\C(=C/c3[nH]c(C)c(C(=O)N4CCN(C)CC4)c3C)c2c1,HT29,[1*]C([6*])=O,0.04562079533934593,0.030639879405498505,0.014980915933847427
CN(c1cccc(Cl)c1)S(=O)(=O)c1ccc2NC(=O)\C(=C/c3[nH]c(C)c(C(=O)N4CCN(C)CC4)c3C)c2c1,HT29,[5*]N([5*])C,0.04562079533934593,0.03085855394601822,0.014762241393327713
CN(c1cccc(Cl)c1)S(=O)(=O)c1ccc2NC(=O)\C(=C/c3[nH]c(C)c(C(=O)N4CCN(C)CC4)c3C)c2c1,HT29,[16*]c1cccc(Cl)c1,0.04562079533934593,0.02957015298306942,0.016050642356276512
CN(c1cccc(Cl)c1)S(=O)(=O)c1ccc2NC(=O)\C(=C/c3[nH]c(C)c(C(=O)N4CCN(C)CC4)c3C)c2c1,HT29,[5*]N1CCN(C)CC1,0.04562079533934593,0.029825039207935333,0.0157957561314106
Cn1cc(cn1)-c1[nH]c2cc(NC(=O)[C@H](N)C3CCCCC3)cc3c2c1cn[nH]c3=O,HT29,[15*]C1CCCCC1,0.0319410040974617,0.025293711572885513,0.006647292524576187
Cn1cc(cn1)-c1[nH]c2cc(NC(=O)[C@H](N)C3CCCCC3)cc3c2c1cn[nH]c3=O,HT29,[16*]c1cnn(C)c1,0.0319410040974617,0.026904761791229248,0.005036242306232452
Cn1cc(cn1)-c1[nH]c2cc(NC(=O)[C@H](N)C3CCCCC3)cc3c2c1cn[nH]c3=O,HT29,[1*]C(=O)[C@@H]([8*])N,0.0319410040974617,0.03378743678331375,-0.0018464326858520508
Cn1cc(cn1)-c1[nH]c2cc(NC(=O)[C@H](N)C3CCCCC3)cc3c2c1cn[nH]c3=O,HT29,[5*]N[5*],0.0319410040974617,0.03168977424502373,0.000251229852437973
Cn1cc(cn1)-c1[nH]c2cc(NC(=O)[C@H](N)C3CCCCC3)cc3c2c1cn[nH]c3=O,HT29,[14*]c1[nH]c2cc([16*])cc3c2c1C=NNC3=O,0.0319410040974617,0.032455116510391235,-0.0005141124129295349
Nc1ncn([C@@H]2O[C@H](CO)[C@@H](O)[C@H]2O)c(=O)n1,HT29,[13*][C@@H]1O[C@H]([13*])[C@@H](O)[C@H]1O,0.034760549664497375,0.02257554605603218,0.012185003608465195
Nc1ncn([C@@H]2O[C@H](CO)[C@@H](O)[C@H]2O)c(=O)n1,HT29,[8*]CO,0.034760549664497375,0.01739402860403061,0.017366521060466766
Nc1ncn([C@@H]2O[C@H](CO)[C@@H](O)[C@H]2O)c(=O)n1,HT29,[9*]n1cnc(N)nc1=O,0.034760549664497375,0.0303480327129364,0.004412516951560974
FC(F)(F)c1cccc(NC(=O)Nc2cc(ccc2-c2ccsc2)S(=O)(=O)NC2CC2)c1,HT29,[16*]c1ccsc1,0.03442460298538208,0.037254735827445984,-0.002830132842063904
FC(F)(F)c1cccc(NC(=O)Nc2cc(ccc2-c2ccsc2)S(=O)(=O)NC2CC2)c1,HT29,[8*]C(F)(F)F,0.03442460298538208,0.03854455053806305,-0.004119947552680969
FC(F)(F)c1cccc(NC(=O)Nc2cc(ccc2-c2ccsc2)S(=O)(=O)NC2CC2)c1,HT29,[12*]S(=O)(=O)c1ccc([16*])c([16*])c1,0.03442460298538208,0.035768669098615646,-0.0013440661132335663
FC(F)(F)c1cccc(NC(=O)Nc2cc(ccc2-c2ccsc2)S(=O)(=O)NC2CC2)c1,HT29,[5*]N[5*],0.03442460298538208,0.037295952439308167,-0.0028713494539260864
FC(F)(F)c1cccc(NC(=O)Nc2cc(ccc2-c2ccsc2)S(=O)(=O)NC2CC2)c1,HT29,[15*]C1CC1,0.03442460298538208,0.03450917452573776,-8.457154035568237e-05
FC(F)(F)c1cccc(NC(=O)Nc2cc(ccc2-c2ccsc2)S(=O)(=O)NC2CC2)c1,HT29,[16*]c1cccc([16*])c1,0.03442460298538208,0.03362347185611725,0.0008011311292648315
FC(F)(F)c1cccc(NC(=O)Nc2cc(ccc2-c2ccsc2)S(=O)(=O)NC2CC2)c1,HT29,[1*]C([1*])=O,0.03442460298538208,0.03479912877082825,-0.000374525785446167
Cc1ccc(cc1)S(=O)(=O)Nc1nc2ccccc2nc1Nc1cccc2nsnc12,HT29,[12*]S(=O)(=O)c1ccc(C)cc1,0.03569992631673813,0.029312437400221825,0.006387488916516304
Cc1ccc(cc1)S(=O)(=O)Nc1nc2ccccc2nc1Nc1cccc2nsnc12,HT29,[14*]c1nc2ccccc2nc1[14*],0.03569992631673813,0.028409769758582115,0.0072901565581560135
Cc1ccc(cc1)S(=O)(=O)Nc1nc2ccccc2nc1Nc1cccc2nsnc12,HT29,[5*]N[5*],0.03569992631673813,0.03627226501703262,-0.0005723387002944946
Cc1ccc(cc1)S(=O)(=O)Nc1nc2ccccc2nc1Nc1cccc2nsnc12,HT29,[16*]c1cccc2nsnc12,0.03569992631673813,0.03178437799215317,0.003915548324584961
CCc1cc(Nc2nccc(n2)-c2c(nc3ccccn23)-c2ccc(OC)c(c2)C(=O)Nc2c(F)cccc2F)c(OC)cc1N1CCC(CC1)N1CCN(CC1)S(C)(=O)=O,HT29,[16*]c1cc([16*])c([16*])cc1[16*],0.045369550585746765,0.030184879899024963,0.015184670686721802
CCc1cc(Nc2nccc(n2)-c2c(nc3ccccn23)-c2ccc(OC)c(c2)C(=O)Nc2c(F)cccc2F)c(OC)cc1N1CCC(CC1)N1CCN(CC1)S(C)(=O)=O,HT29,[16*]c1c(F)cccc1F,0.045369550585746765,0.03041226789355278,0.014957282692193985
CCc1cc(Nc2nccc(n2)-c2c(nc3ccccn23)-c2ccc(OC)c(c2)C(=O)Nc2c(F)cccc2F)c(OC)cc1N1CCC(CC1)N1CCN(CC1)S(C)(=O)=O,HT29,[5*]N1CCC([15*])CC1,0.045369550585746765,0.030035870149731636,0.015333680436015129
CCc1cc(Nc2nccc(n2)-c2c(nc3ccccn23)-c2ccc(OC)c(c2)C(=O)Nc2c(F)cccc2F)c(OC)cc1N1CCC(CC1)N1CCN(CC1)S(C)(=O)=O,HT29,[14*]c1nc2ccccn2c1[14*],0.045369550585746765,0.034585800021886826,0.01078375056385994
CCc1cc(Nc2nccc(n2)-c2c(nc3ccccn23)-c2ccc(OC)c(c2)C(=O)Nc2c(F)cccc2F)c(OC)cc1N1CCC(CC1)N1CCN(CC1)S(C)(=O)=O,HT29,[5*]N1CCN([5*])CC1,0.045369550585746765,0.030340122058987617,0.015029428526759148
CCc1cc(Nc2nccc(n2)-c2c(nc3ccccn23)-c2ccc(OC)c(c2)C(=O)Nc2c(F)cccc2F)c(OC)cc1N1CCC(CC1)N1CCN(CC1)S(C)(=O)=O,HT29,[1*]C([6*])=O,0.045369550585746765,0.03182221204042435,0.013547338545322418
CCc1cc(Nc2nccc(n2)-c2c(nc3ccccn23)-c2ccc(OC)c(c2)C(=O)Nc2c(F)cccc2F)c(OC)cc1N1CCC(CC1)N1CCN(CC1)S(C)(=O)=O,HT29,[5*]N[5*],0.045369550585746765,0.03068730980157852,0.014682240784168243
CCc1cc(Nc2nccc(n2)-c2c(nc3ccccn23)-c2ccc(OC)c(c2)C(=O)Nc2c(F)cccc2F)c(OC)cc1N1CCC(CC1)N1CCN(CC1)S(C)(=O)=O,HT29,[12*]S(C)(=O)=O,0.045369550585746765,0.03150942921638489,0.013860121369361877
CCc1cc(Nc2nccc(n2)-c2c(nc3ccccn23)-c2ccc(OC)c(c2)C(=O)Nc2c(F)cccc2F)c(OC)cc1N1CCC(CC1)N1CCN(CC1)S(C)(=O)=O,HT29,[16*]c1ccc([16*])c([16*])c1,0.045369550585746765,0.03079368732869625,0.014575863257050514
CCc1cc(Nc2nccc(n2)-c2c(nc3ccccn23)-c2ccc(OC)c(c2)C(=O)Nc2c(F)cccc2F)c(OC)cc1N1CCC(CC1)N1CCN(CC1)S(C)(=O)=O,HT29,[8*]CC,0.045369550585746765,0.03079368732869625,0.014575863257050514
CCc1cc(Nc2nccc(n2)-c2c(nc3ccccn23)-c2ccc(OC)c(c2)C(=O)Nc2c(F)cccc2F)c(OC)cc1N1CCC(CC1)N1CCN(CC1)S(C)(=O)=O,HT29,[14*]c1ccnc([14*])n1,0.045369550585746765,0.03079368732869625,0.014575863257050514
CCc1cc(Nc2nccc(n2)-c2c(nc3ccccn23)-c2ccc(OC)c(c2)C(=O)Nc2c(F)cccc2F)c(OC)cc1N1CCC(CC1)N1CCN(CC1)S(C)(=O)=O,HT29,[3*]OC,0.045369550585746765,0.03079368732869625,0.014575863257050514
C1CN(CCN1)c1ccc(cc1)-c1cnc2c(cnn2c1)-c1ccnc2ccccc12,HT29,[5*]N1CCNCC1,0.031912416219711304,0.03732334449887276,-0.005410928279161453
C1CN(CCN1)c1ccc(cc1)-c1cnc2c(cnn2c1)-c1ccnc2ccccc12,HT29,[16*]c1ccnc2ccccc12,0.031912416219711304,0.032021086663007736,-0.0001086704432964325
C1CN(CCN1)c1ccc(cc1)-c1cnc2c(cnn2c1)-c1ccnc2ccccc12,HT29,[16*]c1ccc([16*])cc1,0.031912416219711304,0.0325692817568779,-0.0006568655371665955
C1CN(CCN1)c1ccc(cc1)-c1cnc2c(cnn2c1)-c1ccnc2ccccc12,HT29,[16*]c1cnc2c([16*])cnn2c1,0.031912416219711304,0.028825931251049042,0.003086484968662262
CCCC(CCC)C(=O)Nc1ccn([C@@H]2O[C@H](CO)[C@@H](O)C2(F)F)c(=O)n1,HT29,[13*][C@@H]1O[C@H]([13*])[C@@H](O)C1(F)F,0.03007260151207447,0.024169843643903732,0.005902757868170738
CCCC(CCC)C(=O)Nc1ccn([C@@H]2O[C@H](CO)[C@@H](O)C2(F)F)c(=O)n1,HT29,[8*]CO,0.03007260151207447,0.030324600636959076,-0.0002519991248846054
CCCC(CCC)C(=O)Nc1ccn([C@@H]2O[C@H](CO)[C@@H](O)C2(F)F)c(=O)n1,HT29,[1*]C(=O)C(CCC)CCC,0.03007260151207447,0.035085923969745636,-0.0050133224576711655
CCCC(CCC)C(=O)Nc1ccn([C@@H]2O[C@H](CO)[C@@H](O)C2(F)F)c(=O)n1,HT29,[5*]N[5*],0.03007260151207447,0.029908103868365288,0.00016449764370918274
CCCC(CCC)C(=O)Nc1ccn([C@@H]2O[C@H](CO)[C@@H](O)C2(F)F)c(=O)n1,HT29,[9*]n1ccc([14*])nc1=O,0.03007260151207447,0.03361795097589493,-0.0035453494638204575
COc1cc(ccc1Nc1nc(N)c(s1)C(=O)c1c(Cl)cccc1Cl)N1CCN(C)CC1,HT29,[14*]c1nc(N)c([14*])s1,0.04052180424332619,0.039686836302280426,0.0008349679410457611
COc1cc(ccc1Nc1nc(N)c(s1)C(=O)c1c(Cl)cccc1Cl)N1CCN(C)CC1,HT29,[16*]c1c(Cl)cccc1Cl,0.04052180424332619,0.03544444963335991,0.005077354609966278
COc1cc(ccc1Nc1nc(N)c(s1)C(=O)c1c(Cl)cccc1Cl)N1CCN(C)CC1,HT29,[5*]N[5*],0.04052180424332619,0.03602036088705063,0.0045014433562755585
COc1cc(ccc1Nc1nc(N)c(s1)C(=O)c1c(Cl)cccc1Cl)N1CCN(C)CC1,HT29,[16*]c1ccc([16*])c([16*])c1,0.04052180424332619,0.0368349589407444,0.003686845302581787
COc1cc(ccc1Nc1nc(N)c(s1)C(=O)c1c(Cl)cccc1Cl)N1CCN(C)CC1,HT29,[5*]N1CCN(C)CC1,0.04052180424332619,0.034320730715990067,0.006201073527336121
COc1cc(ccc1Nc1nc(N)c(s1)C(=O)c1c(Cl)cccc1Cl)N1CCN(C)CC1,HT29,[6*]C([6*])=O,0.04052180424332619,0.0365256741642952,0.003996130079030991
COc1cc(ccc1Nc1nc(N)c(s1)C(=O)c1c(Cl)cccc1Cl)N1CCN(C)CC1,HT29,[3*]OC,0.04052180424332619,0.03389699012041092,0.006624814122915268
OC(Cn1cncn1)(Cn1cncn1)c1ccc(F)cc1F,HT29,[9*]n1cncn1,0.027981746941804886,0.038547858595848083,-0.010566111654043198
OC(Cn1cncn1)(Cn1cncn1)c1ccc(F)cc1F,HT29,[8*]CC([8*])(O)C[8*],0.027981746941804886,0.02587888389825821,0.0021028630435466766
OC(Cn1cncn1)(Cn1cncn1)c1ccc(F)cc1F,HT29,[16*]c1ccc(F)cc1F,0.027981746941804886,0.021360095590353012,0.006621651351451874
Cc1cc(\C=C\C#N)cc(C)c1Nc1ccnc(Nc2ccc(cc2)C#N)n1,HT29,[7*]C[8*],0.039801862090826035,0.038233496248722076,0.0015683658421039581
Cc1cc(\C=C\C#N)cc(C)c1Nc1ccnc(Nc2ccc(cc2)C#N)n1,HT29,[16*]c1ccc(C#N)cc1,0.039801862090826035,0.03700638562440872,0.0027954764664173126
Cc1cc(\C=C\C#N)cc(C)c1Nc1ccnc(Nc2ccc(cc2)C#N)n1,HT29,[5*]N[5*],0.039801862090826035,0.03146922588348389,0.008332636207342148
Cc1cc(\C=C\C#N)cc(C)c1Nc1ccnc(Nc2ccc(cc2)C#N)n1,HT29,[16*]c1cc(C)c([16*])c(C)c1,0.039801862090826035,0.03149948641657829,0.008302375674247742
Cc1cc(\C=C\C#N)cc(C)c1Nc1ccnc(Nc2ccc(cc2)C#N)n1,HT29,[14*]c1ccnc([14*])n1,0.039801862090826035,0.029882732778787613,0.009919129312038422
Cc1cc(\C=C\C#N)cc(C)c1Nc1ccnc(Nc2ccc(cc2)C#N)n1,HT29,[7*]CC#N,0.039801862090826035,0.029095347970724106,0.010706514120101929
NC(=O)c1noc(n1)[C@H](CCCC1CCCCC1)CC(=O)NO,HT29,[8*]CCC[C@@H]([8*])CC(=O)NO,0.03804026171565056,0.03190348297357559,0.006136778742074966
NC(=O)c1noc(n1)[C@H](CCCC1CCCCC1)CC(=O)NO,HT29,[6*]C(N)=O,0.03804026171565056,0.03831052780151367,-0.0002702660858631134
NC(=O)c1noc(n1)[C@H](CCCC1CCCCC1)CC(=O)NO,HT29,[15*]C1CCCCC1,0.03804026171565056,0.029914461076259613,0.008125800639390945
NC(=O)c1noc(n1)[C@H](CCCC1CCCCC1)CC(=O)NO,HT29,[14*]c1noc([14*])n1,0.03804026171565056,0.027706649154424667,0.010333612561225891
Clc1ccc2nsnc2c1NC1=NCCN1,HT29,[16*]c1c(Cl)ccc2nsnc12,0.028738047927618027,0.016912635415792465,0.011825412511825562
Clc1ccc2nsnc2c1NC1=NCCN1,HT29,[5*]NC1=NCCN1,0.028738047927618027,0.039527446031570435,-0.010789398103952408
C[C@@H](c1ncncc1F)[C@](O)(Cn1cncn1)c1ccc(F)cc1F,HT29,[9*]n1cncn1,0.03196057304739952,0.0339895635843277,-0.002028990536928177
C[C@@H](c1ncncc1F)[C@](O)(Cn1cncn1)c1ccc(F)cc1F,HT29,[14*]c1ncncc1F,0.03196057304739952,0.031258419156074524,0.000702153891324997
C[C@@H](c1ncncc1F)[C@](O)(Cn1cncn1)c1ccc(F)cc1F,HT29,[8*]C[C@@]([8*])(O)[C@H]([8*])C,0.03196057304739952,0.026241391897201538,0.005719181150197983
C[C@@H](c1ncncc1F)[C@](O)(Cn1cncn1)c1ccc(F)cc1F,HT29,[16*]c1ccc(F)cc1F,0.03196057304739952,0.030145008116960526,0.0018155649304389954
NC(=N)Nc1ccc(cc1)C(=O)Oc1ccc2cc(ccc2c1)C(N)=N,HT29,[16*]c1ccc2cc(C(=N)N)ccc2c1,0.029700348153710365,0.023018458858132362,0.006681889295578003
NC(=N)Nc1ccc(cc1)C(=O)Oc1ccc2cc(ccc2c1)C(N)=N,HT29,[5*]NC(=N)N,0.029700348153710365,0.033562153577804565,-0.0038618054240942
NC(=N)Nc1ccc(cc1)C(=O)Oc1ccc2cc(ccc2c1)C(N)=N,HT29,[1*]C([6*])=O,0.029700348153710365,0.029186543077230453,0.0005138050764799118
NC(=N)Nc1ccc(cc1)C(=O)Oc1ccc2cc(ccc2c1)C(N)=N,HT29,[3*]O[3*],0.029700348153710365,0.0307659562677145,-0.0010656081140041351
NC(=N)Nc1ccc(cc1)C(=O)Oc1ccc2cc(ccc2c1)C(N)=N,HT29,[16*]c1ccc([16*])cc1,0.029700348153710365,0.024633072316646576,0.005067275837063789
CC(C)Cn1cnc2n(C)c(=O)n(C)c(=O)c12,HT29,[8*]CC(C)C,0.03739967569708824,0.02595745027065277,0.01144222542643547
CC(C)Cn1cnc2n(C)c(=O)n(C)c(=O)c12,HT29,[9*]n1cnc2c1c(=O)n(C)c(=O)n2C,0.03739967569708824,0.03327414393424988,0.004125531762838364
Cc1c(O)c(=O)ccn1C,HT29,Cc1c(O)c(=O)ccn1C,0.03619153052568436,0.05797938257455826,-0.0217878520488739
C[C@@H](O)[C@@H]1[C@@H]2[C@H](C)C(SC3CN(C3)C3=NCCS3)=C(N2C1=O)C(=O)OCOC(=O)C(C)(C)C,HT29,[8*][C@@H](C)O,0.035108186304569244,0.03267833590507507,0.002429850399494171
C[C@@H](O)[C@@H]1[C@@H]2[C@H](C)C(SC3CN(C3)C3=NCCS3)=C(N2C1=O)C(=O)OCOC(=O)C(C)(C)C,HT29,[1*]C(=O)C(C)(C)C,0.035108186304569244,0.03280404955148697,0.0023041367530822754
C[C@@H](O)[C@@H]1[C@@H]2[C@H](C)C(SC3CN(C3)C3=NCCS3)=C(N2C1=O)C(=O)OCOC(=O)C(C)(C)C,HT29,[15*]C1CN(C2=NCCS2)C1,0.035108186304569244,0.03496243804693222,0.00014574825763702393
C[C@@H](O)[C@@H]1[C@@H]2[C@H](C)C(SC3CN(C3)C3=NCCS3)=C(N2C1=O)C(=O)OCOC(=O)C(C)(C)C,HT29,[1*]C(=O)C1=C(S[11*])[C@@H](C)[C@H]2[C@@H]([15*])C(=O)N12,0.035108186304569244,0.029881006106734276,0.005227180197834969
C[C@@H](O)[C@@H]1[C@@H]2[C@H](C)C(SC3CN(C3)C3=NCCS3)=C(N2C1=O)C(=O)OCOC(=O)C(C)(C)C,HT29,[3*]OCO[3*],0.035108186304569244,0.0312173031270504,0.0038908831775188446
Nc1cc(nc(N)[n+]1[O-])N1CCCCC1,HT29,[14*]c1cc(N)[n+]([O-])c(N)n1,0.03234134241938591,0.02848663367331028,0.00385470874607563
Nc1cc(nc(N)[n+]1[O-])N1CCCCC1,HT29,[5*]N1CCCCC1,0.03234134241938591,0.041547492146492004,-0.009206149727106094
Cc1c(NC(=O)OC[C@@H]2COCCN2)cn2ncnc(Nc3ccc4n(Cc5cccc(F)c5)ncc4c3)c12,HT29,[13*][C@@H]1COCCN1,0.04173906892538071,0.02395934984087944,0.017779719084501266
Cc1c(NC(=O)OC[C@@H]2COCCN2)cn2ncnc(Nc3ccc4n(Cc5cccc(F)c5)ncc4c3)c12,HT29,[4*]C[8*],0.04173906892538071,0.024439578875899315,0.017299490049481392
Cc1c(NC(=O)OC[C@@H]2COCCN2)cn2ncnc(Nc3ccc4n(Cc5cccc(F)c5)ncc4c3)c12,HT29,[3*]O[3*],0.04173906892538071,0.027071978896856308,0.014667090028524399
Cc1c(NC(=O)OC[C@@H]2COCCN2)cn2ncnc(Nc3ccc4n(Cc5cccc(F)c5)ncc4c3)c12,HT29,[8*]C[8*],0.04173906892538071,0.025146739557385445,0.016592329367995262
Cc1c(NC(=O)OC[C@@H]2COCCN2)cn2ncnc(Nc3ccc4n(Cc5cccc(F)c5)ncc4c3)c12,HT29,[14*]c1ncnn2cc([16*])c(C)c12,0.04173906892538071,0.027609407901763916,0.01412966102361679
Cc1c(NC(=O)OC[C@@H]2COCCN2)cn2ncnc(Nc3ccc4n(Cc5cccc(F)c5)ncc4c3)c12,HT29,[5*]N[5*],0.04173906892538071,0.02179117314517498,0.019947895780205727
Cc1c(NC(=O)OC[C@@H]2COCCN2)cn2ncnc(Nc3ccc4n(Cc5cccc(F)c5)ncc4c3)c12,HT29,[16*]c1cccc(F)c1,0.04173906892538071,0.020106948912143707,0.021632120013237
Cc1c(NC(=O)OC[C@@H]2COCCN2)cn2ncnc(Nc3ccc4n(Cc5cccc(F)c5)ncc4c3)c12,HT29,[9*]n1ncc2cc([16*])ccc21,0.04173906892538071,0.022518569603562355,0.019220499321818352
Cc1c(NC(=O)OC[C@@H]2COCCN2)cn2ncnc(Nc3ccc4n(Cc5cccc(F)c5)ncc4c3)c12,HT29,[1*]C([1*])=O,0.04173906892538071,0.020925063639879227,0.02081400528550148
Nc1nc(=O)n(cc1I)[C@@H]1O[C@H](CO)[C@@H](O)[C@@H]1F,HT29,[8*]CO,0.03231522813439369,0.025280099362134933,0.0070351287722587585
Nc1nc(=O)n(cc1I)[C@@H]1O[C@H](CO)[C@@H](O)[C@@H]1F,HT29,[9*]n1cc(I)c(N)nc1=O,0.03231522813439369,0.0324641689658165,-0.00014894083142280579
Nc1nc(=O)n(cc1I)[C@@H]1O[C@H](CO)[C@@H](O)[C@@H]1F,HT29,[13*][C@@H]1O[C@H]([13*])[C@@H](O)[C@@H]1F,0.03231522813439369,0.02998826466500759,0.0023269634693861008
COc1cc(Cc2cnc(N)nc2N)cc(OC)c1OC,HT29,[8*]C[8*],0.03409837931394577,0.03851202130317688,-0.00441364198923111
COc1cc(Cc2cnc(N)nc2N)cc(OC)c1OC,HT29,[16*]c1cnc(N)nc1N,0.03409837931394577,0.033364057540893555,0.0007343217730522156
COc1cc(Cc2cnc(N)nc2N)cc(OC)c1OC,HT29,[16*]c1cc([16*])c([16*])c([16*])c1,0.03409837931394577,0.0277250949293375,0.006373284384608269
COc1cc(Cc2cnc(N)nc2N)cc(OC)c1OC,HT29,[3*]OC,0.03409837931394577,0.038124874234199524,-0.004026494920253754
C(/C=C/c1ccccc1)N2CCN(CC2)C(c3ccccc3)c4ccccc4,HT29,[4*]C([8*])[8*],0.04441472887992859,0.03910256549715996,0.005312163382768631
C(/C=C/c1ccccc1)N2CCN(CC2)C(c3ccccc3)c4ccccc4,HT29,[7*]C[8*],0.04441472887992859,0.04114856943488121,0.0032661594450473785
C(/C=C/c1ccccc1)N2CCN(CC2)C(c3ccccc3)c4ccccc4,HT29,[4*]CC[7*],0.04441472887992859,0.039714254438877106,0.004700474441051483
C(/C=C/c1ccccc1)N2CCN(CC2)C(c3ccccc3)c4ccccc4,HT29,[16*]c1ccccc1,0.04441472887992859,0.03610469400882721,0.00831003487110138
C(/C=C/c1ccccc1)N2CCN(CC2)C(c3ccccc3)c4ccccc4,HT29,[5*]N1CCN([5*])CC1,0.04441472887992859,0.037176463752985,0.007238265126943588
Clc1ccc(cc1)C(=O)NCCN1CCOCC1,HT29,[5*]N1CCOCC1,0.036166392266750336,0.035777971148490906,0.00038842111825942993
Clc1ccc(cc1)C(=O)NCCN1CCOCC1,HT29,[16*]c1ccc(Cl)cc1,0.036166392266750336,0.025838833302259445,0.01032755896449089
Clc1ccc(cc1)C(=O)NCCN1CCOCC1,HT29,[1*]C([6*])=O,0.036166392266750336,0.03411204367876053,0.002054348587989807
Clc1ccc(cc1)C(=O)NCCN1CCOCC1,HT29,[5*]N[5*],0.036166392266750336,0.03246740996837616,0.003698982298374176
Clc1ccc(cc1)C(=O)NCCN1CCOCC1,HT29,[4*]CC[4*],0.036166392266750336,0.02678447589278221,0.009381916373968124
COc1ccc(cn1)-c1cc2c(C)nc(N)nc2n([C@H]2CC[C@@H](CC2)OCCO)c1=O,HT29,[15*][C@H]1CC[C@H]([15*])CC1,0.03975924476981163,0.022375192493200302,0.017384052276611328
COc1ccc(cn1)-c1cc2c(C)nc(N)nc2n([C@H]2CC[C@@H](CC2)OCCO)c1=O,HT29,[4*]CCO,0.03975924476981163,0.029750753194093704,0.010008491575717926
COc1ccc(cn1)-c1cc2c(C)nc(N)nc2n([C@H]2CC[C@@H](CC2)OCCO)c1=O,HT29,[3*]O[3*],0.03975924476981163,0.032123010605573654,0.007636234164237976
COc1ccc(cn1)-c1cc2c(C)nc(N)nc2n([C@H]2CC[C@@H](CC2)OCCO)c1=O,HT29,[14*]c1ccc([16*])cn1,0.03975924476981163,0.026997383683919907,0.012761861085891724
COc1ccc(cn1)-c1cc2c(C)nc(N)nc2n([C@H]2CC[C@@H](CC2)OCCO)c1=O,HT29,[9*]n1c(=O)c([16*])cc2c(C)nc(N)nc21,0.03975924476981163,0.03538885712623596,0.004370387643575668
COc1ccc(cn1)-c1cc2c(C)nc(N)nc2n([C@H]2CC[C@@H](CC2)OCCO)c1=O,HT29,[3*]OC,0.03975924476981163,0.030970145016908646,0.008789099752902985
COc1cc(ccc1O)\C=C\C(=O)CC(=O)\C=C\c1ccc(O)c(OC)c1,HT29,[16*]c1ccc(O)c([16*])c1,0.038925472646951675,0.023275088518857956,0.01565038412809372
COc1cc(ccc1O)\C=C\C(=O)CC(=O)\C=C\c1ccc(O)c(OC)c1,HT29,[7*]CC(=O)CC(=O)C[7*],0.038925472646951675,0.03463054448366165,0.004294928163290024
COc1cc(ccc1O)\C=C\C(=O)CC(=O)\C=C\c1ccc(O)c(OC)c1,HT29,[7*]C[8*],0.038925472646951675,0.02804846130311489,0.010877011343836784
COc1cc(ccc1O)\C=C\C(=O)CC(=O)\C=C\c1ccc(O)c(OC)c1,HT29,[3*]OC,0.038925472646951675,0.027782298624515533,0.011143174022436142
C[C@@]1(O)CC(C1)c1nc(-c2ccc3ccc(nc3c2)-c2ccccc2)c2c(N)nccn12,HT29,[14*]c1nc([14*])n2ccnc(N)c12,0.043940383940935135,0.03355743736028671,0.010382946580648422
C[C@@]1(O)CC(C1)c1nc(-c2ccc3ccc(nc3c2)-c2ccccc2)c2c(N)nccn12,HT29,[16*]c1ccccc1,0.043940383940935135,0.03972230106592178,0.0042180828750133514
C[C@@]1(O)CC(C1)c1nc(-c2ccc3ccc(nc3c2)-c2ccccc2)c2c(N)nccn12,HT29,[14*]c1ccc2ccc([16*])cc2n1,0.043940383940935135,0.03688874840736389,0.007051635533571243
C[C@@]1(O)CC(C1)c1nc(-c2ccc3ccc(nc3c2)-c2ccccc2)c2c(N)nccn12,HT29,[15*]C1CC(C)(O)C1,0.043940383940935135,0.04139598086476326,0.002544403076171875
CCN(CC)CCNC(=O)c1ccc(NC(C)=O)cc1,HT29,[5*]N([5*])[5*],0.029839832335710526,0.038931746035814285,-0.00909191370010376
CCN(CC)CCNC(=O)c1ccc(NC(C)=O)cc1,HT29,[1*]C([6*])=O,0.029839832335710526,0.03922918438911438,-0.009389352053403854
CCN(CC)CCNC(=O)c1ccc(NC(C)=O)cc1,HT29,[5*]N[5*],0.029839832335710526,0.034809961915016174,-0.004970129579305649
CCN(CC)CCNC(=O)c1ccc(NC(C)=O)cc1,HT29,[16*]c1ccc([16*])cc1,0.029839832335710526,0.026008697226643562,0.003831135109066963
CCN(CC)CCNC(=O)c1ccc(NC(C)=O)cc1,HT29,[4*]CC,0.029839832335710526,0.030733957886695862,-0.0008941255509853363
CCN(CC)CCNC(=O)c1ccc(NC(C)=O)cc1,HT29,[4*]CC[4*],0.029839832335710526,0.027604281902313232,0.002235550433397293
CCN(CC)CCNC(=O)c1ccc(NC(C)=O)cc1,HT29,[1*]C(C)=O,0.029839832335710526,0.028554081916809082,0.0012857504189014435
C[C@@]1(F)[C@H](O)[C@@H](CO)O[C@H]1n1ccc(N)nc1=O,HT29,[8*]CO,0.02499227784574032,0.02415384165942669,0.0008384361863136292
C[C@@]1(F)[C@H](O)[C@@H](CO)O[C@H]1n1ccc(N)nc1=O,HT29,[9*]n1ccc(N)nc1=O,0.02499227784574032,0.03139566630125046,-0.0064033884555101395
C[C@@]1(F)[C@H](O)[C@@H](CO)O[C@H]1n1ccc(N)nc1=O,HT29,[13*][C@@H]1O[C@H]([13*])[C@@H](O)[C@@]1(C)F,0.02499227784574032,0.02572447434067726,-0.000732196494936943
C[C@H]1CN(C[C@H](Cc2ccccc2)C(=O)NCC(O)=O)CC[C@@]1(C)c1cccc(O)c1,HT29,[5*]N1CC[C@]([15*])(C)[C@@H](C)C1,0.03360764682292938,0.03402531519532204,-0.0004176683723926544
C[C@H]1CN(C[C@H](Cc2ccccc2)C(=O)NCC(O)=O)CC[C@@]1(C)c1cccc(O)c1,HT29,[1*]C(=O)[C@H](C[4*])C[8*],0.03360764682292938,0.032687894999980927,0.0009197518229484558
C[C@H]1CN(C[C@H](Cc2ccccc2)C(=O)NCC(O)=O)CC[C@@]1(C)c1cccc(O)c1,HT29,[16*]c1ccccc1,0.03360764682292938,0.030421458184719086,0.0031861886382102966
C[C@H]1CN(C[C@H](Cc2ccccc2)C(=O)NCC(O)=O)CC[C@@]1(C)c1cccc(O)c1,HT29,[4*]CC(=O)O,0.03360764682292938,0.033087827265262604,0.0005198195576667786
C[C@H]1CN(C[C@H](Cc2ccccc2)C(=O)NCC(O)=O)CC[C@@]1(C)c1cccc(O)c1,HT29,[16*]c1cccc(O)c1,0.03360764682292938,0.032549623399972916,0.0010580234229564667
C[C@H]1CN(C[C@H](Cc2ccccc2)C(=O)NCC(O)=O)CC[C@@]1(C)c1cccc(O)c1,HT29,[5*]N[5*],0.03360764682292938,0.033114902675151825,0.0004927441477775574
Oc1c(Br)cc(cc1Br)\C=C1/C(=O)Nc2ccc(I)cc12,HT29,[7*]C1C(=O)Nc2ccc(I)cc21,0.03187411651015282,0.027107857167720795,0.004766259342432022
Oc1c(Br)cc(cc1Br)\C=C1/C(=O)Nc2ccc(I)cc12,HT29,[16*]c1cc(Br)c(O)c(Br)c1,0.03187411651015282,0.029139814898371696,0.0027343016117811203
Oc1c(Br)cc(cc1Br)\C=C1/C(=O)Nc2ccc(I)cc12,HT29,[7*]C[8*],0.03187411651015282,0.03467462956905365,-0.002800513058900833
CO[C@@H](C(=O)N1Cc2[nH]nc(NC(=O)c3ccc(cc3)N3CCN(C)CC3)c2C1)c1ccccc1,HT29,[16*]c1ccccc1,0.03843150660395622,0.028988691046833992,0.00944281555712223
CO[C@@H](C(=O)N1Cc2[nH]nc(NC(=O)c3ccc(cc3)N3CCN(C)CC3)c2C1)c1ccccc1,HT29,[1*]C([6*])=O,0.03843150660395622,0.03082156367599964,0.007609942927956581
CO[C@@H](C(=O)N1Cc2[nH]nc(NC(=O)c3ccc(cc3)N3CCN(C)CC3)c2C1)c1ccccc1,HT29,[5*]N1Cc2[nH]nc([14*])c2C1,0.03843150660395622,0.03062271513044834,0.007808791473507881
CO[C@@H](C(=O)N1Cc2[nH]nc(NC(=O)c3ccc(cc3)N3CCN(C)CC3)c2C1)c1ccccc1,HT29,[5*]N[5*],0.03843150660395622,0.03105924464762211,0.007372261956334114
CO[C@@H](C(=O)N1Cc2[nH]nc(NC(=O)c3ccc(cc3)N3CCN(C)CC3)c2C1)c1ccccc1,HT29,[16*]c1ccc([16*])cc1,0.03843150660395622,0.026401326060295105,0.012030180543661118
CO[C@@H](C(=O)N1Cc2[nH]nc(NC(=O)c3ccc(cc3)N3CCN(C)CC3)c2C1)c1ccccc1,HT29,[1*]C(=O)[C@H]([4*])[8*],0.03843150660395622,0.030976668000221252,0.00745483860373497
CO[C@@H](C(=O)N1Cc2[nH]nc(NC(=O)c3ccc(cc3)N3CCN(C)CC3)c2C1)c1ccccc1,HT29,[5*]N1CCN(C)CC1,0.03843150660395622,0.02833310142159462,0.010098405182361603
CO[C@@H](C(=O)N1Cc2[nH]nc(NC(=O)c3ccc(cc3)N3CCN(C)CC3)c2C1)c1ccccc1,HT29,[3*]OC,0.03843150660395622,0.028414353728294373,0.01001715287566185
OC(=O)CCCC[C@@H]1SC[C@@H]2NC(=N)N[C@H]12,HT29,[13*][C@@H]1SC[C@@H]2NC(=N)N[C@@H]21,0.026706092059612274,0.019806329160928726,0.006899762898683548
OC(=O)CCCC[C@@H]1SC[C@@H]2NC(=N)N[C@H]12,HT29,[8*]CCCCC(=O)O,0.026706092059612274,0.022546881809830666,0.004159210249781609
OC[C@H]1O[C@@H](Oc2ccc(O)cc2)[C@H](O)[C@@H](O)[C@@H]1O,HT29,[16*]c1ccc(O)cc1,0.022861063480377197,0.024154990911483765,-0.0012939274311065674
OC[C@H]1O[C@@H](Oc2ccc(O)cc2)[C@H](O)[C@@H](O)[C@@H]1O,HT29,[8*]CO,0.022861063480377197,0.02989118918776512,-0.007030125707387924
OC[C@H]1O[C@@H](Oc2ccc(O)cc2)[C@H](O)[C@@H](O)[C@@H]1O,HT29,[3*]O[3*],0.022861063480377197,0.030405307188630104,-0.007544243708252907
OC[C@H]1O[C@@H](Oc2ccc(O)cc2)[C@H](O)[C@@H](O)[C@@H]1O,HT29,[13*][C@@H]1O[C@H]([13*])[C@@H](O)[C@H](O)[C@H]1O,0.022861063480377197,0.024821268394589424,-0.001960204914212227
Nc1nc(=O)c2ncn([C@H]3C[C@H](O)[C@@H](CO)C3=C)c2[nH]1,HT29,[15*][C@H]1C[C@H](O)[C@@H]([15*])C1=C,0.028020216152071953,0.015678418800234795,0.012341797351837158
Nc1nc(=O)c2ncn([C@H]3C[C@H](O)[C@@H](CO)C3=C)c2[nH]1,HT29,[9*]n1cnc2c(=O)nc(N)[nH]c21,0.028020216152071953,0.0323663130402565,-0.004346096888184547
Nc1nc(=O)c2ncn([C@H]3C[C@H](O)[C@@H](CO)C3=C)c2[nH]1,HT29,[8*]CO,0.028020216152071953,0.03365875780582428,-0.005638541653752327
CN[C@@H](C)C(=O)N[C@@H](C1CCCCC1)C(=O)N1CCC[C@H]1c1nc(cs1)C(=O)c1ccc(F)cc1,HT29,[14*]c1csc([14*])n1,0.032676227390766144,0.03022460639476776,0.0024516209959983826
CN[C@@H](C)C(=O)N[C@@H](C1CCCCC1)C(=O)N1CCC[C@H]1c1nc(cs1)C(=O)c1ccc(F)cc1,HT29,[15*]C1CCCCC1,0.032676227390766144,0.02837132103741169,0.004304906353354454
CN[C@@H](C)C(=O)N[C@@H](C1CCCCC1)C(=O)N1CCC[C@H]1c1nc(cs1)C(=O)c1ccc(F)cc1,HT29,[5*]NC,0.032676227390766144,0.029402494430541992,0.0032737329602241516
CN[C@@H](C)C(=O)N[C@@H](C1CCCCC1)C(=O)N1CCC[C@H]1c1nc(cs1)C(=O)c1ccc(F)cc1,HT29,[1*]C(=O)[C@@H]([4*])[8*],0.032676227390766144,0.02874399535357952,0.003932232037186623
CN[C@@H](C)C(=O)N[C@@H](C1CCCCC1)C(=O)N1CCC[C@H]1c1nc(cs1)C(=O)c1ccc(F)cc1,HT29,[5*]N1CCC[C@H]1[13*],0.032676227390766144,0.028245925903320312,0.004430301487445831
CN[C@@H](C)C(=O)N[C@@H](C1CCCCC1)C(=O)N1CCC[C@H]1c1nc(cs1)C(=O)c1ccc(F)cc1,HT29,[5*]N[5*],0.032676227390766144,0.026628464460372925,0.006047762930393219
CN[C@@H](C)C(=O)N[C@@H](C1CCCCC1)C(=O)N1CCC[C@H]1c1nc(cs1)C(=O)c1ccc(F)cc1,HT29,[16*]c1ccc(F)cc1,0.032676227390766144,0.026547368615865707,0.006128858774900436
CN[C@@H](C)C(=O)N[C@@H](C1CCCCC1)C(=O)N1CCC[C@H]1c1nc(cs1)C(=O)c1ccc(F)cc1,HT29,[6*]C([6*])=O,0.032676227390766144,0.02803335338830948,0.004642874002456665
CN[C@@H](C)C(=O)N[C@@H](C1CCCCC1)C(=O)N1CCC[C@H]1c1nc(cs1)C(=O)c1ccc(F)cc1,HT29,[1*]C(=O)[C@@H]([4*])C,0.032676227390766144,0.02839166298508644,0.004284564405679703
OC(=O)Cc1ccccc1Nc1c(Cl)cccc1Cl,HT29,[16*]c1c(Cl)cccc1Cl,0.03636280074715614,0.023926395922899246,0.012436404824256897
OC(=O)Cc1ccccc1Nc1c(Cl)cccc1Cl,HT29,[8*]CC(=O)O,0.03636280074715614,0.03318370506167412,0.003179095685482025
OC(=O)Cc1ccccc1Nc1c(Cl)cccc1Cl,HT29,[16*]c1ccccc1[16*],0.03636280074715614,0.023089103400707245,0.013273697346448898
OC(=O)Cc1ccccc1Nc1c(Cl)cccc1Cl,HT29,[5*]N[5*],0.03636280074715614,0.02558141201734543,0.010781388729810715
CCc1c2Cn3c(cc4c(COC(=O)[C@]4(O)CC)c3=O)-c2nc2ccc(OC(=O)N3CCC(CC3)N3CCCCC3)cc12,HT29,[5*]N1CCC([15*])CC1,0.03705628961324692,0.02808881364762783,0.008967475965619087
CCc1c2Cn3c(cc4c(COC(=O)[C@]4(O)CC)c3=O)-c2nc2ccc(OC(=O)N3CCC(CC3)N3CCCCC3)cc12,HT29,[5*]N1CCCCC1,0.03705628961324692,0.02975413016974926,0.007302159443497658
CCc1c2Cn3c(cc4c(COC(=O)[C@]4(O)CC)c3=O)-c2nc2ccc(OC(=O)N3CCC(CC3)N3CCCCC3)cc12,HT29,[3*]O[3*],0.03705628961324692,0.030316360294818878,0.0067399293184280396
CCc1c2Cn3c(cc4c(COC(=O)[C@]4(O)CC)c3=O)-c2nc2ccc(OC(=O)N3CCC(CC3)N3CCCCC3)cc12,HT29,[16*]c1ccc2nc3c(c([16*])c2c1)Cn1c-3cc2c(c1=O)COC(=O)[C@]2(O)CC,0.03705628961324692,0.03313824534416199,0.00391804426908493
CCc1c2Cn3c(cc4c(COC(=O)[C@]4(O)CC)c3=O)-c2nc2ccc(OC(=O)N3CCC(CC3)N3CCCCC3)cc12,HT29,[8*]CC,0.03705628961324692,0.029896801337599754,0.007159488275647163
CCc1c2Cn3c(cc4c(COC(=O)[C@]4(O)CC)c3=O)-c2nc2ccc(OC(=O)N3CCC(CC3)N3CCCCC3)cc12,HT29,[1*]C([1*])=O,0.03705628961324692,0.030654923990368843,0.006401365622878075
OC(=O)CCn1c2CC[C@H](Cc2c2ccccc12)NS(=O)(=O)c1ccc(F)cc1,HT29,[9*]n1c2c(c3ccccc31)C[C@H]([15*])CC2,0.03144162893295288,0.010522883385419846,0.020918745547533035
OC(=O)CCn1c2CC[C@H](Cc2c2ccccc12)NS(=O)(=O)c1ccc(F)cc1,HT29,[8*]CCC(=O)O,0.03144162893295288,0.03230047971010208,-0.0008588507771492004
OC(=O)CCn1c2CC[C@H](Cc2c2ccccc12)NS(=O)(=O)c1ccc(F)cc1,HT29,[12*]S(=O)(=O)c1ccc(F)cc1,0.03144162893295288,0.028161732479929924,0.003279896453022957
OC(=O)CCn1c2CC[C@H](Cc2c2ccccc12)NS(=O)(=O)c1ccc(F)cc1,HT29,[5*]N[5*],0.03144162893295288,0.03227242827415466,-0.0008307993412017822
NC(=O)c1cccc(N)c1,HT29,[16*]c1cccc(N)c1,0.04570465162396431,0.020292121917009354,0.025412529706954956
NC(=O)c1cccc(N)c1,HT29,[6*]C(N)=O,0.04570465162396431,0.0457349568605423,-3.030523657798767e-05
Oc1ccc(cc1)[C@@H]1CC(=O)c2c(O)cc(O)cc2O1,HT29,[16*]c1ccc(O)cc1,0.027758793905377388,0.023164400830864906,0.004594393074512482
Oc1ccc(cc1)[C@@H]1CC(=O)c2c(O)cc(O)cc2O1,HT29,[13*][C@@H]1CC(=O)c2c(O)cc(O)cc2O1,0.027758793905377388,0.03568655997514725,-0.00792776606976986
N[C@@H](CCCNC(N)=N)C(=O)NCC(=O)N[C@@H](CC(O)=O)C(=O)N[C@@H](CO)C(O)=O,HT29,[1*]C(=O)C[4*],0.02744172513484955,0.01802840083837509,0.009413324296474457
N[C@@H](CCCNC(N)=N)C(=O)NCC(=O)N[C@@H](CC(O)=O)C(=O)N[C@@H](CO)C(O)=O,HT29,[5*]NC(=N)N,0.02744172513484955,0.022475142031908035,0.004966583102941513
N[C@@H](CCCNC(N)=N)C(=O)NCC(=O)N[C@@H](CC(O)=O)C(=O)N[C@@H](CO)C(O)=O,HT29,[1*]C(=O)[C@@H](N)CCC[4*],0.02744172513484955,0.01963374763727188,0.007807977497577667
N[C@@H](CCCNC(N)=N)C(=O)NCC(=O)N[C@@H](CC(O)=O)C(=O)N[C@@H](CO)C(O)=O,HT29,[4*][C@@H](CO)C(=O)O,0.02744172513484955,0.01862751692533493,0.008814208209514618
N[C@@H](CCCNC(N)=N)C(=O)NCC(=O)N[C@@H](CC(O)=O)C(=O)N[C@@H](CO)C(O)=O,HT29,[5*]N[5*],0.02744172513484955,0.017945874482393265,0.009495850652456284
N[C@@H](CCCNC(N)=N)C(=O)NCC(=O)N[C@@H](CC(O)=O)C(=O)N[C@@H](CO)C(O)=O,HT29,[1*]C(=O)[C@@H]([4*])CC(=O)O,0.02744172513484955,0.02157524600625038,0.005866479128599167
O=C1N(C[C@H]2CCCc3cccc1c23)[C@@H]1CN2CCC1CC2,HT29,[10*]N1C[C@H]2CCCc3cccc(c32)C1=O,0.03325111046433449,0.04234949126839638,-0.00909838080406189
O=C1N(C[C@H]2CCCc3cccc1c23)[C@@H]1CN2CCC1CC2,HT29,[15*][C@@H]1CN2CCC1CC2,0.03325111046433449,0.03242306411266327,0.0008280463516712189
OC(=O)CCCCCCCC(O)=O,HT29,O=C(O)CCCCCCCC(=O)O,0.03556609898805618,0.05797938257455826,-0.022413283586502075
CO[C@@H]1C[C@H](C[C@@H](C)[C@@H]2CC(=O)[C@H](C)\C=C(C)\[C@@H](O)[C@@H](OC)C(=O)[C@H](C)C[C@H](C)\C=C\C=C\C=C(C)\[C@H](C[C@H]3CC[C@@H](C)[C@@](O)(O3)C(=O)C(=O)N3CCCC[C@H]3C(=O)O2)OC)CC[C@@H]1OP(C)(C)=O,HT29,[3*]OP(C)(C)=O,0.03452117741107941,0.029395420104265213,0.005125757306814194
CO[C@@H]1C[C@H](C[C@@H](C)[C@@H]2CC(=O)[C@H](C)\C=C(C)\[C@@H](O)[C@@H](OC)C(=O)[C@H](C)C[C@H](C)\C=C\C=C\C=C(C)\[C@H](C[C@H]3CC[C@@H](C)[C@@](O)(O3)C(=O)C(=O)N3CCCC[C@H]3C(=O)O2)OC)CC[C@@H]1OP(C)(C)=O,HT29,[8*]C[C@H]([8*])C,0.03452117741107941,0.030846044421195984,0.003675132989883423
CO[C@@H]1C[C@H](C[C@@H](C)[C@@H]2CC(=O)[C@H](C)\C=C(C)\[C@@H](O)[C@@H](OC)C(=O)[C@H](C)C[C@H](C)\C=C\C=C\C=C(C)\[C@H](C[C@H]3CC[C@@H](C)[C@@](O)(O3)C(=O)C(=O)N3CCCC[C@H]3C(=O)O2)OC)CC[C@@H]1OP(C)(C)=O,HT29,[3*]OC,0.03452117741107941,0.036277834326028824,-0.0017566569149494171
CO[C@@H]1C[C@H](C[C@@H](C)[C@@H]2CC(=O)[C@H](C)\C=C(C)\[C@@H](O)[C@@H](OC)C(=O)[C@H](C)C[C@H](C)\C=C\C=C\C=C(C)\[C@H](C[C@H]3CC[C@@H](C)[C@@](O)(O3)C(=O)C(=O)N3CCCC[C@H]3C(=O)O2)OC)CC[C@@H]1OP(C)(C)=O,HT29,[15*][C@@H]1CC[C@H]([15*])[C@H]([15*])C1,0.03452117741107941,0.033882319927215576,0.0006388574838638306
CO[C@@H]1C[C@H](C[C@@H](C)[C@@H]2CC(=O)[C@H](C)\C=C(C)\[C@@H](O)[C@@H](OC)C(=O)[C@H](C)C[C@H](C)\C=C\C=C\C=C(C)\[C@H](C[C@H]3CC[C@@H](C)[C@@](O)(O3)C(=O)C(=O)N3CCCC[C@H]3C(=O)O2)OC)CC[C@@H]1OP(C)(C)=O,HT29,[13*][C@@H]1CC(=O)[C@H](C)/C=C(\C)[C@@H](O)[C@@H]([15*])C(=O)[C@H](C)C[C@H](C)/C=C/C=C/C=C(\C)[C@@H]([15*])C[C@H]2CC[C@@H](C)[C@@](O)(O2)C(=O)C(=O)N2CCCC[C@H]2C(=O)O1,0.03452117741107941,0.03793325275182724,-0.0034120753407478333
CCNC1(CCN(CC1)c1ncnc2n(c(nc12)-c1ccccc1Cl)-c1ccc(Cl)cc1)C(N)=O,HT29,[16*]c1ccccc1Cl,0.04184100031852722,0.035876620560884476,0.005964379757642746
CCNC1(CCN(CC1)c1ncnc2n(c(nc12)-c1ccccc1Cl)-c1ccc(Cl)cc1)C(N)=O,HT29,[16*]c1ccc(Cl)cc1,0.04184100031852722,0.03182411938905716,0.010016880929470062
CCNC1(CCN(CC1)c1ncnc2n(c(nc12)-c1ccccc1Cl)-c1ccc(Cl)cc1)C(N)=O,HT29,[4*]C1([15*])CCN([5*])CC1,0.04184100031852722,0.03461424261331558,0.007226757705211639
CCNC1(CCN(CC1)c1ncnc2n(c(nc12)-c1ccccc1Cl)-c1ccc(Cl)cc1)C(N)=O,HT29,[9*]n1c([14*])nc2c([14*])ncnc21,0.04184100031852722,0.03766758367419243,0.004173416644334793
CCNC1(CCN(CC1)c1ncnc2n(c(nc12)-c1ccccc1Cl)-c1ccc(Cl)cc1)C(N)=O,HT29,[6*]C(N)=O,0.04184100031852722,0.032384924590587616,0.009456075727939606
CCNC1(CCN(CC1)c1ncnc2n(c(nc12)-c1ccccc1Cl)-c1ccc(Cl)cc1)C(N)=O,HT29,[5*]N[5*],0.04184100031852722,0.03362879902124405,0.008212201297283173
CCNC1(CCN(CC1)c1ncnc2n(c(nc12)-c1ccccc1Cl)-c1ccc(Cl)cc1)C(N)=O,HT29,[4*]CC,0.04184100031852722,0.03276873379945755,0.009072266519069672
Fc1ccc(Cn2cccc(C(=O)N[C@@H](COc3ccc4[nH]c(=O)[nH]c4c3)c3ccccc3)c2=O)cc1F,HT29,[16*]c1ccccc1,0.03378567099571228,0.027105093002319336,0.006680577993392944
Fc1ccc(Cn2cccc(C(=O)N[C@@H](COc3ccc4[nH]c(=O)[nH]c4c3)c3ccccc3)c2=O)cc1F,HT29,[16*]c1ccc(F)c(F)c1,0.03378567099571228,0.0267744529992342,0.007011217996478081
Fc1ccc(Cn2cccc(C(=O)N[C@@H](COc3ccc4[nH]c(=O)[nH]c4c3)c3ccccc3)c2=O)cc1F,HT29,[16*]c1ccc2[nH]c(=O)[nH]c2c1,0.03378567099571228,0.032772671431303024,0.001012999564409256
Fc1ccc(Cn2cccc(C(=O)N[C@@H](COc3ccc4[nH]c(=O)[nH]c4c3)c3ccccc3)c2=O)cc1F,HT29,[1*]C([6*])=O,0.03378567099571228,0.0288177989423275,0.004967872053384781
Fc1ccc(Cn2cccc(C(=O)N[C@@H](COc3ccc4[nH]c(=O)[nH]c4c3)c3ccccc3)c2=O)cc1F,HT29,[3*]O[3*],0.03378567099571228,0.027883494272828102,0.005902176722884178
Fc1ccc(Cn2cccc(C(=O)N[C@@H](COc3ccc4[nH]c(=O)[nH]c4c3)c3ccccc3)c2=O)cc1F,HT29,[9*]n1cccc([16*])c1=O,0.03378567099571228,0.02799353562295437,0.005792135372757912
Fc1ccc(Cn2cccc(C(=O)N[C@@H](COc3ccc4[nH]c(=O)[nH]c4c3)c3ccccc3)c2=O)cc1F,HT29,[4*]C[C@H]([4*])[8*],0.03378567099571228,0.02967301942408085,0.004112651571631432
Fc1ccc(Cn2cccc(C(=O)N[C@@H](COc3ccc4[nH]c(=O)[nH]c4c3)c3ccccc3)c2=O)cc1F,HT29,[5*]N[5*],0.03378567099571228,0.027818793430924416,0.005966877564787865
Fc1ccc(Cn2cccc(C(=O)N[C@@H](COc3ccc4[nH]c(=O)[nH]c4c3)c3ccccc3)c2=O)cc1F,HT29,[8*]C[8*],0.03378567099571228,0.02840532921254635,0.005380341783165932
Oc1c(I)cc(Cl)c2cccnc12,HT29,Oc1c(I)cc(Cl)c2cccnc12,0.03636256605386734,0.05797938257455826,-0.021616816520690918
COc1cc(NC(=O)Nc2cccc(CNC(=O)O[C@H]3CCOC3)c2)ccc1-c1cnco1,HT29,[4*]C[8*],0.03904755786061287,0.029939038679003716,0.009108519181609154
COc1cc(NC(=O)Nc2cccc(CNC(=O)O[C@H]3CCOC3)c2)ccc1-c1cnco1,HT29,[14*]c1cnco1,0.03904755786061287,0.02970317378640175,0.00934438407421112
COc1cc(NC(=O)Nc2cccc(CNC(=O)O[C@H]3CCOC3)c2)ccc1-c1cnco1,HT29,[3*]O[3*],0.03904755786061287,0.03232598304748535,0.006721574813127518
COc1cc(NC(=O)Nc2cccc(CNC(=O)O[C@H]3CCOC3)c2)ccc1-c1cnco1,HT29,[5*]N[5*],0.03904755786061287,0.03184099867939949,0.007206559181213379
COc1cc(NC(=O)Nc2cccc(CNC(=O)O[C@H]3CCOC3)c2)ccc1-c1cnco1,HT29,[16*]c1ccc([16*])c([16*])c1,0.03904755786061287,0.02737359330058098,0.011673964560031891
COc1cc(NC(=O)Nc2cccc(CNC(=O)O[C@H]3CCOC3)c2)ccc1-c1cnco1,HT29,[15*][C@H]1CCOC1,0.03904755786061287,0.02683802880346775,0.012209529057145119
COc1cc(NC(=O)Nc2cccc(CNC(=O)O[C@H]3CCOC3)c2)ccc1-c1cnco1,HT29,[16*]c1cccc([16*])c1,0.03904755786061287,0.02738666720688343,0.011660890653729439
COc1cc(NC(=O)Nc2cccc(CNC(=O)O[C@H]3CCOC3)c2)ccc1-c1cnco1,HT29,[1*]C([1*])=O,0.03904755786061287,0.029274804517626762,0.009772753342986107
COc1cc(NC(=O)Nc2cccc(CNC(=O)O[C@H]3CCOC3)c2)ccc1-c1cnco1,HT29,[3*]OC,0.03904755786061287,0.026202550157904625,0.012845007702708244
NC1CCN(CC1)c1cccc(Cl)n1,HT29,[14*]c1cccc(Cl)n1,0.04349186271429062,0.03619770705699921,0.007294155657291412
NC1CCN(CC1)c1cccc(Cl)n1,HT29,[5*]N1CCC(N)CC1,0.04349186271429062,0.042174577713012695,0.0013172850012779236
CN(C)CCNc1nc2cc(O)ccc2c2-c3ccccc3C(=O)c12,HT29,[14*]c1nc2cc(O)ccc2c2c1C(=O)c1ccccc1-2,0.036615386605262756,0.026483066380023956,0.0101323202252388
CN(C)CCNc1nc2cc(O)ccc2c2-c3ccccc3C(=O)c12,HT29,[5*]N(C)C,0.036615386605262756,0.029548445716500282,0.007066940888762474
CN(C)CCNc1nc2cc(O)ccc2c2-c3ccccc3C(=O)c12,HT29,[4*]CC[4*],0.036615386605262756,0.029041767120361328,0.007573619484901428
CN(C)CCNc1nc2cc(O)ccc2c2-c3ccccc3C(=O)c12,HT29,[5*]N[5*],0.036615386605262756,0.03244193270802498,0.004173453897237778
C[C@H]1COc2c(N3CCN(C)CC3)c(F)cc3c2n1cc(C(O)=O)c3=O,HT29,[5*]N1CCN(C)CC1,0.031067263334989548,0.027038006111979485,0.004029257223010063
C[C@H]1COc2c(N3CCN(C)CC3)c(F)cc3c2n1cc(C(O)=O)c3=O,HT29,[6*]C(=O)O,0.031067263334989548,0.03137326240539551,-0.0003059990704059601
C[C@H]1COc2c(N3CCN(C)CC3)c(F)cc3c2n1cc(C(O)=O)c3=O,HT29,[16*]c1c(F)cc2c(=O)c([16*])cn3c2c1OC[C@@H]3C,0.031067263334989548,0.017261017113924026,0.013806246221065521
O=c1cc(oc2c3ccccc3ccc12)N1CCOCC1,HT29,[5*]N1CCOCC1,0.03815722092986107,0.032151784747838974,0.006005436182022095
O=c1cc(oc2c3ccccc3ccc12)N1CCOCC1,HT29,[14*]c1cc(=O)c2ccc3ccccc3c2o1,0.03815722092986107,0.027854878455400467,0.010302342474460602
COCC(=O)O[C@]1(CCN(C)CCCc2nc3ccccc3[nH]2)CCc2cc(F)ccc2[C@@H]1C(C)C,HT29,[14*]c1nc2ccccc2[nH]1,0.03522280976176262,0.023416228592395782,0.011806581169366837
COCC(=O)O[C@]1(CCN(C)CCCc2nc3ccccc3[nH]2)CCc2cc(F)ccc2[C@@H]1C(C)C,HT29,[1*]C(=O)C[4*],0.03522280976176262,0.02792956866323948,0.00729324109852314
COCC(=O)O[C@]1(CCN(C)CCCc2nc3ccccc3[nH]2)CCc2cc(F)ccc2[C@@H]1C(C)C,HT29,[15*]C1([15*])CCc2cc(F)ccc2[C@@H]1C(C)C,0.03522280976176262,0.02633553557097912,0.0088872741907835
COCC(=O)O[C@]1(CCN(C)CCCc2nc3ccccc3[nH]2)CCc2cc(F)ccc2[C@@H]1C(C)C,HT29,[4*]CCC[8*],0.03522280976176262,0.02426840551197529,0.01095440424978733
COCC(=O)O[C@]1(CCN(C)CCCc2nc3ccccc3[nH]2)CCc2cc(F)ccc2[C@@H]1C(C)C,HT29,[3*]O[3*],0.03522280976176262,0.026028312742710114,0.009194497019052505
COCC(=O)O[C@]1(CCN(C)CCCc2nc3ccccc3[nH]2)CCc2cc(F)ccc2[C@@H]1C(C)C,HT29,[5*]N([5*])C,0.03522280976176262,0.024640846997499466,0.010581962764263153
COCC(=O)O[C@]1(CCN(C)CCCc2nc3ccccc3[nH]2)CCc2cc(F)ccc2[C@@H]1C(C)C,HT29,[4*]CC[8*],0.03522280976176262,0.024676481261849403,0.010546328499913216
COCC(=O)O[C@]1(CCN(C)CCCc2nc3ccccc3[nH]2)CCc2cc(F)ccc2[C@@H]1C(C)C,HT29,[4*][C@]1([15*])CCc2cc(F)ccc2[C@@H]1C(C)C,0.03522280976176262,0.024981627240777016,0.010241182520985603
COCC(=O)O[C@]1(CCN(C)CCCc2nc3ccccc3[nH]2)CCc2cc(F)ccc2[C@@H]1C(C)C,HT29,[3*]OC,0.03522280976176262,0.02348553016781807,0.01173727959394455
CC(=O)O[C@H]1[C@@H](O)[C@H]2C(C)(C)CC[C@H](O)[C@]2(C)[C@@]2(O)C(=O)C[C@@](C)(O[C@]12C)C=C,HT29,[3*]O[3*],0.039850037544965744,0.027955258265137672,0.011894779279828072
CC(=O)O[C@H]1[C@@H](O)[C@H]2C(C)(C)CC[C@H](O)[C@]2(C)[C@@]2(O)C(=O)C[C@@](C)(O[C@]12C)C=C,HT29,[15*][C@H]1[C@@H](O)[C@H]2C(C)(C)CC[C@H](O)[C@]2(C)[C@@]2(O)C(=O)C[C@](C)(C=C)O[C@]12C,0.039850037544965744,0.005462285131216049,0.034387752413749695
CC(=O)O[C@H]1[C@@H](O)[C@H]2C(C)(C)CC[C@H](O)[C@]2(C)[C@@]2(O)C(=O)C[C@@](C)(O[C@]12C)C=C,HT29,[1*]C(C)=O,0.039850037544965744,0.03133624792098999,0.008513789623975754
CCc1c(C(=O)C(N)=O)c2c(OCC(O)=O)cccc2n1Cc1ccccc1,HT29,[16*]c1ccccc1,0.03170369938015938,0.02719876542687416,0.004504933953285217
CCc1c(C(=O)C(N)=O)c2c(OCC(O)=O)cccc2n1Cc1ccccc1,HT29,[4*]CC(=O)O,0.03170369938015938,0.03286654129624367,-0.0011628419160842896
CCc1c(C(=O)C(N)=O)c2c(OCC(O)=O)cccc2n1Cc1ccccc1,HT29,[3*]O[3*],0.03170369938015938,0.03613676130771637,-0.004433061927556992
CCc1c(C(=O)C(N)=O)c2c(OCC(O)=O)cccc2n1Cc1ccccc1,HT29,[9*]n1c([14*])c([16*])c2c([16*])cccc21,0.03170369938015938,0.022891109809279442,0.008812589570879936
CCc1c(C(=O)C(N)=O)c2c(OCC(O)=O)cccc2n1Cc1ccccc1,HT29,[8*]C[8*],0.03170369938015938,0.030458198860287666,0.0012455005198717117
CCc1c(C(=O)C(N)=O)c2c(OCC(O)=O)cccc2n1Cc1ccccc1,HT29,[6*]C(=O)C(N)=O,0.03170369938015938,0.03325958549976349,-0.0015558861196041107
CCc1c(C(=O)C(N)=O)c2c(OCC(O)=O)cccc2n1Cc1ccccc1,HT29,[8*]CC,0.03170369938015938,0.029611945152282715,0.002091754227876663
Ic1cccc(CSc2nnc(o2)c3ccncc3)c1,HT29,[16*]c1ccncc1,0.03193750977516174,0.03085300326347351,0.0010845065116882324
Ic1cccc(CSc2nnc(o2)c3ccncc3)c1,HT29,[4*]C[8*],0.03193750977516174,0.03740233555436134,-0.0054648257791996
Ic1cccc(CSc2nnc(o2)c3ccncc3)c1,HT29,[11*]S[11*],0.03193750977516174,0.03698422759771347,-0.005046717822551727
Ic1cccc(CSc2nnc(o2)c3ccncc3)c1,HT29,[16*]c1cccc(I)c1,0.03193750977516174,0.034309644252061844,-0.0023721344769001007
Ic1cccc(CSc2nnc(o2)c3ccncc3)c1,HT29,[14*]c1nnc([14*])o1,0.03193750977516174,0.037816837430000305,-0.005879327654838562
OC(=O)c1cc(ccc1O)\N=N\c1ccc(cc1)S(=O)(=O)Nc1ccccn1,HT29,[6*]C(=O)O,0.03800463676452637,0.03362244740128517,0.004382189363241196
OC(=O)c1cc(ccc1O)\N=N\c1ccc(cc1)S(=O)(=O)Nc1ccccn1,HT29,[14*]c1ccccn1,0.03800463676452637,0.02828599140048027,0.009718645364046097
OC(=O)c1cc(ccc1O)\N=N\c1ccc(cc1)S(=O)(=O)Nc1ccccn1,HT29,[5*]N[5*],0.03800463676452637,0.03428322449326515,0.003721412271261215
OC(=O)c1cc(ccc1O)\N=N\c1ccc(cc1)S(=O)(=O)Nc1ccccn1,HT29,[12*]S(=O)(=O)c1ccc(/N=N/c2ccc(O)c([16*])c2)cc1,0.03800463676452637,0.016096241772174835,0.021908394992351532
CCCCC1C(=O)N(N(C1=O)c1ccccc1)c1ccccc1,HT29,[16*]c1ccccc1,0.03298497945070267,0.020174847915768623,0.012810131534934044
CCCCC1C(=O)N(N(C1=O)c1ccccc1)c1ccccc1,HT29,[10*]N1C(=O)C([15*])C(=O)N1[10*],0.03298497945070267,0.0354432538151741,-0.0024582743644714355
CCCCC1C(=O)N(N(C1=O)c1ccccc1)c1ccccc1,HT29,[8*]CCCC,0.03298497945070267,0.02228401042521,0.010700969025492668
OP(O)(=O)C(Sc1ccc(Cl)cc1)P(O)(O)=O,HT29,[11*]SC(P(=O)(O)O)P(=O)(O)O,0.027118515223264694,0.04434209316968918,-0.017223577946424484
OP(O)(=O)C(Sc1ccc(Cl)cc1)P(O)(O)=O,HT29,[16*]c1ccc(Cl)cc1,0.027118515223264694,0.020701909437775612,0.006416605785489082
Cc1ccc(cc1)C(=O)c1cc(O)c(O)c(c1)[N+]([O-])=O,HT29,[6*]C([6*])=O,0.02879435382783413,0.03981255739927292,-0.01101820357143879
Cc1ccc(cc1)C(=O)c1cc(O)c(O)c(c1)[N+]([O-])=O,HT29,[16*]c1ccc(C)cc1,0.02879435382783413,0.03270411118865013,-0.003909757360816002
Cc1ccc(cc1)C(=O)c1cc(O)c(O)c(c1)[N+]([O-])=O,HT29,[16*]c1cc(O)c(O)c([N+](=O)[O-])c1,0.02879435382783413,0.03194809332489967,-0.003153739497065544
CC(C)OC(=O)N1CCC(CC1)Oc1ncnc2n(ncc12)-c1ccc(cc1F)S(C)(=O)=O,HT29,[16*]c1ccc(S(C)(=O)=O)cc1F,0.03544951230287552,0.029341131448745728,0.006108380854129791
CC(C)OC(=O)N1CCC(CC1)Oc1ncnc2n(ncc12)-c1ccc(cc1F)S(C)(=O)=O,HT29,[5*]N1CCC([15*])CC1,0.03544951230287552,0.03747978061437607,-0.0020302683115005493
CC(C)OC(=O)N1CCC(CC1)Oc1ncnc2n(ncc12)-c1ccc(cc1F)S(C)(=O)=O,HT29,[4*]C(C)C,0.03544951230287552,0.03896988928318024,-0.003520376980304718
CC(C)OC(=O)N1CCC(CC1)Oc1ncnc2n(ncc12)-c1ccc(cc1F)S(C)(=O)=O,HT29,[3*]O[3*],0.03544951230287552,0.0374114066362381,-0.0019618943333625793
CC(C)OC(=O)N1CCC(CC1)Oc1ncnc2n(ncc12)-c1ccc(cc1F)S(C)(=O)=O,HT29,[9*]n1ncc2c([14*])ncnc21,0.03544951230287552,0.037040479481220245,-0.0015909671783447266
CC(C)OC(=O)N1CCC(CC1)Oc1ncnc2n(ncc12)-c1ccc(cc1F)S(C)(=O)=O,HT29,[1*]C([1*])=O,0.03544951230287552,0.03542604297399521,2.346932888031006e-05
CC(C)OC(=O)CCC\C=C/C[C@H]1[C@@H](O)C[C@@H](O)[C@@H]1CC[C@@H](O)CCc1ccccc1,HT29,[7*]CC[8*],0.028352653607726097,0.033478014171123505,-0.0051253605633974075
CC(C)OC(=O)CCC\C=C/C[C@H]1[C@@H](O)C[C@@H](O)[C@@H]1CC[C@@H](O)CCc1ccccc1,HT29,[16*]c1ccccc1,0.028352653607726097,0.029891453683376312,-0.0015388000756502151
CC(C)OC(=O)CCC\C=C/C[C@H]1[C@@H](O)C[C@@H](O)[C@@H]1CC[C@@H](O)CCc1ccccc1,HT29,[1*]C(=O)CCCC[7*],0.028352653607726097,0.03057570569217205,-0.0022230520844459534
CC(C)OC(=O)CCC\C=C/C[C@H]1[C@@H](O)C[C@@H](O)[C@@H]1CC[C@@H](O)CCc1ccccc1,HT29,[4*]C(C)C,0.028352653607726097,0.031133294105529785,-0.002780640497803688
CC(C)OC(=O)CCC\C=C/C[C@H]1[C@@H](O)C[C@@H](O)[C@@H]1CC[C@@H](O)CCc1ccccc1,HT29,[3*]O[3*],0.028352653607726097,0.03103250451385975,-0.0026798509061336517
CC(C)OC(=O)CCC\C=C/C[C@H]1[C@@H](O)C[C@@H](O)[C@@H]1CC[C@@H](O)CCc1ccccc1,HT29,[8*]CCC(O)CC[8*],0.028352653607726097,0.030878929421305656,-0.0025262758135795593
CC(C)OC(=O)CCC\C=C/C[C@H]1[C@@H](O)C[C@@H](O)[C@@H]1CC[C@@H](O)CCc1ccccc1,HT29,[15*][C@@H]1[C@@H]([15*])[C@@H](O)C[C@H]1O,0.028352653607726097,0.0318942591547966,-0.0035416055470705032
NC(=O)CCCCn1ccc(n1)\N=C(/N)NCC(F)(F)F,HT29,[4*]CC(F)(F)F,0.031888317316770554,0.029712749645113945,0.0021755676716566086
NC(=O)CCCCn1ccc(n1)\N=C(/N)NCC(F)(F)F,HT29,[8*]CCCCC(N)=O,0.031888317316770554,0.0323067307472229,-0.0004184134304523468
NC(=O)CCCCn1ccc(n1)\N=C(/N)NCC(F)(F)F,HT29,[5*]N/C(N)=N/c1ccn([9*])n1,0.031888317316770554,0.03330877050757408,-0.0014204531908035278
CC(=O)Nc1ccc(cc1)C(=O)NC(C)(C)C,HT29,[4*]C(C)(C)C,0.03191699460148811,0.031883157789707184,3.3836811780929565e-05
CC(=O)Nc1ccc(cc1)C(=O)NC(C)(C)C,HT29,[1*]C([6*])=O,0.03191699460148811,0.03804938495159149,-0.006132390350103378
CC(=O)Nc1ccc(cc1)C(=O)NC(C)(C)C,HT29,[16*]c1ccc([16*])cc1,0.03191699460148811,0.029971346259117126,0.001945648342370987
CC(=O)Nc1ccc(cc1)C(=O)NC(C)(C)C,HT29,[5*]N[5*],0.03191699460148811,0.03596930205821991,-0.004052307456731796
CC(=O)Nc1ccc(cc1)C(=O)NC(C)(C)C,HT29,[1*]C(C)=O,0.03191699460148811,0.03691865876317024,-0.005001664161682129
Cc1ccc(C)c(OCCCC(C)(C)C(O)=O)c1,HT29,[3*]O[3*],0.03655631095170975,0.03450071066617966,0.0020556002855300903
Cc1ccc(C)c(OCCCC(C)(C)C(O)=O)c1,HT29,[16*]c1cc(C)ccc1C,0.03655631095170975,0.01717698946595192,0.019379321485757828
Cc1ccc(C)c(OCCCC(C)(C)C(O)=O)c1,HT29,[4*]CCCC(C)(C)C(=O)O,0.03655631095170975,0.029207980260252953,0.007348330691456795
CCn1cc(C(O)=O)c(=O)c2cc(F)c(cc12)N1CCNCC1,HT29,[5*]N1CCNCC1,0.032442089170217514,0.02230433188378811,0.010137757286429405
CCn1cc(C(O)=O)c(=O)c2cc(F)c(cc12)N1CCNCC1,HT29,[8*]CC,0.032442089170217514,0.01972050964832306,0.012721579521894455
CCn1cc(C(O)=O)c(=O)c2cc(F)c(cc12)N1CCNCC1,HT29,[6*]C(=O)O,0.032442089170217514,0.027716392651200294,0.0047256965190172195
CCn1cc(C(O)=O)c(=O)c2cc(F)c(cc12)N1CCNCC1,HT29,[9*]n1cc([16*])c(=O)c2cc(F)c([16*])cc21,0.032442089170217514,0.013216443359851837,0.019225645810365677
NC(=N)NC(=N)NCCc1ccccc1,HT29,[16*]c1ccccc1,0.03660465031862259,0.010426241904497147,0.026178408414125443
NC(=N)NC(=N)NCCc1ccccc1,HT29,[5*]NC(=N)NC(=N)N,0.03660465031862259,0.033569615334272385,0.0030350349843502045
NC(=N)NC(=N)NCCc1ccccc1,HT29,[4*]CC[8*],0.03660465031862259,0.019999193027615547,0.016605457291007042
CC(=O)Oc1ccccc1C(O)=O,HT29,[16*]c1ccccc1[16*],0.033327616751194,0.003841988742351532,0.029485628008842468
CC(=O)Oc1ccccc1C(O)=O,HT29,[3*]O[3*],0.033327616751194,0.022411232814192772,0.010916383937001228
CC(=O)Oc1ccccc1C(O)=O,HT29,[6*]C(=O)O,0.033327616751194,0.024464763700962067,0.008862853050231934
CC(=O)Oc1ccccc1C(O)=O,HT29,[1*]C(C)=O,0.033327616751194,0.019403595477342606,0.013924021273851395
CCc1oc2ccccc2c1C(=O)c1cc(Br)c(O)c(Br)c1,HT29,[14*]c1oc2ccccc2c1[16*],0.030315928161144257,0.02846362069249153,0.0018523074686527252
CCc1oc2ccccc2c1C(=O)c1cc(Br)c(O)c(Br)c1,HT29,[8*]CC,0.030315928161144257,0.02417217567563057,0.006143752485513687
CCc1oc2ccccc2c1C(=O)c1cc(Br)c(O)c(Br)c1,HT29,[6*]C([6*])=O,0.030315928161144257,0.031211325898766518,-0.000895397737622261
CCc1oc2ccccc2c1C(=O)c1cc(Br)c(O)c(Br)c1,HT29,[16*]c1cc(Br)c(O)c(Br)c1,0.030315928161144257,0.02799391746520996,0.0023220106959342957
Clc1c(CN2CCCC2=N)[nH]c(=O)[nH]c1=O,HT29,[5*]N1CCCC1=N,0.04040997847914696,0.020436806604266167,0.01997317187488079
Clc1c(CN2CCCC2=N)[nH]c(=O)[nH]c1=O,HT29,[14*]c1[nH]c(=O)[nH]c(=O)c1Cl,0.04040997847914696,0.014992143958806992,0.025417834520339966
Clc1c(CN2CCCC2=N)[nH]c(=O)[nH]c1=O,HT29,[4*]C[8*],0.04040997847914696,0.0248841792345047,0.015525799244642258
Clc1ccc(cc1)C1(CCNCC1)c1ccc(cc1)-c1cn[nH]c1,HT29,[15*]C1([15*])CCNCC1,0.03432926535606384,0.03538995981216431,-0.0010606944561004639
Clc1ccc(cc1)C1(CCNCC1)c1ccc(cc1)-c1cn[nH]c1,HT29,[16*]c1cn[nH]c1,0.03432926535606384,0.03901681303977966,-0.00468754768371582
Clc1ccc(cc1)C1(CCNCC1)c1ccc(cc1)-c1cn[nH]c1,HT29,[16*]c1ccc(Cl)cc1,0.03432926535606384,0.036795780062675476,-0.0024665147066116333
Clc1ccc(cc1)C1(CCNCC1)c1ccc(cc1)-c1cn[nH]c1,HT29,[16*]c1ccc([16*])cc1,0.03432926535606384,0.036851659417152405,-0.002522394061088562
Cc1cnc(cn1)C(=O)NCCc1ccc(cc1)S(=O)(=O)NC(=O)NC1CCCCC1,HT29,[14*]c1cnc(C)cn1,0.037266604602336884,0.03224848210811615,0.005018122494220734
Cc1cnc(cn1)C(=O)NCCc1ccc(cc1)S(=O)(=O)NC(=O)NC1CCCCC1,HT29,[15*]C1CCCCC1,0.037266604602336884,0.033718932420015335,0.0035476721823215485
Cc1cnc(cn1)C(=O)NCCc1ccc(cc1)S(=O)(=O)NC(=O)NC1CCCCC1,HT29,[1*]C([6*])=O,0.037266604602336884,0.032301172614097595,0.004965431988239288
Cc1cnc(cn1)C(=O)NCCc1ccc(cc1)S(=O)(=O)NC(=O)NC1CCCCC1,HT29,[12*]S(=O)(=O)c1ccc([16*])cc1,0.037266604602336884,0.03391297906637192,0.003353625535964966
Cc1cnc(cn1)C(=O)NCCc1ccc(cc1)S(=O)(=O)NC(=O)NC1CCCCC1,HT29,[5*]N[5*],0.037266604602336884,0.031563110649585724,0.00570349395275116
Cc1cnc(cn1)C(=O)NCCc1ccc(cc1)S(=O)(=O)NC(=O)NC1CCCCC1,HT29,[4*]CC[8*],0.037266604602336884,0.0308489128947258,0.006417691707611084
Cc1cnc(cn1)C(=O)NCCc1ccc(cc1)S(=O)(=O)NC(=O)NC1CCCCC1,HT29,[1*]C([1*])=O,0.037266604602336884,0.030765041708946228,0.0065015628933906555
COc1cc(OC)c(Cl)c2O[C@@]3([C@H](C)CC(=O)C=C3OC)C(=O)c12,HT29,[16*]c1cc([16*])c2c(c1Cl)O[C@@]1(C2=O)C(OC)=CC(=O)C[C@H]1C,0.05127527564764023,0.018657848238945007,0.03261742740869522
COc1cc(OC)c(Cl)c2O[C@@]3([C@H](C)CC(=O)C=C3OC)C(=O)c12,HT29,[3*]OC,0.05127527564764023,0.03640492260456085,0.014870353043079376
Cc1cnc(Nc2ccc(OCCN3CCCC3)cc2)nc1Nc1cccc(c1)S(=O)(=O)NC(C)(C)C,HT29,[4*]C(C)(C)C,0.04872479289770126,0.028205767273902893,0.02051902562379837
Cc1cnc(Nc2ccc(OCCN3CCCC3)cc2)nc1Nc1cccc(c1)S(=O)(=O)NC(C)(C)C,HT29,[14*]c1ncc(C)c([14*])n1,0.04872479289770126,0.030962087213993073,0.01776270568370819
Cc1cnc(Nc2ccc(OCCN3CCCC3)cc2)nc1Nc1cccc(c1)S(=O)(=O)NC(C)(C)C,HT29,[3*]O[3*],0.04872479289770126,0.03192659467458725,0.016798198223114014
Cc1cnc(Nc2ccc(OCCN3CCCC3)cc2)nc1Nc1cccc(c1)S(=O)(=O)NC(C)(C)C,HT29,[12*]S(=O)(=O)c1cccc([16*])c1,0.04872479289770126,0.03105558641254902,0.017669206485152245
Cc1cnc(Nc2ccc(OCCN3CCCC3)cc2)nc1Nc1cccc(c1)S(=O)(=O)NC(C)(C)C,HT29,[5*]N[5*],0.04872479289770126,0.02488851547241211,0.023836277425289154
Cc1cnc(Nc2ccc(OCCN3CCCC3)cc2)nc1Nc1cccc(c1)S(=O)(=O)NC(C)(C)C,HT29,[16*]c1ccc([16*])cc1,0.04872479289770126,0.024476412683725357,0.024248380213975906
Cc1cnc(Nc2ccc(OCCN3CCCC3)cc2)nc1Nc1cccc(c1)S(=O)(=O)NC(C)(C)C,HT29,[4*]CC[4*],0.04872479289770126,0.02621522732079029,0.022509565576910973
Cc1cnc(Nc2ccc(OCCN3CCCC3)cc2)nc1Nc1cccc(c1)S(=O)(=O)NC(C)(C)C,HT29,[5*]N1CCCC1,0.04872479289770126,0.02445700578391552,0.024267787113785744
CC(C)C(=O)OCC\C(SS\C(CCOC(=O)C(C)C)=C(/C)N(Cc1cnc(C)nc1N)C=O)=C(\C)N(Cc1cnc(C)nc1N)C=O,HT29,[16*]c1cnc(C)nc1N,0.03619157150387764,0.02983822301030159,0.00635334849357605
CC(C)C(=O)OCC\C(SS\C(CCOC(=O)C(C)C)=C(/C)N(Cc1cnc(C)nc1N)C=O)=C(\C)N(Cc1cnc(C)nc1N)C=O,HT29,[4*]C[8*],0.03619157150387764,0.03279445320367813,0.0033971183001995087
CC(C)C(=O)OCC\C(SS\C(CCOC(=O)C(C)C)=C(/C)N(Cc1cnc(C)nc1N)C=O)=C(\C)N(Cc1cnc(C)nc1N)C=O,HT29,[5*]N(C=O)C([7*])C,0.03619157150387764,0.03160472586750984,0.004586845636367798
CC(C)C(=O)OCC\C(SS\C(CCOC(=O)C(C)C)=C(/C)N(Cc1cnc(C)nc1N)C=O)=C(\C)N(Cc1cnc(C)nc1N)C=O,HT29,[3*]O[3*],0.03619157150387764,0.035576626658439636,0.0006149448454380035
CC(C)C(=O)OCC\C(SS\C(CCOC(=O)C(C)C)=C(/C)N(Cc1cnc(C)nc1N)C=O)=C(\C)N(Cc1cnc(C)nc1N)C=O,HT29,[4*]CCC([7*])SSC([7*])CC[4*],0.03619157150387764,0.02745196595788002,0.00873960554599762
CC(C)C(=O)OCC\C(SS\C(CCOC(=O)C(C)C)=C(/C)N(Cc1cnc(C)nc1N)C=O)=C(\C)N(Cc1cnc(C)nc1N)C=O,HT29,[1*]C(=O)C(C)C,0.03619157150387764,0.032188862562179565,0.004002708941698074
CCCCCCOc1ccccc1C(N)=O,HT29,[4*]CCCCCC,0.03049437701702118,0.023419950157403946,0.007074426859617233
CCCCCCOc1ccccc1C(N)=O,HT29,[16*]c1ccccc1[16*],0.03049437701702118,0.01736813597381115,0.01312624104321003
CCCCCCOc1ccccc1C(N)=O,HT29,[3*]O[3*],0.03049437701702118,0.02970602735877037,0.0007883496582508087
CCCCCCOc1ccccc1C(N)=O,HT29,[6*]C(N)=O,0.03049437701702118,0.025078320875763893,0.005416056141257286
Cc1cc(cc2nnc(Nc3ccc(OCCN4CCCC4)cc3)nc12)-c1cc(OC(=O)c2ccccc2)ccc1Cl,HT29,[16*]c1ccccc1,0.040872037410736084,0.028959175571799278,0.011912861838936806
Cc1cc(cc2nnc(Nc3ccc(OCCN4CCCC4)cc3)nc12)-c1cc(OC(=O)c2ccccc2)ccc1Cl,HT29,[1*]C([6*])=O,0.040872037410736084,0.032632358372211456,0.008239679038524628
Cc1cc(cc2nnc(Nc3ccc(OCCN4CCCC4)cc3)nc12)-c1cc(OC(=O)c2ccccc2)ccc1Cl,HT29,[3*]O[3*],0.040872037410736084,0.031291402876377106,0.009580634534358978
Cc1cc(cc2nnc(Nc3ccc(OCCN4CCCC4)cc3)nc12)-c1cc(OC(=O)c2ccccc2)ccc1Cl,HT29,[16*]c1ccc(Cl)c([16*])c1,0.040872037410736084,0.029871072620153427,0.011000964790582657
Cc1cc(cc2nnc(Nc3ccc(OCCN4CCCC4)cc3)nc12)-c1cc(OC(=O)c2ccccc2)ccc1Cl,HT29,[5*]N[5*],0.040872037410736084,0.03153383731842041,0.009338200092315674
Cc1cc(cc2nnc(Nc3ccc(OCCN4CCCC4)cc3)nc12)-c1cc(OC(=O)c2ccccc2)ccc1Cl,HT29,[16*]c1ccc([16*])cc1,0.040872037410736084,0.03235409036278725,0.008517947047948837
Cc1cc(cc2nnc(Nc3ccc(OCCN4CCCC4)cc3)nc12)-c1cc(OC(=O)c2ccccc2)ccc1Cl,HT29,[14*]c1nnc2cc([16*])cc(C)c2n1,0.040872037410736084,0.032457396388053894,0.00841464102268219
Cc1cc(cc2nnc(Nc3ccc(OCCN4CCCC4)cc3)nc12)-c1cc(OC(=O)c2ccccc2)ccc1Cl,HT29,[4*]CC[4*],0.040872037410736084,0.03259768337011337,0.008274354040622711
Cc1cc(cc2nnc(Nc3ccc(OCCN4CCCC4)cc3)nc12)-c1cc(OC(=O)c2ccccc2)ccc1Cl,HT29,[5*]N1CCCC1,0.040872037410736084,0.03221025690436363,0.008661780506372452
C[C@]1(CCCN1)c1nc2c(cccc2[nH]1)C(N)=O,HT29,[13*][C@]1(C)CCCN1,0.03227494657039642,0.03303714096546173,-0.0007621943950653076
C[C@]1(CCCN1)c1nc2c(cccc2[nH]1)C(N)=O,HT29,[6*]C(N)=O,0.03227494657039642,0.03497438505291939,-0.0026994384825229645
C[C@]1(CCCN1)c1nc2c(cccc2[nH]1)C(N)=O,HT29,[14*]c1nc2c([16*])cccc2[nH]1,0.03227494657039642,0.02441290393471718,0.007862042635679245
CN(C)Cc1c(oc2ccccc12)C(=O)NCCOc1ccc(cc1)C(=O)NO,HT29,[4*]C[8*],0.03869118541479111,0.020381446927785873,0.018309738487005234
CN(C)Cc1c(oc2ccccc12)C(=O)NCCOc1ccc(cc1)C(=O)NO,HT29,[6*]C(=O)NO,0.03869118541479111,0.022282207384705544,0.016408978030085564
CN(C)Cc1c(oc2ccccc12)C(=O)NCCOc1ccc(cc1)C(=O)NO,HT29,[1*]C([6*])=O,0.03869118541479111,0.022023186087608337,0.01666799932718277
CN(C)Cc1c(oc2ccccc12)C(=O)NCCOc1ccc(cc1)C(=O)NO,HT29,[3*]O[3*],0.03869118541479111,0.021336745470762253,0.017354439944028854
CN(C)Cc1c(oc2ccccc12)C(=O)NCCOc1ccc(cc1)C(=O)NO,HT29,[5*]N(C)C,0.03869118541479111,0.020600413903594017,0.01809077151119709
CN(C)Cc1c(oc2ccccc12)C(=O)NCCOc1ccc(cc1)C(=O)NO,HT29,[5*]N[5*],0.03869118541479111,0.021415866911411285,0.017275318503379822
CN(C)Cc1c(oc2ccccc12)C(=O)NCCOc1ccc(cc1)C(=O)NO,HT29,[16*]c1ccc([16*])cc1,0.03869118541479111,0.021013973280787468,0.01767721213400364
CN(C)Cc1c(oc2ccccc12)C(=O)NCCOc1ccc(cc1)C(=O)NO,HT29,[14*]c1oc2ccccc2c1[16*],0.03869118541479111,0.02641470916569233,0.012276476249098778
CN(C)Cc1c(oc2ccccc12)C(=O)NCCOc1ccc(cc1)C(=O)NO,HT29,[4*]CC[4*],0.03869118541479111,0.021977568045258522,0.016713617369532585
Cc1cc(C)c(Nc2ccnc(Nc3ccc(cc3)C#N)n2)c(C)c1,HT29,[16*]c1c(C)cc(C)cc1C,0.0419483408331871,0.031733326613903046,0.010215014219284058
Cc1cc(C)c(Nc2ccnc(Nc3ccc(cc3)C#N)n2)c(C)c1,HT29,[16*]c1ccc(C#N)cc1,0.0419483408331871,0.03531891107559204,0.006629429757595062
Cc1cc(C)c(Nc2ccnc(Nc3ccc(cc3)C#N)n2)c(C)c1,HT29,[14*]c1ccnc([14*])n1,0.0419483408331871,0.03238823264837265,0.009560108184814453
Cc1cc(C)c(Nc2ccnc(Nc3ccc(cc3)C#N)n2)c(C)c1,HT29,[5*]N[5*],0.0419483408331871,0.03616182878613472,0.005786512047052383
CCc1ccc2c(nc(=O)n(CC)c2n1)-c1cccc(Cl)c1,HT29,[8*]CC,0.040220778435468674,0.03366700932383537,0.006553769111633301
CCc1ccc2c(nc(=O)n(CC)c2n1)-c1cccc(Cl)c1,HT29,[9*]n1c(=O)nc([14*])c2ccc([14*])nc21,0.040220778435468674,0.04063235968351364,-0.00041158124804496765
CCc1ccc2c(nc(=O)n(CC)c2n1)-c1cccc(Cl)c1,HT29,[16*]c1cccc(Cl)c1,0.040220778435468674,0.029885368421673775,0.010335410013794899
Cc1onc(c1-c1ccc(cc1)S(N)(=O)=O)-c1ccccc1,HT29,[16*]c1ccccc1,0.029786257073283195,0.03513328731060028,-0.005347030237317085
Cc1onc(c1-c1ccc(cc1)S(N)(=O)=O)-c1ccccc1,HT29,[16*]c1ccc(S(N)(=O)=O)cc1,0.029786257073283195,0.03045816160738468,-0.0006719045341014862
Cc1onc(c1-c1ccc(cc1)S(N)(=O)=O)-c1ccccc1,HT29,[14*]c1noc(C)c1[16*],0.029786257073283195,0.027859225869178772,0.0019270312041044235
COc1ccccc1S(=O)(=O)Nc1ccc2NC(=O)N(C)Cc2c1,HT29,[16*]c1ccc2c(c1)CN(C)C(=O)N2,0.04300146549940109,0.015627503395080566,0.027373962104320526
COc1ccccc1S(=O)(=O)Nc1ccc2NC(=O)N(C)Cc2c1,HT29,[12*]S(=O)(=O)c1ccccc1[16*],0.04300146549940109,0.03478638455271721,0.008215080946683884
COc1ccccc1S(=O)(=O)Nc1ccc2NC(=O)N(C)Cc2c1,HT29,[5*]N[5*],0.04300146549940109,0.035870738327503204,0.007130727171897888
COc1ccccc1S(=O)(=O)Nc1ccc2NC(=O)N(C)Cc2c1,HT29,[3*]OC,0.04300146549940109,0.03131791576743126,0.011683549731969833
CO[C@@H]1C[C@H](C[C@H](C)[C@@H]2CC(=O)[C@H](C)\C=C(C)\[C@H](O)[C@@H](OC)C(=O)[C@H](C)C[C@H](C)\C=C\C=C\C=C(C)\[C@H](C[C@@H]3CC[C@@H](C)[C@@](O)(O3)C(=O)C(=O)N3CCCC[C@H]3C(=O)O2)OC)CC[C@H]1OCCO,HT29,[8*]C[C@@H]([8*])C,0.034144237637519836,0.03149000555276871,0.002654232084751129
CO[C@@H]1C[C@H](C[C@H](C)[C@@H]2CC(=O)[C@H](C)\C=C(C)\[C@H](O)[C@@H](OC)C(=O)[C@H](C)C[C@H](C)\C=C\C=C\C=C(C)\[C@H](C[C@@H]3CC[C@@H](C)[C@@](O)(O3)C(=O)C(=O)N3CCCC[C@H]3C(=O)O2)OC)CC[C@H]1OCCO,HT29,[15*][C@@H]1CC[C@@H]([15*])[C@H]([15*])C1,0.034144237637519836,0.03146424889564514,0.002679988741874695
CO[C@@H]1C[C@H](C[C@H](C)[C@@H]2CC(=O)[C@H](C)\C=C(C)\[C@H](O)[C@@H](OC)C(=O)[C@H](C)C[C@H](C)\C=C\C=C\C=C(C)\[C@H](C[C@@H]3CC[C@@H](C)[C@@](O)(O3)C(=O)C(=O)N3CCCC[C@H]3C(=O)O2)OC)CC[C@H]1OCCO,HT29,[4*]CCO,0.034144237637519836,0.030276982113718987,0.00386725552380085
CO[C@@H]1C[C@H](C[C@H](C)[C@@H]2CC(=O)[C@H](C)\C=C(C)\[C@H](O)[C@@H](OC)C(=O)[C@H](C)C[C@H](C)\C=C\C=C\C=C(C)\[C@H](C[C@@H]3CC[C@@H](C)[C@@](O)(O3)C(=O)C(=O)N3CCCC[C@H]3C(=O)O2)OC)CC[C@H]1OCCO,HT29,[3*]O[3*],0.034144237637519836,0.029306866228580475,0.004837371408939362
CO[C@@H]1C[C@H](C[C@H](C)[C@@H]2CC(=O)[C@H](C)\C=C(C)\[C@H](O)[C@@H](OC)C(=O)[C@H](C)C[C@H](C)\C=C\C=C\C=C(C)\[C@H](C[C@@H]3CC[C@@H](C)[C@@](O)(O3)C(=O)C(=O)N3CCCC[C@H]3C(=O)O2)OC)CC[C@H]1OCCO,HT29,[13*][C@@H]1CC(=O)[C@H](C)/C=C(\C)[C@H](O)[C@@H]([15*])C(=O)[C@H](C)C[C@H](C)/C=C/C=C/C=C(\C)[C@@H]([15*])C[C@@H]2CC[C@@H](C)[C@@](O)(O2)C(=O)C(=O)N2CCCC[C@H]2C(=O)O1,0.034144237637519836,0.03196711465716362,0.0021771229803562164
CO[C@@H]1C[C@H](C[C@H](C)[C@@H]2CC(=O)[C@H](C)\C=C(C)\[C@H](O)[C@@H](OC)C(=O)[C@H](C)C[C@H](C)\C=C\C=C\C=C(C)\[C@H](C[C@@H]3CC[C@@H](C)[C@@](O)(O3)C(=O)C(=O)N3CCCC[C@H]3C(=O)O2)OC)CC[C@H]1OCCO,HT29,[3*]OC,0.034144237637519836,0.03189168870449066,0.002252548933029175
NC(=N)c1ccc(OCCCCCOc2ccc(cc2)C(N)=N)cc1,HT29,[4*]CCCCC[4*],0.026685286313295364,0.020650960505008698,0.006034325808286667
NC(=N)c1ccc(OCCCCCOc2ccc(cc2)C(N)=N)cc1,HT29,[3*]O[3*],0.026685286313295364,0.03077753633260727,-0.004092250019311905
NC(=N)c1ccc(OCCCCCOc2ccc(cc2)C(N)=N)cc1,HT29,[16*]c1ccc(C(=N)N)cc1,0.026685286313295364,0.022218789905309677,0.004466496407985687
Cc1c(nn(c1-c1ccc(Cl)cc1)-c1ccc(Cl)cc1Cl)C(=O)NN1CCCCC1,HT29,[6*]C(=O)NN1CCCCC1,0.044541437178850174,0.03381660580635071,0.010724831372499466
Cc1c(nn(c1-c1ccc(Cl)cc1)-c1ccc(Cl)cc1Cl)C(=O)NN1CCCCC1,HT29,[9*]n1nc([14*])c(C)c1[14*],0.044541437178850174,0.037406522780656815,0.007134914398193359
Cc1c(nn(c1-c1ccc(Cl)cc1)-c1ccc(Cl)cc1Cl)C(=O)NN1CCCCC1,HT29,[16*]c1ccc(Cl)cc1,0.044541437178850174,0.031064074486494064,0.01347736269235611
Cc1c(nn(c1-c1ccc(Cl)cc1)-c1ccc(Cl)cc1Cl)C(=O)NN1CCCCC1,HT29,[16*]c1ccc(Cl)cc1Cl,0.044541437178850174,0.030627068132162094,0.01391436904668808
CC(=O)N=c1sc(nn1C)S(N)(=O)=O,HT29,CC(=O)N=c1sc(S(N)(=O)=O)nn1C,0.029401002451777458,0.05797938257455826,-0.0285783801227808
Cc1cnc2c(NCCN)nc3ccc(C)cc3n12,HT29,[4*]CCN,0.053936224430799484,0.024923050776124,0.029013173654675484
Cc1cnc2c(NCCN)nc3ccc(C)cc3n12,HT29,[5*]N[5*],0.053936224430799484,0.027625948190689087,0.026310276240110397
Cc1cnc2c(NCCN)nc3ccc(C)cc3n12,HT29,[14*]c1nc2ccc(C)cc2n2c(C)cnc12,0.053936224430799484,0.014883926138281822,0.03905229829251766
CO[C@@H]1[C@@H](C[C@H]2O[C@]1(C)n1c3ccccc3c3c4CNC(=O)c4c4c5ccccc5n2c4c13)N(C)C(=O)c1ccccc1,HT29,[15*][C@@H]1C[C@H]2O[C@@](C)([C@@H]1[15*])n1c3ccccc3c3c4c(c5c6ccccc6n2c5c31)C(=O)NC4,0.03034273162484169,0.024412348866462708,0.0059303827583789825
CO[C@@H]1[C@@H](C[C@H]2O[C@]1(C)n1c3ccccc3c3c4CNC(=O)c4c4c5ccccc5n2c4c13)N(C)C(=O)c1ccccc1,HT29,[16*]c1ccccc1,0.03034273162484169,0.02283702790737152,0.007505703717470169
CO[C@@H]1[C@@H](C[C@H]2O[C@]1(C)n1c3ccccc3c3c4CNC(=O)c4c4c5ccccc5n2c4c13)N(C)C(=O)c1ccccc1,HT29,[1*]C([6*])=O,0.03034273162484169,0.026471855118870735,0.003870876505970955
CO[C@@H]1[C@@H](C[C@H]2O[C@]1(C)n1c3ccccc3c3c4CNC(=O)c4c4c5ccccc5n2c4c13)N(C)C(=O)c1ccccc1,HT29,[5*]N([5*])C,0.03034273162484169,0.023335959762334824,0.0070067718625068665
CO[C@@H]1[C@@H](C[C@H]2O[C@]1(C)n1c3ccccc3c3c4CNC(=O)c4c4c5ccccc5n2c4c13)N(C)C(=O)c1ccccc1,HT29,[3*]OC,0.03034273162484169,0.022621257230639458,0.007721474394202232
C[C@H](Oc1ccc(cc1C(=O)N1CCN(CC1)c1ncc(cc1F)C(F)(F)F)S(C)(=O)=O)C(F)(F)F,HT29,[14*]c1ncc([16*])cc1F,0.030685972422361374,0.034355394542217255,-0.0036694221198558807
C[C@H](Oc1ccc(cc1C(=O)N1CCN(CC1)c1ncc(cc1F)C(F)(F)F)S(C)(=O)=O)C(F)(F)F,HT29,[8*]C(F)(F)F,0.030685972422361374,0.032922375947237015,-0.002236403524875641
C[C@H](Oc1ccc(cc1C(=O)N1CCN(CC1)c1ncc(cc1F)C(F)(F)F)S(C)(=O)=O)C(F)(F)F,HT29,[5*]N1CCN([5*])CC1,0.030685972422361374,0.033662524074316025,-0.002976551651954651
C[C@H](Oc1ccc(cc1C(=O)N1CCN(CC1)c1ncc(cc1F)C(F)(F)F)S(C)(=O)=O)C(F)(F)F,HT29,[1*]C([6*])=O,0.030685972422361374,0.03700152784585953,-0.006315555423498154
C[C@H](Oc1ccc(cc1C(=O)N1CCN(CC1)c1ncc(cc1F)C(F)(F)F)S(C)(=O)=O)C(F)(F)F,HT29,[3*]O[3*],0.030685972422361374,0.0379423089325428,-0.007256336510181427
C[C@H](Oc1ccc(cc1C(=O)N1CCN(CC1)c1ncc(cc1F)C(F)(F)F)S(C)(=O)=O)C(F)(F)F,HT29,[4*][C@@H](C)C(F)(F)F,0.030685972422361374,0.03052665665745735,0.00015931576490402222
C[C@H](Oc1ccc(cc1C(=O)N1CCN(CC1)c1ncc(cc1F)C(F)(F)F)S(C)(=O)=O)C(F)(F)F,HT29,[16*]c1ccc(S(C)(=O)=O)cc1[16*],0.030685972422361374,0.03325889632105827,-0.0025729238986968994
Cc1cnc(NC(=O)Nc2cc(Br)c(C)cc2OC[C@@H]2CNCCO2)cn1,HT29,[14*]c1cnc(C)cn1,0.0283233392983675,0.025206584483385086,0.0031167548149824142
Cc1cnc(NC(=O)Nc2cc(Br)c(C)cc2OC[C@@H]2CNCCO2)cn1,HT29,[4*]C[8*],0.0283233392983675,0.02948732301592827,-0.0011639837175607681
Cc1cnc(NC(=O)Nc2cc(Br)c(C)cc2OC[C@@H]2CNCCO2)cn1,HT29,[3*]O[3*],0.0283233392983675,0.030535345897078514,-0.002212006598711014
Cc1cnc(NC(=O)Nc2cc(Br)c(C)cc2OC[C@@H]2CNCCO2)cn1,HT29,[13*][C@@H]1CNCCO1,0.0283233392983675,0.029504261910915375,-0.0011809226125478745
Cc1cnc(NC(=O)Nc2cc(Br)c(C)cc2OC[C@@H]2CNCCO2)cn1,HT29,[5*]N[5*],0.0283233392983675,0.028713535517454147,-0.00039019621908664703
Cc1cnc(NC(=O)Nc2cc(Br)c(C)cc2OC[C@@H]2CNCCO2)cn1,HT29,[16*]c1cc(C)c(Br)cc1[16*],0.0283233392983675,0.034914225339889526,-0.006590886041522026
Cc1cnc(NC(=O)Nc2cc(Br)c(C)cc2OC[C@@H]2CNCCO2)cn1,HT29,[1*]C([1*])=O,0.0283233392983675,0.03581278771162033,-0.0074894484132528305
CO[C@@H]1COCC[C@@H]1N[C@@H]1CC[C@](C1)(C(C)C)C(=O)N1CCc2ncc(cc2C1)C(F)(F)F,HT29,[15*][C@@H]1CCC([15*])([15*])C1,0.02994544245302677,0.02947898395359516,0.0004664584994316101
CO[C@@H]1COCC[C@@H]1N[C@@H]1CC[C@](C1)(C(C)C)C(=O)N1CCc2ncc(cc2C1)C(F)(F)F,HT29,[8*]C(C)C,0.02994544245302677,0.03184031695127487,-0.0018948744982481003
CO[C@@H]1COCC[C@@H]1N[C@@H]1CC[C@](C1)(C(C)C)C(=O)N1CCc2ncc(cc2C1)C(F)(F)F,HT29,[8*]C(F)(F)F,0.02994544245302677,0.03649616986513138,-0.006550727412104607
CO[C@@H]1COCC[C@@H]1N[C@@H]1CC[C@](C1)(C(C)C)C(=O)N1CCc2ncc(cc2C1)C(F)(F)F,HT29,[5*]N1CCc2ncc([16*])cc2C1,0.02994544245302677,0.035938654094934464,-0.005993211641907692
CO[C@@H]1COCC[C@@H]1N[C@@H]1CC[C@](C1)(C(C)C)C(=O)N1CCc2ncc(cc2C1)C(F)(F)F,HT29,[15*][C@@H]1COCC[C@@H]1[15*],0.02994544245302677,0.03129507601261139,-0.0013496335595846176
CO[C@@H]1COCC[C@@H]1N[C@@H]1CC[C@](C1)(C(C)C)C(=O)N1CCc2ncc(cc2C1)C(F)(F)F,HT29,[1*]C([6*])=O,0.02994544245302677,0.031025495380163193,-0.0010800529271364212
CO[C@@H]1COCC[C@@H]1N[C@@H]1CC[C@](C1)(C(C)C)C(=O)N1CCc2ncc(cc2C1)C(F)(F)F,HT29,[5*]N[5*],0.02994544245302677,0.030526068061590195,-0.0005806256085634232
CO[C@@H]1COCC[C@@H]1N[C@@H]1CC[C@](C1)(C(C)C)C(=O)N1CCc2ncc(cc2C1)C(F)(F)F,HT29,[3*]OC,0.02994544245302677,0.02956128679215908,0.00038415566086769104
CN1C(=O)\C(c2ccccc12)=C1\C(=O)Nc2ccccc12,HT29,[7*]C1C(=O)N(C)c2ccccc21,0.04738787189126015,0.035611383616924286,0.011776488274335861
CN1C(=O)\C(c2ccccc12)=C1\C(=O)Nc2ccccc12,HT29,[7*]C1C(=O)Nc2ccccc21,0.04738787189126015,0.04140138626098633,0.005986485630273819
C[C@]12C=CC3=C4CCC(=O)C=C4CC[C@H]3[C@@H]1CC[C@]2(O)CC=C,HT29,[15*][C@@]1(O)CC[C@H]2[C@@H]3CCC4=CC(=O)CCC4=C3C=C[C@@]21C,0.027364026755094528,0.013804798945784569,0.01355922780930996
C[C@]12C=CC3=C4CCC(=O)C=C4CC[C@H]3[C@@H]1CC[C@]2(O)CC=C,HT29,[8*]CC=C,0.027364026755094528,0.03744028881192207,-0.010076262056827545
COc1cccc2n(C)c(=O)c(C(=O)N(C)c3ccc(cc3)C(F)(F)F)c(O)c12,HT29,[8*]C(F)(F)F,0.03815482184290886,0.0357808880507946,0.002373933792114258
COc1cccc2n(C)c(=O)c(C(=O)N(C)c3ccc(cc3)C(F)(F)F)c(O)c12,HT29,[1*]C([6*])=O,0.03815482184290886,0.038882434368133545,-0.0007276125252246857
COc1cccc2n(C)c(=O)c(C(=O)N(C)c3ccc(cc3)C(F)(F)F)c(O)c12,HT29,[5*]N([5*])C,0.03815482184290886,0.03934735804796219,-0.0011925362050533295
COc1cccc2n(C)c(=O)c(C(=O)N(C)c3ccc(cc3)C(F)(F)F)c(O)c12,HT29,[16*]c1ccc([16*])cc1,0.03815482184290886,0.029997030273079872,0.008157791569828987
COc1cccc2n(C)c(=O)c(C(=O)N(C)c3ccc(cc3)C(F)(F)F)c(O)c12,HT29,[16*]c1c(O)c2c([16*])cccc2n(C)c1=O,0.03815482184290886,0.03040861152112484,0.0077462103217840195
COc1cccc2n(C)c(=O)c(C(=O)N(C)c3ccc(cc3)C(F)(F)F)c(O)c12,HT29,[3*]OC,0.03815482184290886,0.03695585951209068,0.0011989623308181763
CCn1nc(C(O)=O)c(=O)c2cc3OCOc3cc12,HT29,[9*]n1nc([14*])c(=O)c2cc3c(cc21)OCO3,0.03142179921269417,0.009136499837040901,0.022285299375653267
CCn1nc(C(O)=O)c(=O)c2cc3OCOc3cc12,HT29,[8*]CC,0.03142179921269417,0.028402097523212433,0.0030197016894817352
CCn1nc(C(O)=O)c(=O)c2cc3OCOc3cc12,HT29,[6*]C(=O)O,0.03142179921269417,0.03291498124599457,-0.0014931820333003998
COc1ccc2cc3-c4cc5OCOc5cc4CC[n+]3cc2c1OC,HT29,[16*]c1ccc2cc3[n+](cc2c1[16*])CCc1cc2c(cc1-3)OCO2,0.03758183866739273,0.018657848238945007,0.018923990428447723
COc1ccc2cc3-c4cc5OCOc5cc4CC[n+]3cc2c1OC,HT29,[3*]OC,0.03758183866739273,0.0342569537460804,0.003324884921312332
Nc1nc(Nc2ccc3CC[C@@H](CCc3c2)N2CCCC2)nn1-c1cc2CCCc3ccccc3-c2nn1,HT29,[14*]c1cc2c(nn1)-c1ccccc1CCC2,0.03761937469244003,0.03795328736305237,-0.0003339126706123352
Nc1nc(Nc2ccc3CC[C@@H](CCc3c2)N2CCCC2)nn1-c1cc2CCCc3ccccc3-c2nn1,HT29,[15*][C@H]1CCc2ccc([16*])cc2CC1,0.03761937469244003,0.03721381351351738,0.0004055611789226532
Nc1nc(Nc2ccc3CC[C@@H](CCc3c2)N2CCCC2)nn1-c1cc2CCCc3ccccc3-c2nn1,HT29,[5*]N[5*],0.03761937469244003,0.034287698566913605,0.0033316761255264282
Nc1nc(Nc2ccc3CC[C@@H](CCc3c2)N2CCCC2)nn1-c1cc2CCCc3ccccc3-c2nn1,HT29,[9*]n1nc([14*])nc1N,0.03761937469244003,0.03657925873994827,0.0010401159524917603
Nc1nc(Nc2ccc3CC[C@@H](CCc3c2)N2CCCC2)nn1-c1cc2CCCc3ccccc3-c2nn1,HT29,[5*]N1CCCC1,0.03761937469244003,0.03516608476638794,0.0024532899260520935
CCC1(C)CC(=O)NC(=O)C1,HT29,[15*]C1(C)CC(=O)NC(=O)C1,0.034942977130413055,0.028043705970048904,0.006899271160364151
CCC1(C)CC(=O)NC(=O)C1,HT29,[8*]CC,0.034942977130413055,0.03163973242044449,0.003303244709968567
CCOCCn1c(nc2ccccc12)N1CCCN(C)CC1,HT29,[3*]O[3*],0.039384130388498306,0.0334431454539299,0.005940984934568405
CCOCCn1c(nc2ccccc12)N1CCCN(C)CC1,HT29,[5*]N1CCCN(C)CC1,0.039384130388498306,0.026187121868133545,0.013197008520364761
CCOCCn1c(nc2ccccc12)N1CCCN(C)CC1,HT29,[9*]n1c([14*])nc2ccccc21,0.039384130388498306,0.030781030654907227,0.00860309973359108
CCOCCn1c(nc2ccccc12)N1CCCN(C)CC1,HT29,[4*]CC[8*],0.039384130388498306,0.029793361201882362,0.009590769186615944
CCOCCn1c(nc2ccccc12)N1CCCN(C)CC1,HT29,[4*]CC,0.039384130388498306,0.030433600768446922,0.008950529620051384
Nc1ccn([C@@H]2O[C@H](CO)[C@@H](O)C2(F)F)c(=O)n1,HT29,[13*][C@@H]1O[C@H]([13*])[C@@H](O)C1(F)F,0.03200899064540863,0.02572447434067726,0.006284516304731369
Nc1ccn([C@@H]2O[C@H](CO)[C@@H](O)C2(F)F)c(=O)n1,HT29,[8*]CO,0.03200899064540863,0.02126677706837654,0.01074221357703209
Nc1ccn([C@@H]2O[C@H](CO)[C@@H](O)C2(F)F)c(=O)n1,HT29,[9*]n1ccc(N)nc1=O,0.03200899064540863,0.031441882252693176,0.0005671083927154541
C[C@]12CC[C@@](C)(C[C@H]1C1=CC(=O)[C@@H]3[C@]4(C)CC[C@H](O[C@H]5O[C@@H]([C@@H](O)[C@H](O)[C@@H]5O[C@@H]5O[C@@H]([C@@H](O)[C@H](O)[C@H]5O)C(O)=O)C(O)=O)C(C)(C)[C@@H]4CC[C@@]3(C)[C@]1(C)CC2)C(O)=O,HT29,[15*][C@H]1CC[C@@]2(C)[C@H]3C(=O)C=C4[C@@H]5C[C@]([15*])(C)CC[C@]5(C)CC[C@@]4(C)[C@]3(C)CC[C@H]2C1(C)C,0.036730892956256866,0.02614689990878105,0.010583993047475815
C[C@]12CC[C@@](C)(C[C@H]1C1=CC(=O)[C@@H]3[C@]4(C)CC[C@H](O[C@H]5O[C@@H]([C@@H](O)[C@H](O)[C@@H]5O[C@@H]5O[C@@H]([C@@H](O)[C@H](O)[C@H]5O)C(O)=O)C(O)=O)C(C)(C)[C@@H]4CC[C@@]3(C)[C@]1(C)CC2)C(O)=O,HT29,[6*]C(=O)O,0.036730892956256866,0.04423937946557999,-0.00750848650932312
C[C@]12CC[C@@](C)(C[C@H]1C1=CC(=O)[C@@H]3[C@]4(C)CC[C@H](O[C@H]5O[C@@H]([C@@H](O)[C@H](O)[C@@H]5O[C@@H]5O[C@@H]([C@@H](O)[C@H](O)[C@H]5O)C(O)=O)C(O)=O)C(C)(C)[C@@H]4CC[C@@]3(C)[C@]1(C)CC2)C(O)=O,HT29,[3*]O[3*],0.036730892956256866,0.042325593531131744,-0.005594700574874878
C[C@]12CC[C@@](C)(C[C@H]1C1=CC(=O)[C@@H]3[C@]4(C)CC[C@H](O[C@H]5O[C@@H]([C@@H](O)[C@H](O)[C@@H]5O[C@@H]5O[C@@H]([C@@H](O)[C@H](O)[C@H]5O)C(O)=O)C(O)=O)C(C)(C)[C@@H]4CC[C@@]3(C)[C@]1(C)CC2)C(O)=O,HT29,[13*][C@H]1O[C@H]([13*])[C@@H](O)[C@H](O)[C@@H]1[15*],0.036730892956256866,0.04011258855462074,-0.0033816955983638763
C[C@]12CC[C@@](C)(C[C@H]1C1=CC(=O)[C@@H]3[C@]4(C)CC[C@H](O[C@H]5O[C@@H]([C@@H](O)[C@H](O)[C@@H]5O[C@@H]5O[C@@H]([C@@H](O)[C@H](O)[C@H]5O)C(O)=O)C(O)=O)C(C)(C)[C@@H]4CC[C@@]3(C)[C@]1(C)CC2)C(O)=O,HT29,[13*][C@@H]1O[C@H]([13*])[C@@H](O)[C@H](O)[C@H]1O,0.036730892956256866,0.04040100425481796,-0.003670111298561096
OC1(CCN(CCCC(c2ccc(F)cc2)c2ccc(F)cc2)CC1)c1ccc(Cl)c(c1)C(F)(F)F,HT29,[4*]CCCC([8*])[8*],0.04257655143737793,0.041052959859371185,0.0015235915780067444
OC1(CCN(CCCC(c2ccc(F)cc2)c2ccc(F)cc2)CC1)c1ccc(Cl)c(c1)C(F)(F)F,HT29,[8*]C(F)(F)F,0.04257655143737793,0.03805498778820038,0.004521563649177551
OC1(CCN(CCCC(c2ccc(F)cc2)c2ccc(F)cc2)CC1)c1ccc(Cl)c(c1)C(F)(F)F,HT29,[16*]c1ccc(Cl)c([16*])c1,0.04257655143737793,0.036833908408880234,0.005742643028497696
OC1(CCN(CCCC(c2ccc(F)cc2)c2ccc(F)cc2)CC1)c1ccc(Cl)c(c1)C(F)(F)F,HT29,[5*]N1CCC([15*])(O)CC1,0.04257655143737793,0.0402170866727829,0.0023594647645950317
OC1(CCN(CCCC(c2ccc(F)cc2)c2ccc(F)cc2)CC1)c1ccc(Cl)c(c1)C(F)(F)F,HT29,[16*]c1ccc(F)cc1,0.04257655143737793,0.04223359376192093,0.00034295767545700073
CS(=O)(=O)Nc1cc2occ(NC=O)c(=O)c2cc1Oc1ccccc1,HT29,[16*]c1ccccc1,0.033516138792037964,0.024446645751595497,0.009069493040442467
CS(=O)(=O)Nc1cc2occ(NC=O)c(=O)c2cc1Oc1ccccc1,HT29,[3*]O[3*],0.033516138792037964,0.027846038341522217,0.005670100450515747
CS(=O)(=O)Nc1cc2occ(NC=O)c(=O)c2cc1Oc1ccccc1,HT29,[5*]N[5*],0.033516138792037964,0.028864774852991104,0.00465136393904686
CS(=O)(=O)Nc1cc2occ(NC=O)c(=O)c2cc1Oc1ccccc1,HT29,[12*]S(C)(=O)=O,0.033516138792037964,0.027947768568992615,0.005568370223045349
CS(=O)(=O)Nc1cc2occ(NC=O)c(=O)c2cc1Oc1ccccc1,HT29,[16*]c1cc2occ([16*])c(=O)c2cc1[16*],0.033516138792037964,0.019429948180913925,0.014086190611124039
CS(=O)(=O)Nc1cc2occ(NC=O)c(=O)c2cc1Oc1ccccc1,HT29,[5*]NC=O,0.033516138792037964,0.029857508838176727,0.0036586299538612366
Cc1ccnc2c1NC(=O)c1cccnc1N2C1CC1,HT29,[15*]C1CC1,0.02544282004237175,0.0242473017424345,0.0011955182999372482
Cc1ccnc2c1NC(=O)c1cccnc1N2C1CC1,HT29,[5*]N1c2ncccc2C(=O)Nc2c(C)ccnc21,0.02544282004237175,0.05373087152838707,-0.02828805148601532
CCO[C@@H](Cc1ccc(OCCc2ccc(OS(C)(=O)=O)cc2)cc1)C(O)=O,HT29,[4*][C@@H](C[8*])C(=O)O,0.029663151130080223,0.028305290266871452,0.0013578608632087708
CCO[C@@H](Cc1ccc(OCCc2ccc(OS(C)(=O)=O)cc2)cc1)C(O)=O,HT29,[3*]O[3*],0.029663151130080223,0.034312229603528976,-0.004649078473448753
CCO[C@@H](Cc1ccc(OCCc2ccc(OS(C)(=O)=O)cc2)cc1)C(O)=O,HT29,[16*]c1ccc([16*])cc1,0.029663151130080223,0.026993054896593094,0.002670096233487129
CCO[C@@H](Cc1ccc(OCCc2ccc(OS(C)(=O)=O)cc2)cc1)C(O)=O,HT29,[4*]CC[8*],0.029663151130080223,0.028296099975705147,0.0013670511543750763
CCO[C@@H](Cc1ccc(OCCc2ccc(OS(C)(=O)=O)cc2)cc1)C(O)=O,HT29,[3*]OS(C)(=O)=O,0.029663151130080223,0.037447862327098846,-0.007784711197018623
CCO[C@@H](Cc1ccc(OCCc2ccc(OS(C)(=O)=O)cc2)cc1)C(O)=O,HT29,[4*]CC,0.029663151130080223,0.032012831419706345,-0.0023496802896261215
COc1ccc(Cc2nccc3cc(OC)c(OC)cc23)cc1OC,HT29,[8*]C[8*],0.02671683020889759,0.03949359431862831,-0.01277676410973072
COc1ccc(Cc2nccc3cc(OC)c(OC)cc23)cc1OC,HT29,[16*]c1ccc([16*])c([16*])c1,0.02671683020889759,0.03302602097392082,-0.0063091907650232315
COc1ccc(Cc2nccc3cc(OC)c(OC)cc23)cc1OC,HT29,[14*]c1nccc2cc([16*])c([16*])cc12,0.02671683020889759,0.0377713143825531,-0.01105448417365551
COc1ccc(Cc2nccc3cc(OC)c(OC)cc23)cc1OC,HT29,[3*]OC,0.02671683020889759,0.031141897663474083,-0.004425067454576492
COc1cc2ncnc(-n3nc(nc3N)-c3ccccn3)c2cc1OC,HT29,[14*]c1ccccn1,0.036789022386074066,0.030690185725688934,0.006098836660385132
COc1cc2ncnc(-n3nc(nc3N)-c3ccccn3)c2cc1OC,HT29,[14*]c1ncnc2cc([16*])c([16*])cc12,0.036789022386074066,0.03329216688871384,0.0034968554973602295
COc1cc2ncnc(-n3nc(nc3N)-c3ccccn3)c2cc1OC,HT29,[9*]n1nc([14*])nc1N,0.036789022386074066,0.030448416247963905,0.006340606138110161
COc1cc2ncnc(-n3nc(nc3N)-c3ccccn3)c2cc1OC,HT29,[3*]OC,0.036789022386074066,0.032279741019010544,0.004509281367063522
Nc1nc(cs1)C(=N\O)\C(=O)N[C@H]1[C@H]2SCC(C=C)=C(N2C1=O)C(O)=O,HT29,[1*]C(=O)/C(=N\O)c1csc(N)n1,0.03191579133272171,0.02263202704489231,0.009283764287829399
Nc1nc(cs1)C(=N\O)\C(=O)N[C@H]1[C@H]2SCC(C=C)=C(N2C1=O)C(O)=O,HT29,[15*][C@@H]1C(=O)N2C(C(=O)O)=C(C=C)CS[C@H]12,0.03191579133272171,0.024567419663071632,0.007348371669650078
Nc1nc(cs1)C(=N\O)\C(=O)N[C@H]1[C@H]2SCC(C=C)=C(N2C1=O)C(O)=O,HT29,[5*]N[5*],0.03191579133272171,0.033523380756378174,-0.0016075894236564636
Clc1ccccc1C(c1ccccc1)(c1ccccc1)n1ccnc1,HT29,[16*]c1ccccc1Cl,0.032185427844524384,0.03354242444038391,-0.0013569965958595276
Clc1ccccc1C(c1ccccc1)(c1ccccc1)n1ccnc1,HT29,[16*]c1ccccc1,0.032185427844524384,0.03307345509529114,-0.0008880272507667542
Clc1ccccc1C(c1ccccc1)(c1ccccc1)n1ccnc1,HT29,[9*]n1ccnc1,0.032185427844524384,0.03766302764415741,-0.005477599799633026
Clc1ccccc1C(c1ccccc1)(c1ccccc1)n1ccnc1,HT29,[8*]C([8*])([8*])[8*],0.032185427844524384,0.03205803036689758,0.00012739747762680054
CCCN(CCC)CCc1cccc2NC(=O)Cc12,HT29,[16*]c1cccc2c1CC(=O)N2,0.040114231407642365,0.03209952637553215,0.008014705032110214
CCCN(CCC)CCc1cccc2NC(=O)Cc12,HT29,[4*]CCC,0.040114231407642365,0.024809522554278374,0.01530470885336399
CCCN(CCC)CCc1cccc2NC(=O)Cc12,HT29,[4*]CC[8*],0.040114231407642365,0.02709829993546009,0.013015931472182274
CCCN(CCC)CCc1cccc2NC(=O)Cc12,HT29,[5*]N([5*])[5*],0.040114231407642365,0.031149715185165405,0.00896451622247696
Cc1cn([C@@H]2C[C@@H](O)[C@H](CO)O2)c(=O)[nH]c1=O,HT29,[8*]CO,0.027953028678894043,0.017681961879134178,0.010271066799759865
Cc1cn([C@@H]2C[C@@H](O)[C@H](CO)O2)c(=O)[nH]c1=O,HT29,[13*][C@@H]1C[C@@H](O)[C@H]([13*])O1,0.027953028678894043,0.024038953706622124,0.003914074972271919
Cc1cn([C@@H]2C[C@@H](O)[C@H](CO)O2)c(=O)[nH]c1=O,HT29,[9*]n1cc(C)c(=O)[nH]c1=O,0.027953028678894043,0.026546461507678032,0.001406567171216011
O=C(CC(c1ccccc1)c1ccccc1)N1CCN(CC1)C(c1ccccc1)c1ccccc1,HT29,[16*]c1ccccc1,0.04777601361274719,0.03196456655859947,0.01581144705414772
O=C(CC(c1ccccc1)c1ccccc1)N1CCN(CC1)C(c1ccccc1)c1ccccc1,HT29,[4*]C([8*])[8*],0.04777601361274719,0.030531544238328934,0.01724446937441826
O=C(CC(c1ccccc1)c1ccccc1)N1CCN(CC1)C(c1ccccc1)c1ccccc1,HT29,[1*]C(=O)CC([8*])[8*],0.04777601361274719,0.036094341427087784,0.011681672185659409
O=C(CC(c1ccccc1)c1ccccc1)N1CCN(CC1)C(c1ccccc1)c1ccccc1,HT29,[5*]N1CCN([5*])CC1,0.04777601361274719,0.027167610824108124,0.02060840278863907
OC(=O)Cc1sc(nc1-c1ccc(Cl)cc1)-c1ccccc1,HT29,[16*]c1ccccc1,0.03957460820674896,0.032830096781253815,0.006744511425495148
OC(=O)Cc1sc(nc1-c1ccc(Cl)cc1)-c1ccccc1,HT29,[8*]CC(=O)O,0.03957460820674896,0.036058563739061356,0.003516044467687607
OC(=O)Cc1sc(nc1-c1ccc(Cl)cc1)-c1ccccc1,HT29,[14*]c1nc([14*])c([14*])s1,0.03957460820674896,0.03512922674417496,0.004445381462574005
OC(=O)Cc1sc(nc1-c1ccc(Cl)cc1)-c1ccccc1,HT29,[16*]c1ccc(Cl)cc1,0.03957460820674896,0.03368353098630905,0.005891077220439911
CC(=O)O[C@H]1CC[C@]2(C)[C@@H]3CC[C@@]4(C)[C@@H](CC=C4c4cccnc4)[C@H]3CC=C2C1,HT29,[15*][C@H]1CC[C@@]2(C)C(=CC[C@H]3[C@H]2CC[C@]2(C)C(c4cccnc4)=CC[C@@H]32)C1,0.03673406317830086,0.005462285131216049,0.03127177804708481
CC(=O)O[C@H]1CC[C@]2(C)[C@@H]3CC[C@@]4(C)[C@@H](CC=C4c4cccnc4)[C@H]3CC=C2C1,HT29,[3*]O[3*],0.03673406317830086,0.03570123016834259,0.0010328330099582672
CC(=O)O[C@H]1CC[C@]2(C)[C@@H]3CC[C@@]4(C)[C@@H](CC=C4c4cccnc4)[C@H]3CC=C2C1,HT29,[1*]C(C)=O,0.03673406317830086,0.0365973562002182,0.00013670697808265686
Cc1c[nH]c(n1)-c1cnc(NCCNc2ccc(cn2)C#N)nc1-c1ccc(Cl)cc1Cl,HT29,[14*]c1ncc([16*])c([14*])n1,0.03770557790994644,0.03671533614397049,0.0009902417659759521
Cc1c[nH]c(n1)-c1cnc(NCCNc2ccc(cn2)C#N)nc1-c1ccc(Cl)cc1Cl,HT29,[16*]c1ccc(Cl)cc1Cl,0.03770557790994644,0.03569373860955238,0.0020118393003940582
Cc1c[nH]c(n1)-c1cnc(NCCNc2ccc(cn2)C#N)nc1-c1ccc(Cl)cc1Cl,HT29,[14*]c1nc(C)c[nH]1,0.03770557790994644,0.03693435713648796,0.0007712207734584808
Cc1c[nH]c(n1)-c1cnc(NCCNc2ccc(cn2)C#N)nc1-c1ccc(Cl)cc1Cl,HT29,[5*]N[5*],0.03770557790994644,0.034481391310691833,0.003224186599254608
Cc1c[nH]c(n1)-c1cnc(NCCNc2ccc(cn2)C#N)nc1-c1ccc(Cl)cc1Cl,HT29,[14*]c1ccc(C#N)cn1,0.03770557790994644,0.03238500654697418,0.0053205713629722595
Cc1c[nH]c(n1)-c1cnc(NCCNc2ccc(cn2)C#N)nc1-c1ccc(Cl)cc1Cl,HT29,[4*]CC[4*],0.03770557790994644,0.03486970067024231,0.002835877239704132
Cc1cc(c(O)c(C)c1CC1=NCCN1)C(C)(C)C,HT29,[16*]c1cc(C)c([16*])c(C)c1O,0.03384865075349808,0.03080865368247032,0.0030399970710277557
Cc1cc(c(O)c(C)c1CC1=NCCN1)C(C)(C)C,HT29,[8*]CC1=NCCN1,0.03384865075349808,0.03975117206573486,-0.005902521312236786
Cc1cc(c(O)c(C)c1CC1=NCCN1)C(C)(C)C,HT29,[8*]C(C)(C)C,0.03384865075349808,0.04075223207473755,-0.0069035813212394714
CCCCN(CCCC)C(=O)CN1C[C@@H]([C@H]([C@@H]1c1ccc(OC)cc1)C(O)=O)c1ccc2OCOc2c1,HT29,[4*]CCCC,0.034640245139598846,0.023320090025663376,0.01132015511393547
CCCCN(CCCC)C(=O)CN1C[C@@H]([C@H]([C@@H]1c1ccc(OC)cc1)C(O)=O)c1ccc2OCOc2c1,HT29,[5*]N1C[C@H]([15*])[C@@H]([15*])[C@@H]1[13*],0.034640245139598846,0.02696957439184189,0.007670670747756958
CCCCN(CCCC)C(=O)CN1C[C@@H]([C@H]([C@@H]1c1ccc(OC)cc1)C(O)=O)c1ccc2OCOc2c1,HT29,[1*]C(=O)C[4*],0.034640245139598846,0.024889804422855377,0.00975044071674347
CCCCN(CCCC)C(=O)CN1C[C@@H]([C@H]([C@@H]1c1ccc(OC)cc1)C(O)=O)c1ccc2OCOc2c1,HT29,[6*]C(=O)O,0.034640245139598846,0.0247186291962862,0.009921615943312645
CCCCN(CCCC)C(=O)CN1C[C@@H]([C@H]([C@@H]1c1ccc(OC)cc1)C(O)=O)c1ccc2OCOc2c1,HT29,[16*]c1ccc2c(c1)OCO2,0.034640245139598846,0.021390605717897415,0.013249639421701431
CCCCN(CCCC)C(=O)CN1C[C@@H]([C@H]([C@@H]1c1ccc(OC)cc1)C(O)=O)c1ccc2OCOc2c1,HT29,[5*]N([5*])[5*],0.034640245139598846,0.02104608342051506,0.013594161719083786
CCCCN(CCCC)C(=O)CN1C[C@@H]([C@H]([C@@H]1c1ccc(OC)cc1)C(O)=O)c1ccc2OCOc2c1,HT29,[16*]c1ccc([16*])cc1,0.034640245139598846,0.021007001399993896,0.01363324373960495
CCCCN(CCCC)C(=O)CN1C[C@@H]([C@H]([C@@H]1c1ccc(OC)cc1)C(O)=O)c1ccc2OCOc2c1,HT29,[3*]OC,0.034640245139598846,0.022355880588293076,0.012284364551305771
CC(C)C(=O)c1c(nn2ccccc12)C(C)C,HT29,[14*]c1nn2ccccc2c1[16*],0.0413246750831604,0.030882926657795906,0.010441748425364494
CC(C)C(=O)c1c(nn2ccccc12)C(C)C,HT29,[8*]C(C)C,0.0413246750831604,0.027274994179606438,0.014049680903553963
CC(C)C(=O)c1c(nn2ccccc12)C(C)C,HT29,[6*]C(=O)C(C)C,0.0413246750831604,0.03269961476325989,0.008625060319900513
CCCS(=O)(=O)Nc1ccc(F)c(C(=O)c2c[nH]c3ncc(Cl)cc23)c1F,HT29,[12*]S(=O)(=O)CCC,0.037695322185754776,0.029750440269708633,0.007944881916046143
CCCS(=O)(=O)Nc1ccc(F)c(C(=O)c2c[nH]c3ncc(Cl)cc23)c1F,HT29,[16*]c1c[nH]c2ncc(Cl)cc12,0.037695322185754776,0.026812952011823654,0.010882370173931122
CCCS(=O)(=O)Nc1ccc(F)c(C(=O)c2c[nH]c3ncc(Cl)cc23)c1F,HT29,[5*]N[5*],0.037695322185754776,0.028572816401720047,0.009122505784034729
CCCS(=O)(=O)Nc1ccc(F)c(C(=O)c2c[nH]c3ncc(Cl)cc23)c1F,HT29,[6*]C([6*])=O,0.037695322185754776,0.027340270578861237,0.01035505160689354
CCCS(=O)(=O)Nc1ccc(F)c(C(=O)c2c[nH]c3ncc(Cl)cc23)c1F,HT29,[16*]c1ccc(F)c([16*])c1F,0.037695322185754776,0.021929938346147537,0.01576538383960724
Nc1ccccc1NC(=O)c1ccc(CNc2nccc(n2)-c2cccnc2)cc1,HT29,[16*]c1cccnc1,0.033388808369636536,0.03383615240454674,-0.000447344034910202
Nc1ccccc1NC(=O)c1ccc(CNc2nccc(n2)-c2cccnc2)cc1,HT29,[4*]C[8*],0.033388808369636536,0.03642353042960167,-0.0030347220599651337
Nc1ccccc1NC(=O)c1ccc(CNc2nccc(n2)-c2cccnc2)cc1,HT29,[1*]C([6*])=O,0.033388808369636536,0.0387129932641983,-0.005324184894561768
Nc1ccccc1NC(=O)c1ccc(CNc2nccc(n2)-c2cccnc2)cc1,HT29,[16*]c1ccccc1N,0.033388808369636536,0.0350799635052681,-0.0016911551356315613
Nc1ccccc1NC(=O)c1ccc(CNc2nccc(n2)-c2cccnc2)cc1,HT29,[16*]c1ccc([16*])cc1,0.033388808369636536,0.03479254990816116,-0.0014037415385246277
Nc1ccccc1NC(=O)c1ccc(CNc2nccc(n2)-c2cccnc2)cc1,HT29,[5*]N[5*],0.033388808369636536,0.03440026566386223,-0.0010114572942256927
Nc1ccccc1NC(=O)c1ccc(CNc2nccc(n2)-c2cccnc2)cc1,HT29,[14*]c1ccnc([14*])n1,0.033388808369636536,0.03591185063123703,-0.0025230422616004944
CN1c2ccc(Cl)cc2C(=NCC1=O)c1ccccc1,HT29,CN1C(=O)CN=C(c2ccccc2)c2cc(Cl)ccc21,0.03535350039601326,0.05797938257455826,-0.022625882178544998
CCCOc1ccccc1-c1nc2[nH]nnc2c(=O)[nH]1,HT29,[16*]c1ccccc1[16*],0.03633223474025726,0.025109941139817238,0.011222293600440025
CCCOc1ccccc1-c1nc2[nH]nnc2c(=O)[nH]1,HT29,[3*]O[3*],0.03633223474025726,0.035205841064453125,0.0011263936758041382
CCCOc1ccccc1-c1nc2[nH]nnc2c(=O)[nH]1,HT29,[14*]c1nc2[nH]nnc2c(=O)[nH]1,0.03633223474025726,0.024798709899187088,0.011533524841070175
CCCOc1ccccc1-c1nc2[nH]nnc2c(=O)[nH]1,HT29,[4*]CCC,0.03633223474025726,0.03623415529727936,9.807944297790527e-05
COc1ccc2cc(ccc2c1)-c1cc(nn1[C@@H](C)c1ccc(cc1)C(=O)NCCC(O)=O)-c1cc(Cl)cc(Cl)c1,HT29,[16*]c1ccc2cc([16*])ccc2c1,0.03560693562030792,0.022879119962453842,0.01272781565785408
COc1ccc2cc(ccc2c1)-c1cc(nn1[C@@H](C)c1ccc(cc1)C(=O)NCCC(O)=O)-c1cc(Cl)cc(Cl)c1,HT29,[4*]CCC(=O)O,0.03560693562030792,0.030534859746694565,0.0050720758736133575
COc1ccc2cc(ccc2c1)-c1cc(nn1[C@@H](C)c1ccc(cc1)C(=O)NCCC(O)=O)-c1cc(Cl)cc(Cl)c1,HT29,[9*]n1nc([14*])cc1[14*],0.03560693562030792,0.028298666700720787,0.007308268919587135
COc1ccc2cc(ccc2c1)-c1cc(nn1[C@@H](C)c1ccc(cc1)C(=O)NCCC(O)=O)-c1cc(Cl)cc(Cl)c1,HT29,[1*]C([6*])=O,0.03560693562030792,0.03256656602025032,0.003040369600057602
COc1ccc2cc(ccc2c1)-c1cc(nn1[C@@H](C)c1ccc(cc1)C(=O)NCCC(O)=O)-c1cc(Cl)cc(Cl)c1,HT29,[16*]c1cc(Cl)cc(Cl)c1,0.03560693562030792,0.02801441214978695,0.007592523470520973
COc1ccc2cc(ccc2c1)-c1cc(nn1[C@@H](C)c1ccc(cc1)C(=O)NCCC(O)=O)-c1cc(Cl)cc(Cl)c1,HT29,[16*]c1ccc([16*])cc1,0.03560693562030792,0.027173586189746857,0.008433349430561066
COc1ccc2cc(ccc2c1)-c1cc(nn1[C@@H](C)c1ccc(cc1)C(=O)NCCC(O)=O)-c1cc(Cl)cc(Cl)c1,HT29,[5*]N[5*],0.03560693562030792,0.029684733599424362,0.00592220202088356
COc1ccc2cc(ccc2c1)-c1cc(nn1[C@@H](C)c1ccc(cc1)C(=O)NCCC(O)=O)-c1cc(Cl)cc(Cl)c1,HT29,[8*]C([8*])C,0.03560693562030792,0.029121033847332,0.006485901772975922
COc1ccc2cc(ccc2c1)-c1cc(nn1[C@@H](C)c1ccc(cc1)C(=O)NCCC(O)=O)-c1cc(Cl)cc(Cl)c1,HT29,[3*]OC,0.03560693562030792,0.028549226000905037,0.0070577096194028854
Fc1ccc(CN2CCC(CC2)Nc2ncnc3sc(Cl)cc23)cc1C#N,HT29,[16*]c1ccc(F)c(C#N)c1,0.04115475341677666,0.032720670104026794,0.008434083312749863
Fc1ccc(CN2CCC(CC2)Nc2ncnc3sc(Cl)cc23)cc1C#N,HT29,[5*]N1CCC([15*])CC1,0.04115475341677666,0.03511979430913925,0.006034959107637405
Fc1ccc(CN2CCC(CC2)Nc2ncnc3sc(Cl)cc23)cc1C#N,HT29,[4*]C[8*],0.04115475341677666,0.03719191625714302,0.0039628371596336365
Fc1ccc(CN2CCC(CC2)Nc2ncnc3sc(Cl)cc23)cc1C#N,HT29,[5*]N[5*],0.04115475341677666,0.03808952867984772,0.00306522473692894
Fc1ccc(CN2CCC(CC2)Nc2ncnc3sc(Cl)cc23)cc1C#N,HT29,[14*]c1ncnc2sc(Cl)cc12,0.04115475341677666,0.0344032421708107,0.006751511245965958
CC[C@H]1OC(=O)[C@H](C)[C@H](O[C@@H]2C[C@@](C)(OC)[C@@H](O)[C@H](C)O2)[C@H](C)[C@@H](O[C@@H]2O[C@H](C)C[C@@H]([C@@H]2O)N(C)C)[C@@](C)(C[C@@H](C)C(=O)[C@H](C)[C@@H](O)[C@]1(C)O)OC,HT29,[4*][C@]1(C)C[C@@H](C)C(=O)[C@H](C)[C@@H](O)[C@](C)(O)[C@@H]([13*])OC(=O)[C@H](C)[C@H]([15*])[C@H](C)[C@H]1[15*],0.04107842594385147,0.03773881494998932,0.003339610993862152
CC[C@H]1OC(=O)[C@H](C)[C@H](O[C@@H]2C[C@@](C)(OC)[C@@H](O)[C@H](C)O2)[C@H](C)[C@@H](O[C@@H]2O[C@H](C)C[C@@H]([C@@H]2O)N(C)C)[C@@](C)(C[C@@H](C)C(=O)[C@H](C)[C@@H](O)[C@]1(C)O)OC,HT29,[4*][C@]1(C)C[C@@H]([13*])O[C@@H](C)[C@@H]1O,0.04107842594385147,0.03701738268136978,0.0040610432624816895
CC[C@H]1OC(=O)[C@H](C)[C@H](O[C@@H]2C[C@@](C)(OC)[C@@H](O)[C@H](C)O2)[C@H](C)[C@@H](O[C@@H]2O[C@H](C)C[C@@H]([C@@H]2O)N(C)C)[C@@](C)(C[C@@H](C)C(=O)[C@H](C)[C@@H](O)[C@]1(C)O)OC,HT29,[3*]O[3*],0.04107842594385147,0.03577383607625961,0.005304589867591858
CC[C@H]1OC(=O)[C@H](C)[C@H](O[C@@H]2C[C@@](C)(OC)[C@@H](O)[C@H](C)O2)[C@H](C)[C@@H](O[C@@H]2O[C@H](C)C[C@@H]([C@@H]2O)N(C)C)[C@@](C)(C[C@@H](C)C(=O)[C@H](C)[C@@H](O)[C@]1(C)O)OC,HT29,[5*]N(C)C,0.04107842594385147,0.03581678494811058,0.0052616409957408905
CC[C@H]1OC(=O)[C@H](C)[C@H](O[C@@H]2C[C@@](C)(OC)[C@@H](O)[C@H](C)O2)[C@H](C)[C@@H](O[C@@H]2O[C@H](C)C[C@@H]([C@@H]2O)N(C)C)[C@@](C)(C[C@@H](C)C(=O)[C@H](C)[C@@H](O)[C@]1(C)O)OC,HT29,[13*][C@@H]1C[C@]([15*])(C)[C@@H](O)[C@H](C)O1,0.04107842594385147,0.03581678494811058,0.0052616409957408905
CC[C@H]1OC(=O)[C@H](C)[C@H](O[C@@H]2C[C@@](C)(OC)[C@@H](O)[C@H](C)O2)[C@H](C)[C@@H](O[C@@H]2O[C@H](C)C[C@@H]([C@@H]2O)N(C)C)[C@@](C)(C[C@@H](C)C(=O)[C@H](C)[C@@H](O)[C@]1(C)O)OC,HT29,[13*][C@H]1OC(=O)[C@H](C)[C@H]([15*])[C@H](C)[C@@H]([15*])[C@@]([15*])(C)C[C@@H](C)C(=O)[C@H](C)[C@@H](O)[C@]1(C)O,0.04107842594385147,0.03581678494811058,0.0052616409957408905
CC[C@H]1OC(=O)[C@H](C)[C@H](O[C@@H]2C[C@@](C)(OC)[C@@H](O)[C@H](C)O2)[C@H](C)[C@@H](O[C@@H]2O[C@H](C)C[C@@H]([C@@H]2O)N(C)C)[C@@](C)(C[C@@H](C)C(=O)[C@H](C)[C@@H](O)[C@]1(C)O)OC,HT29,[8*]CC,0.04107842594385147,0.03581678494811058,0.0052616409957408905
CC[C@H]1OC(=O)[C@H](C)[C@H](O[C@@H]2C[C@@](C)(OC)[C@@H](O)[C@H](C)O2)[C@H](C)[C@@H](O[C@@H]2O[C@H](C)C[C@@H]([C@@H]2O)N(C)C)[C@@](C)(C[C@@H](C)C(=O)[C@H](C)[C@@H](O)[C@]1(C)O)OC,HT29,[13*][C@@H]1O[C@H](C)C[C@H]([15*])[C@@H]1O,0.04107842594385147,0.03581678494811058,0.0052616409957408905
CC[C@H]1OC(=O)[C@H](C)[C@H](O[C@@H]2C[C@@](C)(OC)[C@@H](O)[C@H](C)O2)[C@H](C)[C@@H](O[C@@H]2O[C@H](C)C[C@@H]([C@@H]2O)N(C)C)[C@@](C)(C[C@@H](C)C(=O)[C@H](C)[C@@H](O)[C@]1(C)O)OC,HT29,[3*]OC,0.04107842594385147,0.03581678494811058,0.0052616409957408905
O=C(Nc1nc2cccc(-c3ccc(CN4CCS(=O)(=O)CC4)cc3)n2n1)C1CC1,HT29,[5*]N1CCS(=O)(=O)CC1,0.0447147861123085,0.024508453905582428,0.020206332206726074
O=C(Nc1nc2cccc(-c3ccc(CN4CCS(=O)(=O)CC4)cc3)n2n1)C1CC1,HT29,[4*]C[8*],0.0447147861123085,0.027258776128292084,0.01745600998401642
O=C(Nc1nc2cccc(-c3ccc(CN4CCS(=O)(=O)CC4)cc3)n2n1)C1CC1,HT29,[1*]C([6*])=O,0.0447147861123085,0.0269586481153965,0.017756137996912003
O=C(Nc1nc2cccc(-c3ccc(CN4CCS(=O)(=O)CC4)cc3)n2n1)C1CC1,HT29,[14*]c1nc2cccc([14*])n2n1,0.0447147861123085,0.032174788415431976,0.012539997696876526
O=C(Nc1nc2cccc(-c3ccc(CN4CCS(=O)(=O)CC4)cc3)n2n1)C1CC1,HT29,[5*]N[5*],0.0447147861123085,0.026019470766186714,0.018695315346121788
O=C(Nc1nc2cccc(-c3ccc(CN4CCS(=O)(=O)CC4)cc3)n2n1)C1CC1,HT29,[16*]c1ccc([16*])cc1,0.0447147861123085,0.02700900472700596,0.017705781385302544
O=C(Nc1nc2cccc(-c3ccc(CN4CCS(=O)(=O)CC4)cc3)n2n1)C1CC1,HT29,[15*]C1CC1,0.0447147861123085,0.02577897347509861,0.018935812637209892
CC(=C)[C@@H]1CC[C@@]2(CC[C@]3(C)[C@H](CC[C@@H]4[C@@]5(C)CC[C@H](OC(=O)CC(C)(C)C(O)=O)C(C)(C)[C@@H]5CC[C@@]34C)[C@@H]12)C(O)=O,HT29,[15*][C@H]1CC[C@]2(C)[C@H]3CC[C@@H]4[C@H]5[C@H](C(=C)C)CC[C@]5([15*])CC[C@@]4(C)[C@]3(C)CC[C@H]2C1(C)C,0.04176131263375282,0.01595546491444111,0.025805847719311714
CC(=C)[C@@H]1CC[C@@]2(CC[C@]3(C)[C@H](CC[C@@H]4[C@@]5(C)CC[C@H](OC(=O)CC(C)(C)C(O)=O)C(C)(C)[C@@H]5CC[C@@]34C)[C@@H]12)C(O)=O,HT29,[3*]O[3*],0.04176131263375282,0.03814515098929405,0.0036161616444587708
CC(=C)[C@@H]1CC[C@@]2(CC[C@]3(C)[C@H](CC[C@@H]4[C@@]5(C)CC[C@H](OC(=O)CC(C)(C)C(O)=O)C(C)(C)[C@@H]5CC[C@@]34C)[C@@H]12)C(O)=O,HT29,[6*]C(=O)O,0.04176131263375282,0.03917933255434036,0.0025819800794124603
CC(=C)[C@@H]1CC[C@@]2(CC[C@]3(C)[C@H](CC[C@@H]4[C@@]5(C)CC[C@H](OC(=O)CC(C)(C)C(O)=O)C(C)(C)[C@@H]5CC[C@@]34C)[C@@H]12)C(O)=O,HT29,[1*]C(=O)CC(C)(C)C(=O)O,0.04176131263375282,0.038905344903469086,0.002855967730283737
CN1CCN(CC1)c1ccc2nc([nH]c2c1)-c1ccc2nc([nH]c2c1)-c1ccc(O)cc1,HT29,[16*]c1ccc(O)cc1,0.03536705672740936,0.03564123064279556,-0.00027417391538619995
CN1CCN(CC1)c1ccc2nc([nH]c2c1)-c1ccc2nc([nH]c2c1)-c1ccc(O)cc1,HT29,[14*]c1nc2ccc([16*])cc2[nH]1,0.03536705672740936,0.047472529113292694,-0.012105472385883331
CN1CCN(CC1)c1ccc2nc([nH]c2c1)-c1ccc2nc([nH]c2c1)-c1ccc(O)cc1,HT29,[5*]N1CCN(C)CC1,0.03536705672740936,0.038081780076026917,-0.0027147233486175537
Cn1c(CCCC(O)=O)nc2cc(ccc12)N(CCCl)CCCl,HT29,[4*]CCCl,0.03270520269870758,0.03191826492547989,0.0007869377732276917
Cn1c(CCCC(O)=O)nc2cc(ccc12)N(CCCl)CCCl,HT29,[14*]c1nc2cc([16*])ccc2n1C,0.03270520269870758,0.01396862417459488,0.0187365785241127
Cn1c(CCCC(O)=O)nc2cc(ccc12)N(CCCl)CCCl,HT29,[8*]CCCC(=O)O,0.03270520269870758,0.027863215655088425,0.004841987043619156
Cn1c(CCCC(O)=O)nc2cc(ccc12)N(CCCl)CCCl,HT29,[5*]N([5*])[5*],0.03270520269870758,0.027517739683389664,0.005187463015317917
Oc1c(Cl)cc(Cl)c2cccnc12,HT29,Oc1c(Cl)cc(Cl)c2cccnc12,0.03966217860579491,0.05797938257455826,-0.01831720396876335
C[C@@H](Oc1ccc2[nH]nc(\C=C\c3cnn(CCO)c3)c2c1)c1c(Cl)cncc1Cl,HT29,[7*]C[8*],0.04230130463838577,0.029866712167859077,0.012434592470526695
C[C@@H](Oc1ccc2[nH]nc(\C=C\c3cnn(CCO)c3)c2c1)c1c(Cl)cncc1Cl,HT29,[16*]c1c(Cl)cncc1Cl,0.04230130463838577,0.029522046446800232,0.01277925819158554
C[C@@H](Oc1ccc2[nH]nc(\C=C\c3cnn(CCO)c3)c2c1)c1c(Cl)cncc1Cl,HT29,[8*]CCO,0.04230130463838577,0.026778720319271088,0.015522584319114685
C[C@@H](Oc1ccc2[nH]nc(\C=C\c3cnn(CCO)c3)c2c1)c1c(Cl)cncc1Cl,HT29,[3*]O[3*],0.04230130463838577,0.025237970054149628,0.017063334584236145
C[C@@H](Oc1ccc2[nH]nc(\C=C\c3cnn(CCO)c3)c2c1)c1c(Cl)cncc1Cl,HT29,[9*]n1cc([16*])cn1,0.04230130463838577,0.025165678933262825,0.017135625705122948
C[C@@H](Oc1ccc2[nH]nc(\C=C\c3cnn(CCO)c3)c2c1)c1c(Cl)cncc1Cl,HT29,[4*][C@@H]([8*])C,0.04230130463838577,0.02881215140223503,0.013489153236150742
C[C@@H](Oc1ccc2[nH]nc(\C=C\c3cnn(CCO)c3)c2c1)c1c(Cl)cncc1Cl,HT29,[14*]c1n[nH]c2ccc([16*])cc12,0.04230130463838577,0.031202126294374466,0.011099178344011307
COc1ccc(C[C@@H]2c3cc(OC)c(OC)cc3CC[N@+]2(C)CCC(=O)OCCCCCOC(=O)CC[N@@+]2(C)CCc3cc(OC)c(OC)cc3[C@H]2Cc2ccc(OC)c(OC)c2)cc1OC,HT29,[1*]C(=O)CC[4*],0.03463127091526985,0.031581148505210876,0.0030501224100589752
COc1ccc(C[C@@H]2c3cc(OC)c(OC)cc3CC[N@+]2(C)CCC(=O)OCCCCCOC(=O)CC[N@@+]2(C)CCc3cc(OC)c(OC)cc3[C@H]2Cc2ccc(OC)c(OC)c2)cc1OC,HT29,[5*][N@@+]1(C)CCc2cc([16*])c([16*])cc2[C@H]1C[8*],0.03463127091526985,0.033486999571323395,0.001144271343946457
COc1ccc(C[C@@H]2c3cc(OC)c(OC)cc3CC[N@+]2(C)CCC(=O)OCCCCCOC(=O)CC[N@@+]2(C)CCc3cc(OC)c(OC)cc3[C@H]2Cc2ccc(OC)c(OC)c2)cc1OC,HT29,[4*]CCCCC[4*],0.03463127091526985,0.027986815199255943,0.006644455716013908
COc1ccc(C[C@@H]2c3cc(OC)c(OC)cc3CC[N@+]2(C)CCC(=O)OCCCCCOC(=O)CC[N@@+]2(C)CCc3cc(OC)c(OC)cc3[C@H]2Cc2ccc(OC)c(OC)c2)cc1OC,HT29,[3*]O[3*],0.03463127091526985,0.032124876976013184,0.002506393939256668
COc1ccc(C[C@@H]2c3cc(OC)c(OC)cc3CC[N@+]2(C)CCC(=O)OCCCCCOC(=O)CC[N@@+]2(C)CCc3cc(OC)c(OC)cc3[C@H]2Cc2ccc(OC)c(OC)c2)cc1OC,HT29,[16*]c1ccc([16*])c([16*])c1,0.03463127091526985,0.030189190059900284,0.004442080855369568
COc1ccc(C[C@@H]2c3cc(OC)c(OC)cc3CC[N@+]2(C)CCC(=O)OCCCCCOC(=O)CC[N@@+]2(C)CCc3cc(OC)c(OC)cc3[C@H]2Cc2ccc(OC)c(OC)c2)cc1OC,HT29,[3*]OC,0.03463127091526985,0.02769193984568119,0.006939331069588661
Nc1nc(-c2ccccc2)c(Br)c(=O)[nH]1,HT29,[16*]c1ccccc1,0.034902945160865784,0.0304875485599041,0.004415396600961685
Nc1nc(-c2ccccc2)c(Br)c(=O)[nH]1,HT29,[14*]c1nc(N)[nH]c(=O)c1Br,0.034902945160865784,0.035974014550447464,-0.0010710693895816803
CCOCc1cc(OC)c(-c2ccc(C[C@H](NC(=O)c3c(F)cccc3F)C(O)=O)cc2)c(OC)c1,HT29,[4*][C@@H](C[8*])C(=O)O,0.03196270763874054,0.031529128551483154,0.00043357908725738525
CCOCc1cc(OC)c(-c2ccc(C[C@H](NC(=O)c3c(F)cccc3F)C(O)=O)cc2)c(OC)c1,HT29,[16*]c1cc([16*])c([16*])c([16*])c1,0.03196270763874054,0.027364464476704597,0.004598243162035942
CCOCc1cc(OC)c(-c2ccc(C[C@H](NC(=O)c3c(F)cccc3F)C(O)=O)cc2)c(OC)c1,HT29,[16*]c1c(F)cccc1F,0.03196270763874054,0.028134701773524284,0.003828005865216255
CCOCc1cc(OC)c(-c2ccc(C[C@H](NC(=O)c3c(F)cccc3F)C(O)=O)cc2)c(OC)c1,HT29,[4*]C[8*],0.03196270763874054,0.02744729071855545,0.004515416920185089
CCOCc1cc(OC)c(-c2ccc(C[C@H](NC(=O)c3c(F)cccc3F)C(O)=O)cc2)c(OC)c1,HT29,[1*]C([6*])=O,0.03196270763874054,0.028388911858201027,0.0035737957805395126
CCOCc1cc(OC)c(-c2ccc(C[C@H](NC(=O)c3c(F)cccc3F)C(O)=O)cc2)c(OC)c1,HT29,[3*]O[3*],0.03196270763874054,0.028152961283922195,0.003809746354818344
CCOCc1cc(OC)c(-c2ccc(C[C@H](NC(=O)c3c(F)cccc3F)C(O)=O)cc2)c(OC)c1,HT29,[5*]N[5*],0.03196270763874054,0.027180109173059464,0.004782598465681076
CCOCc1cc(OC)c(-c2ccc(C[C@H](NC(=O)c3c(F)cccc3F)C(O)=O)cc2)c(OC)c1,HT29,[16*]c1ccc([16*])cc1,0.03196270763874054,0.027188416570425034,0.004774291068315506
CCOCc1cc(OC)c(-c2ccc(C[C@H](NC(=O)c3c(F)cccc3F)C(O)=O)cc2)c(OC)c1,HT29,[4*]CC,0.03196270763874054,0.028510838747024536,0.0034518688917160034
CCOCc1cc(OC)c(-c2ccc(C[C@H](NC(=O)c3c(F)cccc3F)C(O)=O)cc2)c(OC)c1,HT29,[3*]OC,0.03196270763874054,0.028510838747024536,0.0034518688917160034
C[C@H]1CN([C@H](C)CN1Cc1ccc(F)cc1)C(=O)c1cc2c(cn(C)c2cc1Cl)C(=O)C(=O)N(C)C,HT29,[16*]c1cc2c([16*])cn(C)c2cc1Cl,0.038606494665145874,0.022702503949403763,0.01590399071574211
C[C@H]1CN([C@H](C)CN1Cc1ccc(F)cc1)C(=O)c1cc2c(cn(C)c2cc1Cl)C(=O)C(=O)N(C)C,HT29,[5*]N1C[C@H](C)N([5*])C[C@H]1C,0.038606494665145874,0.023336663842201233,0.015269830822944641
C[C@H]1CN([C@H](C)CN1Cc1ccc(F)cc1)C(=O)c1cc2c(cn(C)c2cc1Cl)C(=O)C(=O)N(C)C,HT29,[4*]C[8*],0.038606494665145874,0.024027343839406967,0.014579150825738907
C[C@H]1CN([C@H](C)CN1Cc1ccc(F)cc1)C(=O)c1cc2c(cn(C)c2cc1Cl)C(=O)C(=O)N(C)C,HT29,[1*]C([6*])=O,0.038606494665145874,0.025926101952791214,0.01268039271235466
C[C@H]1CN([C@H](C)CN1Cc1ccc(F)cc1)C(=O)c1cc2c(cn(C)c2cc1Cl)C(=O)C(=O)N(C)C,HT29,[1*]C(=O)C([6*])=O,0.038606494665145874,0.02616862580180168,0.012437868863344193
C[C@H]1CN([C@H](C)CN1Cc1ccc(F)cc1)C(=O)c1cc2c(cn(C)c2cc1Cl)C(=O)C(=O)N(C)C,HT29,[5*]N(C)C,0.038606494665145874,0.025526273995637894,0.01308022066950798
C[C@H]1CN([C@H](C)CN1Cc1ccc(F)cc1)C(=O)c1cc2c(cn(C)c2cc1Cl)C(=O)C(=O)N(C)C,HT29,[16*]c1ccc(F)cc1,0.038606494665145874,0.02584122121334076,0.012765273451805115
CCCCc1oc2ccccc2c1C(=O)c1cc(I)c(OCCN(CC)CC)c(I)c1,HT29,[8*]CCCC,0.04162629693746567,0.025037502869963646,0.016588794067502022
CCCCc1oc2ccccc2c1C(=O)c1cc(I)c(OCCN(CC)CC)c(I)c1,HT29,[5*]N([5*])[5*],0.04162629693746567,0.027751123532652855,0.013875173404812813
CCCCc1oc2ccccc2c1C(=O)c1cc(I)c(OCCN(CC)CC)c(I)c1,HT29,[16*]c1cc(I)c([16*])c(I)c1,0.04162629693746567,0.027348190546035767,0.014278106391429901
CCCCc1oc2ccccc2c1C(=O)c1cc(I)c(OCCN(CC)CC)c(I)c1,HT29,[3*]O[3*],0.04162629693746567,0.02659205161035061,0.015034245327115059
CCCCc1oc2ccccc2c1C(=O)c1cc(I)c(OCCN(CC)CC)c(I)c1,HT29,[6*]C([6*])=O,0.04162629693746567,0.02974890172481537,0.011877395212650299
CCCCc1oc2ccccc2c1C(=O)c1cc(I)c(OCCN(CC)CC)c(I)c1,HT29,[14*]c1oc2ccccc2c1[16*],0.04162629693746567,0.02826683409512043,0.013359462842345238
CCCCc1oc2ccccc2c1C(=O)c1cc(I)c(OCCN(CC)CC)c(I)c1,HT29,[4*]CC,0.04162629693746567,0.026409845799207687,0.01521645113825798
CCCCc1oc2ccccc2c1C(=O)c1cc(I)c(OCCN(CC)CC)c(I)c1,HT29,[4*]CC[4*],0.04162629693746567,0.027283024042844772,0.014343272894620895
Cc1sc-2c(c1C)C(=N[C@H](CC(=O)OC(C)(C)C)c1nnc(C)n-21)c1ccc(Cl)cc1,HT29,[1*]C(=O)C[C@H]1N=C(c2ccc(Cl)cc2)c2c(sc(C)c2C)-n2c(C)nnc21,0.03988000005483627,0.027303623035550117,0.012576377019286156
Cc1sc-2c(c1C)C(=N[C@H](CC(=O)OC(C)(C)C)c1nnc(C)n-21)c1ccc(Cl)cc1,HT29,[3*]O[3*],0.03988000005483627,0.03776741772890091,0.0021125823259353638
Cc1sc-2c(c1C)C(=N[C@H](CC(=O)OC(C)(C)C)c1nnc(C)n-21)c1ccc(Cl)cc1,HT29,[4*]C(C)(C)C,0.03988000005483627,0.03444018214941025,0.005439817905426025
CCc1ccc(OCc2ccccc2C(=O)Nc2ccc3nc(C)cc(N)c3c2)cc1,HT29,[16*]c1ccc2nc(C)cc(N)c2c1,0.041015706956386566,0.03125753626227379,0.009758170694112778
CCc1ccc(OCc2ccccc2C(=O)Nc2ccc3nc(C)cc(N)c3c2)cc1,HT29,[4*]C[8*],0.041015706956386566,0.03087237849831581,0.010143328458070755
CCc1ccc(OCc2ccccc2C(=O)Nc2ccc3nc(C)cc(N)c3c2)cc1,HT29,[1*]C([6*])=O,0.041015706956386566,0.0308588407933712,0.010156866163015366
CCc1ccc(OCc2ccccc2C(=O)Nc2ccc3nc(C)cc(N)c3c2)cc1,HT29,[16*]c1ccccc1[16*],0.041015706956386566,0.029121747240424156,0.01189395971596241
CCc1ccc(OCc2ccccc2C(=O)Nc2ccc3nc(C)cc(N)c3c2)cc1,HT29,[3*]O[3*],0.041015706956386566,0.032826635986566544,0.008189070969820023
CCc1ccc(OCc2ccccc2C(=O)Nc2ccc3nc(C)cc(N)c3c2)cc1,HT29,[5*]N[5*],0.041015706956386566,0.02874113619327545,0.012274570763111115
CCc1ccc(OCc2ccccc2C(=O)Nc2ccc3nc(C)cc(N)c3c2)cc1,HT29,[16*]c1ccc([16*])cc1,0.041015706956386566,0.029985884204506874,0.011029822751879692
CCc1ccc(OCc2ccccc2C(=O)Nc2ccc3nc(C)cc(N)c3c2)cc1,HT29,[8*]CC,0.041015706956386566,0.02763289399445057,0.013382812961935997
COc1ccc(\C=C\C(=O)Nc2ccccc2C(O)=O)cc1OC,HT29,[7*]C[8*],0.03643408417701721,0.02744290418922901,0.0089911799877882
COc1ccc(\C=C\C(=O)Nc2ccccc2C(O)=O)cc1OC,HT29,[6*]C(=O)O,0.03643408417701721,0.03208865597844124,0.0043454281985759735
COc1ccc(\C=C\C(=O)Nc2ccccc2C(O)=O)cc1OC,HT29,[16*]c1ccccc1[16*],0.03643408417701721,0.02409685030579567,0.012337233871221542
COc1ccc(\C=C\C(=O)Nc2ccccc2C(O)=O)cc1OC,HT29,[5*]N[5*],0.03643408417701721,0.026294587180018425,0.010139496996998787
COc1ccc(\C=C\C(=O)Nc2ccccc2C(O)=O)cc1OC,HT29,[16*]c1ccc([16*])c([16*])c1,0.03643408417701721,0.021648447960615158,0.014785636216402054
COc1ccc(\C=C\C(=O)Nc2ccccc2C(O)=O)cc1OC,HT29,[1*]C(=O)C[7*],0.03643408417701721,0.028400298207998276,0.008033785969018936
COc1ccc(\C=C\C(=O)Nc2ccccc2C(O)=O)cc1OC,HT29,[3*]OC,0.03643408417701721,0.029497845098376274,0.006936239078640938
O=C1Nc2ccccc2\C1=C1\Nc2ccccc2C1=O,HT29,[7*]C1C(=O)Nc2ccccc21,0.03866586089134216,0.03269459307193756,0.005971267819404602
O=C1Nc2ccccc2\C1=C1\Nc2ccccc2C1=O,HT29,[7*]C1Nc2ccccc2C1=O,0.03866586089134216,0.035611383616924286,0.003054477274417877
C[C@H]1CC[C@@]23CCC(=O)[C@H]2[C@]1(C)[C@@H](C[C@](C)(C=C)[C@@H](O)[C@@H]3C)OC(=O)CS[C@H]1C[C@@H]2CC[C@H](C1)N2C,HT29,[1*]C(=O)C[4*],0.038276735693216324,0.0339452363550663,0.004331499338150024
C[C@H]1CC[C@@]23CCC(=O)[C@H]2[C@]1(C)[C@@H](C[C@](C)(C=C)[C@@H](O)[C@@H]3C)OC(=O)CS[C@H]1C[C@@H]2CC[C@H](C1)N2C,HT29,[3*]O[3*],0.038276735693216324,0.034193359315395355,0.004083376377820969
C[C@H]1CC[C@@]23CCC(=O)[C@H]2[C@]1(C)[C@@H](C[C@](C)(C=C)[C@@H](O)[C@@H]3C)OC(=O)CS[C@H]1C[C@@H]2CC[C@H](C1)N2C,HT29,[15*][C@@H]1C[C@H]2CC[C@@H](C1)N2C,0.038276735693216324,0.03238329291343689,0.005893442779779434
C[C@H]1CC[C@@]23CCC(=O)[C@H]2[C@]1(C)[C@@H](C[C@](C)(C=C)[C@@H](O)[C@@H]3C)OC(=O)CS[C@H]1C[C@@H]2CC[C@H](C1)N2C,HT29,[15*][C@@H]1C[C@](C)(C=C)[C@@H](O)[C@H](C)[C@]23CCC(=O)[C@H]2[C@@]1(C)[C@@H](C)CC3,0.038276735693216324,0.023399977013468742,0.014876758679747581
C[C@H]1CC[C@@]23CCC(=O)[C@H]2[C@]1(C)[C@@H](C[C@](C)(C=C)[C@@H](O)[C@@H]3C)OC(=O)CS[C@H]1C[C@@H]2CC[C@H](C1)N2C,HT29,[11*]S[11*],0.038276735693216324,0.03644632175564766,0.0018304139375686646
C[C@@H]1CC[C@H]2[C@@H](C)[C@H](OC(=O)CCC(O)=O)O[C@@H]3O[C@]4(C)CC[C@@H]1[C@@]23OO4,HT29,[3*]O[3*],0.03379518538713455,0.03439018875360489,-0.0005950033664703369
C[C@@H]1CC[C@H]2[C@@H](C)[C@H](OC(=O)CCC(O)=O)O[C@@H]3O[C@]4(C)CC[C@@H]1[C@@]23OO4,HT29,[13*][C@@H]1O[C@@H]2O[C@]3(C)CC[C@H]4[C@H](C)CC[C@@H]([C@H]1C)[C@@]24OO3,0.03379518538713455,0.0028057359158992767,0.030989449471235275
C[C@@H]1CC[C@H]2[C@@H](C)[C@H](OC(=O)CCC(O)=O)O[C@@H]3O[C@]4(C)CC[C@@H]1[C@@]23OO4,HT29,[1*]C(=O)CCC(=O)O,0.03379518538713455,0.02994662895798683,0.0038485564291477203
NC1=N[C@]2(COC[C@@H]2CS1)c1cc(NC(=O)c2ccc(F)cn2)ccc1F,HT29,[13*][C@]12COC[C@@H]1CSC(N)=N2,0.04140636324882507,0.03252090513706207,0.008885458111763
NC1=N[C@]2(COC[C@@H]2CS1)c1cc(NC(=O)c2ccc(F)cn2)ccc1F,HT29,[16*]c1ccc(F)c([16*])c1,0.04140636324882507,0.030244257301092148,0.011162105947732925
NC1=N[C@]2(COC[C@@H]2CS1)c1cc(NC(=O)c2ccc(F)cn2)ccc1F,HT29,[14*]c1ccc(F)cn1,0.04140636324882507,0.03583737090229988,0.005568992346525192
NC1=N[C@]2(COC[C@@H]2CS1)c1cc(NC(=O)c2ccc(F)cn2)ccc1F,HT29,[1*]C([6*])=O,0.04140636324882507,0.037235602736473083,0.00417076051235199
NC1=N[C@]2(COC[C@@H]2CS1)c1cc(NC(=O)c2ccc(F)cn2)ccc1F,HT29,[5*]N[5*],0.04140636324882507,0.03616676479578018,0.005239598453044891
Nc1nc(=O)n(cc1F)[C@H]1C[C@H](O)[C@@H](CO)O1,HT29,[9*]n1cc(F)c(N)nc1=O,0.025312842801213264,0.02688382752239704,-0.0015709847211837769
Nc1nc(=O)n(cc1F)[C@H]1C[C@H](O)[C@@H](CO)O1,HT29,[8*]CO,0.025312842801213264,0.023126667365431786,0.002186175435781479
Nc1nc(=O)n(cc1F)[C@H]1C[C@H](O)[C@@H](CO)O1,HT29,[13*][C@H]1C[C@H](O)[C@@H]([13*])O1,0.025312842801213264,0.018835673108696938,0.006477169692516327
CNC(C)(C)Cc1ccccc1,HT29,[5*]NC,0.030605172738432884,0.031601518392562866,-0.000996345654129982
CNC(C)(C)Cc1ccccc1,HT29,[16*]c1ccccc1,0.030605172738432884,0.03174316883087158,-0.0011379960924386978
CNC(C)(C)Cc1ccccc1,HT29,[4*]C(C)(C)C[8*],0.030605172738432884,0.027319375425577164,0.0032857973128557205
CC(C)(C)N1CCC(CC1)(c1ccccc1)c1ccccc1,HT29,[16*]c1ccccc1,0.034130893647670746,0.043756745755672455,-0.009625852108001709
CC(C)(C)N1CCC(CC1)(c1ccccc1)c1ccccc1,HT29,[4*]C(C)(C)C,0.034130893647670746,0.03750619292259216,-0.0033752992749214172
CC(C)(C)N1CCC(CC1)(c1ccccc1)c1ccccc1,HT29,[5*]N1CCC([15*])([15*])CC1,0.034130893647670746,0.03855229914188385,-0.004421405494213104
CN1CCN(CC1)C2CCN(CC2)C3=CC(=C(C=C3)NC4=NC=C(C(=N4)C5=CNC6=CC=CC=C65)Cl)OC,HUVEC,[5*]N1CCC([15*])CC1,0.03702748194336891,0.04026303067803383,-0.003235548734664917
CN1CCN(CC1)C2CCN(CC2)C3=CC(=C(C=C3)NC4=NC=C(C(=N4)C5=CNC6=CC=CC=C65)Cl)OC,HUVEC,[16*]c1c[nH]c2ccccc12,0.03702748194336891,0.047009896486997604,-0.009982414543628693
CN1CCN(CC1)C2CCN(CC2)C3=CC(=C(C=C3)NC4=NC=C(C(=N4)C5=CNC6=CC=CC=C65)Cl)OC,HUVEC,[14*]c1ncc(Cl)c([14*])n1,0.03702748194336891,0.047718893736600876,-0.010691411793231964
CN1CCN(CC1)C2CCN(CC2)C3=CC(=C(C=C3)NC4=NC=C(C(=N4)C5=CNC6=CC=CC=C65)Cl)OC,HUVEC,[5*]N[5*],0.03702748194336891,0.046026941388845444,-0.008999459445476532
CN1CCN(CC1)C2CCN(CC2)C3=CC(=C(C=C3)NC4=NC=C(C(=N4)C5=CNC6=CC=CC=C65)Cl)OC,HUVEC,[16*]c1ccc([16*])c([16*])c1,0.03702748194336891,0.048606988042593,-0.01157950609922409
CN1CCN(CC1)C2CCN(CC2)C3=CC(=C(C=C3)NC4=NC=C(C(=N4)C5=CNC6=CC=CC=C65)Cl)OC,HUVEC,[5*]N1CCN(C)CC1,0.03702748194336891,0.04935486242175102,-0.01232738047838211
CN1CCN(CC1)C2CCN(CC2)C3=CC(=C(C=C3)NC4=NC=C(C(=N4)C5=CNC6=CC=CC=C65)Cl)OC,HUVEC,[3*]OC,0.03702748194336891,0.04582837596535683,-0.008800894021987915
CNC(=O)c1ccccc1Nc1nc(Nc2ccc(cc2OC)N2CCOCC2)ncc1Cl,HUVEC,[5*]N1CCOCC1,0.031957779079675674,0.05153682827949524,-0.019579049199819565
CNC(=O)c1ccccc1Nc1nc(Nc2ccc(cc2OC)N2CCOCC2)ncc1Cl,HUVEC,[5*]NC,0.031957779079675674,0.04559418931603432,-0.013636410236358643
CNC(=O)c1ccccc1Nc1nc(Nc2ccc(cc2OC)N2CCOCC2)ncc1Cl,HUVEC,[1*]C([6*])=O,0.031957779079675674,0.04858636483550072,-0.016628585755825043
CNC(=O)c1ccccc1Nc1nc(Nc2ccc(cc2OC)N2CCOCC2)ncc1Cl,HUVEC,[14*]c1ncc(Cl)c([14*])n1,0.031957779079675674,0.04825717955827713,-0.016299400478601456
CNC(=O)c1ccccc1Nc1nc(Nc2ccc(cc2OC)N2CCOCC2)ncc1Cl,HUVEC,[16*]c1ccccc1[16*],0.031957779079675674,0.04900478571653366,-0.017047006636857986
CNC(=O)c1ccccc1Nc1nc(Nc2ccc(cc2OC)N2CCOCC2)ncc1Cl,HUVEC,[5*]N[5*],0.031957779079675674,0.04297012835741043,-0.011012349277734756
CNC(=O)c1ccccc1Nc1nc(Nc2ccc(cc2OC)N2CCOCC2)ncc1Cl,HUVEC,[16*]c1ccc([16*])c([16*])c1,0.031957779079675674,0.04042467102408409,-0.008466891944408417
CNC(=O)c1ccccc1Nc1nc(Nc2ccc(cc2OC)N2CCOCC2)ncc1Cl,HUVEC,[3*]OC,0.031957779079675674,0.04222883656620979,-0.010271057486534119
Brc1cncc(c1)C(=O)N1CCC(CC1)N1CCCC1,HUVEC,[1*]C([6*])=O,0.025749219581484795,0.029926948249340057,-0.004177728667855263
Brc1cncc(c1)C(=O)N1CCC(CC1)N1CCCC1,HUVEC,[5*]N1CCC([15*])CC1,0.025749219581484795,0.03298273682594299,-0.0072335172444581985
Brc1cncc(c1)C(=O)N1CCC(CC1)N1CCCC1,HUVEC,[16*]c1cncc(Br)c1,0.025749219581484795,0.02951515093445778,-0.0037659313529729843
Brc1cncc(c1)C(=O)N1CCC(CC1)N1CCCC1,HUVEC,[5*]N1CCCC1,0.025749219581484795,0.032855741679668427,-0.007106522098183632
Cc1ccc(cc1Nc1cncc(c1)C(N)=O)C(=O)Nc1cccc(c1)C(F)(F)F,HUVEC,[16*]c1cncc([16*])c1,0.03159501031041145,0.04190724715590477,-0.010312236845493317
Cc1ccc(cc1Nc1cncc(c1)C(N)=O)C(=O)Nc1cccc(c1)C(F)(F)F,HUVEC,[8*]C(F)(F)F,0.03159501031041145,0.039011891931295395,-0.007416881620883942
Cc1ccc(cc1Nc1cncc(c1)C(N)=O)C(=O)Nc1cccc(c1)C(F)(F)F,HUVEC,[16*]c1ccc(C)c([16*])c1,0.03159501031041145,0.033274151384830475,-0.0016791410744190216
Cc1ccc(cc1Nc1cncc(c1)C(N)=O)C(=O)Nc1cccc(c1)C(F)(F)F,HUVEC,[1*]C([6*])=O,0.03159501031041145,0.035215459764003754,-0.0036204494535923004
Cc1ccc(cc1Nc1cncc(c1)C(N)=O)C(=O)Nc1cccc(c1)C(F)(F)F,HUVEC,[6*]C(N)=O,0.03159501031041145,0.03767990693449974,-0.006084896624088287
Cc1ccc(cc1Nc1cncc(c1)C(N)=O)C(=O)Nc1cccc(c1)C(F)(F)F,HUVEC,[5*]N[5*],0.03159501031041145,0.03832387924194336,-0.006728868931531906
Cc1ccc(cc1Nc1cncc(c1)C(N)=O)C(=O)Nc1cccc(c1)C(F)(F)F,HUVEC,[16*]c1cccc([16*])c1,0.03159501031041145,0.03784703090786934,-0.006252020597457886
CC1=C(C=C(C=C1)NC2=NC=NC(=C2)C3=CC(=CC=C3)N4C(=O)C5=CC=CC=C5C4=O)NS(=O)(=O)C,HUVEC,[14*]c1cc([14*])ncn1,0.034802090376615524,0.038453109562397,-0.003651019185781479
CC1=C(C=C(C=C1)NC2=NC=NC(=C2)C3=CC(=CC=C3)N4C(=O)C5=CC=CC=C5C4=O)NS(=O)(=O)C,HUVEC,[10*]N1C(=O)c2ccccc2C1=O,0.034802090376615524,0.04180019721388817,-0.006998106837272644
CC1=C(C=C(C=C1)NC2=NC=NC(=C2)C3=CC(=CC=C3)N4C(=O)C5=CC=CC=C5C4=O)NS(=O)(=O)C,HUVEC,[16*]c1ccc(C)c([16*])c1,0.034802090376615524,0.03844258934259415,-0.0036404989659786224
CC1=C(C=C(C=C1)NC2=NC=NC(=C2)C3=CC(=CC=C3)N4C(=O)C5=CC=CC=C5C4=O)NS(=O)(=O)C,HUVEC,[5*]N[5*],0.034802090376615524,0.04162454232573509,-0.006822451949119568
CC1=C(C=C(C=C1)NC2=NC=NC(=C2)C3=CC(=CC=C3)N4C(=O)C5=CC=CC=C5C4=O)NS(=O)(=O)C,HUVEC,[12*]S(C)(=O)=O,0.034802090376615524,0.0424664132297039,-0.007664322853088379
CC1=C(C=C(C=C1)NC2=NC=NC(=C2)C3=CC(=CC=C3)N4C(=O)C5=CC=CC=C5C4=O)NS(=O)(=O)C,HUVEC,[16*]c1cccc([16*])c1,0.034802090376615524,0.041116271167993546,-0.006314180791378021
Cc1ccc(cc1NC(=O)c1ccno1)C(=O)Nc1cc(NC(=O)C=C)cc(c1)C(F)(F)F,HUVEC,[14*]c1ccno1,0.03513696417212486,0.046513061970472336,-0.011376097798347473
Cc1ccc(cc1NC(=O)c1ccno1)C(=O)Nc1cc(NC(=O)C=C)cc(c1)C(F)(F)F,HUVEC,[1*]C(=O)C=C,0.03513696417212486,0.04228278622031212,-0.007145822048187256
Cc1ccc(cc1NC(=O)c1ccno1)C(=O)Nc1cc(NC(=O)C=C)cc(c1)C(F)(F)F,HUVEC,[8*]C(F)(F)F,0.03513696417212486,0.04339729994535446,-0.008260335773229599
Cc1ccc(cc1NC(=O)c1ccno1)C(=O)Nc1cc(NC(=O)C=C)cc(c1)C(F)(F)F,HUVEC,[16*]c1ccc(C)c([16*])c1,0.03513696417212486,0.038304608315229416,-0.0031676441431045532
Cc1ccc(cc1NC(=O)c1ccno1)C(=O)Nc1cc(NC(=O)C=C)cc(c1)C(F)(F)F,HUVEC,[1*]C([6*])=O,0.03513696417212486,0.04219159856438637,-0.007054634392261505
Cc1ccc(cc1NC(=O)c1ccno1)C(=O)Nc1cc(NC(=O)C=C)cc(c1)C(F)(F)F,HUVEC,[5*]N[5*],0.03513696417212486,0.04132162407040596,-0.006184659898281097
Cc1ccc(cc1NC(=O)c1ccno1)C(=O)Nc1cc(NC(=O)C=C)cc(c1)C(F)(F)F,HUVEC,[16*]c1cc([16*])cc([16*])c1,0.03513696417212486,0.03915945068001747,-0.004022486507892609
COCCNCCCn1c(C(=O)CF)c(-c2ccc(C)cc2)c2c(N)ncnc12,HUVEC,[16*]c1ccc(C)cc1,0.029623663052916527,0.03637625649571419,-0.006752593442797661
COCCNCCCn1c(C(=O)CF)c(-c2ccc(C)cc2)c2c(N)ncnc12,HUVEC,[9*]n1c([14*])c([16*])c2c(N)ncnc21,0.029623663052916527,0.03631241247057915,-0.0066887494176626205
COCCNCCCn1c(C(=O)CF)c(-c2ccc(C)cc2)c2c(N)ncnc12,HUVEC,[4*]CCC[8*],0.029623663052916527,0.04318796470761299,-0.013564301654696465
COCCNCCCn1c(C(=O)CF)c(-c2ccc(C)cc2)c2c(N)ncnc12,HUVEC,[5*]N[5*],0.029623663052916527,0.04200870543718338,-0.012385042384266853
COCCNCCCn1c(C(=O)CF)c(-c2ccc(C)cc2)c2c(N)ncnc12,HUVEC,[6*]C(=O)CF,0.029623663052916527,0.04777810350060463,-0.018154440447688103
COCCNCCCn1c(C(=O)CF)c(-c2ccc(C)cc2)c2c(N)ncnc12,HUVEC,[4*]CC[4*],0.029623663052916527,0.04723938927054405,-0.017615726217627525
COCCNCCCn1c(C(=O)CF)c(-c2ccc(C)cc2)c2c(N)ncnc12,HUVEC,[3*]OC,0.029623663052916527,0.046122848987579346,-0.01649918593466282
FC(F)(F)Oc1ccc(NC(=O)c2sccc2NCc2ccnc3ccccc23)cc1,HUVEC,[16*]c1ccnc2ccccc12,0.03171354532241821,0.039054013788700104,-0.007340468466281891
FC(F)(F)Oc1ccc(NC(=O)c2sccc2NCc2ccnc3ccccc23)cc1,HUVEC,[4*]C[8*],0.03171354532241821,0.033019550144672394,-0.001306004822254181
FC(F)(F)Oc1ccc(NC(=O)c2sccc2NCc2ccnc3ccccc23)cc1,HUVEC,[1*]C([6*])=O,0.03171354532241821,0.03826114162802696,-0.006547596305608749
FC(F)(F)Oc1ccc(NC(=O)c2sccc2NCc2ccnc3ccccc23)cc1,HUVEC,[16*]c1ccc([16*])cc1,0.03171354532241821,0.03215714171528816,-0.00044359639286994934
FC(F)(F)Oc1ccc(NC(=O)c2sccc2NCc2ccnc3ccccc23)cc1,HUVEC,[5*]N[5*],0.03171354532241821,0.03557050973176956,-0.003856964409351349
FC(F)(F)Oc1ccc(NC(=O)c2sccc2NCc2ccnc3ccccc23)cc1,HUVEC,[3*]OC(F)(F)F,0.03171354532241821,0.04430187866091728,-0.01258833333849907
FC(F)(F)Oc1ccc(NC(=O)c2sccc2NCc2ccnc3ccccc23)cc1,HUVEC,[14*]c1sccc1[16*],0.03171354532241821,0.04231490567326546,-0.010601360350847244
CS(=O)(=O)c1ccc(cc1)-c1cnc(N)c(n1)C(=O)Nc1ccccc1,HUVEC,[16*]c1ccc(S(C)(=O)=O)cc1,0.030127985402941704,0.034761685878038406,-0.004633700475096703
CS(=O)(=O)c1ccc(cc1)-c1cnc(N)c(n1)C(=O)Nc1ccccc1,HUVEC,[16*]c1ccccc1,0.030127985402941704,0.037407878786325455,-0.007279893383383751
CS(=O)(=O)c1ccc(cc1)-c1cnc(N)c(n1)C(=O)Nc1ccccc1,HUVEC,[14*]c1cnc(N)c([14*])n1,0.030127985402941704,0.03376525267958641,-0.0036372672766447067
CS(=O)(=O)c1ccc(cc1)-c1cnc(N)c(n1)C(=O)Nc1ccccc1,HUVEC,[1*]C([6*])=O,0.030127985402941704,0.0388973206281662,-0.008769335225224495
CS(=O)(=O)c1ccc(cc1)-c1cnc(N)c(n1)C(=O)Nc1ccccc1,HUVEC,[5*]N[5*],0.030127985402941704,0.039259713143110275,-0.009131727740168571
CC1=C(C(=CC=C1)C)NC(=O)N(C2=C(C=C(C=C2)OC)OC)C3=NC=NC(=C3)NC4=C(C=C(C=C4)N5CCN(CC5)C)OC,HUVEC,[14*]c1cc([14*])ncn1,0.03799796849489212,0.04600480571389198,-0.008006837218999863
CC1=C(C(=CC=C1)C)NC(=O)N(C2=C(C=C(C=C2)OC)OC)C3=NC=NC(=C3)NC4=C(C=C(C=C4)N5CCN(CC5)C)OC,HUVEC,[16*]c1c(C)cccc1C,0.03799796849489212,0.0444706566631794,-0.006472688168287277
CC1=C(C(=CC=C1)C)NC(=O)N(C2=C(C=C(C=C2)OC)OC)C3=NC=NC(=C3)NC4=C(C=C(C=C4)N5CCN(CC5)C)OC,HUVEC,[5*]N([5*])[5*],0.03799796849489212,0.04507242515683174,-0.007074456661939621
CC1=C(C(=CC=C1)C)NC(=O)N(C2=C(C=C(C=C2)OC)OC)C3=NC=NC(=C3)NC4=C(C=C(C=C4)N5CCN(CC5)C)OC,HUVEC,[5*]N[5*],0.03799796849489212,0.04625939577817917,-0.008261427283287048
CC1=C(C(=CC=C1)C)NC(=O)N(C2=C(C=C(C=C2)OC)OC)C3=NC=NC(=C3)NC4=C(C=C(C=C4)N5CCN(CC5)C)OC,HUVEC,[16*]c1ccc([16*])c([16*])c1,0.03799796849489212,0.047085750848054886,-0.009087782353162766
CC1=C(C(=CC=C1)C)NC(=O)N(C2=C(C=C(C=C2)OC)OC)C3=NC=NC(=C3)NC4=C(C=C(C=C4)N5CCN(CC5)C)OC,HUVEC,[5*]N1CCN(C)CC1,0.03799796849489212,0.045896995812654495,-0.007899027317762375
CC1=C(C(=CC=C1)C)NC(=O)N(C2=C(C=C(C=C2)OC)OC)C3=NC=NC(=C3)NC4=C(C=C(C=C4)N5CCN(CC5)C)OC,HUVEC,[1*]C([1*])=O,0.03799796849489212,0.046478357166051865,-0.008480388671159744
CC1=C(C(=CC=C1)C)NC(=O)N(C2=C(C=C(C=C2)OC)OC)C3=NC=NC(=C3)NC4=C(C=C(C=C4)N5CCN(CC5)C)OC,HUVEC,[3*]OC,0.03799796849489212,0.043669193983078,-0.005671225488185883
Fc1cccc(COc2ccc(Nc3ncnc4ccc(NC(=O)C=C)cc34)cc2Cl)c1,HUVEC,[1*]C(=O)C=C,0.031644463539123535,0.04119327291846275,-0.009548809379339218
Fc1cccc(COc2ccc(Nc3ncnc4ccc(NC(=O)C=C)cc34)cc2Cl)c1,HUVEC,[14*]c1ncnc2ccc([16*])cc12,0.031644463539123535,0.050205834209918976,-0.01856137067079544
Fc1cccc(COc2ccc(Nc3ncnc4ccc(NC(=O)C=C)cc34)cc2Cl)c1,HUVEC,[16*]c1ccc([16*])c(Cl)c1,0.031644463539123535,0.045535843819379807,-0.013891380280256271
Fc1cccc(COc2ccc(Nc3ncnc4ccc(NC(=O)C=C)cc34)cc2Cl)c1,HUVEC,[4*]C[8*],0.031644463539123535,0.04981378838419914,-0.018169324845075607
Fc1cccc(COc2ccc(Nc3ncnc4ccc(NC(=O)C=C)cc34)cc2Cl)c1,HUVEC,[3*]O[3*],0.031644463539123535,0.05305344983935356,-0.021408986300230026
Fc1cccc(COc2ccc(Nc3ncnc4ccc(NC(=O)C=C)cc34)cc2Cl)c1,HUVEC,[5*]N[5*],0.031644463539123535,0.050304949283599854,-0.01866048574447632
Fc1cccc(COc2ccc(Nc3ncnc4ccc(NC(=O)C=C)cc34)cc2Cl)c1,HUVEC,[16*]c1cccc(F)c1,0.031644463539123535,0.04861731454730034,-0.016972851008176804
COc1ccc(cn1)-c1ccc2ncc3n(C)c(=O)n(-c4ccc(N5CCNCC5)c(c4)C(F)(F)F)c3c2c1,HUVEC,[5*]N1CCNCC1,0.03849717974662781,0.042291585355997086,-0.003794405609369278
COc1ccc(cn1)-c1ccc2ncc3n(C)c(=O)n(-c4ccc(N5CCNCC5)c(c4)C(F)(F)F)c3c2c1,HUVEC,[8*]C(F)(F)F,0.03849717974662781,0.04097314551472664,-0.002475965768098831
COc1ccc(cn1)-c1ccc2ncc3n(C)c(=O)n(-c4ccc(N5CCNCC5)c(c4)C(F)(F)F)c3c2c1,HUVEC,[14*]c1ccc([16*])cn1,0.03849717974662781,0.037402376532554626,0.0010948032140731812
COc1ccc(cn1)-c1ccc2ncc3n(C)c(=O)n(-c4ccc(N5CCNCC5)c(c4)C(F)(F)F)c3c2c1,HUVEC,[9*]n1c(=O)n(C)c2cnc3ccc([16*])cc3c21,0.03849717974662781,0.03900831565260887,-0.0005111359059810638
COc1ccc(cn1)-c1ccc2ncc3n(C)c(=O)n(-c4ccc(N5CCNCC5)c(c4)C(F)(F)F)c3c2c1,HUVEC,[16*]c1ccc([16*])c([16*])c1,0.03849717974662781,0.04005736485123634,-0.0015601851046085358
COc1ccc(cn1)-c1ccc2ncc3n(C)c(=O)n(-c4ccc(N5CCNCC5)c(c4)C(F)(F)F)c3c2c1,HUVEC,[3*]OC,0.03849717974662781,0.04106104001402855,-0.0025638602674007416
COc1ccc2c(Oc3ccc(NC(=O)c4c(C)n(CC(C)(C)O)n(-c5ccccc5)c4=O)cc3F)ccnc2c1,HUVEC,[9*]n1c(C)c([16*])c(=O)n1[9*],0.028701264411211014,0.04411210119724274,-0.015410836786031723
COc1ccc2c(Oc3ccc(NC(=O)c4c(C)n(CC(C)(C)O)n(-c5ccccc5)c4=O)cc3F)ccnc2c1,HUVEC,[8*]CC(C)(C)O,0.028701264411211014,0.03837820515036583,-0.009676940739154816
COc1ccc2c(Oc3ccc(NC(=O)c4c(C)n(CC(C)(C)O)n(-c5ccccc5)c4=O)cc3F)ccnc2c1,HUVEC,[16*]c1ccccc1,0.028701264411211014,0.035798329859972,-0.007097065448760986
COc1ccc2c(Oc3ccc(NC(=O)c4c(C)n(CC(C)(C)O)n(-c5ccccc5)c4=O)cc3F)ccnc2c1,HUVEC,[16*]c1ccc2c([16*])ccnc2c1,0.028701264411211014,0.039850860834121704,-0.01114959642291069
COc1ccc2c(Oc3ccc(NC(=O)c4c(C)n(CC(C)(C)O)n(-c5ccccc5)c4=O)cc3F)ccnc2c1,HUVEC,[1*]C([6*])=O,0.028701264411211014,0.03601840138435364,-0.007317136973142624
COc1ccc2c(Oc3ccc(NC(=O)c4c(C)n(CC(C)(C)O)n(-c5ccccc5)c4=O)cc3F)ccnc2c1,HUVEC,[3*]O[3*],0.028701264411211014,0.038447458297014236,-0.009746193885803223
COc1ccc2c(Oc3ccc(NC(=O)c4c(C)n(CC(C)(C)O)n(-c5ccccc5)c4=O)cc3F)ccnc2c1,HUVEC,[5*]N[5*],0.028701264411211014,0.038106732070446014,-0.009405467659235
COc1ccc2c(Oc3ccc(NC(=O)c4c(C)n(CC(C)(C)O)n(-c5ccccc5)c4=O)cc3F)ccnc2c1,HUVEC,[16*]c1ccc([16*])c(F)c1,0.028701264411211014,0.03795685991644859,-0.00925559550523758
COc1ccc2c(Oc3ccc(NC(=O)c4c(C)n(CC(C)(C)O)n(-c5ccccc5)c4=O)cc3F)ccnc2c1,HUVEC,[3*]OC,0.028701264411211014,0.037172190845012665,-0.008470926433801651
CCOC1=CC=CC=C1C(=O)NC2=CC(=C(C=C2)Cl)C(F)(F)F,HUVEC,[8*]C(F)(F)F,0.029734695330262184,0.04560229182243347,-0.015867596492171288
CCOC1=CC=CC=C1C(=O)NC2=CC(=C(C=C2)Cl)C(F)(F)F,HUVEC,[1*]C([6*])=O,0.029734695330262184,0.04416012763977051,-0.014425432309508324
CCOC1=CC=CC=C1C(=O)NC2=CC(=C(C=C2)Cl)C(F)(F)F,HUVEC,[16*]c1ccccc1[16*],0.029734695330262184,0.03993554040789604,-0.010200845077633858
CCOC1=CC=CC=C1C(=O)NC2=CC(=C(C=C2)Cl)C(F)(F)F,HUVEC,[3*]O[3*],0.029734695330262184,0.0405561625957489,-0.010821467265486717
CCOC1=CC=CC=C1C(=O)NC2=CC(=C(C=C2)Cl)C(F)(F)F,HUVEC,[16*]c1ccc(Cl)c([16*])c1,0.029734695330262184,0.03744007274508476,-0.007705377414822578
CCOC1=CC=CC=C1C(=O)NC2=CC(=C(C=C2)Cl)C(F)(F)F,HUVEC,[5*]N[5*],0.029734695330262184,0.0367184616625309,-0.006983766332268715
CCOC1=CC=CC=C1C(=O)NC2=CC(=C(C=C2)Cl)C(F)(F)F,HUVEC,[4*]CC,0.029734695330262184,0.036337584257125854,-0.00660288892686367
CC(C)c1cnn2c(NCc3ccccc3)cc(NCCCCCCN)nc12,HUVEC,[14*]c1cc([14*])n2ncc([16*])c2n1,0.03605907782912254,0.04194017872214317,-0.00588110089302063
CC(C)c1cnn2c(NCc3ccccc3)cc(NCCCCCCN)nc12,HUVEC,[8*]C(C)C,0.03605907782912254,0.03994081914424896,-0.003881741315126419
CC(C)c1cnn2c(NCc3ccccc3)cc(NCCCCCCN)nc12,HUVEC,[16*]c1ccccc1,0.03605907782912254,0.036569274961948395,-0.0005101971328258514
CC(C)c1cnn2c(NCc3ccccc3)cc(NCCCCCCN)nc12,HUVEC,[4*]C[8*],0.03605907782912254,0.035987433046102524,7.164478302001953e-05
CC(C)c1cnn2c(NCc3ccccc3)cc(NCCCCCCN)nc12,HUVEC,[5*]N[5*],0.03605907782912254,0.03405280038714409,0.0020062774419784546
CC(C)c1cnn2c(NCc3ccccc3)cc(NCCCCCCN)nc12,HUVEC,[4*]CCCCCCN,0.03605907782912254,0.03576502948999405,0.00029404833912849426
Clc1ccc(Cl)c(c1)c2ccc(/C=C(\C#N)/C(=O)Nc3cccc4ncccc34)o2,HUVEC,[1*]C(=O)C([7*])C#N,0.032107189297676086,0.04691320285201073,-0.01480601355433464
Clc1ccc(Cl)c(c1)c2ccc(/C=C(\C#N)/C(=O)Nc3cccc4ncccc34)o2,HUVEC,[7*]C[8*],0.032107189297676086,0.046854473650455475,-0.014747284352779388
Clc1ccc(Cl)c(c1)c2ccc(/C=C(\C#N)/C(=O)Nc3cccc4ncccc34)o2,HUVEC,[16*]c1cccc2ncccc12,0.032107189297676086,0.04531222954392433,-0.013205040246248245
Clc1ccc(Cl)c(c1)c2ccc(/C=C(\C#N)/C(=O)Nc3cccc4ncccc34)o2,HUVEC,[16*]c1cc(Cl)ccc1Cl,0.032107189297676086,0.04749303311109543,-0.015385843813419342
Clc1ccc(Cl)c(c1)c2ccc(/C=C(\C#N)/C(=O)Nc3cccc4ncccc34)o2,HUVEC,[5*]N[5*],0.032107189297676086,0.043401431292295456,-0.01129424199461937
Clc1ccc(Cl)c(c1)c2ccc(/C=C(\C#N)/C(=O)Nc3cccc4ncccc34)o2,HUVEC,[14*]c1ccc([14*])o1,0.032107189297676086,0.04434012994170189,-0.012232940644025803
C1CN(CCC2=CC=CC=C21)C3=CC(=NC(=N3)C4=CC=CC=N4)NCCC(=O)[O-],HUVEC,[14*]c1cc([14*])nc([14*])n1,0.02941933274269104,0.031114522367715836,-0.0016951896250247955
C1CN(CCC2=CC=CC=C21)C3=CC(=NC(=N3)C4=CC=CC=N4)NCCC(=O)[O-],HUVEC,[14*]c1ccccn1,0.02941933274269104,0.03514557331800461,-0.005726240575313568
C1CN(CCC2=CC=CC=C21)C3=CC(=NC(=N3)C4=CC=CC=N4)NCCC(=O)[O-],HUVEC,[5*]N[5*],0.02941933274269104,0.036546580493450165,-0.007127247750759125
C1CN(CCC2=CC=CC=C21)C3=CC(=NC(=N3)C4=CC=CC=N4)NCCC(=O)[O-],HUVEC,[4*]CCC(=O)[O-],0.02941933274269104,0.03719015792012215,-0.007770825177431107
C1CN(CCC2=CC=CC=C21)C3=CC(=NC(=N3)C4=CC=CC=N4)NCCC(=O)[O-],HUVEC,[5*]N1CCc2ccccc2CC1,0.02941933274269104,0.03564926236867905,-0.006229929625988007
COc1cc2c3n([C@H](C)c4ccccn4)c(=O)[nH]c3cnc2cc1-c1c(C)noc1C,HUVEC,[9*]n1c(=O)[nH]c2cnc3cc([16*])c([16*])cc3c21,0.044173240661621094,0.03765663504600525,0.006516605615615845
COc1cc2c3n([C@H](C)c4ccccn4)c(=O)[nH]c3cnc2cc1-c1c(C)noc1C,HUVEC,[14*]c1ccccn1,0.044173240661621094,0.03562214598059654,0.008551094681024551
COc1cc2c3n([C@H](C)c4ccccn4)c(=O)[nH]c3cnc2cc1-c1c(C)noc1C,HUVEC,[8*]C([8*])C,0.044173240661621094,0.03751387074589729,0.006659369915723801
COc1cc2c3n([C@H](C)c4ccccn4)c(=O)[nH]c3cnc2cc1-c1c(C)noc1C,HUVEC,[16*]c1c(C)noc1C,0.044173240661621094,0.037421829998493195,0.006751410663127899
COc1cc2c3n([C@H](C)c4ccccn4)c(=O)[nH]c3cnc2cc1-c1c(C)noc1C,HUVEC,[3*]OC,0.044173240661621094,0.0388781763613224,0.005295064300298691
Cc1cccc(n1)-c1[nH]c(nc1-c1ccc2nccnc2c1)C(C)(C)C,HUVEC,[16*]c1ccc2nccnc2c1,0.03291669487953186,0.029585884883999825,0.003330809995532036
Cc1cccc(n1)-c1[nH]c(nc1-c1ccc2nccnc2c1)C(C)(C)C,HUVEC,[14*]c1nc([14*])c([14*])[nH]1,0.03291669487953186,0.030152874067425728,0.0027638208121061325
Cc1cccc(n1)-c1[nH]c(nc1-c1ccc2nccnc2c1)C(C)(C)C,HUVEC,[14*]c1cccc(C)n1,0.03291669487953186,0.0327620729804039,0.0001546218991279602
Cc1cccc(n1)-c1[nH]c(nc1-c1ccc2nccnc2c1)C(C)(C)C,HUVEC,[8*]C(C)(C)C,0.03291669487953186,0.03611034154891968,-0.0031936466693878174
Oc1ccccc1-c1ccc(cc1)-c1csc2[nH]c(=O)c(C#N)c(O)c12,HUVEC,[16*]c1csc2[nH]c(=O)c(C#N)c(O)c12,0.03533795848488808,0.04161934554576874,-0.006281387060880661
Oc1ccccc1-c1ccc(cc1)-c1csc2[nH]c(=O)c(C#N)c(O)c12,HUVEC,[16*]c1ccc([16*])cc1,0.03533795848488808,0.03451748192310333,0.0008204765617847443
Oc1ccccc1-c1ccc(cc1)-c1csc2[nH]c(=O)c(C#N)c(O)c12,HUVEC,[16*]c1ccccc1O,0.03533795848488808,0.0341627299785614,0.0011752285063266754
C[C@@H]1COCCN1c1cc(nc(n1)-c1cccc2[nH]ccc12)C1(CC1)S(C)(=O)=O,HUVEC,[16*]c1cccc2[nH]ccc12,0.03073963150382042,0.03206180781126022,-0.001322176307439804
C[C@@H]1COCCN1c1cc(nc(n1)-c1cccc2[nH]ccc12)C1(CC1)S(C)(=O)=O,HUVEC,[5*]N1CCOC[C@H]1C,0.03073963150382042,0.03277724236249924,-0.0020376108586788177
C[C@@H]1COCCN1c1cc(nc(n1)-c1cccc2[nH]ccc12)C1(CC1)S(C)(=O)=O,HUVEC,[14*]c1cc([14*])nc([14*])n1,0.03073963150382042,0.028972411528229713,0.0017672199755907059
C[C@@H]1COCCN1c1cc(nc(n1)-c1cccc2[nH]ccc12)C1(CC1)S(C)(=O)=O,HUVEC,[15*]C1(S(C)(=O)=O)CC1,0.03073963150382042,0.03488750755786896,-0.004147876054048538
CCN1CCN(CC1)c1ccc(Nc2cc(ncn2)N(C)C(=O)Nc2c(Cl)c(OC)cc(OC)c2Cl)cc1,HUVEC,[14*]c1cc([14*])ncn1,0.0312836728990078,0.044531144201755524,-0.013247471302747726
CCN1CCN(CC1)c1ccc(Nc2cc(ncn2)N(C)C(=O)Nc2c(Cl)c(OC)cc(OC)c2Cl)cc1,HUVEC,[16*]c1cc([16*])c(Cl)c([16*])c1Cl,0.0312836728990078,0.04990338534116745,-0.018619712442159653
CCN1CCN(CC1)c1ccc(Nc2cc(ncn2)N(C)C(=O)Nc2c(Cl)c(OC)cc(OC)c2Cl)cc1,HUVEC,[5*]N1CCN([5*])CC1,0.0312836728990078,0.0483163446187973,-0.017032671719789505
CCN1CCN(CC1)c1ccc(Nc2cc(ncn2)N(C)C(=O)Nc2c(Cl)c(OC)cc(OC)c2Cl)cc1,HUVEC,[5*]N([5*])C,0.0312836728990078,0.04769235849380493,-0.016408685594797134
CCN1CCN(CC1)c1ccc(Nc2cc(ncn2)N(C)C(=O)Nc2c(Cl)c(OC)cc(OC)c2Cl)cc1,HUVEC,[5*]N[5*],0.0312836728990078,0.04785735160112381,-0.016573678702116013
CCN1CCN(CC1)c1ccc(Nc2cc(ncn2)N(C)C(=O)Nc2c(Cl)c(OC)cc(OC)c2Cl)cc1,HUVEC,[16*]c1ccc([16*])cc1,0.0312836728990078,0.046479277312755585,-0.015195604413747787
CCN1CCN(CC1)c1ccc(Nc2cc(ncn2)N(C)C(=O)Nc2c(Cl)c(OC)cc(OC)c2Cl)cc1,HUVEC,[4*]CC,0.0312836728990078,0.04733485355973244,-0.01605118066072464
CCN1CCN(CC1)c1ccc(Nc2cc(ncn2)N(C)C(=O)Nc2c(Cl)c(OC)cc(OC)c2Cl)cc1,HUVEC,[1*]C([1*])=O,0.0312836728990078,0.049064066261053085,-0.017780393362045288
CCN1CCN(CC1)c1ccc(Nc2cc(ncn2)N(C)C(=O)Nc2c(Cl)c(OC)cc(OC)c2Cl)cc1,HUVEC,[3*]OC,0.0312836728990078,0.04593423381447792,-0.014650560915470123
CCN(CC)CCNC(=O)c1c(C)[nH]c(\C=C2/C(=O)Nc3ccc(F)cc23)c1C,HUVEC,[7*]C[8*],0.037803765386343,0.03726009279489517,0.0005436725914478302
CCN(CC)CCNC(=O)c1c(C)[nH]c(\C=C2/C(=O)Nc3ccc(F)cc23)c1C,HUVEC,[14*]c1[nH]c(C)c([16*])c1C,0.037803765386343,0.04161898046731949,-0.003815215080976486
CCN(CC)CCNC(=O)c1c(C)[nH]c(\C=C2/C(=O)Nc3ccc(F)cc23)c1C,HUVEC,[7*]C1C(=O)Nc2ccc(F)cc21,0.037803765386343,0.044957131147384644,-0.007153365761041641
CCN(CC)CCNC(=O)c1c(C)[nH]c(\C=C2/C(=O)Nc3ccc(F)cc23)c1C,HUVEC,[5*]N([5*])[5*],0.037803765386343,0.04147632047533989,-0.003672555088996887
CCN(CC)CCNC(=O)c1c(C)[nH]c(\C=C2/C(=O)Nc3ccc(F)cc23)c1C,HUVEC,[1*]C([6*])=O,0.037803765386343,0.04238681122660637,-0.004583045840263367
CCN(CC)CCNC(=O)c1c(C)[nH]c(\C=C2/C(=O)Nc3ccc(F)cc23)c1C,HUVEC,[5*]N[5*],0.037803765386343,0.043446894735097885,-0.005643129348754883
CCN(CC)CCNC(=O)c1c(C)[nH]c(\C=C2/C(=O)Nc3ccc(F)cc23)c1C,HUVEC,[4*]CC,0.037803765386343,0.04308659955859184,-0.00528283417224884
CCN(CC)CCNC(=O)c1c(C)[nH]c(\C=C2/C(=O)Nc3ccc(F)cc23)c1C,HUVEC,[4*]CC[4*],0.037803765386343,0.04392191767692566,-0.006118152290582657
C[C@@H]1C[C@H](C2=C1C(=NC=N2)N3CCN(CC3)C(=O)[C@H](CNC(C)C)C4=CC=C(C=C4)Cl)O,HUVEC,[14*]c1ncnc2c1[C@H](C)C[C@H]2O,0.03359474614262581,0.04320019856095314,-0.009605452418327332
C[C@@H]1C[C@H](C2=C1C(=NC=N2)N3CCN(CC3)C(=O)[C@H](CNC(C)C)C4=CC=C(C=C4)Cl)O,HUVEC,[1*]C(=O)[C@@H]([8*])C[4*],0.03359474614262581,0.03246889263391495,0.0011258535087108612
C[C@@H]1C[C@H](C2=C1C(=NC=N2)N3CCN(CC3)C(=O)[C@H](CNC(C)C)C4=CC=C(C=C4)Cl)O,HUVEC,[4*]C(C)C,0.03359474614262581,0.02847503498196602,0.00511971116065979
C[C@@H]1C[C@H](C2=C1C(=NC=N2)N3CCN(CC3)C(=O)[C@H](CNC(C)C)C4=CC=C(C=C4)Cl)O,HUVEC,[16*]c1ccc(Cl)cc1,0.03359474614262581,0.029335495084524155,0.004259251058101654
C[C@@H]1C[C@H](C2=C1C(=NC=N2)N3CCN(CC3)C(=O)[C@H](CNC(C)C)C4=CC=C(C=C4)Cl)O,HUVEC,[5*]N1CCN([5*])CC1,0.03359474614262581,0.029036179184913635,0.0045585669577121735
C[C@@H]1C[C@H](C2=C1C(=NC=N2)N3CCN(CC3)C(=O)[C@H](CNC(C)C)C4=CC=C(C=C4)Cl)O,HUVEC,[5*]N[5*],0.03359474614262581,0.029528412967920303,0.004066333174705505
CN1CCN(Cc2ccc(NC(=O)c3ccc(C)c(c3)C#Cc3cnc4cccnn34)cc2C(F)(F)F)CC1,HUVEC,[16*]c1ccc(C)c(C#Cc2cnc3cccnn23)c1,0.030000323429703712,0.04205730929970741,-0.0120569858700037
CN1CCN(Cc2ccc(NC(=O)c3ccc(C)c(c3)C#Cc3cnc4cccnn34)cc2C(F)(F)F)CC1,HUVEC,[4*]C[8*],0.030000323429703712,0.0371219702064991,-0.007121646776795387
CN1CCN(Cc2ccc(NC(=O)c3ccc(C)c(c3)C#Cc3cnc4cccnn34)cc2C(F)(F)F)CC1,HUVEC,[8*]C(F)(F)F,0.030000323429703712,0.0396416150033474,-0.009641291573643684
CN1CCN(Cc2ccc(NC(=O)c3ccc(C)c(c3)C#Cc3cnc4cccnn34)cc2C(F)(F)F)CC1,HUVEC,[1*]C([6*])=O,0.030000323429703712,0.035248249769210815,-0.005247926339507103
CN1CCN(Cc2ccc(NC(=O)c3ccc(C)c(c3)C#Cc3cnc4cccnn34)cc2C(F)(F)F)CC1,HUVEC,[5*]N[5*],0.030000323429703712,0.03654937446117401,-0.006549051031470299
CN1CCN(Cc2ccc(NC(=O)c3ccc(C)c(c3)C#Cc3cnc4cccnn34)cc2C(F)(F)F)CC1,HUVEC,[16*]c1ccc([16*])c([16*])c1,0.030000323429703712,0.03401908650994301,-0.004018763080239296
CN1CCN(Cc2ccc(NC(=O)c3ccc(C)c(c3)C#Cc3cnc4cccnn34)cc2C(F)(F)F)CC1,HUVEC,[5*]N1CCN(C)CC1,0.030000323429703712,0.03613205626606941,-0.0061317328363657
N[C@@H]1C[C@H]1c1ccccc1,HUVEC,[15*][C@@H]1C[C@H]1N,0.032716840505599976,0.03742694854736328,-0.004710108041763306
N[C@@H]1C[C@H]1c1ccccc1,HUVEC,[16*]c1ccccc1,0.032716840505599976,0.027249274775385857,0.005467565730214119
Ic1cnc(Nc2cccc(NC(=O)N3CCCC3)c2)nc1NCCCNC(=O)c1cccs1,HUVEC,[4*]CCC[4*],0.029989326372742653,0.04283199459314346,-0.01284266822040081
Ic1cnc(Nc2cccc(NC(=O)N3CCCC3)c2)nc1NCCCNC(=O)c1cccs1,HUVEC,[1*]C([6*])=O,0.029989326372742653,0.04188867285847664,-0.011899346485733986
Ic1cnc(Nc2cccc(NC(=O)N3CCCC3)c2)nc1NCCCNC(=O)c1cccs1,HUVEC,[14*]c1ncc(I)c([14*])n1,0.029989326372742653,0.04283267259597778,-0.01284334622323513
Ic1cnc(Nc2cccc(NC(=O)N3CCCC3)c2)nc1NCCCNC(=O)c1cccs1,HUVEC,[5*]N[5*],0.029989326372742653,0.0426807701587677,-0.012691443786025047
Ic1cnc(Nc2cccc(NC(=O)N3CCCC3)c2)nc1NCCCNC(=O)c1cccs1,HUVEC,[14*]c1cccs1,0.029989326372742653,0.042468395084142685,-0.012479068711400032
Ic1cnc(Nc2cccc(NC(=O)N3CCCC3)c2)nc1NCCCNC(=O)c1cccs1,HUVEC,[16*]c1cccc([16*])c1,0.029989326372742653,0.042496297508478165,-0.012506971135735512
Ic1cnc(Nc2cccc(NC(=O)N3CCCC3)c2)nc1NCCCNC(=O)c1cccs1,HUVEC,[1*]C([1*])=O,0.029989326372742653,0.04346391558647156,-0.013474589213728905
Ic1cnc(Nc2cccc(NC(=O)N3CCCC3)c2)nc1NCCCNC(=O)c1cccs1,HUVEC,[5*]N1CCCC1,0.029989326372742653,0.04353596642613411,-0.013546640053391457
Cc1nc(NC(=O)N2CCC[C@H]2C(N)=O)sc1-c1csc(n1)C(C)(C)C,HUVEC,[14*]c1csc([14*])n1,0.03617092967033386,0.03474234417080879,0.0014285854995250702
Cc1nc(NC(=O)N2CCC[C@H]2C(N)=O)sc1-c1csc(n1)C(C)(C)C,HUVEC,[14*]c1nc(C)c([14*])s1,0.03617092967033386,0.040284719318151474,-0.004113789647817612
Cc1nc(NC(=O)N2CCC[C@H]2C(N)=O)sc1-c1csc(n1)C(C)(C)C,HUVEC,[8*]C(C)(C)C,0.03617092967033386,0.03622649237513542,-5.556270480155945e-05
Cc1nc(NC(=O)N2CCC[C@H]2C(N)=O)sc1-c1csc(n1)C(C)(C)C,HUVEC,[5*]N1CCC[C@H]1[13*],0.03617092967033386,0.03429499641060829,0.0018759332597255707
Cc1nc(NC(=O)N2CCC[C@H]2C(N)=O)sc1-c1csc(n1)C(C)(C)C,HUVEC,[6*]C(N)=O,0.03617092967033386,0.03320598229765892,0.002964947372674942
Cc1nc(NC(=O)N2CCC[C@H]2C(N)=O)sc1-c1csc(n1)C(C)(C)C,HUVEC,[5*]N[5*],0.03617092967033386,0.0347180999815464,0.0014528296887874603
Cc1nc(NC(=O)N2CCC[C@H]2C(N)=O)sc1-c1csc(n1)C(C)(C)C,HUVEC,[1*]C([1*])=O,0.03617092967033386,0.03455783426761627,0.0016130954027175903
CCN1CCC(CC1)n1cc(CNc2cc(Cl)c3ncc(C#N)c(Nc4ccc(F)c(Cl)c4)c3c2)nn1,HUVEC,[16*]c1cc(Cl)c2ncc(C#N)c([16*])c2c1,0.031717412173748016,0.042580731213092804,-0.010863319039344788
CCN1CCC(CC1)n1cc(CNc2cc(Cl)c3ncc(C#N)c(Nc4ccc(F)c(Cl)c4)c3c2)nn1,HUVEC,[5*]N1CCC([15*])CC1,0.031717412173748016,0.04186377301812172,-0.010146360844373703
CCN1CCC(CC1)n1cc(CNc2cc(Cl)c3ncc(C#N)c(Nc4ccc(F)c(Cl)c4)c3c2)nn1,HUVEC,[4*]C[8*],0.031717412173748016,0.04169924557209015,-0.009981833398342133
CCN1CCC(CC1)n1cc(CNc2cc(Cl)c3ncc(C#N)c(Nc4ccc(F)c(Cl)c4)c3c2)nn1,HUVEC,[9*]n1cc([14*])nn1,0.031717412173748016,0.0432206355035305,-0.011503223329782486
CCN1CCC(CC1)n1cc(CNc2cc(Cl)c3ncc(C#N)c(Nc4ccc(F)c(Cl)c4)c3c2)nn1,HUVEC,[5*]N[5*],0.031717412173748016,0.041554130613803864,-0.009836718440055847
CCN1CCC(CC1)n1cc(CNc2cc(Cl)c3ncc(C#N)c(Nc4ccc(F)c(Cl)c4)c3c2)nn1,HUVEC,[16*]c1ccc(F)c(Cl)c1,0.031717412173748016,0.03999464586377144,-0.008277233690023422
CCN1CCC(CC1)n1cc(CNc2cc(Cl)c3ncc(C#N)c(Nc4ccc(F)c(Cl)c4)c3c2)nn1,HUVEC,[4*]CC,0.031717412173748016,0.039724502712488174,-0.008007090538740158
O=C1NCCc2[nH]c(cc12)-c1ccncc1,HUVEC,[14*]c1cc2c([nH]1)CCNC2=O,0.04076263681054115,0.03153029456734657,0.00923234224319458
O=C1NCCc2[nH]c(cc12)-c1ccncc1,HUVEC,[16*]c1ccncc1,0.04076263681054115,0.029423682019114494,0.011338954791426659
CCOc1cc(ccc1Nc1ncc2N(C)C(=O)c3ccccc3N(C)c2n1)N1CCC(O)CC1,HUVEC,[3*]O[3*],0.036825329065322876,0.042887307703495026,-0.00606197863817215
CCOc1cc(ccc1Nc1ncc2N(C)C(=O)c3ccccc3N(C)c2n1)N1CCC(O)CC1,HUVEC,[5*]N1CCC(O)CC1,0.036825329065322876,0.04316869005560875,-0.006343360990285873
CCOc1cc(ccc1Nc1ncc2N(C)C(=O)c3ccccc3N(C)c2n1)N1CCC(O)CC1,HUVEC,[5*]N[5*],0.036825329065322876,0.03839408606290817,-0.0015687569975852966
CCOc1cc(ccc1Nc1ncc2N(C)C(=O)c3ccccc3N(C)c2n1)N1CCC(O)CC1,HUVEC,[16*]c1ccc([16*])c([16*])c1,0.036825329065322876,0.03582271561026573,0.0010026134550571442
CCOc1cc(ccc1Nc1ncc2N(C)C(=O)c3ccccc3N(C)c2n1)N1CCC(O)CC1,HUVEC,[4*]CC,0.036825329065322876,0.039721664041280746,-0.0028963349759578705
CCOc1cc(ccc1Nc1ncc2N(C)C(=O)c3ccccc3N(C)c2n1)N1CCC(O)CC1,HUVEC,[14*]c1ncc2c(n1)N(C)c1ccccc1C(=O)N2C,0.036825329065322876,0.04124675691127777,-0.004421427845954895
NC(=O)Nc1sc(cc1C(N)=O)-c1ccc(F)cc1,HUVEC,[1*]C(N)=O,0.03893192857503891,0.04154269024729729,-0.002610761672258377
NC(=O)Nc1sc(cc1C(N)=O)-c1ccc(F)cc1,HUVEC,[6*]C(N)=O,0.03893192857503891,0.04086820036172867,-0.0019362717866897583
NC(=O)Nc1sc(cc1C(N)=O)-c1ccc(F)cc1,HUVEC,[5*]N[5*],0.03893192857503891,0.04252514988183975,-0.0035932213068008423
NC(=O)Nc1sc(cc1C(N)=O)-c1ccc(F)cc1,HUVEC,[16*]c1ccc(F)cc1,0.03893192857503891,0.04071637988090515,-0.0017844513058662415
NC(=O)Nc1sc(cc1C(N)=O)-c1ccc(F)cc1,HUVEC,[14*]c1cc([16*])c([14*])s1,0.03893192857503891,0.036774877458810806,0.0021570511162281036
COc1ccc(cc1OC)-c1cc2nccn2c(Nc2ncccc2C(N)=O)n1,HUVEC,[14*]c1cc2nccn2c([14*])n1,0.052415795624256134,0.04634708911180496,0.006068706512451172
COc1ccc(cc1OC)-c1cc2nccn2c(Nc2ncccc2C(N)=O)n1,HUVEC,[6*]C(N)=O,0.052415795624256134,0.04087984934449196,0.011535946279764175
COc1ccc(cc1OC)-c1cc2nccn2c(Nc2ncccc2C(N)=O)n1,HUVEC,[14*]c1ncccc1[16*],0.052415795624256134,0.035944417119026184,0.01647137850522995
COc1ccc(cc1OC)-c1cc2nccn2c(Nc2ncccc2C(N)=O)n1,HUVEC,[5*]N[5*],0.052415795624256134,0.03656851127743721,0.015847284346818924
COc1ccc(cc1OC)-c1cc2nccn2c(Nc2ncccc2C(N)=O)n1,HUVEC,[16*]c1ccc([16*])c([16*])c1,0.052415795624256134,0.03194892406463623,0.020466871559619904
COc1ccc(cc1OC)-c1cc2nccn2c(Nc2ncccc2C(N)=O)n1,HUVEC,[3*]OC,0.052415795624256134,0.03666885942220688,0.015746936202049255
COC1=CC=C(C=C1)C2(CCOCC2)CNC(=O)C3=CC=C(C=C3)NC(=O)C4=CC=CO4,HUVEC,[4*]C[8*],0.03153255209326744,0.052087705582380295,-0.020555153489112854
COC1=CC=C(C=C1)C2(CCOCC2)CNC(=O)C3=CC=C(C=C3)NC(=O)C4=CC=CO4,HUVEC,[1*]C([6*])=O,0.03153255209326744,0.051776986569166183,-0.020244434475898743
COC1=CC=C(C=C1)C2(CCOCC2)CNC(=O)C3=CC=C(C=C3)NC(=O)C4=CC=CO4,HUVEC,[14*]c1ccco1,0.03153255209326744,0.047922778874635696,-0.016390226781368256
COC1=CC=C(C=C1)C2(CCOCC2)CNC(=O)C3=CC=C(C=C3)NC(=O)C4=CC=CO4,HUVEC,[15*]C1([15*])CCOCC1,0.03153255209326744,0.04616415873169899,-0.014631606638431549
COC1=CC=C(C=C1)C2(CCOCC2)CNC(=O)C3=CC=C(C=C3)NC(=O)C4=CC=CO4,HUVEC,[16*]c1ccc([16*])cc1,0.03153255209326744,0.04474300146102905,-0.013210449367761612
COC1=CC=C(C=C1)C2(CCOCC2)CNC(=O)C3=CC=C(C=C3)NC(=O)C4=CC=CO4,HUVEC,[5*]N[5*],0.03153255209326744,0.04442974179983139,-0.01289718970656395
COC1=CC=C(C=C1)C2(CCOCC2)CNC(=O)C3=CC=C(C=C3)NC(=O)C4=CC=CO4,HUVEC,[3*]OC,0.03153255209326744,0.04447585716843605,-0.01294330507516861
CCN1CCN(CC1)C(=O)Cc1ccc(Nc2ncc(F)c(Nc3ccc(cc3)C(=O)Nc3ccccc3Cl)n2)cc1,HUVEC,[16*]c1ccccc1Cl,0.03002612665295601,0.04474376514554024,-0.014717638492584229
CCN1CCN(CC1)C(=O)Cc1ccc(Nc2ncc(F)c(Nc3ccc(cc3)C(=O)Nc3ccccc3Cl)n2)cc1,HUVEC,[1*]C(=O)C[8*],0.03002612665295601,0.04317528381943703,-0.013149157166481018
CCN1CCN(CC1)C(=O)Cc1ccc(Nc2ncc(F)c(Nc3ccc(cc3)C(=O)Nc3ccccc3Cl)n2)cc1,HUVEC,[5*]N1CCN([5*])CC1,0.03002612665295601,0.03779735043644905,-0.007771223783493042
CCN1CCN(CC1)C(=O)Cc1ccc(Nc2ncc(F)c(Nc3ccc(cc3)C(=O)Nc3ccccc3Cl)n2)cc1,HUVEC,[14*]c1ncc(F)c([14*])n1,0.03002612665295601,0.04360703378915787,-0.013580907136201859
CCN1CCN(CC1)C(=O)Cc1ccc(Nc2ncc(F)c(Nc3ccc(cc3)C(=O)Nc3ccccc3Cl)n2)cc1,HUVEC,[1*]C([6*])=O,0.03002612665295601,0.04175177589058876,-0.011725649237632751
CCN1CCN(CC1)C(=O)Cc1ccc(Nc2ncc(F)c(Nc3ccc(cc3)C(=O)Nc3ccccc3Cl)n2)cc1,HUVEC,[5*]N[5*],0.03002612665295601,0.038808707147836685,-0.008782580494880676
CCN1CCN(CC1)C(=O)Cc1ccc(Nc2ncc(F)c(Nc3ccc(cc3)C(=O)Nc3ccccc3Cl)n2)cc1,HUVEC,[16*]c1ccc([16*])cc1,0.03002612665295601,0.03800360485911369,-0.007977478206157684
CCN1CCN(CC1)C(=O)Cc1ccc(Nc2ncc(F)c(Nc3ccc(cc3)C(=O)Nc3ccccc3Cl)n2)cc1,HUVEC,[4*]CC,0.03002612665295601,0.03919493407011032,-0.009168807417154312
Cc1sc-2c(c1C)C(=N[C@@H](CC(=O)OC(C)(C)C)c1nnc(C)n-21)c1ccc(Cl)cc1,HUVEC,[3*]O[3*],0.034808266907930374,0.034369900822639465,0.0004383660852909088
Cc1sc-2c(c1C)C(=N[C@@H](CC(=O)OC(C)(C)C)c1nnc(C)n-21)c1ccc(Cl)cc1,HUVEC,[4*]C(C)(C)C,0.034808266907930374,0.03065475821495056,0.004153508692979813
Cc1sc-2c(c1C)C(=N[C@@H](CC(=O)OC(C)(C)C)c1nnc(C)n-21)c1ccc(Cl)cc1,HUVEC,[1*]C(=O)C[C@@H]1N=C(c2ccc(Cl)cc2)c2c(sc(C)c2C)-n2c(C)nnc21,0.034808266907930374,0.01811593398451805,0.016692332923412323
COc1cc(OC)c(\C=C\S(=O)(=O)Cc2ccc(OC)c(NCC(O)=O)c2)c(OC)c1,HUVEC,[4*]CC(=O)O,0.03746621683239937,0.04595344513654709,-0.00848722830414772
COc1cc(OC)c(\C=C\S(=O)(=O)Cc2ccc(OC)c(NCC(O)=O)c2)c(OC)c1,HUVEC,[5*]N[5*],0.03746621683239937,0.05047016218304634,-0.013003945350646973
COc1cc(OC)c(\C=C\S(=O)(=O)Cc2ccc(OC)c(NCC(O)=O)c2)c(OC)c1,HUVEC,[16*]c1ccc([16*])c([16*])c1,0.03746621683239937,0.042092882096767426,-0.004626665264368057
COc1cc(OC)c(\C=C\S(=O)(=O)Cc2ccc(OC)c(NCC(O)=O)c2)c(OC)c1,HUVEC,[8*]CS(=O)(=O)/C=C/c1c([16*])cc([16*])cc1[16*],0.03746621683239937,0.041571617126464844,-0.0041054002940654755
COc1cc(OC)c(\C=C\S(=O)(=O)Cc2ccc(OC)c(NCC(O)=O)c2)c(OC)c1,HUVEC,[3*]OC,0.03746621683239937,0.047269221395254135,-0.009803004562854767
Oc1cc(O)c2C[C@@H](OC(=O)c3cc(O)c(O)c(O)c3)[C@H](Oc2c1)c1cc(O)c(O)c(O)c1,HUVEC,[1*]C([6*])=O,0.03960859030485153,0.034634143114089966,0.004974447190761566
Oc1cc(O)c2C[C@@H](OC(=O)c3cc(O)c(O)c(O)c3)[C@H](Oc2c1)c1cc(O)c(O)c(O)c1,HUVEC,[16*]c1cc(O)c(O)c(O)c1,0.03960859030485153,0.034366805106401443,0.0052417851984500885
Oc1cc(O)c2C[C@@H](OC(=O)c3cc(O)c(O)c(O)c3)[C@H](Oc2c1)c1cc(O)c(O)c(O)c1,HUVEC,[3*]O[3*],0.03960859030485153,0.03605034202337265,0.003558248281478882
Oc1cc(O)c2C[C@@H](OC(=O)c3cc(O)c(O)c(O)c3)[C@H](Oc2c1)c1cc(O)c(O)c(O)c1,HUVEC,[13*][C@H]1Oc2cc(O)cc(O)c2C[C@H]1[15*],0.03960859030485153,0.03370371088385582,0.005904879420995712
Cn1cnc(c1)-c1cc2nccc(Oc3ccc(NC(=S)NC(=O)Cc4ccccc4)cc3F)c2s1,HUVEC,[16*]c1ccccc1,0.03294283151626587,0.04329081252217293,-0.010347981005907059
Cn1cnc(c1)-c1cc2nccc(Oc3ccc(NC(=S)NC(=O)Cc4ccccc4)cc3F)c2s1,HUVEC,[1*]C(=O)C[8*],0.03294283151626587,0.040644969791173935,-0.007702138274908066
Cn1cnc(c1)-c1cc2nccc(Oc3ccc(NC(=S)NC(=O)Cc4ccccc4)cc3F)c2s1,HUVEC,[14*]c1cn(C)cn1,0.03294283151626587,0.04200867563486099,-0.009065844118595123
Cn1cnc(c1)-c1cc2nccc(Oc3ccc(NC(=S)NC(=O)Cc4ccccc4)cc3F)c2s1,HUVEC,[14*]c1cc2nccc([16*])c2s1,0.03294283151626587,0.043116919696331024,-0.010174088180065155
Cn1cnc(c1)-c1cc2nccc(Oc3ccc(NC(=S)NC(=O)Cc4ccccc4)cc3F)c2s1,HUVEC,[3*]O[3*],0.03294283151626587,0.03993635252118111,-0.006993521004915237
Cn1cnc(c1)-c1cc2nccc(Oc3ccc(NC(=S)NC(=O)Cc4ccccc4)cc3F)c2s1,HUVEC,[5*]NC(=S)N[5*],0.03294283151626587,0.03907075151801109,-0.006127920001745224
Cn1cnc(c1)-c1cc2nccc(Oc3ccc(NC(=S)NC(=O)Cc4ccccc4)cc3F)c2s1,HUVEC,[16*]c1ccc([16*])c(F)c1,0.03294283151626587,0.037803251296281815,-0.0048604197800159454
Cn1cc(C2=C(C(=O)NC2=O)c2ccc(Cl)cc2Cl)c2ccccc12,HUVEC,Cn1cc(C2=C(c3ccc(Cl)cc3Cl)C(=O)NC2=O)c2ccccc21,0.03129587322473526,0.021211430430412292,0.010084442794322968
C(Cc1c[nH]c2ccccc12)Nc1cccc(Nc2ccncc2)c1,HUVEC,[16*]c1ccncc1,0.03388199582695961,0.03118765726685524,0.00269433856010437
C(Cc1c[nH]c2ccccc12)Nc1cccc(Nc2ccncc2)c1,HUVEC,[16*]c1c[nH]c2ccccc12,0.03388199582695961,0.03543967381119728,-0.001557677984237671
C(Cc1c[nH]c2ccccc12)Nc1cccc(Nc2ccncc2)c1,HUVEC,[4*]CC[8*],0.03388199582695961,0.03712597116827965,-0.003243975341320038
C(Cc1c[nH]c2ccccc12)Nc1cccc(Nc2ccncc2)c1,HUVEC,[5*]N[5*],0.03388199582695961,0.03724679723381996,-0.0033648014068603516
C(Cc1c[nH]c2ccccc12)Nc1cccc(Nc2ccncc2)c1,HUVEC,[16*]c1cccc([16*])c1,0.03388199582695961,0.03438648208975792,-0.0005044862627983093
COc1cc(ccc1Nc1ncc2N(C)C(=O)c3ccccc3N(C)c2n1)N1CCN(C)CC1,HUVEC,[5*]N[5*],0.03712276369333267,0.0412987545132637,-0.00417599081993103
COc1cc(ccc1Nc1ncc2N(C)C(=O)c3ccccc3N(C)c2n1)N1CCN(C)CC1,HUVEC,[16*]c1ccc([16*])c([16*])c1,0.03712276369333267,0.03435307741165161,0.002769686281681061
COc1cc(ccc1Nc1ncc2N(C)C(=O)c3ccccc3N(C)c2n1)N1CCN(C)CC1,HUVEC,[5*]N1CCN(C)CC1,0.03712276369333267,0.037386707961559296,-0.00026394426822662354
COc1cc(ccc1Nc1ncc2N(C)C(=O)c3ccccc3N(C)c2n1)N1CCN(C)CC1,HUVEC,[14*]c1ncc2c(n1)N(C)c1ccccc1C(=O)N2C,0.03712276369333267,0.03680620342493057,0.0003165602684020996
COc1cc(ccc1Nc1ncc2N(C)C(=O)c3ccccc3N(C)c2n1)N1CCN(C)CC1,HUVEC,[3*]OC,0.03712276369333267,0.04021323472261429,-0.003090471029281616
CCN(CC)CCCCNc1ncc2CN(C(=O)N(C)c2n1)c1c(Cl)c(OC)cc(OC)c1Cl,HUVEC,[16*]c1cc([16*])c(Cl)c([16*])c1Cl,0.0356256403028965,0.04164482280611992,-0.006019182503223419
CCN(CC)CCCCNc1ncc2CN(C(=O)N(C)c2n1)c1c(Cl)c(OC)cc(OC)c1Cl,HUVEC,[5*]N([5*])[5*],0.0356256403028965,0.04087640717625618,-0.00525076687335968
CCN(CC)CCCCNc1ncc2CN(C(=O)N(C)c2n1)c1c(Cl)c(OC)cc(OC)c1Cl,HUVEC,[5*]N[5*],0.0356256403028965,0.04311252012848854,-0.007486879825592041
CCN(CC)CCCCNc1ncc2CN(C(=O)N(C)c2n1)c1c(Cl)c(OC)cc(OC)c1Cl,HUVEC,[10*]N1Cc2cnc([14*])nc2N(C)C1=O,0.0356256403028965,0.05449894815683365,-0.01887330785393715
CCN(CC)CCCCNc1ncc2CN(C(=O)N(C)c2n1)c1c(Cl)c(OC)cc(OC)c1Cl,HUVEC,[4*]CC,0.0356256403028965,0.04551104083657265,-0.009885400533676147
CCN(CC)CCCCNc1ncc2CN(C(=O)N(C)c2n1)c1c(Cl)c(OC)cc(OC)c1Cl,HUVEC,[4*]CCCC[4*],0.0356256403028965,0.0458105094730854,-0.010184869170188904
CCN(CC)CCCCNc1ncc2CN(C(=O)N(C)c2n1)c1c(Cl)c(OC)cc(OC)c1Cl,HUVEC,[3*]OC,0.0356256403028965,0.04443129897117615,-0.008805658668279648
CCCCCCCCCCCCCCCc1cccc(O)c1C(O)=O,HUVEC,[8*]CCCCCCCCCCCCCCC,0.027491223067045212,0.032614462077617645,-0.0051232390105724335
CCCCCCCCCCCCCCCc1cccc(O)c1C(O)=O,HUVEC,[6*]C(=O)O,0.027491223067045212,0.03311408311128616,-0.0056228600442409515
CCCCCCCCCCCCCCCc1cccc(O)c1C(O)=O,HUVEC,[16*]c1cccc(O)c1[16*],0.027491223067045212,0.02785865031182766,-0.0003674272447824478
OCCn1cc(c(n1)-c1ccncc1)-c1ccc2c(CC\C2=N/O)c1,HUVEC,[8*]CCO,0.035115357488393784,0.034838322550058365,0.0002770349383354187
OCCn1cc(c(n1)-c1ccncc1)-c1ccc2c(CC\C2=N/O)c1,HUVEC,[9*]n1cc([16*])c([14*])n1,0.035115357488393784,0.0339466854929924,0.0011686719954013824
OCCn1cc(c(n1)-c1ccncc1)-c1ccc2c(CC\C2=N/O)c1,HUVEC,[16*]c1ccc2c(c1)CC/C2=N\O,0.035115357488393784,0.03621058538556099,-0.0010952278971672058
OCCn1cc(c(n1)-c1ccncc1)-c1ccc2c(CC\C2=N/O)c1,HUVEC,[16*]c1ccncc1,0.035115357488393784,0.03833025321364403,-0.003214895725250244
Cc1cn(cn1)-c1cc(cc(c1)C(F)(F)F)C(=O)Nc1ccc(C)c(NC(=O)c2ccno2)c1,HUVEC,[14*]c1ccno1,0.03027062863111496,0.0390113890171051,-0.008740760385990143
Cc1cn(cn1)-c1cc(cc(c1)C(F)(F)F)C(=O)Nc1ccc(C)c(NC(=O)c2ccno2)c1,HUVEC,[8*]C(F)(F)F,0.03027062863111496,0.03731899335980415,-0.007048364728689194
Cc1cn(cn1)-c1cc(cc(c1)C(F)(F)F)C(=O)Nc1ccc(C)c(NC(=O)c2ccno2)c1,HUVEC,[16*]c1ccc(C)c([16*])c1,0.03027062863111496,0.037833843380212784,-0.007563214749097824
Cc1cn(cn1)-c1cc(cc(c1)C(F)(F)F)C(=O)Nc1ccc(C)c(NC(=O)c2ccno2)c1,HUVEC,[9*]n1cnc(C)c1,0.03027062863111496,0.04228278622031212,-0.012012157589197159
Cc1cn(cn1)-c1cc(cc(c1)C(F)(F)F)C(=O)Nc1ccc(C)c(NC(=O)c2ccno2)c1,HUVEC,[1*]C([6*])=O,0.03027062863111496,0.041306272149086,-0.011035643517971039
Cc1cn(cn1)-c1cc(cc(c1)C(F)(F)F)C(=O)Nc1ccc(C)c(NC(=O)c2ccno2)c1,HUVEC,[5*]N[5*],0.03027062863111496,0.04378507658839226,-0.013514447957277298
Cc1cn(cn1)-c1cc(cc(c1)C(F)(F)F)C(=O)Nc1ccc(C)c(NC(=O)c2ccno2)c1,HUVEC,[16*]c1cc([16*])cc([16*])c1,0.03027062863111496,0.041066866368055344,-0.010796237736940384
COc1cc2ncnc(Nc3cccc(Cl)c3)c2cc1OC,HUVEC,[14*]c1ncnc2cc([16*])c([16*])cc12,0.030898364260792732,0.03253548592329025,-0.0016371216624975204
COc1cc2ncnc(Nc3cccc(Cl)c3)c2cc1OC,HUVEC,[5*]N[5*],0.030898364260792732,0.03771163150668144,-0.00681326724588871
COc1cc2ncnc(Nc3cccc(Cl)c3)c2cc1OC,HUVEC,[16*]c1cccc(Cl)c1,0.030898364260792732,0.036387860774993896,-0.005489496514201164
COc1cc2ncnc(Nc3cccc(Cl)c3)c2cc1OC,HUVEC,[3*]OC,0.030898364260792732,0.033545080572366714,-0.0026467163115739822
COc1cc2ncnc(Nc3cc(Br)c(O)c(Br)c3)c2cc1OC,HUVEC,[14*]c1ncnc2cc([16*])c([16*])cc12,0.034076277166604996,0.03574344515800476,-0.001667167991399765
COc1cc2ncnc(Nc3cc(Br)c(O)c(Br)c3)c2cc1OC,HUVEC,[16*]c1cc(Br)c(O)c(Br)c1,0.034076277166604996,0.036387860774993896,-0.0023115836083889008
COc1cc2ncnc(Nc3cc(Br)c(O)c(Br)c3)c2cc1OC,HUVEC,[5*]N[5*],0.034076277166604996,0.03771180287003517,-0.0036355257034301758
COc1cc2ncnc(Nc3cc(Br)c(O)c(Br)c3)c2cc1OC,HUVEC,[3*]OC,0.034076277166604996,0.0402211956679821,-0.006144918501377106
CC1=NN(C(=O)C\1=C\c1ccc(o1)-c1cc(C)c(C)cc1[N+]([O-])=O)c1ccc(cc1)C(O)=O,HUVEC,[7*]C1C(=O)N([10*])N=C1C,0.03682456538081169,0.042098548263311386,-0.005273982882499695
CC1=NN(C(=O)C\1=C\c1ccc(o1)-c1cc(C)c(C)cc1[N+]([O-])=O)c1ccc(cc1)C(O)=O,HUVEC,[16*]c1cc(C)c(C)cc1[N+](=O)[O-],0.03682456538081169,0.04662412777543068,-0.009799562394618988
CC1=NN(C(=O)C\1=C\c1ccc(o1)-c1cc(C)c(C)cc1[N+]([O-])=O)c1ccc(cc1)C(O)=O,HUVEC,[7*]C[8*],0.03682456538081169,0.045290909707546234,-0.008466344326734543
CC1=NN(C(=O)C\1=C\c1ccc(o1)-c1cc(C)c(C)cc1[N+]([O-])=O)c1ccc(cc1)C(O)=O,HUVEC,[6*]C(=O)O,0.03682456538081169,0.04912535473704338,-0.01230078935623169
CC1=NN(C(=O)C\1=C\c1ccc(o1)-c1cc(C)c(C)cc1[N+]([O-])=O)c1ccc(cc1)C(O)=O,HUVEC,[16*]c1ccc([16*])cc1,0.03682456538081169,0.0459294468164444,-0.009104881435632706
CC1=NN(C(=O)C\1=C\c1ccc(o1)-c1cc(C)c(C)cc1[N+]([O-])=O)c1ccc(cc1)C(O)=O,HUVEC,[14*]c1ccc([14*])o1,0.03682456538081169,0.043894391506910324,-0.007069826126098633
Nc1[nH]nc2nnc(cc12)-c1c(nn2ccccc12)-c1ccccc1,HUVEC,[14*]c1cc2c(N)[nH]nc2nn1,0.03488476574420929,0.03958047181367874,-0.004695706069469452
Nc1[nH]nc2nnc(cc12)-c1c(nn2ccccc12)-c1ccccc1,HUVEC,[16*]c1ccccc1,0.03488476574420929,0.04296613484621048,-0.00808136910200119
Nc1[nH]nc2nnc(cc12)-c1c(nn2ccccc12)-c1ccccc1,HUVEC,[14*]c1nn2ccccc2c1[16*],0.03488476574420929,0.04358064383268356,-0.008695878088474274
CNc1nc(cc(n1)-c1ccc2c(N)n[nH]c2c1)N1C[C@H](CC[C@H]1C)C(=O)NC1CCCCC1,HUVEC,[14*]c1cc([14*])nc([14*])n1,0.04185550659894943,0.040645331144332886,0.0012101754546165466
CNc1nc(cc(n1)-c1ccc2c(N)n[nH]c2c1)N1C[C@H](CC[C@H]1C)C(=O)NC1CCCCC1,HUVEC,[15*]C1CCCCC1,0.04185550659894943,0.04168863967061043,0.00016686692833900452
CNc1nc(cc(n1)-c1ccc2c(N)n[nH]c2c1)N1C[C@H](CC[C@H]1C)C(=O)NC1CCCCC1,HUVEC,[5*]N1C[C@@H]([15*])CC[C@H]1C,0.04185550659894943,0.04012102633714676,0.0017344802618026733
CNc1nc(cc(n1)-c1ccc2c(N)n[nH]c2c1)N1C[C@H](CC[C@H]1C)C(=O)NC1CCCCC1,HUVEC,[5*]NC,0.04185550659894943,0.04084423556923866,0.0010112710297107697
CNc1nc(cc(n1)-c1ccc2c(N)n[nH]c2c1)N1C[C@H](CC[C@H]1C)C(=O)NC1CCCCC1,HUVEC,[1*]C([6*])=O,0.04185550659894943,0.04026238992810249,0.001593116670846939
CNc1nc(cc(n1)-c1ccc2c(N)n[nH]c2c1)N1C[C@H](CC[C@H]1C)C(=O)NC1CCCCC1,HUVEC,[16*]c1ccc2c(N)n[nH]c2c1,0.04185550659894943,0.04178173094987869,7.377564907073975e-05
CNc1nc(cc(n1)-c1ccc2c(N)n[nH]c2c1)N1C[C@H](CC[C@H]1C)C(=O)NC1CCCCC1,HUVEC,[5*]N[5*],0.04185550659894943,0.04027048125863075,0.0015850253403186798
COc1cc(ccc1Nc1ncc(Cl)c(Oc2cccc(NC(=O)C=C)c2)n1)N1CCN(C)CC1,HUVEC,[1*]C(=O)C=C,0.03734707459807396,0.03859802708029747,-0.0012509524822235107
COc1cc(ccc1Nc1ncc(Cl)c(Oc2cccc(NC(=O)C=C)c2)n1)N1CCN(C)CC1,HUVEC,[14*]c1ncc(Cl)c([14*])n1,0.03734707459807396,0.0491255484521389,-0.011778473854064941
COc1cc(ccc1Nc1ncc(Cl)c(Oc2cccc(NC(=O)C=C)c2)n1)N1CCN(C)CC1,HUVEC,[3*]O[3*],0.03734707459807396,0.05032987520098686,-0.012982800602912903
COc1cc(ccc1Nc1ncc(Cl)c(Oc2cccc(NC(=O)C=C)c2)n1)N1CCN(C)CC1,HUVEC,[5*]N[5*],0.03734707459807396,0.04886452481150627,-0.011517450213432312
COc1cc(ccc1Nc1ncc(Cl)c(Oc2cccc(NC(=O)C=C)c2)n1)N1CCN(C)CC1,HUVEC,[16*]c1ccc([16*])c([16*])c1,0.03734707459807396,0.04462703689932823,-0.0072799623012542725
COc1cc(ccc1Nc1ncc(Cl)c(Oc2cccc(NC(=O)C=C)c2)n1)N1CCN(C)CC1,HUVEC,[5*]N1CCN(C)CC1,0.03734707459807396,0.04652799293398857,-0.009180918335914612
COc1cc(ccc1Nc1ncc(Cl)c(Oc2cccc(NC(=O)C=C)c2)n1)N1CCN(C)CC1,HUVEC,[16*]c1cccc([16*])c1,0.03734707459807396,0.044176384806632996,-0.006829310208559036
COc1cc(ccc1Nc1ncc(Cl)c(Oc2cccc(NC(=O)C=C)c2)n1)N1CCN(C)CC1,HUVEC,[3*]OC,0.03734707459807396,0.04359865561127663,-0.006251581013202667
COc1cc2c(Nc3ccc(NC(=O)c4ccccc4)cc3)ncnc2cc1OCCCN1CCOCC1,HUVEC,[14*]c1ncnc2cc([16*])c([16*])cc12,0.03381197154521942,0.04340648651123047,-0.009594514966011047
COc1cc2c(Nc3ccc(NC(=O)c4ccccc4)cc3)ncnc2cc1OCCCN1CCOCC1,HUVEC,[4*]CCC[4*],0.03381197154521942,0.038026586174964905,-0.004214614629745483
COc1cc2c(Nc3ccc(NC(=O)c4ccccc4)cc3)ncnc2cc1OCCCN1CCOCC1,HUVEC,[5*]N1CCOCC1,0.03381197154521942,0.03342500701546669,0.0003869645297527313
COc1cc2c(Nc3ccc(NC(=O)c4ccccc4)cc3)ncnc2cc1OCCCN1CCOCC1,HUVEC,[16*]c1ccccc1,0.03381197154521942,0.03742700815200806,-0.0036150366067886353
COc1cc2c(Nc3ccc(NC(=O)c4ccccc4)cc3)ncnc2cc1OCCCN1CCOCC1,HUVEC,[1*]C([6*])=O,0.03381197154521942,0.040116969496011734,-0.006304997950792313
COc1cc2c(Nc3ccc(NC(=O)c4ccccc4)cc3)ncnc2cc1OCCCN1CCOCC1,HUVEC,[3*]O[3*],0.03381197154521942,0.04577202722430229,-0.01196005567908287
COc1cc2c(Nc3ccc(NC(=O)c4ccccc4)cc3)ncnc2cc1OCCCN1CCOCC1,HUVEC,[5*]N[5*],0.03381197154521942,0.04458974674344063,-0.010777775198221207
COc1cc2c(Nc3ccc(NC(=O)c4ccccc4)cc3)ncnc2cc1OCCCN1CCOCC1,HUVEC,[16*]c1ccc([16*])cc1,0.03381197154521942,0.04302038624882698,-0.00920841470360756
COc1cc2c(Nc3ccc(NC(=O)c4ccccc4)cc3)ncnc2cc1OCCCN1CCOCC1,HUVEC,[3*]OC,0.03381197154521942,0.04248347505927086,-0.008671503514051437
CN(C)Cc1cccc(N\C(c2ccccc2)=C2/C(=O)Nc3cc(ccc23)C(=O)N(C)C)c1,HUVEC,[5*]NC([7*])[8*],0.036808647215366364,0.04106849804520607,-0.004259850829839706
CN(C)Cc1cccc(N\C(c2ccccc2)=C2/C(=O)Nc3cc(ccc23)C(=O)N(C)C)c1,HUVEC,[16*]c1ccccc1,0.036808647215366364,0.044981684535741806,-0.008173037320375443
CN(C)Cc1cccc(N\C(c2ccccc2)=C2/C(=O)Nc3cc(ccc23)C(=O)N(C)C)c1,HUVEC,[4*]C[8*],0.036808647215366364,0.04354338347911835,-0.006734736263751984
CN(C)Cc1cccc(N\C(c2ccccc2)=C2/C(=O)Nc3cc(ccc23)C(=O)N(C)C)c1,HUVEC,[1*]C([6*])=O,0.036808647215366364,0.04758108779788017,-0.01077244058251381
CN(C)Cc1cccc(N\C(c2ccccc2)=C2/C(=O)Nc3cc(ccc23)C(=O)N(C)C)c1,HUVEC,[7*]C1C(=O)Nc2cc([16*])ccc21,0.036808647215366364,0.04422591254115105,-0.007417265325784683
CN(C)Cc1cccc(N\C(c2ccccc2)=C2/C(=O)Nc3cc(ccc23)C(=O)N(C)C)c1,HUVEC,[5*]N(C)C,0.036808647215366364,0.04629528149962425,-0.009486634284257889
CN(C)Cc1cccc(N\C(c2ccccc2)=C2/C(=O)Nc3cc(ccc23)C(=O)N(C)C)c1,HUVEC,[16*]c1cccc([16*])c1,0.036808647215366364,0.04411596059799194,-0.00730731338262558
COc1cc(Nc2nc3ccccc3nc2NS(=O)(=O)c2ccc(NC(=O)c3ccc(C)c(OC)c3)cc2)cc(OC)c1,HUVEC,[16*]c1ccc(C)c([16*])c1,0.03848148509860039,0.04015975072979927,-0.001678265631198883
COc1cc(Nc2nc3ccccc3nc2NS(=O)(=O)c2ccc(NC(=O)c3ccc(C)c(OC)c3)cc2)cc(OC)c1,HUVEC,[14*]c1nc2ccccc2nc1[14*],0.03848148509860039,0.047753509134054184,-0.009272024035453796
COc1cc(Nc2nc3ccccc3nc2NS(=O)(=O)c2ccc(NC(=O)c3ccc(C)c(OC)c3)cc2)cc(OC)c1,HUVEC,[12*]S(=O)(=O)c1ccc([16*])cc1,0.03848148509860039,0.051801737397909164,-0.013320252299308777
COc1cc(Nc2nc3ccccc3nc2NS(=O)(=O)c2ccc(NC(=O)c3ccc(C)c(OC)c3)cc2)cc(OC)c1,HUVEC,[1*]C([6*])=O,0.03848148509860039,0.04253266379237175,-0.004051178693771362
COc1cc(Nc2nc3ccccc3nc2NS(=O)(=O)c2ccc(NC(=O)c3ccc(C)c(OC)c3)cc2)cc(OC)c1,HUVEC,[5*]N[5*],0.03848148509860039,0.044760461896657944,-0.006278976798057556
COc1cc(Nc2nc3ccccc3nc2NS(=O)(=O)c2ccc(NC(=O)c3ccc(C)c(OC)c3)cc2)cc(OC)c1,HUVEC,[16*]c1cc([16*])cc([16*])c1,0.03848148509860039,0.04564424231648445,-0.007162757217884064
COc1cc(Nc2nc3ccccc3nc2NS(=O)(=O)c2ccc(NC(=O)c3ccc(C)c(OC)c3)cc2)cc(OC)c1,HUVEC,[3*]OC,0.03848148509860039,0.04324853792786598,-0.0047670528292655945
C1CCC2=C(C1)C(=C(S2)NC(=O)C3=CC=CC4=CC=CC=C43)C#N,HUVEC,[1*]C([6*])=O,0.030108587816357613,0.035038240253925323,-0.004929652437567711
C1CCC2=C(C1)C(=C(S2)NC(=O)C3=CC=CC4=CC=CC=C43)C#N,HUVEC,[16*]c1cccc2ccccc12,0.030108587816357613,0.03453637659549713,-0.004427788779139519
C1CCC2=C(C1)C(=C(S2)NC(=O)C3=CC=CC4=CC=CC=C43)C#N,HUVEC,[14*]c1sc2c(c1C#N)CCCC2,0.030108587816357613,0.03142625093460083,-0.0013176631182432175
C1CCC2=C(C1)C(=C(S2)NC(=O)C3=CC=CC4=CC=CC=C43)C#N,HUVEC,[5*]N[5*],0.030108587816357613,0.0354798398911953,-0.005371252074837685
CNC(=O)c1cc(Oc2ccc(NC(=O)Nc3cc(nn3-c3ccc4ncccc4c3)C(C)(C)C)c(F)c2)ccn1,HUVEC,[8*]C(C)(C)C,0.03435644507408142,0.039504196494817734,-0.005147751420736313
CNC(=O)c1cc(Oc2ccc(NC(=O)Nc3cc(nn3-c3ccc4ncccc4c3)C(C)(C)C)c(F)c2)ccn1,HUVEC,[9*]n1nc([14*])cc1[14*],0.03435644507408142,0.04574984684586525,-0.011393401771783829
CNC(=O)c1cc(Oc2ccc(NC(=O)Nc3cc(nn3-c3ccc4ncccc4c3)C(C)(C)C)c(F)c2)ccn1,HUVEC,[5*]NC,0.03435644507408142,0.04489705339074135,-0.010540608316659927
CNC(=O)c1cc(Oc2ccc(NC(=O)Nc3cc(nn3-c3ccc4ncccc4c3)C(C)(C)C)c(F)c2)ccn1,HUVEC,[16*]c1ccc2ncccc2c1,0.03435644507408142,0.045945558696985245,-0.011589113622903824
CNC(=O)c1cc(Oc2ccc(NC(=O)Nc3cc(nn3-c3ccc4ncccc4c3)C(C)(C)C)c(F)c2)ccn1,HUVEC,[1*]C([6*])=O,0.03435644507408142,0.04277270659804344,-0.008416261523962021
CNC(=O)c1cc(Oc2ccc(NC(=O)Nc3cc(nn3-c3ccc4ncccc4c3)C(C)(C)C)c(F)c2)ccn1,HUVEC,[14*]c1cc([16*])ccn1,0.03435644507408142,0.04491207376122475,-0.010555628687143326
CNC(=O)c1cc(Oc2ccc(NC(=O)Nc3cc(nn3-c3ccc4ncccc4c3)C(C)(C)C)c(F)c2)ccn1,HUVEC,[3*]O[3*],0.03435644507408142,0.0458182729780674,-0.011461827903985977
CNC(=O)c1cc(Oc2ccc(NC(=O)Nc3cc(nn3-c3ccc4ncccc4c3)C(C)(C)C)c(F)c2)ccn1,HUVEC,[5*]N[5*],0.03435644507408142,0.04411167651414871,-0.009755231440067291
CNC(=O)c1cc(Oc2ccc(NC(=O)Nc3cc(nn3-c3ccc4ncccc4c3)C(C)(C)C)c(F)c2)ccn1,HUVEC,[16*]c1ccc([16*])c(F)c1,0.03435644507408142,0.0449875183403492,-0.010631073266267776
CNC(=O)c1cc(Oc2ccc(NC(=O)Nc3cc(nn3-c3ccc4ncccc4c3)C(C)(C)C)c(F)c2)ccn1,HUVEC,[1*]C([1*])=O,0.03435644507408142,0.044584862887859344,-0.010228417813777924
C1COC[C@@H]1N2C3=NC(=NC=C3N=C2NC4=C(C=C(C=C4F)F)F)NC5CCC(CC5)O,HUVEC,[9*]n1c([14*])nc2cnc([14*])nc21,0.035785529762506485,0.029041144996881485,0.006744384765625
C1COC[C@@H]1N2C3=NC(=NC=C3N=C2NC4=C(C=C(C=C4F)F)F)NC5CCC(CC5)O,HUVEC,[15*]C1CCC(O)CC1,0.035785529762506485,0.036533553153276443,-0.0007480233907699585
C1COC[C@@H]1N2C3=NC(=NC=C3N=C2NC4=C(C=C(C=C4F)F)F)NC5CCC(CC5)O,HUVEC,[16*]c1c(F)cc(F)cc1F,0.035785529762506485,0.03257765620946884,0.0032078735530376434
C1COC[C@@H]1N2C3=NC(=NC=C3N=C2NC4=C(C=C(C=C4F)F)F)NC5CCC(CC5)O,HUVEC,[5*]N[5*],0.035785529762506485,0.03458404541015625,0.001201484352350235
C1COC[C@@H]1N2C3=NC(=NC=C3N=C2NC4=C(C=C(C=C4F)F)F)NC5CCC(CC5)O,HUVEC,[15*][C@@H]1CCOC1,0.035785529762506485,0.03512108698487282,0.000664442777633667
CC1CCN(CC1)C2=C(C=CC(=C2)N3CCN(CC3)C)NC(=O)C4=CC(=CN4)C#N,HUVEC,[14*]c1cc(C#N)c[nH]1,0.03598955646157265,0.0419149287045002,-0.005925372242927551
CC1CCN(CC1)C2=C(C=CC(=C2)N3CCN(CC3)C)NC(=O)C4=CC(=CN4)C#N,HUVEC,[5*]N1CCN(C)CC1,0.03598955646157265,0.038333114236593246,-0.0023435577750205994
CC1CCN(CC1)C2=C(C=CC(=C2)N3CCN(CC3)C)NC(=O)C4=CC(=CN4)C#N,HUVEC,[1*]C([6*])=O,0.03598955646157265,0.045445092022418976,-0.009455535560846329
CC1CCN(CC1)C2=C(C=CC(=C2)N3CCN(CC3)C)NC(=O)C4=CC(=CN4)C#N,HUVEC,[5*]N[5*],0.03598955646157265,0.03989327698945999,-0.0039037205278873444
CC1CCN(CC1)C2=C(C=CC(=C2)N3CCN(CC3)C)NC(=O)C4=CC(=CN4)C#N,HUVEC,[16*]c1ccc([16*])c([16*])c1,0.03598955646157265,0.03954576328396797,-0.0035562068223953247
CC1CCN(CC1)C2=C(C=CC(=C2)N3CCN(CC3)C)NC(=O)C4=CC(=CN4)C#N,HUVEC,[5*]N1CCC(C)CC1,0.03598955646157265,0.04098595306277275,-0.004996396601200104
C1CC1COC2=CC=CC(=O)C2=C3C=C(C(=C(N3)N)C#N)C4CCNCC4,HUVEC,[4*]C[8*],0.02572549507021904,0.0356522835791111,-0.00992678850889206
C1CC1COC2=CC=CC(=O)C2=C3C=C(C(=C(N3)N)C#N)C4CCNCC4,HUVEC,[15*]C1CC1,0.02572549507021904,0.03507406637072563,-0.009348571300506592
C1CC1COC2=CC=CC(=O)C2=C3C=C(C(=C(N3)N)C#N)C4CCNCC4,HUVEC,[3*]OC1=CC=CC(=O)C1[7*],0.02572549507021904,0.03246888145804405,-0.006743386387825012
C1CC1COC2=CC=CC(=O)C2=C3C=C(C(=C(N3)N)C#N)C4CCNCC4,HUVEC,[7*]C1C=C(C2CCNCC2)C(C#N)=C(N)N1,0.02572549507021904,0.028703879565000534,-0.002978384494781494
CS(=O)(=O)c1cccc(CNc2nc(Nc3ccc4NC(=O)CCc4c3)ncc2C(F)(F)F)c1,HUVEC,[16*]c1ccc2c(c1)CCC(=O)N2,0.029973888769745827,0.031886376440525055,-0.0019124876707792282
CS(=O)(=O)c1cccc(CNc2nc(Nc3ccc4NC(=O)CCc4c3)ncc2C(F)(F)F)c1,HUVEC,[14*]c1ncc([16*])c([14*])n1,0.029973888769745827,0.032911986112594604,-0.0029380973428487778
CS(=O)(=O)c1cccc(CNc2nc(Nc3ccc4NC(=O)CCc4c3)ncc2C(F)(F)F)c1,HUVEC,[4*]C[8*],0.029973888769745827,0.038243960589170456,-0.00827007181942463
CS(=O)(=O)c1cccc(CNc2nc(Nc3ccc4NC(=O)CCc4c3)ncc2C(F)(F)F)c1,HUVEC,[8*]C(F)(F)F,0.029973888769745827,0.04430047795176506,-0.014326589182019234
CS(=O)(=O)c1cccc(CNc2nc(Nc3ccc4NC(=O)CCc4c3)ncc2C(F)(F)F)c1,HUVEC,[16*]c1cccc(S(C)(=O)=O)c1,0.029973888769745827,0.04303654655814171,-0.013062657788395882
CS(=O)(=O)c1cccc(CNc2nc(Nc3ccc4NC(=O)CCc4c3)ncc2C(F)(F)F)c1,HUVEC,[5*]N[5*],0.029973888769745827,0.03909342363476753,-0.009119534865021706
Cc1ccc(cc1Nc1nc(nc2n(C)ncc12)-c1cccnc1)C(=O)Nc1cccc(c1)C(F)(F)F,HUVEC,[16*]c1cccnc1,0.03192977234721184,0.03948958218097687,-0.00755980983376503
Cc1ccc(cc1Nc1nc(nc2n(C)ncc12)-c1cccnc1)C(=O)Nc1cccc(c1)C(F)(F)F,HUVEC,[8*]C(F)(F)F,0.03192977234721184,0.04252864047884941,-0.010598868131637573
Cc1ccc(cc1Nc1nc(nc2n(C)ncc12)-c1cccnc1)C(=O)Nc1cccc(c1)C(F)(F)F,HUVEC,[16*]c1ccc(C)c([16*])c1,0.03192977234721184,0.0406535379588604,-0.00872376561164856
Cc1ccc(cc1Nc1nc(nc2n(C)ncc12)-c1cccnc1)C(=O)Nc1cccc(c1)C(F)(F)F,HUVEC,[1*]C([6*])=O,0.03192977234721184,0.04180510342121124,-0.009875331073999405
Cc1ccc(cc1Nc1nc(nc2n(C)ncc12)-c1cccnc1)C(=O)Nc1cccc(c1)C(F)(F)F,HUVEC,[5*]N[5*],0.03192977234721184,0.03952895477414131,-0.007599182426929474
Cc1ccc(cc1Nc1nc(nc2n(C)ncc12)-c1cccnc1)C(=O)Nc1cccc(c1)C(F)(F)F,HUVEC,[16*]c1cccc([16*])c1,0.03192977234721184,0.04083487018942833,-0.008905097842216492
Cc1ccc(cc1Nc1nc(nc2n(C)ncc12)-c1cccnc1)C(=O)Nc1cccc(c1)C(F)(F)F,HUVEC,[14*]c1nc([14*])c2cnn(C)c2n1,0.03192977234721184,0.04277721047401428,-0.010847438126802444
CC1=CC(=C(C=C1NN=C2C=C(C(=O)C=C2N)C)S(=O)(=O)O)C,HUVEC,CC1=CC(=NNc2cc(S(=O)(=O)O)c(C)cc2C)C(N)=CC1=O,0.02811560221016407,0.021211430430412292,0.006904171779751778
C1CN(CCC2=CC=CC=C21)C3=CC(=NC(=N3)C4=CN=CC=C4)NCCC(=O)[O-],HUVEC,[14*]c1cc([14*])nc([14*])n1,0.028484074398875237,0.030001278966665268,-0.0015172045677900314
C1CN(CCC2=CC=CC=C21)C3=CC(=NC(=N3)C4=CN=CC=C4)NCCC(=O)[O-],HUVEC,[16*]c1cccnc1,0.028484074398875237,0.03514557331800461,-0.006661498919129372
C1CN(CCC2=CC=CC=C21)C3=CC(=NC(=N3)C4=CN=CC=C4)NCCC(=O)[O-],HUVEC,[5*]N[5*],0.028484074398875237,0.036702774465084076,-0.00821870006620884
C1CN(CCC2=CC=CC=C21)C3=CC(=NC(=N3)C4=CN=CC=C4)NCCC(=O)[O-],HUVEC,[4*]CCC(=O)[O-],0.028484074398875237,0.037473589181900024,-0.008989514783024788
C1CN(CCC2=CC=CC=C21)C3=CC(=NC(=N3)C4=CN=CC=C4)NCCC(=O)[O-],HUVEC,[5*]N1CCc2ccccc2CC1,0.028484074398875237,0.035677578300237656,-0.007193503901362419
O=C(N1CCC(CC1)N1CCCC1)c1ccc(C(=O)N2CCC(CC2)N2CCCC2)c(Nc2ccccc2)c1,HUVEC,[5*]N1CCC([15*])CC1,0.0369996652007103,0.04085640236735344,-0.0038567371666431427
O=C(N1CCC(CC1)N1CCCC1)c1ccc(C(=O)N2CCC(CC2)N2CCCC2)c(Nc2ccccc2)c1,HUVEC,[16*]c1ccccc1,0.0369996652007103,0.04085174575448036,-0.0038520805537700653
O=C(N1CCC(CC1)N1CCCC1)c1ccc(C(=O)N2CCC(CC2)N2CCCC2)c(Nc2ccccc2)c1,HUVEC,[1*]C([6*])=O,0.0369996652007103,0.0458592064678669,-0.008859541267156601
O=C(N1CCC(CC1)N1CCCC1)c1ccc(C(=O)N2CCC(CC2)N2CCCC2)c(Nc2ccccc2)c1,HUVEC,[5*]N[5*],0.0369996652007103,0.04396253079175949,-0.006962865591049194
O=C(N1CCC(CC1)N1CCCC1)c1ccc(C(=O)N2CCC(CC2)N2CCCC2)c(Nc2ccccc2)c1,HUVEC,[16*]c1ccc([16*])c([16*])c1,0.0369996652007103,0.03414512425661087,0.0028545409440994263
O=C(N1CCC(CC1)N1CCCC1)c1ccc(C(=O)N2CCC(CC2)N2CCCC2)c(Nc2ccccc2)c1,HUVEC,[5*]N1CCCC1,0.0369996652007103,0.04365843906998634,-0.006658773869276047
CN(C)NC(=O)CCC(=O)O,HUVEC,CN(C)NC(=O)CCC(=O)O,0.03486673906445503,0.021211430430412292,0.01365530863404274
CCN1CCN(Cc2ccc(Nc3ncc4N(C)C(=O)c5ccccc5N(C)c4n3)cc2C(F)(F)F)CC1,HUVEC,[4*]C[8*],0.030763642862439156,0.041005153208971024,-0.010241510346531868
CCN1CCN(Cc2ccc(Nc3ncc4N(C)C(=O)c5ccccc5N(C)c4n3)cc2C(F)(F)F)CC1,HUVEC,[8*]C(F)(F)F,0.030763642862439156,0.04417824000120163,-0.013414597138762474
CCN1CCN(Cc2ccc(Nc3ncc4N(C)C(=O)c5ccccc5N(C)c4n3)cc2C(F)(F)F)CC1,HUVEC,[5*]N1CCN([5*])CC1,0.030763642862439156,0.04073680192232132,-0.009973159059882164
CCN1CCN(Cc2ccc(Nc3ncc4N(C)C(=O)c5ccccc5N(C)c4n3)cc2C(F)(F)F)CC1,HUVEC,[5*]N[5*],0.030763642862439156,0.04199634864926338,-0.011232705786824226
CCN1CCN(Cc2ccc(Nc3ncc4N(C)C(=O)c5ccccc5N(C)c4n3)cc2C(F)(F)F)CC1,HUVEC,[16*]c1ccc([16*])c([16*])c1,0.030763642862439156,0.03838617727160454,-0.007622534409165382
CCN1CCN(Cc2ccc(Nc3ncc4N(C)C(=O)c5ccccc5N(C)c4n3)cc2C(F)(F)F)CC1,HUVEC,[4*]CC,0.030763642862439156,0.04153263568878174,-0.010768992826342583
CCN1CCN(Cc2ccc(Nc3ncc4N(C)C(=O)c5ccccc5N(C)c4n3)cc2C(F)(F)F)CC1,HUVEC,[14*]c1ncc2c(n1)N(C)c1ccccc1C(=O)N2C,0.030763642862439156,0.04631906375288963,-0.015555420890450478
CC(C)N1CCC(CC1)NC2=NC(=NC3=CC(=C(C=C32)OC)OCCCN4CCCC4)C5CCCCC5,HUVEC,[4*]CCC[4*],0.031026430428028107,0.04087485373020172,-0.009848423302173615
CC(C)N1CCC(CC1)NC2=NC(=NC3=CC(=C(C=C32)OC)OCCCN4CCCC4)C5CCCCC5,HUVEC,[15*]C1CCCCC1,0.031026430428028107,0.04067371040582657,-0.009647279977798462
CC(C)N1CCC(CC1)NC2=NC(=NC3=CC(=C(C=C32)OC)OCCCN4CCCC4)C5CCCCC5,HUVEC,[5*]N1CCC([15*])CC1,0.031026430428028107,0.03518601134419441,-0.0041595809161663055
CC(C)N1CCC(CC1)NC2=NC(=NC3=CC(=C(C=C32)OC)OCCCN4CCCC4)C5CCCCC5,HUVEC,[4*]C(C)C,0.031026430428028107,0.04201550781726837,-0.010989077389240265
CC(C)N1CCC(CC1)NC2=NC(=NC3=CC(=C(C=C32)OC)OCCCN4CCCC4)C5CCCCC5,HUVEC,[3*]O[3*],0.031026430428028107,0.04138588532805443,-0.010359454900026321
CC(C)N1CCC(CC1)NC2=NC(=NC3=CC(=C(C=C32)OC)OCCCN4CCCC4)C5CCCCC5,HUVEC,[5*]N[5*],0.031026430428028107,0.039695389568805695,-0.008668959140777588
CC(C)N1CCC(CC1)NC2=NC(=NC3=CC(=C(C=C32)OC)OCCCN4CCCC4)C5CCCCC5,HUVEC,[3*]OC,0.031026430428028107,0.04021677374839783,-0.00919034332036972
CC(C)N1CCC(CC1)NC2=NC(=NC3=CC(=C(C=C32)OC)OCCCN4CCCC4)C5CCCCC5,HUVEC,[14*]c1nc([14*])c2cc([16*])c([16*])cc2n1,0.031026430428028107,0.045524269342422485,-0.014497838914394379
CC(C)N1CCC(CC1)NC2=NC(=NC3=CC(=C(C=C32)OC)OCCCN4CCCC4)C5CCCCC5,HUVEC,[5*]N1CCCC1,0.031026430428028107,0.03965271636843681,-0.008626285940408707
C[N+]1=C2C(=C3C=CC(=C(C3=C1)OC)OC)C=CC4=CC5=C(C=C42)OCO5,HUVEC,[16*]c1ccc2c(c[n+](C)c3c4cc5c(cc4ccc23)OCO5)c1[16*],0.03084411844611168,0.024584941565990448,0.006259176880121231
C[N+]1=C2C(=C3C=CC(=C(C3=C1)OC)OC)C=CC4=CC5=C(C=C42)OCO5,HUVEC,[3*]OC,0.03084411844611168,0.03199561685323715,-0.001151498407125473
CNCc1ccc(cc1)-c1[nH]c2cc(F)cc3C(=O)NCCc1c23,HUVEC,[14*]c1[nH]c2cc(F)cc3c2c1CCNC3=O,0.03892441466450691,0.04194304719567299,-0.0030186325311660767
CNCc1ccc(cc1)-c1[nH]c2cc(F)cc3C(=O)NCCc1c23,HUVEC,[5*]NC,0.03892441466450691,0.032208893448114395,0.006715521216392517
CNCc1ccc(cc1)-c1[nH]c2cc(F)cc3C(=O)NCCc1c23,HUVEC,[4*]C[8*],0.03892441466450691,0.03323604539036751,0.005688369274139404
CNCc1ccc(cc1)-c1[nH]c2cc(F)cc3C(=O)NCCc1c23,HUVEC,[16*]c1ccc([16*])cc1,0.03892441466450691,0.030017590150237083,0.008906824514269829
OC(=O)[C@H](Cc1c[nH]c2ccccc12)N1C(=O)c2ccccc2C1=O,HUVEC,[16*]c1c[nH]c2ccccc12,0.03756497800350189,0.03857889026403427,-0.0010139122605323792
OC(=O)[C@H](Cc1c[nH]c2ccccc12)N1C(=O)c2ccccc2C1=O,HUVEC,[8*]C[C@H]([8*])C(=O)O,0.03756497800350189,0.025413932278752327,0.012151045724749565
OC(=O)[C@H](Cc1c[nH]c2ccccc12)N1C(=O)c2ccccc2C1=O,HUVEC,[10*]N1C(=O)c2ccccc2C1=O,0.03756497800350189,0.027851900085806847,0.009713077917695045
Fc1ccc(Sc2ccc3c(-c4c(Cl)cccc4Cl)c(=O)ncn3n2)c(F)c1,HUVEC,[14*]c1ccc2c([16*])c(=O)ncn2n1,0.03344342112541199,0.034202612936496735,-0.0007591918110847473
Fc1ccc(Sc2ccc3c(-c4c(Cl)cccc4Cl)c(=O)ncn3n2)c(F)c1,HUVEC,[16*]c1c(Cl)cccc1Cl,0.03344342112541199,0.03298015892505646,0.0004632622003555298
Fc1ccc(Sc2ccc3c(-c4c(Cl)cccc4Cl)c(=O)ncn3n2)c(F)c1,HUVEC,[11*]S[11*],0.03344342112541199,0.03438113257288933,-0.0009377114474773407
Fc1ccc(Sc2ccc3c(-c4c(Cl)cccc4Cl)c(=O)ncn3n2)c(F)c1,HUVEC,[16*]c1ccc(F)cc1F,0.03344342112541199,0.04015088453888893,-0.006707463413476944
CN1C=C(C=C1C=CC(=O)NO)C=CC(=O)C2=CC(=CC=C2)F,HUVEC,[14*]c1cc([16*])cn1C,0.030563458800315857,0.03338504955172539,-0.0028215907514095306
CN1C=C(C=C1C=CC(=O)NO)C=CC(=O)C2=CC(=CC=C2)F,HUVEC,[7*]C[8*],0.030563458800315857,0.036788780242204666,-0.006225321441888809
CN1C=C(C=C1C=CC(=O)NO)C=CC(=O)C2=CC(=CC=C2)F,HUVEC,[6*]C(=O)C[7*],0.030563458800315857,0.037011560052633286,-0.006448101252317429
CN1C=C(C=C1C=CC(=O)NO)C=CC(=O)C2=CC(=CC=C2)F,HUVEC,[16*]c1cccc(F)c1,0.030563458800315857,0.03445012867450714,-0.003886669874191284
CN1C=C(C=C1C=CC(=O)NO)C=CC(=O)C2=CC(=CC=C2)F,HUVEC,[7*]CC(=O)NO,0.030563458800315857,0.03213052824139595,-0.0015670694410800934
NC(=O)c1cccc(c1)-c1cc(Nc2ccc(OC(F)(F)F)cc2)ncn1,HUVEC,[14*]c1cc([14*])ncn1,0.025630805641412735,0.03832688555121422,-0.012696079909801483
NC(=O)c1cccc(c1)-c1cc(Nc2ccc(OC(F)(F)F)cc2)ncn1,HUVEC,[6*]C(N)=O,0.025630805641412735,0.03847464546561241,-0.012843839824199677
NC(=O)c1cccc(c1)-c1cc(Nc2ccc(OC(F)(F)F)cc2)ncn1,HUVEC,[16*]c1ccc([16*])cc1,0.025630805641412735,0.03545212373137474,-0.009821318089962006
NC(=O)c1cccc(c1)-c1cc(Nc2ccc(OC(F)(F)F)cc2)ncn1,HUVEC,[5*]N[5*],0.025630805641412735,0.037811629474163055,-0.01218082383275032
NC(=O)c1cccc(c1)-c1cc(Nc2ccc(OC(F)(F)F)cc2)ncn1,HUVEC,[3*]OC(F)(F)F,0.025630805641412735,0.04377075657248497,-0.018139950931072235
NC(=O)c1cccc(c1)-c1cc(Nc2ccc(OC(F)(F)F)cc2)ncn1,HUVEC,[16*]c1cccc([16*])c1,0.025630805641412735,0.03746695816516876,-0.011836152523756027
COc1nccc(n1)c2c(ncn2C3CCC(O)CC3)c4ccc(F)cc4,HUVEC,[9*]n1cnc([14*])c1[14*],0.036435745656490326,0.03510143235325813,0.001334313303232193
COc1nccc(n1)c2c(ncn2C3CCC(O)CC3)c4ccc(F)cc4,HUVEC,[15*]C1CCC(O)CC1,0.036435745656490326,0.030971646308898926,0.0054640993475914
COc1nccc(n1)c2c(ncn2C3CCC(O)CC3)c4ccc(F)cc4,HUVEC,[16*]c1ccc(F)cc1,0.036435745656490326,0.03229540213942528,0.004140343517065048
COc1nccc(n1)c2c(ncn2C3CCC(O)CC3)c4ccc(F)cc4,HUVEC,[14*]c1ccnc([14*])n1,0.036435745656490326,0.033341605216264725,0.003094140440225601
COc1nccc(n1)c2c(ncn2C3CCC(O)CC3)c4ccc(F)cc4,HUVEC,[3*]OC,0.036435745656490326,0.03531290590763092,0.0011228397488594055
CCOC(=O)CCNc1cc(nc(n1)-c1ccccn1)N1CCc2ccccc2CC1,HUVEC,[1*]C(=O)CC[4*],0.03588273748755455,0.03985590487718582,-0.003973167389631271
CCOC(=O)CCNc1cc(nc(n1)-c1ccccn1)N1CCc2ccccc2CC1,HUVEC,[14*]c1ccccn1,0.03588273748755455,0.040625765919685364,-0.004743028432130814
CCOC(=O)CCNc1cc(nc(n1)-c1ccccn1)N1CCc2ccccc2CC1,HUVEC,[14*]c1cc([14*])nc([14*])n1,0.03588273748755455,0.035575199872255325,0.00030753761529922485
CCOC(=O)CCNc1cc(nc(n1)-c1ccccn1)N1CCc2ccccc2CC1,HUVEC,[3*]O[3*],0.03588273748755455,0.04424754157662392,-0.008364804089069366
CCOC(=O)CCNc1cc(nc(n1)-c1ccccn1)N1CCc2ccccc2CC1,HUVEC,[5*]N[5*],0.03588273748755455,0.03923886641860008,-0.0033561289310455322
CCOC(=O)CCNc1cc(nc(n1)-c1ccccn1)N1CCc2ccccc2CC1,HUVEC,[4*]CC,0.03588273748755455,0.041152309626340866,-0.005269572138786316
CCOC(=O)CCNc1cc(nc(n1)-c1ccccn1)N1CCc2ccccc2CC1,HUVEC,[5*]N1CCc2ccccc2CC1,0.03588273748755455,0.04271351546049118,-0.00683077797293663
OC(=O)CNC(=O)c1c(O)c2ccccc2n(Cc2ccccc2)c1=O,HUVEC,[16*]c1ccccc1,0.0375446155667305,0.037656236439943314,-0.00011162087321281433
OC(=O)CNC(=O)c1c(O)c2ccccc2n(Cc2ccccc2)c1=O,HUVEC,[9*]n1c(=O)c([16*])c(O)c2ccccc21,0.0375446155667305,0.032113756984472275,0.0054308585822582245
OC(=O)CNC(=O)c1c(O)c2ccccc2n(Cc2ccccc2)c1=O,HUVEC,[4*]CC(=O)O,0.0375446155667305,0.037642888724803925,-9.827315807342529e-05
OC(=O)CNC(=O)c1c(O)c2ccccc2n(Cc2ccccc2)c1=O,HUVEC,[1*]C([6*])=O,0.0375446155667305,0.036898765712976456,0.0006458498537540436
OC(=O)CNC(=O)c1c(O)c2ccccc2n(Cc2ccccc2)c1=O,HUVEC,[5*]N[5*],0.0375446155667305,0.03571033850312233,0.0018342770636081696
OC(=O)CNC(=O)c1c(O)c2ccccc2n(Cc2ccccc2)c1=O,HUVEC,[8*]C[8*],0.0375446155667305,0.03527030721306801,0.002274308353662491
CC1(C)CNc2cc(NC(=O)c3cccnc3NCc3ccncc3)ccc12,HUVEC,[16*]c1ccncc1,0.02897140569984913,0.04332271218299866,-0.014351306483149529
CC1(C)CNc2cc(NC(=O)c3cccnc3NCc3ccncc3)ccc12,HUVEC,[16*]c1ccc2c(c1)NCC2(C)C,0.02897140569984913,0.03722692281007767,-0.008255517110228539
CC1(C)CNc2cc(NC(=O)c3cccnc3NCc3ccncc3)ccc12,HUVEC,[4*]C[8*],0.02897140569984913,0.041463084518909454,-0.012491678819060326
CC1(C)CNc2cc(NC(=O)c3cccnc3NCc3ccncc3)ccc12,HUVEC,[1*]C([6*])=O,0.02897140569984913,0.04057459160685539,-0.011603185907006264
CC1(C)CNc2cc(NC(=O)c3cccnc3NCc3ccncc3)ccc12,HUVEC,[14*]c1ncccc1[16*],0.02897140569984913,0.03540114685893059,-0.006429741159081459
CC1(C)CNc2cc(NC(=O)c3cccnc3NCc3ccncc3)ccc12,HUVEC,[5*]N[5*],0.02897140569984913,0.03575516119599342,-0.006783755496144295
CN1CCN(CC1)CCOC2=CC(=C3C(=C2)N=CN=C3NC4=C(C=CC5=C4OCO5)Cl)OC6CCOCC6,HUVEC,[14*]c1ncnc2cc([16*])cc([16*])c12,0.03746037185192108,0.041784871369600296,-0.0043244995176792145
CN1CCN(CC1)CCOC2=CC(=C3C(=C2)N=CN=C3NC4=C(C=CC5=C4OCO5)Cl)OC6CCOCC6,HUVEC,[15*]C1CCOCC1,0.03746037185192108,0.04458865523338318,-0.007128283381462097
CN1CCN(CC1)CCOC2=CC(=C3C(=C2)N=CN=C3NC4=C(C=CC5=C4OCO5)Cl)OC6CCOCC6,HUVEC,[16*]c1c(Cl)ccc2c1OCO2,0.03746037185192108,0.04511110112071037,-0.007650729268789291
CN1CCN(CC1)CCOC2=CC(=C3C(=C2)N=CN=C3NC4=C(C=CC5=C4OCO5)Cl)OC6CCOCC6,HUVEC,[3*]O[3*],0.03746037185192108,0.04462185874581337,-0.007161486893892288
CN1CCN(CC1)CCOC2=CC(=C3C(=C2)N=CN=C3NC4=C(C=CC5=C4OCO5)Cl)OC6CCOCC6,HUVEC,[5*]N[5*],0.03746037185192108,0.040065083652734756,-0.002604711800813675
CN1CCN(CC1)CCOC2=CC(=C3C(=C2)N=CN=C3NC4=C(C=CC5=C4OCO5)Cl)OC6CCOCC6,HUVEC,[5*]N1CCN(C)CC1,0.03746037185192108,0.041747014969587326,-0.0042866431176662445
CN1CCN(CC1)CCOC2=CC(=C3C(=C2)N=CN=C3NC4=C(C=CC5=C4OCO5)Cl)OC6CCOCC6,HUVEC,[4*]CC[4*],0.03746037185192108,0.04168916121125221,-0.004228789359331131
C1=CC2=NC=CC(=C2C=C1C=C3C(=O)NC(=O)S3)C4=CC=NC=C4,HUVEC,[7*]C1SC(=O)NC1=O,0.029361039400100708,0.036094967275857925,-0.006733927875757217
C1=CC2=NC=CC(=C2C=C1C=C3C(=O)NC(=O)S3)C4=CC=NC=C4,HUVEC,[16*]c1ccc2nccc([16*])c2c1,0.029361039400100708,0.03459903970360756,-0.005238000303506851
C1=CC2=NC=CC(=C2C=C1C=C3C(=O)NC(=O)S3)C4=CC=NC=C4,HUVEC,[7*]C[8*],0.029361039400100708,0.04017290845513344,-0.01081186905503273
C1=CC2=NC=CC(=C2C=C1C=C3C(=O)NC(=O)S3)C4=CC=NC=C4,HUVEC,[16*]c1ccncc1,0.029361039400100708,0.03862931206822395,-0.009268272668123245
CC[C@@H]1C(=O)N(C2=CN=C(N=C2N1C3CCCC3)NC4=C(C=C(C=C4)C(=O)NC5CCN(CC5)C)OC)C,HUVEC,[16*]c1ccc([16*])c([16*])c1,0.03527296707034111,0.0367080383002758,-0.0014350712299346924
CC[C@@H]1C(=O)N(C2=CN=C(N=C2N1C3CCCC3)NC4=C(C=C(C=C4)C(=O)NC5CCN(CC5)C)OC)C,HUVEC,[5*]N1c2nc([14*])ncc2N(C)C(=O)[C@H]1[13*],0.03527296707034111,0.04787491634488106,-0.012601949274539948
CC[C@@H]1C(=O)N(C2=CN=C(N=C2N1C3CCCC3)NC4=C(C=C(C=C4)C(=O)NC5CCN(CC5)C)OC)C,HUVEC,[1*]C([6*])=O,0.03527296707034111,0.041838519275188446,-0.006565552204847336
CC[C@@H]1C(=O)N(C2=CN=C(N=C2N1C3CCCC3)NC4=C(C=C(C=C4)C(=O)NC5CCN(CC5)C)OC)C,HUVEC,[5*]N[5*],0.03527296707034111,0.04189114645123482,-0.006618179380893707
CC[C@@H]1C(=O)N(C2=CN=C(N=C2N1C3CCCC3)NC4=C(C=C(C=C4)C(=O)NC5CCN(CC5)C)OC)C,HUVEC,[15*]C1CCN(C)CC1,0.03527296707034111,0.044272683560848236,-0.008999716490507126
CC[C@@H]1C(=O)N(C2=CN=C(N=C2N1C3CCCC3)NC4=C(C=C(C=C4)C(=O)NC5CCN(CC5)C)OC)C,HUVEC,[15*]C1CCCC1,0.03527296707034111,0.04343949258327484,-0.008166525512933731
CC[C@@H]1C(=O)N(C2=CN=C(N=C2N1C3CCCC3)NC4=C(C=C(C=C4)C(=O)NC5CCN(CC5)C)OC)C,HUVEC,[8*]CC,0.03527296707034111,0.04337481036782265,-0.008101843297481537
CC[C@@H]1C(=O)N(C2=CN=C(N=C2N1C3CCCC3)NC4=C(C=C(C=C4)C(=O)NC5CCN(CC5)C)OC)C,HUVEC,[3*]OC,0.03527296707034111,0.04166886955499649,-0.00639590248465538
C1C[C@H](CNC1)NC(=O)C2=C(C=C(S2)C3=CC(=CC=C3)F)NC(=O)N,HUVEC,[1*]C(N)=O,0.03644956275820732,0.03853047266602516,-0.0020809099078178406
C1C[C@H](CNC1)NC(=O)C2=C(C=C(S2)C3=CC(=CC=C3)F)NC(=O)N,HUVEC,[15*][C@@H]1CCCNC1,0.03644956275820732,0.041069336235523224,-0.004619773477315903
C1C[C@H](CNC1)NC(=O)C2=C(C=C(S2)C3=CC(=CC=C3)F)NC(=O)N,HUVEC,[1*]C([6*])=O,0.03644956275820732,0.04372363165020943,-0.007274068892002106
C1C[C@H](CNC1)NC(=O)C2=C(C=C(S2)C3=CC(=CC=C3)F)NC(=O)N,HUVEC,[5*]N[5*],0.03644956275820732,0.04045939818024635,-0.004009835422039032
C1C[C@H](CNC1)NC(=O)C2=C(C=C(S2)C3=CC(=CC=C3)F)NC(=O)N,HUVEC,[16*]c1cccc(F)c1,0.03644956275820732,0.04154199734330177,-0.005092434585094452
C1C[C@H](CNC1)NC(=O)C2=C(C=C(S2)C3=CC(=CC=C3)F)NC(=O)N,HUVEC,[14*]c1cc([16*])c([14*])s1,0.03644956275820732,0.03332424536347389,0.003125317394733429
OCC1OC(C(O)C1O)n1cccnc1=O,MCF7,[9*]n1cccnc1=O,-0.0030609779059886932,-7.972493767738342e-05,-0.00298125296831131
OCC1OC(C(O)C1O)n1cccnc1=O,MCF7,[8*]CO,-0.0030609779059886932,-0.004527386277914047,0.001466408371925354
OCC1OC(C(O)C1O)n1cccnc1=O,MCF7,[13*]C1OC([13*])C(O)C1O,-0.0030609779059886932,0.005423087626695633,-0.008484065532684326
CC1CC2C3CCC4=CC(=O)C=CC4(C)C3(F)C(O)CC2(C)C1(O)C(=O)CO,MCF7,[15*]C1(O)C(C)CC2C3CCC4=CC(=O)C=CC4(C)C3(F)C(O)CC21C,-0.009074162691831589,-0.0008341632783412933,-0.008239999413490295
CC1CC2C3CCC4=CC(=O)C=CC4(C)C3(F)C(O)CC2(C)C1(O)C(=O)CO,MCF7,[6*]C(=O)CO,-0.009074162691831589,-0.0029913634061813354,-0.006082799285650253
CC(C(=O)Nc1cccc(c1)\N=C\c1c(O)ccc2ccccc12)c1ccccc1,MCF7,[1*]C(=O)C([8*])C,0.01157040148973465,0.011713635176420212,-0.00014323368668556213
CC(C(=O)Nc1cccc(c1)\N=C\c1c(O)ccc2ccccc12)c1ccccc1,MCF7,[16*]c1ccccc1,0.01157040148973465,0.012304995208978653,-0.0007345937192440033
CC(C(=O)Nc1cccc(c1)\N=C\c1c(O)ccc2ccccc12)c1ccccc1,MCF7,[5*]N[5*],0.01157040148973465,0.01690557226538658,-0.005335170775651932
CC(C(=O)Nc1cccc(c1)\N=C\c1c(O)ccc2ccccc12)c1ccccc1,MCF7,[16*]c1cccc(/N=C/c2c(O)ccc3ccccc23)c1,0.01157040148973465,0.0045749731361866,0.00699542835354805
CC(C)N(CC1OC(C(O)C1O)n2cnc3c(N)ncnc23)C4CC(CCc5nc6cc(ccc6[nH]5)C(C)(C)C)C4,MCF7,[13*]C1OC([13*])C(O)C1O,0.005693729966878891,0.026618588715791702,-0.02092485874891281
CC(C)N(CC1OC(C(O)C1O)n2cnc3c(N)ncnc23)C4CC(CCc5nc6cc(ccc6[nH]5)C(C)(C)C)C4,MCF7,[8*]C(C)(C)C,0.005693729966878891,0.02126588299870491,-0.01557215303182602
CC(C)N(CC1OC(C(O)C1O)n2cnc3c(N)ncnc23)C4CC(CCc5nc6cc(ccc6[nH]5)C(C)(C)C)C4,MCF7,[15*]C1CC([15*])C1,0.005693729966878891,0.01929955556988716,-0.01360582560300827
CC(C)N(CC1OC(C(O)C1O)n2cnc3c(N)ncnc23)C4CC(CCc5nc6cc(ccc6[nH]5)C(C)(C)C)C4,MCF7,[9*]n1cnc2c(N)ncnc21,0.005693729966878891,0.02086452767252922,-0.01517079770565033
CC(C)N(CC1OC(C(O)C1O)n2cnc3c(N)ncnc23)C4CC(CCc5nc6cc(ccc6[nH]5)C(C)(C)C)C4,MCF7,[8*]CC[8*],0.005693729966878891,0.017163459211587906,-0.011469729244709015
CC(C)N(CC1OC(C(O)C1O)n2cnc3c(N)ncnc23)C4CC(CCc5nc6cc(ccc6[nH]5)C(C)(C)C)C4,MCF7,[4*]C[8*],0.005693729966878891,0.017199937254190445,-0.011506207287311554
CC(C)N(CC1OC(C(O)C1O)n2cnc3c(N)ncnc23)C4CC(CCc5nc6cc(ccc6[nH]5)C(C)(C)C)C4,MCF7,[4*]C(C)C,0.005693729966878891,0.017240647226572037,-0.011546917259693146
CC(C)N(CC1OC(C(O)C1O)n2cnc3c(N)ncnc23)C4CC(CCc5nc6cc(ccc6[nH]5)C(C)(C)C)C4,MCF7,[5*]N([5*])[5*],0.005693729966878891,0.019265417009592056,-0.013571687042713165
CC(C)N(CC1OC(C(O)C1O)n2cnc3c(N)ncnc23)C4CC(CCc5nc6cc(ccc6[nH]5)C(C)(C)C)C4,MCF7,[14*]c1nc2cc([16*])ccc2[nH]1,0.005693729966878891,0.016758296638727188,-0.011064566671848297
CCCN[C@H]1CCc2nc(N)sc2C1,MCF7,[15*][C@H]1CCc2nc(N)sc2C1,0.015417449176311493,0.011817600578069687,0.003599848598241806
CCCN[C@H]1CCc2nc(N)sc2C1,MCF7,[4*]CCC,0.015417449176311493,0.0018813498318195343,0.013536099344491959
CCCN[C@H]1CCc2nc(N)sc2C1,MCF7,[5*]N[5*],0.015417449176311493,0.006635099649429321,0.008782349526882172
COc1cc(ccc1Nc1nc(N)c(Cl)c(Nc2ccccc2S(=O)(=O)C(C)C)n1)N1CCC(CC1)C(N)=O,MCF7,[16*]c1ccccc1S(=O)(=O)C(C)C,0.016020316630601883,0.022951077669858932,-0.0069307610392570496
COc1cc(ccc1Nc1nc(N)c(Cl)c(Nc2ccccc2S(=O)(=O)C(C)C)n1)N1CCC(CC1)C(N)=O,MCF7,[5*]N1CCC([15*])CC1,0.016020316630601883,0.01691887155175209,-0.0008985549211502075
COc1cc(ccc1Nc1nc(N)c(Cl)c(Nc2ccccc2S(=O)(=O)C(C)C)n1)N1CCC(CC1)C(N)=O,MCF7,[14*]c1nc([14*])c(Cl)c(N)n1,0.016020316630601883,0.01362663134932518,0.002393685281276703
COc1cc(ccc1Nc1nc(N)c(Cl)c(Nc2ccccc2S(=O)(=O)C(C)C)n1)N1CCC(CC1)C(N)=O,MCF7,[6*]C(N)=O,0.016020316630601883,0.016284365206956863,-0.00026404857635498047
COc1cc(ccc1Nc1nc(N)c(Cl)c(Nc2ccccc2S(=O)(=O)C(C)C)n1)N1CCC(CC1)C(N)=O,MCF7,[5*]N[5*],0.016020316630601883,0.018255777657032013,-0.00223546102643013
COc1cc(ccc1Nc1nc(N)c(Cl)c(Nc2ccccc2S(=O)(=O)C(C)C)n1)N1CCC(CC1)C(N)=O,MCF7,[16*]c1ccc([16*])c([16*])c1,0.016020316630601883,0.014487691223621368,0.0015326254069805145
COc1cc(ccc1Nc1nc(N)c(Cl)c(Nc2ccccc2S(=O)(=O)C(C)C)n1)N1CCC(CC1)C(N)=O,MCF7,[3*]OC,0.016020316630601883,0.015526600182056427,0.0004937164485454559
Oc1ccc(cc1O)c2oc3c(O)c(O)cc(O)c3c(=O)c2O,MCF7,[14*]c1oc2c(O)c(O)cc(O)c2c(=O)c1O,-0.0047714076936244965,5.9563666582107544e-05,-0.004830971360206604
Oc1ccc(cc1O)c2oc3c(O)c(O)cc(O)c3c(=O)c2O,MCF7,[16*]c1ccc(O)c(O)c1,-0.0047714076936244965,0.002734161913394928,-0.0075055696070194244
CO[C@@H]1C[C@H]2OC[C@@]2(OC(C)=O)[C@H]2[C@@H](OC(=O)c3ccccc3)[C@@]3(O)C[C@H](OC(=O)[C@H](O)[C@@H](NC(=O)OC(C)(C)C)c4ccccc4)C(C)=C([C@@H](OC)C(=O)[C@]12C)C3(C)C,MCF7,[4*]C(C)(C)C,0.012693755328655243,0.01222553476691246,0.0004682205617427826
CO[C@@H]1C[C@H]2OC[C@@]2(OC(C)=O)[C@H]2[C@@H](OC(=O)c3ccccc3)[C@@]3(O)C[C@H](OC(=O)[C@H](O)[C@@H](NC(=O)OC(C)(C)C)c4ccccc4)C(C)=C([C@@H](OC)C(=O)[C@]12C)C3(C)C,MCF7,[1*]C(=O)[C@H](O)[C@@H]([4*])[8*],0.012693755328655243,0.018201202154159546,-0.005507446825504303
CO[C@@H]1C[C@H]2OC[C@@]2(OC(C)=O)[C@H]2[C@@H](OC(=O)c3ccccc3)[C@@]3(O)C[C@H](OC(=O)[C@H](O)[C@@H](NC(=O)OC(C)(C)C)c4ccccc4)C(C)=C([C@@H](OC)C(=O)[C@]12C)C3(C)C,MCF7,[16*]c1ccccc1,0.012693755328655243,0.015979796648025513,-0.0032860413193702698
CO[C@@H]1C[C@H]2OC[C@@]2(OC(C)=O)[C@H]2[C@@H](OC(=O)c3ccccc3)[C@@]3(O)C[C@H](OC(=O)[C@H](O)[C@@H](NC(=O)OC(C)(C)C)c4ccccc4)C(C)=C([C@@H](OC)C(=O)[C@]12C)C3(C)C,MCF7,[15*][C@H]1C(=O)[C@]2(C)[C@H]([15*])C[C@H]3OC[C@@]3([15*])[C@H]2[C@@H]([15*])[C@@]2(O)C[C@H]([15*])C(C)=C1C2(C)C,0.012693755328655243,0.019083235412836075,-0.006389480084180832
CO[C@@H]1C[C@H]2OC[C@@]2(OC(C)=O)[C@H]2[C@@H](OC(=O)c3ccccc3)[C@@]3(O)C[C@H](OC(=O)[C@H](O)[C@@H](NC(=O)OC(C)(C)C)c4ccccc4)C(C)=C([C@@H](OC)C(=O)[C@]12C)C3(C)C,MCF7,[1*]C([6*])=O,0.012693755328655243,0.01644115522503853,-0.0037473998963832855
CO[C@@H]1C[C@H]2OC[C@@]2(OC(C)=O)[C@H]2[C@@H](OC(=O)c3ccccc3)[C@@]3(O)C[C@H](OC(=O)[C@H](O)[C@@H](NC(=O)OC(C)(C)C)c4ccccc4)C(C)=C([C@@H](OC)C(=O)[C@]12C)C3(C)C,MCF7,[3*]O[3*],0.012693755328655243,0.01644115522503853,-0.0037473998963832855
CO[C@@H]1C[C@H]2OC[C@@]2(OC(C)=O)[C@H]2[C@@H](OC(=O)c3ccccc3)[C@@]3(O)C[C@H](OC(=O)[C@H](O)[C@@H](NC(=O)OC(C)(C)C)c4ccccc4)C(C)=C([C@@H](OC)C(=O)[C@]12C)C3(C)C,MCF7,[5*]N[5*],0.012693755328655243,0.01644115522503853,-0.0037473998963832855
CO[C@@H]1C[C@H]2OC[C@@]2(OC(C)=O)[C@H]2[C@@H](OC(=O)c3ccccc3)[C@@]3(O)C[C@H](OC(=O)[C@H](O)[C@@H](NC(=O)OC(C)(C)C)c4ccccc4)C(C)=C([C@@H](OC)C(=O)[C@]12C)C3(C)C,MCF7,[1*]C(C)=O,0.012693755328655243,0.01644115522503853,-0.0037473998963832855
CO[C@@H]1C[C@H]2OC[C@@]2(OC(C)=O)[C@H]2[C@@H](OC(=O)c3ccccc3)[C@@]3(O)C[C@H](OC(=O)[C@H](O)[C@@H](NC(=O)OC(C)(C)C)c4ccccc4)C(C)=C([C@@H](OC)C(=O)[C@]12C)C3(C)C,MCF7,[1*]C([1*])=O,0.012693755328655243,0.01644115522503853,-0.0037473998963832855
CO[C@@H]1C[C@H]2OC[C@@]2(OC(C)=O)[C@H]2[C@@H](OC(=O)c3ccccc3)[C@@]3(O)C[C@H](OC(=O)[C@H](O)[C@@H](NC(=O)OC(C)(C)C)c4ccccc4)C(C)=C([C@@H](OC)C(=O)[C@]12C)C3(C)C,MCF7,[3*]OC,0.012693755328655243,0.01644115522503853,-0.0037473998963832855
CCCCCN(CCCOC)C(=O)[C@@H](CCC(O)=O)NC(=O)c1ccc(Cl)c(Cl)c1,MCF7,[4*]CCC[4*],0.004559092223644257,0.016391802579164505,-0.011832710355520248
CCCCCN(CCCOC)C(=O)[C@@H](CCC(O)=O)NC(=O)c1ccc(Cl)c(Cl)c1,MCF7,[4*]CCCCC,0.004559092223644257,0.01941930130124092,-0.014860209077596664
CCCCCN(CCCOC)C(=O)[C@@H](CCC(O)=O)NC(=O)c1ccc(Cl)c(Cl)c1,MCF7,[5*]N([5*])[5*],0.004559092223644257,0.013639707118272781,-0.009080614894628525
CCCCCN(CCCOC)C(=O)[C@@H](CCC(O)=O)NC(=O)c1ccc(Cl)c(Cl)c1,MCF7,[1*]C([6*])=O,0.004559092223644257,0.016391266137361526,-0.01183217391371727
CCCCCN(CCCOC)C(=O)[C@@H](CCC(O)=O)NC(=O)c1ccc(Cl)c(Cl)c1,MCF7,[16*]c1ccc(Cl)c(Cl)c1,0.004559092223644257,0.014266911894083023,-0.009707819670438766
CCCCCN(CCCOC)C(=O)[C@@H](CCC(O)=O)NC(=O)c1ccc(Cl)c(Cl)c1,MCF7,[5*]N[5*],0.004559092223644257,0.017192337661981583,-0.012633245438337326
CCCCCN(CCCOC)C(=O)[C@@H](CCC(O)=O)NC(=O)c1ccc(Cl)c(Cl)c1,MCF7,[1*]C(=O)[C@H]([4*])CCC(=O)O,0.004559092223644257,0.017472919076681137,-0.01291382685303688
CCCCCN(CCCOC)C(=O)[C@@H](CCC(O)=O)NC(=O)c1ccc(Cl)c(Cl)c1,MCF7,[3*]OC,0.004559092223644257,0.01766282692551613,-0.013103734701871872
CC(=O)Nc1cccc(c1)-n1c2c(C)c(=O)n(C)c(Nc3ccc(I)cc3F)c2c(=O)n(C2CC2)c1=O,MCF7,[9*]n1c(=O)c2c([14*])n(C)c(=O)c(C)c2n([9*])c1=O,0.01238597184419632,0.017956458032131195,-0.0055704861879348755
CC(=O)Nc1cccc(c1)-n1c2c(C)c(=O)n(C)c(Nc3ccc(I)cc3F)c2c(=O)n(C2CC2)c1=O,MCF7,[5*]N[5*],0.01238597184419632,0.01477162167429924,-0.0023856498301029205
CC(=O)Nc1cccc(c1)-n1c2c(C)c(=O)n(C)c(Nc3ccc(I)cc3F)c2c(=O)n(C2CC2)c1=O,MCF7,[15*]C1CC1,0.01238597184419632,0.010973487049341202,0.0014124847948551178
CC(=O)Nc1cccc(c1)-n1c2c(C)c(=O)n(C)c(Nc3ccc(I)cc3F)c2c(=O)n(C2CC2)c1=O,MCF7,[16*]c1ccc(I)cc1F,0.01238597184419632,0.01246684044599533,-8.086860179901123e-05
CC(=O)Nc1cccc(c1)-n1c2c(C)c(=O)n(C)c(Nc3ccc(I)cc3F)c2c(=O)n(C2CC2)c1=O,MCF7,[16*]c1cccc([16*])c1,0.01238597184419632,0.013371657580137253,-0.0009856857359409332
CC(=O)Nc1cccc(c1)-n1c2c(C)c(=O)n(C)c(Nc3ccc(I)cc3F)c2c(=O)n(C2CC2)c1=O,MCF7,[1*]C(C)=O,0.01238597184419632,0.012955110520124435,-0.0005691386759281158
CCCc1nc(C)c2n1nc([nH]c2=O)-c1cc(ccc1OCC)S(=O)(=O)N1CCN(CC)CC1,MCF7,[8*]CCC,0.010241016745567322,0.019027821719646454,-0.008786804974079132
CCCc1nc(C)c2n1nc([nH]c2=O)-c1cc(ccc1OCC)S(=O)(=O)N1CCN(CC)CC1,MCF7,[14*]c1nn2c([14*])nc(C)c2c(=O)[nH]1,0.010241016745567322,0.015092771500349045,-0.004851754754781723
CCCc1nc(C)c2n1nc([nH]c2=O)-c1cc(ccc1OCC)S(=O)(=O)N1CCN(CC)CC1,MCF7,[5*]N1CCN([5*])CC1,0.010241016745567322,0.014136545360088348,-0.0038955286145210266
CCCc1nc(C)c2n1nc([nH]c2=O)-c1cc(ccc1OCC)S(=O)(=O)N1CCN(CC)CC1,MCF7,[12*]S(=O)(=O)c1ccc([16*])c([16*])c1,0.010241016745567322,0.013401482254266739,-0.003160465508699417
CCCc1nc(C)c2n1nc([nH]c2=O)-c1cc(ccc1OCC)S(=O)(=O)N1CCN(CC)CC1,MCF7,[3*]O[3*],0.010241016745567322,0.01824459806084633,-0.008003581315279007
CCCc1nc(C)c2n1nc([nH]c2=O)-c1cc(ccc1OCC)S(=O)(=O)N1CCN(CC)CC1,MCF7,[4*]CC,0.010241016745567322,0.016233183443546295,-0.005992166697978973
CC(C)C[C@H](NC(=O)[C@H](CCc1ccccc1)NC(=O)CN1CCOCC1)C(=O)N[C@@H](Cc1ccccc1)C(=O)N[C@@H](CC(C)C)C(=O)[C@@]1(C)CO1,MCF7,[13*][C@@]1(C)CO1,0.009301673620939255,0.01781788095831871,-0.008516207337379456
CC(C)C[C@H](NC(=O)[C@H](CCc1ccccc1)NC(=O)CN1CCOCC1)C(=O)N[C@@H](Cc1ccccc1)C(=O)N[C@@H](CC(C)C)C(=O)[C@@]1(C)CO1,MCF7,[1*]C(=O)[C@@H]([4*])CC[8*],0.009301673620939255,0.019949328154325485,-0.01064765453338623
CC(C)C[C@H](NC(=O)[C@H](CCc1ccccc1)NC(=O)CN1CCOCC1)C(=O)N[C@@H](Cc1ccccc1)C(=O)N[C@@H](CC(C)C)C(=O)[C@@]1(C)CO1,MCF7,[1*]C(=O)[C@@H]([4*])CC(C)C,0.009301673620939255,0.02071228250861168,-0.011410608887672424
CC(C)C[C@H](NC(=O)[C@H](CCc1ccccc1)NC(=O)CN1CCOCC1)C(=O)N[C@@H](Cc1ccccc1)C(=O)N[C@@H](CC(C)C)C(=O)[C@@]1(C)CO1,MCF7,[5*]N1CCOCC1,0.009301673620939255,0.021962400525808334,-0.01266072690486908
CC(C)C[C@H](NC(=O)[C@H](CCc1ccccc1)NC(=O)CN1CCOCC1)C(=O)N[C@@H](Cc1ccccc1)C(=O)N[C@@H](CC(C)C)C(=O)[C@@]1(C)CO1,MCF7,[16*]c1ccccc1,0.009301673620939255,0.01864488795399666,-0.009343214333057404
CC(C)C[C@H](NC(=O)[C@H](CCc1ccccc1)NC(=O)CN1CCOCC1)C(=O)N[C@@H](Cc1ccccc1)C(=O)N[C@@H](CC(C)C)C(=O)[C@@]1(C)CO1,MCF7,[1*]C(=O)C[4*],0.009301673620939255,0.0196145661175251,-0.010312892496585846
CC(C)C[C@H](NC(=O)[C@H](CCc1ccccc1)NC(=O)CN1CCOCC1)C(=O)N[C@@H](Cc1ccccc1)C(=O)N[C@@H](CC(C)C)C(=O)[C@@]1(C)CO1,MCF7,[4*][C@@H](CC(C)C)C([6*])=O,0.009301673620939255,0.01825675740838051,-0.008955083787441254
CC(C)C[C@H](NC(=O)[C@H](CCc1ccccc1)NC(=O)CN1CCOCC1)C(=O)N[C@@H](Cc1ccccc1)C(=O)N[C@@H](CC(C)C)C(=O)[C@@]1(C)CO1,MCF7,[1*]C(=O)[C@@H]([4*])C[8*],0.009301673620939255,0.018464531749486923,-0.009162858128547668
CC(C)C[C@H](NC(=O)[C@H](CCc1ccccc1)NC(=O)CN1CCOCC1)C(=O)N[C@@H](Cc1ccccc1)C(=O)N[C@@H](CC(C)C)C(=O)[C@@]1(C)CO1,MCF7,[5*]N[5*],0.009301673620939255,0.018540021032094955,-0.0092383474111557
Nc1nc(=O)c2nc(CNc3ccc(cc3)C(=O)N[C@@H](CCC(O)=O)C(O)=O)cnc2[nH]1,MCF7,[14*]c1cnc2[nH]c(N)nc(=O)c2n1,0.005650904029607773,0.016057442873716354,-0.010406538844108582
Nc1nc(=O)c2nc(CNc3ccc(cc3)C(=O)N[C@@H](CCC(O)=O)C(O)=O)cnc2[nH]1,MCF7,[4*][C@@H](CCC(=O)O)C(=O)O,0.005650904029607773,0.015351660549640656,-0.009700756520032883
Nc1nc(=O)c2nc(CNc3ccc(cc3)C(=O)N[C@@H](CCC(O)=O)C(O)=O)cnc2[nH]1,MCF7,[4*]C[8*],0.005650904029607773,0.007191557437181473,-0.0015406534075737
Nc1nc(=O)c2nc(CNc3ccc(cc3)C(=O)N[C@@H](CCC(O)=O)C(O)=O)cnc2[nH]1,MCF7,[1*]C([6*])=O,0.005650904029607773,0.00829242542386055,-0.002641521394252777
Nc1nc(=O)c2nc(CNc3ccc(cc3)C(=O)N[C@@H](CCC(O)=O)C(O)=O)cnc2[nH]1,MCF7,[16*]c1ccc([16*])cc1,0.005650904029607773,0.009679887443780899,-0.004028983414173126
Nc1nc(=O)c2nc(CNc3ccc(cc3)C(=O)N[C@@H](CCC(O)=O)C(O)=O)cnc2[nH]1,MCF7,[5*]N[5*],0.005650904029607773,0.01360074058175087,-0.007949836552143097
CCN(c1ccccc1)c1cc(NC)[n+](C)c(C)n1,MCF7,[5*]NC,0.011693406850099564,0.019443605095148087,-0.007750198245048523
CCN(c1ccccc1)c1cc(NC)[n+](C)c(C)n1,MCF7,[16*]c1ccccc1,0.011693406850099564,0.019137952476739883,-0.00744454562664032
CCN(c1ccccc1)c1cc(NC)[n+](C)c(C)n1,MCF7,[5*]N([5*])[5*],0.011693406850099564,0.017810795456171036,-0.006117388606071472
CCN(c1ccccc1)c1cc(NC)[n+](C)c(C)n1,MCF7,[14*]c1cc([14*])[n+](C)c(C)n1,0.011693406850099564,0.016472607851028442,-0.004779201000928879
CCN(c1ccccc1)c1cc(NC)[n+](C)c(C)n1,MCF7,[4*]CC,0.011693406850099564,0.018408264964818954,-0.006714858114719391
CNCCCCOc1ccccc1Cc1ccccc1,MCF7,[5*]NC,0.01366126537322998,0.013895567506551743,-0.00023430213332176208
CNCCCCOc1ccccc1Cc1ccccc1,MCF7,[16*]c1ccccc1,0.01366126537322998,0.011370178312063217,0.0022910870611667633
CNCCCCOc1ccccc1Cc1ccccc1,MCF7,[16*]c1ccccc1[16*],0.01366126537322998,0.008664600551128387,0.004996664822101593
CNCCCCOc1ccccc1Cc1ccccc1,MCF7,[3*]O[3*],0.01366126537322998,0.01702059805393219,-0.0033593326807022095
CNCCCCOc1ccccc1Cc1ccccc1,MCF7,[8*]C[8*],0.01366126537322998,0.014677032828330994,-0.0010157674551010132
CNCCCCOc1ccccc1Cc1ccccc1,MCF7,[4*]CCCC[4*],0.01366126537322998,0.01293109729886055,0.0007301680743694305
OC(=O)CC[C@H]1CC[C@@](CC1)(c1cc(F)ccc1F)S(=O)(=O)c1ccc(Cl)cc1,MCF7,[8*]CCC(=O)O,0.012837100774049759,0.013688821345567703,-0.0008517205715179443
OC(=O)CC[C@H]1CC[C@@](CC1)(c1cc(F)ccc1F)S(=O)(=O)c1ccc(Cl)cc1,MCF7,[15*][C@H]1CC[C@@]([15*])(S(=O)(=O)c2ccc(Cl)cc2)CC1,0.012837100774049759,0.007395412772893906,0.005441688001155853
OC(=O)CC[C@H]1CC[C@@](CC1)(c1cc(F)ccc1F)S(=O)(=O)c1ccc(Cl)cc1,MCF7,[16*]c1cc(F)ccc1F,0.012837100774049759,0.0066157132387161255,0.006221387535333633
CN(C)C(=O)Oc1cccc(c1)[N+](C)(C)C,MCF7,[5*][N+](C)(C)C,0.010246407240629196,0.016562696546316147,-0.006316289305686951
CN(C)C(=O)Oc1cccc(c1)[N+](C)(C)C,MCF7,[3*]O[3*],0.010246407240629196,0.017817307263612747,-0.007570900022983551
CN(C)C(=O)Oc1cccc(c1)[N+](C)(C)C,MCF7,[5*]N(C)C,0.010246407240629196,0.010398495942354202,-0.0001520887017250061
CN(C)C(=O)Oc1cccc(c1)[N+](C)(C)C,MCF7,[16*]c1cccc([16*])c1,0.010246407240629196,0.006704732775688171,0.0035416744649410248
CN(C)C(=O)Oc1cccc(c1)[N+](C)(C)C,MCF7,[1*]C([1*])=O,0.010246407240629196,0.011960122734308243,-0.0017137154936790466
Cc1ccc(C(=O)Nc2ccc(Oc3cc4cnn(C)c4cc3-c3cn[nH]c3)c(F)c2)c(=O)n1-c1ccc(F)cc1,MCF7,[16*]c1cn[nH]c1,0.011027295142412186,0.02076520398259163,-0.009737908840179443
Cc1ccc(C(=O)Nc2ccc(Oc3cc4cnn(C)c4cc3-c3cn[nH]c3)c(F)c2)c(=O)n1-c1ccc(F)cc1,MCF7,[1*]C([6*])=O,0.011027295142412186,0.014691431075334549,-0.0036641359329223633
Cc1ccc(C(=O)Nc2ccc(Oc3cc4cnn(C)c4cc3-c3cn[nH]c3)c(F)c2)c(=O)n1-c1ccc(F)cc1,MCF7,[3*]O[3*],0.011027295142412186,0.01893630623817444,-0.007909011095762253
Cc1ccc(C(=O)Nc2ccc(Oc3cc4cnn(C)c4cc3-c3cn[nH]c3)c(F)c2)c(=O)n1-c1ccc(F)cc1,MCF7,[5*]N[5*],0.011027295142412186,0.018131621181964874,-0.007104326039552689
Cc1ccc(C(=O)Nc2ccc(Oc3cc4cnn(C)c4cc3-c3cn[nH]c3)c(F)c2)c(=O)n1-c1ccc(F)cc1,MCF7,[16*]c1ccc(F)cc1,0.011027295142412186,0.020378991961479187,-0.009351696819067001
Cc1ccc(C(=O)Nc2ccc(Oc3cc4cnn(C)c4cc3-c3cn[nH]c3)c(F)c2)c(=O)n1-c1ccc(F)cc1,MCF7,[16*]c1cc2cnn(C)c2cc1[16*],0.011027295142412186,0.019034970551729202,-0.008007675409317017
Cc1ccc(C(=O)Nc2ccc(Oc3cc4cnn(C)c4cc3-c3cn[nH]c3)c(F)c2)c(=O)n1-c1ccc(F)cc1,MCF7,[16*]c1ccc([16*])c(F)c1,0.011027295142412186,0.01908867433667183,-0.008061379194259644
Cc1ccc(C(=O)Nc2ccc(Oc3cc4cnn(C)c4cc3-c3cn[nH]c3)c(F)c2)c(=O)n1-c1ccc(F)cc1,MCF7,[9*]n1c(C)ccc([16*])c1=O,0.011027295142412186,0.019177816808223724,-0.008150521665811539
FC(F)(F)c1ccc(\C=C\c2nc(COc3ccc(CCCCn4ccnn4)cc3)co2)cc1,MCF7,[7*]C[8*],0.015434004366397858,0.011587120592594147,0.003846883773803711
FC(F)(F)c1ccc(\C=C\c2nc(COc3ccc(CCCCn4ccnn4)cc3)co2)cc1,MCF7,[14*]c1coc([14*])n1,0.015434004366397858,0.009881515055894852,0.005552489310503006
FC(F)(F)c1ccc(\C=C\c2nc(COc3ccc(CCCCn4ccnn4)cc3)co2)cc1,MCF7,[9*]n1ccnn1,0.015434004366397858,0.013460464775562286,0.0019735395908355713
FC(F)(F)c1ccc(\C=C\c2nc(COc3ccc(CCCCn4ccnn4)cc3)co2)cc1,MCF7,[4*]C[8*],0.015434004366397858,0.016534890979528427,-0.0011008866131305695
FC(F)(F)c1ccc(\C=C\c2nc(COc3ccc(CCCCn4ccnn4)cc3)co2)cc1,MCF7,[8*]C(F)(F)F,0.015434004366397858,0.016252223402261734,-0.0008182190358638763
FC(F)(F)c1ccc(\C=C\c2nc(COc3ccc(CCCCn4ccnn4)cc3)co2)cc1,MCF7,[8*]CCCC[8*],0.015434004366397858,0.015635523945093155,-0.00020151957869529724
FC(F)(F)c1ccc(\C=C\c2nc(COc3ccc(CCCCn4ccnn4)cc3)co2)cc1,MCF7,[3*]O[3*],0.015434004366397858,0.021568436175584793,-0.006134431809186935
FC(F)(F)c1ccc(\C=C\c2nc(COc3ccc(CCCCn4ccnn4)cc3)co2)cc1,MCF7,[16*]c1ccc([16*])cc1,0.015434004366397858,0.01288606971502304,0.002547934651374817
CCN(CC)CCN(Cc1ccc(cc1)-c1ccc(cc1)C(F)(F)F)C(=O)Cn1c2CCCc2c(=O)nc1SCc1ccc(F)cc1,MCF7,[9*]n1c([14*])nc(=O)c2c1CCC2,0.008827123790979385,0.022327620536088943,-0.013500496745109558
CCN(CC)CCN(Cc1ccc(cc1)-c1ccc(cc1)C(F)(F)F)C(=O)Cn1c2CCCc2c(=O)nc1SCc1ccc(F)cc1,MCF7,[4*]C[8*],0.008827123790979385,0.013084929436445236,-0.004257805645465851
CCN(CC)CCN(Cc1ccc(cc1)-c1ccc(cc1)C(F)(F)F)C(=O)Cn1c2CCCc2c(=O)nc1SCc1ccc(F)cc1,MCF7,[1*]C(=O)C[8*],0.008827123790979385,0.017440199851989746,-0.00861307606101036
CCN(CC)CCN(Cc1ccc(cc1)-c1ccc(cc1)C(F)(F)F)C(=O)Cn1c2CCCc2c(=O)nc1SCc1ccc(F)cc1,MCF7,[5*]N([5*])[5*],0.008827123790979385,0.015702825039625168,-0.0068757012486457825
CCN(CC)CCN(Cc1ccc(cc1)-c1ccc(cc1)C(F)(F)F)C(=O)Cn1c2CCCc2c(=O)nc1SCc1ccc(F)cc1,MCF7,[8*]C(F)(F)F,0.008827123790979385,0.01629570499062538,-0.007468581199645996
CCN(CC)CCN(Cc1ccc(cc1)-c1ccc(cc1)C(F)(F)F)C(=O)Cn1c2CCCc2c(=O)nc1SCc1ccc(F)cc1,MCF7,[16*]c1ccc([16*])cc1,0.008827123790979385,0.014550480991601944,-0.005723357200622559
CCN(CC)CCN(Cc1ccc(cc1)-c1ccc(cc1)C(F)(F)F)C(=O)Cn1c2CCCc2c(=O)nc1SCc1ccc(F)cc1,MCF7,[16*]c1ccc(F)cc1,0.008827123790979385,0.016109835356473923,-0.007282711565494537
CCN(CC)CCN(Cc1ccc(cc1)-c1ccc(cc1)C(F)(F)F)C(=O)Cn1c2CCCc2c(=O)nc1SCc1ccc(F)cc1,MCF7,[4*]CC,0.008827123790979385,0.015957947820425034,-0.007130824029445648
CCN(CC)CCN(Cc1ccc(cc1)-c1ccc(cc1)C(F)(F)F)C(=O)Cn1c2CCCc2c(=O)nc1SCc1ccc(F)cc1,MCF7,[4*]CC[4*],0.008827123790979385,0.015792474150657654,-0.006965350359678268
CCN(CC)CCN(Cc1ccc(cc1)-c1ccc(cc1)C(F)(F)F)C(=O)Cn1c2CCCc2c(=O)nc1SCc1ccc(F)cc1,MCF7,[11*]S[11*],0.008827123790979385,0.016411948949098587,-0.007584825158119202
CC(C)(Oc1ccc(Cl)cc1)C(O)=O,MCF7,[3*]O[3*],0.0149545818567276,0.017702806740999222,-0.0027482248842716217
CC(C)(Oc1ccc(Cl)cc1)C(O)=O,MCF7,[4*]C(C)(C)C(=O)O,0.0149545818567276,0.004746038466691971,0.01020854339003563
CC(C)(Oc1ccc(Cl)cc1)C(O)=O,MCF7,[16*]c1ccc(Cl)cc1,0.0149545818567276,-0.003655083477497101,0.0186096653342247
N#Cc1cc(cc(c1)-c1ccnc(Nc2ccc(cc2)-n2cnc(n2)-c2cccnc2)n1)N1CCOCC1,MCF7,[5*]N1CCOCC1,0.011227507144212723,0.016367416828870773,-0.0051399096846580505
N#Cc1cc(cc(c1)-c1ccnc(Nc2ccc(cc2)-n2cnc(n2)-c2cccnc2)n1)N1CCOCC1,MCF7,[16*]c1cccnc1,0.011227507144212723,0.01630678027868271,-0.005079273134469986
N#Cc1cc(cc(c1)-c1ccnc(Nc2ccc(cc2)-n2cnc(n2)-c2cccnc2)n1)N1CCOCC1,MCF7,[16*]c1cc([16*])cc(C#N)c1,0.011227507144212723,0.019740339368581772,-0.008512832224369049
N#Cc1cc(cc(c1)-c1ccnc(Nc2ccc(cc2)-n2cnc(n2)-c2cccnc2)n1)N1CCOCC1,MCF7,[9*]n1cnc([14*])n1,0.011227507144212723,0.020300965756177902,-0.00907345861196518
N#Cc1cc(cc(c1)-c1ccnc(Nc2ccc(cc2)-n2cnc(n2)-c2cccnc2)n1)N1CCOCC1,MCF7,[16*]c1ccc([16*])cc1,0.011227507144212723,0.018409747630357742,-0.0071822404861450195
N#Cc1cc(cc(c1)-c1ccnc(Nc2ccc(cc2)-n2cnc(n2)-c2cccnc2)n1)N1CCOCC1,MCF7,[5*]N[5*],0.011227507144212723,0.01815343275666237,-0.006925925612449646
N#Cc1cc(cc(c1)-c1ccnc(Nc2ccc(cc2)-n2cnc(n2)-c2cccnc2)n1)N1CCOCC1,MCF7,[14*]c1ccnc([14*])n1,0.011227507144212723,0.020671535283327103,-0.00944402813911438
COC(=O)[C@@H]1C[C@H](OC(C)=O)C(=O)[C@H]2[C@@]1(C)CC[C@H]1C(=O)O[C@@H](C[C@]21C)c1ccoc1,MCF7,[16*]c1ccoc1,0.00501052662730217,0.011592470109462738,-0.006581943482160568
COC(=O)[C@@H]1C[C@H](OC(C)=O)C(=O)[C@H]2[C@@]1(C)CC[C@H]1C(=O)O[C@@H](C[C@]21C)c1ccoc1,MCF7,[1*]C([6*])=O,0.00501052662730217,0.013962067663669586,-0.008951541036367416
COC(=O)[C@@H]1C[C@H](OC(C)=O)C(=O)[C@H]2[C@@]1(C)CC[C@H]1C(=O)O[C@@H](C[C@]21C)c1ccoc1,MCF7,[3*]O[3*],0.00501052662730217,0.014269959181547165,-0.009259432554244995
COC(=O)[C@@H]1C[C@H](OC(C)=O)C(=O)[C@H]2[C@@]1(C)CC[C@H]1C(=O)O[C@@H](C[C@]21C)c1ccoc1,MCF7,[13*][C@@H]1C[C@]2(C)[C@H]3C(=O)[C@@H]([15*])C[C@@H]([15*])[C@]3(C)CC[C@H]2C(=O)O1,0.00501052662730217,0.008420348167419434,-0.003409821540117264
COC(=O)[C@@H]1C[C@H](OC(C)=O)C(=O)[C@H]2[C@@]1(C)CC[C@H]1C(=O)O[C@@H](C[C@]21C)c1ccoc1,MCF7,[3*]OC,0.00501052662730217,0.014318842440843582,-0.009308315813541412
COC(=O)[C@@H]1C[C@H](OC(C)=O)C(=O)[C@H]2[C@@]1(C)CC[C@H]1C(=O)O[C@@H](C[C@]21C)c1ccoc1,MCF7,[1*]C(C)=O,0.00501052662730217,0.014057058840990067,-0.009046532213687897
CN1CCN(CCCN2c3ccccc3Sc3ccc(Cl)cc23)CC1,MCF7,[4*]CCC[4*],0.007069800049066544,0.015161383897066116,-0.008091583847999573
CN1CCN(CCCN2c3ccccc3Sc3ccc(Cl)cc23)CC1,MCF7,[5*]N1CCN(C)CC1,0.007069800049066544,0.01156635582447052,-0.0044965557754039764
CN1CCN(CCCN2c3ccccc3Sc3ccc(Cl)cc23)CC1,MCF7,[5*]N1c2ccccc2Sc2ccc(Cl)cc21,0.007069800049066544,0.005054648965597153,0.002015151083469391
CN(C)CCC(=O)O[C@@H]1[C@H](OC(C)=O)[C@@]2(C)O[C@](C)(CC(=O)[C@]2(O)[C@@]2(C)[C@@H](O)CCC(C)(C)[C@H]12)C=C,MCF7,[1*]C(=O)CC[4*],0.00874052569270134,0.0075753070414066315,0.0011652186512947083
CN(C)CCC(=O)O[C@@H]1[C@H](OC(C)=O)[C@@]2(C)O[C@](C)(CC(=O)[C@]2(O)[C@@]2(C)[C@@H](O)CCC(C)(C)[C@H]12)C=C,MCF7,[15*][C@H]1[C@H]2C(C)(C)CC[C@H](O)[C@]2(C)[C@@]2(O)C(=O)C[C@](C)(C=C)O[C@]2(C)[C@H]1[15*],0.00874052569270134,0.0024747811257839203,0.006265744566917419
CN(C)CCC(=O)O[C@@H]1[C@H](OC(C)=O)[C@@]2(C)O[C@](C)(CC(=O)[C@]2(O)[C@@]2(C)[C@@H](O)CCC(C)(C)[C@H]12)C=C,MCF7,[3*]O[3*],0.00874052569270134,0.007557544857263565,0.0011829808354377747
CN(C)CCC(=O)O[C@@H]1[C@H](OC(C)=O)[C@@]2(C)O[C@](C)(CC(=O)[C@]2(O)[C@@]2(C)[C@@H](O)CCC(C)(C)[C@H]12)C=C,MCF7,[5*]N(C)C,0.00874052569270134,0.00710861012339592,0.00163191556930542
CN(C)CCC(=O)O[C@@H]1[C@H](OC(C)=O)[C@@]2(C)O[C@](C)(CC(=O)[C@]2(O)[C@@]2(C)[C@@H](O)CCC(C)(C)[C@H]12)C=C,MCF7,[1*]C(C)=O,0.00874052569270134,0.0068017542362213135,0.0019387714564800262
COc1nccc(n1)-c1c(ncn1C1CCNCC1)-c1ccc(F)cc1,MCF7,[9*]n1cnc([14*])c1[14*],0.0022907257080078125,0.016925793141126633,-0.01463506743311882
COc1nccc(n1)-c1c(ncn1C1CCNCC1)-c1ccc(F)cc1,MCF7,[15*]C1CCNCC1,0.0022907257080078125,0.01647206023335457,-0.014181334525346756
COc1nccc(n1)-c1c(ncn1C1CCNCC1)-c1ccc(F)cc1,MCF7,[16*]c1ccc(F)cc1,0.0022907257080078125,0.019347384572029114,-0.0170566588640213
COc1nccc(n1)-c1c(ncn1C1CCNCC1)-c1ccc(F)cc1,MCF7,[14*]c1ccnc([14*])n1,0.0022907257080078125,0.01773810014128685,-0.015447374433279037
COc1nccc(n1)-c1c(ncn1C1CCNCC1)-c1ccc(F)cc1,MCF7,[3*]OC,0.0022907257080078125,0.016069818288087845,-0.013779092580080032
N[C@@H](CC(=O)N1CCn2c(C1)nnc2C(F)(F)F)Cc1cc(F)c(F)cc1F,MCF7,[1*]C(=O)C[C@H](N)C[8*],0.0053199417889118195,0.010651346296072006,-0.005331404507160187
N[C@@H](CC(=O)N1CCn2c(C1)nnc2C(F)(F)F)Cc1cc(F)c(F)cc1F,MCF7,[5*]N1CCn2c([14*])nnc2C1,0.0053199417889118195,0.008110899478197098,-0.0027909576892852783
N[C@@H](CC(=O)N1CCn2c(C1)nnc2C(F)(F)F)Cc1cc(F)c(F)cc1F,MCF7,[8*]C(F)(F)F,0.0053199417889118195,0.013897594064474106,-0.008577652275562286
N[C@@H](CC(=O)N1CCn2c(C1)nnc2C(F)(F)F)Cc1cc(F)c(F)cc1F,MCF7,[16*]c1cc(F)c(F)cc1F,0.0053199417889118195,0.008226443082094193,-0.002906501293182373
[O-][N+](=O)c1cc2[nH]c(=O)c(=O)[nH]c2cc1C#N,MCF7,N#Cc1cc2[nH]c(=O)c(=O)[nH]c2cc1[N+](=O)[O-],0.0036803707480430603,0.015004094690084457,-0.011323723942041397
NC(=O)CN1CCCC1=O,MCF7,[10*]N1CCCC1=O,8.780881762504578e-05,0.005174767225980759,-0.005086958408355713
NC(=O)CN1CCCC1=O,MCF7,[8*]CC(N)=O,8.780881762504578e-05,0.012794550508260727,-0.012706741690635681
COc1cc(OC)c(C(=O)CCCN2CCCC2)c(OC)c1,MCF7,[5*]N1CCCC1,0.002010032534599304,0.015567835420370102,-0.013557802885770798
COc1cc(OC)c(C(=O)CCCN2CCCC2)c(OC)c1,MCF7,[16*]c1cc([16*])c([16*])c([16*])c1,0.002010032534599304,0.007987435907125473,-0.005977403372526169
COc1cc(OC)c(C(=O)CCCN2CCCC2)c(OC)c1,MCF7,[4*]CCCC([6*])=O,0.002010032534599304,0.017127614468336105,-0.015117581933736801
COc1cc(OC)c(C(=O)CCCN2CCCC2)c(OC)c1,MCF7,[3*]OC,0.002010032534599304,0.018575254827737808,-0.016565222293138504
N#CC[C@@H](C1CCCC1)n1cc(cn1)-c1ncnc2[nH]ccc12,MCF7,[15*]C1CCCC1,0.010809067636728287,0.015486527234315872,-0.0046774595975875854
N#CC[C@@H](C1CCCC1)n1cc(cn1)-c1ncnc2[nH]ccc12,MCF7,[8*]C([8*])CC#N,0.010809067636728287,0.019103851169347763,-0.008294783532619476
N#CC[C@@H](C1CCCC1)n1cc(cn1)-c1ncnc2[nH]ccc12,MCF7,[9*]n1cc([16*])cn1,0.010809067636728287,0.015438709408044815,-0.004629641771316528
N#CC[C@@H](C1CCCC1)n1cc(cn1)-c1ncnc2[nH]ccc12,MCF7,[14*]c1ncnc2[nH]ccc12,0.010809067636728287,0.01564643904566765,-0.004837371408939362
COc1ccc(CCO[C@@H]2CCCC[C@H]2N2CC[C@@H](O)C2)cc1OC,MCF7,[5*]N1CC[C@@H](O)C1,0.011885546147823334,0.023342806845903397,-0.011457260698080063
COc1ccc(CCO[C@@H]2CCCC[C@H]2N2CC[C@@H](O)C2)cc1OC,MCF7,[3*]O[3*],0.011885546147823334,0.024021413177251816,-0.012135867029428482
COc1ccc(CCO[C@@H]2CCCC[C@H]2N2CC[C@@H](O)C2)cc1OC,MCF7,[4*]CC[8*],0.011885546147823334,0.02182741090655327,-0.009941864758729935
COc1ccc(CCO[C@@H]2CCCC[C@H]2N2CC[C@@H](O)C2)cc1OC,MCF7,[15*][C@@H]1CCCC[C@H]1[15*],0.011885546147823334,0.019238848239183426,-0.007353302091360092
COc1ccc(CCO[C@@H]2CCCC[C@H]2N2CC[C@@H](O)C2)cc1OC,MCF7,[16*]c1ccc([16*])c([16*])c1,0.011885546147823334,0.01520148292183876,-0.0033159367740154266
COc1ccc(CCO[C@@H]2CCCC[C@H]2N2CC[C@@H](O)C2)cc1OC,MCF7,[3*]OC,0.011885546147823334,0.022983450442552567,-0.011097904294729233
COC(=O)[C@@H]1CC2=CC(=O)CC[C@]2(C)[C@@]23O[C@@H]2C[C@@]2(C)[C@@H](CC[C@@]22CCC(=O)O2)[C@H]13,MCF7,[1*]C([6*])=O,0.001461569219827652,0.006616458296775818,-0.005154889076948166
COC(=O)[C@@H]1CC2=CC(=O)CC[C@]2(C)[C@@]23O[C@@H]2C[C@@]2(C)[C@@H](CC[C@@]22CCC(=O)O2)[C@H]13,MCF7,[15*][C@@H]1CC2=CC(=O)CC[C@]2(C)[C@@]23O[C@@H]2C[C@@]2(C)[C@@H](CC[C@@]24CCC(=O)O4)[C@H]13,0.001461569219827652,-0.0013614557683467865,0.0028230249881744385
COC(=O)[C@@H]1CC2=CC(=O)CC[C@]2(C)[C@@]23O[C@@H]2C[C@@]2(C)[C@@H](CC[C@@]22CCC(=O)O2)[C@H]13,MCF7,[3*]OC,0.001461569219827652,0.007685258984565735,-0.006223689764738083
Cc1ccccc1CN1C2=NCCN2C(=O)C2=C1CCN(Cc1ccccc1)C2,MCF7,[5*]N1CCC2=C(C1)C(=O)N1CCN=C1N2[5*],0.0014302358031272888,0.008567709475755692,-0.007137473672628403
Cc1ccccc1CN1C2=NCCN2C(=O)C2=C1CCN(Cc1ccccc1)C2,MCF7,[16*]c1ccccc1,0.0014302358031272888,0.010073058307170868,-0.008642822504043579
Cc1ccccc1CN1C2=NCCN2C(=O)C2=C1CCN(Cc1ccccc1)C2,MCF7,[4*]C[8*],0.0014302358031272888,0.015147160738706589,-0.0137169249355793
Cc1ccccc1CN1C2=NCCN2C(=O)C2=C1CCN(Cc1ccccc1)C2,MCF7,[16*]c1ccccc1C,0.0014302358031272888,0.008988231420516968,-0.007557995617389679
COc1cc(OC)c2c(c1)[nH]c(nc2=O)-c1cc(C)c(OCCO)c(C)c1,MCF7,[4*]CCO,0.00144181028008461,0.01661396399140358,-0.01517215371131897
COc1cc(OC)c2c(c1)[nH]c(nc2=O)-c1cc(C)c(OCCO)c(C)c1,MCF7,[3*]O[3*],0.00144181028008461,0.01676587387919426,-0.01532406359910965
COc1cc(OC)c2c(c1)[nH]c(nc2=O)-c1cc(C)c(OCCO)c(C)c1,MCF7,[14*]c1nc(=O)c2c([16*])cc([16*])cc2[nH]1,0.00144181028008461,0.011765662580728531,-0.010323852300643921
COc1cc(OC)c2c(c1)[nH]c(nc2=O)-c1cc(C)c(OCCO)c(C)c1,MCF7,[16*]c1cc(C)c([16*])c(C)c1,0.00144181028008461,0.008994754403829575,-0.007552944123744965
COc1cc(OC)c2c(c1)[nH]c(nc2=O)-c1cc(C)c(OCCO)c(C)c1,MCF7,[3*]OC,0.00144181028008461,0.01889234036207199,-0.01745053008198738
OC(=O)C[C@H]1CC[C@@H](CC1)c1ccc(cc1)-c1ccc(Nc2ccc(nc2)C(F)(F)F)cn1,MCF7,[15*][C@H]1CC[C@H]([15*])CC1,0.013140346854925156,0.01833999529480934,-0.005199648439884186
OC(=O)C[C@H]1CC[C@@H](CC1)c1ccc(cc1)-c1ccc(Nc2ccc(nc2)C(F)(F)F)cn1,MCF7,[8*]CC(=O)O,0.013140346854925156,0.02327064797282219,-0.010130301117897034
OC(=O)C[C@H]1CC[C@@H](CC1)c1ccc(cc1)-c1ccc(Nc2ccc(nc2)C(F)(F)F)cn1,MCF7,[8*]C(F)(F)F,0.013140346854925156,0.023051034659147263,-0.009910687804222107
OC(=O)C[C@H]1CC[C@@H](CC1)c1ccc(cc1)-c1ccc(Nc2ccc(nc2)C(F)(F)F)cn1,MCF7,[14*]c1ccc([16*])cn1,0.013140346854925156,0.01706456020474434,-0.003924213349819183
OC(=O)C[C@H]1CC[C@@H](CC1)c1ccc(cc1)-c1ccc(Nc2ccc(nc2)C(F)(F)F)cn1,MCF7,[5*]N[5*],0.013140346854925156,0.02018582448363304,-0.007045477628707886
OC(=O)C[C@H]1CC[C@@H](CC1)c1ccc(cc1)-c1ccc(Nc2ccc(nc2)C(F)(F)F)cn1,MCF7,[16*]c1ccc([16*])cc1,0.013140346854925156,0.01728372648358345,-0.004143379628658295
NC(=O)c1cn(Cc2c(F)cccc2F)nn1,MCF7,[8*]C[8*],0.005472317337989807,0.013132516294717789,-0.007660198956727982
NC(=O)c1cn(Cc2c(F)cccc2F)nn1,MCF7,[6*]C(N)=O,0.005472317337989807,0.00873928889632225,-0.0032669715583324432
NC(=O)c1cn(Cc2c(F)cccc2F)nn1,MCF7,[16*]c1c(F)cccc1F,0.005472317337989807,0.018210478127002716,-0.012738160789012909
NC(=O)c1cn(Cc2c(F)cccc2F)nn1,MCF7,[9*]n1cc([14*])nn1,0.005472317337989807,0.011242982000112534,-0.0057706646621227264
CNCC[C@@H](Oc1ccccc1C)c1ccccc1,MCF7,[4*]CC[C@@H]([4*])[8*],0.011752188205718994,0.009583238512277603,0.002168949693441391
CNCC[C@@H](Oc1ccccc1C)c1ccccc1,MCF7,[16*]c1ccccc1,0.011752188205718994,0.01318972185254097,-0.0014375336468219757
CNCC[C@@H](Oc1ccccc1C)c1ccccc1,MCF7,[5*]NC,0.011752188205718994,0.014357466250658035,-0.002605278044939041
CNCC[C@@H](Oc1ccccc1C)c1ccccc1,MCF7,[3*]O[3*],0.011752188205718994,0.018107715994119644,-0.00635552778840065
CNCC[C@@H](Oc1ccccc1C)c1ccccc1,MCF7,[16*]c1ccccc1C,0.011752188205718994,0.005929145961999893,0.005823042243719101
C1CN(C1)CC2CC(C2)N3C=C(C4=C3N=CN=C4N)C5=CC(=CC=C5)OCC6=CC=CC=C6,MCF7,[15*]C1CC([15*])C1,0.007390465587377548,0.019740384072065353,-0.012349918484687805
C1CN(C1)CC2CC(C2)N3C=C(C4=C3N=CN=C4N)C5=CC(=CC=C5)OCC6=CC=CC=C6,MCF7,[16*]c1ccccc1,0.007390465587377548,0.01894788071513176,-0.011557415127754211
C1CN(C1)CC2CC(C2)N3C=C(C4=C3N=CN=C4N)C5=CC(=CC=C5)OCC6=CC=CC=C6,MCF7,[4*]C[8*],0.007390465587377548,0.02130400389432907,-0.013913538306951523
C1CN(C1)CC2CC(C2)N3C=C(C4=C3N=CN=C4N)C5=CC(=CC=C5)OCC6=CC=CC=C6,MCF7,[3*]O[3*],0.007390465587377548,0.024003755301237106,-0.016613289713859558
C1CN(C1)CC2CC(C2)N3C=C(C4=C3N=CN=C4N)C5=CC(=CC=C5)OCC6=CC=CC=C6,MCF7,[9*]n1cc([16*])c2c(N)ncnc21,0.007390465587377548,0.01894145831465721,-0.011550992727279663
C1CN(C1)CC2CC(C2)N3C=C(C4=C3N=CN=C4N)C5=CC(=CC=C5)OCC6=CC=CC=C6,MCF7,[5*]N1CCC1,0.007390465587377548,0.021633312106132507,-0.014242846518754959
C1CN(C1)CC2CC(C2)N3C=C(C4=C3N=CN=C4N)C5=CC(=CC=C5)OCC6=CC=CC=C6,MCF7,[16*]c1cccc([16*])c1,0.007390465587377548,0.018328797072172165,-0.010938331484794617
COc1cc2ncnc(Oc3cccc(NC(=O)Nc4cc(on4)C(C)(C)C(F)(F)F)c3)c2cc1OC,MCF7,[8*]C(C)(C)C(F)(F)F,0.009523775428533554,0.019527550786733627,-0.010003775358200073
COc1cc2ncnc(Oc3cccc(NC(=O)Nc4cc(on4)C(C)(C)C(F)(F)F)c3)c2cc1OC,MCF7,[14*]c1ncnc2cc([16*])c([16*])cc12,0.009523775428533554,0.020689141005277634,-0.01116536557674408
COc1cc2ncnc(Oc3cccc(NC(=O)Nc4cc(on4)C(C)(C)C(F)(F)F)c3)c2cc1OC,MCF7,[14*]c1cc([14*])on1,0.009523775428533554,0.021716702729463577,-0.012192927300930023
COc1cc2ncnc(Oc3cccc(NC(=O)Nc4cc(on4)C(C)(C)C(F)(F)F)c3)c2cc1OC,MCF7,[3*]O[3*],0.009523775428533554,0.025185678154230118,-0.015661902725696564
COc1cc2ncnc(Oc3cccc(NC(=O)Nc4cc(on4)C(C)(C)C(F)(F)F)c3)c2cc1OC,MCF7,[5*]N[5*],0.009523775428533554,0.02371187135577202,-0.014188095927238464
COc1cc2ncnc(Oc3cccc(NC(=O)Nc4cc(on4)C(C)(C)C(F)(F)F)c3)c2cc1OC,MCF7,[16*]c1cccc([16*])c1,0.009523775428533554,0.02165469154715538,-0.012130916118621826
COc1cc2ncnc(Oc3cccc(NC(=O)Nc4cc(on4)C(C)(C)C(F)(F)F)c3)c2cc1OC,MCF7,[1*]C([1*])=O,0.009523775428533554,0.02213442325592041,-0.012610647827386856
COc1cc2ncnc(Oc3cccc(NC(=O)Nc4cc(on4)C(C)(C)C(F)(F)F)c3)c2cc1OC,MCF7,[3*]OC,0.009523775428533554,0.022499147802591324,-0.01297537237405777
Cc1c(Cn2ccnc2)c2ccccc2n1CCC(O)=O,MCF7,[9*]n1c(C)c([16*])c2ccccc21,0.01200682669878006,0.004685509949922562,0.007321316748857498
Cc1c(Cn2ccnc2)c2ccccc2n1CCC(O)=O,MCF7,[8*]C[8*],0.01200682669878006,0.013134695589542389,-0.001127868890762329
Cc1c(Cn2ccnc2)c2ccccc2n1CCC(O)=O,MCF7,[9*]n1ccnc1,0.01200682669878006,0.012927290052175522,-0.000920463353395462
Cc1c(Cn2ccnc2)c2ccccc2n1CCC(O)=O,MCF7,[8*]CCC(=O)O,0.01200682669878006,0.017916638404130936,-0.005909811705350876
Cc1[nH]c(=O)c(cc1-c1ccc2nccn2c1)C#N,MCF7,[16*]c1cc(C#N)c(=O)[nH]c1C,0.00016365572810173035,-0.00016881152987480164,0.000332467257976532
Cc1[nH]c(=O)c(cc1-c1ccc2nccn2c1)C#N,MCF7,[16*]c1ccc2nccn2c1,0.00016365572810173035,0.005092989653348923,-0.004929333925247192
O[C@H]1CCN2C[C@H](O)[C@@H](O)[C@H](O)[C@@H]12,MCF7,O[C@H]1[C@H](O)[C@@H](O)CN2CC[C@H](O)[C@H]12,0.003288786858320236,0.015004094690084457,-0.011715307831764221
OC(COc1cccc2oc(cc(=O)c12)C(O)=O)COc1cccc2oc(cc(=O)c12)C(O)=O,MCF7,[14*]c1cc(=O)c2c([16*])cccc2o1,-0.00254879891872406,-7.966533303260803e-05,-0.002469133585691452
OC(COc1cccc2oc(cc(=O)c12)C(O)=O)COc1cccc2oc(cc(=O)c12)C(O)=O,MCF7,[4*]CC(O)C[4*],-0.00254879891872406,0.0027369968593120575,-0.0052857957780361176
OC(COc1cccc2oc(cc(=O)c12)C(O)=O)COc1cccc2oc(cc(=O)c12)C(O)=O,MCF7,[3*]O[3*],-0.00254879891872406,0.007080979645252228,-0.009629778563976288
OC(COc1cccc2oc(cc(=O)c12)C(O)=O)COc1cccc2oc(cc(=O)c12)C(O)=O,MCF7,[6*]C(=O)O,-0.00254879891872406,0.003655780106782913,-0.006204579025506973
Cn1c(COP(=O)(NCCBr)NCCBr)cnc1[N+]([O-])=O,MCF7,[14*]c1cnc([N+](=O)[O-])n1C,-0.004050310701131821,-0.0017466358840465546,-0.002303674817085266
Cn1c(COP(=O)(NCCBr)NCCBr)cnc1[N+]([O-])=O,MCF7,[3*]OP(=O)(NCCBr)NCCBr,-0.004050310701131821,0.0020075030624866486,-0.006057813763618469
Cn1c(COP(=O)(NCCBr)NCCBr)cnc1[N+]([O-])=O,MCF7,[4*]C[8*],-0.004050310701131821,0.0005095861852169037,-0.004559896886348724
OC(=O)CCc1c[nH]c2ccccc12,MCF7,[16*]c1c[nH]c2ccccc12,0.0032635368406772614,0.00605623796582222,-0.0027927011251449585
OC(=O)CCc1c[nH]c2ccccc12,MCF7,[8*]CCC(=O)O,0.0032635368406772614,0.005715806037187576,-0.002452269196510315
Nc1nc2ccc(OC(F)(F)F)cc2s1,MCF7,[16*]c1ccc2nc(N)sc2c1,0.005285453051328659,-0.0015829317271709442,0.006868384778499603
Nc1nc2ccc(OC(F)(F)F)cc2s1,MCF7,[3*]OC(F)(F)F,0.005285453051328659,0.003597147762775421,0.001688305288553238
NC(=O)C(c1ccccc1)(c1ccc(F)cc1)c1ccc(F)cc1,MCF7,[16*]c1ccc(F)cc1,0.013333596289157867,0.0037545189261436462,0.009579077363014221
NC(=O)C(c1ccccc1)(c1ccc(F)cc1)c1ccc(F)cc1,MCF7,[16*]c1ccccc1,0.013333596289157867,0.00801476463675499,0.005318831652402878
NC(=O)C(c1ccccc1)(c1ccc(F)cc1)c1ccc(F)cc1,MCF7,[8*]C([8*])([8*])C(N)=O,0.013333596289157867,0.0011882446706295013,0.012145351618528366
FC(F)(F)c1cc(cc(c1)C(F)(F)F)-c1ncn(\C=C/C(=O)NNc2cnccn2)n1,MCF7,[14*]c1ncn(/C=C\C(=O)NNc2cnccn2)n1,0.0144243985414505,0.002598460763692856,0.011825937777757645
FC(F)(F)c1cc(cc(c1)C(F)(F)F)-c1ncn(\C=C/C(=O)NNc2cnccn2)n1,MCF7,[8*]C(F)(F)F,0.0144243985414505,0.023530829697847366,-0.009106431156396866
FC(F)(F)c1cc(cc(c1)C(F)(F)F)-c1ncn(\C=C/C(=O)NNc2cnccn2)n1,MCF7,[16*]c1cc([16*])cc([16*])c1,0.0144243985414505,0.005705151706933975,0.008719246834516525
CNC(=O)[C@@H](NC(=O)[C@H](CC(C)C)[C@H](O)C(=O)NO)C(C)(C)C,MCF7,[5*]NC,0.0006523989140987396,0.006808418780565262,-0.006156019866466522
CNC(=O)[C@@H](NC(=O)[C@H](CC(C)C)[C@H](O)C(=O)NO)C(C)(C)C,MCF7,[1*]C(=O)[C@H](CC(C)C)[C@H](O)C(=O)NO,0.0006523989140987396,0.009829644113779068,-0.009177245199680328
CNC(=O)[C@@H](NC(=O)[C@H](CC(C)C)[C@H](O)C(=O)NO)C(C)(C)C,MCF7,[5*]N[5*],0.0006523989140987396,0.007266968488693237,-0.006614569574594498
CNC(=O)[C@@H](NC(=O)[C@H](CC(C)C)[C@H](O)C(=O)NO)C(C)(C)C,MCF7,[1*]C(=O)[C@@H]([4*])C(C)(C)C,0.0006523989140987396,0.009140431880950928,-0.008488032966852188
NS(=O)(=O)c1cc2c(cc1Cl)N=C(CSCc1ccccc1)NS2(=O)=O,MCF7,[4*]C[8*],0.000872001051902771,0.006765455007553101,-0.00589345395565033
NS(=O)(=O)c1cc2c(cc1Cl)N=C(CSCc1ccccc1)NS2(=O)=O,MCF7,[16*]c1ccccc1,0.000872001051902771,0.004738952964544296,-0.0038669519126415253
NS(=O)(=O)c1cc2c(cc1Cl)N=C(CSCc1ccccc1)NS2(=O)=O,MCF7,[11*]S[11*],0.000872001051902771,0.008165139704942703,-0.007293138653039932
NS(=O)(=O)c1cc2c(cc1Cl)N=C(CSCc1ccccc1)NS2(=O)=O,MCF7,[4*]CC1=Nc2cc(Cl)c(S(N)(=O)=O)cc2S(=O)(=O)N1,0.000872001051902771,0.01594671979546547,-0.015074718743562698
CCC(=O)N(c1ccccc1)C1(COC)CCN(CCc2cccs2)CC1,MCF7,[16*]c1ccccc1,0.0038448162376880646,0.019851725548505783,-0.01600690931081772
CCC(=O)N(c1ccccc1)C1(COC)CCN(CCc2cccs2)CC1,MCF7,[4*]C[8*],0.0038448162376880646,0.02050146833062172,-0.016656652092933655
CCC(=O)N(c1ccccc1)C1(COC)CCN(CCc2cccs2)CC1,MCF7,[5*]N([5*])[5*],0.0038448162376880646,0.02195097878575325,-0.018106162548065186
CCC(=O)N(c1ccccc1)C1(COC)CCN(CCc2cccs2)CC1,MCF7,[4*]C1([15*])CCN([5*])CC1,0.0038448162376880646,0.01607838273048401,-0.012233566492795944
CCC(=O)N(c1ccccc1)C1(COC)CCN(CCc2cccs2)CC1,MCF7,[4*]CC[8*],0.0038448162376880646,0.019220534712076187,-0.015375718474388123
CCC(=O)N(c1ccccc1)C1(COC)CCN(CCc2cccs2)CC1,MCF7,[14*]c1cccs1,0.0038448162376880646,0.018409911543130875,-0.01456509530544281
CCC(=O)N(c1ccccc1)C1(COC)CCN(CCc2cccs2)CC1,MCF7,[1*]C(=O)CC,0.0038448162376880646,0.020101342350244522,-0.016256526112556458
CCC(=O)N(c1ccccc1)C1(COC)CCN(CCc2cccs2)CC1,MCF7,[3*]OC,0.0038448162376880646,0.019755128771066666,-0.0159103125333786
CCOC(=O)Nc1ccc2Sc3ccccc3N(C(=O)CCN3CCOCC3)c2c1,MCF7,[1*]C(=O)CC[4*],0.010743822902441025,0.020102638751268387,-0.009358815848827362
CCOC(=O)Nc1ccc2Sc3ccccc3N(C(=O)CCN3CCOCC3)c2c1,MCF7,[5*]N1CCOCC1,0.010743822902441025,0.018681813031435013,-0.007937990128993988
CCOC(=O)Nc1ccc2Sc3ccccc3N(C(=O)CCN3CCOCC3)c2c1,MCF7,[3*]O[3*],0.010743822902441025,0.01948559656739235,-0.008741773664951324
CCOC(=O)Nc1ccc2Sc3ccccc3N(C(=O)CCN3CCOCC3)c2c1,MCF7,[5*]N[5*],0.010743822902441025,0.017835240811109543,-0.007091417908668518
CCOC(=O)Nc1ccc2Sc3ccccc3N(C(=O)CCN3CCOCC3)c2c1,MCF7,[4*]CC,0.010743822902441025,0.01640145853161812,-0.0056576356291770935
CCOC(=O)Nc1ccc2Sc3ccccc3N(C(=O)CCN3CCOCC3)c2c1,MCF7,[1*]C([1*])=O,0.010743822902441025,0.017076026648283005,-0.00633220374584198
CCOC(=O)Nc1ccc2Sc3ccccc3N(C(=O)CCN3CCOCC3)c2c1,MCF7,[5*]N1c2ccccc2Sc2ccc([16*])cc21,0.010743822902441025,0.008901003748178482,0.0018428191542625427
CC(C)c1ccc(cc1S(C)(=O)=O)C(=O)N=C(N)N,MCF7,[6*]C(=O)N=C(N)N,0.0037044137716293335,0.014053937047719955,-0.010349523276090622
CC(C)c1ccc(cc1S(C)(=O)=O)C(=O)N=C(N)N,MCF7,[8*]C(C)C,0.0037044137716293335,0.006799124181270599,-0.003094710409641266
CC(C)c1ccc(cc1S(C)(=O)=O)C(=O)N=C(N)N,MCF7,[16*]c1ccc([16*])c(S(C)(=O)=O)c1,0.0037044137716293335,-0.0006579607725143433,0.004362374544143677
CN(C1CCN(CC1)c1nc2ccccc2n1Cc1ccc(F)cc1)c1nccc(=O)[nH]1,MCF7,[14*]c1nccc(=O)[nH]1,0.01316385343670845,0.020963799208402634,-0.007799945771694183
CN(C1CCN(CC1)c1nc2ccccc2n1Cc1ccc(F)cc1)c1nccc(=O)[nH]1,MCF7,[5*]N1CCC([15*])CC1,0.01316385343670845,0.015524540096521378,-0.0023606866598129272
CN(C1CCN(CC1)c1nc2ccccc2n1Cc1ccc(F)cc1)c1nccc(=O)[nH]1,MCF7,[5*]N([5*])C,0.01316385343670845,0.01972660794854164,-0.006562754511833191
CN(C1CCN(CC1)c1nc2ccccc2n1Cc1ccc(F)cc1)c1nccc(=O)[nH]1,MCF7,[9*]n1c([14*])nc2ccccc21,0.01316385343670845,0.015306662768125534,-0.0021428093314170837
CN(C1CCN(CC1)c1nc2ccccc2n1Cc1ccc(F)cc1)c1nccc(=O)[nH]1,MCF7,[8*]C[8*],0.01316385343670845,0.019170120358467102,-0.006006266921758652
CN(C1CCN(CC1)c1nc2ccccc2n1Cc1ccc(F)cc1)c1nccc(=O)[nH]1,MCF7,[16*]c1ccc(F)cc1,0.01316385343670845,0.01979890838265419,-0.00663505494594574
N[C@@H]1CCCN(C1)c1c(cccc1-c1ccccc1)\C=C1/SC(=O)NC1=O,MCF7,[7*]C1SC(=O)NC1=O,0.01169019564986229,0.017543990164995193,-0.005853794515132904
N[C@@H]1CCCN(C1)c1c(cccc1-c1ccccc1)\C=C1/SC(=O)NC1=O,MCF7,[7*]C[8*],0.01169019564986229,0.01695318892598152,-0.005262993276119232
N[C@@H]1CCCN(C1)c1c(cccc1-c1ccccc1)\C=C1/SC(=O)NC1=O,MCF7,[16*]c1ccccc1,0.01169019564986229,0.014126699417829514,-0.002436503767967224
N[C@@H]1CCCN(C1)c1c(cccc1-c1ccccc1)\C=C1/SC(=O)NC1=O,MCF7,[5*]N1CCC[C@@H](N)C1,0.01169019564986229,0.01719306781888008,-0.005502872169017792
N[C@@H]1CCCN(C1)c1c(cccc1-c1ccccc1)\C=C1/SC(=O)NC1=O,MCF7,[16*]c1cccc([16*])c1[16*],0.01169019564986229,0.013380918651819229,-0.0016907230019569397
CC(C)(C(=O)NCC(F)(F)C(F)(F)F)C(=O)N[C@H]1c2ccccc2-c2ccccc2NC1=O,MCF7,[4*]CC(F)(F)C(F)(F)F,0.005671240389347076,0.012134816497564316,-0.006463576108217239
CC(C)(C(=O)NCC(F)(F)C(F)(F)F)C(=O)N[C@H]1c2ccccc2-c2ccccc2NC1=O,MCF7,[5*]N[C@@H]1C(=O)Nc2ccccc2-c2ccccc21,0.005671240389347076,0.004189532250165939,0.001481708139181137
CC(C)(C(=O)NCC(F)(F)C(F)(F)F)C(=O)N[C@H]1c2ccccc2-c2ccccc2NC1=O,MCF7,[5*]N[5*],0.005671240389347076,0.013812940567731857,-0.008141700178384781
CC(C)(C(=O)NCC(F)(F)C(F)(F)F)C(=O)N[C@H]1c2ccccc2-c2ccccc2NC1=O,MCF7,[1*]C(=O)C(C)(C)C([1*])=O,0.005671240389347076,0.008689600974321365,-0.003018360584974289
OC(=O)c1cc(ccc1O)-c1ccc(F)cc1F,MCF7,[16*]c1ccc(O)c([16*])c1,0.008116822689771652,0.004970390349626541,0.003146432340145111
OC(=O)c1cc(ccc1O)-c1ccc(F)cc1F,MCF7,[6*]C(=O)O,0.008116822689771652,0.001792624592781067,0.006324198096990585
OC(=O)c1cc(ccc1O)-c1ccc(F)cc1F,MCF7,[16*]c1ccc(F)cc1F,0.008116822689771652,0.004452824592590332,0.00366399809718132
CC(C)c1ccc(cc1)C(=O)NCCOc1ccc(cc1)C(O)=O,MCF7,[8*]C(C)C,0.010227866470813751,0.01707225665450096,-0.00684439018368721
CC(C)c1ccc(cc1)C(=O)NCCOc1ccc(cc1)C(O)=O,MCF7,[6*]C(=O)O,0.010227866470813751,0.02057630941271782,-0.010348442941904068
CC(C)c1ccc(cc1)C(=O)NCCOc1ccc(cc1)C(O)=O,MCF7,[1*]C([6*])=O,0.010227866470813751,0.02066350355744362,-0.010435637086629868
CC(C)c1ccc(cc1)C(=O)NCCOc1ccc(cc1)C(O)=O,MCF7,[3*]O[3*],0.010227866470813751,0.0196918286383152,-0.00946396216750145
CC(C)c1ccc(cc1)C(=O)NCCOc1ccc(cc1)C(O)=O,MCF7,[5*]N[5*],0.010227866470813751,0.01725905016064644,-0.007031183689832687
CC(C)c1ccc(cc1)C(=O)NCCOc1ccc(cc1)C(O)=O,MCF7,[16*]c1ccc([16*])cc1,0.010227866470813751,0.011951219290494919,-0.0017233528196811676
CC(C)c1ccc(cc1)C(=O)NCCOc1ccc(cc1)C(O)=O,MCF7,[4*]CC[4*],0.010227866470813751,0.01619851216673851,-0.005970645695924759
CCC(C)(C)C(=O)O[C@H]1C[C@@H](C)C=C2C=C[C@H](C)[C@H](CC[C@@H]3C[C@@H](O)CC(=O)O3)[C@@H]12,MCF7,[15*][C@@H]1[C@@H]2C(=C[C@H](C)C[C@@H]2[15*])C=C[C@@H]1C,0.004867579787969589,0.00612260028719902,-0.0012550204992294312
CCC(C)(C)C(=O)O[C@H]1C[C@@H](C)C=C2C=C[C@H](C)[C@H](CC[C@@H]3C[C@@H](O)CC(=O)O3)[C@@H]12,MCF7,[1*]C(=O)C(C)(C)CC,0.004867579787969589,0.014118283987045288,-0.009250704199075699
CCC(C)(C)C(=O)O[C@H]1C[C@@H](C)C=C2C=C[C@H](C)[C@H](CC[C@@H]3C[C@@H](O)CC(=O)O3)[C@@H]12,MCF7,[8*]CC[8*],0.004867579787969589,0.008717749267816544,-0.0038501694798469543
CCC(C)(C)C(=O)O[C@H]1C[C@@H](C)C=C2C=C[C@H](C)[C@H](CC[C@@H]3C[C@@H](O)CC(=O)O3)[C@@H]12,MCF7,[3*]O[3*],0.004867579787969589,0.012909706681966782,-0.008042126893997192
CCC(C)(C)C(=O)O[C@H]1C[C@@H](C)C=C2C=C[C@H](C)[C@H](CC[C@@H]3C[C@@H](O)CC(=O)O3)[C@@H]12,MCF7,[13*][C@@H]1C[C@@H](O)CC(=O)O1,0.004867579787969589,0.011126819998025894,-0.006259240210056305
Nc1ccncc1,MCF7,Nc1ccncc1,0.0015543140470981598,0.015004094690084457,-0.013449780642986298
Nc1nc2n(COC(CO)CO)cnc2c(=O)[nH]1,MCF7,[3*]OC[8*],0.007314987480640411,0.007149558514356613,0.00016542896628379822
Nc1nc2n(COC(CO)CO)cnc2c(=O)[nH]1,MCF7,[9*]n1cnc2c(=O)[nH]c(N)nc21,0.007314987480640411,0.00687817856669426,0.00043680891394615173
Nc1nc2n(COC(CO)CO)cnc2c(=O)[nH]1,MCF7,[4*]C(CO)CO,0.007314987480640411,0.0023559555411338806,0.004959031939506531
C[C@@H]1CCCN1CCc1cc2cc(ccc2o1)-c1ccc(cc1)C#N,MCF7,[4*]CC[8*],0.006569769233465195,0.016008269041776657,-0.009438499808311462
C[C@@H]1CCCN1CCc1cc2cc(ccc2o1)-c1ccc(cc1)C#N,MCF7,[14*]c1cc2cc([16*])ccc2o1,0.006569769233465195,0.015964891761541367,-0.009395122528076172
C[C@@H]1CCCN1CCc1cc2cc(ccc2o1)-c1ccc(cc1)C#N,MCF7,[16*]c1ccc(C#N)cc1,0.006569769233465195,0.015881579369306564,-0.00931181013584137
C[C@@H]1CCCN1CCc1cc2cc(ccc2o1)-c1ccc(cc1)C#N,MCF7,[5*]N1CCC[C@H]1C,0.006569769233465195,0.018050003796815872,-0.011480234563350677
CC(C)(F)C[C@H](N[C@@H](c1ccc(cc1)-c1ccc(cc1)S(C)(=O)=O)C(F)(F)F)C(=O)NC1(CC1)C#N,MCF7,[16*]c1ccc(S(C)(=O)=O)cc1,0.007996473461389542,0.023119043558835983,-0.015122570097446442
CC(C)(F)C[C@H](N[C@@H](c1ccc(cc1)-c1ccc(cc1)S(C)(=O)=O)C(F)(F)F)C(=O)NC1(CC1)C#N,MCF7,[4*]C1(C#N)CC1,0.007996473461389542,0.01797325536608696,-0.009976781904697418
CC(C)(F)C[C@H](N[C@@H](c1ccc(cc1)-c1ccc(cc1)S(C)(=O)=O)C(F)(F)F)C(=O)NC1(CC1)C#N,MCF7,[16*]c1ccc([16*])cc1,0.007996473461389542,0.011583175510168076,-0.003586702048778534
CC(C)(F)C[C@H](N[C@@H](c1ccc(cc1)-c1ccc(cc1)S(C)(=O)=O)C(F)(F)F)C(=O)NC1(CC1)C#N,MCF7,[5*]N[5*],0.007996473461389542,0.019196566194295883,-0.011200092732906342
CC(C)(F)C[C@H](N[C@@H](c1ccc(cc1)-c1ccc(cc1)S(C)(=O)=O)C(F)(F)F)C(=O)NC1(CC1)C#N,MCF7,[4*][C@@H]([8*])C(F)(F)F,0.007996473461389542,0.01978234201669693,-0.011785868555307388
CC(C)(F)C[C@H](N[C@@H](c1ccc(cc1)-c1ccc(cc1)S(C)(=O)=O)C(F)(F)F)C(=O)NC1(CC1)C#N,MCF7,[1*]C(=O)[C@@H]([4*])CC(C)(C)F,0.007996473461389542,0.018466126173734665,-0.010469652712345123
Oc1cc(O)c2c(c1)oc(cc2=O)-c1ccccc1,MCF7,[16*]c1ccccc1,0.0023824088275432587,0.0046357661485672,-0.002253357321023941
Oc1cc(O)c2c(c1)oc(cc2=O)-c1ccccc1,MCF7,[14*]c1cc(=O)c2c(O)cc(O)cc2o1,0.0023824088275432587,0.004151396453380585,-0.001768987625837326
CN1CCC(CC1)OC(c1ccccc1)c1ccccc1,MCF7,[16*]c1ccccc1,0.006537135690450668,0.010897155851125717,-0.004360020160675049
CN1CCC(CC1)OC(c1ccccc1)c1ccccc1,MCF7,[3*]O[3*],0.006537135690450668,0.017881449311971664,-0.011344313621520996
CN1CCC(CC1)OC(c1ccccc1)c1ccccc1,MCF7,[4*]C([8*])[8*],0.006537135690450668,0.007369663566350937,-0.0008325278759002686
CN1CCC(CC1)OC(c1ccccc1)c1ccccc1,MCF7,[15*]C1CCN(C)CC1,0.006537135690450668,0.0034887976944446564,0.003048337996006012
OC[C@H](NC(=O)C(Cl)Cl)[C@H](O)c1ccc(cc1)[N+]([O-])=O,MCF7,[16*]c1ccc([N+](=O)[O-])cc1,0.0025314725935459137,0.0051667653024196625,-0.0026352927088737488
OC[C@H](NC(=O)C(Cl)Cl)[C@H](O)c1ccc(cc1)[N+]([O-])=O,MCF7,[4*][C@@H](CO)[C@@H]([8*])O,0.0025314725935459137,0.005306612700223923,-0.002775140106678009
OC[C@H](NC(=O)C(Cl)Cl)[C@H](O)c1ccc(cc1)[N+]([O-])=O,MCF7,[1*]C(=O)C(Cl)Cl,0.0025314725935459137,0.005519513040781021,-0.0029880404472351074
OC[C@H](NC(=O)C(Cl)Cl)[C@H](O)c1ccc(cc1)[N+]([O-])=O,MCF7,[5*]N[5*],0.0025314725935459137,0.006909053772687912,-0.004377581179141998
CC(C)(C)[C@@]1(O)CCN2C[C@@H]3c4ccccc4CCc4cccc([C@H]2C1)c34,MCF7,[15*][C@@]1(O)CCN2C[C@@H]3c4ccccc4CCc4cccc(c43)[C@H]2C1,0.013199035078287125,0.012400005012750626,0.000799030065536499
CC(C)(C)[C@@]1(O)CCN2C[C@@H]3c4ccccc4CCc4cccc([C@H]2C1)c34,MCF7,[8*]C(C)(C)C,0.013199035078287125,0.005140211433172226,0.008058823645114899
CN1CCN(CC1)C(C)(C)C#Cc1cc2ncnc(Nc3ccc(F)c(Cl)c3)c2cc1NC(=O)C=C,MCF7,[1*]C(=O)C=C,0.014532502740621567,0.018487893044948578,-0.003955390304327011
CN1CCN(CC1)C(C)(C)C#Cc1cc2ncnc(Nc3ccc(F)c(Cl)c3)c2cc1NC(=O)C=C,MCF7,[5*]N[5*],0.014532502740621567,0.02004658430814743,-0.005514081567525864
CN1CCN(CC1)C(C)(C)C#Cc1cc2ncnc(Nc3ccc(F)c(Cl)c3)c2cc1NC(=O)C=C,MCF7,[16*]c1ccc(F)c(Cl)c1,0.014532502740621567,0.02101534977555275,-0.006482847034931183
CN1CCN(CC1)C(C)(C)C#Cc1cc2ncnc(Nc3ccc(F)c(Cl)c3)c2cc1NC(=O)C=C,MCF7,[4*]C(C)(C)C#Cc1cc2ncnc([14*])c2cc1[16*],0.014532502740621567,0.014073420315980911,0.0004590824246406555
CN1CCN(CC1)C(C)(C)C#Cc1cc2ncnc(Nc3ccc(F)c(Cl)c3)c2cc1NC(=O)C=C,MCF7,[5*]N1CCN(C)CC1,0.014532502740621567,0.02338704839348793,-0.008854545652866364
CS(=O)(=O)OCCCCOS(C)(=O)=O,MCF7,[3*]OS(C)(=O)=O,-0.004445578902959824,0.013532355427742004,-0.017977934330701828
CS(=O)(=O)OCCCCOS(C)(=O)=O,MCF7,[4*]CCCC[4*],-0.004445578902959824,-0.009469415992498398,0.005023837089538574
C[C@H]1CN(Cc2ccc(CC(=O)N3CCC(CC3)Nc3cccc(F)c3)cc2)CCN1,MCF7,[5*]N1CCC([15*])CC1,0.009339172393083572,0.01877749338746071,-0.009438320994377136
C[C@H]1CN(Cc2ccc(CC(=O)N3CCC(CC3)Nc3cccc(F)c3)cc2)CCN1,MCF7,[4*]C[8*],0.009339172393083572,0.02091209962964058,-0.011572927236557007
C[C@H]1CN(Cc2ccc(CC(=O)N3CCC(CC3)Nc3cccc(F)c3)cc2)CCN1,MCF7,[1*]C(=O)C[8*],0.009339172393083572,0.022653136402368546,-0.013313964009284973
C[C@H]1CN(Cc2ccc(CC(=O)N3CCC(CC3)Nc3cccc(F)c3)cc2)CCN1,MCF7,[5*]N[5*],0.009339172393083572,0.021219570189714432,-0.01188039779663086
C[C@H]1CN(Cc2ccc(CC(=O)N3CCC(CC3)Nc3cccc(F)c3)cc2)CCN1,MCF7,[16*]c1ccc([16*])cc1,0.009339172393083572,0.016654644161462784,-0.007315471768379211
C[C@H]1CN(Cc2ccc(CC(=O)N3CCC(CC3)Nc3cccc(F)c3)cc2)CCN1,MCF7,[16*]c1cccc(F)c1,0.009339172393083572,0.019986312836408615,-0.010647140443325043
C[C@H]1CN(Cc2ccc(CC(=O)N3CCC(CC3)Nc3cccc(F)c3)cc2)CCN1,MCF7,[5*]N1CCN[C@@H](C)C1,0.009339172393083572,0.021058592945337296,-0.011719420552253723
CCC[C@H](Nc1nc(ncc1C)-c1ccc(NC(=O)NCC)c(OC)c1)c1cccnc1,MCF7,[16*]c1cccnc1,0.011213105171918869,0.02296510711312294,-0.011752001941204071
CCC[C@H](Nc1nc(ncc1C)-c1ccc(NC(=O)NCC)c(OC)c1)c1cccnc1,MCF7,[14*]c1ncc(C)c([14*])n1,0.011213105171918869,0.023494508117437363,-0.012281402945518494
CCC[C@H](Nc1nc(ncc1C)-c1ccc(NC(=O)NCC)c(OC)c1)c1cccnc1,MCF7,[5*]N[5*],0.011213105171918869,0.02688029780983925,-0.01566719263792038
CCC[C@H](Nc1nc(ncc1C)-c1ccc(NC(=O)NCC)c(OC)c1)c1cccnc1,MCF7,[16*]c1ccc([16*])c([16*])c1,0.011213105171918869,0.020238321274518967,-0.009025216102600098
CCC[C@H](Nc1nc(ncc1C)-c1ccc(NC(=O)NCC)c(OC)c1)c1cccnc1,MCF7,[4*][C@H]([8*])CCC,0.011213105171918869,0.025050196796655655,-0.013837091624736786
CCC[C@H](Nc1nc(ncc1C)-c1ccc(NC(=O)NCC)c(OC)c1)c1cccnc1,MCF7,[4*]CC,0.011213105171918869,0.025131847709417343,-0.013918742537498474
CCC[C@H](Nc1nc(ncc1C)-c1ccc(NC(=O)NCC)c(OC)c1)c1cccnc1,MCF7,[1*]C([1*])=O,0.011213105171918869,0.024579469114542007,-0.013366363942623138
CCC[C@H](Nc1nc(ncc1C)-c1ccc(NC(=O)NCC)c(OC)c1)c1cccnc1,MCF7,[3*]OC,0.011213105171918869,0.025250975042581558,-0.01403786987066269
CO[C@H]1C[C@H](C)CC2=C(NCCN(C)C)C(=O)C=C(NC(=O)\C(C)=C/C=C\[C@H](OC)[C@@H](OC(N)=O)\C(C)=C\[C@H](C)[C@H]1O)C2=O,MCF7,[1*]C(N)=O,0.011371325701475143,0.011327166110277176,4.415959119796753e-05
CO[C@H]1C[C@H](C)CC2=C(NCCN(C)C)C(=O)C=C(NC(=O)\C(C)=C/C=C\[C@H](OC)[C@@H](OC(N)=O)\C(C)=C\[C@H](C)[C@H]1O)C2=O,MCF7,[4*]CC[4*],0.011371325701475143,0.010660503059625626,0.0007108226418495178
CO[C@H]1C[C@H](C)CC2=C(NCCN(C)C)C(=O)C=C(NC(=O)\C(C)=C/C=C\[C@H](OC)[C@@H](OC(N)=O)\C(C)=C\[C@H](C)[C@H]1O)C2=O,MCF7,[3*]O[3*],0.011371325701475143,0.01255892962217331,-0.001187603920698166
CO[C@H]1C[C@H](C)CC2=C(NCCN(C)C)C(=O)C=C(NC(=O)\C(C)=C/C=C\[C@H](OC)[C@@H](OC(N)=O)\C(C)=C\[C@H](C)[C@H]1O)C2=O,MCF7,[5*]N(C)C,0.011371325701475143,0.013294994831085205,-0.0019236691296100616
CO[C@H]1C[C@H](C)CC2=C(NCCN(C)C)C(=O)C=C(NC(=O)\C(C)=C/C=C\[C@H](OC)[C@@H](OC(N)=O)\C(C)=C\[C@H](C)[C@H]1O)C2=O,MCF7,[5*]NC1=C2C[C@@H](C)C[C@H]([15*])[C@H](O)[C@@H](C)/C=C(\C)[C@H]([15*])[C@@H]([15*])/C=C\C=C(\C)C(=O)NC(=CC1=O)C2=O,0.011371325701475143,0.009390413761138916,0.0019809119403362274
CO[C@H]1C[C@H](C)CC2=C(NCCN(C)C)C(=O)C=C(NC(=O)\C(C)=C/C=C\[C@H](OC)[C@@H](OC(N)=O)\C(C)=C\[C@H](C)[C@H]1O)C2=O,MCF7,[3*]OC,0.011371325701475143,0.014117483049631119,-0.0027461573481559753
Cc1oc2nc3CCCCc3c(NC(=O)CN3CCCC3=O)c2c1C,MCF7,[10*]N1CCCC1=O,0.006760437041521072,0.011565599590539932,-0.00480516254901886
Cc1oc2nc3CCCCc3c(NC(=O)CN3CCCC3=O)c2c1C,MCF7,[1*]C(=O)C[8*],0.006760437041521072,0.016439516097307205,-0.009679079055786133
Cc1oc2nc3CCCCc3c(NC(=O)CN3CCCC3=O)c2c1C,MCF7,[5*]N[5*],0.006760437041521072,0.011888362467288971,-0.0051279254257678986
Cc1oc2nc3CCCCc3c(NC(=O)CN3CCCC3=O)c2c1C,MCF7,[16*]c1c2c(nc3oc(C)c(C)c13)CCCC2,0.006760437041521072,-0.0009047947824001312,0.007665231823921204
CN[C@H]1CN(C[C@@H]1OC)c1ccc2c(n1)n(cc(C(O)=O)c2=O)-c1nccs1,MCF7,[5*]NC,0.013274937868118286,0.01935848966240883,-0.006083551794290543
CN[C@H]1CN(C[C@@H]1OC)c1ccc2c(n1)n(cc(C(O)=O)c2=O)-c1nccs1,MCF7,[14*]c1nccs1,0.013274937868118286,0.017814431339502335,-0.0045394934713840485
CN[C@H]1CN(C[C@@H]1OC)c1ccc2c(n1)n(cc(C(O)=O)c2=O)-c1nccs1,MCF7,[6*]C(=O)O,0.013274937868118286,0.023478347808122635,-0.010203409940004349
CN[C@H]1CN(C[C@@H]1OC)c1ccc2c(n1)n(cc(C(O)=O)c2=O)-c1nccs1,MCF7,[3*]OC,0.013274937868118286,0.017820041626691818,-0.004545103758573532
CN[C@H]1CN(C[C@@H]1OC)c1ccc2c(n1)n(cc(C(O)=O)c2=O)-c1nccs1,MCF7,[9*]n1cc([16*])c(=O)c2ccc([14*])nc21,0.013274937868118286,0.01507439836859703,-0.0017994605004787445
CN[C@H]1CN(C[C@@H]1OC)c1ccc2c(n1)n(cc(C(O)=O)c2=O)-c1nccs1,MCF7,[5*]N1C[C@H]([15*])[C@@H]([15*])C1,0.013274937868118286,0.015414603054523468,-0.002139665186405182
OC(=O)c1ccc2nc(oc2c1)-c1cc(Cl)cc(Cl)c1,MCF7,[16*]c1cc(Cl)cc(Cl)c1,0.007350042462348938,0.0039003007113933563,0.0034497417509555817
OC(=O)c1ccc2nc(oc2c1)-c1cc(Cl)cc(Cl)c1,MCF7,[14*]c1nc2ccc([16*])cc2o1,0.007350042462348938,0.005839381366968155,0.001510661095380783
OC(=O)c1ccc2nc(oc2c1)-c1cc(Cl)cc(Cl)c1,MCF7,[6*]C(=O)O,0.007350042462348938,0.010072562843561172,-0.0027225203812122345
CC(C)OC(=O)CCC\C=C/C[C@H]1[C@@H](O)C[C@@H](O)[C@@H]1\C=C\[C@@H](O)COc1cccc(c1)C(F)(F)F,MCF7,[7*]C[8*],0.010435529053211212,0.01995183154940605,-0.00951630249619484
CC(C)OC(=O)CCC\C=C/C[C@H]1[C@@H](O)C[C@@H](O)[C@@H]1\C=C\[C@@H](O)COc1cccc(c1)C(F)(F)F,MCF7,[7*]CC[8*],0.010435529053211212,0.01927408203482628,-0.008838552981615067
CC(C)OC(=O)CCC\C=C/C[C@H]1[C@@H](O)C[C@@H](O)[C@@H]1\C=C\[C@@H](O)COc1cccc(c1)C(F)(F)F,MCF7,[1*]C(=O)CCCC[7*],0.010435529053211212,0.01774303987622261,-0.007307510823011398
CC(C)OC(=O)CCC\C=C/C[C@H]1[C@@H](O)C[C@@H](O)[C@@H]1\C=C\[C@@H](O)COc1cccc(c1)C(F)(F)F,MCF7,[4*]C(C)C,0.010435529053211212,0.019598860293626785,-0.009163331240415573
CC(C)OC(=O)CCC\C=C/C[C@H]1[C@@H](O)C[C@@H](O)[C@@H]1\C=C\[C@@H](O)COc1cccc(c1)C(F)(F)F,MCF7,[8*]C(F)(F)F,0.010435529053211212,0.01699710264801979,-0.0065615735948085785
CC(C)OC(=O)CCC\C=C/C[C@H]1[C@@H](O)C[C@@H](O)[C@@H]1\C=C\[C@@H](O)COc1cccc(c1)C(F)(F)F,MCF7,[4*]C[C@H](O)C[7*],0.010435529053211212,0.01487397775053978,-0.0044384486973285675
CC(C)OC(=O)CCC\C=C/C[C@H]1[C@@H](O)C[C@@H](O)[C@@H]1\C=C\[C@@H](O)COc1cccc(c1)C(F)(F)F,MCF7,[3*]O[3*],0.010435529053211212,0.02069081738591194,-0.01025528833270073
CC(C)OC(=O)CCC\C=C/C[C@H]1[C@@H](O)C[C@@H](O)[C@@H]1\C=C\[C@@H](O)COc1cccc(c1)C(F)(F)F,MCF7,[16*]c1cccc([16*])c1,0.010435529053211212,0.013556312769651413,-0.003120783716440201
CC(C)OC(=O)CCC\C=C/C[C@H]1[C@@H](O)C[C@@H](O)[C@@H]1\C=C\[C@@H](O)COc1cccc(c1)C(F)(F)F,MCF7,[15*][C@@H]1[C@@H]([15*])[C@@H](O)C[C@H]1O,0.010435529053211212,0.01582510396838188,-0.0053895749151706696
OC(=O)CCCCCCNC1c2ccccc2CCc2ccccc12,MCF7,[5*]NC1c2ccccc2CCc2ccccc21,0.00809703953564167,-0.006885256618261337,0.014982296153903008
OC(=O)CCCCCCNC1c2ccccc2CCc2ccccc12,MCF7,[4*]CCCCCCC(=O)O,0.00809703953564167,0.004470881074666977,0.0036261584609746933
CN(C)CCOC1=CC=C(C=C1)C2=NC(=C3C=CC4=C(CCC4=C3)N=O)C(=C5C=CNC=C5)N2,MCF7,[3*]O[3*],0.004626844078302383,0.01945769414305687,-0.014830850064754486
CN(C)CCOC1=CC=C(C=C1)C2=NC(=C3C=CC4=C(CCC4=C3)N=O)C(=C5C=CNC=C5)N2,MCF7,[5*]N(C)C,0.004626844078302383,0.013093512505292892,-0.008466668426990509
CN(C)CCOC1=CC=C(C=C1)C2=NC(=C3C=CC4=C(CCC4=C3)N=O)C(=C5C=CNC=C5)N2,MCF7,[16*]c1ccc([16*])cc1,0.004626844078302383,0.011433407664299011,-0.006806563585996628
CN(C)CCOC1=CC=C(C=C1)C2=NC(=C3C=CC4=C(CCC4=C3)N=O)C(=C5C=CNC=C5)N2,MCF7,[4*]CC[4*],0.004626844078302383,0.017407815903425217,-0.012780971825122833
CN(C)CCOC1=CC=C(C=C1)C2=NC(=C3C=CC4=C(CCC4=C3)N=O)C(=C5C=CNC=C5)N2,MCF7,[14*]c1nc(=c2ccc3c(c2)CCC=3N=O)c(=C2C=CNC=C2)[nH]1,0.004626844078302383,0.019210632890462875,-0.014583788812160492
O=C(NC1CC1)Nc1c[nH]nc1-c1nc2cc(CN3CCOCC3)ccc2[nH]1,MCF7,[14*]c1nc2cc([16*])ccc2[nH]1,0.015594948083162308,0.019921649247407913,-0.0043267011642456055
O=C(NC1CC1)Nc1c[nH]nc1-c1nc2cc(CN3CCOCC3)ccc2[nH]1,MCF7,[5*]N1CCOCC1,0.015594948083162308,0.0229603610932827,-0.007365413010120392
O=C(NC1CC1)Nc1c[nH]nc1-c1nc2cc(CN3CCOCC3)ccc2[nH]1,MCF7,[4*]C[8*],0.015594948083162308,0.020805753767490387,-0.005210805684328079
O=C(NC1CC1)Nc1c[nH]nc1-c1nc2cc(CN3CCOCC3)ccc2[nH]1,MCF7,[14*]c1n[nH]cc1[16*],0.015594948083162308,0.020894397050142288,-0.0052994489669799805
O=C(NC1CC1)Nc1c[nH]nc1-c1nc2cc(CN3CCOCC3)ccc2[nH]1,MCF7,[5*]N[5*],0.015594948083162308,0.02107015997171402,-0.005475211888551712
O=C(NC1CC1)Nc1c[nH]nc1-c1nc2cc(CN3CCOCC3)ccc2[nH]1,MCF7,[15*]C1CC1,0.015594948083162308,0.022918272763490677,-0.007323324680328369
O=C(NC1CC1)Nc1c[nH]nc1-c1nc2cc(CN3CCOCC3)ccc2[nH]1,MCF7,[1*]C([1*])=O,0.015594948083162308,0.021978560835123062,-0.006383612751960754
O=C(O[C@H]1CN2CCC1CC2)N1CCc2ccccc2[C@@H]1c1ccccc1,MCF7,[5*]N1CCc2ccccc2[C@@H]1c1ccccc1,0.010166756808757782,-0.001145537942647934,0.011312294751405716
O=C(O[C@H]1CN2CCC1CC2)N1CCc2ccccc2[C@@H]1c1ccccc1,MCF7,[3*]O[3*],0.010166756808757782,0.010985706001520157,-0.0008189491927623749
O=C(O[C@H]1CN2CCC1CC2)N1CCc2ccccc2[C@@H]1c1ccccc1,MCF7,[15*][C@H]1CN2CCC1CC2,0.010166756808757782,0.009414870291948318,0.0007518865168094635
O=C(O[C@H]1CN2CCC1CC2)N1CCc2ccccc2[C@@H]1c1ccccc1,MCF7,[1*]C([1*])=O,0.010166756808757782,0.010764069855213165,-0.0005973130464553833
O=C(N1CCCCC1)c1ccc2nccnc2c1,MCF7,[16*]c1ccc2nccnc2c1,0.0007444657385349274,0.004495270550251007,-0.0037508048117160797
O=C(N1CCCCC1)c1ccc2nccnc2c1,MCF7,[1*]C([6*])=O,0.0007444657385349274,0.0003372877836227417,0.00040717795491218567
O=C(N1CCCCC1)c1ccc2nccnc2c1,MCF7,[5*]N1CCCCC1,0.0007444657385349274,0.0057488493621349335,-0.005004383623600006
Fc1c[nH]c(=O)[nH]c1=O,MCF7,O=c1[nH]cc(F)c(=O)[nH]1,0.01211157813668251,0.015004094690084457,-0.002892516553401947
COc1ccc2nc3CCCCC[C@@H]4C[C@H]4OC(=O)N[C@H](C(=O)N4C[C@@H](C[C@H]4C(=O)N[C@@]4(C[C@H]4C=C)C(=O)NS(=O)(=O)C4CC4)Oc3nc2c1)C(C)(C)C,MCF7,[8*]C(C)(C)C,0.004615698009729385,0.012792620807886124,-0.008176922798156738
COc1ccc2nc3CCCCC[C@@H]4C[C@H]4OC(=O)N[C@H](C(=O)N4C[C@@H](C[C@H]4C(=O)N[C@@]4(C[C@H]4C=C)C(=O)NS(=O)(=O)C4CC4)Oc3nc2c1)C(C)(C)C,MCF7,[4*][C@]1([15*])C[C@H]1C=C,0.004615698009729385,0.013792037963867188,-0.009176339954137802
COc1ccc2nc3CCCCC[C@@H]4C[C@H]4OC(=O)N[C@H](C(=O)N4C[C@@H](C[C@H]4C(=O)N[C@@]4(C[C@H]4C=C)C(=O)NS(=O)(=O)C4CC4)Oc3nc2c1)C(C)(C)C,MCF7,[13*][C@@H]1NC(=O)O[C@@H]2C[C@H]2CCCCCc2nc3ccc([16*])cc3nc2O[C@@H]2C[C@@H]([13*])N(C2)C1=O,0.004615698009729385,0.01499095931649208,-0.010375261306762695
COc1ccc2nc3CCCCC[C@@H]4C[C@H]4OC(=O)N[C@H](C(=O)N4C[C@@H](C[C@H]4C(=O)N[C@@]4(C[C@H]4C=C)C(=O)NS(=O)(=O)C4CC4)Oc3nc2c1)C(C)(C)C,MCF7,[12*]S(=O)(=O)C1CC1,0.004615698009729385,0.011995065957307816,-0.00737936794757843
COc1ccc2nc3CCCCC[C@@H]4C[C@H]4OC(=O)N[C@H](C(=O)N4C[C@@H](C[C@H]4C(=O)N[C@@]4(C[C@H]4C=C)C(=O)NS(=O)(=O)C4CC4)Oc3nc2c1)C(C)(C)C,MCF7,[1*]C([6*])=O,0.004615698009729385,0.009378742426633835,-0.0047630444169044495
COc1ccc2nc3CCCCC[C@@H]4C[C@H]4OC(=O)N[C@H](C(=O)N4C[C@@H](C[C@H]4C(=O)N[C@@]4(C[C@H]4C=C)C(=O)NS(=O)(=O)C4CC4)Oc3nc2c1)C(C)(C)C,MCF7,[5*]N[5*],0.004615698009729385,0.010325681418180466,-0.00570998340845108
COc1ccc2nc3CCCCC[C@@H]4C[C@H]4OC(=O)N[C@H](C(=O)N4C[C@@H](C[C@H]4C(=O)N[C@@]4(C[C@H]4C=C)C(=O)NS(=O)(=O)C4CC4)Oc3nc2c1)C(C)(C)C,MCF7,[3*]OC,0.004615698009729385,0.010325681418180466,-0.00570998340845108
COc1cccc(OC)c1-c1ccc(C[C@H](NC(=O)c2c(Cl)cccc2Cl)C(O)=O)cc1,MCF7,[4*][C@@H](C[8*])C(=O)O,0.009390104562044144,0.02331101894378662,-0.013920914381742477
COc1cccc(OC)c1-c1ccc(C[C@H](NC(=O)c2c(Cl)cccc2Cl)C(O)=O)cc1,MCF7,[16*]c1c(Cl)cccc1Cl,0.009390104562044144,0.01861032471060753,-0.009220220148563385
COc1cccc(OC)c1-c1ccc(C[C@H](NC(=O)c2c(Cl)cccc2Cl)C(O)=O)cc1,MCF7,[16*]c1cccc([16*])c1[16*],0.009390104562044144,0.01695794239640236,-0.007567837834358215
COc1cccc(OC)c1-c1ccc(C[C@H](NC(=O)c2c(Cl)cccc2Cl)C(O)=O)cc1,MCF7,[1*]C([6*])=O,0.009390104562044144,0.024609584361314774,-0.01521947979927063
COc1cccc(OC)c1-c1ccc(C[C@H](NC(=O)c2c(Cl)cccc2Cl)C(O)=O)cc1,MCF7,[5*]N[5*],0.009390104562044144,0.02592519298195839,-0.016535088419914246
COc1cccc(OC)c1-c1ccc(C[C@H](NC(=O)c2c(Cl)cccc2Cl)C(O)=O)cc1,MCF7,[16*]c1ccc([16*])cc1,0.009390104562044144,0.022802051156759262,-0.013411946594715118
COc1cccc(OC)c1-c1ccc(C[C@H](NC(=O)c2c(Cl)cccc2Cl)C(O)=O)cc1,MCF7,[3*]OC,0.009390104562044144,0.026810217648744583,-0.01742011308670044
NNC(N)=N,MCF7,N=C(N)NN,0.01479613408446312,0.015004094690084457,-0.0002079606056213379
O=C(N1CCCCC1)c1ccc2OCOc2c1,MCF7,[1*]C([6*])=O,0.0029126331210136414,0.001558888703584671,0.0013537444174289703
O=C(N1CCCCC1)c1ccc2OCOc2c1,MCF7,[5*]N1CCCCC1,0.0029126331210136414,0.009936768561601639,-0.0070241354405879974
O=C(N1CCCCC1)c1ccc2OCOc2c1,MCF7,[16*]c1ccc2c(c1)OCO2,0.0029126331210136414,0.004495270550251007,-0.0015826374292373657
CN(C(=O)Cc1ccc(cc1)-c1ccccn1)c1nc(C)c(s1)S(N)(=O)=O,MCF7,[14*]c1ccccn1,0.011581949889659882,0.018545333296060562,-0.0069633834064006805
CN(C(=O)Cc1ccc(cc1)-c1ccccn1)c1nc(C)c(s1)S(N)(=O)=O,MCF7,[1*]C(=O)C[8*],0.011581949889659882,0.022550564259290695,-0.010968614369630814
CN(C(=O)Cc1ccc(cc1)-c1ccccn1)c1nc(C)c(s1)S(N)(=O)=O,MCF7,[5*]N([5*])C,0.011581949889659882,0.017814476042985916,-0.0062325261533260345
CN(C(=O)Cc1ccc(cc1)-c1ccccn1)c1nc(C)c(s1)S(N)(=O)=O,MCF7,[14*]c1nc(C)c(S(N)(=O)=O)s1,0.011581949889659882,0.013727325946092606,-0.002145376056432724
CN(C(=O)Cc1ccc(cc1)-c1ccccn1)c1nc(C)c(s1)S(N)(=O)=O,MCF7,[16*]c1ccc([16*])cc1,0.011581949889659882,0.013041216880083084,-0.0014592669904232025
CNC(=O)[C@@H](Cc1ccccc1)NC(=O)[C@@H](CC(C)C)[C@H](CSc1cccs1)C(=O)NO,MCF7,[1*]C(=O)[C@H]([4*])C[8*],0.009540732949972153,0.021264072507619858,-0.011723339557647705
CNC(=O)[C@@H](Cc1ccccc1)NC(=O)[C@@H](CC(C)C)[C@H](CSc1cccs1)C(=O)NO,MCF7,[5*]NC,0.009540732949972153,0.01936272159218788,-0.009821988642215729
CNC(=O)[C@@H](Cc1ccccc1)NC(=O)[C@@H](CC(C)C)[C@H](CSc1cccs1)C(=O)NO,MCF7,[16*]c1ccccc1,0.009540732949972153,0.01731209084391594,-0.007771357893943787
CNC(=O)[C@@H](Cc1ccccc1)NC(=O)[C@@H](CC(C)C)[C@H](CSc1cccs1)C(=O)NO,MCF7,[5*]N[5*],0.009540732949972153,0.019717488437891006,-0.010176755487918854
CNC(=O)[C@@H](Cc1ccccc1)NC(=O)[C@@H](CC(C)C)[C@H](CSc1cccs1)C(=O)NO,MCF7,[14*]c1cccs1,0.009540732949972153,0.017709944397211075,-0.008169211447238922
CNC(=O)[C@@H](Cc1ccccc1)NC(=O)[C@@H](CC(C)C)[C@H](CSc1cccs1)C(=O)NO,MCF7,[1*]C(=O)[C@@H](CC(C)C)[C@H](C[4*])C(=O)NO,0.009540732949972153,0.020885836333036423,-0.01134510338306427
CNC(=O)[C@@H](Cc1ccccc1)NC(=O)[C@@H](CC(C)C)[C@H](CSc1cccs1)C(=O)NO,MCF7,[11*]S[11*],0.009540732949972153,0.01900169625878334,-0.009460963308811188
OC(=O)CCc1nc(c(o1)-c1ccccc1)-c1ccccc1,MCF7,[16*]c1ccccc1,0.017204444855451584,0.016407977789640427,0.0007964670658111572
OC(=O)CCc1nc(c(o1)-c1ccccc1)-c1ccccc1,MCF7,[8*]CCC(=O)O,0.017204444855451584,0.007222473621368408,0.009981971234083176
OC(=O)CCc1nc(c(o1)-c1ccccc1)-c1ccccc1,MCF7,[14*]c1nc([14*])c([14*])o1,0.017204444855451584,0.0061798095703125,0.011024635285139084
Cn1ncc(Cl)c1-c1cc(sc1Cl)C(=O)N[C@H](CN)Cc1cccc(F)c1,MCF7,[4*][C@@H](C[8*])CN,0.009382065385580063,0.02404426410794258,-0.014662198722362518
Cn1ncc(Cl)c1-c1cc(sc1Cl)C(=O)N[C@H](CN)Cc1cccc(F)c1,MCF7,[1*]C([6*])=O,0.009382065385580063,0.01956317201256752,-0.010181106626987457
Cn1ncc(Cl)c1-c1cc(sc1Cl)C(=O)N[C@H](CN)Cc1cccc(F)c1,MCF7,[5*]N[5*],0.009382065385580063,0.023133534938097,-0.013751469552516937
Cn1ncc(Cl)c1-c1cc(sc1Cl)C(=O)N[C@H](CN)Cc1cccc(F)c1,MCF7,[16*]c1cccc(F)c1,0.009382065385580063,0.021184485405683517,-0.011802420020103455
Cn1ncc(Cl)c1-c1cc(sc1Cl)C(=O)N[C@H](CN)Cc1cccc(F)c1,MCF7,[14*]c1c(Cl)cnn1C,0.009382065385580063,0.02272220328450203,-0.013340137898921967
Cn1ncc(Cl)c1-c1cc(sc1Cl)C(=O)N[C@H](CN)Cc1cccc(F)c1,MCF7,[14*]c1cc([16*])c(Cl)s1,0.009382065385580063,0.01730192080140114,-0.007919855415821075
CNCCCC12CCC(c3ccccc13)c1ccccc21,MCF7,[5*]NC,0.012698721140623093,0.014341350644826889,-0.0016426295042037964
CNCCCC12CCC(c3ccccc13)c1ccccc21,MCF7,[4*]CCCC12CCC(c3ccccc31)c1ccccc12,0.012698721140623093,-0.0021337121725082397,0.014832433313131332
Cc1cc(Nc2cc(CN3CCOCC3)c3nc(C)c(Cc4ccc(Cl)cc4F)n3n2)[nH]n1,MCF7,[5*]N1CCOCC1,0.011960752308368683,0.019113201647996902,-0.00715244933962822
Cc1cc(Nc2cc(CN3CCOCC3)c3nc(C)c(Cc4ccc(Cl)cc4F)n3n2)[nH]n1,MCF7,[14*]c1cc(C)n[nH]1,0.011960752308368683,0.023370560258626938,-0.011409807950258255
Cc1cc(Nc2cc(CN3CCOCC3)c3nc(C)c(Cc4ccc(Cl)cc4F)n3n2)[nH]n1,MCF7,[4*]C[8*],0.011960752308368683,0.01836252585053444,-0.006401773542165756
Cc1cc(Nc2cc(CN3CCOCC3)c3nc(C)c(Cc4ccc(Cl)cc4F)n3n2)[nH]n1,MCF7,[14*]c1cc([16*])c2nc(C)c([14*])n2n1,0.011960752308368683,0.018865372985601425,-0.006904620677232742
Cc1cc(Nc2cc(CN3CCOCC3)c3nc(C)c(Cc4ccc(Cl)cc4F)n3n2)[nH]n1,MCF7,[16*]c1ccc(Cl)cc1F,0.011960752308368683,0.01662905514240265,-0.004668302834033966
Cc1cc(Nc2cc(CN3CCOCC3)c3nc(C)c(Cc4ccc(Cl)cc4F)n3n2)[nH]n1,MCF7,[5*]N[5*],0.011960752308368683,0.017300281673669815,-0.005339529365301132
Cc1cc(Nc2cc(CN3CCOCC3)c3nc(C)c(Cc4ccc(Cl)cc4F)n3n2)[nH]n1,MCF7,[8*]C[8*],0.011960752308368683,0.015989143401384354,-0.004028391093015671
CNC(=O)Oc1ccc2N(C)[C@H]3N(C)CC[C@@]3(C)c2c1,MCF7,[5*]NC,0.012981824576854706,0.014765601605176926,-0.0017837770283222198
CNC(=O)Oc1ccc2N(C)[C@H]3N(C)CC[C@@]3(C)c2c1,MCF7,[3*]O[3*],0.012981824576854706,0.015877820551395416,-0.0028959959745407104
CNC(=O)Oc1ccc2N(C)[C@H]3N(C)CC[C@@]3(C)c2c1,MCF7,[16*]c1ccc2c(c1)[C@]1(C)CCN(C)[C@@H]1N2C,0.012981824576854706,0.0007927380502223969,0.012189086526632309
CNC(=O)Oc1ccc2N(C)[C@H]3N(C)CC[C@@]3(C)c2c1,MCF7,[1*]C([1*])=O,0.012981824576854706,0.013549070805311203,-0.0005672462284564972
CO[C@H]1[C@@H](CC(=O)O[C@H](C)C\C=C\C=C\[C@H](O)[C@H](C)C[C@H](CC=O)[C@@H]1O[C@@H]1O[C@H](C)[C@@H](O[C@H]2C[C@@](C)(OC(=O)CC(C)C)[C@@H](O)[C@H](C)O2)[C@@H]([C@H]1O)N(C)C)OC(C)=O,MCF7,[8*]CC=O,0.011846404522657394,0.01464308425784111,-0.002796679735183716
CO[C@H]1[C@@H](CC(=O)O[C@H](C)C\C=C\C=C\[C@H](O)[C@H](C)C[C@H](CC=O)[C@@H]1O[C@@H]1O[C@H](C)[C@@H](O[C@H]2C[C@@](C)(OC(=O)CC(C)C)[C@@H](O)[C@H](C)O2)[C@@H]([C@H]1O)N(C)C)OC(C)=O,MCF7,[15*][C@@H]1[C@@H]([15*])[C@@H]([15*])C[C@@H](C)[C@@H](O)/C=C/C=C/C[C@@H](C)OC(=O)C[C@H]1[15*],0.011846404522657394,0.01744699850678444,-0.005600593984127045
CO[C@H]1[C@@H](CC(=O)O[C@H](C)C\C=C\C=C\[C@H](O)[C@H](C)C[C@H](CC=O)[C@@H]1O[C@@H]1O[C@H](C)[C@@H](O[C@H]2C[C@@](C)(OC(=O)CC(C)C)[C@@H](O)[C@H](C)O2)[C@@H]([C@H]1O)N(C)C)OC(C)=O,MCF7,[13*][C@@H]1O[C@H](C)[C@@H]([15*])[C@H]([15*])[C@H]1O,0.011846404522657394,0.01514408364892006,-0.003297679126262665
CO[C@H]1[C@@H](CC(=O)O[C@H](C)C\C=C\C=C\[C@H](O)[C@H](C)C[C@H](CC=O)[C@@H]1O[C@@H]1O[C@H](C)[C@@H](O[C@H]2C[C@@](C)(OC(=O)CC(C)C)[C@@H](O)[C@H](C)O2)[C@@H]([C@H]1O)N(C)C)OC(C)=O,MCF7,[3*]O[3*],0.011846404522657394,0.01685458794236183,-0.005008183419704437
CO[C@H]1[C@@H](CC(=O)O[C@H](C)C\C=C\C=C\[C@H](O)[C@H](C)C[C@H](CC=O)[C@@H]1O[C@@H]1O[C@H](C)[C@@H](O[C@H]2C[C@@](C)(OC(=O)CC(C)C)[C@@H](O)[C@H](C)O2)[C@@H]([C@H]1O)N(C)C)OC(C)=O,MCF7,[1*]C(=O)CC(C)C,0.011846404522657394,0.01685458794236183,-0.005008183419704437
CO[C@H]1[C@@H](CC(=O)O[C@H](C)C\C=C\C=C\[C@H](O)[C@H](C)C[C@H](CC=O)[C@@H]1O[C@@H]1O[C@H](C)[C@@H](O[C@H]2C[C@@](C)(OC(=O)CC(C)C)[C@@H](O)[C@H](C)O2)[C@@H]([C@H]1O)N(C)C)OC(C)=O,MCF7,[13*][C@H]1C[C@]([15*])(C)[C@@H](O)[C@H](C)O1,0.011846404522657394,0.01685458794236183,-0.005008183419704437
CO[C@H]1[C@@H](CC(=O)O[C@H](C)C\C=C\C=C\[C@H](O)[C@H](C)C[C@H](CC=O)[C@@H]1O[C@@H]1O[C@H](C)[C@@H](O[C@H]2C[C@@](C)(OC(=O)CC(C)C)[C@@H](O)[C@H](C)O2)[C@@H]([C@H]1O)N(C)C)OC(C)=O,MCF7,[5*]N(C)C,0.011846404522657394,0.01685458794236183,-0.005008183419704437
CO[C@H]1[C@@H](CC(=O)O[C@H](C)C\C=C\C=C\[C@H](O)[C@H](C)C[C@H](CC=O)[C@@H]1O[C@@H]1O[C@H](C)[C@@H](O[C@H]2C[C@@](C)(OC(=O)CC(C)C)[C@@H](O)[C@H](C)O2)[C@@H]([C@H]1O)N(C)C)OC(C)=O,MCF7,[1*]C(C)=O,0.011846404522657394,0.01685458794236183,-0.005008183419704437
CO[C@H]1[C@@H](CC(=O)O[C@H](C)C\C=C\C=C\[C@H](O)[C@H](C)C[C@H](CC=O)[C@@H]1O[C@@H]1O[C@H](C)[C@@H](O[C@H]2C[C@@](C)(OC(=O)CC(C)C)[C@@H](O)[C@H](C)O2)[C@@H]([C@H]1O)N(C)C)OC(C)=O,MCF7,[4*][C@]1(C)C[C@H]([13*])O[C@@H](C)[C@@H]1O,0.011846404522657394,0.01685458794236183,-0.005008183419704437
CO[C@H]1[C@@H](CC(=O)O[C@H](C)C\C=C\C=C\[C@H](O)[C@H](C)C[C@H](CC=O)[C@@H]1O[C@@H]1O[C@H](C)[C@@H](O[C@H]2C[C@@](C)(OC(=O)CC(C)C)[C@@H](O)[C@H](C)O2)[C@@H]([C@H]1O)N(C)C)OC(C)=O,MCF7,[3*]OC,0.011846404522657394,0.01685458794236183,-0.005008183419704437
CCN1CCN(CC1)c1cc(-c2ccc(F)cc2)c2CCCCCCc2n1,MCF7,[16*]c1ccc(F)cc1,0.00861094519495964,0.015403352677822113,-0.0067924074828624725
CCN1CCN(CC1)c1cc(-c2ccc(F)cc2)c2CCCCCCc2n1,MCF7,[4*]CC,0.00861094519495964,0.012856412678956985,-0.004245467483997345
CCN1CCN(CC1)c1cc(-c2ccc(F)cc2)c2CCCCCCc2n1,MCF7,[14*]c1cc([16*])c2c(n1)CCCCCC2,0.00861094519495964,0.0049737729132175446,0.003637172281742096
CCN1CCN(CC1)c1cc(-c2ccc(F)cc2)c2CCCCCCc2n1,MCF7,[5*]N1CCN([5*])CC1,0.00861094519495964,0.010016176849603653,-0.0014052316546440125
COc1cc(O)c(cc1C=CC(=O)c1ccc(O)cc1)C(C)(C)C=C,MCF7,[16*]c1ccc(O)cc1,0.014038380235433578,0.012721236795186996,0.001317143440246582
COc1cc(O)c(cc1C=CC(=O)c1ccc(O)cc1)C(C)(C)C=C,MCF7,[7*]C[8*],0.014038380235433578,0.022438276559114456,-0.008399896323680878
COc1cc(O)c(cc1C=CC(=O)c1ccc(O)cc1)C(C)(C)C=C,MCF7,[6*]C(=O)C[7*],0.014038380235433578,0.020568255335092545,-0.006529875099658966
COc1cc(O)c(cc1C=CC(=O)c1ccc(O)cc1)C(C)(C)C=C,MCF7,[16*]c1cc([16*])c(O)cc1[16*],0.014038380235433578,0.013528801500797272,0.0005095787346363068
COc1cc(O)c(cc1C=CC(=O)c1ccc(O)cc1)C(C)(C)C=C,MCF7,[8*]C(C)(C)C=C,0.014038380235433578,0.01878250762820244,-0.00474412739276886
COc1cc(O)c(cc1C=CC(=O)c1ccc(O)cc1)C(C)(C)C=C,MCF7,[3*]OC,0.014038380235433578,0.019494246691465378,-0.005455866456031799
Cc1cc(OCCN2CCOCC2)nn1-c1ccc2ccccc2c1,MCF7,[9*]n1nc([14*])cc1C,0.008162397891283035,0.01197686418890953,-0.0038144662976264954
Cc1cc(OCCN2CCOCC2)nn1-c1ccc2ccccc2c1,MCF7,[5*]N1CCOCC1,0.008162397891283035,0.015042256563901901,-0.006879858672618866
Cc1cc(OCCN2CCOCC2)nn1-c1ccc2ccccc2c1,MCF7,[3*]O[3*],0.008162397891283035,0.012757297605276108,-0.0045948997139930725
Cc1cc(OCCN2CCOCC2)nn1-c1ccc2ccccc2c1,MCF7,[16*]c1ccc2ccccc2c1,0.008162397891283035,0.00697612389922142,0.001186273992061615
Cc1cc(OCCN2CCOCC2)nn1-c1ccc2ccccc2c1,MCF7,[4*]CC[4*],0.008162397891283035,0.014293774962425232,-0.006131377071142197
C[N+](C)(C)[C@@H](Cc1c[nH]c(=S)[nH]1)C(O)=O,MCF7,[4*][C@@H](C[8*])C(=O)O,0.012761682271957397,0.011297974735498428,0.0014637075364589691
C[N+](C)(C)[C@@H](Cc1c[nH]c(=S)[nH]1)C(O)=O,MCF7,[14*]c1c[nH]c(=S)[nH]1,0.012761682271957397,0.004720281809568405,0.008041400462388992
C[N+](C)(C)[C@@H](Cc1c[nH]c(=S)[nH]1)C(O)=O,MCF7,[5*][N+](C)(C)C,0.012761682271957397,0.012034166604280472,0.0007275156676769257
COc1cc2ncnc(Nc3cccc(Br)c3)c2cc1OC,MCF7,[16*]c1cccc(Br)c1,0.013136342167854309,0.012924544513225555,0.00021179765462875366
COc1cc2ncnc(Nc3cccc(Br)c3)c2cc1OC,MCF7,[14*]c1ncnc2cc([16*])c([16*])cc12,0.013136342167854309,0.0002310536801815033,0.012905288487672806
COc1cc2ncnc(Nc3cccc(Br)c3)c2cc1OC,MCF7,[5*]N[5*],0.013136342167854309,0.014395922422409058,-0.0012595802545547485
COc1cc2ncnc(Nc3cccc(Br)c3)c2cc1OC,MCF7,[3*]OC,0.013136342167854309,0.0157126747071743,-0.002576332539319992
COc1c(O[C@@H]2O[C@H](CO)[C@@H](O)[C@H](O)[C@H]2O)cc2CC[C@H](NC(C)=O)c3cc(=O)c(SC)ccc3-c2c1OC,MCF7,[5*]N[C@H]1CCc2cc([16*])c([16*])c([16*])c2-c2ccc([16*])c(=O)cc21,0.011522747576236725,0.009891174733638763,0.0016315728425979614
COc1c(O[C@@H]2O[C@H](CO)[C@@H](O)[C@H](O)[C@H]2O)cc2CC[C@H](NC(C)=O)c3cc(=O)c(SC)ccc3-c2c1OC,MCF7,[11*]SC,0.011522747576236725,0.015265371650457382,-0.0037426240742206573
COc1c(O[C@@H]2O[C@H](CO)[C@@H](O)[C@H](O)[C@H]2O)cc2CC[C@H](NC(C)=O)c3cc(=O)c(SC)ccc3-c2c1OC,MCF7,[8*]CO,0.011522747576236725,0.017306845635175705,-0.00578409805893898
COc1c(O[C@@H]2O[C@H](CO)[C@@H](O)[C@H](O)[C@H]2O)cc2CC[C@H](NC(C)=O)c3cc(=O)c(SC)ccc3-c2c1OC,MCF7,[3*]O[3*],0.011522747576236725,0.0181855671107769,-0.006662819534540176
COc1c(O[C@@H]2O[C@H](CO)[C@@H](O)[C@H](O)[C@H]2O)cc2CC[C@H](NC(C)=O)c3cc(=O)c(SC)ccc3-c2c1OC,MCF7,[1*]C(C)=O,0.011522747576236725,0.01829831674695015,-0.006775569170713425
COc1c(O[C@@H]2O[C@H](CO)[C@@H](O)[C@H](O)[C@H]2O)cc2CC[C@H](NC(C)=O)c3cc(=O)c(SC)ccc3-c2c1OC,MCF7,[13*][C@@H]1O[C@H]([13*])[C@@H](O)[C@H](O)[C@H]1O,0.011522747576236725,0.01687903329730034,-0.005356285721063614
COc1c(O[C@@H]2O[C@H](CO)[C@@H](O)[C@H](O)[C@H]2O)cc2CC[C@H](NC(C)=O)c3cc(=O)c(SC)ccc3-c2c1OC,MCF7,[3*]OC,0.011522747576236725,0.016360066831111908,-0.004837319254875183
CC(C)Cn1cnc2c(N)nc3ccccc3c12,MCF7,[8*]CC(C)C,0.008911844342947006,0.005269855260848999,0.003641989082098007
CC(C)Cn1cnc2c(N)nc3ccccc3c12,MCF7,[9*]n1cnc2c(N)nc3ccccc3c21,0.008911844342947006,0.01102251186966896,-0.0021106675267219543
Cn1c2ncn(C[C@@H](O)CO)c(=O)c2c(Nc2ccc(I)cc2F)c(F)c1=O,MCF7,[9*]n1cnc2c(c([16*])c(F)c(=O)n2C)c1=O,0.011332312598824501,0.013716552406549454,-0.0023842398077249527
Cn1c2ncn(C[C@@H](O)CO)c(=O)c2c(Nc2ccc(I)cc2F)c(F)c1=O,MCF7,[8*]C[C@@H](O)CO,0.011332312598824501,0.010787717998027802,0.0005445946007966995
Cn1c2ncn(C[C@@H](O)CO)c(=O)c2c(Nc2ccc(I)cc2F)c(F)c1=O,MCF7,[16*]c1ccc(I)cc1F,0.011332312598824501,0.007244143635034561,0.00408816896378994
Cn1c2ncn(C[C@@H](O)CO)c(=O)c2c(Nc2ccc(I)cc2F)c(F)c1=O,MCF7,[5*]N[5*],0.011332312598824501,0.013530910015106201,-0.0021985974162817
Fc1ccccc1-c1nc2ccn(Cc3ccc(nn3)-c3ccc(cc3C(F)(F)F)C(F)(F)F)cc2n1,MCF7,[16*]c1ccccc1F,0.011319365352392197,0.01602094992995262,-0.004701584577560425
Fc1ccccc1-c1nc2ccn(Cc3ccc(nn3)-c3ccc(cc3C(F)(F)F)C(F)(F)F)cc2n1,MCF7,[9*]n1ccc2nc([14*])nc-2c1,0.011319365352392197,0.01687692478299141,-0.005557559430599213
Fc1ccccc1-c1nc2ccn(Cc3ccc(nn3)-c3ccc(cc3C(F)(F)F)C(F)(F)F)cc2n1,MCF7,[8*]C(F)(F)F,0.011319365352392197,0.016800258308649063,-0.0054808929562568665
Fc1ccccc1-c1nc2ccn(Cc3ccc(nn3)-c3ccc(cc3C(F)(F)F)C(F)(F)F)cc2n1,MCF7,[14*]c1ccc([14*])nn1,0.011319365352392197,0.011017296463251114,0.00030206888914108276
Fc1ccccc1-c1nc2ccn(Cc3ccc(nn3)-c3ccc(cc3C(F)(F)F)C(F)(F)F)cc2n1,MCF7,[8*]C[8*],0.011319365352392197,0.01234942302107811,-0.001030057668685913
Fc1ccccc1-c1nc2ccn(Cc3ccc(nn3)-c3ccc(cc3C(F)(F)F)C(F)(F)F)cc2n1,MCF7,[16*]c1ccc([16*])c([16*])c1,0.011319365352392197,0.012815907597541809,-0.0014965422451496124
CCO[C@H]1OC(=O)C[C@@H]1NC(=O)[C@@H]1CCCN1C(=O)[C@@H](NC(=O)c1ccc(N)c(Cl)c1)C(C)(C)C,MCF7,[13*][C@H]1OC(=O)C[C@@H]1[15*],0.00873621553182602,0.015044067054986954,-0.0063078515231609344
CCO[C@H]1OC(=O)C[C@@H]1NC(=O)[C@@H]1CCCN1C(=O)[C@@H](NC(=O)c1ccc(N)c(Cl)c1)C(C)(C)C,MCF7,[1*]C(=O)[C@@H]([4*])C(C)(C)C,0.00873621553182602,0.01410958543419838,-0.00537336990237236
CCO[C@H]1OC(=O)C[C@@H]1NC(=O)[C@@H]1CCCN1C(=O)[C@@H](NC(=O)c1ccc(N)c(Cl)c1)C(C)(C)C,MCF7,[5*]N1CCC[C@H]1[13*],0.00873621553182602,0.016419757157564163,-0.007683541625738144
CCO[C@H]1OC(=O)C[C@@H]1NC(=O)[C@@H]1CCCN1C(=O)[C@@H](NC(=O)c1ccc(N)c(Cl)c1)C(C)(C)C,MCF7,[1*]C([6*])=O,0.00873621553182602,0.015763547271490097,-0.007027331739664078
CCO[C@H]1OC(=O)C[C@@H]1NC(=O)[C@@H]1CCCN1C(=O)[C@@H](NC(=O)c1ccc(N)c(Cl)c1)C(C)(C)C,MCF7,[3*]O[3*],0.00873621553182602,0.01900339499115944,-0.01026717945933342
CCO[C@H]1OC(=O)C[C@@H]1NC(=O)[C@@H]1CCCN1C(=O)[C@@H](NC(=O)c1ccc(N)c(Cl)c1)C(C)(C)C,MCF7,[5*]N[5*],0.00873621553182602,0.016977641731500626,-0.008241426199674606
CCO[C@H]1OC(=O)C[C@@H]1NC(=O)[C@@H]1CCCN1C(=O)[C@@H](NC(=O)c1ccc(N)c(Cl)c1)C(C)(C)C,MCF7,[4*]CC,0.00873621553182602,0.016266752034425735,-0.007530536502599716
CCO[C@H]1OC(=O)C[C@@H]1NC(=O)[C@@H]1CCCN1C(=O)[C@@H](NC(=O)c1ccc(N)c(Cl)c1)C(C)(C)C,MCF7,[16*]c1ccc(N)c(Cl)c1,0.00873621553182602,0.014576692134141922,-0.005840476602315903
FC(F)(F)c1nc(Nc2ccc(Cl)cc2Cl)ncc1C(=O)NCC1CCOCC1,MCF7,[14*]c1ncc([16*])c([14*])n1,0.014166664332151413,0.018646497279405594,-0.004479832947254181
FC(F)(F)c1nc(Nc2ccc(Cl)cc2Cl)ncc1C(=O)NCC1CCOCC1,MCF7,[16*]c1ccc(Cl)cc1Cl,0.014166664332151413,0.01617257669568062,-0.0020059123635292053
FC(F)(F)c1nc(Nc2ccc(Cl)cc2Cl)ncc1C(=O)NCC1CCOCC1,MCF7,[15*]C1CCOCC1,0.014166664332151413,0.017931558191776276,-0.0037648938596248627
FC(F)(F)c1nc(Nc2ccc(Cl)cc2Cl)ncc1C(=O)NCC1CCOCC1,MCF7,[4*]C[8*],0.014166664332151413,0.022857900708913803,-0.00869123637676239
FC(F)(F)c1nc(Nc2ccc(Cl)cc2Cl)ncc1C(=O)NCC1CCOCC1,MCF7,[8*]C(F)(F)F,0.014166664332151413,0.021603722125291824,-0.007437057793140411
FC(F)(F)c1nc(Nc2ccc(Cl)cc2Cl)ncc1C(=O)NCC1CCOCC1,MCF7,[1*]C([6*])=O,0.014166664332151413,0.01934089884161949,-0.005174234509468079
FC(F)(F)c1nc(Nc2ccc(Cl)cc2Cl)ncc1C(=O)NCC1CCOCC1,MCF7,[5*]N[5*],0.014166664332151413,0.02205852046608925,-0.007891856133937836
COc1ccc(cc1)C(=O)Oc1ccc(CCn2c(NC(=O)c3ccc(cc3)C(F)(F)F)nc3cc(ccc23)C(O)=O)cc1,MCF7,[9*]n1c([14*])nc2cc([16*])ccc21,0.0047669000923633575,0.013961728662252426,-0.009194828569889069
COc1ccc(cc1)C(=O)Oc1ccc(CCn2c(NC(=O)c3ccc(cc3)C(F)(F)F)nc3cc(ccc23)C(O)=O)cc1,MCF7,[8*]CC[8*],0.0047669000923633575,0.013048101216554642,-0.008281201124191284
COc1ccc(cc1)C(=O)Oc1ccc(CCn2c(NC(=O)c3ccc(cc3)C(F)(F)F)nc3cc(ccc23)C(O)=O)cc1,MCF7,[6*]C(=O)O,0.0047669000923633575,0.014897327870130539,-0.010130427777767181
COc1ccc(cc1)C(=O)Oc1ccc(CCn2c(NC(=O)c3ccc(cc3)C(F)(F)F)nc3cc(ccc23)C(O)=O)cc1,MCF7,[8*]C(F)(F)F,0.0047669000923633575,0.013240393251180649,-0.008473493158817291
COc1ccc(cc1)C(=O)Oc1ccc(CCn2c(NC(=O)c3ccc(cc3)C(F)(F)F)nc3cc(ccc23)C(O)=O)cc1,MCF7,[1*]C([6*])=O,0.0047669000923633575,0.012607891112565994,-0.007840991020202637
COc1ccc(cc1)C(=O)Oc1ccc(CCn2c(NC(=O)c3ccc(cc3)C(F)(F)F)nc3cc(ccc23)C(O)=O)cc1,MCF7,[3*]O[3*],0.0047669000923633575,0.01867341622710228,-0.013906516134738922
COc1ccc(cc1)C(=O)Oc1ccc(CCn2c(NC(=O)c3ccc(cc3)C(F)(F)F)nc3cc(ccc23)C(O)=O)cc1,MCF7,[16*]c1ccc([16*])cc1,0.0047669000923633575,0.014559365808963776,-0.009792465716600418
COc1ccc(cc1)C(=O)Oc1ccc(CCn2c(NC(=O)c3ccc(cc3)C(F)(F)F)nc3cc(ccc23)C(O)=O)cc1,MCF7,[5*]N[5*],0.0047669000923633575,0.017306383699178696,-0.012539483606815338
COc1ccc(cc1)C(=O)Oc1ccc(CCn2c(NC(=O)c3ccc(cc3)C(F)(F)F)nc3cc(ccc23)C(O)=O)cc1,MCF7,[3*]OC,0.0047669000923633575,0.01585446670651436,-0.011087566614151001
Nc1nccc(Oc2ccc(NC(=O)c3c[nH]cc(-c4ccc(F)cc4)c3=O)cc2F)c1Cl,MCF7,[16*]c1ccnc(N)c1Cl,0.010661821812391281,0.0152118019759655,-0.004549980163574219
Nc1nccc(Oc2ccc(NC(=O)c3c[nH]cc(-c4ccc(F)cc4)c3=O)cc2F)c1Cl,MCF7,[16*]c1c[nH]cc([16*])c1=O,0.010661821812391281,0.013726480305194855,-0.0030646584928035736
Nc1nccc(Oc2ccc(NC(=O)c3c[nH]cc(-c4ccc(F)cc4)c3=O)cc2F)c1Cl,MCF7,[1*]C([6*])=O,0.010661821812391281,0.017559897154569626,-0.006898075342178345
Nc1nccc(Oc2ccc(NC(=O)c3c[nH]cc(-c4ccc(F)cc4)c3=O)cc2F)c1Cl,MCF7,[3*]O[3*],0.010661821812391281,0.02118554711341858,-0.010523725301027298
Nc1nccc(Oc2ccc(NC(=O)c3c[nH]cc(-c4ccc(F)cc4)c3=O)cc2F)c1Cl,MCF7,[5*]N[5*],0.010661821812391281,0.017460308969020844,-0.006798487156629562
Nc1nccc(Oc2ccc(NC(=O)c3c[nH]cc(-c4ccc(F)cc4)c3=O)cc2F)c1Cl,MCF7,[16*]c1ccc(F)cc1,0.010661821812391281,0.015830177813768387,-0.005168356001377106
Nc1nccc(Oc2ccc(NC(=O)c3c[nH]cc(-c4ccc(F)cc4)c3=O)cc2F)c1Cl,MCF7,[16*]c1ccc([16*])c(F)c1,0.010661821812391281,0.014464009553194046,-0.003802187740802765
OC(=O)COCCN1CCN(CC1)[C@H](c1ccccc1)c1ccc(Cl)cc1,MCF7,[4*]C([8*])[8*],0.008731331676244736,0.01680832728743553,-0.008076995611190796
OC(=O)COCCN1CCN(CC1)[C@H](c1ccccc1)c1ccc(Cl)cc1,MCF7,[16*]c1ccccc1,0.008731331676244736,0.015281934291124344,-0.006550602614879608
OC(=O)COCCN1CCN(CC1)[C@H](c1ccccc1)c1ccc(Cl)cc1,MCF7,[16*]c1ccc(Cl)cc1,0.008731331676244736,0.011792678385972977,-0.003061346709728241
OC(=O)COCCN1CCN(CC1)[C@H](c1ccccc1)c1ccc(Cl)cc1,MCF7,[5*]N1CCN([5*])CC1,0.008731331676244736,0.013857755810022354,-0.005126424133777618
OC(=O)COCCN1CCN(CC1)[C@H](c1ccccc1)c1ccc(Cl)cc1,MCF7,[4*]CC(=O)O,0.008731331676244736,0.0180073119699955,-0.009275980293750763
OC(=O)COCCN1CCN(CC1)[C@H](c1ccccc1)c1ccc(Cl)cc1,MCF7,[3*]O[3*],0.008731331676244736,0.018880177289247513,-0.010148845613002777
OC(=O)COCCN1CCN(CC1)[C@H](c1ccccc1)c1ccc(Cl)cc1,MCF7,[4*]CC[4*],0.008731331676244736,0.014979932457208633,-0.006248600780963898
CCCN1CCN(CC1)c1ccc(cc1)C(=O)NC1(CCCCC1)C(=O)NCC#N,MCF7,[4*]CC#N,0.009464140981435776,0.021503452211618423,-0.012039311230182648
CCCN1CCN(CC1)c1ccc(cc1)C(=O)NC1(CCCCC1)C(=O)NCC#N,MCF7,[4*]CCC,0.009464140981435776,0.023497577756643295,-0.01403343677520752
CCCN1CCN(CC1)c1ccc(cc1)C(=O)NC1(CCCCC1)C(=O)NCC#N,MCF7,[4*]C1([15*])CCCCC1,0.009464140981435776,0.021129924803972244,-0.011665783822536469
CCCN1CCN(CC1)c1ccc(cc1)C(=O)NC1(CCCCC1)C(=O)NCC#N,MCF7,[5*]N1CCN([5*])CC1,0.009464140981435776,0.021176736801862717,-0.011712595820426941
CCCN1CCN(CC1)c1ccc(cc1)C(=O)NC1(CCCCC1)C(=O)NCC#N,MCF7,[1*]C([6*])=O,0.009464140981435776,0.021335620433092117,-0.011871479451656342
CCCN1CCN(CC1)c1ccc(cc1)C(=O)NC1(CCCCC1)C(=O)NCC#N,MCF7,[5*]N[5*],0.009464140981435776,0.019762802869081497,-0.010298661887645721
CCCN1CCN(CC1)c1ccc(cc1)C(=O)NC1(CCCCC1)C(=O)NCC#N,MCF7,[16*]c1ccc([16*])cc1,0.009464140981435776,0.0162193663418293,-0.006755225360393524
O=c1cc(oc2c(cccc12)-c1ccccc1)N1CCOCC1,MCF7,[5*]N1CCOCC1,0.007398597896099091,0.005274839699268341,0.0021237581968307495
O=c1cc(oc2c(cccc12)-c1ccccc1)N1CCOCC1,MCF7,[16*]c1ccccc1,0.007398597896099091,0.008915703743696213,-0.0015171058475971222
O=c1cc(oc2c(cccc12)-c1ccccc1)N1CCOCC1,MCF7,[14*]c1cc(=O)c2cccc([16*])c2o1,0.007398597896099091,0.004121545702219009,0.003277052193880081
Cc1ccc2c(oc3c(CC(O)=O)cccc3c2=O)c1C,MCF7,[8*]CC(=O)O,0.013941077515482903,0.0058580972254276276,0.008082980290055275
Cc1ccc2c(oc3c(CC(O)=O)cccc3c2=O)c1C,MCF7,[16*]c1cccc2c(=O)c3ccc(C)c(C)c3oc12,0.013941077515482903,-0.00021486356854438782,0.01415594108402729
Nc1nc(OCc2cc(Br)cs2)c2[nH]cnc2n1,MCF7,[14*]c1cc(Br)cs1,0.008287493139505386,0.0032901056110858917,0.004997387528419495
Nc1nc(OCc2cc(Br)cs2)c2[nH]cnc2n1,MCF7,[3*]O[3*],0.008287493139505386,0.011814795434474945,-0.0035273022949695587
Nc1nc(OCc2cc(Br)cs2)c2[nH]cnc2n1,MCF7,[14*]c1nc(N)nc2nc[nH]c12,0.008287493139505386,0.008608967065811157,-0.0003214739263057709
Nc1nc(OCc2cc(Br)cs2)c2[nH]cnc2n1,MCF7,[4*]C[8*],0.008287493139505386,0.015982430428266525,-0.007694937288761139
Cc1nnc2CN=C(c3cc(CCC(=O)N4CCOCC4)sc3-n12)c1ccccc1Cl,MCF7,[5*]N1CCOCC1,0.01587485335767269,0.010543446987867355,0.005331406369805336
Cc1nnc2CN=C(c3cc(CCC(=O)N4CCOCC4)sc3-n12)c1ccccc1Cl,MCF7,[14*]c1cc2c(s1)-n1c(C)nnc1CN=C2c1ccccc1Cl,0.01587485335767269,-0.0009624920785427094,0.0168373454362154
Cc1nnc2CN=C(c3cc(CCC(=O)N4CCOCC4)sc3-n12)c1ccccc1Cl,MCF7,[1*]C(=O)CC[8*],0.01587485335767269,0.021110590547323227,-0.005235737189650536
CN1CCC(CC1)=C1c2ccccc2C=Cc2ccccc12,MCF7,[7*]C1c2ccccc2C=Cc2ccccc21,0.01580969989299774,0.0035563968122005463,0.012253303080797195
CN1CCC(CC1)=C1c2ccccc2C=Cc2ccccc12,MCF7,[7*]C1CCN(C)CC1,0.01580969989299774,0.012364983558654785,0.0034447163343429565
CC(C)NC(=N)NC(=N)Nc1ccc(Cl)cc1,MCF7,[5*]NC(=N)NC(=N)N[5*],0.01469879224896431,0.013601433485746384,0.001097358763217926
CC(C)NC(=N)NC(=N)Nc1ccc(Cl)cc1,MCF7,[4*]C(C)C,0.01469879224896431,0.010183118283748627,0.004515673965215683
CC(C)NC(=N)NC(=N)Nc1ccc(Cl)cc1,MCF7,[16*]c1ccc(Cl)cc1,0.01469879224896431,-0.0038832537829875946,0.018582046031951904
CC(=O)[C@H]1CC[C@H]2[C@@H]3CC[C@H]4C[C@](C)(O)CC[C@]4(C)[C@H]3CC[C@]12C,MCF7,[15*][C@H]1CC[C@H]2[C@@H]3CC[C@H]4C[C@](C)(O)CC[C@]4(C)[C@H]3CC[C@]12C,0.00855492427945137,0.008233871310949326,0.0003210529685020447
CC(=O)[C@H]1CC[C@H]2[C@@H]3CC[C@H]4C[C@](C)(O)CC[C@]4(C)[C@H]3CC[C@]12C,MCF7,[6*]C(C)=O,0.00855492427945137,0.009404309093952179,-0.0008493848145008087
CC(C)C(=O)Nc1ccc(c(c1)C(F)(F)F)[N+]([O-])=O,MCF7,[16*]c1ccc([N+](=O)[O-])c([16*])c1,0.006092499941587448,0.001713879406452179,0.004378620535135269
CC(C)C(=O)Nc1ccc(c(c1)C(F)(F)F)[N+]([O-])=O,MCF7,[8*]C(F)(F)F,0.006092499941587448,0.00394352525472641,0.002148974686861038
CC(C)C(=O)Nc1ccc(c(c1)C(F)(F)F)[N+]([O-])=O,MCF7,[5*]N[5*],0.006092499941587448,0.00046649202704429626,0.005626007914543152
CC(C)C(=O)Nc1ccc(c(c1)C(F)(F)F)[N+]([O-])=O,MCF7,[1*]C(=O)C(C)C,0.006092499941587448,0.004281502217054367,0.001810997724533081
C[C@@H](O)COc1cn2ncnc(Oc3ccc4[nH]c(C)cc4c3F)c2c1C,MCF7,[3*]O[3*],0.010952567681670189,0.018328208476305008,-0.007375640794634819
C[C@@H](O)COc1cn2ncnc(Oc3ccc4[nH]c(C)cc4c3F)c2c1C,MCF7,[4*]C[C@@H](C)O,0.010952567681670189,0.014027174562215805,-0.003074606880545616
C[C@@H](O)COc1cn2ncnc(Oc3ccc4[nH]c(C)cc4c3F)c2c1C,MCF7,[14*]c1ncnn2cc([16*])c(C)c12,0.010952567681670189,0.01485447958111763,-0.003901911899447441
C[C@@H](O)COc1cn2ncnc(Oc3ccc4[nH]c(C)cc4c3F)c2c1C,MCF7,[16*]c1ccc2[nH]c(C)cc2c1F,0.010952567681670189,0.015714038163423538,-0.004761470481753349
CCC(O)(CC)\C=C\C=C\[C@@H](C)[C@H]1CC[C@@H]2[C@]1(C)CCC\C2=C/C=C1/C[C@@H](O)C[C@H](O)C1=C,MCF7,[7*]C1CCC[C@]2(C)[C@@H]([15*])CC[C@@H]12,0.013001542538404465,0.014887657016515732,-0.001886114478111267
CCC(O)(CC)\C=C\C=C\[C@@H](C)[C@H]1CC[C@@H]2[C@]1(C)CCC\C2=C/C=C1/C[C@@H](O)C[C@H](O)C1=C,MCF7,[7*]CC(O)(CC)CC,0.013001542538404465,0.021955888718366623,-0.008954346179962158
CCC(O)(CC)\C=C\C=C\[C@@H](C)[C@H]1CC[C@@H]2[C@]1(C)CCC\C2=C/C=C1/C[C@@H](O)C[C@H](O)C1=C,MCF7,[7*]C[C@H]([8*])C,0.013001542538404465,0.02289711683988571,-0.009895574301481247
CCC(O)(CC)\C=C\C=C\[C@@H](C)[C@H]1CC[C@@H]2[C@]1(C)CCC\C2=C/C=C1/C[C@@H](O)C[C@H](O)C1=C,MCF7,[7*]CC[7*],0.013001542538404465,0.022003192454576492,-0.009001649916172028
CCC(O)(CC)\C=C\C=C\[C@@H](C)[C@H]1CC[C@@H]2[C@]1(C)CCC\C2=C/C=C1/C[C@@H](O)C[C@H](O)C1=C,MCF7,[7*]C1C[C@@H](O)C[C@H](O)C1=C,0.013001542538404465,0.02191464975476265,-0.008913107216358185
CC(Oc1ccc(O)cc1)(P(O)(O)=O)P(O)(O)=O,MCF7,[16*]c1ccc(O)cc1,0.0031553059816360474,-0.006101224571466446,0.009256530553102493
CC(Oc1ccc(O)cc1)(P(O)(O)=O)P(O)(O)=O,MCF7,[3*]O[3*],0.0031553059816360474,0.0064170509576797485,-0.003261744976043701
CC(Oc1ccc(O)cc1)(P(O)(O)=O)P(O)(O)=O,MCF7,[4*]C(C)(P(=O)(O)O)P(=O)(O)O,0.0031553059816360474,0.0016813725233078003,0.001473933458328247
CN(C)CCCOc1nn(Cc2ccccc2)c2ccccc12,MCF7,[4*]CCC[4*],0.007876068353652954,0.010362491011619568,-0.0024864226579666138
CN(C)CCCOc1nn(Cc2ccccc2)c2ccccc12,MCF7,[16*]c1ccccc1,0.007876068353652954,0.008421700447797775,-0.0005456320941448212
CN(C)CCCOc1nn(Cc2ccccc2)c2ccccc12,MCF7,[9*]n1nc([14*])c2ccccc21,0.007876068353652954,0.007442384958267212,0.0004336833953857422
CN(C)CCCOc1nn(Cc2ccccc2)c2ccccc12,MCF7,[3*]O[3*],0.007876068353652954,0.014048691838979721,-0.006172623485326767
CN(C)CCCOc1nn(Cc2ccccc2)c2ccccc12,MCF7,[5*]N(C)C,0.007876068353652954,0.012387048453092575,-0.004510980099439621
CN(C)CCCOc1nn(Cc2ccccc2)c2ccccc12,MCF7,[8*]C[8*],0.007876068353652954,0.013301003724336624,-0.00542493537068367
NC(=O)c1cnccn1,MCF7,[14*]c1cnccn1,0.01757454127073288,0.007624033838510513,0.009950507432222366
NC(=O)c1cnccn1,MCF7,[6*]C(N)=O,0.01757454127073288,-0.0012019984424114227,0.018776539713144302
CC(=O)Nc1nc(C)c(s1)-c1ccc(Cl)c(c1)S(=O)(=O)NCCO,MCF7,[14*]c1nc(C)c([14*])s1,0.013462204486131668,0.0075099878013134,0.005952216684818268
CC(=O)Nc1nc(C)c(s1)-c1ccc(Cl)c(c1)S(=O)(=O)NCCO,MCF7,[12*]S(=O)(=O)c1cc([16*])ccc1Cl,0.013462204486131668,0.00905543938279152,0.004406765103340149
CC(=O)Nc1nc(C)c(s1)-c1ccc(Cl)c(c1)S(=O)(=O)NCCO,MCF7,[4*]CCO,0.013462204486131668,0.006384711712598801,0.007077492773532867
CC(=O)Nc1nc(C)c(s1)-c1ccc(Cl)c(c1)S(=O)(=O)NCCO,MCF7,[5*]N[5*],0.013462204486131668,0.008555155247449875,0.004907049238681793
CC(=O)Nc1nc(C)c(s1)-c1ccc(Cl)c(c1)S(=O)(=O)NCCO,MCF7,[1*]C(C)=O,0.013462204486131668,0.007062721997499466,0.006399482488632202
COc1nccc(-c2ccc3nccc(-c4ccnnc4)c3c2)c1NS(=O)(=O)c1ccc(F)cc1F,MCF7,[16*]c1ccnnc1,0.012511193752288818,0.016094785183668137,-0.0035835914313793182
COc1nccc(-c2ccc3nccc(-c4ccnnc4)c3c2)c1NS(=O)(=O)c1ccc(F)cc1F,MCF7,[14*]c1nccc([16*])c1[16*],0.012511193752288818,0.011582549661397934,0.0009286440908908844
COc1nccc(-c2ccc3nccc(-c4ccnnc4)c3c2)c1NS(=O)(=O)c1ccc(F)cc1F,MCF7,[12*]S(=O)(=O)c1ccc(F)cc1F,0.012511193752288818,0.021290447562932968,-0.00877925381064415
COc1nccc(-c2ccc3nccc(-c4ccnnc4)c3c2)c1NS(=O)(=O)c1ccc(F)cc1F,MCF7,[5*]N[5*],0.012511193752288818,0.014202356338500977,-0.0016911625862121582
COc1nccc(-c2ccc3nccc(-c4ccnnc4)c3c2)c1NS(=O)(=O)c1ccc(F)cc1F,MCF7,[16*]c1ccc2nccc([16*])c2c1,0.012511193752288818,0.015423063188791275,-0.0029118694365024567
COc1nccc(-c2ccc3nccc(-c4ccnnc4)c3c2)c1NS(=O)(=O)c1ccc(F)cc1F,MCF7,[3*]OC,0.012511193752288818,0.018555793911218643,-0.006044600158929825
CC(C)(C)c1cnc(CSc2cnc(NC(=O)C3CCNCC3)s2)o1,MCF7,[14*]c1cnc([14*])s1,0.014790128916501999,0.023476827889680862,-0.008686698973178864
CC(C)(C)c1cnc(CSc2cnc(NC(=O)C3CCNCC3)s2)o1,MCF7,[8*]C(C)(C)C,0.014790128916501999,0.01572621986269951,-0.0009360909461975098
CC(C)(C)c1cnc(CSc2cnc(NC(=O)C3CCNCC3)s2)o1,MCF7,[4*]C[8*],0.014790128916501999,0.013827595859766006,0.0009625330567359924
CC(C)(C)c1cnc(CSc2cnc(NC(=O)C3CCNCC3)s2)o1,MCF7,[14*]c1cnc([14*])o1,0.014790128916501999,0.013666044920682907,0.0011240839958190918
CC(C)(C)c1cnc(CSc2cnc(NC(=O)C3CCNCC3)s2)o1,MCF7,[1*]C([6*])=O,0.014790128916501999,0.015838783234357834,-0.001048654317855835
CC(C)(C)c1cnc(CSc2cnc(NC(=O)C3CCNCC3)s2)o1,MCF7,[15*]C1CCNCC1,0.014790128916501999,0.017454374581575394,-0.0026642456650733948
CC(C)(C)c1cnc(CSc2cnc(NC(=O)C3CCNCC3)s2)o1,MCF7,[5*]N[5*],0.014790128916501999,0.018499013036489487,-0.003708884119987488
CC(C)(C)c1cnc(CSc2cnc(NC(=O)C3CCNCC3)s2)o1,MCF7,[11*]S[11*],0.014790128916501999,0.018442723900079727,-0.0036525949835777283
C1=CC2=C(C(=C3C4=C(C=C(C=C4)Br)NC3=O)N=C2C=C1)NO,MCF7,[7*]C1N=c2ccccc2=C1NO,0.01026279479265213,0.01973067596554756,-0.009467881172895432
C1=CC2=C(C(=C3C4=C(C=C(C=C4)Br)NC3=O)N=C2C=C1)NO,MCF7,[7*]C1C(=O)Nc2cc(Br)ccc21,0.01026279479265213,0.010243374854326248,1.9419938325881958e-05
NC(=O)Nc1cc(sc1C(=O)N[C@@H]1CCCNC1)-c1cccc(F)c1,MCF7,[1*]C(N)=O,0.008492790162563324,0.02066696807742119,-0.012174177914857864
NC(=O)Nc1cc(sc1C(=O)N[C@@H]1CCCNC1)-c1cccc(F)c1,MCF7,[15*][C@@H]1CCCNC1,0.008492790162563324,0.02183559164404869,-0.013342801481485367
NC(=O)Nc1cc(sc1C(=O)N[C@@H]1CCCNC1)-c1cccc(F)c1,MCF7,[1*]C([6*])=O,0.008492790162563324,0.022368159145116806,-0.013875368982553482
NC(=O)Nc1cc(sc1C(=O)N[C@@H]1CCCNC1)-c1cccc(F)c1,MCF7,[5*]N[5*],0.008492790162563324,0.022377703338861465,-0.013884913176298141
NC(=O)Nc1cc(sc1C(=O)N[C@@H]1CCCNC1)-c1cccc(F)c1,MCF7,[16*]c1cccc(F)c1,0.008492790162563324,0.02201170101761818,-0.013518910855054855
NC(=O)Nc1cc(sc1C(=O)N[C@@H]1CCCNC1)-c1cccc(F)c1,MCF7,[14*]c1cc([16*])c([14*])s1,0.008492790162563324,0.013082411140203476,-0.004589620977640152
Nc1ccc(cn1)C(=O)Nc1cccc(c1)-c1nc(N2CCOCC2)c2oc3ncccc3c2n1,MCF7,[5*]N1CCOCC1,0.009237576276063919,0.018919069319963455,-0.009681493043899536
Nc1ccc(cn1)C(=O)Nc1cccc(c1)-c1nc(N2CCOCC2)c2oc3ncccc3c2n1,MCF7,[14*]c1nc([14*])c2oc3ncccc3c2n1,0.009237576276063919,0.01912563666701317,-0.00988806039094925
Nc1ccc(cn1)C(=O)Nc1cccc(c1)-c1nc(N2CCOCC2)c2oc3ncccc3c2n1,MCF7,[16*]c1ccc(N)nc1,0.009237576276063919,0.019153568893671036,-0.009915992617607117
Nc1ccc(cn1)C(=O)Nc1cccc(c1)-c1nc(N2CCOCC2)c2oc3ncccc3c2n1,MCF7,[1*]C([6*])=O,0.009237576276063919,0.01815139874815941,-0.00891382247209549
Nc1ccc(cn1)C(=O)Nc1cccc(c1)-c1nc(N2CCOCC2)c2oc3ncccc3c2n1,MCF7,[5*]N[5*],0.009237576276063919,0.01980990543961525,-0.01057232916355133
Nc1ccc(cn1)C(=O)Nc1cccc(c1)-c1nc(N2CCOCC2)c2oc3ncccc3c2n1,MCF7,[16*]c1cccc([16*])c1,0.009237576276063919,0.019868995994329453,-0.010631419718265533
Brc1cnc(Nc2cccc(NC(=O)N3CCCC3)c2)nc1NCCc1c[nH]cn1,MCF7,[14*]c1c[nH]cn1,0.013051245361566544,0.017416540533304214,-0.004365295171737671
Brc1cnc(Nc2cccc(NC(=O)N3CCCC3)c2)nc1NCCc1c[nH]cn1,MCF7,[14*]c1ncc(Br)c([14*])n1,0.013051245361566544,0.018386241048574448,-0.005334995687007904
Brc1cnc(Nc2cccc(NC(=O)N3CCCC3)c2)nc1NCCc1c[nH]cn1,MCF7,[5*]N[5*],0.013051245361566544,0.01872197538614273,-0.005670730024576187
Brc1cnc(Nc2cccc(NC(=O)N3CCCC3)c2)nc1NCCc1c[nH]cn1,MCF7,[4*]CC[8*],0.013051245361566544,0.0182793065905571,-0.005228061228990555
Brc1cnc(Nc2cccc(NC(=O)N3CCCC3)c2)nc1NCCc1c[nH]cn1,MCF7,[16*]c1cccc([16*])c1,0.013051245361566544,0.01943601295351982,-0.006384767591953278
Brc1cnc(Nc2cccc(NC(=O)N3CCCC3)c2)nc1NCCc1c[nH]cn1,MCF7,[1*]C([1*])=O,0.013051245361566544,0.018454603850841522,-0.005403358489274979
Brc1cnc(Nc2cccc(NC(=O)N3CCCC3)c2)nc1NCCc1c[nH]cn1,MCF7,[5*]N1CCCC1,0.013051245361566544,0.019952859729528427,-0.0069016143679618835
COc1cc(ccc1Nc1ncc(Cl)c(Nc2ccccc2S(=O)(=O)C(C)C)n1)N1CCC(CC1)N1CCN(C)CC1,MCF7,[16*]c1ccccc1S(=O)(=O)C(C)C,0.017564263194799423,0.026098359376192093,-0.00853409618139267
COc1cc(ccc1Nc1ncc(Cl)c(Nc2ccccc2S(=O)(=O)C(C)C)n1)N1CCC(CC1)N1CCN(C)CC1,MCF7,[5*]N1CCC([15*])CC1,0.017564263194799423,0.022481005638837814,-0.004916742444038391
COc1cc(ccc1Nc1ncc(Cl)c(Nc2ccccc2S(=O)(=O)C(C)C)n1)N1CCC(CC1)N1CCN(C)CC1,MCF7,[14*]c1ncc(Cl)c([14*])n1,0.017564263194799423,0.01915663108229637,-0.0015923678874969482
COc1cc(ccc1Nc1ncc(Cl)c(Nc2ccccc2S(=O)(=O)C(C)C)n1)N1CCC(CC1)N1CCN(C)CC1,MCF7,[5*]N[5*],0.017564263194799423,0.017362195998430252,0.00020206719636917114
COc1cc(ccc1Nc1ncc(Cl)c(Nc2ccccc2S(=O)(=O)C(C)C)n1)N1CCC(CC1)N1CCN(C)CC1,MCF7,[16*]c1ccc([16*])c([16*])c1,0.017564263194799423,0.015407416969537735,0.0021568462252616882
COc1cc(ccc1Nc1ncc(Cl)c(Nc2ccccc2S(=O)(=O)C(C)C)n1)N1CCC(CC1)N1CCN(C)CC1,MCF7,[5*]N1CCN(C)CC1,0.017564263194799423,0.017737504094839096,-0.00017324090003967285
COc1cc(ccc1Nc1ncc(Cl)c(Nc2ccccc2S(=O)(=O)C(C)C)n1)N1CCC(CC1)N1CCN(C)CC1,MCF7,[3*]OC,0.017564263194799423,0.018179673701524734,-0.0006154105067253113
N#CC[C@H](C1CCCC1)n1cc(cn1)-c1ncnc2[nH]ccc12,MCF7,[15*]C1CCCC1,0.011158201843500137,0.015486527234315872,-0.004328325390815735
N#CC[C@H](C1CCCC1)n1cc(cn1)-c1ncnc2[nH]ccc12,MCF7,[8*]C([8*])CC#N,0.011158201843500137,0.019103851169347763,-0.007945649325847626
N#CC[C@H](C1CCCC1)n1cc(cn1)-c1ncnc2[nH]ccc12,MCF7,[9*]n1cc([16*])cn1,0.011158201843500137,0.015438709408044815,-0.004280507564544678
N#CC[C@H](C1CCCC1)n1cc(cn1)-c1ncnc2[nH]ccc12,MCF7,[14*]c1ncnc2[nH]ccc12,0.011158201843500137,0.01564643904566765,-0.004488237202167511
Cc1nc(NC(=O)N2CCC[C@H]2C(N)=O)sc1-c1ccnc(c1)C(C)(C)C(F)(F)F,MCF7,[8*]C(C)(C)C(F)(F)F,0.0067452676594257355,0.01784880831837654,-0.011103540658950806
Cc1nc(NC(=O)N2CCC[C@H]2C(N)=O)sc1-c1ccnc(c1)C(C)(C)C(F)(F)F,MCF7,[14*]c1nc(C)c([14*])s1,0.0067452676594257355,0.020497653633356094,-0.013752385973930359
Cc1nc(NC(=O)N2CCC[C@H]2C(N)=O)sc1-c1ccnc(c1)C(C)(C)C(F)(F)F,MCF7,[5*]N1CCC[C@H]1[13*],0.0067452676594257355,0.024347607046365738,-0.017602339386940002
Cc1nc(NC(=O)N2CCC[C@H]2C(N)=O)sc1-c1ccnc(c1)C(C)(C)C(F)(F)F,MCF7,[14*]c1cc([16*])ccn1,0.0067452676594257355,0.021601911634206772,-0.014856643974781036
Cc1nc(NC(=O)N2CCC[C@H]2C(N)=O)sc1-c1ccnc(c1)C(C)(C)C(F)(F)F,MCF7,[6*]C(N)=O,0.0067452676594257355,0.02169879525899887,-0.014953527599573135
Cc1nc(NC(=O)N2CCC[C@H]2C(N)=O)sc1-c1ccnc(c1)C(C)(C)C(F)(F)F,MCF7,[5*]N[5*],0.0067452676594257355,0.022163312882184982,-0.015418045222759247
Cc1nc(NC(=O)N2CCC[C@H]2C(N)=O)sc1-c1ccnc(c1)C(C)(C)C(F)(F)F,MCF7,[1*]C([1*])=O,0.0067452676594257355,0.01956731453537941,-0.012822046875953674
COc1cc(OC)cc(c1)-c1ccc2ncc3ccc(=O)n(-c4ccc(N5CCNCC5)c(c4)C(F)(F)F)c3c2c1,MCF7,[9*]n1c(=O)ccc2cnc3ccc([16*])cc3c21,0.012304380536079407,0.01771378517150879,-0.005409404635429382
COc1cc(OC)cc(c1)-c1ccc2ncc3ccc(=O)n(-c4ccc(N5CCNCC5)c(c4)C(F)(F)F)c3c2c1,MCF7,[5*]N1CCNCC1,0.012304380536079407,0.014800634235143661,-0.0024962536990642548
COc1cc(OC)cc(c1)-c1ccc2ncc3ccc(=O)n(-c4ccc(N5CCNCC5)c(c4)C(F)(F)F)c3c2c1,MCF7,[8*]C(F)(F)F,0.012304380536079407,0.019668076187372208,-0.007363695651292801
COc1cc(OC)cc(c1)-c1ccc2ncc3ccc(=O)n(-c4ccc(N5CCNCC5)c(c4)C(F)(F)F)c3c2c1,MCF7,[16*]c1ccc([16*])c([16*])c1,0.012304380536079407,0.017783205956220627,-0.00547882542014122
COc1cc(OC)cc(c1)-c1ccc2ncc3ccc(=O)n(-c4ccc(N5CCNCC5)c(c4)C(F)(F)F)c3c2c1,MCF7,[16*]c1cc([16*])cc([16*])c1,0.012304380536079407,0.019308604300022125,-0.0070042237639427185
COc1cc(OC)cc(c1)-c1ccc2ncc3ccc(=O)n(-c4ccc(N5CCNCC5)c(c4)C(F)(F)F)c3c2c1,MCF7,[3*]OC,0.012304380536079407,0.01599205657839775,-0.003687676042318344
C[C@@H](Nc1ccccc1C(O)=O)c1cc(C)cn2c1nc(cc2=O)N1CCOCC1,MCF7,[5*]N1CCOCC1,0.011890236288309097,0.021945197135210037,-0.01005496084690094
C[C@@H](Nc1ccccc1C(O)=O)c1cc(C)cn2c1nc(cc2=O)N1CCOCC1,MCF7,[14*]c1cc(=O)n2cc(C)cc([16*])c2n1,0.011890236288309097,0.011795338243246078,9.48980450630188e-05
C[C@@H](Nc1ccccc1C(O)=O)c1cc(C)cn2c1nc(cc2=O)N1CCOCC1,MCF7,[6*]C(=O)O,0.011890236288309097,0.019464511424303055,-0.0075742751359939575
C[C@@H](Nc1ccccc1C(O)=O)c1cc(C)cn2c1nc(cc2=O)N1CCOCC1,MCF7,[16*]c1ccccc1[16*],0.011890236288309097,0.015940804034471512,-0.0040505677461624146
C[C@@H](Nc1ccccc1C(O)=O)c1cc(C)cn2c1nc(cc2=O)N1CCOCC1,MCF7,[5*]N[5*],0.011890236288309097,0.020585764199495316,-0.008695527911186218
C[C@@H](Nc1ccccc1C(O)=O)c1cc(C)cn2c1nc(cc2=O)N1CCOCC1,MCF7,[4*][C@@H]([8*])C,0.011890236288309097,0.01847851648926735,-0.006588280200958252
FC(F)c1nc2ccccc2n1-c1nc(nc(n1)N1CCOCC1)N1CCOCC1,MCF7,[8*]C(F)F,0.009223226457834244,0.021698907017707825,-0.012475680559873581
FC(F)c1nc2ccccc2n1-c1nc(nc(n1)N1CCOCC1)N1CCOCC1,MCF7,[5*]N1CCOCC1,0.009223226457834244,0.020409081131219864,-0.01118585467338562
FC(F)c1nc2ccccc2n1-c1nc(nc(n1)N1CCOCC1)N1CCOCC1,MCF7,[14*]c1nc([14*])nc([14*])n1,0.009223226457834244,0.018748681992292404,-0.00952545553445816
FC(F)c1nc2ccccc2n1-c1nc(nc(n1)N1CCOCC1)N1CCOCC1,MCF7,[9*]n1c([14*])nc2ccccc21,0.009223226457834244,0.0216778926551342,-0.012454666197299957
CCN(CCO)CCCOc1ccc2c(Nc3cc(CC(=O)Nc4cccc(F)c4)[nH]n3)ncnc2c1,MCF7,[14*]c1cc([14*])[nH]n1,0.009345706552267075,0.018399175256490707,-0.009053468704223633
CCN(CCO)CCCOc1ccc2c(Nc3cc(CC(=O)Nc4cccc(F)c4)[nH]n3)ncnc2c1,MCF7,[4*]CCC[4*],0.009345706552267075,0.01579936221241951,-0.006453655660152435
CCN(CCO)CCCOc1ccc2c(Nc3cc(CC(=O)Nc4cccc(F)c4)[nH]n3)ncnc2c1,MCF7,[4*]CCO,0.009345706552267075,0.016445782035589218,-0.0071000754833221436
CCN(CCO)CCCOc1ccc2c(Nc3cc(CC(=O)Nc4cccc(F)c4)[nH]n3)ncnc2c1,MCF7,[5*]N([5*])[5*],0.009345706552267075,0.01723949983716011,-0.007893793284893036
CCN(CCO)CCCOc1ccc2c(Nc3cc(CC(=O)Nc4cccc(F)c4)[nH]n3)ncnc2c1,MCF7,[1*]C(=O)C[8*],0.009345706552267075,0.01846308261156082,-0.009117376059293747
CCN(CCO)CCCOc1ccc2c(Nc3cc(CC(=O)Nc4cccc(F)c4)[nH]n3)ncnc2c1,MCF7,[3*]O[3*],0.009345706552267075,0.020218539983034134,-0.01087283343076706
CCN(CCO)CCCOc1ccc2c(Nc3cc(CC(=O)Nc4cccc(F)c4)[nH]n3)ncnc2c1,MCF7,[5*]N[5*],0.009345706552267075,0.017674125730991364,-0.008328419178724289
CCN(CCO)CCCOc1ccc2c(Nc3cc(CC(=O)Nc4cccc(F)c4)[nH]n3)ncnc2c1,MCF7,[16*]c1cccc(F)c1,0.009345706552267075,0.016674447804689407,-0.007328741252422333
CCN(CCO)CCCOc1ccc2c(Nc3cc(CC(=O)Nc4cccc(F)c4)[nH]n3)ncnc2c1,MCF7,[4*]CC,0.009345706552267075,0.017460208386182785,-0.00811450183391571
CCN(CCO)CCCOc1ccc2c(Nc3cc(CC(=O)Nc4cccc(F)c4)[nH]n3)ncnc2c1,MCF7,[14*]c1ncnc2cc([16*])ccc12,0.009345706552267075,0.015834718942642212,-0.006489012390375137
CCNC(=O)C1=C(C(=C2C=C(C(=CC2=O)O)C(C)C)ON1)C3=CC=C(C=C3)CN4CCOCC4,MCF7,[7*]C1C=C(C(C)C)C(O)=CC1=O,0.006501276046037674,0.017941612750291824,-0.01144033670425415
CCNC(=O)C1=C(C(=C2C=C(C(=CC2=O)O)C(C)C)ON1)C3=CC=C(C=C3)CN4CCOCC4,MCF7,[5*]N1CCOCC1,0.006501276046037674,0.02159867063164711,-0.015097394585609436
CCNC(=O)C1=C(C(=C2C=C(C(=CC2=O)O)C(C)C)ON1)C3=CC=C(C=C3)CN4CCOCC4,MCF7,[4*]C[8*],0.006501276046037674,0.01981351152062416,-0.013312235474586487
CCNC(=O)C1=C(C(=C2C=C(C(=CC2=O)O)C(C)C)ON1)C3=CC=C(C=C3)CN4CCOCC4,MCF7,[1*]C(=O)C1=C(c2ccc([16*])cc2)C([7*])ON1,0.006501276046037674,0.018970061093568802,-0.012468785047531128
CCNC(=O)C1=C(C(=C2C=C(C(=CC2=O)O)C(C)C)ON1)C3=CC=C(C=C3)CN4CCOCC4,MCF7,[5*]N[5*],0.006501276046037674,0.02361104264855385,-0.017109766602516174
CCNC(=O)C1=C(C(=C2C=C(C(=CC2=O)O)C(C)C)ON1)C3=CC=C(C=C3)CN4CCOCC4,MCF7,[4*]CC,0.006501276046037674,0.022774729877710342,-0.01627345383167267
Nc1ccc(cn1)-c1ccc2ncc3ccc(=O)n(-c4cccc(c4)C(F)(F)F)c3c2c1,MCF7,[9*]n1c(=O)ccc2cnc3ccc([16*])cc3c21,0.010990729555487633,0.008496072143316269,0.002494657412171364
Nc1ccc(cn1)-c1ccc2ncc3ccc(=O)n(-c4cccc(c4)C(F)(F)F)c3c2c1,MCF7,[16*]c1cccc([16*])c1,0.010990729555487633,0.008654598146677017,0.0023361314088106155
Nc1ccc(cn1)-c1ccc2ncc3ccc(=O)n(-c4cccc(c4)C(F)(F)F)c3c2c1,MCF7,[8*]C(F)(F)F,0.010990729555487633,0.018025778234004974,-0.007035048678517342
Nc1ccc(cn1)-c1ccc2ncc3ccc(=O)n(-c4cccc(c4)C(F)(F)F)c3c2c1,MCF7,[16*]c1ccc(N)nc1,0.010990729555487633,0.012769442051649094,-0.0017787124961614609
COc1ccc(cc1CO)-c1ccc2c(nc(nc2n1)N1CCOC[C@@H]1C)N1CCOC[C@@H]1C,MCF7,[14*]c1ccc2c([14*])nc([14*])nc2n1,0.01251893863081932,0.021369043737649918,-0.008850105106830597
COc1ccc(cc1CO)-c1ccc2c(nc(nc2n1)N1CCOC[C@@H]1C)N1CCOC[C@@H]1C,MCF7,[8*]CO,0.01251893863081932,0.02103988453745842,-0.008520945906639099
COc1ccc(cc1CO)-c1ccc2c(nc(nc2n1)N1CCOC[C@@H]1C)N1CCOC[C@@H]1C,MCF7,[3*]OC,0.01251893863081932,0.02049854025244713,-0.007979601621627808
COc1ccc(cc1CO)-c1ccc2c(nc(nc2n1)N1CCOC[C@@H]1C)N1CCOC[C@@H]1C,MCF7,[16*]c1ccc([16*])c([16*])c1,0.01251893863081932,0.016221020370721817,-0.0037020817399024963
COc1ccc(cc1CO)-c1ccc2c(nc(nc2n1)N1CCOC[C@@H]1C)N1CCOC[C@@H]1C,MCF7,[5*]N1CCOC[C@@H]1C,0.01251893863081932,0.02055223286151886,-0.00803329423069954
Cc1ccc(cc1NC(=O)C=C)-n1c2c(ccc1=O)cnc1ccc(cc21)-c1cn[nH]c1,MCF7,[9*]n1c(=O)ccc2cnc3ccc([16*])cc3c21,0.016267340630292892,0.015977807343006134,0.0002895332872867584
Cc1ccc(cc1NC(=O)C=C)-n1c2c(ccc1=O)cnc1ccc(cc21)-c1cn[nH]c1,MCF7,[1*]C(=O)C=C,0.016267340630292892,0.017927873879671097,-0.0016605332493782043
Cc1ccc(cc1NC(=O)C=C)-n1c2c(ccc1=O)cnc1ccc(cc21)-c1cn[nH]c1,MCF7,[16*]c1ccc(C)c([16*])c1,0.016267340630292892,0.014284648001194,0.001982692629098892
Cc1ccc(cc1NC(=O)C=C)-n1c2c(ccc1=O)cnc1ccc(cc21)-c1cn[nH]c1,MCF7,[5*]N[5*],0.016267340630292892,0.01851038634777069,-0.0022430457174777985
Cc1ccc(cc1NC(=O)C=C)-n1c2c(ccc1=O)cnc1ccc(cc21)-c1cn[nH]c1,MCF7,[16*]c1cn[nH]c1,0.016267340630292892,0.01636156067252159,-9.422004222869873e-05
CN1CCN(CC1)c1ccc2nc([nH]c2c1)-c1c(N)c2c(F)cccc2[nH]c1=O,MCF7,[14*]c1nc2ccc([16*])cc2[nH]1,0.0038033239543437958,0.005994986742734909,-0.0021916627883911133
CN1CCN(CC1)c1ccc2nc([nH]c2c1)-c1c(N)c2c(F)cccc2[nH]c1=O,MCF7,[5*]N1CCN(C)CC1,0.0038033239543437958,0.009230554103851318,-0.005427230149507523
CN1CCN(CC1)c1ccc2nc([nH]c2c1)-c1c(N)c2c(F)cccc2[nH]c1=O,MCF7,[16*]c1c(N)c2c(F)cccc2[nH]c1=O,0.0038033239543437958,0.011342402547597885,-0.007539078593254089
CC1=C2C=C(C=CC2=NN1)C3=CC(=CN=C3)OC[C@H](CC4=CNC5=CC=CC=C54)N,MCF7,[16*]c1cncc([16*])c1,0.011476267129182816,0.017878469079732895,-0.006402201950550079
CC1=C2C=C(C=CC2=NN1)C3=CC(=CN=C3)OC[C@H](CC4=CNC5=CC=CC=C54)N,MCF7,[4*]C[C@@H](N)C[8*],0.011476267129182816,0.017412882298231125,-0.005936615169048309
CC1=C2C=C(C=CC2=NN1)C3=CC(=CN=C3)OC[C@H](CC4=CNC5=CC=CC=C54)N,MCF7,[16*]c1c[nH]c2ccccc12,0.011476267129182816,0.014340944588184357,-0.002864677459001541
CC1=C2C=C(C=CC2=NN1)C3=CC(=CN=C3)OC[C@H](CC4=CNC5=CC=CC=C54)N,MCF7,[3*]O[3*],0.011476267129182816,0.015683617442846298,-0.004207350313663483
CC1=C2C=C(C=CC2=NN1)C3=CC(=CN=C3)OC[C@H](CC4=CNC5=CC=CC=C54)N,MCF7,[16*]c1ccc2n[nH]c(C)c2c1,0.011476267129182816,0.014859076589345932,-0.0033828094601631165
COc1cc2ncn(-c3cc(OCc4ccccc4C(F)(F)F)c(s3)C(N)=O)c2cc1OC,MCF7,[4*]C[8*],0.007160905748605728,0.022629018872976303,-0.015468113124370575
COc1cc2ncn(-c3cc(OCc4ccccc4C(F)(F)F)c(s3)C(N)=O)c2cc1OC,MCF7,[8*]C(F)(F)F,0.007160905748605728,0.02170870080590248,-0.014547795057296753
COc1cc2ncn(-c3cc(OCc4ccccc4C(F)(F)F)c(s3)C(N)=O)c2cc1OC,MCF7,[16*]c1ccccc1[16*],0.007160905748605728,0.017710890620946884,-0.010549984872341156
COc1cc2ncn(-c3cc(OCc4ccccc4C(F)(F)F)c(s3)C(N)=O)c2cc1OC,MCF7,[6*]C(N)=O,0.007160905748605728,0.024889763444662094,-0.017728857696056366
COc1cc2ncn(-c3cc(OCc4ccccc4C(F)(F)F)c(s3)C(N)=O)c2cc1OC,MCF7,[3*]O[3*],0.007160905748605728,0.025804702192544937,-0.01864379644393921
COc1cc2ncn(-c3cc(OCc4ccccc4C(F)(F)F)c(s3)C(N)=O)c2cc1OC,MCF7,[14*]c1cc([16*])c([14*])s1,0.007160905748605728,0.01638021692633629,-0.00921931117773056
COc1cc2ncn(-c3cc(OCc4ccccc4C(F)(F)F)c(s3)C(N)=O)c2cc1OC,MCF7,[9*]n1cnc2cc([16*])c([16*])cc21,0.007160905748605728,0.016177188605070114,-0.009016282856464386
COc1cc2ncn(-c3cc(OCc4ccccc4C(F)(F)F)c(s3)C(N)=O)c2cc1OC,MCF7,[3*]OC,0.007160905748605728,0.017837468534708023,-0.010676562786102295
CC(C)n1cnc2c(Nc3cccc(NC(=O)C=C)c3)nc(N[C@H]3CC[C@@H](CC3)N(C)C)nc12,MCF7,[1*]C(=O)C=C,0.006772127002477646,0.02642989531159401,-0.019657768309116364
CC(C)n1cnc2c(Nc3cccc(NC(=O)C=C)c3)nc(N[C@H]3CC[C@@H](CC3)N(C)C)nc12,MCF7,[8*]C(C)C,0.006772127002477646,0.022002246230840683,-0.015230119228363037
CC(C)n1cnc2c(Nc3cccc(NC(=O)C=C)c3)nc(N[C@H]3CC[C@@H](CC3)N(C)C)nc12,MCF7,[15*][C@H]1CC[C@H]([15*])CC1,0.006772127002477646,0.021600034087896347,-0.014827907085418701
CC(C)n1cnc2c(Nc3cccc(NC(=O)C=C)c3)nc(N[C@H]3CC[C@@H](CC3)N(C)C)nc12,MCF7,[5*]N(C)C,0.006772127002477646,0.023603815585374832,-0.016831688582897186
CC(C)n1cnc2c(Nc3cccc(NC(=O)C=C)c3)nc(N[C@H]3CC[C@@H](CC3)N(C)C)nc12,MCF7,[9*]n1cnc2c([14*])nc([14*])nc21,0.006772127002477646,0.02102360501885414,-0.014251478016376495
CC(C)n1cnc2c(Nc3cccc(NC(=O)C=C)c3)nc(N[C@H]3CC[C@@H](CC3)N(C)C)nc12,MCF7,[5*]N[5*],0.006772127002477646,0.018805351108312607,-0.012033224105834961
CC(C)n1cnc2c(Nc3cccc(NC(=O)C=C)c3)nc(N[C@H]3CC[C@@H](CC3)N(C)C)nc12,MCF7,[16*]c1cccc([16*])c1,0.006772127002477646,0.01661032810807228,-0.009838201105594635
CNC(=O)c1ccc(Nc2cc(Nc3ccccc3S(=O)(=O)C(C)C)c3cc[nH]c3n2)nc1,MCF7,[16*]c1ccccc1S(=O)(=O)C(C)C,0.01685701683163643,0.020946111530065536,-0.004089094698429108
CNC(=O)c1ccc(Nc2cc(Nc3ccccc3S(=O)(=O)C(C)C)c3cc[nH]c3n2)nc1,MCF7,[5*]NC,0.01685701683163643,0.01727001741528511,-0.00041300058364868164
CNC(=O)c1ccc(Nc2cc(Nc3ccccc3S(=O)(=O)C(C)C)c3cc[nH]c3n2)nc1,MCF7,[1*]C([6*])=O,0.01685701683163643,0.016465064138174057,0.0003919526934623718
CNC(=O)c1ccc(Nc2cc(Nc3ccccc3S(=O)(=O)C(C)C)c3cc[nH]c3n2)nc1,MCF7,[14*]c1ccc([16*])cn1,0.01685701683163643,0.011490345001220703,0.005366671830415726
CNC(=O)c1ccc(Nc2cc(Nc3ccccc3S(=O)(=O)C(C)C)c3cc[nH]c3n2)nc1,MCF7,[14*]c1cc([16*])c2cc[nH]c2n1,0.01685701683163643,0.01244107261300087,0.004415944218635559
CNC(=O)c1ccc(Nc2cc(Nc3ccccc3S(=O)(=O)C(C)C)c3cc[nH]c3n2)nc1,MCF7,[5*]N[5*],0.01685701683163643,0.015537191182374954,0.0013198256492614746
CN(c1ccccc1CNc1nc(Nc2ccc3NC(=O)Cc3c2)ncc1C(F)(F)F)S(C)(=O)=O,MCF7,[14*]c1ncc([16*])c([14*])n1,0.010945506393909454,0.011733438819646835,-0.000787932425737381
CN(c1ccccc1CNc1nc(Nc2ccc3NC(=O)Cc3c2)ncc1C(F)(F)F)S(C)(=O)=O,MCF7,[12*]S(C)(=O)=O,0.010945506393909454,0.01786995306611061,-0.006924446672201157
CN(c1ccccc1CNc1nc(Nc2ccc3NC(=O)Cc3c2)ncc1C(F)(F)F)S(C)(=O)=O,MCF7,[4*]C[8*],0.010945506393909454,0.015245508402585983,-0.004300002008676529
CN(c1ccccc1CNc1nc(Nc2ccc3NC(=O)Cc3c2)ncc1C(F)(F)F)S(C)(=O)=O,MCF7,[8*]C(F)(F)F,0.010945506393909454,0.015985768288373947,-0.005040261894464493
CN(c1ccccc1CNc1nc(Nc2ccc3NC(=O)Cc3c2)ncc1C(F)(F)F)S(C)(=O)=O,MCF7,[16*]c1ccccc1[16*],0.010945506393909454,0.012137480080127716,-0.0011919736862182617
CN(c1ccccc1CNc1nc(Nc2ccc3NC(=O)Cc3c2)ncc1C(F)(F)F)S(C)(=O)=O,MCF7,[5*]N([5*])C,0.010945506393909454,0.013715546578168869,-0.0027700401842594147
CN(c1ccccc1CNc1nc(Nc2ccc3NC(=O)Cc3c2)ncc1C(F)(F)F)S(C)(=O)=O,MCF7,[16*]c1ccc2c(c1)CC(=O)N2,0.010945506393909454,0.013038799166679382,-0.002093292772769928
CN(c1ccccc1CNc1nc(Nc2ccc3NC(=O)Cc3c2)ncc1C(F)(F)F)S(C)(=O)=O,MCF7,[5*]N[5*],0.010945506393909454,0.013442467898130417,-0.0024969615042209625
COC1=CC=CC2=CC(=C3C4=C(N=CNN4C(=N3)C5CCC(CC5)C(=O)O)N)N=C21,MCF7,[15*]C1CCC([15*])CC1,0.014372147619724274,0.005407396703958511,0.008964750915765762
COC1=CC=CC2=CC(=C3C4=C(N=CNN4C(=N3)C5CCC(CC5)C(=O)O)N)N=C21,MCF7,[6*]C(=O)O,0.014372147619724274,0.014075547456741333,0.0002966001629829407
COC1=CC=CC2=CC(=C3C4=C(N=CNN4C(=N3)C5CCC(CC5)C(=O)O)N)N=C21,MCF7,[14*]c1nc(=C2C=c3cccc([16*])c3=N2)c2n1NC=NC=2N,0.014372147619724274,0.001374863088130951,0.012997284531593323
COC1=CC=CC2=CC(=C3C4=C(N=CNN4C(=N3)C5CCC(CC5)C(=O)O)N)N=C21,MCF7,[3*]OC,0.014372147619724274,0.014299184083938599,7.296353578567505e-05
Nc1cccc(c1)-c1cc2c(Oc3cccc(O)c3)ncnc2[nH]1,MCF7,[16*]c1cccc(N)c1,0.005330786108970642,0.012502744793891907,-0.007171958684921265
Nc1cccc(c1)-c1cc2c(Oc3cccc(O)c3)ncnc2[nH]1,MCF7,[16*]c1cccc(O)c1,0.005330786108970642,0.010996758937835693,-0.005665972828865051
Nc1cccc(c1)-c1cc2c(Oc3cccc(O)c3)ncnc2[nH]1,MCF7,[3*]O[3*],0.005330786108970642,0.008046280592679977,-0.0027154944837093353
Nc1cccc(c1)-c1cc2c(Oc3cccc(O)c3)ncnc2[nH]1,MCF7,[14*]c1cc2c([14*])ncnc2[nH]1,0.005330786108970642,-0.0016306675970554352,0.006961453706026077
Cc1[nH]c(\C=C2/C(=O)Nc3ccc(cc23)S(=O)(=O)Cc2c(Cl)cccc2Cl)c(C)c1C(=O)N1CCC[C@@H]1CN1CCCC1,MCF7,[16*]c1c(Cl)cccc1Cl,0.013714361935853958,0.018191330134868622,-0.004476968199014664
Cc1[nH]c(\C=C2/C(=O)Nc3ccc(cc23)S(=O)(=O)Cc2c(Cl)cccc2Cl)c(C)c1C(=O)N1CCC[C@@H]1CN1CCCC1,MCF7,[7*]C[8*],0.013714361935853958,0.019843418151140213,-0.006129056215286255
Cc1[nH]c(\C=C2/C(=O)Nc3ccc(cc23)S(=O)(=O)Cc2c(Cl)cccc2Cl)c(C)c1C(=O)N1CCC[C@@H]1CN1CCCC1,MCF7,[14*]c1[nH]c(C)c([16*])c1C,0.013714361935853958,0.016015317291021347,-0.002300955355167389
Cc1[nH]c(\C=C2/C(=O)Nc3ccc(cc23)S(=O)(=O)Cc2c(Cl)cccc2Cl)c(C)c1C(=O)N1CCC[C@@H]1CN1CCCC1,MCF7,[4*]C[8*],0.013714361935853958,0.020818572491407394,-0.007104210555553436
Cc1[nH]c(\C=C2/C(=O)Nc3ccc(cc23)S(=O)(=O)Cc2c(Cl)cccc2Cl)c(C)c1C(=O)N1CCC[C@@H]1CN1CCCC1,MCF7,[1*]C([6*])=O,0.013714361935853958,0.021244343370199203,-0.007529981434345245
Cc1[nH]c(\C=C2/C(=O)Nc3ccc(cc23)S(=O)(=O)Cc2c(Cl)cccc2Cl)c(C)c1C(=O)N1CCC[C@@H]1CN1CCCC1,MCF7,[5*]N1CCC[C@@H]1[13*],0.013714361935853958,0.021920625120401382,-0.008206263184547424
Cc1[nH]c(\C=C2/C(=O)Nc3ccc(cc23)S(=O)(=O)Cc2c(Cl)cccc2Cl)c(C)c1C(=O)N1CCC[C@@H]1CN1CCCC1,MCF7,[7*]C1C(=O)Nc2ccc(S(=O)(=O)C[8*])cc21,0.013714361935853958,0.024555373936891556,-0.010841012001037598
Cc1[nH]c(\C=C2/C(=O)Nc3ccc(cc23)S(=O)(=O)Cc2c(Cl)cccc2Cl)c(C)c1C(=O)N1CCC[C@@H]1CN1CCCC1,MCF7,[5*]N1CCCC1,0.013714361935853958,0.022547464817762375,-0.008833102881908417
CCN(CC)CCCCNc1ncc2cc(-c3cc(OC)cc(OC)c3)c(NC(=O)NC(C)(C)C)nc2n1,MCF7,[4*]C(C)(C)C,0.011478211730718613,0.02355280891060829,-0.012074597179889679
CCN(CC)CCCCNc1ncc2cc(-c3cc(OC)cc(OC)c3)c(NC(=O)NC(C)(C)C)nc2n1,MCF7,[5*]N([5*])[5*],0.011478211730718613,0.026248183101415634,-0.014769971370697021
CCN(CC)CCCCNc1ncc2cc(-c3cc(OC)cc(OC)c3)c(NC(=O)NC(C)(C)C)nc2n1,MCF7,[16*]c1cc([16*])cc([16*])c1,0.011478211730718613,0.02015119418501854,-0.008672982454299927
CCN(CC)CCCCNc1ncc2cc(-c3cc(OC)cc(OC)c3)c(NC(=O)NC(C)(C)C)nc2n1,MCF7,[5*]N[5*],0.011478211730718613,0.02730356529355049,-0.01582535356283188
CCN(CC)CCCCNc1ncc2cc(-c3cc(OC)cc(OC)c3)c(NC(=O)NC(C)(C)C)nc2n1,MCF7,[14*]c1ncc2cc([16*])c([14*])nc2n1,0.011478211730718613,0.026051167398691177,-0.014572955667972565
CCN(CC)CCCCNc1ncc2cc(-c3cc(OC)cc(OC)c3)c(NC(=O)NC(C)(C)C)nc2n1,MCF7,[4*]CC,0.011478211730718613,0.021916348487138748,-0.010438136756420135
CCN(CC)CCCCNc1ncc2cc(-c3cc(OC)cc(OC)c3)c(NC(=O)NC(C)(C)C)nc2n1,MCF7,[4*]CCCC[4*],0.011478211730718613,0.021921101957559586,-0.010442890226840973
CCN(CC)CCCCNc1ncc2cc(-c3cc(OC)cc(OC)c3)c(NC(=O)NC(C)(C)C)nc2n1,MCF7,[1*]C([1*])=O,0.011478211730718613,0.022825133055448532,-0.01134692132472992
CCN(CC)CCCCNc1ncc2cc(-c3cc(OC)cc(OC)c3)c(NC(=O)NC(C)(C)C)nc2n1,MCF7,[3*]OC,0.011478211730718613,0.023953933268785477,-0.012475721538066864
Cn1cc(cn1)-c1ccc2ncc3ccc(=O)n(-c4ccc5CCN(C(=O)C=C)c5c4)c3c2c1,MCF7,[9*]n1c(=O)ccc2cnc3ccc([16*])cc3c21,0.018194811418652534,0.015773002058267593,0.002421809360384941
Cn1cc(cn1)-c1ccc2ncc3ccc(=O)n(-c4ccc5CCN(C(=O)C=C)c5c4)c3c2c1,MCF7,[5*]N1CCc2ccc([16*])cc21,0.018194811418652534,0.009189896285533905,0.00900491513311863
Cn1cc(cn1)-c1ccc2ncc3ccc(=O)n(-c4ccc5CCN(C(=O)C=C)c5c4)c3c2c1,MCF7,[1*]C(=O)C=C,0.018194811418652534,0.013754986226558685,0.004439825192093849
Cn1cc(cn1)-c1ccc2ncc3ccc(=O)n(-c4ccc5CCN(C(=O)C=C)c5c4)c3c2c1,MCF7,[16*]c1cnn(C)c1,0.018194811418652534,0.005139123648405075,0.01305568777024746
O=C1CCN(C2CCCC2)C3=NC(NC4=CC=C(C(NC5CCN(C)CC5)=O)C=C4OC)=NC=C3N1C(C)C,MCF7,[16*]c1ccc([16*])c([16*])c1,0.015100158751010895,0.018877636641263962,-0.003777477890253067
O=C1CCN(C2CCCC2)C3=NC(NC4=CC=C(C(NC5CCN(C)CC5)=O)C=C4OC)=NC=C3N1C(C)C,MCF7,[5*]N1CCC(=O)N(C(C)C)c2cnc([14*])nc21,0.015100158751010895,0.022628214210271835,-0.0075280554592609406
O=C1CCN(C2CCCC2)C3=NC(NC4=CC=C(C(NC5CCN(C)CC5)=O)C=C4OC)=NC=C3N1C(C)C,MCF7,[1*]C([6*])=O,0.015100158751010895,0.02307647466659546,-0.007976315915584564
O=C1CCN(C2CCCC2)C3=NC(NC4=CC=C(C(NC5CCN(C)CC5)=O)C=C4OC)=NC=C3N1C(C)C,MCF7,[5*]N[5*],0.015100158751010895,0.022381018847227097,-0.007280860096216202
O=C1CCN(C2CCCC2)C3=NC(NC4=CC=C(C(NC5CCN(C)CC5)=O)C=C4OC)=NC=C3N1C(C)C,MCF7,[15*]C1CCN(C)CC1,0.015100158751010895,0.023048855364322662,-0.007948696613311768
O=C1CCN(C2CCCC2)C3=NC(NC4=CC=C(C(NC5CCN(C)CC5)=O)C=C4OC)=NC=C3N1C(C)C,MCF7,[15*]C1CCCC1,0.015100158751010895,0.023015767335891724,-0.007915608584880829
O=C1CCN(C2CCCC2)C3=NC(NC4=CC=C(C(NC5CCN(C)CC5)=O)C=C4OC)=NC=C3N1C(C)C,MCF7,[3*]OC,0.015100158751010895,0.02312297374010086,-0.008022814989089966
CC1=CC=C(C(NC2=CC=C(CN3CCN(CC)CC3)C(C(F)(F)F)=C2)=O)C=C1/C=C/C4=C(OC)C5=C(NC=C5)N=C4,MCF7,[7*]C[8*],0.01593274250626564,0.02652721479535103,-0.010594472289085388
CC1=CC=C(C(NC2=CC=C(CN3CCN(CC)CC3)C(C(F)(F)F)=C2)=O)C=C1/C=C/C4=C(OC)C5=C(NC=C5)N=C4,MCF7,[4*]C[8*],0.01593274250626564,0.026525314897298813,-0.010592572391033173
CC1=CC=C(C(NC2=CC=C(CN3CCN(CC)CC3)C(C(F)(F)F)=C2)=O)C=C1/C=C/C4=C(OC)C5=C(NC=C5)N=C4,MCF7,[8*]C(F)(F)F,0.01593274250626564,0.0265619195997715,-0.01062917709350586
CC1=CC=C(C(NC2=CC=C(CN3CCN(CC)CC3)C(C(F)(F)F)=C2)=O)C=C1/C=C/C4=C(OC)C5=C(NC=C5)N=C4,MCF7,[5*]N1CCN([5*])CC1,0.01593274250626564,0.02282581850886345,-0.006893076002597809
CC1=CC=C(C(NC2=CC=C(CN3CCN(CC)CC3)C(C(F)(F)F)=C2)=O)C=C1/C=C/C4=C(OC)C5=C(NC=C5)N=C4,MCF7,[16*]c1ccc(C)c([16*])c1,0.01593274250626564,0.01993803307414055,-0.0040052905678749084
CC1=CC=C(C(NC2=CC=C(CN3CCN(CC)CC3)C(C(F)(F)F)=C2)=O)C=C1/C=C/C4=C(OC)C5=C(NC=C5)N=C4,MCF7,[1*]C([6*])=O,0.01593274250626564,0.021492328494787216,-0.005559585988521576
CC1=CC=C(C(NC2=CC=C(CN3CCN(CC)CC3)C(C(F)(F)F)=C2)=O)C=C1/C=C/C4=C(OC)C5=C(NC=C5)N=C4,MCF7,[5*]N[5*],0.01593274250626564,0.023885149508714676,-0.007952407002449036
CC1=CC=C(C(NC2=CC=C(CN3CCN(CC)CC3)C(C(F)(F)F)=C2)=O)C=C1/C=C/C4=C(OC)C5=C(NC=C5)N=C4,MCF7,[16*]c1ccc([16*])c([16*])c1,0.01593274250626564,0.022812310606241226,-0.006879568099975586
CC1=CC=C(C(NC2=CC=C(CN3CCN(CC)CC3)C(C(F)(F)F)=C2)=O)C=C1/C=C/C4=C(OC)C5=C(NC=C5)N=C4,MCF7,[4*]CC,0.01593274250626564,0.02251579985022545,-0.006583057343959808
CC1=CC=C(C(NC2=CC=C(CN3CCN(CC)CC3)C(C(F)(F)F)=C2)=O)C=C1/C=C/C4=C(OC)C5=C(NC=C5)N=C4,MCF7,[16*]c1cnc2[nH]ccc2c1[16*],0.01593274250626564,0.02323218807578087,-0.007299445569515228
CC1=CC=C(C(NC2=CC=C(CN3CCN(CC)CC3)C(C(F)(F)F)=C2)=O)C=C1/C=C/C4=C(OC)C5=C(NC=C5)N=C4,MCF7,[3*]OC,0.01593274250626564,0.023851756006479263,-0.007919013500213623
O=C(NC1=C(Cl)C(OC)=CC(OC)=C1Cl)N(CC2=CC=C(NC(C=C)=O)C=C2)C3=CC(NC4=CC=C(N5CCN(C)CC5)C=C4)=NC=N3,MCF7,[14*]c1cc([14*])ncn1,0.021799597889184952,0.021537158638238907,0.0002624392509460449
O=C(NC1=C(Cl)C(OC)=CC(OC)=C1Cl)N(CC2=CC=C(NC(C=C)=O)C=C2)C3=CC(NC4=CC=C(N5CCN(C)CC5)C=C4)=NC=N3,MCF7,[16*]c1cc([16*])c(Cl)c([16*])c1Cl,0.021799597889184952,0.01661287620663643,0.005186721682548523
O=C(NC1=C(Cl)C(OC)=CC(OC)=C1Cl)N(CC2=CC=C(NC(C=C)=O)C=C2)C3=CC(NC4=CC=C(N5CCN(C)CC5)C=C4)=NC=N3,MCF7,[1*]C(=O)C=C,0.021799597889184952,0.021262671798467636,0.0005369260907173157
O=C(NC1=C(Cl)C(OC)=CC(OC)=C1Cl)N(CC2=CC=C(NC(C=C)=O)C=C2)C3=CC(NC4=CC=C(N5CCN(C)CC5)C=C4)=NC=N3,MCF7,[4*]C[8*],0.021799597889184952,0.01898573338985443,0.0028138644993305206
O=C(NC1=C(Cl)C(OC)=CC(OC)=C1Cl)N(CC2=CC=C(NC(C=C)=O)C=C2)C3=CC(NC4=CC=C(N5CCN(C)CC5)C=C4)=NC=N3,MCF7,[5*]N([5*])[5*],0.021799597889184952,0.018540851771831512,0.0032587461173534393
O=C(NC1=C(Cl)C(OC)=CC(OC)=C1Cl)N(CC2=CC=C(NC(C=C)=O)C=C2)C3=CC(NC4=CC=C(N5CCN(C)CC5)C=C4)=NC=N3,MCF7,[5*]N[5*],0.021799597889184952,0.018463287502527237,0.003336310386657715
O=C(NC1=C(Cl)C(OC)=CC(OC)=C1Cl)N(CC2=CC=C(NC(C=C)=O)C=C2)C3=CC(NC4=CC=C(N5CCN(C)CC5)C=C4)=NC=N3,MCF7,[16*]c1ccc([16*])cc1,0.021799597889184952,0.016481373459100723,0.0053182244300842285
O=C(NC1=C(Cl)C(OC)=CC(OC)=C1Cl)N(CC2=CC=C(NC(C=C)=O)C=C2)C3=CC(NC4=CC=C(N5CCN(C)CC5)C=C4)=NC=N3,MCF7,[5*]N1CCN(C)CC1,0.021799597889184952,0.018876660615205765,0.002922937273979187
O=C(NC1=C(Cl)C(OC)=CC(OC)=C1Cl)N(CC2=CC=C(NC(C=C)=O)C=C2)C3=CC(NC4=CC=C(N5CCN(C)CC5)C=C4)=NC=N3,MCF7,[1*]C([1*])=O,0.021799597889184952,0.017775211483240128,0.004024386405944824
O=C(NC1=C(Cl)C(OC)=CC(OC)=C1Cl)N(CC2=CC=C(NC(C=C)=O)C=C2)C3=CC(NC4=CC=C(N5CCN(C)CC5)C=C4)=NC=N3,MCF7,[3*]OC,0.021799597889184952,0.018770288676023483,0.0030293092131614685
O=C1C2=C(C=CC=C2)N(C)C3=NC(NC4=CC(NC(/C=C/CN(C)C)=O)=CC=C4)=NC=C3N1C,MCF7,[4*]CC[7*],0.028025273233652115,0.0203072689473629,0.007718004286289215
O=C1C2=C(C=CC=C2)N(C)C3=NC(NC4=CC(NC(/C=C/CN(C)C)=O)=CC=C4)=NC=C3N1C,MCF7,[5*]N(C)C,0.028025273233652115,0.018054235726594925,0.00997103750705719
O=C1C2=C(C=CC=C2)N(C)C3=NC(NC4=CC(NC(/C=C/CN(C)C)=O)=CC=C4)=NC=C3N1C,MCF7,[5*]N[5*],0.028025273233652115,0.020900968462228775,0.00712430477142334
O=C1C2=C(C=CC=C2)N(C)C3=NC(NC4=CC(NC(/C=C/CN(C)C)=O)=CC=C4)=NC=C3N1C,MCF7,[1*]C(=O)C[7*],0.028025273233652115,0.021432142704725266,0.006593130528926849
O=C1C2=C(C=CC=C2)N(C)C3=NC(NC4=CC(NC(/C=C/CN(C)C)=O)=CC=C4)=NC=C3N1C,MCF7,[14*]c1ncc2c(n1)N(C)c1ccccc1C(=O)N2C,0.028025273233652115,0.014293354004621506,0.013731919229030609
O=C1C2=C(C=CC=C2)N(C)C3=NC(NC4=CC(NC(/C=C/CN(C)C)=O)=CC=C4)=NC=C3N1C,MCF7,[16*]c1cccc([16*])c1,0.028025273233652115,0.014942113310098648,0.013083159923553467
C[C@]12OC(C[C@]1(O)CO)n1c3ccccc3c3c4C(=O)NCc4c4c5ccccc5n2c4c13,PC3,[8*]CO,-0.019376426935195923,-0.01662646234035492,-0.0027499645948410034
C[C@]12OC(C[C@]1(O)CO)n1c3ccccc3c3c4C(=O)NCc4c4c5ccccc5n2c4c13,PC3,[15*][C@@]1(O)CC2O[C@]1(C)n1c3ccccc3c3c4c(c5c6ccccc6n2c5c31)C(=O)NC4,-0.019376426935195923,0.02025493234395981,-0.03963135927915573
CN(C(Cc1ccc(OS(=O)(=O)c2cccc3cnccc23)cc1)C(=O)N4CCN(CC4)c5ccccc5)S(=O)(=O)c6cccc7cnccc67,PC3,[3*]OS(=O)(=O)c1cccc2cnccc12,-0.014910515397787094,0.004235509783029556,-0.01914602518081665
CN(C(Cc1ccc(OS(=O)(=O)c2cccc3cnccc23)cc1)C(=O)N4CCN(CC4)c5ccccc5)S(=O)(=O)c6cccc7cnccc67,PC3,[12*]S(=O)(=O)c1cccc2cnccc12,-0.014910515397787094,0.0071563683450222015,-0.022066883742809296
CN(C(Cc1ccc(OS(=O)(=O)c2cccc3cnccc23)cc1)C(=O)N4CCN(CC4)c5ccccc5)S(=O)(=O)c6cccc7cnccc67,PC3,[16*]c1ccccc1,-0.014910515397787094,0.0015458203852176666,-0.01645633578300476
CN(C(Cc1ccc(OS(=O)(=O)c2cccc3cnccc23)cc1)C(=O)N4CCN(CC4)c5ccccc5)S(=O)(=O)c6cccc7cnccc67,PC3,[5*]N1CCN([5*])CC1,-0.014910515397787094,0.003643389791250229,-0.018553905189037323
CN(C(Cc1ccc(OS(=O)(=O)c2cccc3cnccc23)cc1)C(=O)N4CCN(CC4)c5ccccc5)S(=O)(=O)c6cccc7cnccc67,PC3,[1*]C(=O)C([4*])C[8*],-0.014910515397787094,0.0025583095848560333,-0.017468824982643127
CN(C(Cc1ccc(OS(=O)(=O)c2cccc3cnccc23)cc1)C(=O)N4CCN(CC4)c5ccccc5)S(=O)(=O)c6cccc7cnccc67,PC3,[5*]N([5*])C,-0.014910515397787094,0.003980111330747604,-0.0188906267285347
CN(C(Cc1ccc(OS(=O)(=O)c2cccc3cnccc23)cc1)C(=O)N4CCN(CC4)c5ccccc5)S(=O)(=O)c6cccc7cnccc67,PC3,[16*]c1ccc([16*])cc1,-0.014910515397787094,0.0006057284772396088,-0.015516243875026703
CN1CCN(CC1)C1=Nc2ccccc2Nc2sc(C)cc12,PC3,Cc1cc2c(s1)Nc1ccccc1N=C2N1CCN(C)CC1,-0.0031625814735889435,-0.03135446086525917,0.028191879391670227
C[C@H](O)C(=O)N1CCN(Cc2sc3c(nc(nc3c2C)-c2cnc(N)nc2)N2CCOCC2)CC1,PC3,[14*]c1nc([14*])c2sc([14*])c(C)c2n1,0.0006035827100276947,0.008211102336645126,-0.007607519626617432
C[C@H](O)C(=O)N1CCN(Cc2sc3c(nc(nc3c2C)-c2cnc(N)nc2)N2CCOCC2)CC1,PC3,[5*]N1CCOCC1,0.0006035827100276947,0.0036060847342014313,-0.0030025020241737366
C[C@H](O)C(=O)N1CCN(Cc2sc3c(nc(nc3c2C)-c2cnc(N)nc2)N2CCOCC2)CC1,PC3,[4*]C[8*],0.0006035827100276947,0.004374828189611435,-0.0037712454795837402
C[C@H](O)C(=O)N1CCN(Cc2sc3c(nc(nc3c2C)-c2cnc(N)nc2)N2CCOCC2)CC1,PC3,[5*]N1CCN([5*])CC1,0.0006035827100276947,0.004311725497245789,-0.003708142787218094
C[C@H](O)C(=O)N1CCN(Cc2sc3c(nc(nc3c2C)-c2cnc(N)nc2)N2CCOCC2)CC1,PC3,[1*]C(=O)[C@H](C)O,0.0006035827100276947,0.0015850923955440521,-0.0009815096855163574
C[C@H](O)C(=O)N1CCN(Cc2sc3c(nc(nc3c2C)-c2cnc(N)nc2)N2CCOCC2)CC1,PC3,[16*]c1cnc(N)nc1,0.0006035827100276947,0.005382310599088669,-0.004778727889060974
c1[nH]c2ccccc2c1c3ccncc3,PC3,[16*]c1c[nH]c2ccccc12,-0.02177668735384941,-0.01649155095219612,-0.00528513640165329
c1[nH]c2ccccc2c1c3ccncc3,PC3,[16*]c1ccncc1,-0.02177668735384941,-0.02031385526061058,-0.0014628320932388306
CCN(CC)CCOC(=O)c1ccc(N)cc1,PC3,[16*]c1ccc(N)cc1,-0.008278943598270416,-0.0011006109416484833,-0.007178332656621933
CCN(CC)CCOC(=O)c1ccc(N)cc1,PC3,[5*]N([5*])[5*],-0.008278943598270416,-0.002709314227104187,-0.005569629371166229
CCN(CC)CCOC(=O)c1ccc(N)cc1,PC3,[1*]C([6*])=O,-0.008278943598270416,-0.009113360196352005,0.0008344165980815887
CCN(CC)CCOC(=O)c1ccc(N)cc1,PC3,[3*]O[3*],-0.008278943598270416,-0.00298304483294487,-0.005295898765325546
CCN(CC)CCOC(=O)c1ccc(N)cc1,PC3,[4*]CC,-0.008278943598270416,-0.009053505957126617,0.0007745623588562012
CCN(CC)CCOC(=O)c1ccc(N)cc1,PC3,[4*]CC[4*],-0.008278943598270416,-0.010222334414720535,0.001943390816450119
C[C@H](CCCC(C)(C)O)[C@@H]1CC[C@@H]2[C@]1(C)CCC\C2=C/C=C1/C[C@@H](O)C[C@H](O)C1=C,PC3,[7*]C1C[C@@H](O)C[C@H](O)C1=C,0.0034112222492694855,0.004826974123716354,-0.001415751874446869
C[C@H](CCCC(C)(C)O)[C@@H]1CC[C@@H]2[C@]1(C)CCC\C2=C/C=C1/C[C@@H](O)C[C@H](O)C1=C,PC3,[8*][C@H](C)CCCC(C)(C)O,0.0034112222492694855,0.015081383287906647,-0.011670161038637161
C[C@H](CCCC(C)(C)O)[C@@H]1CC[C@@H]2[C@]1(C)CCC\C2=C/C=C1/C[C@@H](O)C[C@H](O)C1=C,PC3,[7*]C1CCC[C@]2(C)[C@H]([15*])CC[C@@H]12,0.0034112222492694855,0.0074993036687374115,-0.004088081419467926
C[C@H](CCCC(C)(C)O)[C@@H]1CC[C@@H]2[C@]1(C)CCC\C2=C/C=C1/C[C@@H](O)C[C@H](O)C1=C,PC3,[7*]CC[7*],0.0034112222492694855,0.010887444019317627,-0.0074762217700481415
CN(C)Cc1ccc(cc1)S(=O)(=O)n1ccc(c1)\C=C\C(=O)NO,PC3,[7*]C[8*],0.0007317401468753815,-0.012143507599830627,0.012875247746706009
CN(C)Cc1ccc(cc1)S(=O)(=O)n1ccc(c1)\C=C\C(=O)NO,PC3,[16*]c1ccc(S(=O)(=O)n2ccc([16*])c2)cc1,0.0007317401468753815,0.004729840904474258,-0.003998100757598877
CN(C)Cc1ccc(cc1)S(=O)(=O)n1ccc(c1)\C=C\C(=O)NO,PC3,[4*]C[8*],0.0007317401468753815,-0.0068323202431201935,0.007564060389995575
CN(C)Cc1ccc(cc1)S(=O)(=O)n1ccc(c1)\C=C\C(=O)NO,PC3,[5*]N(C)C,0.0007317401468753815,-0.005147811025381088,0.00587955117225647
CN(C)Cc1ccc(cc1)S(=O)(=O)n1ccc(c1)\C=C\C(=O)NO,PC3,[7*]CC(=O)NO,0.0007317401468753815,-0.005140997469425201,0.005872737616300583
NC(=O)c1cccnc1,PC3,[6*]C(N)=O,-0.0031861551105976105,-0.015481259673833847,0.012295104563236237
NC(=O)c1cccnc1,PC3,[16*]c1cccnc1,-0.0031861551105976105,0.019374463707208633,-0.022560618817806244
CN1CCC(CC1)=C1c2ccsc2C(=O)Cc2ccccc12,PC3,[7*]C1CCN(C)CC1,0.007871787995100021,-0.0016350112855434418,0.009506799280643463
CN1CCC(CC1)=C1c2ccsc2C(=O)Cc2ccccc12,PC3,[7*]C1c2ccccc2CC(=O)c2sccc21,0.007871787995100021,-0.004102129489183426,0.011973917484283447
CC(C)Nc1cc(-c2c[nH]c(c2)C(=O)N[C@H](CO)c2cccc(Cl)c2)c(Cl)cn1,PC3,[14*]c1cc([16*])c(Cl)cn1,-0.008223425596952438,0.010964076966047287,-0.019187502562999725
CC(C)Nc1cc(-c2c[nH]c(c2)C(=O)N[C@H](CO)c2cccc(Cl)c2)c(Cl)cn1,PC3,[4*]C(C)C,-0.008223425596952438,0.006306219846010208,-0.014529645442962646
CC(C)Nc1cc(-c2c[nH]c(c2)C(=O)N[C@H](CO)c2cccc(Cl)c2)c(Cl)cn1,PC3,[4*][C@@H]([8*])CO,-0.008223425596952438,0.0024372413754463196,-0.010660666972398758
CC(C)Nc1cc(-c2c[nH]c(c2)C(=O)N[C@H](CO)c2cccc(Cl)c2)c(Cl)cn1,PC3,[1*]C([6*])=O,-0.008223425596952438,0.001747630536556244,-0.009971056133508682
CC(C)Nc1cc(-c2c[nH]c(c2)C(=O)N[C@H](CO)c2cccc(Cl)c2)c(Cl)cn1,PC3,[14*]c1cc([16*])c[nH]1,-0.008223425596952438,-0.0011695660650730133,-0.007053859531879425
CC(C)Nc1cc(-c2c[nH]c(c2)C(=O)N[C@H](CO)c2cccc(Cl)c2)c(Cl)cn1,PC3,[16*]c1cccc(Cl)c1,-0.008223425596952438,0.0021094419062137604,-0.010332867503166199
CC(C)Nc1cc(-c2c[nH]c(c2)C(=O)N[C@H](CO)c2cccc(Cl)c2)c(Cl)cn1,PC3,[5*]N[5*],-0.008223425596952438,0.0033375322818756104,-0.011560957878828049
COCCNC(=O)COc1ccc(OCCNC[C@H](O)COc2ccccc2)cc1,PC3,[4*]CC(O)C[4*],-0.00427781417965889,-0.0004279501736164093,-0.0038498640060424805
COCCNC(=O)COc1ccc(OCCNC[C@H](O)COc2ccccc2)cc1,PC3,[16*]c1ccccc1,-0.00427781417965889,0.008678440004587173,-0.012956254184246063
COCCNC(=O)COc1ccc(OCCNC[C@H](O)COc2ccccc2)cc1,PC3,[1*]C(=O)C[4*],-0.00427781417965889,0.006502274423837662,-0.010780088603496552
COCCNC(=O)COc1ccc(OCCNC[C@H](O)COc2ccccc2)cc1,PC3,[3*]O[3*],-0.00427781417965889,0.007971897721290588,-0.012249711900949478
COCCNC(=O)COc1ccc(OCCNC[C@H](O)COc2ccccc2)cc1,PC3,[16*]c1ccc([16*])cc1,-0.00427781417965889,0.004133634269237518,-0.008411448448896408
COCCNC(=O)COc1ccc(OCCNC[C@H](O)COc2ccccc2)cc1,PC3,[5*]N[5*],-0.00427781417965889,0.004075977951288223,-0.008353792130947113
COCCNC(=O)COc1ccc(OCCNC[C@H](O)COc2ccccc2)cc1,PC3,[4*]CC[4*],-0.00427781417965889,0.004886869341135025,-0.009164683520793915
COCCNC(=O)COc1ccc(OCCNC[C@H](O)COc2ccccc2)cc1,PC3,[3*]OC,-0.00427781417965889,0.009135160595178604,-0.013412974774837494
C[C@]12CC[C@@H]3[C@@H](CC[C@H]4NC(=O)C=C[C@]34C)[C@@H]1CC[C@H]2C(=O)Nc1cc(ccc1C(F)(F)F)C(F)(F)F,PC3,[8*]C(F)(F)F,-0.005939219146966934,0.009188499301671982,-0.015127718448638916
C[C@]12CC[C@@H]3[C@@H](CC[C@H]4NC(=O)C=C[C@]34C)[C@@H]1CC[C@H]2C(=O)Nc1cc(ccc1C(F)(F)F)C(F)(F)F,PC3,[1*]C([6*])=O,-0.005939219146966934,0.005619864910840988,-0.011559084057807922
C[C@]12CC[C@@H]3[C@@H](CC[C@H]4NC(=O)C=C[C@]34C)[C@@H]1CC[C@H]2C(=O)Nc1cc(ccc1C(F)(F)F)C(F)(F)F,PC3,[5*]N[5*],-0.005939219146966934,0.004826348274946213,-0.010765567421913147
C[C@]12CC[C@@H]3[C@@H](CC[C@H]4NC(=O)C=C[C@]34C)[C@@H]1CC[C@H]2C(=O)Nc1cc(ccc1C(F)(F)F)C(F)(F)F,PC3,[16*]c1ccc([16*])c([16*])c1,-0.005939219146966934,-0.003352861851453781,-0.002586357295513153
C[C@]12CC[C@@H]3[C@@H](CC[C@H]4NC(=O)C=C[C@]34C)[C@@H]1CC[C@H]2C(=O)Nc1cc(ccc1C(F)(F)F)C(F)(F)F,PC3,[15*][C@@H]1CC[C@H]2[C@@H]3CC[C@H]4NC(=O)C=C[C@]4(C)[C@@H]3CC[C@]12C,-0.005939219146966934,-0.009605731815099716,0.003666512668132782
OC(=O)CCC\C=C/C[C@@H]1CO[C@@H](O[C@@H]1c1ccccc1O)C(F)(F)F,PC3,[7*]CC[8*],-0.008409608155488968,-0.0015282928943634033,-0.006881315261125565
OC(=O)CCC\C=C/C[C@@H]1CO[C@@H](O[C@@H]1c1ccccc1O)C(F)(F)F,PC3,[13*][C@H]1OC[C@@H]([15*])[C@@H]([13*])O1,-0.008409608155488968,0.00031746551394462585,-0.008727073669433594
OC(=O)CCC\C=C/C[C@@H]1CO[C@@H](O[C@@H]1c1ccccc1O)C(F)(F)F,PC3,[8*]C(F)(F)F,-0.008409608155488968,0.008939672261476517,-0.017349280416965485
OC(=O)CCC\C=C/C[C@@H]1CO[C@@H](O[C@@H]1c1ccccc1O)C(F)(F)F,PC3,[16*]c1ccccc1O,-0.008409608155488968,0.006955821067094803,-0.01536542922258377
OC(=O)CCC\C=C/C[C@@H]1CO[C@@H](O[C@@H]1c1ccccc1O)C(F)(F)F,PC3,[7*]CCCCC(=O)O,-0.008409608155488968,0.007431413978338242,-0.01584102213382721
CN(C)C(=O)[C@@H]1CC[C@H](NC(=O)C(=O)Nc2ccc(Cl)cn2)[C@H](C1)NC(=O)c1nc2CCN(C)Cc2s1,PC3,[14*]c1ccc(Cl)cn1,-0.005684666335582733,0.018883895128965378,-0.02456856146454811
CN(C)C(=O)[C@@H]1CC[C@H](NC(=O)C(=O)Nc2ccc(Cl)cn2)[C@H](C1)NC(=O)c1nc2CCN(C)Cc2s1,PC3,[1*]C([6*])=O,-0.005684666335582733,0.015410564839839935,-0.02109523117542267
CN(C)C(=O)[C@@H]1CC[C@H](NC(=O)C(=O)Nc2ccc(Cl)cn2)[C@H](C1)NC(=O)c1nc2CCN(C)Cc2s1,PC3,[5*]N(C)C,-0.005684666335582733,0.010622981935739517,-0.01630764827132225
CN(C)C(=O)[C@@H]1CC[C@H](NC(=O)C(=O)Nc2ccc(Cl)cn2)[C@H](C1)NC(=O)c1nc2CCN(C)Cc2s1,PC3,[15*][C@@H]1CC[C@H]([15*])[C@@H]([15*])C1,-0.005684666335582733,0.0009736381471157074,-0.0066583044826984406
CN(C)C(=O)[C@@H]1CC[C@H](NC(=O)C(=O)Nc2ccc(Cl)cn2)[C@H](C1)NC(=O)c1nc2CCN(C)Cc2s1,PC3,[5*]N[5*],-0.005684666335582733,0.011106271296739578,-0.01679093763232231
CN(C)C(=O)[C@@H]1CC[C@H](NC(=O)C(=O)Nc2ccc(Cl)cn2)[C@H](C1)NC(=O)c1nc2CCN(C)Cc2s1,PC3,[1*]C(=O)C([1*])=O,-0.005684666335582733,0.010271765291690826,-0.01595643162727356
CN(C)C(=O)[C@@H]1CC[C@H](NC(=O)C(=O)Nc2ccc(Cl)cn2)[C@H](C1)NC(=O)c1nc2CCN(C)Cc2s1,PC3,[14*]c1nc2c(s1)CN(C)CC2,-0.005684666335582733,0.014187034219503403,-0.019871700555086136
OC(=O)CCCc1ccc(cc1)N(CCCl)CCCl,PC3,[16*]c1ccc([16*])cc1,-0.010419722646474838,-0.004946116358041763,-0.005473606288433075
OC(=O)CCCc1ccc(cc1)N(CCCl)CCCl,PC3,[4*]CCCl,-0.010419722646474838,-0.004421655088663101,-0.005998067557811737
OC(=O)CCCc1ccc(cc1)N(CCCl)CCCl,PC3,[8*]CCCC(=O)O,-0.010419722646474838,-0.0023774169385433197,-0.008042305707931519
OC(=O)CCCc1ccc(cc1)N(CCCl)CCCl,PC3,[5*]N([5*])[5*],-0.010419722646474838,0.0005479641258716583,-0.010967686772346497
CC(C)c1ccc2oc3nc(N)c(cc3c(=O)c2c1)C(O)=O,PC3,[16*]c1ccc2oc3nc(N)c([16*])cc3c(=O)c2c1,0.0021859407424926758,-0.004166778177022934,0.00635271891951561
CC(C)c1ccc2oc3nc(N)c(cc3c(=O)c2c1)C(O)=O,PC3,[6*]C(=O)O,0.0021859407424926758,-0.01242566853761673,0.014611609280109406
CC(C)c1ccc2oc3nc(N)c(cc3c(=O)c2c1)C(O)=O,PC3,[8*]C(C)C,0.0021859407424926758,-0.008207548409700394,0.01039348915219307
Clc1cc2NC(=O)Cc2cc1CCN1CCN(CC1)c1nsc2ccccc12,PC3,[16*]c1cc2c(cc1Cl)NC(=O)C2,-0.007382076233625412,-0.005413200706243515,-0.001968875527381897
Clc1cc2NC(=O)Cc2cc1CCN1CCN(CC1)c1nsc2ccccc12,PC3,[14*]c1nsc2ccccc12,-0.007382076233625412,0.004573415964841843,-0.011955492198467255
Clc1cc2NC(=O)Cc2cc1CCN1CCN(CC1)c1nsc2ccccc12,PC3,[4*]CC[8*],-0.007382076233625412,0.000988643616437912,-0.008370719850063324
Clc1cc2NC(=O)Cc2cc1CCN1CCN(CC1)c1nsc2ccccc12,PC3,[5*]N1CCN([5*])CC1,-0.007382076233625412,0.0022759847342967987,-0.00965806096792221
CC1(C)O[C@@H]2CO[C@@]3(COS(N)(=O)=O)OC(C)(C)O[C@H]3[C@@H]2O1,PC3,[3*]OS(N)(=O)=O,-0.01014336571097374,-0.0028156638145446777,-0.007327701896429062
CC1(C)O[C@@H]2CO[C@@]3(COS(N)(=O)=O)OC(C)(C)O[C@H]3[C@@H]2O1,PC3,[4*]C[8*],-0.01014336571097374,-0.005863610655069351,-0.004279755055904388
CC1(C)O[C@@H]2CO[C@@]3(COS(N)(=O)=O)OC(C)(C)O[C@H]3[C@@H]2O1,PC3,[13*][C@@]12OC[C@H]3OC(C)(C)O[C@H]3[C@@H]1OC(C)(C)O2,-0.01014336571097374,-0.007917109876871109,-0.0022262558341026306
OC(=O)Cn1nnc(n1)-c1cc(no1)N1CCC(CC1)Oc1cc(F)ccc1Br,PC3,[9*]n1nnc([14*])n1,-0.0064745694398880005,0.0006374828517436981,-0.007112052291631699
OC(=O)Cn1nnc(n1)-c1cc(no1)N1CCC(CC1)Oc1cc(F)ccc1Br,PC3,[5*]N1CCC([15*])CC1,-0.0064745694398880005,-0.010208990424871445,0.003734420984983444
OC(=O)Cn1nnc(n1)-c1cc(no1)N1CCC(CC1)Oc1cc(F)ccc1Br,PC3,[8*]CC(=O)O,-0.0064745694398880005,-0.00230330228805542,-0.004171267151832581
OC(=O)Cn1nnc(n1)-c1cc(no1)N1CCC(CC1)Oc1cc(F)ccc1Br,PC3,[14*]c1cc([14*])on1,-0.0064745694398880005,-0.0077001117169857025,0.001225542277097702
OC(=O)Cn1nnc(n1)-c1cc(no1)N1CCC(CC1)Oc1cc(F)ccc1Br,PC3,[3*]O[3*],-0.0064745694398880005,-0.0002342425286769867,-0.006240326911211014
OC(=O)Cn1nnc(n1)-c1cc(no1)N1CCC(CC1)Oc1cc(F)ccc1Br,PC3,[16*]c1cc(F)ccc1Br,-0.0064745694398880005,-0.005005147308111191,-0.0014694221317768097
Cc1cc(O)c2c3c1c1c(C)cc(O)c4c1c1c3c3c(c(O)cc(O)c3c2=O)c2c(O)cc(O)c(c12)c4=O,PC3,Cc1cc(O)c2c(=O)c3c(O)cc(O)c4c5c(O)cc(O)c6c(=O)c7c(O)cc(C)c8c1c2c(c34)c(c78)c65,-0.00717448815703392,-0.03135446086525917,0.02417997270822525
C[C@](O)(COc1ccc(cc1)C#N)C(=O)Nc1ccc(C#N)c(c1)C(F)(F)F,PC3,[16*]c1ccc(C#N)cc1,-0.005805354565382004,-0.0028524063527584076,-0.002952948212623596
C[C@](O)(COc1ccc(cc1)C#N)C(=O)Nc1ccc(C#N)c(c1)C(F)(F)F,PC3,[8*]C(F)(F)F,-0.005805354565382004,-0.0014394484460353851,-0.004365906119346619
C[C@](O)(COc1ccc(cc1)C#N)C(=O)Nc1ccc(C#N)c(c1)C(F)(F)F,PC3,[3*]O[3*],-0.005805354565382004,0.00023918971419334412,-0.006044544279575348
C[C@](O)(COc1ccc(cc1)C#N)C(=O)Nc1ccc(C#N)c(c1)C(F)(F)F,PC3,[5*]N[5*],-0.005805354565382004,-0.002208087593317032,-0.003597266972064972
C[C@](O)(COc1ccc(cc1)C#N)C(=O)Nc1ccc(C#N)c(c1)C(F)(F)F,PC3,[16*]c1ccc(C#N)c([16*])c1,-0.005805354565382004,-0.00978071242570877,0.003975357860326767
C[C@](O)(COc1ccc(cc1)C#N)C(=O)Nc1ccc(C#N)c(c1)C(F)(F)F,PC3,[1*]C(=O)[C@@](C)(O)C[4*],-0.005805354565382004,-0.006388112902641296,0.0005827583372592926
CCN(CC)CCOc1ccc(cc1)C(=C(/Cl)c1ccccc1)\c1ccccc1,PC3,[7*]C([8*])[8*],-0.005207385867834091,0.007579486817121506,-0.012786872684955597
CCN(CC)CCOc1ccc(cc1)C(=C(/Cl)c1ccccc1)\c1ccccc1,PC3,[16*]c1ccccc1,-0.005207385867834091,0.01708650216460228,-0.02229388803243637
CCN(CC)CCOc1ccc(cc1)C(=C(/Cl)c1ccccc1)\c1ccccc1,PC3,[5*]N([5*])[5*],-0.005207385867834091,0.012844312936067581,-0.018051698803901672
CCN(CC)CCOc1ccc(cc1)C(=C(/Cl)c1ccccc1)\c1ccccc1,PC3,[3*]O[3*],-0.005207385867834091,0.019564345479011536,-0.024771731346845627
CCN(CC)CCOc1ccc(cc1)C(=C(/Cl)c1ccccc1)\c1ccccc1,PC3,[16*]c1ccc([16*])cc1,-0.005207385867834091,0.009545460343360901,-0.014752846211194992
CCN(CC)CCOc1ccc(cc1)C(=C(/Cl)c1ccccc1)\c1ccccc1,PC3,[7*]C([8*])Cl,-0.005207385867834091,0.008990269154310226,-0.014197655022144318
CCN(CC)CCOc1ccc(cc1)C(=C(/Cl)c1ccccc1)\c1ccccc1,PC3,[4*]CC,-0.005207385867834091,0.013515714555978775,-0.018723100423812866
CCN(CC)CCOc1ccc(cc1)C(=C(/Cl)c1ccccc1)\c1ccccc1,PC3,[4*]CC[4*],-0.005207385867834091,0.012001533061265945,-0.017208918929100037
O=C(Cc1ccc(cn1)-c1ccc(OCCN2CCOCC2)cc1)NCc1ccccc1,PC3,[5*]N1CCOCC1,0.0010638460516929626,0.010701403021812439,-0.009637556970119476
O=C(Cc1ccc(cn1)-c1ccc(OCCN2CCOCC2)cc1)NCc1ccccc1,PC3,[16*]c1ccccc1,0.0010638460516929626,0.019503649324178696,-0.018439803272485733
O=C(Cc1ccc(cn1)-c1ccc(OCCN2CCOCC2)cc1)NCc1ccccc1,PC3,[4*]C[8*],0.0010638460516929626,0.012889154255390167,-0.011825308203697205
O=C(Cc1ccc(cn1)-c1ccc(OCCN2CCOCC2)cc1)NCc1ccccc1,PC3,[1*]C(=O)C[8*],0.0010638460516929626,0.01603645831346512,-0.014972612261772156
O=C(Cc1ccc(cn1)-c1ccc(OCCN2CCOCC2)cc1)NCc1ccccc1,PC3,[3*]O[3*],0.0010638460516929626,0.016593657433986664,-0.015529811382293701
O=C(Cc1ccc(cn1)-c1ccc(OCCN2CCOCC2)cc1)NCc1ccccc1,PC3,[14*]c1ccc([16*])cn1,0.0010638460516929626,0.012747164815664291,-0.011683318763971329
O=C(Cc1ccc(cn1)-c1ccc(OCCN2CCOCC2)cc1)NCc1ccccc1,PC3,[5*]N[5*],0.0010638460516929626,0.014056738466024399,-0.012992892414331436
O=C(Cc1ccc(cn1)-c1ccc(OCCN2CCOCC2)cc1)NCc1ccccc1,PC3,[16*]c1ccc([16*])cc1,0.0010638460516929626,0.013230588287115097,-0.012166742235422134
O=C(Cc1ccc(cn1)-c1ccc(OCCN2CCOCC2)cc1)NCc1ccccc1,PC3,[4*]CC[4*],0.0010638460516929626,0.014293152838945389,-0.013229306787252426
COCCCOc1cc(C[C@@H](C[C@H](N)[C@@H](O)C[C@@H](C(C)C)C(=O)NCC(C)(C)C(N)=O)C(C)C)ccc1OC,PC3,[4*]CCC[4*],-0.0007869713008403778,0.009582486003637314,-0.010369457304477692
COCCCOc1cc(C[C@@H](C[C@H](N)[C@@H](O)C[C@@H](C(C)C)C(=O)NCC(C)(C)C(N)=O)C(C)C)ccc1OC,PC3,[4*]CC(C)(C)C(N)=O,-0.0007869713008403778,0.014676466584205627,-0.015463437885046005
COCCCOc1cc(C[C@@H](C[C@H](N)[C@@H](O)C[C@@H](C(C)C)C(=O)NCC(C)(C)C(N)=O)C(C)C)ccc1OC,PC3,[1*]C(=O)[C@@H](C[C@H](O)[C@@H](N)C[C@H](C[8*])C(C)C)C(C)C,-0.0007869713008403778,0.004640374332666397,-0.005427345633506775
COCCCOc1cc(C[C@@H](C[C@H](N)[C@@H](O)C[C@@H](C(C)C)C(=O)NCC(C)(C)C(N)=O)C(C)C)ccc1OC,PC3,[3*]O[3*],-0.0007869713008403778,0.01752045378088951,-0.01830742508172989
COCCCOc1cc(C[C@@H](C[C@H](N)[C@@H](O)C[C@@H](C(C)C)C(=O)NCC(C)(C)C(N)=O)C(C)C)ccc1OC,PC3,[5*]N[5*],-0.0007869713008403778,0.016595009714365005,-0.017381981015205383
COCCCOc1cc(C[C@@H](C[C@H](N)[C@@H](O)C[C@@H](C(C)C)C(=O)NCC(C)(C)C(N)=O)C(C)C)ccc1OC,PC3,[16*]c1ccc([16*])c([16*])c1,-0.0007869713008403778,0.010862711817026138,-0.011649683117866516
COCCCOc1cc(C[C@@H](C[C@H](N)[C@@H](O)C[C@@H](C(C)C)C(=O)NCC(C)(C)C(N)=O)C(C)C)ccc1OC,PC3,[3*]OC,-0.0007869713008403778,0.017413433641195297,-0.018200404942035675
OS(=O)(=O)CCSSCCS(O)(=O)=O,PC3,[4*]CCS(=O)(=O)O,-0.013677645474672318,-0.0028493665158748627,-0.010828278958797455
OS(=O)(=O)CCSSCCS(O)(=O)=O,PC3,[11*]SS[11*],-0.013677645474672318,-0.018439892679452896,0.004762247204780579
COc1ccc(cc1OC)\C=C\C(=O)CC(=O)\C=C\c1ccc(OC)c(OC)c1,PC3,[16*]c1ccc([16*])c([16*])c1,-0.006674375385046005,0.0013240985572338104,-0.007998473942279816
COc1ccc(cc1OC)\C=C\C(=O)CC(=O)\C=C\c1ccc(OC)c(OC)c1,PC3,[7*]CC(=O)CC(=O)C[7*],-0.006674375385046005,-0.0033028870820999146,-0.0033714883029460907
COc1ccc(cc1OC)\C=C\C(=O)CC(=O)\C=C\c1ccc(OC)c(OC)c1,PC3,[7*]C[8*],-0.006674375385046005,-0.00828612968325615,0.001611754298210144
COc1ccc(cc1OC)\C=C\C(=O)CC(=O)\C=C\c1ccc(OC)c(OC)c1,PC3,[3*]OC,-0.006674375385046005,-0.002625163644552231,-0.004049211740493774
CC(C)(C)NC[C@@H](O)COc1nsnc1N1CCOCC1,PC3,[4*]C(C)(C)C,-0.011529739946126938,0.0038806647062301636,-0.015410404652357101
CC(C)(C)NC[C@@H](O)COc1nsnc1N1CCOCC1,PC3,[4*]CC(O)C[4*],-0.011529739946126938,0.0032791905105113983,-0.014808930456638336
CC(C)(C)NC[C@@H](O)COc1nsnc1N1CCOCC1,PC3,[5*]N1CCOCC1,-0.011529739946126938,0.0012127570807933807,-0.012742497026920319
CC(C)(C)NC[C@@H](O)COc1nsnc1N1CCOCC1,PC3,[3*]O[3*],-0.011529739946126938,0.003786284476518631,-0.015316024422645569
CC(C)(C)NC[C@@H](O)COc1nsnc1N1CCOCC1,PC3,[14*]c1nsnc1[14*],-0.011529739946126938,-0.005102474242448807,-0.006427265703678131
CC(C)(C)NC[C@@H](O)COc1nsnc1N1CCOCC1,PC3,[5*]N[5*],-0.011529739946126938,0.0006833784282207489,-0.012213118374347687
Oc1cc2c3c(oc(=O)c4cc(O)c(O)c(oc2=O)c34)c1O,PC3,O=c1oc2c(O)c(O)cc3c(=O)oc4c(O)c(O)cc1c4c23,-0.0014348030090332031,-0.03135446086525917,0.029919657856225967
CC(C)NC(=O)NS(=O)(=O)c1cnccc1Nc1cccc(C)c1,PC3,[4*]C(C)C,-0.0197431817650795,-0.00867147371172905,-0.011071708053350449
CC(C)NC(=O)NS(=O)(=O)c1cnccc1Nc1cccc(C)c1,PC3,[16*]c1cccc(C)c1,-0.0197431817650795,-0.0064225755631923676,-0.01332060620188713
CC(C)NC(=O)NS(=O)(=O)c1cnccc1Nc1cccc(C)c1,PC3,[5*]N[5*],-0.0197431817650795,-0.0019163452088832855,-0.017826836556196213
CC(C)NC(=O)NS(=O)(=O)c1cnccc1Nc1cccc(C)c1,PC3,[12*]S(=O)(=O)c1cnccc1[16*],-0.0197431817650795,0.003191281110048294,-0.022934462875127792
CC(C)NC(=O)NS(=O)(=O)c1cnccc1Nc1cccc(C)c1,PC3,[1*]C([1*])=O,-0.0197431817650795,-0.005081150680780411,-0.014662031084299088
Nc1ncnc2OCCN(c3ccc(cc3)[C@H]3CC[C@H](CC(O)=O)CC3)C(=O)c12,PC3,[15*][C@H]1CC[C@H]([15*])CC1,-0.003836479038000107,0.002103123813867569,-0.005939602851867676
Nc1ncnc2OCCN(c3ccc(cc3)[C@H]3CC[C@H](CC(O)=O)CC3)C(=O)c12,PC3,[8*]CC(=O)O,-0.003836479038000107,0.004550140351057053,-0.00838661938905716
Nc1ncnc2OCCN(c3ccc(cc3)[C@H]3CC[C@H](CC(O)=O)CC3)C(=O)c12,PC3,[10*]N1CCOc2ncnc(N)c2C1=O,-0.003836479038000107,-0.00013826042413711548,-0.0036982186138629913
Nc1ncnc2OCCN(c3ccc(cc3)[C@H]3CC[C@H](CC(O)=O)CC3)C(=O)c12,PC3,[16*]c1ccc([16*])cc1,-0.003836479038000107,0.002273891121149063,-0.00611037015914917
CO[C@H]1\C=C\O[C@@]2(C)Oc3c(C2=O)c2c(c(O)c3C)c(O)c(NC(=O)\C(C)=C\C=C\[C@H](C)[C@H](O)[C@@H](C)[C@@H](O)[C@@H](C)[C@H](OC(C)=O)[C@@H]1C)c1=NC3(CCN(CC(C)C)CC3)N=c21,PC3,[4*]CC(C)C,0.005070440471172333,0.00878441147506237,-0.0037139710038900375
CO[C@H]1\C=C\O[C@@]2(C)Oc3c(C2=O)c2c(c(O)c3C)c(O)c(NC(=O)\C(C)=C\C=C\[C@H](C)[C@H](O)[C@@H](C)[C@@H](O)[C@@H](C)[C@H](OC(C)=O)[C@@H]1C)c1=NC3(CCN(CC(C)C)CC3)N=c21,PC3,[5*]N1CCC2(CC1)N=c1c3c(O)c4c(O)c(C)c5c(c4c1=N2)C(=O)[C@@](C)(O/C=C/[C@H]([15*])[C@@H](C)[C@@H]([15*])[C@H](C)[C@H](O)[C@H](C)[C@@H](O)[C@@H](C)/C=C/C=C(\C)C(=O)N3)O5,0.005070440471172333,-0.0015858002007007599,0.006656240671873093
CO[C@H]1\C=C\O[C@@]2(C)Oc3c(C2=O)c2c(c(O)c3C)c(O)c(NC(=O)\C(C)=C\C=C\[C@H](C)[C@H](O)[C@@H](C)[C@@H](O)[C@@H](C)[C@H](OC(C)=O)[C@@H]1C)c1=NC3(CCN(CC(C)C)CC3)N=c21,PC3,[3*]O[3*],0.005070440471172333,0.010307762771844864,-0.005237322300672531
CO[C@H]1\C=C\O[C@@]2(C)Oc3c(C2=O)c2c(c(O)c3C)c(O)c(NC(=O)\C(C)=C\C=C\[C@H](C)[C@H](O)[C@@H](C)[C@@H](O)[C@@H](C)[C@H](OC(C)=O)[C@@H]1C)c1=NC3(CCN(CC(C)C)CC3)N=c21,PC3,[1*]C(C)=O,0.005070440471172333,0.010307762771844864,-0.005237322300672531
CO[C@H]1\C=C\O[C@@]2(C)Oc3c(C2=O)c2c(c(O)c3C)c(O)c(NC(=O)\C(C)=C\C=C\[C@H](C)[C@H](O)[C@@H](C)[C@@H](O)[C@@H](C)[C@H](OC(C)=O)[C@@H]1C)c1=NC3(CCN(CC(C)C)CC3)N=c21,PC3,[3*]OC,0.005070440471172333,0.010307762771844864,-0.005237322300672531
N[C@@H](Cc1cc(I)c(Oc2cc(I)c(O)c(I)c2)c(I)c1)C(O)=O,PC3,[16*]c1cc(I)c([16*])c(I)c1,-0.015583459287881851,0.0006583444774150848,-0.016241803765296936
N[C@@H](Cc1cc(I)c(Oc2cc(I)c(O)c(I)c2)c(I)c1)C(O)=O,PC3,[8*]C[C@H](N)C(=O)O,-0.015583459287881851,-0.010738693177700043,-0.0048447661101818085
N[C@@H](Cc1cc(I)c(Oc2cc(I)c(O)c(I)c2)c(I)c1)C(O)=O,PC3,[3*]O[3*],-0.015583459287881851,-0.005598217248916626,-0.009985242038965225
N[C@@H](Cc1cc(I)c(Oc2cc(I)c(O)c(I)c2)c(I)c1)C(O)=O,PC3,[16*]c1cc(I)c(O)c(I)c1,-0.015583459287881851,-0.01392330601811409,-0.0016601532697677612
COC(=O)\C=C\C(=O)OC,PC3,[1*]C(=O)C[7*],-0.007012400776147842,-0.017063308507204056,0.010050907731056213
COC(=O)\C=C\C(=O)OC,PC3,[3*]OC,-0.007012400776147842,-0.005062486976385117,-0.0019499137997627258
CNC(=O)[C@H]1O[C@H]([C@H](O)[C@@H]1O)n1cnc2c(NCc3cccc(I)c3)ncnc12,PC3,[5*]NC,-0.01118810847401619,0.01476718857884407,-0.02595529705286026
CNC(=O)[C@H]1O[C@H]([C@H](O)[C@@H]1O)n1cnc2c(NCc3cccc(I)c3)ncnc12,PC3,[4*]C[8*],-0.01118810847401619,0.01853713020682335,-0.02972523868083954
CNC(=O)[C@H]1O[C@H]([C@H](O)[C@@H]1O)n1cnc2c(NCc3cccc(I)c3)ncnc12,PC3,[13*][C@@H]1O[C@H]([13*])[C@@H](O)[C@H]1O,-0.01118810847401619,0.0029315203428268433,-0.014119628816843033
CNC(=O)[C@H]1O[C@H]([C@H](O)[C@@H]1O)n1cnc2c(NCc3cccc(I)c3)ncnc12,PC3,[1*]C([6*])=O,-0.01118810847401619,0.009601365774869919,-0.02078947424888611
CNC(=O)[C@H]1O[C@H]([C@H](O)[C@@H]1O)n1cnc2c(NCc3cccc(I)c3)ncnc12,PC3,[5*]N[5*],-0.01118810847401619,0.016505833715200424,-0.027693942189216614
CNC(=O)[C@H]1O[C@H]([C@H](O)[C@@H]1O)n1cnc2c(NCc3cccc(I)c3)ncnc12,PC3,[16*]c1cccc(I)c1,-0.01118810847401619,0.016267117112874985,-0.027455225586891174
CNC(=O)[C@H]1O[C@H]([C@H](O)[C@@H]1O)n1cnc2c(NCc3cccc(I)c3)ncnc12,PC3,[9*]n1cnc2c([14*])ncnc21,-0.01118810847401619,0.0227237269282341,-0.03391183540225029
CNC(=O)c1cccc2cc(ccc12)Oc1ccnc2cc(OCC3(N)CC3)c(OC)cc12,PC3,[5*]NC,-0.011330481618642807,0.012081269174814224,-0.02341175079345703
CNC(=O)c1cccc2cc(ccc12)Oc1ccnc2cc(OCC3(N)CC3)c(OC)cc12,PC3,[15*]C1(N)CC1,-0.011330481618642807,0.0015649981796741486,-0.012895479798316956
CNC(=O)c1cccc2cc(ccc12)Oc1ccnc2cc(OCC3(N)CC3)c(OC)cc12,PC3,[4*]C[8*],-0.011330481618642807,0.013373374938964844,-0.02470385655760765
CNC(=O)c1cccc2cc(ccc12)Oc1ccnc2cc(OCC3(N)CC3)c(OC)cc12,PC3,[1*]C([6*])=O,-0.011330481618642807,0.011584650725126266,-0.022915132343769073
CNC(=O)c1cccc2cc(ccc12)Oc1ccnc2cc(OCC3(N)CC3)c(OC)cc12,PC3,[3*]O[3*],-0.011330481618642807,0.014698624610900879,-0.026029106229543686
CNC(=O)c1cccc2cc(ccc12)Oc1ccnc2cc(OCC3(N)CC3)c(OC)cc12,PC3,[16*]c1cc2nccc([16*])c2cc1[16*],-0.011330481618642807,0.009900368750095367,-0.021230850368738174
CNC(=O)c1cccc2cc(ccc12)Oc1ccnc2cc(OCC3(N)CC3)c(OC)cc12,PC3,[16*]c1ccc2c([16*])cccc2c1,-0.011330481618642807,0.014886274933815002,-0.02621675655245781
CNC(=O)c1cccc2cc(ccc12)Oc1ccnc2cc(OCC3(N)CC3)c(OC)cc12,PC3,[3*]OC,-0.011330481618642807,0.019083555787801743,-0.03041403740644455
CS(=O)(=O)Oc1ccc2c(NC(N)=O)c(oc2c1)C(=O)c1ccc(Cl)cc1Cl,PC3,[1*]C(N)=O,0.003593508154153824,0.00099872425198555,0.002594783902168274
CS(=O)(=O)Oc1ccc2c(NC(N)=O)c(oc2c1)C(=O)c1ccc(Cl)cc1Cl,PC3,[16*]c1ccc(Cl)cc1Cl,0.003593508154153824,0.0036184899508953094,-2.4981796741485596e-05
CS(=O)(=O)Oc1ccc2c(NC(N)=O)c(oc2c1)C(=O)c1ccc(Cl)cc1Cl,PC3,[14*]c1oc2cc([16*])ccc2c1[16*],0.003593508154153824,0.000941198319196701,0.002652309834957123
CS(=O)(=O)Oc1ccc2c(NC(N)=O)c(oc2c1)C(=O)c1ccc(Cl)cc1Cl,PC3,[5*]N[5*],0.003593508154153824,0.0063856542110443115,-0.0027921460568904877
CS(=O)(=O)Oc1ccc2c(NC(N)=O)c(oc2c1)C(=O)c1ccc(Cl)cc1Cl,PC3,[3*]OS(C)(=O)=O,0.003593508154153824,0.010907016694545746,-0.007313508540391922
CS(=O)(=O)Oc1ccc2c(NC(N)=O)c(oc2c1)C(=O)c1ccc(Cl)cc1Cl,PC3,[6*]C([6*])=O,0.003593508154153824,0.003872491419315338,-0.0002789832651615143
CN(C)CCCn1cc(C2=C(C(=O)NC2=O)c3c[nH]c4ccccc34)c5ccccc15,PC3,[4*]CCC[8*],-0.0017399676144123077,-0.008937161415815353,0.007197193801403046
CN(C)CCCn1cc(C2=C(C(=O)NC2=O)c3c[nH]c4ccccc34)c5ccccc15,PC3,[9*]n1cc(C2=C(c3c[nH]c4ccccc34)C(=O)NC2=O)c2ccccc21,-0.0017399676144123077,0.00010601803660392761,-0.0018459856510162354
CN(C)CCCn1cc(C2=C(C(=O)NC2=O)c3c[nH]c4ccccc34)c5ccccc15,PC3,[5*]N(C)C,-0.0017399676144123077,-0.00310317799448967,0.001363210380077362
COc1cc2C[C@@H](CN(C)CCCN3CCc4cc(OC)c(OC)cc4CC3=O)c2cc1OC,PC3,[10*]N1CCc2cc([16*])c([16*])cc2CC1=O,-0.0074455104768276215,-0.00079326331615448,-0.0066522471606731415
COc1cc2C[C@@H](CN(C)CCCN3CCc4cc(OC)c(OC)cc4CC3=O)c2cc1OC,PC3,[4*]C[C@@H]1Cc2cc([16*])c([16*])cc21,-0.0074455104768276215,0.0005286186933517456,-0.007974129170179367
COc1cc2C[C@@H](CN(C)CCCN3CCc4cc(OC)c(OC)cc4CC3=O)c2cc1OC,PC3,[4*]CCC[8*],-0.0074455104768276215,0.009245406836271286,-0.016690917313098907
COc1cc2C[C@@H](CN(C)CCCN3CCc4cc(OC)c(OC)cc4CC3=O)c2cc1OC,PC3,[5*]N([5*])C,-0.0074455104768276215,0.009058363735675812,-0.016503874212503433
COc1cc2C[C@@H](CN(C)CCCN3CCc4cc(OC)c(OC)cc4CC3=O)c2cc1OC,PC3,[3*]OC,-0.0074455104768276215,0.017113905400037766,-0.024559415876865387
CC[C@H](C)C(=O)O[C@@H]1C[C@H](O)C=C2C=C[C@H](C)[C@@H](CC[C@@H](O)C[C@@H](O)CC(O)=O)[C@@H]12,PC3,[8*]CC[C@@H](O)C[C@@H](O)CC(=O)O,0.006804462522268295,0.007723115384578705,-0.0009186528623104095
CC[C@H](C)C(=O)O[C@@H]1C[C@H](O)C=C2C=C[C@H](C)[C@@H](CC[C@@H](O)C[C@@H](O)CC(O)=O)[C@@H]12,PC3,[15*][C@H]1[C@@H]2C(=C[C@@H](O)C[C@H]2[15*])C=C[C@@H]1C,0.006804462522268295,0.0009575448930263519,0.005846917629241943
CC[C@H](C)C(=O)O[C@@H]1C[C@H](O)C=C2C=C[C@H](C)[C@@H](CC[C@@H](O)C[C@@H](O)CC(O)=O)[C@@H]12,PC3,[3*]O[3*],0.006804462522268295,0.01605631783604622,-0.009251855313777924
CC[C@H](C)C(=O)O[C@@H]1C[C@H](O)C=C2C=C[C@H](C)[C@@H](CC[C@@H](O)C[C@@H](O)CC(O)=O)[C@@H]12,PC3,[1*]C(=O)[C@@H](C)CC,0.006804462522268295,0.010954368859529495,-0.0041499063372612
Cc1c(cc(C(=O)NCc2ccc(cn2)S(C)(=O)=O)c(=O)n1-c1cccc(c1)C(F)(F)F)-c1ccnn1C,PC3,[14*]c1ccnn1C,-0.0030880607664585114,0.0147574283182621,-0.01784548908472061
Cc1c(cc(C(=O)NCc2ccc(cn2)S(C)(=O)=O)c(=O)n1-c1cccc(c1)C(F)(F)F)-c1ccnn1C,PC3,[4*]C[8*],-0.0030880607664585114,0.006911545991897583,-0.009999606758356094
Cc1c(cc(C(=O)NCc2ccc(cn2)S(C)(=O)=O)c(=O)n1-c1cccc(c1)C(F)(F)F)-c1ccnn1C,PC3,[8*]C(F)(F)F,-0.0030880607664585114,0.0067602768540382385,-0.00984833762049675
Cc1c(cc(C(=O)NCc2ccc(cn2)S(C)(=O)=O)c(=O)n1-c1cccc(c1)C(F)(F)F)-c1ccnn1C,PC3,[1*]C([6*])=O,-0.0030880607664585114,0.0035269297659397125,-0.006614990532398224
Cc1c(cc(C(=O)NCc2ccc(cn2)S(C)(=O)=O)c(=O)n1-c1cccc(c1)C(F)(F)F)-c1ccnn1C,PC3,[14*]c1ccc(S(C)(=O)=O)cn1,-0.0030880607664585114,-0.00020525231957435608,-0.0028828084468841553
Cc1c(cc(C(=O)NCc2ccc(cn2)S(C)(=O)=O)c(=O)n1-c1cccc(c1)C(F)(F)F)-c1ccnn1C,PC3,[5*]N[5*],-0.0030880607664585114,0.001971248537302017,-0.0050593093037605286
Cc1c(cc(C(=O)NCc2ccc(cn2)S(C)(=O)=O)c(=O)n1-c1cccc(c1)C(F)(F)F)-c1ccnn1C,PC3,[9*]n1c(C)c([16*])cc([16*])c1=O,-0.0030880607664585114,-0.0006139762699604034,-0.002474084496498108
Cc1c(cc(C(=O)NCc2ccc(cn2)S(C)(=O)=O)c(=O)n1-c1cccc(c1)C(F)(F)F)-c1ccnn1C,PC3,[16*]c1cccc([16*])c1,-0.0030880607664585114,0.0007743872702121735,-0.003862448036670685
Cc1nc(C)c(nc1C(N)=O)-c1ccc(cc1)[C@H]1CC[C@H](CC(O)=O)CC1,PC3,[15*][C@H]1CC[C@H]([15*])CC1,0.008197253569960594,0.002291891723871231,0.005905361846089363
Cc1nc(C)c(nc1C(N)=O)-c1ccc(cc1)[C@H]1CC[C@H](CC(O)=O)CC1,PC3,[8*]CC(=O)O,0.008197253569960594,0.006827633827924728,0.0013696197420358658
Cc1nc(C)c(nc1C(N)=O)-c1ccc(cc1)[C@H]1CC[C@H](CC(O)=O)CC1,PC3,[6*]C(N)=O,0.008197253569960594,0.008370522409677505,-0.00017326883971691132
Cc1nc(C)c(nc1C(N)=O)-c1ccc(cc1)[C@H]1CC[C@H](CC(O)=O)CC1,PC3,[16*]c1ccc([16*])cc1,0.008197253569960594,0.004236333072185516,0.003960920497775078
Cc1nc(C)c(nc1C(N)=O)-c1ccc(cc1)[C@H]1CC[C@H](CC(O)=O)CC1,PC3,[14*]c1nc([14*])c(C)nc1C,0.008197253569960594,0.002822231501340866,0.005375022068619728
Cn1cc(c(n1)-c1ccc(OCc2ccc3ccccc3n2)cc1)-c1ccncc1,PC3,[16*]c1ccncc1,0.0005676671862602234,0.00035782530903816223,0.00020984187722206116
Cn1cc(c(n1)-c1ccc(OCc2ccc3ccccc3n2)cc1)-c1ccncc1,PC3,[4*]C[8*],0.0005676671862602234,-0.0019978955388069153,0.0025655627250671387
Cn1cc(c(n1)-c1ccc(OCc2ccc3ccccc3n2)cc1)-c1ccncc1,PC3,[3*]O[3*],0.0005676671862602234,0.0008363723754882812,-0.00026870518922805786
Cn1cc(c(n1)-c1ccc(OCc2ccc3ccccc3n2)cc1)-c1ccncc1,PC3,[16*]c1ccc([16*])cc1,0.0005676671862602234,-0.003033723682165146,0.0036013908684253693
Cn1cc(c(n1)-c1ccc(OCc2ccc3ccccc3n2)cc1)-c1ccncc1,PC3,[14*]c1nn(C)cc1[16*],0.0005676671862602234,-0.0015365034341812134,0.0021041706204414368
Cn1cc(c(n1)-c1ccc(OCc2ccc3ccccc3n2)cc1)-c1ccncc1,PC3,[14*]c1ccc2ccccc2n1,0.0005676671862602234,0.004594188183546066,-0.004026520997285843
CCC(=O)[C@@]1(C)[C@H](C)C[C@H]2[C@@H]3CCC4=CC(=O)C=C[C@]4(C)[C@H]3[C@@H](O)C[C@]12C,PC3,[15*][C@@]1(C)[C@H](C)C[C@H]2[C@@H]3CCC4=CC(=O)C=C[C@]4(C)[C@H]3[C@@H](O)C[C@@]21C,-0.005924690514802933,-0.0020057223737239838,-0.003918968141078949
CCC(=O)[C@@]1(C)[C@H](C)C[C@H]2[C@@H]3CCC4=CC(=O)C=C[C@]4(C)[C@H]3[C@@H](O)C[C@]12C,PC3,[6*]C(=O)CC,-0.005924690514802933,-0.004535026848316193,-0.0013896636664867401
Cc1cccn2c1ncc(-c1nnn[nH]1)c2=O,PC3,[14*]c1nnn[nH]1,-0.00615721195936203,-0.0080844946205616,0.0019272826611995697
Cc1cccn2c1ncc(-c1nnn[nH]1)c2=O,PC3,[16*]c1cnc2c(C)cccn2c1=O,-0.00615721195936203,-0.01947920396924019,0.013321992009878159
CC(C)(C)NC[C@H](O)COc1cccc2C(=O)CCCc12,PC3,[4*]C(C)(C)C,-0.014883514493703842,-0.015409968793392181,0.0005264542996883392
CC(C)(C)NC[C@H](O)COc1cccc2C(=O)CCCc12,PC3,[16*]c1cccc2c1CCCC2=O,-0.014883514493703842,-0.004265572875738144,-0.010617941617965698
CC(C)(C)NC[C@H](O)COc1cccc2C(=O)CCCc12,PC3,[4*]CC(O)C[4*],-0.014883514493703842,-0.008860569447278976,-0.006022945046424866
CC(C)(C)NC[C@H](O)COc1cccc2C(=O)CCCc12,PC3,[3*]O[3*],-0.014883514493703842,-0.00030496343970298767,-0.014578551054000854
CC(C)(C)NC[C@H](O)COc1cccc2C(=O)CCCc12,PC3,[5*]N[5*],-0.014883514493703842,-0.0032477527856826782,-0.011635761708021164
O=c1[nH]c2n[nH]cc2c(=O)[nH]1,PC3,O=c1[nH]c(=O)c2c[nH]nc2[nH]1,-0.00580902025103569,-0.03135446086525917,0.02554544061422348
CCN(CCCOc1ccc2c(Nc3cc(CC(=O)Nc4cccc(F)c4)[nH]n3)ncnc2c1)CCOP(O)(O)=O,PC3,[14*]c1cc([14*])[nH]n1,-0.0052370838820934296,0.0021164827048778534,-0.007353566586971283
CCN(CCCOc1ccc2c(Nc3cc(CC(=O)Nc4cccc(F)c4)[nH]n3)ncnc2c1)CCOP(O)(O)=O,PC3,[4*]CCC[4*],-0.0052370838820934296,-0.0020957812666893005,-0.003141302615404129
CCN(CCCOc1ccc2c(Nc3cc(CC(=O)Nc4cccc(F)c4)[nH]n3)ncnc2c1)CCOP(O)(O)=O,PC3,[3*]OP(=O)(O)O,-0.0052370838820934296,0.003174077719449997,-0.008411161601543427
CCN(CCCOc1ccc2c(Nc3cc(CC(=O)Nc4cccc(F)c4)[nH]n3)ncnc2c1)CCOP(O)(O)=O,PC3,[1*]C(=O)C[8*],-0.0052370838820934296,-0.003089088946580887,-0.0021479949355125427
CCN(CCCOc1ccc2c(Nc3cc(CC(=O)Nc4cccc(F)c4)[nH]n3)ncnc2c1)CCOP(O)(O)=O,PC3,[5*]N([5*])[5*],-0.0052370838820934296,0.0012745708227157593,-0.006511654704809189
CCN(CCCOc1ccc2c(Nc3cc(CC(=O)Nc4cccc(F)c4)[nH]n3)ncnc2c1)CCOP(O)(O)=O,PC3,[3*]O[3*],-0.0052370838820934296,0.007074315100908279,-0.012311398983001709
CCN(CCCOc1ccc2c(Nc3cc(CC(=O)Nc4cccc(F)c4)[nH]n3)ncnc2c1)CCOP(O)(O)=O,PC3,[5*]N[5*],-0.0052370838820934296,0.0035422667860984802,-0.00877935066819191
CCN(CCCOc1ccc2c(Nc3cc(CC(=O)Nc4cccc(F)c4)[nH]n3)ncnc2c1)CCOP(O)(O)=O,PC3,[16*]c1cccc(F)c1,-0.0052370838820934296,0.007000837475061417,-0.012237921357154846
CCN(CCCOc1ccc2c(Nc3cc(CC(=O)Nc4cccc(F)c4)[nH]n3)ncnc2c1)CCOP(O)(O)=O,PC3,[4*]CC,-0.0052370838820934296,0.004644062370061874,-0.009881146252155304
CCN(CCCOc1ccc2c(Nc3cc(CC(=O)Nc4cccc(F)c4)[nH]n3)ncnc2c1)CCOP(O)(O)=O,PC3,[4*]CC[4*],-0.0052370838820934296,0.005352426320314407,-0.010589510202407837
CCN(CCCOc1ccc2c(Nc3cc(CC(=O)Nc4cccc(F)c4)[nH]n3)ncnc2c1)CCOP(O)(O)=O,PC3,[14*]c1ncnc2cc([16*])ccc12,-0.0052370838820934296,0.006755862385034561,-0.01199294626712799
COc1cccc(c1)-c1ccc(cc1)[C@@H](Oc1cc(nc(N)n1)-c1ccc(C[C@H](N)C(O)=O)cc1)C(F)(F)F,PC3,[8*]C[C@H](N)C(=O)O,0.003822963684797287,0.007658012211322784,-0.0038350485265254974
COc1cccc(c1)-c1ccc(cc1)[C@@H](Oc1cc(nc(N)n1)-c1ccc(C[C@H](N)C(O)=O)cc1)C(F)(F)F,PC3,[3*]O[3*],0.003822963684797287,0.013406697660684586,-0.009583733975887299
COc1cccc(c1)-c1ccc(cc1)[C@@H](Oc1cc(nc(N)n1)-c1ccc(C[C@H](N)C(O)=O)cc1)C(F)(F)F,PC3,[14*]c1cc([14*])nc(N)n1,0.003822963684797287,0.014758002012968063,-0.010935038328170776
COc1cccc(c1)-c1ccc(cc1)[C@@H](Oc1cc(nc(N)n1)-c1ccc(C[C@H](N)C(O)=O)cc1)C(F)(F)F,PC3,[16*]c1ccc([16*])cc1,0.003822963684797287,0.007952246814966202,-0.004129283130168915
COc1cccc(c1)-c1ccc(cc1)[C@@H](Oc1cc(nc(N)n1)-c1ccc(C[C@H](N)C(O)=O)cc1)C(F)(F)F,PC3,[3*]OC,0.003822963684797287,0.008182641118764877,-0.00435967743396759
COc1cccc(c1)-c1ccc(cc1)[C@@H](Oc1cc(nc(N)n1)-c1ccc(C[C@H](N)C(O)=O)cc1)C(F)(F)F,PC3,[16*]c1cccc([16*])c1,0.003822963684797287,0.007815804332494736,-0.003992840647697449
COc1cccc(c1)-c1ccc(cc1)[C@@H](Oc1cc(nc(N)n1)-c1ccc(C[C@H](N)C(O)=O)cc1)C(F)(F)F,PC3,[4*][C@H]([8*])C(F)(F)F,0.003822963684797287,0.006108559668064117,-0.0022855959832668304
Cn1nnc2c(ncn2c1=O)C(N)=O,PC3,[6*]C(N)=O,0.0031935907900333405,-0.01593993976712227,0.01913353055715561
Cn1nnc2c(ncn2c1=O)C(N)=O,PC3,[14*]c1ncn2c(=O)n(C)nnc12,0.0031935907900333405,0.019374463707208633,-0.016180872917175293
Cc1ccc(cc1)S(=O)(=O)NC(=O)NN1CCCCCC1,PC3,[12*]S(=O)(=O)c1ccc(C)cc1,-0.0026123635470867157,-0.003321584314107895,0.0007092207670211792
Cc1ccc(cc1)S(=O)(=O)NC(=O)NN1CCCCCC1,PC3,[1*]C(=O)NN1CCCCCC1,-0.0026123635470867157,-0.009886439889669418,0.007274076342582703
Cc1ccc(cc1)S(=O)(=O)NC(=O)NN1CCCCCC1,PC3,[5*]N[5*],-0.0026123635470867157,-0.007605936378240585,0.00499357283115387
CCc1cnc(nc1)N1CCC(CC1)c1nc(COc2ccc(cc2)-n2cnnn2)cs1,PC3,[14*]c1csc([14*])n1,0.013935159891843796,0.010412376374006271,0.0035227835178375244
CCc1cnc(nc1)N1CCC(CC1)c1nc(COc2ccc(cc2)-n2cnnn2)cs1,PC3,[5*]N1CCC([15*])CC1,0.013935159891843796,0.004801739007234573,0.009133420884609222
CCc1cnc(nc1)N1CCC(CC1)c1nc(COc2ccc(cc2)-n2cnnn2)cs1,PC3,[4*]C[8*],0.013935159891843796,0.008326079696416855,0.005609080195426941
CCc1cnc(nc1)N1CCC(CC1)c1nc(COc2ccc(cc2)-n2cnnn2)cs1,PC3,[3*]O[3*],0.013935159891843796,0.01302940770983696,0.0009057521820068359
CCc1cnc(nc1)N1CCC(CC1)c1nc(COc2ccc(cc2)-n2cnnn2)cs1,PC3,[9*]n1cnnn1,0.013935159891843796,0.0060027651488780975,0.007932394742965698
CCc1cnc(nc1)N1CCC(CC1)c1nc(COc2ccc(cc2)-n2cnnn2)cs1,PC3,[16*]c1ccc([16*])cc1,0.013935159891843796,0.0046090856194496155,0.00932607427239418
CCc1cnc(nc1)N1CCC(CC1)c1nc(COc2ccc(cc2)-n2cnnn2)cs1,PC3,[14*]c1ncc([16*])cn1,0.013935159891843796,0.007068470120429993,0.006866689771413803
CCc1cnc(nc1)N1CCC(CC1)c1nc(COc2ccc(cc2)-n2cnnn2)cs1,PC3,[8*]CC,0.013935159891843796,0.0051279813051223755,0.00880717858672142
CCC1(C(=O)NCNC1=O)c1ccccc1,PC3,[16*]c1ccccc1,-0.002736058086156845,0.008292723447084427,-0.011028781533241272
CCC1(C(=O)NCNC1=O)c1ccccc1,PC3,[8*]CC,-0.002736058086156845,0.003864120692014694,-0.006600178778171539
CCC1(C(=O)NCNC1=O)c1ccccc1,PC3,[15*]C1([15*])C(=O)NCNC1=O,-0.002736058086156845,-0.006781533360481262,0.004045475274324417
COc1ccc2c(OCc3nnc4ccc(nn34)-c3ccccc3)ccnc2c1,PC3,[14*]c1ccc2nnc([14*])n2n1,-0.01353568583726883,-0.00453006848692894,-0.00900561735033989
COc1ccc2c(OCc3nnc4ccc(nn34)-c3ccccc3)ccnc2c1,PC3,[16*]c1ccccc1,-0.01353568583726883,-0.011839982122182846,-0.0016957037150859833
COc1ccc2c(OCc3nnc4ccc(nn34)-c3ccccc3)ccnc2c1,PC3,[4*]C[8*],-0.01353568583726883,-0.01175658032298088,-0.0017791055142879486
COc1ccc2c(OCc3nnc4ccc(nn34)-c3ccccc3)ccnc2c1,PC3,[16*]c1ccc2c([16*])ccnc2c1,-0.01353568583726883,-0.015423811972141266,0.0018881261348724365
COc1ccc2c(OCc3nnc4ccc(nn34)-c3ccccc3)ccnc2c1,PC3,[3*]O[3*],-0.01353568583726883,-0.010563518851995468,-0.002972166985273361
COc1ccc2c(OCc3nnc4ccc(nn34)-c3ccccc3)ccnc2c1,PC3,[3*]OC,-0.01353568583726883,-0.008834585547447205,-0.004701100289821625
CCOC(=O)[C@@]1(CCCCCCOc2ccc(Cl)cc2)CO1,PC3,[16*]c1ccc(Cl)cc1,0.00017638877034187317,0.005159683525562286,-0.004983294755220413
CCOC(=O)[C@@]1(CCCCCCOc2ccc(Cl)cc2)CO1,PC3,[13*]C1([13*])CO1,0.00017638877034187317,-0.0035228393971920013,0.0036992281675338745
CCOC(=O)[C@@]1(CCCCCCOc2ccc(Cl)cc2)CO1,PC3,[1*]C([6*])=O,0.00017638877034187317,0.003643456846475601,-0.003467068076133728
CCOC(=O)[C@@]1(CCCCCCOc2ccc(Cl)cc2)CO1,PC3,[3*]O[3*],0.00017638877034187317,0.006116464734077454,-0.0059400759637355804
CCOC(=O)[C@@]1(CCCCCCOc2ccc(Cl)cc2)CO1,PC3,[4*]CCCCCC[8*],0.00017638877034187317,0.00014415383338928223,3.223493695259094e-05
CCOC(=O)[C@@]1(CCCCCCOc2ccc(Cl)cc2)CO1,PC3,[4*]CC,0.00017638877034187317,-0.00019364431500434875,0.0003700330853462219
Fc1ccc(cc1)C(OCCN1CCN(CCCc2ccccc2)CC1)c1ccc(F)cc1,PC3,[4*]C([8*])[8*],-0.007649257779121399,-0.0021096207201480865,-0.005539637058973312
Fc1ccc(cc1)C(OCCN1CCN(CCCc2ccccc2)CC1)c1ccc(F)cc1,PC3,[16*]c1ccccc1,-0.007649257779121399,0.00793546810746193,-0.015584725886583328
Fc1ccc(cc1)C(OCCN1CCN(CCCc2ccccc2)CC1)c1ccc(F)cc1,PC3,[5*]N1CCN([5*])CC1,-0.007649257779121399,0.0030324049293994904,-0.01068166270852089
Fc1ccc(cc1)C(OCCN1CCN(CCCc2ccccc2)CC1)c1ccc(F)cc1,PC3,[4*]CCC[8*],-0.007649257779121399,0.003761105239391327,-0.011410363018512726
Fc1ccc(cc1)C(OCCN1CCN(CCCc2ccccc2)CC1)c1ccc(F)cc1,PC3,[3*]O[3*],-0.007649257779121399,0.007061295211315155,-0.014710552990436554
Fc1ccc(cc1)C(OCCN1CCN(CCCc2ccccc2)CC1)c1ccc(F)cc1,PC3,[16*]c1ccc(F)cc1,-0.007649257779121399,-0.0005746521055698395,-0.0070746056735515594
Fc1ccc(cc1)C(OCCN1CCN(CCCc2ccccc2)CC1)c1ccc(F)cc1,PC3,[4*]CC[4*],-0.007649257779121399,0.0038293860852718353,-0.011478643864393234
CCN(CC)C(=S)SSC(=S)N(CC)CC,PC3,[4*]CC,-0.014310840517282486,-0.013828668743371964,-0.00048217177391052246
CCN(CC)C(=S)SSC(=S)N(CC)CC,PC3,[5*]N([5*])C(=S)SSC(=S)N([5*])[5*],-0.014310840517282486,-0.012779179960489273,-0.0015316605567932129
Cn1cnc(c1Sc1[nH]cnc2ncnc12)[N+]([O-])=O,PC3,[11*]S[11*],-0.010183844715356827,-0.007641732692718506,-0.002542112022638321
Cn1cnc(c1Sc1[nH]cnc2ncnc12)[N+]([O-])=O,PC3,[14*]c1[nH]cnc2ncnc1-2,-0.010183844715356827,-0.008581351488828659,-0.0016024932265281677
Cn1cnc(c1Sc1[nH]cnc2ncnc12)[N+]([O-])=O,PC3,[14*]c1c([N+](=O)[O-])ncn1C,-0.010183844715356827,-0.011194851249456406,0.0010110065340995789
COc1cc(CC=C)ccc1O,PC3,[16*]c1ccc(O)c([16*])c1,0.00416380912065506,0.007930178195238113,-0.0037663690745830536
COc1cc(CC=C)ccc1O,PC3,[8*]CC=C,0.00416380912065506,-0.016998738050460815,0.021162547171115875
COc1cc(CC=C)ccc1O,PC3,[3*]OC,0.00416380912065506,-0.008824203163385391,0.012988012284040451
Nc1ccn([C@@H]2O[C@H](CO)[C@@H](O)[C@@H]2O)c(=O)n1,PC3,[8*]CO,-0.0019967593252658844,-0.001433689147233963,-0.0005630701780319214
Nc1ccn([C@@H]2O[C@H](CO)[C@@H](O)[C@@H]2O)c(=O)n1,PC3,[13*][C@@H]1O[C@H]([13*])[C@@H](O)[C@@H]1O,-0.0019967593252658844,0.0016747526824474335,-0.003671512007713318
Nc1ccn([C@@H]2O[C@H](CO)[C@@H](O)[C@@H]2O)c(=O)n1,PC3,[9*]n1ccc(N)nc1=O,-0.0019967593252658844,0.008968967944383621,-0.010965727269649506
COc1ccc(cc1C12CC3CC(CC(C3)C1)C2)-c1ccc2cc(ccc2c1)C(O)=O,PC3,[16*]c1ccc2cc([16*])ccc2c1,7.205456495285034e-05,0.0016981922090053558,-0.0016261376440525055
COc1ccc(cc1C12CC3CC(CC(C3)C1)C2)-c1ccc2cc(ccc2c1)C(O)=O,PC3,[6*]C(=O)O,7.205456495285034e-05,0.004775386303663254,-0.0047033317387104034
COc1ccc(cc1C12CC3CC(CC(C3)C1)C2)-c1ccc2cc(ccc2c1)C(O)=O,PC3,[15*]C12CC3CC(CC(C3)C1)C2,7.205456495285034e-05,-0.002553846687078476,0.0026259012520313263
COc1ccc(cc1C12CC3CC(CC(C3)C1)C2)-c1ccc2cc(ccc2c1)C(O)=O,PC3,[16*]c1ccc([16*])c([16*])c1,7.205456495285034e-05,-0.001415599137544632,0.0014876537024974823
COc1ccc(cc1C12CC3CC(CC(C3)C1)C2)-c1ccc2cc(ccc2c1)C(O)=O,PC3,[3*]OC,7.205456495285034e-05,0.00805516168475151,-0.00798310711979866
COC(=O)[C@@H](N)CCCNC(=N)N[N+]([O-])=O,PC3,[5*]NC(=N)N[N+](=O)[O-],-0.00674840435385704,-0.005449507385492325,-0.0012988969683647156
COC(=O)[C@@H](N)CCCNC(=N)N[N+]([O-])=O,PC3,[1*]C(=O)[C@@H](N)CCC[4*],-0.00674840435385704,-0.002383563667535782,-0.0043648406863212585
COC(=O)[C@@H](N)CCCNC(=N)N[N+]([O-])=O,PC3,[3*]OC,-0.00674840435385704,-0.00016057491302490234,-0.006587829440832138
COc1ccc2C[C@H]3[C@H]4CCCC[C@@]4(CCN3C)c2c1,PC3,[16*]c1ccc2c(c1)[C@]13CCCC[C@@H]1[C@H](C2)N(C)CC3,-0.012873154133558273,-0.017063308507204056,0.0041901543736457825
COc1ccc2C[C@H]3[C@H]4CCCC[C@@]4(CCN3C)c2c1,PC3,[3*]OC,-0.012873154133558273,-0.008172553032636642,-0.004700601100921631
CC(C)(C)NC(=O)[C@@H]1CN(Cc2cccnc2)CCN1C[C@@H](O)C[C@@H](Cc1ccccc1)C(=O)N[C@@H]1[C@H](O)Cc2ccccc12,PC3,[1*]C(=O)[C@H](C[8*])C[C@H](O)C[4*],-0.008942436426877975,0.02140045538544655,-0.030342891812324524
CC(C)(C)NC(=O)[C@@H]1CN(Cc2cccnc2)CCN1C[C@@H](O)C[C@@H](Cc1ccccc1)C(=O)N[C@@H]1[C@H](O)Cc2ccccc12,PC3,[4*]C(C)(C)C,-0.008942436426877975,0.015685897320508957,-0.024628333747386932
CC(C)(C)NC(=O)[C@@H]1CN(Cc2cccnc2)CCN1C[C@@H](O)C[C@@H](Cc1ccccc1)C(=O)N[C@@H]1[C@H](O)Cc2ccccc12,PC3,[5*]N1CCN([5*])[C@H]([13*])C1,-0.008942436426877975,0.014541622251272202,-0.023484058678150177
CC(C)(C)NC(=O)[C@@H]1CN(Cc2cccnc2)CCN1C[C@@H](O)C[C@@H](Cc1ccccc1)C(=O)N[C@@H]1[C@H](O)Cc2ccccc12,PC3,[16*]c1ccccc1,-0.008942436426877975,0.018579792231321335,-0.02752222865819931
CC(C)(C)NC(=O)[C@@H]1CN(Cc2cccnc2)CCN1C[C@@H](O)C[C@@H](Cc1ccccc1)C(=O)N[C@@H]1[C@H](O)Cc2ccccc12,PC3,[16*]c1cccnc1,-0.008942436426877975,0.018282663077116013,-0.027225099503993988
CC(C)(C)NC(=O)[C@@H]1CN(Cc2cccnc2)CCN1C[C@@H](O)C[C@@H](Cc1ccccc1)C(=O)N[C@@H]1[C@H](O)Cc2ccccc12,PC3,[5*]N[C@H]1c2ccccc2C[C@H]1O,-0.008942436426877975,0.020824480801820755,-0.02976691722869873
CC(C)(C)NC(=O)[C@@H]1CN(Cc2cccnc2)CCN1C[C@@H](O)C[C@@H](Cc1ccccc1)C(=O)N[C@@H]1[C@H](O)Cc2ccccc12,PC3,[4*]C[8*],-0.008942436426877975,0.01992444321513176,-0.028866879642009735
CC(C)(C)NC(=O)[C@@H]1CN(Cc2cccnc2)CCN1C[C@@H](O)C[C@@H](Cc1ccccc1)C(=O)N[C@@H]1[C@H](O)Cc2ccccc12,PC3,[1*]C([6*])=O,-0.008942436426877975,0.01812100037932396,-0.027063436806201935
CC(C)(C)NC(=O)[C@@H]1CN(Cc2cccnc2)CCN1C[C@@H](O)C[C@@H](Cc1ccccc1)C(=O)N[C@@H]1[C@H](O)Cc2ccccc12,PC3,[5*]N[5*],-0.008942436426877975,0.018460117280483246,-0.02740255370736122
CCCCN1C[C@H](O)[C@@H](O)[C@H](O)[C@H]1CO,PC3,[8*]CO,0.0019343085587024689,0.008652448654174805,-0.006718140095472336
CCCCN1C[C@H](O)[C@@H](O)[C@H](O)[C@H]1CO,PC3,[4*]CCCC,0.0019343085587024689,0.010200735181570053,-0.008266426622867584
CCCCN1C[C@H](O)[C@@H](O)[C@H](O)[C@H]1CO,PC3,[5*]N1C[C@H](O)[C@@H](O)[C@H](O)[C@H]1[13*],0.0019343085587024689,0.005301076918840408,-0.0033667683601379395
C[C@@H]1CN(CC[C@]1(C(O)=O)c1ccccc1)[C@H]1CC[C@](CC1)(C#N)c1ccc(F)cc1,PC3,[16*]c1ccccc1,-0.0032932981848716736,0.01329110562801361,-0.016584403812885284
C[C@@H]1CN(CC[C@]1(C(O)=O)c1ccccc1)[C@H]1CC[C@](CC1)(C#N)c1ccc(F)cc1,PC3,[15*][C@H]1CC[C@@]([15*])(C#N)CC1,-0.0032932981848716736,0.0010142810642719269,-0.0043075792491436005
C[C@@H]1CN(CC[C@]1(C(O)=O)c1ccccc1)[C@H]1CC[C@](CC1)(C#N)c1ccc(F)cc1,PC3,[6*]C(=O)O,-0.0032932981848716736,0.011526446789503098,-0.014819744974374771
C[C@@H]1CN(CC[C@]1(C(O)=O)c1ccccc1)[C@H]1CC[C@](CC1)(C#N)c1ccc(F)cc1,PC3,[5*]N1CCC([15*])([15*])[C@H](C)C1,-0.0032932981848716736,-0.0006537958979606628,-0.0026395022869110107
C[C@@H]1CN(CC[C@]1(C(O)=O)c1ccccc1)[C@H]1CC[C@](CC1)(C#N)c1ccc(F)cc1,PC3,[16*]c1ccc(F)cc1,-0.0032932981848716736,0.009988978505134583,-0.013282276690006256
CC(=O)Nc1ccc(CC(O)=O)cc1,PC3,[16*]c1ccc([16*])cc1,0.005225170403718948,0.0025649964809417725,0.002660173922777176
CC(=O)Nc1ccc(CC(O)=O)cc1,PC3,[8*]CC(=O)O,0.005225170403718948,0.0006348080933094025,0.004590362310409546
CC(=O)Nc1ccc(CC(O)=O)cc1,PC3,[5*]N[5*],0.005225170403718948,0.0019191764295101166,0.003305993974208832
CC(=O)Nc1ccc(CC(O)=O)cc1,PC3,[1*]C(C)=O,0.005225170403718948,-0.0033748410642147064,0.008600011467933655
COc1cc(ccc1Nc1ncc(c(Nc2cccc(NC(=O)C=C)c2)n1)C(F)(F)F)N1CCN(CC1)C(C)=O,PC3,[14*]c1ncc([16*])c([14*])n1,0.001816924661397934,0.012232597917318344,-0.01041567325592041
COc1cc(ccc1Nc1ncc(c(Nc2cccc(NC(=O)C=C)c2)n1)C(F)(F)F)N1CCN(CC1)C(C)=O,PC3,[1*]C(=O)C=C,0.001816924661397934,0.003596629947423935,-0.001779705286026001
COc1cc(ccc1Nc1ncc(c(Nc2cccc(NC(=O)C=C)c2)n1)C(F)(F)F)N1CCN(CC1)C(C)=O,PC3,[8*]C(F)(F)F,0.001816924661397934,0.006677147001028061,-0.004860222339630127
COc1cc(ccc1Nc1ncc(c(Nc2cccc(NC(=O)C=C)c2)n1)C(F)(F)F)N1CCN(CC1)C(C)=O,PC3,[5*]N1CCN([5*])CC1,0.001816924661397934,0.006486568599939346,-0.004669643938541412
COc1cc(ccc1Nc1ncc(c(Nc2cccc(NC(=O)C=C)c2)n1)C(F)(F)F)N1CCN(CC1)C(C)=O,PC3,[5*]N[5*],0.001816924661397934,0.006693009287118912,-0.004876084625720978
COc1cc(ccc1Nc1ncc(c(Nc2cccc(NC(=O)C=C)c2)n1)C(F)(F)F)N1CCN(CC1)C(C)=O,PC3,[1*]C(C)=O,0.001816924661397934,0.0070242732763290405,-0.005207348614931107
COc1cc(ccc1Nc1ncc(c(Nc2cccc(NC(=O)C=C)c2)n1)C(F)(F)F)N1CCN(CC1)C(C)=O,PC3,[16*]c1ccc([16*])c([16*])c1,0.001816924661397934,0.006643984466791153,-0.004827059805393219
COc1cc(ccc1Nc1ncc(c(Nc2cccc(NC(=O)C=C)c2)n1)C(F)(F)F)N1CCN(CC1)C(C)=O,PC3,[16*]c1cccc([16*])c1,0.001816924661397934,0.00893034040927887,-0.007113415747880936
COc1cc(ccc1Nc1ncc(c(Nc2cccc(NC(=O)C=C)c2)n1)C(F)(F)F)N1CCN(CC1)C(C)=O,PC3,[3*]OC,0.001816924661397934,0.013107530772686005,-0.01129060611128807
C[N@@+]1(CC2CC2)CC[C@@]23[C@H]4Oc5c2c(C[C@@H]1[C@@]3(O)CCC4=O)ccc5O,PC3,[4*]C[8*],-0.007457759231328964,-0.003872152417898178,-0.003585606813430786
C[N@@+]1(CC2CC2)CC[C@@]23[C@H]4Oc5c2c(C[C@@H]1[C@@]3(O)CCC4=O)ccc5O,PC3,[15*]C1CC1,-0.007457759231328964,-0.007380936294794083,-7.682293653488159e-05
C[N@@+]1(CC2CC2)CC[C@@]23[C@H]4Oc5c2c(C[C@@H]1[C@@]3(O)CCC4=O)ccc5O,PC3,[5*][N@+]1(C)CC[C@]23c4c5ccc(O)c4O[C@H]2C(=O)CC[C@]3(O)[C@H]1C5,-0.007457759231328964,0.0005445964634418488,-0.008002355694770813
CCCn1c(=O)n(-c2ccc(Cl)cc2)c2[nH]cnc2c1=O,PC3,[8*]CCC,-0.00252586230635643,-0.0008624270558357239,-0.0016634352505207062
CCCn1c(=O)n(-c2ccc(Cl)cc2)c2[nH]cnc2c1=O,PC3,[9*]n1c(=O)c2nc[nH]c2n([9*])c1=O,-0.00252586230635643,-0.007505293935537338,0.004979431629180908
CCCn1c(=O)n(-c2ccc(Cl)cc2)c2[nH]cnc2c1=O,PC3,[16*]c1ccc(Cl)cc1,-0.00252586230635643,0.0029580406844615936,-0.005483902990818024
CCOC(=O)c1ncc2[nH]c3ccc(OCc4ccccc4)cc3c2c1COC,PC3,[16*]c1ccccc1,-0.004013609141111374,-0.003089163452386856,-0.0009244456887245178
CCOC(=O)c1ncc2[nH]c3ccc(OCc4ccccc4)cc3c2c1COC,PC3,[14*]c1ncc2[nH]c3ccc([16*])cc3c2c1[16*],-0.004013609141111374,-0.005418870598077774,0.0014052614569664001
CCOC(=O)c1ncc2[nH]c3ccc(OCc4ccccc4)cc3c2c1COC,PC3,[4*]C[8*],-0.004013609141111374,-0.0025236941874027252,-0.0014899149537086487
CCOC(=O)c1ncc2[nH]c3ccc(OCc4ccccc4)cc3c2c1COC,PC3,[1*]C([6*])=O,-0.004013609141111374,-0.003506012260913849,-0.000507596880197525
CCOC(=O)c1ncc2[nH]c3ccc(OCc4ccccc4)cc3c2c1COC,PC3,[3*]O[3*],-0.004013609141111374,0.001956988126039505,-0.005970597267150879
CCOC(=O)c1ncc2[nH]c3ccc(OCc4ccccc4)cc3c2c1COC,PC3,[4*]CC,-0.004013609141111374,0.0007137395441532135,-0.004727348685264587
CCOC(=O)c1ncc2[nH]c3ccc(OCc4ccccc4)cc3c2c1COC,PC3,[3*]OC,-0.004013609141111374,0.0016226209700107574,-0.005636230111122131
O=C(O[C@H]1C[C@@H]2C[C@@H]3C[C@@H](C1)N2CC3=O)c1c[nH]c2ccccc12,PC3,[16*]c1c[nH]c2ccccc12,-0.004327520728111267,-0.006802421063184738,0.002474900335073471
O=C(O[C@H]1C[C@@H]2C[C@@H]3C[C@@H](C1)N2CC3=O)c1c[nH]c2ccccc12,PC3,[15*][C@H]1C[C@@H]2C[C@@H]3C[C@@H](C1)N2CC3=O,-0.004327520728111267,-0.01805344596505165,0.013725925236940384
O=C(O[C@H]1C[C@@H]2C[C@@H]3C[C@@H](C1)N2CC3=O)c1c[nH]c2ccccc12,PC3,[1*]C([6*])=O,-0.004327520728111267,-0.004618372768163681,0.00029085204005241394
O=C(O[C@H]1C[C@@H]2C[C@@H]3C[C@@H](C1)N2CC3=O)c1c[nH]c2ccccc12,PC3,[3*]O[3*],-0.004327520728111267,0.003015529364347458,-0.007343050092458725
Nc1nc(Cl)nc2n(cnc12)[C@@H]1O[C@H](CO)[C@@H](O)[C@@H]1F,PC3,[8*]CO,-0.006099563091993332,-0.003146667033433914,-0.0029528960585594177
Nc1nc(Cl)nc2n(cnc12)[C@@H]1O[C@H](CO)[C@@H](O)[C@@H]1F,PC3,[9*]n1cnc2c(N)nc(Cl)nc21,-0.006099563091993332,0.0075487904250621796,-0.013648353517055511
Nc1nc(Cl)nc2n(cnc12)[C@@H]1O[C@H](CO)[C@@H](O)[C@@H]1F,PC3,[13*][C@@H]1O[C@H]([13*])[C@@H](O)[C@@H]1F,-0.006099563091993332,-0.011423803865909576,0.0053242407739162445
CCCCNc1c(C(=O)OCC)c(C)nc2n(CC)ncc12,PC3,[9*]n1ncc2c([16*])c([16*])c(C)nc21,-0.020547743886709213,-0.003158561885356903,-0.01738918200135231
CCCCNc1c(C(=O)OCC)c(C)nc2n(CC)ncc12,PC3,[4*]CCCC,-0.020547743886709213,4.684925079345703e-05,-0.02059459313750267
CCCCNc1c(C(=O)OCC)c(C)nc2n(CC)ncc12,PC3,[8*]CC,-0.020547743886709213,-0.002365540713071823,-0.01818220317363739
CCCCNc1c(C(=O)OCC)c(C)nc2n(CC)ncc12,PC3,[1*]C([6*])=O,-0.020547743886709213,-0.0044734887778759,-0.016074255108833313
CCCCNc1c(C(=O)OCC)c(C)nc2n(CC)ncc12,PC3,[3*]O[3*],-0.020547743886709213,-0.0018432773649692535,-0.01870446652173996
CCCCNc1c(C(=O)OCC)c(C)nc2n(CC)ncc12,PC3,[5*]N[5*],-0.020547743886709213,-0.005622196942567825,-0.014925546944141388
CCCCNc1c(C(=O)OCC)c(C)nc2n(CC)ncc12,PC3,[4*]CC,-0.020547743886709213,-0.0022609643638134003,-0.018286779522895813
CN\C(NCCSCc1nc[nH]c1C)=N/C#N,PC3,[4*]C[8*],-0.0007601156830787659,0.0009978227317333221,-0.001757938414812088
CN\C(NCCSCc1nc[nH]c1C)=N/C#N,PC3,[14*]c1nc[nH]c1C,-0.0007601156830787659,0.007221534848213196,-0.007981650531291962
CN\C(NCCSCc1nc[nH]c1C)=N/C#N,PC3,[5*]N/C(=N/C#N)NC,-0.0007601156830787659,0.0027136243879795074,-0.0034737400710582733
CN\C(NCCSCc1nc[nH]c1C)=N/C#N,PC3,[4*]CC[4*],-0.0007601156830787659,0.004290316253900528,-0.005050431936979294
CN\C(NCCSCc1nc[nH]c1C)=N/C#N,PC3,[11*]S[11*],-0.0007601156830787659,0.0024523958563804626,-0.0032125115394592285
CC(=O)Nc1nc2c(Oc3cc(ncn3)-c3ccc(cc3)C(F)(F)F)cccc2s1,PC3,[14*]c1cc([14*])ncn1,-0.006006080657243729,-0.0010391101241111755,-0.004966970533132553
CC(=O)Nc1nc2c(Oc3cc(ncn3)-c3ccc(cc3)C(F)(F)F)cccc2s1,PC3,[8*]C(F)(F)F,-0.006006080657243729,0.0049081407487392426,-0.010914221405982971
CC(=O)Nc1nc2c(Oc3cc(ncn3)-c3ccc(cc3)C(F)(F)F)cccc2s1,PC3,[14*]c1nc2c([16*])cccc2s1,-0.006006080657243729,-0.002933260053396225,-0.0030728206038475037
CC(=O)Nc1nc2c(Oc3cc(ncn3)-c3ccc(cc3)C(F)(F)F)cccc2s1,PC3,[3*]O[3*],-0.006006080657243729,0.00531507283449173,-0.011321153491735458
CC(=O)Nc1nc2c(Oc3cc(ncn3)-c3ccc(cc3)C(F)(F)F)cccc2s1,PC3,[5*]N[5*],-0.006006080657243729,0.0020826682448387146,-0.008088748902082443
CC(=O)Nc1nc2c(Oc3cc(ncn3)-c3ccc(cc3)C(F)(F)F)cccc2s1,PC3,[16*]c1ccc([16*])cc1,-0.006006080657243729,-0.001234356313943863,-0.004771724343299866
CC(=O)Nc1nc2c(Oc3cc(ncn3)-c3ccc(cc3)C(F)(F)F)cccc2s1,PC3,[1*]C(C)=O,-0.006006080657243729,0.002051275223493576,-0.008057355880737305
OC(=O)[C@@H]1C[C@H]2C[C@@H](CCc3nn[nH]n3)CC[C@H]2CN1,PC3,[14*]c1nn[nH]n1,-0.003091040998697281,0.007689688354730606,-0.010780729353427887
OC(=O)[C@@H]1C[C@H]2C[C@@H](CCc3nn[nH]n3)CC[C@H]2CN1,PC3,[8*]CC[8*],-0.003091040998697281,0.0004026181995868683,-0.003493659198284149
OC(=O)[C@@H]1C[C@H]2C[C@@H](CCc3nn[nH]n3)CC[C@H]2CN1,PC3,[6*]C(=O)O,-0.003091040998697281,0.003548998385667801,-0.006640039384365082
OC(=O)[C@@H]1C[C@H]2C[C@@H](CCc3nn[nH]n3)CC[C@H]2CN1,PC3,[13*][C@@H]1C[C@H]2C[C@@H]([15*])CC[C@H]2CN1,-0.003091040998697281,-0.0030659548938274384,-2.508610486984253e-05
Oc1ccc(cc1)[C@@H]1CC(=O)c2ccc(O)cc2O1,PC3,[16*]c1ccc(O)cc1,-0.005095180124044418,0.006062615662813187,-0.011157795786857605
Oc1ccc(cc1)[C@@H]1CC(=O)c2ccc(O)cc2O1,PC3,[13*][C@@H]1CC(=O)c2ccc(O)cc2O1,-0.005095180124044418,-0.004742540419101715,-0.00035263970494270325
CN1CC[C@H](C[C@@H]1c1nc2ccccc2[nH]1)NC(=O)Nc1ccc(cc1)C#N,PC3,[14*]c1nc2ccccc2[nH]1,-0.0019152648746967316,0.009677145630121231,-0.011592410504817963
CN1CC[C@H](C[C@@H]1c1nc2ccccc2[nH]1)NC(=O)Nc1ccc(cc1)C#N,PC3,[16*]c1ccc(C#N)cc1,-0.0019152648746967316,0.003690667450428009,-0.005605932325124741
CN1CC[C@H](C[C@@H]1c1nc2ccccc2[nH]1)NC(=O)Nc1ccc(cc1)C#N,PC3,[13*][C@H]1C[C@H]([15*])CCN1C,-0.0019152648746967316,-0.010036211460828781,0.00812094658613205
CN1CC[C@H](C[C@@H]1c1nc2ccccc2[nH]1)NC(=O)Nc1ccc(cc1)C#N,PC3,[5*]N[5*],-0.0019152648746967316,0.008857101202011108,-0.01077236607670784
CN1CC[C@H](C[C@@H]1c1nc2ccccc2[nH]1)NC(=O)Nc1ccc(cc1)C#N,PC3,[1*]C([1*])=O,-0.0019152648746967316,0.007372688502073288,-0.00928795337677002
CC(C)(C)NC[C@H](O)c1ccc(O)c(CO)c1,PC3,[4*]C[C@@H]([8*])O,-0.014740467071533203,-0.0020419172942638397,-0.012698549777269363
CC(C)(C)NC[C@H](O)c1ccc(O)c(CO)c1,PC3,[4*]C(C)(C)C,-0.014740467071533203,-0.0035956166684627533,-0.01114485040307045
CC(C)(C)NC[C@H](O)c1ccc(O)c(CO)c1,PC3,[8*]CO,-0.014740467071533203,-0.003907930105924606,-0.010832536965608597
CC(C)(C)NC[C@H](O)c1ccc(O)c(CO)c1,PC3,[16*]c1ccc(O)c([16*])c1,-0.014740467071533203,-0.004624459892511368,-0.010116007179021835
CC(C)(C)NC[C@H](O)c1ccc(O)c(CO)c1,PC3,[5*]N[5*],-0.014740467071533203,-0.0011054947972297668,-0.013634972274303436
CN(C)c1ccc(Cn2cnc3CN([C@@H](Cc23)C(O)=O)C(=O)C(c2ccccc2)c2ccccc2)cc1C,PC3,[16*]c1ccc([16*])c(C)c1,-0.0025862939655780792,0.011887732893228531,-0.01447402685880661
CN(C)c1ccc(Cn2cnc3CN([C@@H](Cc23)C(O)=O)C(=O)C(c2ccccc2)c2ccccc2)cc1C,PC3,[16*]c1ccccc1,-0.0025862939655780792,0.009957436472177505,-0.012543730437755585
CN(C)c1ccc(Cn2cnc3CN([C@@H](Cc23)C(O)=O)C(=O)C(c2ccccc2)c2ccccc2)cc1C,PC3,[6*]C(=O)O,-0.0025862939655780792,0.009599130600690842,-0.012185424566268921
CN(C)c1ccc(Cn2cnc3CN([C@@H](Cc23)C(O)=O)C(=O)C(c2ccccc2)c2ccccc2)cc1C,PC3,[5*]N1Cc2ncn([9*])c2C[C@H]1[13*],-0.0025862939655780792,0.008807722479104996,-0.011394016444683075
CN(C)c1ccc(Cn2cnc3CN([C@@H](Cc23)C(O)=O)C(=O)C(c2ccccc2)c2ccccc2)cc1C,PC3,[5*]N(C)C,-0.0025862939655780792,0.008660521358251572,-0.011246815323829651
CN(C)c1ccc(Cn2cnc3CN([C@@H](Cc23)C(O)=O)C(=O)C(c2ccccc2)c2ccccc2)cc1C,PC3,[8*]C[8*],-0.0025862939655780792,0.006833139806985855,-0.009419433772563934
CN(C)c1ccc(Cn2cnc3CN([C@@H](Cc23)C(O)=O)C(=O)C(c2ccccc2)c2ccccc2)cc1C,PC3,[1*]C(=O)C([8*])[8*],-0.0025862939655780792,0.006293494254350662,-0.008879788219928741
CCC1=C(C)CN(C(=O)NCCc2ccc(cc2)S(=O)(=O)NC(=O)N[C@H]2CC[C@H](C)CC2)C1=O,PC3,[10*]N1CC(C)=C(CC)C1=O,-0.012000735849142075,0.013822074979543686,-0.02582281082868576
CCC1=C(C)CN(C(=O)NCCc2ccc(cc2)S(=O)(=O)NC(=O)N[C@H]2CC[C@H](C)CC2)C1=O,PC3,[15*][C@H]1CC[C@H](C)CC1,-0.012000735849142075,0.017629917711019516,-0.02963065356016159
CCC1=C(C)CN(C(=O)NCCc2ccc(cc2)S(=O)(=O)NC(=O)N[C@H]2CC[C@H](C)CC2)C1=O,PC3,[12*]S(=O)(=O)c1ccc([16*])cc1,-0.012000735849142075,0.01886327937245369,-0.030864015221595764
CCC1=C(C)CN(C(=O)NCCc2ccc(cc2)S(=O)(=O)NC(=O)N[C@H]2CC[C@H](C)CC2)C1=O,PC3,[4*]CC[8*],-0.012000735849142075,0.01477842777967453,-0.026779163628816605
CCC1=C(C)CN(C(=O)NCCc2ccc(cc2)S(=O)(=O)NC(=O)N[C@H]2CC[C@H](C)CC2)C1=O,PC3,[5*]N[5*],-0.012000735849142075,0.015933509916067123,-0.027934245765209198
CCC1=C(C)CN(C(=O)NCCc2ccc(cc2)S(=O)(=O)NC(=O)N[C@H]2CC[C@H](C)CC2)C1=O,PC3,[1*]C([1*])=O,-0.012000735849142075,0.013381082564592361,-0.025381818413734436
Fc1ccc(cc1)-c1cncc(CN2CCN(CC2)c2cccc3OCCOc23)c1,PC3,[16*]c1cncc([16*])c1,-0.010153476148843765,0.005500137805938721,-0.015653613954782486
Fc1ccc(cc1)-c1cncc(CN2CCN(CC2)c2cccc3OCCOc23)c1,PC3,[4*]C[8*],-0.010153476148843765,0.00041697174310684204,-0.010570447891950607
Fc1ccc(cc1)-c1cncc(CN2CCN(CC2)c2cccc3OCCOc23)c1,PC3,[5*]N1CCN([5*])CC1,-0.010153476148843765,-0.005843643099069595,-0.00430983304977417
Fc1ccc(cc1)-c1cncc(CN2CCN(CC2)c2cccc3OCCOc23)c1,PC3,[16*]c1cccc2c1OCCO2,-0.010153476148843765,-0.007779058068990707,-0.002374418079853058
Fc1ccc(cc1)-c1cncc(CN2CCN(CC2)c2cccc3OCCOc23)c1,PC3,[16*]c1ccc(F)cc1,-0.010153476148843765,-0.0051227957010269165,-0.005030680447816849
Cn1cnc2n(C)c(=O)[nH]c(=O)c12,PC3,Cn1cnc2c1c(=O)[nH]c(=O)n2C,0.0034646764397621155,-0.03135446086525917,0.034819137305021286
CCCn1c2nc[nH]c2c(=O)[nH]c1=O,PC3,[8*]CCC,0.008665742352604866,-0.012228813022375107,0.020894555374979973
CCCn1c2nc[nH]c2c(=O)[nH]c1=O,PC3,[9*]n1c(=O)[nH]c(=O)c2[nH]cnc21,0.008665742352604866,-0.00017941370606422424,0.00884515605866909
C[C@H](NC(=O)C(C)(C)Oc1ccc(cn1)C(F)(F)F)[C@@H](Cc1ccc(Cl)cc1)c1cccc(c1)C#N,PC3,[16*]c1cccc(C#N)c1,-0.006854560226202011,0.009926963597536087,-0.016781523823738098
C[C@H](NC(=O)C(C)(C)Oc1ccc(cn1)C(F)(F)F)[C@@H](Cc1ccc(Cl)cc1)c1cccc(c1)C#N,PC3,[8*]C(F)(F)F,-0.006854560226202011,0.0049683041870594025,-0.011822864413261414
C[C@H](NC(=O)C(C)(C)Oc1ccc(cn1)C(F)(F)F)[C@@H](Cc1ccc(Cl)cc1)c1cccc(c1)C#N,PC3,[16*]c1ccc(Cl)cc1,-0.006854560226202011,0.0039650313556194305,-0.010819591581821442
C[C@H](NC(=O)C(C)(C)Oc1ccc(cn1)C(F)(F)F)[C@@H](Cc1ccc(Cl)cc1)c1cccc(c1)C#N,PC3,[4*][C@@H](C)[C@H]([8*])C[8*],-0.006854560226202011,-0.00024878978729248047,-0.006605770438909531
C[C@H](NC(=O)C(C)(C)Oc1ccc(cn1)C(F)(F)F)[C@@H](Cc1ccc(Cl)cc1)c1cccc(c1)C#N,PC3,[1*]C(=O)C([4*])(C)C,-0.006854560226202011,0.008336599916219711,-0.015191160142421722
C[C@H](NC(=O)C(C)(C)Oc1ccc(cn1)C(F)(F)F)[C@@H](Cc1ccc(Cl)cc1)c1cccc(c1)C#N,PC3,[3*]O[3*],-0.006854560226202011,0.01198456808924675,-0.01883912831544876
C[C@H](NC(=O)C(C)(C)Oc1ccc(cn1)C(F)(F)F)[C@@H](Cc1ccc(Cl)cc1)c1cccc(c1)C#N,PC3,[14*]c1ccc([16*])cn1,-0.006854560226202011,0.009393125772476196,-0.016247685998678207
C[C@H](NC(=O)C(C)(C)Oc1ccc(cn1)C(F)(F)F)[C@@H](Cc1ccc(Cl)cc1)c1cccc(c1)C#N,PC3,[5*]N[5*],-0.006854560226202011,0.008829530328512192,-0.015684090554714203
CC[C@]12CC[C@H]3[C@@H](CCC4=CC(=O)CC[C@H]34)[C@@H]1CC[C@@]2(O)C#C,PC3,[8*]CC,-0.008904419839382172,-0.009713646024465561,0.0008092261850833893
CC[C@]12CC[C@H]3[C@@H](CCC4=CC(=O)CC[C@H]34)[C@@H]1CC[C@@]2(O)C#C,PC3,[15*][C@]12CC[C@H]3[C@@H](CCC4=CC(=O)CC[C@@H]43)[C@@H]1CC[C@@]2(O)C#C,-0.008904419839382172,0.004675563424825668,-0.01357998326420784
CC(C)C(=O)OCC(=O)[C@@]12O[C@@H](O[C@@H]1C[C@H]1[C@@H]3CCC4=CC(=O)C=C[C@]4(C)[C@H]3[C@@H](O)C[C@]21C)C1CCCCC1,PC3,[15*]C1CCCCC1,-0.000558316707611084,0.009703490883111954,-0.010261807590723038
CC(C)C(=O)OCC(=O)[C@@]12O[C@@H](O[C@@H]1C[C@H]1[C@@H]3CCC4=CC(=O)C=C[C@]4(C)[C@H]3[C@@H](O)C[C@]21C)C1CCCCC1,PC3,[13*][C@@H]1O[C@@H]2C[C@H]3[C@@H]4CCC5=CC(=O)C=C[C@]5(C)[C@H]4[C@@H](O)C[C@]3(C)[C@]2([15*])O1,-0.000558316707611084,0.012075219303369522,-0.012633536010980606
CC(C)C(=O)OCC(=O)[C@@]12O[C@@H](O[C@@H]1C[C@H]1[C@@H]3CCC4=CC(=O)C=C[C@]4(C)[C@H]3[C@@H](O)C[C@]21C)C1CCCCC1,PC3,[4*]CC([6*])=O,-0.000558316707611084,0.01282070204615593,-0.013379018753767014
CC(C)C(=O)OCC(=O)[C@@]12O[C@@H](O[C@@H]1C[C@H]1[C@@H]3CCC4=CC(=O)C=C[C@]4(C)[C@H]3[C@@H](O)C[C@]21C)C1CCCCC1,PC3,[3*]O[3*],-0.000558316707611084,0.014686185866594315,-0.015244502574205399
CC(C)C(=O)OCC(=O)[C@@]12O[C@@H](O[C@@H]1C[C@H]1[C@@H]3CCC4=CC(=O)C=C[C@]4(C)[C@H]3[C@@H](O)C[C@]21C)C1CCCCC1,PC3,[13*][C@@H]1O[C@@H]2C[C@H]3[C@@H]4CCC5=CC(=O)C=C[C@]5(C)[C@H]4[C@@H](O)C[C@]3(C)[C@]2([13*])O1,-0.000558316707611084,0.0141013003885746,-0.014659617096185684
CC(C)C(=O)OCC(=O)[C@@]12O[C@@H](O[C@@H]1C[C@H]1[C@@H]3CCC4=CC(=O)C=C[C@]4(C)[C@H]3[C@@H](O)C[C@]21C)C1CCCCC1,PC3,[1*]C(=O)C(C)C,-0.000558316707611084,0.015174556523561478,-0.01573287323117256
CN(C)\N=N\c1[nH]cnc1C(N)=O,PC3,[6*]C(N)=O,-0.004377447068691254,-0.0040561743080616,-0.00032127276062965393
CN(C)\N=N\c1[nH]cnc1C(N)=O,PC3,[14*]c1nc[nH]c1/N=N/N(C)C,-0.004377447068691254,0.019374463707208633,-0.023751910775899887
COC(=O)[C@H]1[C@@H](O)CC[C@H]2CN3CCc4c([nH]c5ccccc45)[C@@H]3C[C@H]12,PC3,[1*]C([6*])=O,-0.009466096758842468,-0.009329531341791153,-0.0001365654170513153
COC(=O)[C@H]1[C@@H](O)CC[C@H]2CN3CCc4c([nH]c5ccccc45)[C@@H]3C[C@H]12,PC3,[15*][C@@H]1[C@H]2C[C@H]3c4[nH]c5ccccc5c4CCN3C[C@@H]2CC[C@@H]1O,-0.009466096758842468,-0.004623197019100189,-0.004842899739742279
COC(=O)[C@H]1[C@@H](O)CC[C@H]2CN3CCc4c([nH]c5ccccc45)[C@@H]3C[C@H]12,PC3,[3*]OC,-0.009466096758842468,-0.004750791937112808,-0.00471530482172966
NCC(=O)N1C[C@@H](C[C@H]1C(O)=O)NC(=O)c1ccccc1,PC3,[5*]N1C[C@H]([15*])C[C@H]1[13*],0.0025413967669010162,-0.003278009593486786,0.005819406360387802
NCC(=O)N1C[C@@H](C[C@H]1C(O)=O)NC(=O)c1ccccc1,PC3,[1*]C(=O)CN,0.0025413967669010162,0.01502920314669609,-0.012487806379795074
NCC(=O)N1C[C@@H](C[C@H]1C(O)=O)NC(=O)c1ccccc1,PC3,[16*]c1ccccc1,0.0025413967669010162,0.015004299581050873,-0.012462902814149857
NCC(=O)N1C[C@@H](C[C@H]1C(O)=O)NC(=O)c1ccccc1,PC3,[6*]C(=O)O,0.0025413967669010162,0.016726620495319366,-0.01418522372841835
NCC(=O)N1C[C@@H](C[C@H]1C(O)=O)NC(=O)c1ccccc1,PC3,[1*]C([6*])=O,0.0025413967669010162,0.014781903475522995,-0.012240506708621979
NCC(=O)N1C[C@@H](C[C@H]1C(O)=O)NC(=O)c1ccccc1,PC3,[5*]N[5*],0.0025413967669010162,0.014902312308549881,-0.012360915541648865
OC(=O)Cn1c(cc2ccccc12)C(=O)Nc1nc(cs1)-c1ccccc1Cl,PC3,[14*]c1csc([14*])n1,-0.0015198662877082825,-0.005429308861494064,0.003909442573785782
OC(=O)Cn1c(cc2ccccc12)C(=O)Nc1nc(cs1)-c1ccccc1Cl,PC3,[9*]n1c([14*])cc2ccccc21,-0.0015198662877082825,-0.006481532007455826,0.004961665719747543
OC(=O)Cn1c(cc2ccccc12)C(=O)Nc1nc(cs1)-c1ccccc1Cl,PC3,[16*]c1ccccc1Cl,-0.0015198662877082825,0.00010335445404052734,-0.0016232207417488098
OC(=O)Cn1c(cc2ccccc12)C(=O)Nc1nc(cs1)-c1ccccc1Cl,PC3,[8*]CC(=O)O,-0.0015198662877082825,-0.0018485672771930695,0.000328700989484787
OC(=O)Cn1c(cc2ccccc12)C(=O)Nc1nc(cs1)-c1ccccc1Cl,PC3,[1*]C([6*])=O,-0.0015198662877082825,-0.0030441805720329285,0.001524314284324646
OC(=O)Cn1c(cc2ccccc12)C(=O)Nc1nc(cs1)-c1ccccc1Cl,PC3,[5*]N[5*],-0.0015198662877082825,0.003742579370737076,-0.005262445658445358
Oc1cc(=O)[nH]cc1Cl,PC3,O=c1cc(O)c(Cl)c[nH]1,-0.01175212487578392,-0.03135446086525917,0.01960233598947525
COc1cc2CCN3Cc4c(C[C@H]3c2cc1OC)ccc(OC)c4OC,PC3,[16*]c1cc2c(cc1[16*])[C@@H]1Cc3ccc([16*])c([16*])c3CN1CC2,-0.013752911239862442,-0.017063308507204056,0.0033103972673416138
COc1cc2CCN3Cc4c(C[C@H]3c2cc1OC)ccc(OC)c4OC,PC3,[3*]OC,-0.013752911239862442,-0.002300214022397995,-0.011452697217464447
COc1cccc(n1)N(C)C(=S)Oc1ccc2CCCCc2c1,PC3,[16*]c1ccc2c(c1)CCCC2,-0.0025155656039714813,-0.022190846502780914,0.019675280898809433
COc1cccc(n1)N(C)C(=S)Oc1ccc2CCCCc2c1,PC3,[14*]c1cccc([14*])n1,-0.0025155656039714813,-0.012525040656328201,0.01000947505235672
COc1cccc(n1)N(C)C(=S)Oc1ccc2CCCCc2c1,PC3,[3*]OC(=S)N([5*])C,-0.0025155656039714813,-0.008283469825983047,0.005767904222011566
COc1cccc(n1)N(C)C(=S)Oc1ccc2CCCCc2c1,PC3,[3*]OC,-0.0025155656039714813,-0.009729400277137756,0.007213834673166275
Oc1ccc(Cl)cc1C(=O)Nc1ccc(cc1Cl)[N+]([O-])=O,PC3,[16*]c1ccc([N+](=O)[O-])cc1Cl,0.006599884480237961,-0.0024135522544384003,0.009013436734676361
Oc1ccc(Cl)cc1C(=O)Nc1ccc(cc1Cl)[N+]([O-])=O,PC3,[1*]C([6*])=O,0.006599884480237961,-0.005929823964834213,0.012529708445072174
Oc1ccc(Cl)cc1C(=O)Nc1ccc(cc1Cl)[N+]([O-])=O,PC3,[16*]c1cc(Cl)ccc1O,0.006599884480237961,-0.007383890450000763,0.013983774930238724
Oc1ccc(Cl)cc1C(=O)Nc1ccc(cc1Cl)[N+]([O-])=O,PC3,[5*]N[5*],0.006599884480237961,-0.0031582601368427277,0.009758144617080688
CN(C)C(=N)NCCC[C@H](N)C(O)=O,PC3,[4*]CCC[C@H](N)C(=O)O,-0.002731531858444214,0.008087661117315292,-0.010819192975759506
CN(C)C(=N)NCCC[C@H](N)C(O)=O,PC3,[5*]NC(=N)N(C)C,-0.002731531858444214,0.00338141992688179,-0.006112951785326004
OC[C@H]1O[C@@H](Oc2cc3ccc(=O)oc3cc2O)[C@@H](O)[C@@H](O)[C@@H]1O,PC3,[8*]CO,-0.005629915744066238,0.00889706239104271,-0.014526978135108948
OC[C@H]1O[C@@H](Oc2cc3ccc(=O)oc3cc2O)[C@@H](O)[C@@H](O)[C@@H]1O,PC3,[3*]O[3*],-0.005629915744066238,0.010148972272872925,-0.015778888016939163
OC[C@H]1O[C@@H](Oc2cc3ccc(=O)oc3cc2O)[C@@H](O)[C@@H](O)[C@@H]1O,PC3,[13*][C@@H]1O[C@H]([13*])[C@@H](O)[C@H](O)[C@@H]1O,-0.005629915744066238,-0.010085847228765488,0.004455931484699249
OC[C@H]1O[C@@H](Oc2cc3ccc(=O)oc3cc2O)[C@@H](O)[C@@H](O)[C@@H]1O,PC3,[16*]c1cc2ccc(=O)oc2cc1O,-0.005629915744066238,0.00399542972445488,-0.009625345468521118
C[C@H]1CCN(C[C@@H]1N(C)c1ncnc2[nH]ccc12)C(=O)CC#N,PC3,[5*]N1CC[C@H](C)[C@@H]([15*])C1,-0.011276297271251678,-0.0039855316281318665,-0.007290765643119812
C[C@H]1CCN(C[C@@H]1N(C)c1ncnc2[nH]ccc12)C(=O)CC#N,PC3,[5*]N([5*])C,-0.011276297271251678,0.0070060379803180695,-0.018282335251569748
C[C@H]1CCN(C[C@@H]1N(C)c1ncnc2[nH]ccc12)C(=O)CC#N,PC3,[14*]c1ncnc2[nH]ccc12,-0.011276297271251678,0.0035046078264713287,-0.014780905097723007
C[C@H]1CCN(C[C@@H]1N(C)c1ncnc2[nH]ccc12)C(=O)CC#N,PC3,[1*]C(=O)CC#N,-0.011276297271251678,0.0016063302755355835,-0.012882627546787262
OS(=O)(=O)c1ccc(NC(=O)c2cc(NC(=O)Nc3cc(cc(c3)C(=O)Nc3ccc(c(c3)S(O)(=O)=O)S(O)(=O)=O)C(=O)Nc3ccc(c(c3)S(O)(=O)=O)S(O)(=O)=O)cc(c2)C(=O)Nc2ccc(c(c2)S(O)(=O)=O)S(O)(=O)=O)cc1S(O)(=O)=O,PC3,[16*]c1cc([16*])cc([16*])c1,0.00060277059674263,-0.008281830698251724,0.008884601294994354
OS(=O)(=O)c1ccc(NC(=O)c2cc(NC(=O)Nc3cc(cc(c3)C(=O)Nc3ccc(c(c3)S(O)(=O)=O)S(O)(=O)=O)C(=O)Nc3ccc(c(c3)S(O)(=O)=O)S(O)(=O)=O)cc(c2)C(=O)Nc2ccc(c(c2)S(O)(=O)=O)S(O)(=O)=O)cc1S(O)(=O)=O,PC3,[1*]C([6*])=O,0.00060277059674263,0.0016412921249866486,-0.0010385215282440186
OS(=O)(=O)c1ccc(NC(=O)c2cc(NC(=O)Nc3cc(cc(c3)C(=O)Nc3ccc(c(c3)S(O)(=O)=O)S(O)(=O)=O)C(=O)Nc3ccc(c(c3)S(O)(=O)=O)S(O)(=O)=O)cc(c2)C(=O)Nc2ccc(c(c2)S(O)(=O)=O)S(O)(=O)=O)cc1S(O)(=O)=O,PC3,[16*]c1ccc(S(=O)(=O)O)c(S(=O)(=O)O)c1,0.00060277059674263,0.005253445357084274,-0.004650674760341644
OS(=O)(=O)c1ccc(NC(=O)c2cc(NC(=O)Nc3cc(cc(c3)C(=O)Nc3ccc(c(c3)S(O)(=O)=O)S(O)(=O)=O)C(=O)Nc3ccc(c(c3)S(O)(=O)=O)S(O)(=O)=O)cc(c2)C(=O)Nc2ccc(c(c2)S(O)(=O)=O)S(O)(=O)=O)cc1S(O)(=O)=O,PC3,[5*]N[5*],0.00060277059674263,0.0028656162321567535,-0.0022628456354141235
OS(=O)(=O)c1ccc(NC(=O)c2cc(NC(=O)Nc3cc(cc(c3)C(=O)Nc3ccc(c(c3)S(O)(=O)=O)S(O)(=O)=O)C(=O)Nc3ccc(c(c3)S(O)(=O)=O)S(O)(=O)=O)cc(c2)C(=O)Nc2ccc(c(c2)S(O)(=O)=O)S(O)(=O)=O)cc1S(O)(=O)=O,PC3,[1*]C([1*])=O,0.00060277059674263,-0.0029109008610248566,0.0035136714577674866
C[C@H]1CCO[C@H]2Cn3cc(C(=O)NCc4ccc(F)cc4F)c(=O)c(O)c3C(=O)N12,PC3,[4*]C[8*],-0.009881168603897095,0.007227327674627304,-0.0171084962785244
C[C@H]1CCO[C@H]2Cn3cc(C(=O)NCc4ccc(F)cc4F)c(=O)c(O)c3C(=O)N12,PC3,[1*]C([6*])=O,-0.009881168603897095,0.013081107288599014,-0.02296227589249611
C[C@H]1CCO[C@H]2Cn3cc(C(=O)NCc4ccc(F)cc4F)c(=O)c(O)c3C(=O)N12,PC3,[5*]N[5*],-0.009881168603897095,0.010936085134744644,-0.02081725373864174
C[C@H]1CCO[C@H]2Cn3cc(C(=O)NCc4ccc(F)cc4F)c(=O)c(O)c3C(=O)N12,PC3,[16*]c1cn2c(c(O)c1=O)C(=O)N1[C@H](C2)OCC[C@@H]1C,-0.009881168603897095,0.0018107853829860687,-0.011691953986883163
C[C@H]1CCO[C@H]2Cn3cc(C(=O)NCc4ccc(F)cc4F)c(=O)c(O)c3C(=O)N12,PC3,[16*]c1ccc(F)cc1F,-0.009881168603897095,0.009831756353378296,-0.01971292495727539
CC(C)(OCc1nn(Cc2ccccc2)c2ccccc12)C(O)=O,PC3,[16*]c1ccccc1,-0.0070592425763607025,-0.0049911923706531525,-0.00206805020570755
CC(C)(OCc1nn(Cc2ccccc2)c2ccccc12)C(O)=O,PC3,[4*]C(C)(C)C(=O)O,-0.0070592425763607025,-0.002089317888021469,-0.004969924688339233
CC(C)(OCc1nn(Cc2ccccc2)c2ccccc12)C(O)=O,PC3,[4*]C[8*],-0.0070592425763607025,-0.009813010692596436,0.002753768116235733
CC(C)(OCc1nn(Cc2ccccc2)c2ccccc12)C(O)=O,PC3,[9*]n1nc([14*])c2ccccc21,-0.0070592425763607025,-0.01027606800198555,0.0032168254256248474
CC(C)(OCc1nn(Cc2ccccc2)c2ccccc12)C(O)=O,PC3,[3*]O[3*],-0.0070592425763607025,-0.0029027797281742096,-0.004156462848186493
CC(C)(OCc1nn(Cc2ccccc2)c2ccccc12)C(O)=O,PC3,[8*]C[8*],-0.0070592425763607025,-0.011448446661233902,0.0043892040848731995
CC1(C)CCC(C)(C)c2cc(NC(=O)c3ccc(cc3)C(O)=O)ccc12,PC3,[6*]C(=O)O,-0.005835253745317459,0.004445187747478485,-0.010280441492795944
CC1(C)CCC(C)(C)c2cc(NC(=O)c3ccc(cc3)C(O)=O)ccc12,PC3,[1*]C([6*])=O,-0.005835253745317459,0.00416739284992218,-0.01000264659523964
CC1(C)CCC(C)(C)c2cc(NC(=O)c3ccc(cc3)C(O)=O)ccc12,PC3,[16*]c1ccc([16*])cc1,-0.005835253745317459,0.0015367604792118073,-0.007372014224529266
CC1(C)CCC(C)(C)c2cc(NC(=O)c3ccc(cc3)C(O)=O)ccc12,PC3,[5*]N[5*],-0.005835253745317459,0.006773393601179123,-0.012608647346496582
CC1(C)CCC(C)(C)c2cc(NC(=O)c3ccc(cc3)C(O)=O)ccc12,PC3,[16*]c1ccc2c(c1)C(C)(C)CCC2(C)C,-0.005835253745317459,0.0032775886356830597,-0.009112842381000519
COC(=O)N1CCN(Cc2cccc(NC(=O)Nc3ccc(C)nc3)c2F)CC1,PC3,[16*]c1ccc(C)nc1,-0.008640654385089874,0.007758583873510361,-0.016399238258600235
COC(=O)N1CCN(Cc2cccc(NC(=O)Nc3ccc(C)nc3)c2F)CC1,PC3,[4*]C[8*],-0.008640654385089874,0.009226709604263306,-0.01786736398935318
COC(=O)N1CCN(Cc2cccc(NC(=O)Nc3ccc(C)nc3)c2F)CC1,PC3,[5*]N1CCN([5*])CC1,-0.008640654385089874,0.0013559721410274506,-0.009996626526117325
COC(=O)N1CCN(Cc2cccc(NC(=O)Nc3ccc(C)nc3)c2F)CC1,PC3,[16*]c1cccc([16*])c1F,-0.008640654385089874,4.0587037801742554e-05,-0.008681241422891617
COC(=O)N1CCN(Cc2cccc(NC(=O)Nc3ccc(C)nc3)c2F)CC1,PC3,[5*]N[5*],-0.008640654385089874,0.011490773409605026,-0.0201314277946949
COC(=O)N1CCN(Cc2cccc(NC(=O)Nc3ccc(C)nc3)c2F)CC1,PC3,[1*]C([1*])=O,-0.008640654385089874,0.005087900906801224,-0.013728555291891098
COC(=O)N1CCN(Cc2cccc(NC(=O)Nc3ccc(C)nc3)c2F)CC1,PC3,[3*]OC,-0.008640654385089874,0.012157291173934937,-0.02079794555902481
CN1CCC2=C(C1)c1ccccc1Cc1ccccc21,PC3,CN1CCC2=C(C1)c1ccccc1Cc1ccccc12,-0.005735184997320175,-0.03135446086525917,0.025619275867938995
NS(=O)(=O)c1cc2c(NCNS2(=O)=O)cc1C(F)(F)F,PC3,[16*]c1cc2c(cc1S(N)(=O)=O)S(=O)(=O)NCN2,0.006786692887544632,-0.028116684406995773,0.034903377294540405
NS(=O)(=O)c1cc2c(NCNS2(=O)=O)cc1C(F)(F)F,PC3,[8*]C(F)(F)F,0.006786692887544632,-0.006622206419706345,0.013408899307250977
COc1ccc(Cl)cc1C(=O)NCCc2ccc(cc2)S(=O)(=O)NC(=O)NC3CCCCC3,PC3,[15*]C1CCCCC1,-0.006390620023012161,0.0033018141984939575,-0.009692434221506119
COc1ccc(Cl)cc1C(=O)NCCc2ccc(cc2)S(=O)(=O)NC(=O)NC3CCCCC3,PC3,[16*]c1ccc(Cl)cc1[16*],-0.006390620023012161,0.00865170732140541,-0.015042327344417572
COc1ccc(Cl)cc1C(=O)NCCc2ccc(cc2)S(=O)(=O)NC(=O)NC3CCCCC3,PC3,[1*]C([6*])=O,-0.006390620023012161,0.012426141649484634,-0.018816761672496796
COc1ccc(Cl)cc1C(=O)NCCc2ccc(cc2)S(=O)(=O)NC(=O)NC3CCCCC3,PC3,[12*]S(=O)(=O)c1ccc([16*])cc1,-0.006390620023012161,0.009678695350885391,-0.016069315373897552
COc1ccc(Cl)cc1C(=O)NCCc2ccc(cc2)S(=O)(=O)NC(=O)NC3CCCCC3,PC3,[5*]N[5*],-0.006390620023012161,0.010561805218458176,-0.016952425241470337
COc1ccc(Cl)cc1C(=O)NCCc2ccc(cc2)S(=O)(=O)NC(=O)NC3CCCCC3,PC3,[4*]CC[8*],-0.006390620023012161,0.009847782552242279,-0.01623840257525444
COc1ccc(Cl)cc1C(=O)NCCc2ccc(cc2)S(=O)(=O)NC(=O)NC3CCCCC3,PC3,[1*]C([1*])=O,-0.006390620023012161,0.009097475558519363,-0.015488095581531525
COc1ccc(Cl)cc1C(=O)NCCc2ccc(cc2)S(=O)(=O)NC(=O)NC3CCCCC3,PC3,[3*]OC,-0.006390620023012161,0.014277782291173935,-0.020668402314186096
CC(=O)c1ccc2OC(C)(C)[C@@H](O)[C@@H](NC(=O)c3ccc(F)c(Cl)c3)c2c1,PC3,[1*]C([6*])=O,-0.00273306667804718,-0.00377645343542099,0.0010433867573738098
CC(=O)c1ccc2OC(C)(C)[C@@H](O)[C@@H](NC(=O)c3ccc(F)c(Cl)c3)c2c1,PC3,[5*]N[C@H]1c2cc([16*])ccc2OC(C)(C)[C@H]1O,-0.00273306667804718,-0.002553168684244156,-0.0001798979938030243
CC(=O)c1ccc2OC(C)(C)[C@@H](O)[C@@H](NC(=O)c3ccc(F)c(Cl)c3)c2c1,PC3,[6*]C(C)=O,-0.00273306667804718,0.0014478228986263275,-0.004180889576673508
CC(=O)c1ccc2OC(C)(C)[C@@H](O)[C@@H](NC(=O)c3ccc(F)c(Cl)c3)c2c1,PC3,[16*]c1ccc(F)c(Cl)c1,-0.00273306667804718,0.004952836781740189,-0.007685903459787369
NCCNCCNCCN,PC3,[4*]CCN,-0.006460878998041153,-0.002201404422521591,-0.004259474575519562
NCCNCCNCCN,PC3,[4*]CC[4*],-0.006460878998041153,-0.0017248205840587616,-0.004736058413982391
NCCNCCNCCN,PC3,[5*]N[5*],-0.006460878998041153,-0.0005231685936450958,-0.005937710404396057
CN1CCN(CC1)C1=Nc2cc(Cl)ccc2Nc2ccccc12,PC3,CN1CCN(C2=Nc3cc(Cl)ccc3Nc3ccccc32)CC1,-0.008240897208452225,-0.03135446086525917,0.023113563656806946
Cc1cc(C)cc(NC(=O)Cc2ccc(OC(C)(C)C(O)=O)cc2)c1,PC3,[16*]c1cc(C)cc(C)c1,-0.016458775848150253,-0.0018457062542438507,-0.014613069593906403
Cc1cc(C)cc(NC(=O)Cc2ccc(OC(C)(C)C(O)=O)cc2)c1,PC3,[4*]C(C)(C)C(=O)O,-0.016458775848150253,0.0019109658896923065,-0.01836974173784256
Cc1cc(C)cc(NC(=O)Cc2ccc(OC(C)(C)C(O)=O)cc2)c1,PC3,[1*]C(=O)C[8*],-0.016458775848150253,-0.004342611879110336,-0.012116163969039917
Cc1cc(C)cc(NC(=O)Cc2ccc(OC(C)(C)C(O)=O)cc2)c1,PC3,[3*]O[3*],-0.016458775848150253,0.003509383648633957,-0.01996815949678421
Cc1cc(C)cc(NC(=O)Cc2ccc(OC(C)(C)C(O)=O)cc2)c1,PC3,[5*]N[5*],-0.016458775848150253,-0.0013346746563911438,-0.01512410119175911
Cc1cc(C)cc(NC(=O)Cc2ccc(OC(C)(C)C(O)=O)cc2)c1,PC3,[16*]c1ccc([16*])cc1,-0.016458775848150253,-0.0045173317193984985,-0.011941444128751755
Cc1nc2CCN(C(=O)c3ccc(NC(=O)c4ccccc4-c4ccccc4)cc3)c3ccccc3-c2[nH]1,PC3,[16*]c1ccccc1,-0.007733259350061417,0.000455610454082489,-0.008188869804143906
Cc1nc2CCN(C(=O)c3ccc(NC(=O)c4ccccc4-c4ccccc4)cc3)c3ccccc3-c2[nH]1,PC3,[5*]N1CCc2nc(C)[nH]c2-c2ccccc21,-0.007733259350061417,0.0021958574652671814,-0.009929116815328598
Cc1nc2CCN(C(=O)c3ccc(NC(=O)c4ccccc4-c4ccccc4)cc3)c3ccccc3-c2[nH]1,PC3,[1*]C([6*])=O,-0.007733259350061417,0.003908064216375351,-0.011641323566436768
Cc1nc2CCN(C(=O)c3ccc(NC(=O)c4ccccc4-c4ccccc4)cc3)c3ccccc3-c2[nH]1,PC3,[16*]c1ccccc1[16*],-0.007733259350061417,0.003557194024324417,-0.011290453374385834
Cc1nc2CCN(C(=O)c3ccc(NC(=O)c4ccccc4-c4ccccc4)cc3)c3ccccc3-c2[nH]1,PC3,[16*]c1ccc([16*])cc1,-0.007733259350061417,0.0004075057804584503,-0.008140765130519867
Cc1nc2CCN(C(=O)c3ccc(NC(=O)c4ccccc4-c4ccccc4)cc3)c3ccccc3-c2[nH]1,PC3,[5*]N[5*],-0.007733259350061417,0.0071146003901958466,-0.014847859740257263
COC1=C(OC)C(=O)C(CCCCCCCCCCO)=C(C)C1=O,PC3,COC1=C(OC)C(=O)C(CCCCCCCCCCO)=C(C)C1=O,-0.007470078766345978,-0.03135446086525917,0.023884382098913193
COc1cc(ccc1OC(F)F)-c1ccc(=O)[nH]n1,PC3,[3*]OC(F)F,-0.021061453968286514,-0.005982499569654465,-0.01507895439863205
COc1cc(ccc1OC(F)F)-c1ccc(=O)[nH]n1,PC3,[16*]c1ccc([16*])c([16*])c1,-0.021061453968286514,-0.018672611564397812,-0.0023888424038887024
COc1cc(ccc1OC(F)F)-c1ccc(=O)[nH]n1,PC3,[14*]c1ccc(=O)[nH]n1,-0.021061453968286514,-0.008443959057331085,-0.012617494910955429
COc1cc(ccc1OC(F)F)-c1ccc(=O)[nH]n1,PC3,[3*]OC,-0.021061453968286514,-0.0043685175478458405,-0.016692936420440674
COc1cccc(Nc2c(cnc3c(C)cc(cc23)S(=O)(=O)c2cccc(c2)C(=O)N(C)C)C(N)=O)c1,PC3,[16*]c1cccc(S(=O)(=O)c2cc(C)c3ncc([16*])c([16*])c3c2)c1,-0.009749408811330795,-0.006329331547021866,-0.0034200772643089294
COc1cccc(Nc2c(cnc3c(C)cc(cc23)S(=O)(=O)c2cccc(c2)C(=O)N(C)C)C(N)=O)c1,PC3,[1*]C([6*])=O,-0.009749408811330795,-0.0061303190886974335,-0.003619089722633362
COc1cccc(Nc2c(cnc3c(C)cc(cc23)S(=O)(=O)c2cccc(c2)C(=O)N(C)C)C(N)=O)c1,PC3,[6*]C(N)=O,-0.009749408811330795,-0.0050432272255420685,-0.004706181585788727
COc1cccc(Nc2c(cnc3c(C)cc(cc23)S(=O)(=O)c2cccc(c2)C(=O)N(C)C)C(N)=O)c1,PC3,[5*]N(C)C,-0.009749408811330795,-0.0018452368676662445,-0.00790417194366455
COc1cccc(Nc2c(cnc3c(C)cc(cc23)S(=O)(=O)c2cccc(c2)C(=O)N(C)C)C(N)=O)c1,PC3,[5*]N[5*],-0.009749408811330795,-0.002465125173330307,-0.007284283638000488
COc1cccc(Nc2c(cnc3c(C)cc(cc23)S(=O)(=O)c2cccc(c2)C(=O)N(C)C)C(N)=O)c1,PC3,[16*]c1cccc([16*])c1,-0.009749408811330795,-0.006890583783388138,-0.0028588250279426575
COc1cccc(Nc2c(cnc3c(C)cc(cc23)S(=O)(=O)c2cccc(c2)C(=O)N(C)C)C(N)=O)c1,PC3,[3*]OC,-0.009749408811330795,-0.0020495913922786713,-0.007699817419052124
CN(C)CC\C=C1\c2ccccc2COc2ccccc12,PC3,[7*]C1c2ccccc2COc2ccccc21,-0.00609641894698143,-0.0011604540050029755,-0.004935964941978455
CN(C)CC\C=C1\c2ccccc2COc2ccccc12,PC3,[5*]N(C)C,-0.00609641894698143,0.000942084938287735,-0.007038503885269165
CN(C)CC\C=C1\c2ccccc2COc2ccccc12,PC3,[4*]CCC[7*],-0.00609641894698143,-0.002471785992383957,-0.003624632954597473
C(N1CCN(CC1)c1ccccn1)c1nc2ccccc2[nH]1,PC3,[14*]c1ccccn1,-0.010630831122398376,-0.00296691432595253,-0.0076639167964458466
C(N1CCN(CC1)c1ccccn1)c1nc2ccccc2[nH]1,PC3,[4*]C[8*],-0.010630831122398376,-0.009872887283563614,-0.0007579438388347626
C(N1CCN(CC1)c1ccccn1)c1nc2ccccc2[nH]1,PC3,[14*]c1nc2ccccc2[nH]1,-0.010630831122398376,-0.006110798567533493,-0.004520032554864883
C(N1CCN(CC1)c1ccccn1)c1nc2ccccc2[nH]1,PC3,[5*]N1CCN([5*])CC1,-0.010630831122398376,-0.0086907260119915,-0.0019401051104068756
CCCCS(=O)(=O)N[C@@H](Cc1ccc(OCCCCC2CCNCC2)cc1)C(O)=O,PC3,[4*][C@@H](C[8*])C(=O)O,-0.0002903752028942108,0.0008444078266620636,-0.0011347830295562744
CCCCS(=O)(=O)N[C@@H](Cc1ccc(OCCCCC2CCNCC2)cc1)C(O)=O,PC3,[15*]C1CCNCC1,-0.0002903752028942108,0.0017922483384609222,-0.002082623541355133
CCCCS(=O)(=O)N[C@@H](Cc1ccc(OCCCCC2CCNCC2)cc1)C(O)=O,PC3,[3*]O[3*],-0.0002903752028942108,0.00996684655547142,-0.010257221758365631
CCCCS(=O)(=O)N[C@@H](Cc1ccc(OCCCCC2CCNCC2)cc1)C(O)=O,PC3,[12*]S(=O)(=O)CCCC,-0.0002903752028942108,0.009602479636669159,-0.00989285483956337
CCCCS(=O)(=O)N[C@@H](Cc1ccc(OCCCCC2CCNCC2)cc1)C(O)=O,PC3,[5*]N[5*],-0.0002903752028942108,0.007230635732412338,-0.007521010935306549
CCCCS(=O)(=O)N[C@@H](Cc1ccc(OCCCCC2CCNCC2)cc1)C(O)=O,PC3,[16*]c1ccc([16*])cc1,-0.0002903752028942108,0.007353655993938446,-0.007644031196832657
CCCCS(=O)(=O)N[C@@H](Cc1ccc(OCCCCC2CCNCC2)cc1)C(O)=O,PC3,[4*]CCCC[8*],-0.0002903752028942108,0.009333886206150055,-0.009624261409044266
CC[C@@]1(O)C(=O)OCc2c1cc1-c3nc4ccccc4cc3Cn1c2=O,PC3,CC[C@@]1(O)C(=O)OCc2c1cc1n(c2=O)Cc2cc3ccccc3nc2-1,0.0004995577037334442,-0.03135446086525917,0.031854018568992615
CCCCNc1cc(cc(c1Oc1ccccc1)S(N)(=O)=O)C(O)=O,PC3,[4*]CCCC,0.004754927009344101,-0.001452811062335968,0.006207738071680069
CCCCNc1cc(cc(c1Oc1ccccc1)S(N)(=O)=O)C(O)=O,PC3,[16*]c1ccccc1,0.004754927009344101,-0.006747659295797348,0.011502586305141449
CCCCNc1cc(cc(c1Oc1ccccc1)S(N)(=O)=O)C(O)=O,PC3,[6*]C(=O)O,0.004754927009344101,-0.002377983182668686,0.007132910192012787
CCCCNc1cc(cc(c1Oc1ccccc1)S(N)(=O)=O)C(O)=O,PC3,[3*]O[3*],0.004754927009344101,-0.0019227825105190277,0.006677709519863129
CCCCNc1cc(cc(c1Oc1ccccc1)S(N)(=O)=O)C(O)=O,PC3,[5*]N[5*],0.004754927009344101,-0.0031486935913562775,0.007903620600700378
CCCCNc1cc(cc(c1Oc1ccccc1)S(N)(=O)=O)C(O)=O,PC3,[16*]c1cc([16*])c([16*])c(S(N)(=O)=O)c1,0.004754927009344101,-0.011664345860481262,0.016419272869825363
CN(C)CCCN1c2ccccc2CCc2ccccc12,PC3,[4*]CCC[4*],-0.013888314366340637,-0.004710167646408081,-0.009178146719932556
CN(C)CCCN1c2ccccc2CCc2ccccc12,PC3,[5*]N(C)C,-0.013888314366340637,-0.006433550268411636,-0.007454764097929001
CN(C)CCCN1c2ccccc2CCc2ccccc12,PC3,[5*]N1c2ccccc2CCc2ccccc21,-0.013888314366340637,-0.0015486963093280792,-0.012339618057012558
COc1ccc(cc1OC1CCCC1)C1(CCC(CC1)C(O)=O)C#N,PC3,[6*]C(=O)O,0.0022090263664722443,0.011100031435489655,-0.00889100506901741
COc1ccc(cc1OC1CCCC1)C1(CCC(CC1)C(O)=O)C#N,PC3,[3*]O[3*],0.0022090263664722443,0.012893486768007278,-0.010684460401535034
COc1ccc(cc1OC1CCCC1)C1(CCC(CC1)C(O)=O)C#N,PC3,[16*]c1ccc([16*])c([16*])c1,0.0022090263664722443,-0.0010689087212085724,0.0032779350876808167
COc1ccc(cc1OC1CCCC1)C1(CCC(CC1)C(O)=O)C#N,PC3,[15*]C1CCCC1,0.0022090263664722443,0.0032712481915950775,-0.0010622218251228333
COc1ccc(cc1OC1CCCC1)C1(CCC(CC1)C(O)=O)C#N,PC3,[15*]C1CCC([15*])(C#N)CC1,0.0022090263664722443,-0.0005779601633548737,0.002786986529827118
COc1ccc(cc1OC1CCCC1)C1(CCC(CC1)C(O)=O)C#N,PC3,[3*]OC,0.0022090263664722443,0.017184734344482422,-0.014975707978010178
CC(=C)[C@@H]1CC[C@@]2(CC[C@]3(C)[C@H](CC[C@@H]4[C@@]5(C)CC[C@H](O)C(C)(C)[C@@H]5CC[C@@]34C)[C@H]12)C(O)=O,PC3,[15*][C@]12CC[C@@H](C(=C)C)[C@H]1[C@H]1CC[C@@H]3[C@@]4(C)CC[C@H](O)C(C)(C)[C@@H]4CC[C@@]3(C)[C@]1(C)CC2,-0.004572298377752304,0.0012047961354255676,-0.005777094513177872
CC(=C)[C@@H]1CC[C@@]2(CC[C@]3(C)[C@H](CC[C@@H]4[C@@]5(C)CC[C@H](O)C(C)(C)[C@@H]5CC[C@@]34C)[C@H]12)C(O)=O,PC3,[6*]C(=O)O,-0.004572298377752304,0.0021045543253421783,-0.006676852703094482
CN1[C@@H]2CC[C@H]3[C@@H]4CC[C@H](C(=O)NCc5nc6cccnc6[nH]5)[C@@]4(C)CC[C@@H]3[C@@]2(C)C=C(F)C1=O,PC3,[14*]c1nc2cccnc2[nH]1,-0.007468823343515396,0.006104234606027603,-0.013573057949543
CN1[C@@H]2CC[C@H]3[C@@H]4CC[C@H](C(=O)NCc5nc6cccnc6[nH]5)[C@@]4(C)CC[C@@H]3[C@@]2(C)C=C(F)C1=O,PC3,[4*]C[8*],-0.007468823343515396,-0.0014267116785049438,-0.006042111665010452
CN1[C@@H]2CC[C@H]3[C@@H]4CC[C@H](C(=O)NCc5nc6cccnc6[nH]5)[C@@]4(C)CC[C@@H]3[C@@]2(C)C=C(F)C1=O,PC3,[1*]C([6*])=O,-0.007468823343515396,-0.0036510415375232697,-0.0038177818059921265
CN1[C@@H]2CC[C@H]3[C@@H]4CC[C@H](C(=O)NCc5nc6cccnc6[nH]5)[C@@]4(C)CC[C@@H]3[C@@]2(C)C=C(F)C1=O,PC3,[5*]N[5*],-0.007468823343515396,-0.00018310919404029846,-0.007285714149475098
CN1[C@@H]2CC[C@H]3[C@@H]4CC[C@H](C(=O)NCc5nc6cccnc6[nH]5)[C@@]4(C)CC[C@@H]3[C@@]2(C)C=C(F)C1=O,PC3,[15*][C@H]1CC[C@H]2[C@@H]3CC[C@H]4N(C)C(=O)C(F)=C[C@]4(C)[C@H]3CC[C@]12C,-0.007468823343515396,-0.013501569628715515,0.006032746285200119
CCC1(Cc2ccccc2C1)c1cnc[nH]1,PC3,[14*]c1cnc[nH]1,-0.01566774770617485,0.006386052817106247,-0.022053800523281097
CCC1(Cc2ccccc2C1)c1cnc[nH]1,PC3,[8*]CC,-0.01566774770617485,-0.00795147567987442,-0.00771627202630043
CCC1(Cc2ccccc2C1)c1cnc[nH]1,PC3,[15*]C1([15*])Cc2ccccc2C1,-0.01566774770617485,-0.010755468159914017,-0.004912279546260834
COc1cc(C)nn1-c1nc(C)cc(OC)n1,PC3,[14*]c1cc(C)nc([14*])n1,-0.015262182801961899,-0.01084538921713829,-0.004416793584823608
COc1cc(C)nn1-c1nc(C)cc(OC)n1,PC3,[9*]n1nc(C)cc1[14*],-0.015262182801961899,-0.017659876495599747,0.002397693693637848
COc1cc(C)nn1-c1nc(C)cc(OC)n1,PC3,[3*]OC,-0.015262182801961899,-0.010803502053022385,-0.004458680748939514
CC(C)(C)Sc1c(CC(C)(C)C(O)=O)n(Cc2ccc(Cl)cc2)c2ccc(OCc3ccc4ccccc4n3)cc12,PC3,[4*]C(C)(C)C,-0.0030476264655590057,0.01469147577881813,-0.017739102244377136
CC(C)(C)Sc1c(CC(C)(C)C(O)=O)n(Cc2ccc(Cl)cc2)c2ccc(OCc3ccc4ccccc4n3)cc12,PC3,[4*]C[8*],-0.0030476264655590057,0.015309583395719528,-0.018357209861278534
CC(C)(C)Sc1c(CC(C)(C)C(O)=O)n(Cc2ccc(Cl)cc2)c2ccc(OCc3ccc4ccccc4n3)cc12,PC3,[16*]c1ccc(Cl)cc1,-0.0030476264655590057,0.014185231178998947,-0.017232857644557953
CC(C)(C)Sc1c(CC(C)(C)C(O)=O)n(Cc2ccc(Cl)cc2)c2ccc(OCc3ccc4ccccc4n3)cc12,PC3,[3*]O[3*],-0.0030476264655590057,0.019852884113788605,-0.02290051057934761
CC(C)(C)Sc1c(CC(C)(C)C(O)=O)n(Cc2ccc(Cl)cc2)c2ccc(OCc3ccc4ccccc4n3)cc12,PC3,[8*]C[8*],-0.0030476264655590057,0.017921339720487595,-0.0209689661860466
CC(C)(C)Sc1c(CC(C)(C)C(O)=O)n(Cc2ccc(Cl)cc2)c2ccc(OCc3ccc4ccccc4n3)cc12,PC3,[9*]n1c([14*])c([16*])c2cc([16*])ccc21,-0.0030476264655590057,0.013497788459062576,-0.016545414924621582
CC(C)(C)Sc1c(CC(C)(C)C(O)=O)n(Cc2ccc(Cl)cc2)c2ccc(OCc3ccc4ccccc4n3)cc12,PC3,[11*]S[11*],-0.0030476264655590057,0.010709606111049652,-0.013757232576608658
CC(C)(C)Sc1c(CC(C)(C)C(O)=O)n(Cc2ccc(Cl)cc2)c2ccc(OCc3ccc4ccccc4n3)cc12,PC3,[8*]CC(C)(C)C(=O)O,-0.0030476264655590057,0.009787969291210175,-0.01283559575676918
CC(C)(C)Sc1c(CC(C)(C)C(O)=O)n(Cc2ccc(Cl)cc2)c2ccc(OCc3ccc4ccccc4n3)cc12,PC3,[14*]c1ccc2ccccc2n1,-0.0030476264655590057,0.016196411103010178,-0.019244037568569183
COc1cc2nccc(Oc3ccc(NC(=O)NC4CC4)c(Cl)c3)c2cc1C(N)=O,PC3,[16*]c1ccc([16*])c(Cl)c1,0.002333160489797592,0.00895640254020691,-0.006623242050409317
COc1cc2nccc(Oc3ccc(NC(=O)NC4CC4)c(Cl)c3)c2cc1C(N)=O,PC3,[3*]O[3*],0.002333160489797592,0.004561632871627808,-0.0022284723818302155
COc1cc2nccc(Oc3ccc(NC(=O)NC4CC4)c(Cl)c3)c2cc1C(N)=O,PC3,[6*]C(N)=O,0.002333160489797592,0.0032288096845149994,-0.0008956491947174072
COc1cc2nccc(Oc3ccc(NC(=O)NC4CC4)c(Cl)c3)c2cc1C(N)=O,PC3,[5*]N[5*],0.002333160489797592,0.004338201135396957,-0.0020050406455993652
COc1cc2nccc(Oc3ccc(NC(=O)NC4CC4)c(Cl)c3)c2cc1C(N)=O,PC3,[16*]c1cc2nccc([16*])c2cc1[16*],0.002333160489797592,0.004820574074983597,-0.0024874135851860046
COc1cc2nccc(Oc3ccc(NC(=O)NC4CC4)c(Cl)c3)c2cc1C(N)=O,PC3,[15*]C1CC1,0.002333160489797592,0.005133621394634247,-0.0028004609048366547
COc1cc2nccc(Oc3ccc(NC(=O)NC4CC4)c(Cl)c3)c2cc1C(N)=O,PC3,[1*]C([1*])=O,0.002333160489797592,0.005391713231801987,-0.0030585527420043945
COc1cc2nccc(Oc3ccc(NC(=O)NC4CC4)c(Cl)c3)c2cc1C(N)=O,PC3,[3*]OC,0.002333160489797592,0.010536450892686844,-0.008203290402889252
COc1cccc(c1)-c1ccc(NC(=O)C2=C(CCC2)C(O)=O)c(F)c1,PC3,[5*]N[5*],0.003689408302307129,-0.0064285434782505035,0.010117951780557632
COc1cccc(c1)-c1ccc(NC(=O)C2=C(CCC2)C(O)=O)c(F)c1,PC3,[16*]c1ccc([16*])c(F)c1,0.003689408302307129,-0.0025049597024917603,0.006194368004798889
COc1cccc(c1)-c1ccc(NC(=O)C2=C(CCC2)C(O)=O)c(F)c1,PC3,[1*]C(=O)C1=C(C(=O)O)CCC1,0.003689408302307129,-0.005294065922498703,0.008983474224805832
COc1cccc(c1)-c1ccc(NC(=O)C2=C(CCC2)C(O)=O)c(F)c1,PC3,[16*]c1cccc([16*])c1,0.003689408302307129,-0.0002412758767604828,0.003930684179067612
COc1cccc(c1)-c1ccc(NC(=O)C2=C(CCC2)C(O)=O)c(F)c1,PC3,[3*]OC,0.003689408302307129,0.007494013756513596,-0.0038046054542064667
OC(=O)[C@H](Cc1ccc(Nc2nccc3ccncc23)cc1)NC1=C(Br)C(=O)C11CCCCC1,PC3,[4*][C@@H](C[8*])C(=O)O,-0.004249211400747299,-0.00024398043751716614,-0.004005230963230133
OC(=O)[C@H](Cc1ccc(Nc2nccc3ccncc23)cc1)NC1=C(Br)C(=O)C11CCCCC1,PC3,[5*]NC1=C(Br)C(=O)C12CCCCC2,-0.004249211400747299,-0.006133418530225754,0.0018842071294784546
OC(=O)[C@H](Cc1ccc(Nc2nccc3ccncc23)cc1)NC1=C(Br)C(=O)C11CCCCC1,PC3,[14*]c1nccc2ccncc12,-0.004249211400747299,0.005164775997400284,-0.009413987398147583
OC(=O)[C@H](Cc1ccc(Nc2nccc3ccncc23)cc1)NC1=C(Br)C(=O)C11CCCCC1,PC3,[16*]c1ccc([16*])cc1,-0.004249211400747299,-0.0037917234003543854,-0.0004574880003929138
OC(=O)[C@H](Cc1ccc(Nc2nccc3ccncc23)cc1)NC1=C(Br)C(=O)C11CCCCC1,PC3,[5*]N[5*],-0.004249211400747299,0.0024557597935199738,-0.006704971194267273
CN1CC(=O)N=C1NC(=O)Nc1cccc(Cl)c1,PC3,[5*]NC1=NC(=O)CN1C,0.004349324852228165,-0.0040666647255420685,0.008415989577770233
CN1CC(=O)N=C1NC(=O)Nc1cccc(Cl)c1,PC3,[16*]c1cccc(Cl)c1,0.004349324852228165,0.00741402804851532,-0.003064703196287155
CN1CC(=O)N=C1NC(=O)Nc1cccc(Cl)c1,PC3,[5*]N[5*],0.004349324852228165,0.006419762969017029,-0.002070438116788864
CN1CC(=O)N=C1NC(=O)Nc1cccc(Cl)c1,PC3,[1*]C([1*])=O,0.004349324852228165,0.0031549371778964996,0.001194387674331665
C[C@H](CCC(O)=O)[C@H]1CC[C@H]2[C@@H]3CC[C@@H]4C[C@H](O)CC[C@]4(C)[C@H]3C[C@H](O)[C@]12C,PC3,[8*][C@H](C)CCC(=O)O,-0.0009151361882686615,-0.0028530247509479523,0.0019378885626792908
C[C@H](CCC(O)=O)[C@H]1CC[C@H]2[C@@H]3CC[C@@H]4C[C@H](O)CC[C@]4(C)[C@H]3C[C@H](O)[C@]12C,PC3,[15*][C@H]1CC[C@H]2[C@@H]3CC[C@@H]4C[C@H](O)CC[C@]4(C)[C@H]3C[C@H](O)[C@]12C,-0.0009151361882686615,0.0027882717549800873,-0.0037034079432487488
COC([C@H](Oc1nc(C)cc(C)n1)C(O)=O)(c1ccccc1)c1ccccc1,PC3,[14*]c1nc(C)cc(C)n1,-0.009968075901269913,-0.0031853429973125458,-0.006782732903957367
COC([C@H](Oc1nc(C)cc(C)n1)C(O)=O)(c1ccccc1)c1ccccc1,PC3,[4*][C@H](C(=O)O)C([4*])([8*])[8*],-0.009968075901269913,-0.010064717382192612,9.664148092269897e-05
COC([C@H](Oc1nc(C)cc(C)n1)C(O)=O)(c1ccccc1)c1ccccc1,PC3,[16*]c1ccccc1,-0.009968075901269913,-0.01089441403746605,0.0009263381361961365
COC([C@H](Oc1nc(C)cc(C)n1)C(O)=O)(c1ccccc1)c1ccccc1,PC3,[3*]O[3*],-0.009968075901269913,-0.00739629939198494,-0.002571776509284973
COC([C@H](Oc1nc(C)cc(C)n1)C(O)=O)(c1ccccc1)c1ccccc1,PC3,[3*]OC,-0.009968075901269913,-0.007794488221406937,-0.002173587679862976
CCc1c(O)cc(O)c(C(=O)c2ccc(OCCN3CCOCC3)c(OC)c2)c1CC(=O)N(CCOC)CCOC,PC3,[5*]N1CCOCC1,-0.010305836796760559,0.01526397094130516,-0.02556980773806572
CCc1c(O)cc(O)c(C(=O)c2ccc(OCCN3CCOCC3)c(OC)c2)c1CC(=O)N(CCOC)CCOC,PC3,[1*]C(=O)C[8*],-0.010305836796760559,0.01600385084748268,-0.02630968764424324
CCc1c(O)cc(O)c(C(=O)c2ccc(OCCN3CCOCC3)c(OC)c2)c1CC(=O)N(CCOC)CCOC,PC3,[5*]N([5*])[5*],-0.010305836796760559,0.01859365403652191,-0.02889949083328247
CCc1c(O)cc(O)c(C(=O)c2ccc(OCCN3CCOCC3)c(OC)c2)c1CC(=O)N(CCOC)CCOC,PC3,[16*]c1c(O)cc(O)c([16*])c1[16*],-0.010305836796760559,0.01720474287867546,-0.02751057967543602
CCc1c(O)cc(O)c(C(=O)c2ccc(OCCN3CCOCC3)c(OC)c2)c1CC(=O)N(CCOC)CCOC,PC3,[3*]O[3*],-0.010305836796760559,0.01668289676308632,-0.026988733559846878
CCc1c(O)cc(O)c(C(=O)c2ccc(OCCN3CCOCC3)c(OC)c2)c1CC(=O)N(CCOC)CCOC,PC3,[6*]C([6*])=O,-0.010305836796760559,0.011407081037759781,-0.02171291783452034
CCc1c(O)cc(O)c(C(=O)c2ccc(OCCN3CCOCC3)c(OC)c2)c1CC(=O)N(CCOC)CCOC,PC3,[16*]c1ccc([16*])c([16*])c1,-0.010305836796760559,0.013794686645269394,-0.024100523442029953
CCc1c(O)cc(O)c(C(=O)c2ccc(OCCN3CCOCC3)c(OC)c2)c1CC(=O)N(CCOC)CCOC,PC3,[8*]CC,-0.010305836796760559,0.015624307096004486,-0.025930143892765045
CCc1c(O)cc(O)c(C(=O)c2ccc(OCCN3CCOCC3)c(OC)c2)c1CC(=O)N(CCOC)CCOC,PC3,[4*]CC[4*],-0.010305836796760559,0.018251340836286545,-0.028557177633047104
CCc1c(O)cc(O)c(C(=O)c2ccc(OCCN3CCOCC3)c(OC)c2)c1CC(=O)N(CCOC)CCOC,PC3,[3*]OC,-0.010305836796760559,0.016626577824354172,-0.02693241462111473
CCCC(CCC)C(O)=O,PC3,CCCC(CCC)C(=O)O,-0.02095489203929901,-0.03135446086525917,0.01039956882596016
OC(=O)CCNC(=O)c1ccc(cc1)N=Nc1ccc(O)c(c1)C(O)=O,PC3,[4*]CCC(=O)O,0.0026928968727588654,-0.0031464658677577972,0.005839362740516663
OC(=O)CCNC(=O)c1ccc(cc1)N=Nc1ccc(O)c(c1)C(O)=O,PC3,[6*]C(=O)O,0.0026928968727588654,-0.005296085029840469,0.007988981902599335
OC(=O)CCNC(=O)c1ccc(cc1)N=Nc1ccc(O)c(c1)C(O)=O,PC3,[1*]C([6*])=O,0.0026928968727588654,-0.004019126296043396,0.006712023168802261
OC(=O)CCNC(=O)c1ccc(cc1)N=Nc1ccc(O)c(c1)C(O)=O,PC3,[5*]N[5*],0.0026928968727588654,-0.0040303729474544525,0.006723269820213318
OC(=O)CCNC(=O)c1ccc(cc1)N=Nc1ccc(O)c(c1)C(O)=O,PC3,[16*]c1ccc(N=Nc2ccc(O)c([16*])c2)cc1,0.0026928968727588654,-0.00743098184466362,0.010123878717422485
CC(=O)Nc1ccc(O)cc1,PC3,[16*]c1ccc(O)cc1,-9.948387742042542e-05,-0.00020000338554382324,0.00010051950812339783
CC(=O)Nc1ccc(O)cc1,PC3,[5*]N[5*],-9.948387742042542e-05,-0.0004229806363582611,0.0003234967589378357
CC(=O)Nc1ccc(O)cc1,PC3,[1*]C(C)=O,-9.948387742042542e-05,-0.0033305175602436066,0.003231033682823181
NC(=O)N1CCC(CC(=O)N2CCC(CC2)[C@H]2c3ncc(Br)cc3CCc3cc(Cl)cc(Br)c23)CC1,PC3,[5*]N1CCC([15*])CC1,0.001333814114332199,-0.004664581269025803,0.005998395383358002
NC(=O)N1CCC(CC(=O)N2CCC(CC2)[C@H]2c3ncc(Br)cc3CCc3cc(Cl)cc(Br)c23)CC1,PC3,[1*]C(N)=O,0.001333814114332199,0.0057059116661548615,-0.004372097551822662
NC(=O)N1CCC(CC(=O)N2CCC(CC2)[C@H]2c3ncc(Br)cc3CCc3cc(Cl)cc(Br)c23)CC1,PC3,[5*]N1CCC([C@H]2c3ncc(Br)cc3CCc3cc(Cl)cc(Br)c32)CC1,0.001333814114332199,0.0018802918493747711,-0.000546477735042572
NC(=O)N1CCC(CC(=O)N2CCC(CC2)[C@H]2c3ncc(Br)cc3CCc3cc(Cl)cc(Br)c23)CC1,PC3,[1*]C(=O)C[8*],0.001333814114332199,-0.002154424786567688,0.003488238900899887
CC1(C)O[C@@H]2C[C@H]3[C@@H]4CCC5=CC(=O)C=C[C@]5(C)[C@]4(F)[C@H](O)C[C@]3(C)[C@]2(O1)C(=O)CO,PC3,[6*]C(=O)CO,-0.0023771561682224274,0.0008889473974704742,-0.0032661035656929016
CC1(C)O[C@@H]2C[C@H]3[C@@H]4CCC5=CC(=O)C=C[C@]5(C)[C@]4(F)[C@H](O)C[C@]3(C)[C@]2(O1)C(=O)CO,PC3,[15*][C@]12OC(C)(C)O[C@@H]1C[C@H]1[C@@H]3CCC4=CC(=O)C=C[C@]4(C)[C@]3(F)[C@H](O)C[C@@]12C,-0.0023771561682224274,0.003856521099805832,-0.006233677268028259
CC1(C)O[C@@H]2C[C@H]3[C@@H]4CCC5=CC(=O)C=C[C@]5(C)[C@]4(F)[C@H](O)C[C@]3(C)[C@]2(O1)C(=O)CO,PC3,[13*][C@]12OC(C)(C)O[C@@H]1C[C@H]1[C@@H]3CCC4=CC(=O)C=C[C@]4(C)[C@]3(F)[C@H](O)C[C@@]12C,-0.0023771561682224274,-0.0008970350027084351,-0.0014801211655139923
Cc1cccc(Oc2cnc(=O)[nH]c2)c1,PC3,[3*]O[3*],-0.009236738085746765,-0.01244964450597763,0.0032129064202308655
Cc1cccc(Oc2cnc(=O)[nH]c2)c1,PC3,[16*]c1cnc(=O)[nH]c1,-0.009236738085746765,-0.010975871235132217,0.0017391331493854523
Cc1cccc(Oc2cnc(=O)[nH]c2)c1,PC3,[16*]c1cccc(C)c1,-0.009236738085746765,-0.010405376553535461,0.0011686384677886963
Cc1cccc(\C=N\Nc2cc(nc(OCCc3ccccn3)n2)N2CCOCC2)c1,PC3,[14*]c1ccccn1,0.002306554466485977,0.0002655833959579468,0.0020409710705280304
Cc1cccc(\C=N\Nc2cc(nc(OCCc3ccccn3)n2)N2CCOCC2)c1,PC3,[5*]N1CCOCC1,0.002306554466485977,-0.0040870048105716705,0.006393559277057648
Cc1cccc(\C=N\Nc2cc(nc(OCCc3ccccn3)n2)N2CCOCC2)c1,PC3,[3*]O[3*],0.002306554466485977,0.0006338804960250854,0.0016726739704608917
Cc1cccc(\C=N\Nc2cc(nc(OCCc3ccccn3)n2)N2CCOCC2)c1,PC3,[4*]CC[8*],0.002306554466485977,0.00018491968512535095,0.0021216347813606262
Cc1cccc(\C=N\Nc2cc(nc(OCCc3ccccn3)n2)N2CCOCC2)c1,PC3,[14*]c1cc(N/N=C/c2cccc(C)c2)nc([14*])n1,0.002306554466485977,-0.0019260384142398834,0.004232592880725861
CNCCCC1c2ccccc2C=Cc2ccccc12,PC3,[5*]NC,-0.012316536158323288,-0.006202820688486099,-0.006113715469837189
CNCCCC1c2ccccc2C=Cc2ccccc12,PC3,[4*]CCCC1c2ccccc2C=Cc2ccccc21,-0.012316536158323288,0.009000789374113083,-0.02131732553243637
CN(C)CCC=C1c2ccccc2C=Cc2ccccc12,PC3,[7*]C1c2ccccc2C=Cc2ccccc21,-0.01097402349114418,-0.0011604540050029755,-0.009813569486141205
CN(C)CCC=C1c2ccccc2C=Cc2ccccc12,PC3,[5*]N(C)C,-0.01097402349114418,0.0025542639195919037,-0.013528287410736084
CN(C)CCC=C1c2ccccc2C=Cc2ccccc12,PC3,[4*]CCC[7*],-0.01097402349114418,-0.0010100416839122772,-0.009963981807231903
CCCCC\C=C/C\C=C/C\C=C/C\C=C/CCCC(=O)NCCO,PC3,[7*]CCC[7*],-0.014924410730600357,-0.006280027329921722,-0.008644383400678635
CCCCC\C=C/C\C=C/C\C=C/C\C=C/CCCC(=O)NCCO,PC3,[7*]CCCCCC,-0.014924410730600357,-0.0007639899849891663,-0.01416042074561119
CCCCC\C=C/C\C=C/C\C=C/C\C=C/CCCC(=O)NCCO,PC3,[1*]C(=O)CCCC[7*],-0.014924410730600357,0.00043446198105812073,-0.015358872711658478
CCCCC\C=C/C\C=C/C\C=C/C\C=C/CCCC(=O)NCCO,PC3,[4*]CCO,-0.014924410730600357,0.0020606927573680878,-0.016985103487968445
CCCCC\C=C/C\C=C/C\C=C/C\C=C/CCCC(=O)NCCO,PC3,[5*]N[5*],-0.014924410730600357,0.0027353987097740173,-0.017659809440374374
Oc1ccc2C[C@H]3N(CC4CCC4)CC[C@@]4(CCCC[C@@]34O)c2c1,PC3,[15*]C1CCC1,-0.017036285251379013,0.0035150758922100067,-0.02055136114358902
Oc1ccc2C[C@H]3N(CC4CCC4)CC[C@@]4(CCCC[C@@]34O)c2c1,PC3,[5*]N1CC[C@]23CCCC[C@@]2(O)[C@H]1Cc1ccc(O)cc13,-0.017036285251379013,-3.2085925340652466e-05,-0.01700419932603836
Oc1ccc2C[C@H]3N(CC4CCC4)CC[C@@]4(CCCC[C@@]34O)c2c1,PC3,[4*]C[8*],-0.017036285251379013,0.003285050392150879,-0.020321335643529892
CC(=O)N(OCc1ccccc1)[C@H]1[C@H](O)C(C)(C)Oc2ccc(cc12)C#N,PC3,[16*]c1ccccc1,-0.006206035614013672,-0.0027966834604740143,-0.0034093521535396576
CC(=O)N(OCc1ccccc1)[C@H]1[C@H](O)C(C)(C)Oc2ccc(cc12)C#N,PC3,[4*]C[8*],-0.006206035614013672,-0.012914236634969711,0.006708201020956039
CC(=O)N(OCc1ccccc1)[C@H]1[C@H](O)C(C)(C)Oc2ccc(cc12)C#N,PC3,[3*]ON(C(C)=O)[C@@H]1c2cc(C#N)ccc2OC(C)(C)[C@H]1O,-0.006206035614013672,-0.009518951177597046,0.003312915563583374
NCCCCN(Cc1nc2ccccc2[nH]1)[C@H]1CCCc2cccnc12,PC3,[5*]N([5*])[C@H]1CCCc2cccnc21,-0.01273300126194954,0.0031741149723529816,-0.01590711623430252
NCCCCN(Cc1nc2ccccc2[nH]1)[C@H]1CCCc2cccnc12,PC3,[4*]CCCCN,-0.01273300126194954,-7.389113306999207e-05,-0.012659110128879547
NCCCCN(Cc1nc2ccccc2[nH]1)[C@H]1CCCc2cccnc12,PC3,[4*]C[8*],-0.01273300126194954,0.0008817762136459351,-0.013614777475595474
NCCCCN(Cc1nc2ccccc2[nH]1)[C@H]1CCCc2cccnc12,PC3,[14*]c1nc2ccccc2[nH]1,-0.01273300126194954,-0.00018015876412391663,-0.012552842497825623
CC(C)S(=O)(=O)NC[C@H](C)c1ccc(cc1)-c1ccc(CCNS(C)(=O)=O)cc1,PC3,[12*]S(C)(=O)=O,-0.005574490875005722,0.004267610609531403,-0.009842101484537125
CC(C)S(=O)(=O)NC[C@H](C)c1ccc(cc1)-c1ccc(CCNS(C)(=O)=O)cc1,PC3,[4*]C[C@@H]([8*])C,-0.005574490875005722,-0.004500526934862137,-0.0010739639401435852
CC(C)S(=O)(=O)NC[C@H](C)c1ccc(cc1)-c1ccc(CCNS(C)(=O)=O)cc1,PC3,[12*]S(=O)(=O)C(C)C,-0.005574490875005722,0.005040444433689117,-0.01061493530869484
CC(C)S(=O)(=O)NC[C@H](C)c1ccc(cc1)-c1ccc(CCNS(C)(=O)=O)cc1,PC3,[4*]CC[8*],-0.005574490875005722,0.005964484065771103,-0.011538974940776825
CC(C)S(=O)(=O)NC[C@H](C)c1ccc(cc1)-c1ccc(CCNS(C)(=O)=O)cc1,PC3,[5*]N[5*],-0.005574490875005722,0.011303059756755829,-0.01687755063176155
CC(C)S(=O)(=O)NC[C@H](C)c1ccc(cc1)-c1ccc(CCNS(C)(=O)=O)cc1,PC3,[16*]c1ccc([16*])cc1,-0.005574490875005722,0.002743251621723175,-0.008317742496728897
COc1ccc(CCN(C)CCCOc2ccc(cc2)S(=O)(=O)c2c(C(C)C)c3ccccc3n2C)cc1OC,PC3,[16*]c1ccc(S(=O)(=O)c2c([16*])c3ccccc3n2C)cc1,-0.0024840570986270905,0.014795396476984024,-0.017279453575611115
COc1ccc(CCN(C)CCCOc2ccc(cc2)S(=O)(=O)c2c(C(C)C)c3ccccc3n2C)cc1OC,PC3,[8*]C(C)C,-0.0024840570986270905,0.0034224912524223328,-0.005906548351049423
COc1ccc(CCN(C)CCCOc2ccc(cc2)S(=O)(=O)c2c(C(C)C)c3ccccc3n2C)cc1OC,PC3,[4*]CCC[4*],-0.0024840570986270905,0.006590578705072403,-0.009074635803699493
COc1ccc(CCN(C)CCCOc2ccc(cc2)S(=O)(=O)c2c(C(C)C)c3ccccc3n2C)cc1OC,PC3,[3*]O[3*],-0.0024840570986270905,0.008177507668733597,-0.010661564767360687
COc1ccc(CCN(C)CCCOc2ccc(cc2)S(=O)(=O)c2c(C(C)C)c3ccccc3n2C)cc1OC,PC3,[5*]N([5*])C,-0.0024840570986270905,0.0031014159321784973,-0.005585473030805588
COc1ccc(CCN(C)CCCOc2ccc(cc2)S(=O)(=O)c2c(C(C)C)c3ccccc3n2C)cc1OC,PC3,[4*]CC[8*],-0.0024840570986270905,0.003925155848264694,-0.006409212946891785
COc1ccc(CCN(C)CCCOc2ccc(cc2)S(=O)(=O)c2c(C(C)C)c3ccccc3n2C)cc1OC,PC3,[16*]c1ccc([16*])c([16*])c1,-0.0024840570986270905,-0.0011441409587860107,-0.0013399161398410797
COc1ccc(CCN(C)CCCOc2ccc(cc2)S(=O)(=O)c2c(C(C)C)c3ccccc3n2C)cc1OC,PC3,[3*]OC,-0.0024840570986270905,0.005387399345636368,-0.007871456444263458
C[C@H](CCC(O)=O)[C@H]1CC[C@H]2[C@@H]3[C@H](O)C[C@@H]4C[C@H](O)CC[C@]4(C)[C@H]3C[C@H](O)[C@]12C,PC3,[8*][C@H](C)CCC(=O)O,-0.0016494914889335632,-0.00028444454073905945,-0.0013650469481945038
C[C@H](CCC(O)=O)[C@H]1CC[C@H]2[C@@H]3[C@H](O)C[C@@H]4C[C@H](O)CC[C@]4(C)[C@H]3C[C@H](O)[C@]12C,PC3,[15*][C@H]1CC[C@H]2[C@@H]3[C@H](O)C[C@@H]4C[C@H](O)CC[C@]4(C)[C@H]3C[C@H](O)[C@]12C,-0.0016494914889335632,0.0027882717549800873,-0.0044377632439136505
C[C@@H](NC(=O)c1ncnc(N)c1Cl)c1ncc(s1)C(=O)Nc1cc(c(Cl)cn1)C(F)(F)F,PC3,[14*]c1cnc([14*])s1,-0.012278839945793152,0.007333334535360336,-0.019612174481153488
C[C@@H](NC(=O)c1ncnc(N)c1Cl)c1ncc(s1)C(=O)Nc1cc(c(Cl)cn1)C(F)(F)F,PC3,[14*]c1cc([16*])c(Cl)cn1,-0.012278839945793152,-0.001783948391675949,-0.010494891554117203
C[C@@H](NC(=O)c1ncnc(N)c1Cl)c1ncc(s1)C(=O)Nc1cc(c(Cl)cn1)C(F)(F)F,PC3,[8*]C(F)(F)F,-0.012278839945793152,0.008589241653680801,-0.020868081599473953
C[C@@H](NC(=O)c1ncnc(N)c1Cl)c1ncc(s1)C(=O)Nc1cc(c(Cl)cn1)C(F)(F)F,PC3,[14*]c1ncnc(N)c1Cl,-0.012278839945793152,0.007970854640007019,-0.02024969458580017
C[C@@H](NC(=O)c1ncnc(N)c1Cl)c1ncc(s1)C(=O)Nc1cc(c(Cl)cn1)C(F)(F)F,PC3,[1*]C([6*])=O,-0.012278839945793152,-0.0022033341228961945,-0.010075505822896957
C[C@@H](NC(=O)c1ncnc(N)c1Cl)c1ncc(s1)C(=O)Nc1cc(c(Cl)cn1)C(F)(F)F,PC3,[5*]N[5*],-0.012278839945793152,0.0032680071890354156,-0.015546847134828568
C[C@@H](NC(=O)c1ncnc(N)c1Cl)c1ncc(s1)C(=O)Nc1cc(c(Cl)cn1)C(F)(F)F,PC3,[4*][C@@H]([8*])C,-0.012278839945793152,-0.003924068063497543,-0.008354771882295609
CC(=O)Nc1nnc(s1)S(N)(=O)=O,PC3,[14*]c1nnc(S(N)(=O)=O)s1,-0.008615557104349136,-0.00020000338554382324,-0.008415553718805313
CC(=O)Nc1nnc(s1)S(N)(=O)=O,PC3,[5*]N[5*],-0.008615557104349136,-0.007904570549726486,-0.0007109865546226501
CC(=O)Nc1nnc(s1)S(N)(=O)=O,PC3,[1*]C(C)=O,-0.008615557104349136,-0.014244452118873596,0.00562889501452446
CNC(=O)c1ccc(Nc2ncc(c(NCc3nccnc3N(C)S(C)(=O)=O)n2)C(F)(F)F)cc1,PC3,[14*]c1ncc([16*])c([14*])n1,-0.004654284566640854,0.008439470082521439,-0.013093754649162292
CNC(=O)c1ccc(Nc2ncc(c(NCc3nccnc3N(C)S(C)(=O)=O)n2)C(F)(F)F)cc1,PC3,[5*]NC,-0.004654284566640854,0.006870683282613754,-0.011524967849254608
CNC(=O)c1ccc(Nc2ncc(c(NCc3nccnc3N(C)S(C)(=O)=O)n2)C(F)(F)F)cc1,PC3,[4*]C[8*],-0.004654284566640854,0.005073577165603638,-0.009727861732244492
CNC(=O)c1ccc(Nc2ncc(c(NCc3nccnc3N(C)S(C)(=O)=O)n2)C(F)(F)F)cc1,PC3,[8*]C(F)(F)F,-0.004654284566640854,0.010104618966579437,-0.014758903533220291
CNC(=O)c1ccc(Nc2ncc(c(NCc3nccnc3N(C)S(C)(=O)=O)n2)C(F)(F)F)cc1,PC3,[1*]C([6*])=O,-0.004654284566640854,0.009183663874864578,-0.013837948441505432
CNC(=O)c1ccc(Nc2ncc(c(NCc3nccnc3N(C)S(C)(=O)=O)n2)C(F)(F)F)cc1,PC3,[5*]N([5*])C,-0.004654284566640854,0.011458393186330795,-0.01611267775297165
CNC(=O)c1ccc(Nc2ncc(c(NCc3nccnc3N(C)S(C)(=O)=O)n2)C(F)(F)F)cc1,PC3,[5*]N[5*],-0.004654284566640854,0.012108098715543747,-0.0167623832821846
CNC(=O)c1ccc(Nc2ncc(c(NCc3nccnc3N(C)S(C)(=O)=O)n2)C(F)(F)F)cc1,PC3,[12*]S(C)(=O)=O,-0.004654284566640854,0.013331487774848938,-0.017985772341489792
CNC(=O)c1ccc(Nc2ncc(c(NCc3nccnc3N(C)S(C)(=O)=O)n2)C(F)(F)F)cc1,PC3,[16*]c1ccc([16*])cc1,-0.004654284566640854,0.00949825718998909,-0.014152541756629944
CNC(=O)c1ccc(Nc2ncc(c(NCc3nccnc3N(C)S(C)(=O)=O)n2)C(F)(F)F)cc1,PC3,[14*]c1nccnc1[14*],-0.004654284566640854,0.01097613200545311,-0.015630416572093964
C[C@H](CCC(O)=O)[C@@H]1CC[C@H]2[C@@H]3[C@H](O)C[C@@H]4C[C@H](O)CC[C@]4(C)[C@@H]3CC[C@]12C,PC3,[8*][C@H](C)CCC(=O)O,-0.0031951330602169037,-0.004751484841108322,0.0015563517808914185
C[C@H](CCC(O)=O)[C@@H]1CC[C@H]2[C@@H]3[C@H](O)C[C@@H]4C[C@H](O)CC[C@]4(C)[C@@H]3CC[C@]12C,PC3,[15*][C@@H]1CC[C@H]2[C@@H]3[C@H](O)C[C@@H]4C[C@H](O)CC[C@]4(C)[C@@H]3CC[C@]12C,-0.0031951330602169037,0.0027882717549800873,-0.005983404815196991
Oc1ccc(cc1)-c1coc2cc(O)cc(O)c2c1=O,PC3,[16*]c1ccc(O)cc1,0.010710755363106728,-0.007779724895954132,0.01849048025906086
Oc1ccc(cc1)-c1coc2cc(O)cc(O)c2c1=O,PC3,[16*]c1coc2cc(O)cc(O)c2c1=O,0.010710755363106728,-0.004742540419101715,0.015453295782208443
CC#C[C@@H](CC(O)=O)c1ccc(OCc2cccc(c2)-c2ccc(cc2)C(F)(F)F)cc1,PC3,[16*]c1cccc([16*])c1,-0.0020276419818401337,0.007610473781824112,-0.009638115763664246
CC#C[C@@H](CC(O)=O)c1ccc(OCc2cccc(c2)-c2ccc(cc2)C(F)(F)F)cc1,PC3,[4*]C[8*],-0.0020276419818401337,0.00024146214127540588,-0.0022691041231155396
CC#C[C@@H](CC(O)=O)c1ccc(OCc2cccc(c2)-c2ccc(cc2)C(F)(F)F)cc1,PC3,[8*]C(F)(F)F,-0.0020276419818401337,0.0035302452743053436,-0.005557887256145477
CC#C[C@@H](CC(O)=O)c1ccc(OCc2cccc(c2)-c2ccc(cc2)C(F)(F)F)cc1,PC3,[3*]O[3*],-0.0020276419818401337,0.003414049744606018,-0.005441691726446152
CC#C[C@@H](CC(O)=O)c1ccc(OCc2cccc(c2)-c2ccc(cc2)C(F)(F)F)cc1,PC3,[16*]c1ccc([16*])cc1,-0.0020276419818401337,-0.001798827201128006,-0.00022881478071212769
CC#C[C@@H](CC(O)=O)c1ccc(OCc2cccc(c2)-c2ccc(cc2)C(F)(F)F)cc1,PC3,[8*][C@@H](C#CC)CC(=O)O,-0.0020276419818401337,-0.007758785039186478,0.005731143057346344
CN(C)C(=O)COC(=O)Cc1ccc(OC(=O)c2ccc(NC(N)=N)cc2)cc1,PC3,[1*]C(=O)C[4*],-0.0034765079617500305,0.005205538123846054,-0.008682046085596085
CN(C)C(=O)COC(=O)Cc1ccc(OC(=O)c2ccc(NC(N)=N)cc2)cc1,PC3,[5*]NC(=N)N,-0.0034765079617500305,0.007795263081789017,-0.011271771043539047
CN(C)C(=O)COC(=O)Cc1ccc(OC(=O)c2ccc(NC(N)=N)cc2)cc1,PC3,[1*]C(=O)C[8*],-0.0034765079617500305,0.00221334770321846,-0.005689855664968491
CN(C)C(=O)COC(=O)Cc1ccc(OC(=O)c2ccc(NC(N)=N)cc2)cc1,PC3,[1*]C([6*])=O,-0.0034765079617500305,0.0036473535001277924,-0.007123861461877823
CN(C)C(=O)COC(=O)Cc1ccc(OC(=O)c2ccc(NC(N)=N)cc2)cc1,PC3,[3*]O[3*],-0.0034765079617500305,0.01187877357006073,-0.01535528153181076
CN(C)C(=O)COC(=O)Cc1ccc(OC(=O)c2ccc(NC(N)=N)cc2)cc1,PC3,[5*]N(C)C,-0.0034765079617500305,0.007876884192228317,-0.011353392153978348
CN(C)C(=O)COC(=O)Cc1ccc(OC(=O)c2ccc(NC(N)=N)cc2)cc1,PC3,[16*]c1ccc([16*])cc1,-0.0034765079617500305,0.0028973929584026337,-0.006373900920152664
NCCc1ccc(O)c(O)c1,PC3,[8*]CCN,-0.028899017721414566,-0.015145011246204376,-0.01375400647521019
NCCc1ccc(O)c(O)c1,PC3,[16*]c1ccc(O)c(O)c1,-0.028899017721414566,0.0007562562823295593,-0.029655274003744125
CCC(=O)NCC[C@@H]1CCc2ccc3OCCc3c12,YAPC,[1*]C(=O)CC,0.044138651341199875,0.03875625506043434,0.0053823962807655334
CCC(=O)NCC[C@@H]1CCc2ccc3OCCc3c12,YAPC,[4*]CC[C@@H]1CCc2ccc3c(c21)CCO3,0.044138651341199875,0.0196232832968235,0.024515368044376373
CCC(=O)NCC[C@@H]1CCc2ccc3OCCc3c12,YAPC,[5*]N[5*],0.044138651341199875,0.03760762885212898,0.006531022489070892
O=c1n([se]c2ccccc12)-c1ccccc1,YAPC,O=c1c2ccccc2[se]n1-c1ccccc1,0.04616659879684448,0.046175748109817505,-9.149312973022461e-06
Nc1nc2n(COCCO)cnc2c(=O)[nH]1,YAPC,[3*]OC[8*],0.04356631636619568,0.03490013629198074,0.008666180074214935
Nc1nc2n(COCCO)cnc2c(=O)[nH]1,YAPC,[9*]n1cnc2c(=O)[nH]c(N)nc21,0.04356631636619568,0.031549032777547836,0.012017283588647842
Nc1nc2n(COCCO)cnc2c(=O)[nH]1,YAPC,[4*]CCO,0.04356631636619568,0.03987366333603859,0.0036926530301570892
Fc1ccc(cc1)[C@@H]1CCNC[C@H]1COc1ccc2OCOc2c1,YAPC,[4*]C[8*],0.03973126783967018,0.05365382507443428,-0.013922557234764099
Fc1ccc(cc1)[C@@H]1CCNC[C@H]1COc1ccc2OCOc2c1,YAPC,[3*]O[3*],0.03973126783967018,0.05554945394396782,-0.015818186104297638
Fc1ccc(cc1)[C@@H]1CCNC[C@H]1COc1ccc2OCOc2c1,YAPC,[16*]c1ccc(F)cc1,0.03973126783967018,0.0478169284760952,-0.008085660636425018
Fc1ccc(cc1)[C@@H]1CCNC[C@H]1COc1ccc2OCOc2c1,YAPC,[15*][C@@H]1CCNC[C@H]1[15*],0.03973126783967018,0.05281984061002731,-0.013088572770357132
Fc1ccc(cc1)[C@@H]1CCNC[C@H]1COc1ccc2OCOc2c1,YAPC,[16*]c1ccc2c(c1)OCO2,0.03973126783967018,0.04599180817604065,-0.006260540336370468
[O-][N+](=O)c1ccc2NC(=O)CN=C(c3ccccc3Cl)c2c1,YAPC,O=C1CN=C(c2ccccc2Cl)c2cc([N+](=O)[O-])ccc2N1,0.04331778734922409,0.046175748109817505,-0.0028579607605934143
CCCC[C@H](NC(=O)[C@@H]1[C@@H]2[C@H](CN1C(=O)[C@@H](NC(=O)NC1(CS(=O)(=O)C(C)(C)C)CCCCC1)C(C)(C)C)C2(C)C)C(=O)C(=O)NC1CC1,YAPC,[1*]C(=O)C(=O)[C@@H]([4*])CCCC,0.04477705433964729,0.04221310839056969,0.002563945949077606
CCCC[C@H](NC(=O)[C@@H]1[C@@H]2[C@H](CN1C(=O)[C@@H](NC(=O)NC1(CS(=O)(=O)C(C)(C)C)CCCCC1)C(C)(C)C)C2(C)C)C(=O)C(=O)NC1CC1,YAPC,[1*]C(=O)[C@@H]([4*])C(C)(C)C,0.04477705433964729,0.040056224912405014,0.004720829427242279
CCCC[C@H](NC(=O)[C@@H]1[C@@H]2[C@H](CN1C(=O)[C@@H](NC(=O)NC1(CS(=O)(=O)C(C)(C)C)CCCCC1)C(C)(C)C)C2(C)C)C(=O)C(=O)NC1CC1,YAPC,[8*]CS(=O)(=O)C(C)(C)C,0.04477705433964729,0.03713737800717354,0.007639676332473755
CCCC[C@H](NC(=O)[C@@H]1[C@@H]2[C@H](CN1C(=O)[C@@H](NC(=O)NC1(CS(=O)(=O)C(C)(C)C)CCCCC1)C(C)(C)C)C2(C)C)C(=O)C(=O)NC1CC1,YAPC,[4*]C1([15*])CCCCC1,0.04477705433964729,0.031787533313035965,0.012989521026611328
CCCC[C@H](NC(=O)[C@@H]1[C@@H]2[C@H](CN1C(=O)[C@@H](NC(=O)NC1(CS(=O)(=O)C(C)(C)C)CCCCC1)C(C)(C)C)C2(C)C)C(=O)C(=O)NC1CC1,YAPC,[5*]N1C[C@H]2[C@@H]([C@H]1[13*])C2(C)C,0.04477705433964729,0.031589169055223465,0.013187885284423828
CCCC[C@H](NC(=O)[C@@H]1[C@@H]2[C@H](CN1C(=O)[C@@H](NC(=O)NC1(CS(=O)(=O)C(C)(C)C)CCCCC1)C(C)(C)C)C2(C)C)C(=O)C(=O)NC1CC1,YAPC,[1*]C([6*])=O,0.04477705433964729,0.03318805247545242,0.01158900186419487
CCCC[C@H](NC(=O)[C@@H]1[C@@H]2[C@H](CN1C(=O)[C@@H](NC(=O)NC1(CS(=O)(=O)C(C)(C)C)CCCCC1)C(C)(C)C)C2(C)C)C(=O)C(=O)NC1CC1,YAPC,[5*]N[5*],0.04477705433964729,0.03140316158533096,0.01337389275431633
CCCC[C@H](NC(=O)[C@@H]1[C@@H]2[C@H](CN1C(=O)[C@@H](NC(=O)NC1(CS(=O)(=O)C(C)(C)C)CCCCC1)C(C)(C)C)C2(C)C)C(=O)C(=O)NC1CC1,YAPC,[15*]C1CC1,0.04477705433964729,0.03140316158533096,0.01337389275431633
CCCC[C@H](NC(=O)[C@@H]1[C@@H]2[C@H](CN1C(=O)[C@@H](NC(=O)NC1(CS(=O)(=O)C(C)(C)C)CCCCC1)C(C)(C)C)C2(C)C)C(=O)C(=O)NC1CC1,YAPC,[1*]C([1*])=O,0.04477705433964729,0.03140316158533096,0.01337389275431633
CC(C)c1cc(-c2n[nH]c(=O)n2-c2ccc3n(C)ccc3c2)c(O)cc1O,YAPC,[16*]c1cc([16*])c(O)cc1O,0.035806089639663696,0.04943554103374481,-0.013629451394081116
CC(C)c1cc(-c2n[nH]c(=O)n2-c2ccc3n(C)ccc3c2)c(O)cc1O,YAPC,[16*]c1ccc2c(ccn2C)c1,0.035806089639663696,0.05193178728222847,-0.016125697642564774
CC(C)c1cc(-c2n[nH]c(=O)n2-c2ccc3n(C)ccc3c2)c(O)cc1O,YAPC,[9*]n1c([14*])n[nH]c1=O,0.035806089639663696,0.05203959345817566,-0.016233503818511963
CC(C)c1cc(-c2n[nH]c(=O)n2-c2ccc3n(C)ccc3c2)c(O)cc1O,YAPC,[8*]C(C)C,0.035806089639663696,0.054320283234119415,-0.01851419359445572
CCN1CCN(Cc2ccc(cc2)-c2cc3c(N[C@H](C)c4ccccc4)ncnc3[nH]2)CC1,YAPC,[16*]c1ccccc1,0.04114718362689018,0.051895249634981155,-0.010748066008090973
CCN1CCN(Cc2ccc(cc2)-c2cc3c(N[C@H](C)c4ccccc4)ncnc3[nH]2)CC1,YAPC,[4*]C[8*],0.04114718362689018,0.05655213072896004,-0.015404947102069855
CCN1CCN(Cc2ccc(cc2)-c2cc3c(N[C@H](C)c4ccccc4)ncnc3[nH]2)CC1,YAPC,[14*]c1cc2c([14*])ncnc2[nH]1,0.04114718362689018,0.0571507103741169,-0.016003526747226715
CCN1CCN(Cc2ccc(cc2)-c2cc3c(N[C@H](C)c4ccccc4)ncnc3[nH]2)CC1,YAPC,[5*]N1CCN([5*])CC1,0.04114718362689018,0.058740802109241486,-0.017593618482351303
CCN1CCN(Cc2ccc(cc2)-c2cc3c(N[C@H](C)c4ccccc4)ncnc3[nH]2)CC1,YAPC,[5*]N[5*],0.04114718362689018,0.056047890335321426,-0.014900706708431244
CCN1CCN(Cc2ccc(cc2)-c2cc3c(N[C@H](C)c4ccccc4)ncnc3[nH]2)CC1,YAPC,[16*]c1ccc([16*])cc1,0.04114718362689018,0.05351404845714569,-0.012366864830255508
CCN1CCN(Cc2ccc(cc2)-c2cc3c(N[C@H](C)c4ccccc4)ncnc3[nH]2)CC1,YAPC,[4*]CC,0.04114718362689018,0.05580136552453041,-0.014654181897640228
CCN1CCN(Cc2ccc(cc2)-c2cc3c(N[C@H](C)c4ccccc4)ncnc3[nH]2)CC1,YAPC,[4*][C@@H]([8*])C,0.04114718362689018,0.05585052818059921,-0.01470334455370903
FC(F)(F)[C@]1(OC(=O)Nc2ccc(Cl)cc12)C#CC1CC1,YAPC,O=C1Nc2ccc(Cl)cc2[C@@](C#CC2CC2)(C(F)(F)F)O1,0.04014376923441887,0.046175748109817505,-0.006031978875398636
O=c1c(cc(cn1-c1ccccc1)-c1ccccn1)-c1ccccc1C#N,YAPC,[9*]n1cc([16*])cc([16*])c1=O,0.0336630679666996,0.05164676159620285,-0.01798369362950325
O=c1c(cc(cn1-c1ccccc1)-c1ccccn1)-c1ccccc1C#N,YAPC,[16*]c1ccccc1,0.0336630679666996,0.05027443543076515,-0.016611367464065552
O=c1c(cc(cn1-c1ccccc1)-c1ccccn1)-c1ccccc1C#N,YAPC,[14*]c1ccccn1,0.0336630679666996,0.05158647522330284,-0.01792340725660324
O=c1c(cc(cn1-c1ccccc1)-c1ccccn1)-c1ccccc1C#N,YAPC,[16*]c1ccccc1C#N,0.0336630679666996,0.049826715141534805,-0.016163647174835205
COc1ccc(C=C(C#N)C#N)cc1,YAPC,[16*]c1ccc([16*])cc1,0.0494205541908741,0.03525814786553383,0.014162406325340271
COc1ccc(C=C(C#N)C#N)cc1,YAPC,[7*]C[8*],0.0494205541908741,0.050447702407836914,-0.0010271482169628143
COc1ccc(C=C(C#N)C#N)cc1,YAPC,[7*]C(C#N)C#N,0.0494205541908741,0.049517981708049774,-9.742751717567444e-05
COc1ccc(C=C(C#N)C#N)cc1,YAPC,[3*]OC,0.0494205541908741,0.049306873232126236,0.00011368095874786377
Clc1ccc(C(=O)NS(=O)(=O)c2ccc(Br)s2)c(Cl)c1,YAPC,[1*]C([6*])=O,0.033863093703985214,0.053196318447589874,-0.01933322474360466
Clc1ccc(C(=O)NS(=O)(=O)c2ccc(Br)s2)c(Cl)c1,YAPC,[16*]c1ccc(Cl)cc1Cl,0.033863093703985214,0.04075340926647186,-0.0068903155624866486
Clc1ccc(C(=O)NS(=O)(=O)c2ccc(Br)s2)c(Cl)c1,YAPC,[5*]N[5*],0.033863093703985214,0.04805222898721695,-0.014189135283231735
Clc1ccc(C(=O)NS(=O)(=O)c2ccc(Br)s2)c(Cl)c1,YAPC,[12*]S(=O)(=O)c1ccc(Br)s1,0.033863093703985214,0.05117344856262207,-0.017310354858636856
CO[C@@H]1C[C@H](C[C@@H](C)[C@@H]2CC(=O)[C@H](C)\C=C(C)\[C@@H](O)[C@@H](OC)C(=O)[C@H](C)C[C@H](C)\C=C\C=C\C=C(C)\[C@H](C[C@H]3CC[C@@H](C)[C@@](O)(O3)C(=O)C(=O)N3CCCC[C@H]3C(=O)O2)OC)CC[C@@H]1OC(=O)C(C)(CO)CO,YAPC,[1*]C(=O)C(C)(CO)CO,0.03475464507937431,0.029465217143297195,0.005289427936077118
CO[C@@H]1C[C@H](C[C@@H](C)[C@@H]2CC(=O)[C@H](C)\C=C(C)\[C@@H](O)[C@@H](OC)C(=O)[C@H](C)C[C@H](C)\C=C\C=C\C=C(C)\[C@H](C[C@H]3CC[C@@H](C)[C@@](O)(O3)C(=O)C(=O)N3CCCC[C@H]3C(=O)O2)OC)CC[C@@H]1OC(=O)C(C)(CO)CO,YAPC,[3*]O[3*],0.03475464507937431,0.03310437500476837,0.0016502700746059418
CO[C@@H]1C[C@H](C[C@@H](C)[C@@H]2CC(=O)[C@H](C)\C=C(C)\[C@@H](O)[C@@H](OC)C(=O)[C@H](C)C[C@H](C)\C=C\C=C\C=C(C)\[C@H](C[C@H]3CC[C@@H](C)[C@@](O)(O3)C(=O)C(=O)N3CCCC[C@H]3C(=O)O2)OC)CC[C@@H]1OC(=O)C(C)(CO)CO,YAPC,[13*][C@@H]1CC(=O)[C@H](C)/C=C(\C)[C@@H](O)[C@@H]([15*])C(=O)[C@H](C)C[C@H](C)/C=C/C=C/C=C(\C)[C@@H]([15*])C[C@H]2CC[C@@H](C)[C@@](O)(O2)C(=O)C(=O)N2CCCC[C@H]2C(=O)O1,0.03475464507937431,0.04816461727023125,-0.013409972190856934
CO[C@@H]1C[C@H](C[C@@H](C)[C@@H]2CC(=O)[C@H](C)\C=C(C)\[C@@H](O)[C@@H](OC)C(=O)[C@H](C)C[C@H](C)\C=C\C=C\C=C(C)\[C@H](C[C@H]3CC[C@@H](C)[C@@](O)(O3)C(=O)C(=O)N3CCCC[C@H]3C(=O)O2)OC)CC[C@@H]1OC(=O)C(C)(CO)CO,YAPC,[8*]C[C@H]([8*])C,0.03475464507937431,0.03373155742883682,0.0010230876505374908
CO[C@@H]1C[C@H](C[C@@H](C)[C@@H]2CC(=O)[C@H](C)\C=C(C)\[C@@H](O)[C@@H](OC)C(=O)[C@H](C)C[C@H](C)\C=C\C=C\C=C(C)\[C@H](C[C@H]3CC[C@@H](C)[C@@](O)(O3)C(=O)C(=O)N3CCCC[C@H]3C(=O)O2)OC)CC[C@@H]1OC(=O)C(C)(CO)CO,YAPC,[15*][C@@H]1CC[C@H]([15*])[C@H]([15*])C1,0.03475464507937431,0.03373155742883682,0.0010230876505374908
CO[C@@H]1C[C@H](C[C@@H](C)[C@@H]2CC(=O)[C@H](C)\C=C(C)\[C@@H](O)[C@@H](OC)C(=O)[C@H](C)C[C@H](C)\C=C\C=C\C=C(C)\[C@H](C[C@H]3CC[C@@H](C)[C@@](O)(O3)C(=O)C(=O)N3CCCC[C@H]3C(=O)O2)OC)CC[C@@H]1OC(=O)C(C)(CO)CO,YAPC,[3*]OC,0.03475464507937431,0.03373155742883682,0.0010230876505374908
CCOC(=O)C1=C(C)NC(C)=C(C1c1ccccc1\C=C\C(=O)OC(C)(C)C)C(=O)OCC,YAPC,[4*]C(C)(C)C,0.02969382330775261,0.03885320946574211,-0.009159386157989502
CCOC(=O)C1=C(C)NC(C)=C(C1c1ccccc1\C=C\C(=O)OC(C)(C)C)C(=O)OCC,YAPC,[7*]C[8*],0.02969382330775261,0.04532534256577492,-0.01563151925802231
CCOC(=O)C1=C(C)NC(C)=C(C1c1ccccc1\C=C\C(=O)OC(C)(C)C)C(=O)OCC,YAPC,[16*]c1ccccc1[16*],0.02969382330775261,0.03623727336525917,-0.006543450057506561
CCOC(=O)C1=C(C)NC(C)=C(C1c1ccccc1\C=C\C(=O)OC(C)(C)C)C(=O)OCC,YAPC,[3*]O[3*],0.02969382330775261,0.04287084937095642,-0.013177026063203812
CCOC(=O)C1=C(C)NC(C)=C(C1c1ccccc1\C=C\C(=O)OC(C)(C)C)C(=O)OCC,YAPC,[1*]C(=O)C1=C(C)NC(C)=C(C([1*])=O)C1[15*],0.02969382330775261,0.04445571452379227,-0.014761891216039658
CCOC(=O)C1=C(C)NC(C)=C(C1c1ccccc1\C=C\C(=O)OC(C)(C)C)C(=O)OCC,YAPC,[1*]C(=O)C[7*],0.02969382330775261,0.040098026394844055,-0.010404203087091446
CCOC(=O)C1=C(C)NC(C)=C(C1c1ccccc1\C=C\C(=O)OC(C)(C)C)C(=O)OCC,YAPC,[4*]CC,0.02969382330775261,0.03844814747571945,-0.008754324167966843
CC1(C)S[C@@H]2[C@H](NC(=O)COc3ccccc3)C(=O)N2[C@H]1C(O)=O,YAPC,[16*]c1ccccc1,0.03751012682914734,0.036634255200624466,0.0008758716285228729
CC1(C)S[C@@H]2[C@H](NC(=O)COc3ccccc3)C(=O)N2[C@H]1C(O)=O,YAPC,[1*]C(=O)C[4*],0.03751012682914734,0.051814425736665726,-0.014304298907518387
CC1(C)S[C@@H]2[C@H](NC(=O)COc3ccccc3)C(=O)N2[C@H]1C(O)=O,YAPC,[6*]C(=O)O,0.03751012682914734,0.04425490275025368,-0.0067447759211063385
CC1(C)S[C@@H]2[C@H](NC(=O)COc3ccccc3)C(=O)N2[C@H]1C(O)=O,YAPC,[3*]O[3*],0.03751012682914734,0.04361085221171379,-0.006100725382566452
CC1(C)S[C@@H]2[C@H](NC(=O)COc3ccccc3)C(=O)N2[C@H]1C(O)=O,YAPC,[5*]N[5*],0.03751012682914734,0.03935271129012108,-0.0018425844609737396
CC1(C)S[C@@H]2[C@H](NC(=O)COc3ccccc3)C(=O)N2[C@H]1C(O)=O,YAPC,[13*][C@@H]1N2C(=O)[C@@H]([15*])[C@H]2SC1(C)C,0.03751012682914734,0.03738747909665108,0.0001226477324962616
CN(C(=S)Oc1ccc2ccccc2c1)c1cccc(C)c1,YAPC,[3*]OC(=S)N([5*])C,0.04066016897559166,0.03897513076663017,0.0016850382089614868
CN(C(=S)Oc1ccc2ccccc2c1)c1cccc(C)c1,YAPC,[16*]c1cccc(C)c1,0.04066016897559166,0.046984411776065826,-0.006324242800474167
CN(C(=S)Oc1ccc2ccccc2c1)c1cccc(C)c1,YAPC,[16*]c1ccc2ccccc2c1,0.04066016897559166,0.043397463858127594,-0.0027372948825359344
COC(=O)C1=C(C)NC(C)=C([C@@H]1c1cccc(c1)[N+]([O-])=O)C(=O)OCCCN1CCC(CC1)(c1ccccc1)c1ccccc1,YAPC,[4*]CCC[4*],0.041683461517095566,0.04736149311065674,-0.0056780315935611725
COC(=O)C1=C(C)NC(C)=C([C@@H]1c1cccc(c1)[N+]([O-])=O)C(=O)OCCCN1CCC(CC1)(c1ccccc1)c1ccccc1,YAPC,[16*]c1ccccc1,0.041683461517095566,0.040786292403936386,0.0008971691131591797
COC(=O)C1=C(C)NC(C)=C([C@@H]1c1cccc(c1)[N+]([O-])=O)C(=O)OCCCN1CCC(CC1)(c1ccccc1)c1ccccc1,YAPC,[16*]c1cccc([N+](=O)[O-])c1,0.041683461517095566,0.04252615571022034,-0.0008426941931247711
COC(=O)C1=C(C)NC(C)=C([C@@H]1c1cccc(c1)[N+]([O-])=O)C(=O)OCCCN1CCC(CC1)(c1ccccc1)c1ccccc1,YAPC,[3*]O[3*],0.041683461517095566,0.042752012610435486,-0.00106855109333992
COC(=O)C1=C(C)NC(C)=C([C@@H]1c1cccc(c1)[N+]([O-])=O)C(=O)OCCCN1CCC(CC1)(c1ccccc1)c1ccccc1,YAPC,[1*]C(=O)C1=C(C)NC(C)=C(C([1*])=O)C1[15*],0.041683461517095566,0.052557721734046936,-0.01087426021695137
COC(=O)C1=C(C)NC(C)=C([C@@H]1c1cccc(c1)[N+]([O-])=O)C(=O)OCCCN1CCC(CC1)(c1ccccc1)c1ccccc1,YAPC,[5*]N1CCC([15*])([15*])CC1,0.041683461517095566,0.03969750925898552,0.0019859522581100464
COC(=O)C1=C(C)NC(C)=C([C@@H]1c1cccc(c1)[N+]([O-])=O)C(=O)OCCCN1CCC(CC1)(c1ccccc1)c1ccccc1,YAPC,[3*]OC,0.041683461517095566,0.039458099752664566,0.0022253617644309998
CC(C)[C@H]1CC[C@@H](CC1)C(=O)N[C@H](Cc1ccccc1)C(O)=O,YAPC,[8*]C(C)C,0.04002835229039192,0.0472315214574337,-0.0072031691670417786
CC(C)[C@H]1CC[C@@H](CC1)C(=O)N[C@H](Cc1ccccc1)C(O)=O,YAPC,[15*][C@H]1CC[C@H]([15*])CC1,0.04002835229039192,0.0457177571952343,-0.005689404904842377
CC(C)[C@H]1CC[C@@H](CC1)C(=O)N[C@H](Cc1ccccc1)C(O)=O,YAPC,[16*]c1ccccc1,0.04002835229039192,0.04544893279671669,-0.005420580506324768
CC(C)[C@H]1CC[C@@H](CC1)C(=O)N[C@H](Cc1ccccc1)C(O)=O,YAPC,[1*]C([6*])=O,0.04002835229039192,0.0514371432363987,-0.011408790946006775
CC(C)[C@H]1CC[C@@H](CC1)C(=O)N[C@H](Cc1ccccc1)C(O)=O,YAPC,[5*]N[5*],0.04002835229039192,0.04563332721590996,-0.005604974925518036
CC(C)[C@H]1CC[C@@H](CC1)C(=O)N[C@H](Cc1ccccc1)C(O)=O,YAPC,[4*][C@H](C[8*])C(=O)O,0.04002835229039192,0.04850083962082863,-0.008472487330436707
COc1cc(F)c(cc1-c1ccc(cc1CN1[C@H](C)[C@H](OC1=O)c1cc(cc(c1)C(F)(F)F)C(F)(F)F)C(F)(F)F)C(C)C,YAPC,[8*]C(C)C,0.034500475972890854,0.05709417536854744,-0.022593699395656586
COc1cc(F)c(cc1-c1ccc(cc1CN1[C@H](C)[C@H](OC1=O)c1cc(cc(c1)C(F)(F)F)C(F)(F)F)C(F)(F)F)C(C)C,YAPC,[10*]N1C(=O)O[C@H]([13*])[C@H]1C,0.034500475972890854,0.05841739848256111,-0.023916922509670258
COc1cc(F)c(cc1-c1ccc(cc1CN1[C@H](C)[C@H](OC1=O)c1cc(cc(c1)C(F)(F)F)C(F)(F)F)C(F)(F)F)C(C)C,YAPC,[8*]C(F)(F)F,0.034500475972890854,0.05369075760245323,-0.019190281629562378
COc1cc(F)c(cc1-c1ccc(cc1CN1[C@H](C)[C@H](OC1=O)c1cc(cc(c1)C(F)(F)F)C(F)(F)F)C(F)(F)F)C(C)C,YAPC,[8*]C[8*],0.034500475972890854,0.0572047084569931,-0.02270423248410225
COc1cc(F)c(cc1-c1ccc(cc1CN1[C@H](C)[C@H](OC1=O)c1cc(cc(c1)C(F)(F)F)C(F)(F)F)C(F)(F)F)C(C)C,YAPC,[16*]c1ccc([16*])c([16*])c1,0.034500475972890854,0.052530258893966675,-0.01802978292107582
COc1cc(F)c(cc1-c1ccc(cc1CN1[C@H](C)[C@H](OC1=O)c1cc(cc(c1)C(F)(F)F)C(F)(F)F)C(F)(F)F)C(C)C,YAPC,[16*]c1cc([16*])c(F)cc1[16*],0.034500475972890854,0.05174783989787102,-0.017247363924980164
COc1cc(F)c(cc1-c1ccc(cc1CN1[C@H](C)[C@H](OC1=O)c1cc(cc(c1)C(F)(F)F)C(F)(F)F)C(F)(F)F)C(C)C,YAPC,[16*]c1cc([16*])cc([16*])c1,0.034500475972890854,0.05203651636838913,-0.017536040395498276
COc1cc(F)c(cc1-c1ccc(cc1CN1[C@H](C)[C@H](OC1=O)c1cc(cc(c1)C(F)(F)F)C(F)(F)F)C(F)(F)F)C(C)C,YAPC,[3*]OC,0.034500475972890854,0.05441397428512573,-0.01991349831223488
COc1cc2[C@H]3CC[C@]4(C)[C@@H](O)CC[C@H]4[C@@H]3CCc2cc1O,YAPC,[16*]c1cc2c(cc1O)CC[C@@H]1[C@@H]2CC[C@]2(C)[C@@H](O)CC[C@@H]12,0.037271298468112946,0.030856043100357056,0.00641525536775589
COc1cc2[C@H]3CC[C@]4(C)[C@@H](O)CC[C@H]4[C@@H]3CCc2cc1O,YAPC,[3*]OC,0.037271298468112946,0.042754165828228,-0.005482867360115051
OC(=O)[C@@H]1CSCN1C(=O)[C@@H]1CCC(=O)N1,YAPC,[1*]C([6*])=O,0.03509800136089325,0.036475080996751785,-0.0013770796358585358
OC(=O)[C@@H]1CSCN1C(=O)[C@@H]1CCC(=O)N1,YAPC,[6*]C(=O)O,0.03509800136089325,0.03933136537671089,-0.004233364015817642
OC(=O)[C@@H]1CSCN1C(=O)[C@@H]1CCC(=O)N1,YAPC,[13*][C@@H]1CCC(=O)N1,0.03509800136089325,0.0358768031001091,-0.0007788017392158508
OC(=O)[C@@H]1CSCN1C(=O)[C@@H]1CCC(=O)N1,YAPC,[5*]N1CSC[C@H]1[13*],0.03509800136089325,0.03655264154076576,-0.0014546401798725128
CC(C)(N)C(=O)N[C@H](COCc1ccccc1)C(=O)N1CCC2(CN(c3ccccc23)S(C)(=O)=O)CC1,YAPC,[16*]c1ccccc1,0.044954463839530945,0.039045076817274094,0.005909387022256851
CC(C)(N)C(=O)N[C@H](COCc1ccccc1)C(=O)N1CCC2(CN(c3ccccc23)S(C)(=O)=O)CC1,YAPC,[4*]C[8*],0.044954463839530945,0.0451626218855381,-0.00020815804600715637
CC(C)(N)C(=O)N[C@H](COCc1ccccc1)C(=O)N1CCC2(CN(c3ccccc23)S(C)(=O)=O)CC1,YAPC,[5*]N1CCC2(CC1)CN([5*])c1ccccc12,0.044954463839530945,0.04340226948261261,0.001552194356918335
CC(C)(N)C(=O)N[C@H](COCc1ccccc1)C(=O)N1CCC2(CN(c3ccccc23)S(C)(=O)=O)CC1,YAPC,[1*]C(=O)[C@H]([4*])C[4*],0.044954463839530945,0.047400280833244324,-0.002445816993713379
CC(C)(N)C(=O)N[C@H](COCc1ccccc1)C(=O)N1CCC2(CN(c3ccccc23)S(C)(=O)=O)CC1,YAPC,[1*]C(=O)C(C)(C)N,0.044954463839530945,0.04645322263240814,-0.0014987587928771973
CC(C)(N)C(=O)N[C@H](COCc1ccccc1)C(=O)N1CCC2(CN(c3ccccc23)S(C)(=O)=O)CC1,YAPC,[3*]O[3*],0.044954463839530945,0.04609525576233864,-0.0011407919228076935
CC(C)(N)C(=O)N[C@H](COCc1ccccc1)C(=O)N1CCC2(CN(c3ccccc23)S(C)(=O)=O)CC1,YAPC,[5*]N[5*],0.044954463839530945,0.04692833498120308,-0.0019738711416721344
CC(C)(N)C(=O)N[C@H](COCc1ccccc1)C(=O)N1CCC2(CN(c3ccccc23)S(C)(=O)=O)CC1,YAPC,[12*]S(C)(=O)=O,0.044954463839530945,0.04755491390824318,-0.0026004500687122345
Clc1cc(ccc1C(=O)Nc1ccc(Cl)c(c1)-c1ccccn1)S(C)(=O)=O,YAPC,[14*]c1ccccn1,0.05122682824730873,0.051407281309366226,-0.00018045306205749512
Clc1cc(ccc1C(=O)Nc1ccc(Cl)c(c1)-c1ccccn1)S(C)(=O)=O,YAPC,[1*]C([6*])=O,0.05122682824730873,0.05298088118433952,-0.0017540529370307922
Clc1cc(ccc1C(=O)Nc1ccc(Cl)c(c1)-c1ccccn1)S(C)(=O)=O,YAPC,[16*]c1ccc(Cl)c([16*])c1,0.05122682824730873,0.048510581254959106,0.0027162469923496246
Clc1cc(ccc1C(=O)Nc1ccc(Cl)c(c1)-c1ccccn1)S(C)(=O)=O,YAPC,[5*]N[5*],0.05122682824730873,0.051909953355789185,-0.0006831251084804535
Clc1cc(ccc1C(=O)Nc1ccc(Cl)c(c1)-c1ccccn1)S(C)(=O)=O,YAPC,[16*]c1ccc(S(C)(=O)=O)cc1Cl,0.05122682824730873,0.05120326578617096,2.3562461137771606e-05
CC(C)n1nc(C)nc1-c1cn2CCOc3cc(ccc3-c2n1)-c1cnn(c1)C(C)(C)C(N)=O,YAPC,[8*]C(C)C,0.04624641314148903,0.05490287020802498,-0.00865645706653595
CC(C)n1nc(C)nc1-c1cn2CCOc3cc(ccc3-c2n1)-c1cnn(c1)C(C)(C)C(N)=O,YAPC,[9*]n1nc(C)nc1[14*],0.04624641314148903,0.05851731449365616,-0.01227090135216713
CC(C)n1nc(C)nc1-c1cn2CCOc3cc(ccc3-c2n1)-c1cnn(c1)C(C)(C)C(N)=O,YAPC,[9*]n1cc([16*])cn1,0.04624641314148903,0.05686331167817116,-0.010616898536682129
CC(C)n1nc(C)nc1-c1cn2CCOc3cc(ccc3-c2n1)-c1cnn(c1)C(C)(C)C(N)=O,YAPC,[14*]c1cn2c(n1)-c1ccc([16*])cc1OCC2,0.04624641314148903,0.05057460442185402,-0.00432819128036499
CC(C)n1nc(C)nc1-c1cn2CCOc3cc(ccc3-c2n1)-c1cnn(c1)C(C)(C)C(N)=O,YAPC,[8*]C(C)(C)C(N)=O,0.04624641314148903,0.05622144043445587,-0.009975027292966843
CN(C)C(=O)Cc1c(nc2ccc(C)cn12)-c1ccc(C)cc1,YAPC,[14*]c1nc2ccc(C)cn2c1[14*],0.03774417191743851,0.04874007776379585,-0.010995905846357346
CN(C)C(=O)Cc1c(nc2ccc(C)cn12)-c1ccc(C)cc1,YAPC,[16*]c1ccc(C)cc1,0.03774417191743851,0.04551148787140846,-0.0077673159539699554
CN(C)C(=O)Cc1c(nc2ccc(C)cn12)-c1ccc(C)cc1,YAPC,[5*]N(C)C,0.03774417191743851,0.04904767870903015,-0.011303506791591644
CN(C)C(=O)Cc1c(nc2ccc(C)cn12)-c1ccc(C)cc1,YAPC,[1*]C(=O)C[8*],0.03774417191743851,0.05058523640036583,-0.012841064482927322
C(CN1CCOCC1)Cc1ccc(COc2ccccc2)cc1,YAPC,[5*]N1CCOCC1,0.04106297716498375,0.05014796182513237,-0.00908498466014862
C(CN1CCOCC1)Cc1ccc(COc2ccccc2)cc1,YAPC,[16*]c1ccccc1,0.04106297716498375,0.0479227639734745,-0.006859786808490753
C(CN1CCOCC1)Cc1ccc(COc2ccccc2)cc1,YAPC,[4*]C[8*],0.04106297716498375,0.05226811766624451,-0.011205140501260757
C(CN1CCOCC1)Cc1ccc(COc2ccccc2)cc1,YAPC,[4*]CCC[8*],0.04106297716498375,0.051626551896333694,-0.010563574731349945
C(CN1CCOCC1)Cc1ccc(COc2ccccc2)cc1,YAPC,[3*]O[3*],0.04106297716498375,0.05388675257563591,-0.01282377541065216
C(CN1CCOCC1)Cc1ccc(COc2ccccc2)cc1,YAPC,[16*]c1ccc([16*])cc1,0.04106297716498375,0.04150402918457985,-0.00044105201959609985
CCCSc1nc(N[C@@H]2C[C@@H]2c2ccc(F)c(F)c2)c2nnn([C@@H]3C[C@H](OCCO)[C@H](O)[C@H]3O)c2n1,YAPC,[4*]CCC,0.04939550161361694,0.043554842472076416,0.005840659141540527
CCCSc1nc(N[C@@H]2C[C@@H]2c2ccc(F)c(F)c2)c2nnn([C@@H]3C[C@H](OCCO)[C@H](O)[C@H]3O)c2n1,YAPC,[9*]n1nnc2c([14*])nc([14*])nc21,0.04939550161361694,0.04714362695813179,0.002251874655485153
CCCSc1nc(N[C@@H]2C[C@@H]2c2ccc(F)c(F)c2)c2nnn([C@@H]3C[C@H](OCCO)[C@H](O)[C@H]3O)c2n1,YAPC,[15*][C@@H]1C[C@H]([15*])[C@H](O)[C@H]1O,0.04939550161361694,0.03922749310731888,0.010168008506298065
CCCSc1nc(N[C@@H]2C[C@@H]2c2ccc(F)c(F)c2)c2nnn([C@@H]3C[C@H](OCCO)[C@H](O)[C@H]3O)c2n1,YAPC,[16*]c1ccc(F)c(F)c1,0.04939550161361694,0.0401313416659832,0.009264159947633743
CCCSc1nc(N[C@@H]2C[C@@H]2c2ccc(F)c(F)c2)c2nnn([C@@H]3C[C@H](OCCO)[C@H](O)[C@H]3O)c2n1,YAPC,[4*]CCO,0.04939550161361694,0.0400649718940258,0.00933052971959114
CCCSc1nc(N[C@@H]2C[C@@H]2c2ccc(F)c(F)c2)c2nnn([C@@H]3C[C@H](OCCO)[C@H](O)[C@H]3O)c2n1,YAPC,[3*]O[3*],0.04939550161361694,0.03825840353965759,0.01113709807395935
CCCSc1nc(N[C@@H]2C[C@@H]2c2ccc(F)c(F)c2)c2nnn([C@@H]3C[C@H](OCCO)[C@H](O)[C@H]3O)c2n1,YAPC,[15*][C@@H]1C[C@@H]1[15*],0.04939550161361694,0.04069653898477554,0.0086989626288414
CCCSc1nc(N[C@@H]2C[C@@H]2c2ccc(F)c(F)c2)c2nnn([C@@H]3C[C@H](OCCO)[C@H](O)[C@H]3O)c2n1,YAPC,[5*]N[5*],0.04939550161361694,0.039030566811561584,0.010364934802055359
CCCSc1nc(N[C@@H]2C[C@@H]2c2ccc(F)c(F)c2)c2nnn([C@@H]3C[C@H](OCCO)[C@H](O)[C@H]3O)c2n1,YAPC,[11*]S[11*],0.04939550161361694,0.03938530012965202,0.01001020148396492
CC(=O)OCC(CCn1cnc2cnc(N)nc12)COC(C)=O,YAPC,[4*]CC(C[4*])CC[8*],0.03770218789577484,0.03448270633816719,0.0032194815576076508
CC(=O)OCC(CCn1cnc2cnc(N)nc12)COC(C)=O,YAPC,[3*]O[3*],0.03770218789577484,0.04347655177116394,-0.005774363875389099
CC(=O)OCC(CCn1cnc2cnc(N)nc12)COC(C)=O,YAPC,[9*]n1cnc2cnc(N)nc21,0.03770218789577484,0.03337294980883598,0.004329238086938858
CC(=O)OCC(CCn1cnc2cnc(N)nc12)COC(C)=O,YAPC,[1*]C(C)=O,0.03770218789577484,0.04010480269789696,-0.002402614802122116
CCCCNc1ccc(cc1)C(=O)OCCN(C)C,YAPC,[4*]CCCC,0.047927603125572205,0.04782078042626381,0.00010682269930839539
CCCCNc1ccc(cc1)C(=O)OCCN(C)C,YAPC,[1*]C([6*])=O,0.047927603125572205,0.0481402613222599,-0.00021265819668769836
CCCCNc1ccc(cc1)C(=O)OCCN(C)C,YAPC,[3*]O[3*],0.047927603125572205,0.05205077305436134,-0.004123169928789139
CCCCNc1ccc(cc1)C(=O)OCCN(C)C,YAPC,[5*]N(C)C,0.047927603125572205,0.053061652928590775,-0.00513404980301857
CCCCNc1ccc(cc1)C(=O)OCCN(C)C,YAPC,[5*]N[5*],0.047927603125572205,0.05258827283978462,-0.004660669714212418
CCCCNc1ccc(cc1)C(=O)OCCN(C)C,YAPC,[16*]c1ccc([16*])cc1,0.047927603125572205,0.04375704377889633,0.004170559346675873
CCCCNc1ccc(cc1)C(=O)OCCN(C)C,YAPC,[4*]CC[4*],0.047927603125572205,0.05047279968857765,-0.0025451965630054474
CC(=O)N(O)[C@H]1[C@H](O)C(C)(C)Oc2ccc(cc12)C#N,YAPC,CC(=O)N(O)[C@@H]1c2cc(C#N)ccc2OC(C)(C)[C@H]1O,0.04452572390437126,0.046175748109817505,-0.0016500242054462433
O=C(Nc1ccccc1)C1C(=O)NC(=S)NC1=O,YAPC,[1*]C([6*])=O,0.04195377230644226,0.040127139538526535,0.0018266327679157257
O=C(Nc1ccccc1)C1C(=O)NC(=S)NC1=O,YAPC,[16*]c1ccccc1,0.04195377230644226,0.035633135586977005,0.006320636719465256
O=C(Nc1ccccc1)C1C(=O)NC(=S)NC1=O,YAPC,[15*]C1C(=O)NC(=S)NC1=O,0.04195377230644226,0.043475210666656494,-0.0015214383602142334
O=C(Nc1ccccc1)C1C(=O)NC(=S)NC1=O,YAPC,[5*]N[5*],0.04195377230644226,0.03939373046159744,0.002560041844844818
CCCCC(=O)N(Cc1ccc(cc1)-c1ccccc1-c1nn[nH]n1)[C@@H](C(C)C)C(O)=O,YAPC,[1*]C(=O)CCCC,0.04758450761437416,0.05252702534198761,-0.004942517727613449
CCCCC(=O)N(Cc1ccc(cc1)-c1ccccc1-c1nn[nH]n1)[C@@H](C(C)C)C(O)=O,YAPC,[4*]C[8*],0.04758450761437416,0.05333941802382469,-0.005754910409450531
CCCCC(=O)N(Cc1ccc(cc1)-c1ccccc1-c1nn[nH]n1)[C@@H](C(C)C)C(O)=O,YAPC,[5*]N([5*])[5*],0.04758450761437416,0.051807962357997894,-0.0042234547436237335
CCCCC(=O)N(Cc1ccc(cc1)-c1ccccc1-c1nn[nH]n1)[C@@H](C(C)C)C(O)=O,YAPC,[4*][C@H](C(=O)O)C(C)C,0.04758450761437416,0.05442160740494728,-0.00683709979057312
CCCCC(=O)N(Cc1ccc(cc1)-c1ccccc1-c1nn[nH]n1)[C@@H](C(C)C)C(O)=O,YAPC,[16*]c1ccccc1[16*],0.04758450761437416,0.04941539838910103,-0.0018308907747268677
CCCCC(=O)N(Cc1ccc(cc1)-c1ccccc1-c1nn[nH]n1)[C@@H](C(C)C)C(O)=O,YAPC,[16*]c1ccc([16*])cc1,0.04758450761437416,0.049794722348451614,-0.0022102147340774536
CCCCC(=O)N(Cc1ccc(cc1)-c1ccccc1-c1nn[nH]n1)[C@@H](C(C)C)C(O)=O,YAPC,[14*]c1nn[nH]n1,0.04758450761437416,0.051218047738075256,-0.0036335401237010956
COc1ccc(cc1OC)S(=O)(=O)N1CCCN(CC1)S(=O)(=O)c1ccc(OC)c(OC)c1,YAPC,[12*]S(=O)(=O)c1ccc([16*])c([16*])c1,0.04422951489686966,0.03557669743895531,0.008652817457914352
COc1ccc(cc1OC)S(=O)(=O)N1CCCN(CC1)S(=O)(=O)c1ccc(OC)c(OC)c1,YAPC,[5*]N1CCCN([5*])CC1,0.04422951489686966,0.044954441487789154,-0.0007249265909194946
COc1ccc(cc1OC)S(=O)(=O)N1CCCN(CC1)S(=O)(=O)c1ccc(OC)c(OC)c1,YAPC,[3*]OC,0.04422951489686966,0.04907022416591644,-0.0048407092690467834
C[C@H](CCC(=O)NCCS(O)(=O)=O)[C@H]1CC[C@H]2[C@@H]3[C@@H](O)C[C@@H]4C[C@H](O)CC[C@]4(C)[C@H]3CC[C@]12C,YAPC,[15*][C@H]1CC[C@H]2[C@@H]3[C@@H](O)C[C@@H]4C[C@H](O)CC[C@]4(C)[C@H]3CC[C@]12C,0.03391856700181961,0.03032645583152771,0.0035921111702919006
C[C@H](CCC(=O)NCCS(O)(=O)=O)[C@H]1CC[C@H]2[C@@H]3[C@@H](O)C[C@@H]4C[C@H](O)CC[C@]4(C)[C@H]3CC[C@]12C,YAPC,[4*]CCS(=O)(=O)O,0.03391856700181961,0.03442554175853729,-0.0005069747567176819
C[C@H](CCC(=O)NCCS(O)(=O)=O)[C@H]1CC[C@H]2[C@@H]3[C@@H](O)C[C@@H]4C[C@H](O)CC[C@]4(C)[C@H]3CC[C@]12C,YAPC,[1*]C(=O)CC[C@H]([8*])C,0.03391856700181961,0.034460265189409256,-0.0005416981875896454
C[C@H](CCC(=O)NCCS(O)(=O)=O)[C@H]1CC[C@H]2[C@@H]3[C@@H](O)C[C@@H]4C[C@H](O)CC[C@]4(C)[C@H]3CC[C@]12C,YAPC,[5*]N[5*],0.03391856700181961,0.0338967889547348,2.177804708480835e-05
CCOC(=O)C(C)(C)Oc1ccc(Cl)cc1,YAPC,[1*]C(=O)C([4*])(C)C,0.04636957123875618,0.04737125709652901,-0.0010016858577728271
CCOC(=O)C(C)(C)Oc1ccc(Cl)cc1,YAPC,[3*]O[3*],0.04636957123875618,0.04782383516430855,-0.0014542639255523682
CCOC(=O)C(C)(C)Oc1ccc(Cl)cc1,YAPC,[4*]CC,0.04636957123875618,0.04557067155838013,0.0007988996803760529
CCOC(=O)C(C)(C)Oc1ccc(Cl)cc1,YAPC,[16*]c1ccc(Cl)cc1,0.04636957123875618,0.030786223709583282,0.015583347529172897
COc1ccc(NC(=O)c2ccc(cc2)C(=N)N(C)C)c(c1)C(=O)Nc1ccc(Cl)cn1,YAPC,[14*]c1ccc(Cl)cn1,0.048516035079956055,0.05013598874211311,-0.0016199536621570587
COc1ccc(NC(=O)c2ccc(cc2)C(=N)N(C)C)c(c1)C(=O)Nc1ccc(Cl)cn1,YAPC,[1*]C([6*])=O,0.048516035079956055,0.06071355566382408,-0.012197520583868027
COc1ccc(NC(=O)c2ccc(cc2)C(=N)N(C)C)c(c1)C(=O)Nc1ccc(Cl)cn1,YAPC,[5*]N[5*],0.048516035079956055,0.05709356069564819,-0.008577525615692139
COc1ccc(NC(=O)c2ccc(cc2)C(=N)N(C)C)c(c1)C(=O)Nc1ccc(Cl)cn1,YAPC,[16*]c1ccc([16*])c([16*])c1,0.048516035079956055,0.053964659571647644,-0.005448624491691589
COc1ccc(NC(=O)c2ccc(cc2)C(=N)N(C)C)c(c1)C(=O)Nc1ccc(Cl)cn1,YAPC,[16*]c1ccc(C(=N)N(C)C)cc1,0.048516035079956055,0.054190199822187424,-0.005674164742231369
COc1ccc(NC(=O)c2ccc(cc2)C(=N)N(C)C)c(c1)C(=O)Nc1ccc(Cl)cn1,YAPC,[3*]OC,0.048516035079956055,0.05770837143063545,-0.009192336350679398
CC\C(c1ccc(O)cc1)=C(\CC)c1ccc(O)cc1,YAPC,[16*]c1ccc(O)cc1,0.0437086820602417,0.036193955689668655,0.007514726370573044
CC\C(c1ccc(O)cc1)=C(\CC)c1ccc(O)cc1,YAPC,[7*]C([8*])CC,0.0437086820602417,0.05001230537891388,-0.00630362331867218
CC[C@H](C)[C@H](NC(=O)[C@H](Cc1ccc(O)cc1)NC(=O)[C@@H](NC(=O)[C@@H](CCCNC(N)=N)NC(=O)[C@@H](N)CC(O)=O)C(C)C)C(=O)N[C@@H](Cc1cnc[nH]1)C(=O)N1CCC[C@@H]1C(=O)N[C@H](Cc1ccccc1)C(O)=O,YAPC,[16*]c1ccc(O)cc1,0.044282831251621246,0.04168152064085007,0.002601310610771179
CC[C@H](C)[C@H](NC(=O)[C@H](Cc1ccc(O)cc1)NC(=O)[C@@H](NC(=O)[C@@H](CCCNC(N)=N)NC(=O)[C@@H](N)CC(O)=O)C(C)C)C(=O)N[C@@H](Cc1cnc[nH]1)C(=O)N1CCC[C@@H]1C(=O)N[C@H](Cc1ccccc1)C(O)=O,YAPC,[1*]C(=O)[C@@H]([4*])C(C)C,0.044282831251621246,0.049881983548402786,-0.00559915229678154
CC[C@H](C)[C@H](NC(=O)[C@H](Cc1ccc(O)cc1)NC(=O)[C@@H](NC(=O)[C@@H](CCCNC(N)=N)NC(=O)[C@@H](N)CC(O)=O)C(C)C)C(=O)N[C@@H](Cc1cnc[nH]1)C(=O)N1CCC[C@@H]1C(=O)N[C@H](Cc1ccccc1)C(O)=O,YAPC,[5*]NC(=N)N,0.044282831251621246,0.04466138407588005,-0.0003785528242588043
CC[C@H](C)[C@H](NC(=O)[C@H](Cc1ccc(O)cc1)NC(=O)[C@@H](NC(=O)[C@@H](CCCNC(N)=N)NC(=O)[C@@H](N)CC(O)=O)C(C)C)C(=O)N[C@@H](Cc1cnc[nH]1)C(=O)N1CCC[C@@H]1C(=O)N[C@H](Cc1ccccc1)C(O)=O,YAPC,[16*]c1ccccc1,0.044282831251621246,0.04152439162135124,0.0027584396302700043
CC[C@H](C)[C@H](NC(=O)[C@H](Cc1ccc(O)cc1)NC(=O)[C@@H](NC(=O)[C@@H](CCCNC(N)=N)NC(=O)[C@@H](N)CC(O)=O)C(C)C)C(=O)N[C@@H](Cc1cnc[nH]1)C(=O)N1CCC[C@@H]1C(=O)N[C@H](Cc1ccccc1)C(O)=O,YAPC,[4*][C@H](C[8*])C(=O)O,0.044282831251621246,0.04957391694188118,-0.0052910856902599335
CC[C@H](C)[C@H](NC(=O)[C@H](Cc1ccc(O)cc1)NC(=O)[C@@H](NC(=O)[C@@H](CCCNC(N)=N)NC(=O)[C@@H](N)CC(O)=O)C(C)C)C(=O)N[C@@H](Cc1cnc[nH]1)C(=O)N1CCC[C@@H]1C(=O)N[C@H](Cc1ccccc1)C(O)=O,YAPC,[1*]C([6*])=O,0.044282831251621246,0.04632465913891792,-0.0020418278872966766
CC[C@H](C)[C@H](NC(=O)[C@H](Cc1ccc(O)cc1)NC(=O)[C@@H](NC(=O)[C@@H](CCCNC(N)=N)NC(=O)[C@@H](N)CC(O)=O)C(C)C)C(=O)N[C@@H](Cc1cnc[nH]1)C(=O)N1CCC[C@@H]1C(=O)N[C@H](Cc1ccccc1)C(O)=O,YAPC,[1*]C(=O)[C@@H]([4*])C[8*],0.044282831251621246,0.04699443653225899,-0.002711605280637741
CC[C@H](C)[C@H](NC(=O)[C@H](Cc1ccc(O)cc1)NC(=O)[C@@H](NC(=O)[C@@H](CCCNC(N)=N)NC(=O)[C@@H](N)CC(O)=O)C(C)C)C(=O)N[C@@H](Cc1cnc[nH]1)C(=O)N1CCC[C@@H]1C(=O)N[C@H](Cc1ccccc1)C(O)=O,YAPC,[1*]C(=O)[C@@H](N)CC(=O)O,0.044282831251621246,0.04894468933343887,-0.004661858081817627
CC[C@H](C)[C@H](NC(=O)[C@H](Cc1ccc(O)cc1)NC(=O)[C@@H](NC(=O)[C@@H](CCCNC(N)=N)NC(=O)[C@@H](N)CC(O)=O)C(C)C)C(=O)N[C@@H](Cc1cnc[nH]1)C(=O)N1CCC[C@@H]1C(=O)N[C@H](Cc1ccccc1)C(O)=O,YAPC,[14*]c1cnc[nH]1,0.044282831251621246,0.045785900205373764,-0.0015030689537525177
CC[C@H](C)[C@H](NC(=O)[C@H](Cc1ccc(O)cc1)NC(=O)[C@@H](NC(=O)[C@@H](CCCNC(N)=N)NC(=O)[C@@H](N)CC(O)=O)C(C)C)C(=O)N[C@@H](Cc1cnc[nH]1)C(=O)N1CCC[C@@H]1C(=O)N[C@H](Cc1ccccc1)C(O)=O,YAPC,[5*]N1CCC[C@@H]1[13*],0.044282831251621246,0.045785900205373764,-0.0015030689537525177
CC[C@H](C)[C@H](NC(=O)[C@H](Cc1ccc(O)cc1)NC(=O)[C@@H](NC(=O)[C@@H](CCCNC(N)=N)NC(=O)[C@@H](N)CC(O)=O)C(C)C)C(=O)N[C@@H](Cc1cnc[nH]1)C(=O)N1CCC[C@@H]1C(=O)N[C@H](Cc1ccccc1)C(O)=O,YAPC,[5*]N[5*],0.044282831251621246,0.045785900205373764,-0.0015030689537525177
CC[C@H](C)[C@H](NC(=O)[C@H](Cc1ccc(O)cc1)NC(=O)[C@@H](NC(=O)[C@@H](CCCNC(N)=N)NC(=O)[C@@H](N)CC(O)=O)C(C)C)C(=O)N[C@@H](Cc1cnc[nH]1)C(=O)N1CCC[C@@H]1C(=O)N[C@H](Cc1ccccc1)C(O)=O,YAPC,[1*]C(=O)[C@H]([4*])CCC[4*],0.044282831251621246,0.045785900205373764,-0.0015030689537525177
CC[C@H](C)[C@H](NC(=O)[C@H](Cc1ccc(O)cc1)NC(=O)[C@@H](NC(=O)[C@@H](CCCNC(N)=N)NC(=O)[C@@H](N)CC(O)=O)C(C)C)C(=O)N[C@@H](Cc1cnc[nH]1)C(=O)N1CCC[C@@H]1C(=O)N[C@H](Cc1ccccc1)C(O)=O,YAPC,[1*]C(=O)[C@@H]([4*])[C@@H](C)CC,0.044282831251621246,0.045785900205373764,-0.0015030689537525177
CCN(CC)C(=O)N1CCN(C)CC1,YAPC,[5*]N1CCN(C)CC1,0.04013034328818321,0.035960763692855835,0.004169579595327377
CCN(CC)C(=O)N1CCN(C)CC1,YAPC,[4*]CC,0.04013034328818321,0.04557148367166519,-0.005441140383481979
CCN(CC)C(=O)N1CCN(C)CC1,YAPC,[1*]C([1*])=O,0.04013034328818321,0.03612006828188896,0.0040102750062942505
CCN(CC)C(=O)N1CCN(C)CC1,YAPC,[5*]N([5*])[5*],0.04013034328818321,0.039248522371053696,0.0008818209171295166
CCN(Cc1ccccc1)C(=O)Cn1c2nc(ncc2n(C)c1=O)-c1ccccc1,YAPC,[16*]c1ccccc1,0.04670092463493347,0.040808141231536865,0.0058927834033966064
CCN(Cc1ccccc1)C(=O)Cn1c2nc(ncc2n(C)c1=O)-c1ccccc1,YAPC,[4*]C[8*],0.04670092463493347,0.04759305343031883,-0.0008921287953853607
CCN(Cc1ccccc1)C(=O)Cn1c2nc(ncc2n(C)c1=O)-c1ccccc1,YAPC,[1*]C(=O)C[8*],0.04670092463493347,0.048492785543203354,-0.0017918609082698822
CCN(Cc1ccccc1)C(=O)Cn1c2nc(ncc2n(C)c1=O)-c1ccccc1,YAPC,[5*]N([5*])[5*],0.04670092463493347,0.04855278134346008,-0.0018518567085266113
CCN(Cc1ccccc1)C(=O)Cn1c2nc(ncc2n(C)c1=O)-c1ccccc1,YAPC,[9*]n1c(=O)n(C)c2cnc([14*])nc21,0.04670092463493347,0.05021531134843826,-0.0035143867135047913
CCN(Cc1ccccc1)C(=O)Cn1c2nc(ncc2n(C)c1=O)-c1ccccc1,YAPC,[4*]CC,0.04670092463493347,0.048655714839696884,-0.0019547902047634125
Nc1cc(c[nH]c1=O)-c1ccncc1,YAPC,[16*]c1c[nH]c(=O)c(N)c1,0.05058719962835312,0.039338964968919754,0.011248234659433365
Nc1cc(c[nH]c1=O)-c1ccncc1,YAPC,[16*]c1ccncc1,0.05058719962835312,0.03832714632153511,0.012260053306818008
CC(C)(Oc1ccc(CCNC(=O)c2ccc(Cl)cc2)cc1)C(O)=O,YAPC,[4*]C(C)(C)C(=O)O,0.050067562609910965,0.05402452126145363,-0.003956958651542664
CC(C)(Oc1ccc(CCNC(=O)c2ccc(Cl)cc2)cc1)C(O)=O,YAPC,[16*]c1ccc(Cl)cc1,0.050067562609910965,0.04703681543469429,0.003030747175216675
CC(C)(Oc1ccc(CCNC(=O)c2ccc(Cl)cc2)cc1)C(O)=O,YAPC,[1*]C([6*])=O,0.050067562609910965,0.05511200800538063,-0.0050444453954696655
CC(C)(Oc1ccc(CCNC(=O)c2ccc(Cl)cc2)cc1)C(O)=O,YAPC,[3*]O[3*],0.050067562609910965,0.057206783443689346,-0.007139220833778381
CC(C)(Oc1ccc(CCNC(=O)c2ccc(Cl)cc2)cc1)C(O)=O,YAPC,[5*]N[5*],0.050067562609910965,0.05451977625489235,-0.004452213644981384
CC(C)(Oc1ccc(CCNC(=O)c2ccc(Cl)cc2)cc1)C(O)=O,YAPC,[4*]CC[8*],0.050067562609910965,0.05549364164471626,-0.005426079034805298
CC(C)(Oc1ccc(CCNC(=O)c2ccc(Cl)cc2)cc1)C(O)=O,YAPC,[16*]c1ccc([16*])cc1,0.050067562609910965,0.051697857677936554,-0.001630295068025589
CC(C)(C)[N+](\[O-])=C\c1ccc(cc1S(O)(=O)=O)S(O)(=O)=O,YAPC,CC(C)(C)/[N+]([O-])=C/c1ccc(S(=O)(=O)O)cc1S(=O)(=O)O,0.04532666504383087,0.046175748109817505,-0.0008490830659866333
COCCOc1ccc(cc1)N1CCN(CCn2ncc3c2nc(N)n2nc(nc32)-c2ccco2)CC1,YAPC,[9*]n1ncc2c1nc(N)n1nc([14*])nc21,0.04602088779211044,0.05630648136138916,-0.010285593569278717
COCCOc1ccc(cc1)N1CCN(CCn2ncc3c2nc(N)n2nc(nc32)-c2ccco2)CC1,YAPC,[5*]N1CCN([5*])CC1,0.04602088779211044,0.050425175577402115,-0.004404287785291672
COCCOc1ccc(cc1)N1CCN(CCn2ncc3c2nc(N)n2nc(nc32)-c2ccco2)CC1,YAPC,[14*]c1ccco1,0.04602088779211044,0.04817596450448036,-0.002155076712369919
COCCOc1ccc(cc1)N1CCN(CCn2ncc3c2nc(N)n2nc(nc32)-c2ccco2)CC1,YAPC,[3*]O[3*],0.04602088779211044,0.05211197957396507,-0.0060910917818546295
COCCOc1ccc(cc1)N1CCN(CCn2ncc3c2nc(N)n2nc(nc32)-c2ccco2)CC1,YAPC,[16*]c1ccc([16*])cc1,0.04602088779211044,0.04429832845926285,0.0017225593328475952
COCCOc1ccc(cc1)N1CCN(CCn2ncc3c2nc(N)n2nc(nc32)-c2ccco2)CC1,YAPC,[4*]CC[8*],0.04602088779211044,0.049062397330999374,-0.0030415095388889313
COCCOc1ccc(cc1)N1CCN(CCn2ncc3c2nc(N)n2nc(nc32)-c2ccco2)CC1,YAPC,[4*]CC[4*],0.04602088779211044,0.04869621619582176,-0.002675328403711319
COCCOc1ccc(cc1)N1CCN(CCn2ncc3c2nc(N)n2nc(nc32)-c2ccco2)CC1,YAPC,[3*]OC,0.04602088779211044,0.04663488641381264,-0.0006139986217021942
C[C@@H]1COC(Nc2ccc3ncnc(Nc4ccc(OCc5nccs5)c(Cl)c4)c3c2)=N1,YAPC,[5*]NC1=N[C@H](C)CO1,0.05329885333776474,0.05441081523895264,-0.0011119619011878967
C[C@@H]1COC(Nc2ccc3ncnc(Nc4ccc(OCc5nccs5)c(Cl)c4)c3c2)=N1,YAPC,[14*]c1ncnc2ccc([16*])cc12,0.05329885333776474,0.05224829912185669,0.0010505542159080505
C[C@@H]1COC(Nc2ccc3ncnc(Nc4ccc(OCc5nccs5)c(Cl)c4)c3c2)=N1,YAPC,[14*]c1nccs1,0.05329885333776474,0.05089228227734566,0.0024065710604190826
C[C@@H]1COC(Nc2ccc3ncnc(Nc4ccc(OCc5nccs5)c(Cl)c4)c3c2)=N1,YAPC,[16*]c1ccc([16*])c(Cl)c1,0.05329885333776474,0.04858744889497757,0.00471140444278717
C[C@@H]1COC(Nc2ccc3ncnc(Nc4ccc(OCc5nccs5)c(Cl)c4)c3c2)=N1,YAPC,[4*]C[8*],0.05329885333776474,0.05322456732392311,7.428601384162903e-05
C[C@@H]1COC(Nc2ccc3ncnc(Nc4ccc(OCc5nccs5)c(Cl)c4)c3c2)=N1,YAPC,[3*]O[3*],0.05329885333776474,0.05528770014643669,-0.0019888468086719513
C[C@@H]1COC(Nc2ccc3ncnc(Nc4ccc(OCc5nccs5)c(Cl)c4)c3c2)=N1,YAPC,[5*]N[5*],0.05329885333776474,0.05444923788309097,-0.001150384545326233
Cc1cc(=O)oc2cc(O)ccc12,YAPC,Cc1cc(=O)oc2cc(O)ccc12,0.050607070326805115,0.046175748109817505,0.00443132221698761
CCOc1ccc(Cc2cc(ccc2Cl)[C@@H]2O[C@H](CO)[C@@H](O)[C@H](O)[C@@H]2O)cc1,YAPC,[13*][C@@H]1O[C@H]([13*])[C@@H](O)[C@H](O)[C@@H]1O,0.049919433891773224,0.0586141012609005,-0.008694667369127274
CCOc1ccc(Cc2cc(ccc2Cl)[C@@H]2O[C@H](CO)[C@@H](O)[C@H](O)[C@@H]2O)cc1,YAPC,[8*]CO,0.049919433891773224,0.05267628654837608,-0.0027568526566028595
CCOc1ccc(Cc2cc(ccc2Cl)[C@@H]2O[C@H](CO)[C@@H](O)[C@H](O)[C@@H]2O)cc1,YAPC,[3*]O[3*],0.049919433891773224,0.05633397400379181,-0.006414540112018585
CCOc1ccc(Cc2cc(ccc2Cl)[C@@H]2O[C@H](CO)[C@@H](O)[C@H](O)[C@@H]2O)cc1,YAPC,[16*]c1ccc(Cl)c([16*])c1,0.049919433891773224,0.049892742186784744,2.6691704988479614e-05
CCOc1ccc(Cc2cc(ccc2Cl)[C@@H]2O[C@H](CO)[C@@H](O)[C@H](O)[C@@H]2O)cc1,YAPC,[16*]c1ccc([16*])cc1,0.049919433891773224,0.05442655831575394,-0.004507124423980713
CCOc1ccc(Cc2cc(ccc2Cl)[C@@H]2O[C@H](CO)[C@@H](O)[C@H](O)[C@@H]2O)cc1,YAPC,[8*]C[8*],0.049919433891773224,0.05561818554997444,-0.005698751658201218
CCOc1ccc(Cc2cc(ccc2Cl)[C@@H]2O[C@H](CO)[C@@H](O)[C@H](O)[C@@H]2O)cc1,YAPC,[4*]CC,0.049919433891773224,0.054559290409088135,-0.004639856517314911
C[C@H](CSC(=O)c1ccccc1)C(=O)N1C[C@H](C[C@H]1C(O)=O)Sc1ccccc1,YAPC,[16*]c1ccccc1,0.04480767995119095,0.04900183156132698,-0.004194151610136032
C[C@H](CSC(=O)c1ccccc1)C(=O)N1C[C@H](C[C@H]1C(O)=O)Sc1ccccc1,YAPC,[6*]C(=O)S[11*],0.04480767995119095,0.05453414469957352,-0.009726464748382568
C[C@H](CSC(=O)c1ccccc1)C(=O)N1C[C@H](C[C@H]1C(O)=O)Sc1ccccc1,YAPC,[6*]C(=O)O,0.04480767995119095,0.05353512987494469,-0.008727449923753738
C[C@H](CSC(=O)c1ccccc1)C(=O)N1C[C@H](C[C@H]1C(O)=O)Sc1ccccc1,YAPC,[5*]N1C[C@@H]([15*])C[C@H]1[13*],0.04480767995119095,0.047637347131967545,-0.002829667180776596
C[C@H](CSC(=O)c1ccccc1)C(=O)N1C[C@H](C[C@H]1C(O)=O)Sc1ccccc1,YAPC,[11*]S[11*],0.04480767995119095,0.046317849308252335,-0.001510169357061386
C[C@H](CSC(=O)c1ccccc1)C(=O)N1C[C@H](C[C@H]1C(O)=O)Sc1ccccc1,YAPC,[1*]C(=O)[C@H](C)C[4*],0.04480767995119095,0.04824855178594589,-0.003440871834754944
COc1cc(cc(OC)c1OC)\C=C\C(=O)N1CCN(CC(=O)N2CCCC2)CC1,YAPC,[5*]N1CCCC1,0.045835547149181366,0.05254358798265457,-0.006708040833473206
COc1cc(cc(OC)c1OC)\C=C\C(=O)N1CCN(CC(=O)N2CCCC2)CC1,YAPC,[16*]c1cc([16*])c([16*])c([16*])c1,0.045835547149181366,0.04006180539727211,0.005773741751909256
COc1cc(cc(OC)c1OC)\C=C\C(=O)N1CCN(CC(=O)N2CCCC2)CC1,YAPC,[7*]C[8*],0.045835547149181366,0.05462348088622093,-0.008787933737039566
COc1cc(cc(OC)c1OC)\C=C\C(=O)N1CCN(CC(=O)N2CCCC2)CC1,YAPC,[1*]C(=O)C[4*],0.045835547149181366,0.055483486503362656,-0.00964793935418129
COc1cc(cc(OC)c1OC)\C=C\C(=O)N1CCN(CC(=O)N2CCCC2)CC1,YAPC,[5*]N1CCN([5*])CC1,0.045835547149181366,0.049952432513237,-0.0041168853640556335
COc1cc(cc(OC)c1OC)\C=C\C(=O)N1CCN(CC(=O)N2CCCC2)CC1,YAPC,[1*]C(=O)C[7*],0.045835547149181366,0.05328904837369919,-0.007453501224517822
COc1cc(cc(OC)c1OC)\C=C\C(=O)N1CCN(CC(=O)N2CCCC2)CC1,YAPC,[3*]OC,0.045835547149181366,0.050513558089733124,-0.004678010940551758
Cc1cc(=O)n(-c2ccccc2)n1C,YAPC,[16*]c1ccccc1,0.0472576841711998,0.04116499423980713,0.00609268993139267
Cc1cc(=O)n(-c2ccccc2)n1C,YAPC,[9*]n1c(=O)cc(C)n1C,0.0472576841711998,0.04672766104340553,0.0005300231277942657
CO\N=C(/C(=O)N[C@H]1[C@H]2SCC(C[n+]3ccn4ncccc34)=C(N2C1=O)C(O)=O)c1nsc(N)n1,YAPC,[1*]C(=O)/C(=N\OC)c1nsc(N)n1,0.0339827835559845,0.029116254299879074,0.004866529256105423
CO\N=C(/C(=O)N[C@H]1[C@H]2SCC(C[n+]3ccn4ncccc34)=C(N2C1=O)C(O)=O)c1nsc(N)n1,YAPC,[15*][C@@H]1C(=O)N2C(C(=O)O)=C(C[n+]3ccn4ncccc43)CS[C@H]12,0.0339827835559845,0.04026070237159729,-0.006277918815612793
CO\N=C(/C(=O)N[C@H]1[C@H]2SCC(C[n+]3ccn4ncccc34)=C(N2C1=O)C(O)=O)c1nsc(N)n1,YAPC,[5*]N[5*],0.0339827835559845,0.039536699652671814,-0.005553916096687317
CC[C@H](NC(=O)c1c(O)c(nc2ccccc12)-c1ccccc1)c1ccccc1,YAPC,[16*]c1ccccc1,0.03738417103886604,0.04273875430226326,-0.005354583263397217
CC[C@H](NC(=O)c1c(O)c(nc2ccccc12)-c1ccccc1)c1ccccc1,YAPC,[1*]C([6*])=O,0.03738417103886604,0.05096156522631645,-0.013577394187450409
CC[C@H](NC(=O)c1c(O)c(nc2ccccc12)-c1ccccc1)c1ccccc1,YAPC,[14*]c1nc2ccccc2c([16*])c1O,0.03738417103886604,0.04561847075819969,-0.008234299719333649
CC[C@H](NC(=O)c1c(O)c(nc2ccccc12)-c1ccccc1)c1ccccc1,YAPC,[5*]N[5*],0.03738417103886604,0.048864640295505524,-0.01148046925663948
CC[C@H](NC(=O)c1c(O)c(nc2ccccc12)-c1ccccc1)c1ccccc1,YAPC,[4*][C@H]([8*])CC,0.03738417103886604,0.05127197504043579,-0.013887804001569748
CCCCCCCCCCCCCCSCC(O)=O,YAPC,[4*]CC(=O)O,0.049259550869464874,0.04223461449146271,0.007024936378002167
CCCCCCCCCCCCCCSCC(O)=O,YAPC,[4*]CCCCCCCCCCCCCC,0.049259550869464874,0.03198956325650215,0.017269987612962723
CCCCCCCCCCCCCCSCC(O)=O,YAPC,[11*]S[11*],0.049259550869464874,0.03530732914805412,0.013952221721410751
CC(=O)NC[C@H]1CN(C(=O)O1)c1ccc(N2CCN(CC2)C(=O)CO)c(F)c1,YAPC,[4*]C[8*],0.04478601738810539,0.05517887324094772,-0.010392855852842331
CC(=O)NC[C@H]1CN(C(=O)O1)c1ccc(N2CCN(CC2)C(=O)CO)c(F)c1,YAPC,[5*]N1CCN([5*])CC1,0.04478601738810539,0.051067449152469635,-0.0062814317643642426
CC(=O)NC[C@H]1CN(C(=O)O1)c1ccc(N2CCN(CC2)C(=O)CO)c(F)c1,YAPC,[1*]C(=O)CO,0.04478601738810539,0.05393411964178085,-0.00914810225367546
CC(=O)NC[C@H]1CN(C(=O)O1)c1ccc(N2CCN(CC2)C(=O)CO)c(F)c1,YAPC,[5*]N[5*],0.04478601738810539,0.05365343391895294,-0.00886741653084755
CC(=O)NC[C@H]1CN(C(=O)O1)c1ccc(N2CCN(CC2)C(=O)CO)c(F)c1,YAPC,[16*]c1ccc([16*])c(F)c1,0.04478601738810539,0.045213665813207626,-0.0004276484251022339
CC(=O)NC[C@H]1CN(C(=O)O1)c1ccc(N2CCN(CC2)C(=O)CO)c(F)c1,YAPC,[10*]N1C[C@H]([13*])OC1=O,0.04478601738810539,0.050302475690841675,-0.005516458302736282
CC(=O)NC[C@H]1CN(C(=O)O1)c1ccc(N2CCN(CC2)C(=O)CO)c(F)c1,YAPC,[1*]C(C)=O,0.04478601738810539,0.05091114714741707,-0.006125129759311676
Cc1c(oc2c(cccc2c1=O)C(=O)OCCN1CCCCC1)-c1ccccc1,YAPC,[14*]c1oc2c([16*])cccc2c(=O)c1C,0.04404638335108757,0.04515838623046875,-0.0011120028793811798
Cc1c(oc2c(cccc2c1=O)C(=O)OCCN1CCCCC1)-c1ccccc1,YAPC,[16*]c1ccccc1,0.04404638335108757,0.04236353561282158,0.0016828477382659912
Cc1c(oc2c(cccc2c1=O)C(=O)OCCN1CCCCC1)-c1ccccc1,YAPC,[5*]N1CCCCC1,0.04404638335108757,0.04288464039564133,0.0011617429554462433
Cc1c(oc2c(cccc2c1=O)C(=O)OCCN1CCCCC1)-c1ccccc1,YAPC,[1*]C([6*])=O,0.04404638335108757,0.04573742672801018,-0.0016910433769226074
Cc1c(oc2c(cccc2c1=O)C(=O)OCCN1CCCCC1)-c1ccccc1,YAPC,[3*]O[3*],0.04404638335108757,0.04838215932250023,-0.004335775971412659
Cc1c(oc2c(cccc2c1=O)C(=O)OCCN1CCCCC1)-c1ccccc1,YAPC,[4*]CC[4*],0.04404638335108757,0.04432513192296028,-0.0002787485718727112
COc1ccc(cc1OC1CCCC1)C(=O)Nc1c(Cl)cncc1Cl,YAPC,[16*]c1c(Cl)cncc1Cl,0.050048746168613434,0.05331187695264816,-0.003263130784034729
COc1ccc(cc1OC1CCCC1)C(=O)Nc1c(Cl)cncc1Cl,YAPC,[1*]C([6*])=O,0.050048746168613434,0.05997924134135246,-0.009930495172739029
COc1ccc(cc1OC1CCCC1)C(=O)Nc1c(Cl)cncc1Cl,YAPC,[3*]O[3*],0.050048746168613434,0.05805254355072975,-0.008003797382116318
COc1ccc(cc1OC1CCCC1)C(=O)Nc1c(Cl)cncc1Cl,YAPC,[5*]N[5*],0.050048746168613434,0.05779063329100609,-0.007741887122392654
COc1ccc(cc1OC1CCCC1)C(=O)Nc1c(Cl)cncc1Cl,YAPC,[16*]c1ccc([16*])c([16*])c1,0.050048746168613434,0.05565793067216873,-0.005609184503555298
COc1ccc(cc1OC1CCCC1)C(=O)Nc1c(Cl)cncc1Cl,YAPC,[15*]C1CCCC1,0.050048746168613434,0.05504034832119942,-0.004991602152585983
COc1ccc(cc1OC1CCCC1)C(=O)Nc1c(Cl)cncc1Cl,YAPC,[3*]OC,0.050048746168613434,0.054708294570446014,-0.004659548401832581
Nc1nc(O)c2ncn(CCC(CO)CO)c2n1,YAPC,[8*]CCC(CO)CO,0.04253122955560684,0.04289226233959198,-0.00036103278398513794
Nc1nc(O)c2ncn(CCC(CO)CO)c2n1,YAPC,[9*]n1cnc2c(O)nc(N)nc21,0.04253122955560684,0.04288226738572121,-0.0003510378301143646
COc1cc(cc(OC)c1OC)[C@H]1[C@@H]2[C@H](COC2=O)[C@@H](O)c2cc3OCOc3cc12,YAPC,[16*]c1cc([C@@H]2c3cc4c(cc3[C@H](O)[C@H]3COC(=O)[C@H]23)OCO4)cc([16*])c1[16*],0.04790893942117691,0.030856043100357056,0.017052896320819855
COc1cc(cc(OC)c1OC)[C@H]1[C@@H]2[C@H](COC2=O)[C@@H](O)c2cc3OCOc3cc12,YAPC,[3*]OC,0.04790893942117691,0.046800509095191956,0.0011084303259849548
C(N1CCN(CC1)c1ncccn1)c1ccc2OCOc2c1,YAPC,[14*]c1ncccn1,0.03874950110912323,0.05070043355226517,-0.011950932443141937
C(N1CCN(CC1)c1ncccn1)c1ccc2OCOc2c1,YAPC,[16*]c1ccc2c(c1)OCO2,0.03874950110912323,0.04465818032622337,-0.005908679217100143
C(N1CCN(CC1)c1ncccn1)c1ccc2OCOc2c1,YAPC,[4*]C[8*],0.03874950110912323,0.04935985431075096,-0.010610353201627731
C(N1CCN(CC1)c1ncccn1)c1ccc2OCOc2c1,YAPC,[5*]N1CCN([5*])CC1,0.03874950110912323,0.04365791752934456,-0.004908416420221329
CC(C)C(=O)OC[C@]1(O[C@H]([C@H](OC(=O)C(C)C)[C@@H]1OC(=O)C(C)C)n1ccc(N)nc1=O)N=[N+]=[N-],YAPC,[9*]n1ccc(N)nc1=O,0.04365126043558121,0.04083598777651787,0.0028152726590633392
CC(C)C(=O)OC[C@]1(O[C@H]([C@H](OC(=O)C(C)C)[C@@H]1OC(=O)C(C)C)n1ccc(N)nc1=O)N=[N+]=[N-],YAPC,[4*]C[8*],0.04365126043558121,0.04689891263842583,-0.0032476522028446198
CC(C)C(=O)OC[C@]1(O[C@H]([C@H](OC(=O)C(C)C)[C@@H]1OC(=O)C(C)C)n1ccc(N)nc1=O)N=[N+]=[N-],YAPC,[3*]O[3*],0.04365126043558121,0.04659896716475487,-0.0029477067291736603
CC(C)C(=O)OC[C@]1(O[C@H]([C@H](OC(=O)C(C)C)[C@@H]1OC(=O)C(C)C)n1ccc(N)nc1=O)N=[N+]=[N-],YAPC,[13*][C@@H]1O[C@@]([13*])(N=[N+]=[N-])[C@@H]([15*])[C@H]1[15*],0.04365126043558121,0.04175465926527977,0.0018966011703014374
CC(C)C(=O)OC[C@]1(O[C@H]([C@H](OC(=O)C(C)C)[C@@H]1OC(=O)C(C)C)n1ccc(N)nc1=O)N=[N+]=[N-],YAPC,[1*]C(=O)C(C)C,0.04365126043558121,0.04578324034810066,-0.002131979912519455
Cc1cc(N2CCN(CC2)[C@@H]2CN[C@@H](C2)C(=O)N2CCSC2)n(n1)-c1ccccc1,YAPC,[5*]N1CCSC1,0.04617350548505783,0.05508362501859665,-0.008910119533538818
Cc1cc(N2CCN(CC2)[C@@H]2CN[C@@H](C2)C(=O)N2CCSC2)n(n1)-c1ccccc1,YAPC,[13*][C@@H]1C[C@H]([15*])CN1,0.04617350548505783,0.05617048218846321,-0.00999697670340538
Cc1cc(N2CCN(CC2)[C@@H]2CN[C@@H](C2)C(=O)N2CCSC2)n(n1)-c1ccccc1,YAPC,[16*]c1ccccc1,0.04617350548505783,0.0524490550160408,-0.006275549530982971
Cc1cc(N2CCN(CC2)[C@@H]2CN[C@@H](C2)C(=O)N2CCSC2)n(n1)-c1ccccc1,YAPC,[9*]n1nc(C)cc1[14*],0.04617350548505783,0.052208706736564636,-0.006035201251506805
Cc1cc(N2CCN(CC2)[C@@H]2CN[C@@H](C2)C(=O)N2CCSC2)n(n1)-c1ccccc1,YAPC,[5*]N1CCN([5*])CC1,0.04617350548505783,0.05314914137125015,-0.006975635886192322
Cc1cc(N2CCN(CC2)[C@@H]2CN[C@@H](C2)C(=O)N2CCSC2)n(n1)-c1ccccc1,YAPC,[1*]C([6*])=O,0.04617350548505783,0.053442131727933884,-0.007268626242876053
CCCc1cc(=O)[nH]c(=S)[nH]1,YAPC,[8*]CCC,0.03219789266586304,0.030748998746275902,0.0014488939195871353
CCCc1cc(=O)[nH]c(=S)[nH]1,YAPC,[14*]c1cc(=O)[nH]c(=S)[nH]1,0.03219789266586304,0.038242023438215256,-0.006044130772352219
Fc1ccc(Cn2c(NC3CCNCC3)nc3ccccc23)cc1,YAPC,[15*]C1CCNCC1,0.03686543181538582,0.05559805408120155,-0.018732622265815735
Fc1ccc(Cn2c(NC3CCNCC3)nc3ccccc23)cc1,YAPC,[9*]n1c([14*])nc2ccccc21,0.03686543181538582,0.04661563038825989,-0.00975019857287407
Fc1ccc(Cn2c(NC3CCNCC3)nc3ccccc23)cc1,YAPC,[5*]N[5*],0.03686543181538582,0.05374392122030258,-0.016878489404916763
Fc1ccc(Cn2c(NC3CCNCC3)nc3ccccc23)cc1,YAPC,[16*]c1ccc(F)cc1,0.03686543181538582,0.04694382846355438,-0.010078396648168564
Fc1ccc(Cn2c(NC3CCNCC3)nc3ccccc23)cc1,YAPC,[8*]C[8*],0.03686543181538582,0.05342935770750046,-0.01656392589211464
O[C@H]1CC[C@@H](CC1)Nc1ncc2nc(Nc3c(F)cc(F)cc3F)n([C@H]3CCOC3)c2n1,YAPC,[9*]n1c([14*])nc2cnc([14*])nc21,0.04274025559425354,0.05633622407913208,-0.01359596848487854
O[C@H]1CC[C@@H](CC1)Nc1ncc2nc(Nc3c(F)cc(F)cc3F)n([C@H]3CCOC3)c2n1,YAPC,[16*]c1c(F)cc(F)cc1F,0.04274025559425354,0.04306400939822197,-0.00032375380396842957
O[C@H]1CC[C@@H](CC1)Nc1ncc2nc(Nc3c(F)cc(F)cc3F)n([C@H]3CCOC3)c2n1,YAPC,[5*]N[5*],0.04274025559425354,0.051581621170043945,-0.008841365575790405
O[C@H]1CC[C@@H](CC1)Nc1ncc2nc(Nc3c(F)cc(F)cc3F)n([C@H]3CCOC3)c2n1,YAPC,[15*][C@H]1CCOC1,0.04274025559425354,0.053313206881284714,-0.010572951287031174
O[C@H]1CC[C@@H](CC1)Nc1ncc2nc(Nc3c(F)cc(F)cc3F)n([C@H]3CCOC3)c2n1,YAPC,[15*][C@H]1CC[C@H](O)CC1,0.04274025559425354,0.05464387685060501,-0.011903621256351471
NS(=O)(=O)Cc1noc2ccccc12,YAPC,[8*]CS(N)(=O)=O,0.033527880907058716,0.04007656127214432,-0.006548680365085602
NS(=O)(=O)Cc1noc2ccccc12,YAPC,[14*]c1noc2ccccc12,0.033527880907058716,0.04679982364177704,-0.013271942734718323
C[C@H]1O[C@H]1P(O)(O)=O,YAPC,C[C@H]1O[C@H]1P(=O)(O)O,0.04207223653793335,0.046175748109817505,-0.004103511571884155
C[C@](N)(Cc1ccc(O)c(O)c1)C(O)=O,YAPC,[8*]C[C@](C)(N)C(=O)O,0.050778307020664215,0.03942183405160904,0.011356472969055176
C[C@](N)(Cc1ccc(O)c(O)c1)C(O)=O,YAPC,[16*]c1ccc(O)c(O)c1,0.050778307020664215,0.03362978994846344,0.017148517072200775
COc1cc(cc(OC)c1OC)C(=O)OCCCN1CCCN(CCCOC(=O)c2cc(OC)c(OC)c(OC)c2)CC1,YAPC,[16*]c1cc([16*])c([16*])c([16*])c1,0.038540035486221313,0.038948915898799896,-0.00040888041257858276
COc1cc(cc(OC)c1OC)C(=O)OCCCN1CCCN(CCCOC(=O)c2cc(OC)c(OC)c(OC)c2)CC1,YAPC,[4*]CCC[4*],0.038540035486221313,0.04787765443325043,-0.009337618947029114
COc1cc(cc(OC)c1OC)C(=O)OCCCN1CCCN(CCCOC(=O)c2cc(OC)c(OC)c(OC)c2)CC1,YAPC,[1*]C([6*])=O,0.038540035486221313,0.049239903688430786,-0.010699868202209473
COc1cc(cc(OC)c1OC)C(=O)OCCCN1CCCN(CCCOC(=O)c2cc(OC)c(OC)c(OC)c2)CC1,YAPC,[3*]O[3*],0.038540035486221313,0.05255775898694992,-0.014017723500728607
COc1cc(cc(OC)c1OC)C(=O)OCCCN1CCCN(CCCOC(=O)c2cc(OC)c(OC)c(OC)c2)CC1,YAPC,[5*]N1CCCN([5*])CC1,0.038540035486221313,0.047025617212057114,-0.0084855817258358
COc1cc(cc(OC)c1OC)C(=O)OCCCN1CCCN(CCCOC(=O)c2cc(OC)c(OC)c(OC)c2)CC1,YAPC,[3*]OC,0.038540035486221313,0.04853476211428642,-0.00999472662806511
CCCNS(=O)(=O)Nc1ncnc(OCCOc2ncc(Br)cn2)c1-c1ccc(Br)cc1,YAPC,[4*]CCC,0.039542801678180695,0.051301684230566025,-0.01175888255238533
CCCNS(=O)(=O)Nc1ncnc(OCCOc2ncc(Br)cn2)c1-c1ccc(Br)cc1,YAPC,[14*]c1ncnc([14*])c1[16*],0.039542801678180695,0.05066652223467827,-0.011123720556497574
CCCNS(=O)(=O)Nc1ncnc(OCCOc2ncc(Br)cn2)c1-c1ccc(Br)cc1,YAPC,[14*]c1ncc(Br)cn1,0.039542801678180695,0.0515720397233963,-0.012029238045215607
CCCNS(=O)(=O)Nc1ncnc(OCCOc2ncc(Br)cn2)c1-c1ccc(Br)cc1,YAPC,[3*]O[3*],0.039542801678180695,0.05333023518323898,-0.013787433505058289
CCCNS(=O)(=O)Nc1ncnc(OCCOc2ncc(Br)cn2)c1-c1ccc(Br)cc1,YAPC,[16*]c1ccc(Br)cc1,0.039542801678180695,0.04933129623532295,-0.009788494557142258
CCCNS(=O)(=O)Nc1ncnc(OCCOc2ncc(Br)cn2)c1-c1ccc(Br)cc1,YAPC,[5*]NS(=O)(=O)N[5*],0.039542801678180695,0.05665986239910126,-0.017117060720920563
CCCNS(=O)(=O)Nc1ncnc(OCCOc2ncc(Br)cn2)c1-c1ccc(Br)cc1,YAPC,[4*]CC[4*],0.039542801678180695,0.05554638430476189,-0.016003582626581192
OC(=O)c1ccccc1OC(=O)c1ccccc1O,YAPC,[6*]C(=O)O,0.050290849059820175,0.04684462398290634,0.0034462250769138336
OC(=O)c1ccccc1OC(=O)c1ccccc1O,YAPC,[16*]c1ccccc1O,0.050290849059820175,0.04412665590643883,0.006164193153381348
OC(=O)c1ccccc1OC(=O)c1ccccc1O,YAPC,[1*]C([6*])=O,0.050290849059820175,0.04975523799657822,0.0005356110632419586
OC(=O)c1ccccc1OC(=O)c1ccccc1O,YAPC,[16*]c1ccccc1[16*],0.050290849059820175,0.04137624800205231,0.008914601057767868
OC(=O)c1ccccc1OC(=O)c1ccccc1O,YAPC,[3*]O[3*],0.050290849059820175,0.052618250250816345,-0.00232740119099617
CS(=O)(=O)c1cc(F)cc2c3CC[C@H](CC(O)=O)c3n(Cc3ccc(Cl)cc3)c12,YAPC,[9*]n1c2c(c3cc(F)cc(S(C)(=O)=O)c31)CC[C@@H]2CC(=O)O,0.04738396033644676,0.047096606343984604,0.0002873539924621582
CS(=O)(=O)c1cc(F)cc2c3CC[C@H](CC(O)=O)c3n(Cc3ccc(Cl)cc3)c12,YAPC,[8*]C[8*],0.04738396033644676,0.045120276510715485,0.0022636838257312775
CS(=O)(=O)c1cc(F)cc2c3CC[C@H](CC(O)=O)c3n(Cc3ccc(Cl)cc3)c12,YAPC,[16*]c1ccc(Cl)cc1,0.04738396033644676,0.043810710310935974,0.003573250025510788
COc1cc2nc(nc(N)c2cc1OC)N3CCN(CC3)C(=O)c4ccco4,YAPC,[14*]c1nc(N)c2cc([16*])c([16*])cc2n1,0.04819720983505249,0.051532503217458725,-0.0033352933824062347
COc1cc2nc(nc(N)c2cc1OC)N3CCN(CC3)C(=O)c4ccco4,YAPC,[5*]N1CCN([5*])CC1,0.04819720983505249,0.05214312672615051,-0.0039459168910980225
COc1cc2nc(nc(N)c2cc1OC)N3CCN(CC3)C(=O)c4ccco4,YAPC,[1*]C([6*])=O,0.04819720983505249,0.05588022246956825,-0.007683012634515762
COc1cc2nc(nc(N)c2cc1OC)N3CCN(CC3)C(=O)c4ccco4,YAPC,[14*]c1ccco1,0.04819720983505249,0.04814299941062927,5.4210424423217773e-05
COc1cc2nc(nc(N)c2cc1OC)N3CCN(CC3)C(=O)c4ccco4,YAPC,[3*]OC,0.04819720983505249,0.052402231842279434,-0.004205022007226944
Nc1nc2nc[nH]c2c(=S)[nH]1,YAPC,Nc1nc2nc[nH]c2c(=S)[nH]1,0.03658119589090347,0.046175748109817505,-0.009594552218914032
CC[C@H](N1CCCC1=O)C(N)=O,YAPC,[10*]N1CCCC1=O,0.043391503393650055,0.0388217568397522,0.004569746553897858
CC[C@H](N1CCCC1=O)C(N)=O,YAPC,[8*][C@@H](CC)C(N)=O,0.043391503393650055,0.047625407576560974,-0.004233904182910919
COc1ccc(Cl)c(Nc2nc3ccccc3nc2NS(=O)(=O)c2cccc(NC(=O)C(C)(C)N)c2)c1,YAPC,[14*]c1nc2ccccc2nc1[14*],0.04102697595953941,0.05028178170323372,-0.009254805743694305
COc1ccc(Cl)c(Nc2nc3ccccc3nc2NS(=O)(=O)c2cccc(NC(=O)C(C)(C)N)c2)c1,YAPC,[1*]C(=O)C(C)(C)N,0.04102697595953941,0.054100073873996735,-0.013073097914457321
COc1ccc(Cl)c(Nc2nc3ccccc3nc2NS(=O)(=O)c2cccc(NC(=O)C(C)(C)N)c2)c1,YAPC,[12*]S(=O)(=O)c1cccc([16*])c1,0.04102697595953941,0.052780766040086746,-0.011753790080547333
COc1ccc(Cl)c(Nc2nc3ccccc3nc2NS(=O)(=O)c2cccc(NC(=O)C(C)(C)N)c2)c1,YAPC,[16*]c1ccc(Cl)c([16*])c1,0.04102697595953941,0.04767067730426788,-0.00664370134472847
COc1ccc(Cl)c(Nc2nc3ccccc3nc2NS(=O)(=O)c2cccc(NC(=O)C(C)(C)N)c2)c1,YAPC,[5*]N[5*],0.04102697595953941,0.05242834612727165,-0.011401370167732239
COc1ccc(Cl)c(Nc2nc3ccccc3nc2NS(=O)(=O)c2cccc(NC(=O)C(C)(C)N)c2)c1,YAPC,[3*]OC,0.04102697595953941,0.050440143793821335,-0.009413167834281921
OC(=O)c1cc2occc2[nH]1,YAPC,[14*]c1cc2occc2[nH]1,0.04219513759016991,0.03228065371513367,0.00991448387503624
OC(=O)c1cc2occc2[nH]1,YAPC,[6*]C(=O)O,0.04219513759016991,0.03789523243904114,0.004299905151128769
Cn1c(nc(C(=O)NCc2ccc(F)cc2)c(O)c1=O)N1CCCCS1(=O)=O,YAPC,[14*]c1nc([14*])n(C)c(=O)c1O,0.04890553653240204,0.04997745528817177,-0.0010719187557697296
Cn1c(nc(C(=O)NCc2ccc(F)cc2)c(O)c1=O)N1CCCCS1(=O)=O,YAPC,[5*]N1CCCCS1(=O)=O,0.04890553653240204,0.05049309507012367,-0.001587558537721634
Cn1c(nc(C(=O)NCc2ccc(F)cc2)c(O)c1=O)N1CCCCS1(=O)=O,YAPC,[4*]C[8*],0.04890553653240204,0.05326484143733978,-0.004359304904937744
Cn1c(nc(C(=O)NCc2ccc(F)cc2)c(O)c1=O)N1CCCCS1(=O)=O,YAPC,[1*]C([6*])=O,0.04890553653240204,0.05196017399430275,-0.003054637461900711
Cn1c(nc(C(=O)NCc2ccc(F)cc2)c(O)c1=O)N1CCCCS1(=O)=O,YAPC,[5*]N[5*],0.04890553653240204,0.05224011838436127,-0.0033345818519592285
Cn1c(nc(C(=O)NCc2ccc(F)cc2)c(O)c1=O)N1CCCCS1(=O)=O,YAPC,[16*]c1ccc(F)cc1,0.04890553653240204,0.0476534366607666,0.001252099871635437
Fc1ccc(cc1)C(=O)C1CCN(CCn2c(=O)[nH]c3ccccc3c2=O)CC1,YAPC,[5*]N1CCC([15*])CC1,0.047946251928806305,0.04539958015084267,0.0025466717779636383
Fc1ccc(cc1)C(=O)C1CCN(CCn2c(=O)[nH]c3ccccc3c2=O)CC1,YAPC,[4*]CC[8*],0.047946251928806305,0.0506763681769371,-0.0027301162481307983
Fc1ccc(cc1)C(=O)C1CCN(CCn2c(=O)[nH]c3ccccc3c2=O)CC1,YAPC,[9*]n1c(=O)[nH]c2ccccc2c1=O,0.047946251928806305,0.047425527125597,0.0005207248032093048
Fc1ccc(cc1)C(=O)C1CCN(CCn2c(=O)[nH]c3ccccc3c2=O)CC1,YAPC,[16*]c1ccc(F)cc1,0.047946251928806305,0.04426611214876175,0.0036801397800445557
Fc1ccc(cc1)C(=O)C1CCN(CCn2c(=O)[nH]c3ccccc3c2=O)CC1,YAPC,[6*]C([6*])=O,0.047946251928806305,0.047919899225234985,2.635270357131958e-05
C\C(=C/c1ccc(cc1)C(O)=O)c1ccc2c(c1)C(C)(C)CCC2(C)C,YAPC,[7*]C[8*],0.04351400211453438,0.05259018763899803,-0.009076185524463654
C\C(=C/c1ccc(cc1)C(O)=O)c1ccc2c(c1)C(C)(C)CCC2(C)C,YAPC,[6*]C(=O)O,0.04351400211453438,0.05122027546167374,-0.0077062733471393585
C\C(=C/c1ccc(cc1)C(O)=O)c1ccc2c(c1)C(C)(C)CCC2(C)C,YAPC,[16*]c1ccc([16*])cc1,0.04351400211453438,0.044717930257320404,-0.001203928142786026
C\C(=C/c1ccc(cc1)C(O)=O)c1ccc2c(c1)C(C)(C)CCC2(C)C,YAPC,[7*]C([8*])C,0.04351400211453438,0.054139334708452225,-0.010625332593917847
C\C(=C/c1ccc(cc1)C(O)=O)c1ccc2c(c1)C(C)(C)CCC2(C)C,YAPC,[16*]c1ccc2c(c1)C(C)(C)CCC2(C)C,0.04351400211453438,0.04482658952474594,-0.0013125874102115631
CCOC(=O)[C@H](CCc1ccccc1)N[C@H]1CCc2ccccc2N(CC(O)=O)C1=O,YAPC,[1*]C(=O)[C@@H]([4*])CC[8*],0.03880434110760689,0.041509367525577545,-0.0027050264179706573
CCOC(=O)[C@H](CCc1ccccc1)N[C@H]1CCc2ccccc2N(CC(O)=O)C1=O,YAPC,[15*][C@H]1CCc2ccccc2N(CC(=O)O)C1=O,0.03880434110760689,0.042688969522714615,-0.003884628415107727
CCOC(=O)[C@H](CCc1ccccc1)N[C@H]1CCc2ccccc2N(CC(O)=O)C1=O,YAPC,[16*]c1ccccc1,0.03880434110760689,0.03874729946255684,5.704164505004883e-05
CCOC(=O)[C@H](CCc1ccccc1)N[C@H]1CCc2ccccc2N(CC(O)=O)C1=O,YAPC,[3*]O[3*],0.03880434110760689,0.04761623963713646,-0.008811898529529572
CCOC(=O)[C@H](CCc1ccccc1)N[C@H]1CCc2ccccc2N(CC(O)=O)C1=O,YAPC,[5*]N[5*],0.03880434110760689,0.04540243744850159,-0.006598096340894699
CCOC(=O)[C@H](CCc1ccccc1)N[C@H]1CCc2ccccc2N(CC(O)=O)C1=O,YAPC,[4*]CC,0.03880434110760689,0.045757219195365906,-0.006952878087759018
Cn1c2ncn(CCOC(=O)C(C)(C)Oc3ccc(Cl)cc3)c2c(=O)n(C)c1=O,YAPC,[16*]c1ccc(Cl)cc1,0.03599031642079353,0.04474141076207161,-0.008751094341278076
Cn1c2ncn(CCOC(=O)C(C)(C)Oc3ccc(Cl)cc3)c2c(=O)n(C)c1=O,YAPC,[1*]C(=O)C([4*])(C)C,0.03599031642079353,0.05123366788029671,-0.015243351459503174
Cn1c2ncn(CCOC(=O)C(C)(C)Oc3ccc(Cl)cc3)c2c(=O)n(C)c1=O,YAPC,[3*]O[3*],0.03599031642079353,0.0497160479426384,-0.013725731521844864
Cn1c2ncn(CCOC(=O)C(C)(C)Oc3ccc(Cl)cc3)c2c(=O)n(C)c1=O,YAPC,[4*]CC[8*],0.03599031642079353,0.04731619730591774,-0.011325880885124207
Cn1c2ncn(CCOC(=O)C(C)(C)Oc3ccc(Cl)cc3)c2c(=O)n(C)c1=O,YAPC,[9*]n1cnc2c1c(=O)n(C)c(=O)n2C,0.03599031642079353,0.05172117426991463,-0.015730857849121094
C[C@@H]1CN(Cc2ncccn2)C[C@H]1c1nc2n(ncc2c(=O)[nH]1)C1CCOCC1,YAPC,[5*]N1C[C@@H]([15*])[C@H](C)C1,0.04397188872098923,0.04694077745079994,-0.0029688887298107147
C[C@@H]1CN(Cc2ncccn2)C[C@H]1c1nc2n(ncc2c(=O)[nH]1)C1CCOCC1,YAPC,[4*]C[8*],0.04397188872098923,0.04848826676607132,-0.004516378045082092
C[C@@H]1CN(Cc2ncccn2)C[C@H]1c1nc2n(ncc2c(=O)[nH]1)C1CCOCC1,YAPC,[15*]C1CCOCC1,0.04397188872098923,0.047357168048620224,-0.0033852793276309967
C[C@@H]1CN(Cc2ncccn2)C[C@H]1c1nc2n(ncc2c(=O)[nH]1)C1CCOCC1,YAPC,[9*]n1ncc2c(=O)[nH]c([14*])nc21,0.04397188872098923,0.04866097494959831,-0.004689086228609085
C[C@@H]1CN(Cc2ncccn2)C[C@H]1c1nc2n(ncc2c(=O)[nH]1)C1CCOCC1,YAPC,[14*]c1ncccn1,0.04397188872098923,0.04865734279155731,-0.004685454070568085
Cc1c(Cl)cccc1Nc1ccccc1C(O)=O,YAPC,[16*]c1ccccc1[16*],0.04358736798167229,0.04427804425358772,-0.0006906762719154358
Cc1c(Cl)cccc1Nc1ccccc1C(O)=O,YAPC,[6*]C(=O)O,0.04358736798167229,0.048852600157260895,-0.005265232175588608
Cc1c(Cl)cccc1Nc1ccccc1C(O)=O,YAPC,[16*]c1cccc(Cl)c1C,0.04358736798167229,0.040887992829084396,0.0026993751525878906
Cc1c(Cl)cccc1Nc1ccccc1C(O)=O,YAPC,[5*]N[5*],0.04358736798167229,0.05475098639726639,-0.011163618415594101
Cc1ccc(cc1)C(=C/CN1CCCC1)\c1cccc(\C=C\C(O)=O)n1,YAPC,[7*]C[8*],0.038041070103645325,0.05293966829776764,-0.014898598194122314
Cc1ccc(cc1)C(=C/CN1CCCC1)\c1cccc(\C=C\C(O)=O)n1,YAPC,[4*]CC[7*],0.038041070103645325,0.053920112550258636,-0.015879042446613312
Cc1ccc(cc1)C(=C/CN1CCCC1)\c1cccc(\C=C\C(O)=O)n1,YAPC,[7*]C([8*])[8*],0.038041070103645325,0.054560206830501556,-0.01651913672685623
Cc1ccc(cc1)C(=C/CN1CCCC1)\c1cccc(\C=C\C(O)=O)n1,YAPC,[7*]CC(=O)O,0.038041070103645325,0.05395536124706268,-0.01591429114341736
Cc1ccc(cc1)C(=C/CN1CCCC1)\c1cccc(\C=C\C(O)=O)n1,YAPC,[14*]c1cccc([14*])n1,0.038041070103645325,0.0499412938952446,-0.011900223791599274
Cc1ccc(cc1)C(=C/CN1CCCC1)\c1cccc(\C=C\C(O)=O)n1,YAPC,[16*]c1ccc(C)cc1,0.038041070103645325,0.05062144994735718,-0.012580379843711853
Cc1ccc(cc1)C(=C/CN1CCCC1)\c1cccc(\C=C\C(O)=O)n1,YAPC,[5*]N1CCCC1,0.038041070103645325,0.054399099200963974,-0.01635802909731865
Cc1ccc(Cl)c(Nc2ccccc2C(O)=O)c1Cl,YAPC,[16*]c1c(Cl)ccc(C)c1Cl,0.04790453612804413,0.040887992829084396,0.007016543298959732
Cc1ccc(Cl)c(Nc2ccccc2C(O)=O)c1Cl,YAPC,[16*]c1ccccc1[16*],0.04790453612804413,0.05426638200879097,-0.006361845880746841
Cc1ccc(Cl)c(Nc2ccccc2C(O)=O)c1Cl,YAPC,[6*]C(=O)O,0.04790453612804413,0.05507248640060425,-0.00716795027256012
Cc1ccc(Cl)c(Nc2ccccc2C(O)=O)c1Cl,YAPC,[5*]N[5*],0.04790453612804413,0.05887812376022339,-0.01097358763217926
Cc1ncsc1CCCl,YAPC,[8*]CCCl,0.035008225589990616,0.036838069558143616,-0.0018298439681529999
Cc1ncsc1CCCl,YAPC,[14*]c1scnc1C,0.035008225589990616,0.039268508553504944,-0.004260282963514328
CN(C1CCN(CC1)c1nnc(-c2ccnn2C)c2ccccc12)C(=O)c1ccc(F)cc1C(F)(F)F,YAPC,[16*]c1ccc(F)cc1[16*],0.04002704098820686,0.04814179986715317,-0.008114758878946304
CN(C1CCN(CC1)c1nnc(-c2ccnn2C)c2ccccc12)C(=O)c1ccc(F)cc1C(F)(F)F,YAPC,[14*]c1ccnn1C,0.04002704098820686,0.05606057494878769,-0.016033533960580826
CN(C1CCN(CC1)c1nnc(-c2ccnn2C)c2ccccc12)C(=O)c1ccc(F)cc1C(F)(F)F,YAPC,[5*]N1CCC([15*])CC1,0.04002704098820686,0.05559232458472252,-0.015565283596515656
CN(C1CCN(CC1)c1nnc(-c2ccnn2C)c2ccccc12)C(=O)c1ccc(F)cc1C(F)(F)F,YAPC,[14*]c1nnc([14*])c2ccccc12,0.04002704098820686,0.05692144110798836,-0.016894400119781494
CN(C1CCN(CC1)c1nnc(-c2ccnn2C)c2ccccc12)C(=O)c1ccc(F)cc1C(F)(F)F,YAPC,[8*]C(F)(F)F,0.04002704098820686,0.0566592663526535,-0.01663222536444664
CN(C1CCN(CC1)c1nnc(-c2ccnn2C)c2ccccc12)C(=O)c1ccc(F)cc1C(F)(F)F,YAPC,[1*]C([6*])=O,0.04002704098820686,0.05705322325229645,-0.017026182264089584
CN(C1CCN(CC1)c1nnc(-c2ccnn2C)c2ccccc12)C(=O)c1ccc(F)cc1C(F)(F)F,YAPC,[5*]N([5*])C,0.04002704098820686,0.05623875558376312,-0.01621171459555626
COc1cc(ccc1-n1cnc(C)c1)\C=C1/CCCN([C@@H](C)c2ccc(F)cc2)C1=O,YAPC,[7*]C1CCCN([10*])C1=O,0.04498525708913803,0.05326823890209198,-0.008282981812953949
COc1cc(ccc1-n1cnc(C)c1)\C=C1/CCCN([C@@H](C)c2ccc(F)cc2)C1=O,YAPC,[7*]C[8*],0.04498525708913803,0.05030548945069313,-0.0053202323615550995
COc1cc(ccc1-n1cnc(C)c1)\C=C1/CCCN([C@@H](C)c2ccc(F)cc2)C1=O,YAPC,[9*]n1cnc(C)c1,0.04498525708913803,0.053829748183488846,-0.008844491094350815
COc1cc(ccc1-n1cnc(C)c1)\C=C1/CCCN([C@@H](C)c2ccc(F)cc2)C1=O,YAPC,[8*]C([8*])C,0.04498525708913803,0.05478373169898987,-0.009798474609851837
COc1cc(ccc1-n1cnc(C)c1)\C=C1/CCCN([C@@H](C)c2ccc(F)cc2)C1=O,YAPC,[16*]c1ccc(F)cc1,0.04498525708913803,0.05180856212973595,-0.006823305040597916
COc1cc(ccc1-n1cnc(C)c1)\C=C1/CCCN([C@@H](C)c2ccc(F)cc2)C1=O,YAPC,[16*]c1ccc([16*])c([16*])c1,0.04498525708913803,0.04981018975377083,-0.004824932664632797
COc1cc(ccc1-n1cnc(C)c1)\C=C1/CCCN([C@@H](C)c2ccc(F)cc2)C1=O,YAPC,[3*]OC,0.04498525708913803,0.052662450820207596,-0.007677193731069565
COc1cc(CNC(=O)CCCC\C=C\C(C)C)ccc1O,YAPC,[4*]C[8*],0.047981083393096924,0.042284440249204636,0.005696643143892288
COc1cc(CNC(=O)CCCC\C=C\C(C)C)ccc1O,YAPC,[1*]C(=O)CCCCC[7*],0.047981083393096924,0.044502004981040955,0.0034790784120559692
COc1cc(CNC(=O)CCCC\C=C\C(C)C)ccc1O,YAPC,[16*]c1ccc(O)c([16*])c1,0.047981083393096924,0.038572605699300766,0.009408477693796158
COc1cc(CNC(=O)CCCC\C=C\C(C)C)ccc1O,YAPC,[5*]N[5*],0.047981083393096924,0.045635148882865906,0.002345934510231018
COc1cc(CNC(=O)CCCC\C=C\C(C)C)ccc1O,YAPC,[7*]CC(C)C,0.047981083393096924,0.04472237452864647,0.0032587088644504547
COc1cc(CNC(=O)CCCC\C=C\C(C)C)ccc1O,YAPC,[3*]OC,0.047981083393096924,0.04578457400202751,0.0021965093910694122
Cc1noc(NS(=O)(=O)c2ccc(N)cc2)c1C,YAPC,[14*]c1onc(C)c1C,0.0404554158449173,0.03919078782200813,0.0012646280229091644
Cc1noc(NS(=O)(=O)c2ccc(N)cc2)c1C,YAPC,[5*]N[5*],0.0404554158449173,0.04883064329624176,-0.008375227451324463
Cc1noc(NS(=O)(=O)c2ccc(N)cc2)c1C,YAPC,[12*]S(=O)(=O)c1ccc(N)cc1,0.0404554158449173,0.04115871340036392,-0.0007032975554466248
CNS(=O)(=O)Cc1ccc2[nH]cc(CCN(C)C)c2c1,YAPC,[5*]NC,0.04610370844602585,0.041156817227602005,0.004946891218423843
CNS(=O)(=O)Cc1ccc2[nH]cc(CCN(C)C)c2c1,YAPC,[16*]c1ccc2[nH]cc([16*])c2c1,0.04610370844602585,0.03714804723858833,0.008955661207437515
CNS(=O)(=O)Cc1ccc2[nH]cc(CCN(C)C)c2c1,YAPC,[5*]N(C)C,0.04610370844602585,0.04428788647055626,0.0018158219754695892
CNS(=O)(=O)Cc1ccc2[nH]cc(CCN(C)C)c2c1,YAPC,[4*]CC[8*],0.04610370844602585,0.04280051216483116,0.003303196281194687
CNS(=O)(=O)Cc1ccc2[nH]cc(CCN(C)C)c2c1,YAPC,[8*]CS([12*])(=O)=O,0.04610370844602585,0.04502948373556137,0.0010742247104644775
COc1cccc(c1)[C@]1(O)CCCC[C@H]1CN(C)C,YAPC,[15*][C@@H]1CCCC[C@]1([15*])O,0.04393451660871506,0.05422631651163101,-0.010291799902915955
COc1cccc(c1)[C@]1(O)CCCC[C@H]1CN(C)C,YAPC,[4*]C[8*],0.04393451660871506,0.05082325637340546,-0.006888739764690399
COc1cccc(c1)[C@]1(O)CCCC[C@H]1CN(C)C,YAPC,[5*]N(C)C,0.04393451660871506,0.04962566867470741,-0.005691152065992355
COc1cccc(c1)[C@]1(O)CCCC[C@H]1CN(C)C,YAPC,[16*]c1cccc([16*])c1,0.04393451660871506,0.04031701758503914,0.0036174990236759186
COc1cccc(c1)[C@]1(O)CCCC[C@H]1CN(C)C,YAPC,[3*]OC,0.04393451660871506,0.05078326165676117,-0.006848745048046112
CC(C)c1nc(CN(C)C(=O)N[C@@H](CCN2CCOCC2)C(=O)N[C@H](CC[C@H](Cc2ccccc2)NC(=O)OCc2cncs2)Cc2ccccc2)cs1,YAPC,[14*]c1csc([14*])n1,0.05025637149810791,0.04727737605571747,0.002978995442390442
CC(C)c1nc(CN(C)C(=O)N[C@@H](CCN2CCOCC2)C(=O)N[C@H](CC[C@H](Cc2ccccc2)NC(=O)OCc2cncs2)Cc2ccccc2)cs1,YAPC,[8*]C(C)C,0.05025637149810791,0.048925384879112244,0.0013309866189956665
CC(C)c1nc(CN(C)C(=O)N[C@@H](CCN2CCOCC2)C(=O)N[C@H](CC[C@H](Cc2ccccc2)NC(=O)OCc2cncs2)Cc2ccccc2)cs1,YAPC,[5*]N1CCOCC1,0.05025637149810791,0.051809877157211304,-0.0015535056591033936
CC(C)c1nc(CN(C)C(=O)N[C@@H](CCN2CCOCC2)C(=O)N[C@H](CC[C@H](Cc2ccccc2)NC(=O)OCc2cncs2)Cc2ccccc2)cs1,YAPC,[16*]c1ccccc1,0.05025637149810791,0.04760374501347542,0.002652626484632492
CC(C)c1nc(CN(C)C(=O)N[C@@H](CCN2CCOCC2)C(=O)N[C@H](CC[C@H](Cc2ccccc2)NC(=O)OCc2cncs2)Cc2ccccc2)cs1,YAPC,[4*]C[8*],0.05025637149810791,0.04983183369040489,0.0004245378077030182
CC(C)c1nc(CN(C)C(=O)N[C@@H](CCN2CCOCC2)C(=O)N[C@H](CC[C@H](Cc2ccccc2)NC(=O)OCc2cncs2)Cc2ccccc2)cs1,YAPC,[14*]c1cncs1,0.05025637149810791,0.04702204093337059,0.00323433056473732
CC(C)c1nc(CN(C)C(=O)N[C@@H](CCN2CCOCC2)C(=O)N[C@H](CC[C@H](Cc2ccccc2)NC(=O)OCc2cncs2)Cc2ccccc2)cs1,YAPC,[5*]N([5*])C,0.05025637149810791,0.046985507011413574,0.003270864486694336
CC(C)c1nc(CN(C)C(=O)N[C@@H](CCN2CCOCC2)C(=O)N[C@H](CC[C@H](Cc2ccccc2)NC(=O)OCc2cncs2)Cc2ccccc2)cs1,YAPC,[3*]O[3*],0.05025637149810791,0.05017206817865372,8.430331945419312e-05
CC(C)c1nc(CN(C)C(=O)N[C@@H](CCN2CCOCC2)C(=O)N[C@H](CC[C@H](Cc2ccccc2)NC(=O)OCc2cncs2)Cc2ccccc2)cs1,YAPC,[1*]C(=O)[C@@H]([4*])CC[4*],0.05025637149810791,0.05001112073659897,0.00024525076150894165
CC(C)c1nc(CN(C)C(=O)N[C@@H](CCN2CCOCC2)C(=O)N[C@H](CC[C@H](Cc2ccccc2)NC(=O)OCc2cncs2)Cc2ccccc2)cs1,YAPC,[5*]N[5*],0.05025637149810791,0.04914844408631325,0.0011079274117946625
CC(C)c1nc(CN(C)C(=O)N[C@@H](CCN2CCOCC2)C(=O)N[C@H](CC[C@H](Cc2ccccc2)NC(=O)OCc2cncs2)Cc2ccccc2)cs1,YAPC,[4*][C@@H](C[8*])CC[C@@H]([4*])C[8*],0.05025637149810791,0.04873061552643776,0.0015257559716701508
CC(C)c1nc(CN(C)C(=O)N[C@@H](CCN2CCOCC2)C(=O)N[C@H](CC[C@H](Cc2ccccc2)NC(=O)OCc2cncs2)Cc2ccccc2)cs1,YAPC,[1*]C([1*])=O,0.05025637149810791,0.04922362416982651,0.0010327473282814026
CCC(CC)n1c2nc(cnc2[nH]c1=O)C#C,YAPC,[9*]n1c(=O)[nH]c2ncc(C#C)nc21,0.04728873819112778,0.03713446110486984,0.010154277086257935
CCC(CC)n1c2nc(cnc2[nH]c1=O)C#C,YAPC,[8*]C(CC)CC,0.04728873819112778,0.03607301414012909,0.011215724050998688
O=C1[C@H]2[C@@H]3CC[C@@H](C3)[C@H]2C(=O)N1C[C@@H]1CCCC[C@H]1CN1CCN(CC1)c1nsc2ccccc12,YAPC,[10*]N1C(=O)[C@@H]2[C@H]3CC[C@H](C3)[C@@H]2C1=O,0.04495880752801895,0.04950254037976265,-0.004543732851743698
O=C1[C@H]2[C@@H]3CC[C@@H](C3)[C@H]2C(=O)N1C[C@@H]1CCCC[C@H]1CN1CCN(CC1)c1nsc2ccccc12,YAPC,[4*]C[8*],0.04495880752801895,0.04609875753521919,-0.001139950007200241
O=C1[C@H]2[C@@H]3CC[C@@H](C3)[C@H]2C(=O)N1C[C@@H]1CCCC[C@H]1CN1CCN(CC1)c1nsc2ccccc12,YAPC,[5*]N1CCN([5*])CC1,0.04495880752801895,0.045411109924316406,-0.00045230239629745483
O=C1[C@H]2[C@@H]3CC[C@@H](C3)[C@H]2C(=O)N1C[C@@H]1CCCC[C@H]1CN1CCN(CC1)c1nsc2ccccc12,YAPC,[14*]c1nsc2ccccc12,0.04495880752801895,0.04476028308272362,0.00019852444529533386
O=C1[C@H]2[C@@H]3CC[C@@H](C3)[C@H]2C(=O)N1C[C@@H]1CCCC[C@H]1CN1CCN(CC1)c1nsc2ccccc12,YAPC,[15*][C@@H]1CCCC[C@H]1[15*],0.04495880752801895,0.0470588244497776,-0.0021000169217586517
O=C1[C@H]2[C@@H]3CC[C@@H](C3)[C@H]2C(=O)N1C[C@@H]1CCCC[C@H]1CN1CCN(CC1)c1nsc2ccccc12,YAPC,[8*]C[8*],0.04495880752801895,0.04580317437648773,-0.0008443668484687805
CNCC(O)=O,YAPC,[4*]CC(=O)O,0.05926677584648132,0.03271189704537392,0.026554878801107407
CNCC(O)=O,YAPC,[5*]NC,0.05926677584648132,0.032672248780727386,0.026594527065753937
COc1ccc(Cl)cc1C(=O)NCCc1ccc(cc1)C(O)=O,YAPC,[6*]C(=O)O,0.0550144761800766,0.05699842423200607,-0.001983948051929474
COc1ccc(Cl)cc1C(=O)NCCc1ccc(cc1)C(O)=O,YAPC,[16*]c1ccc(Cl)cc1[16*],0.0550144761800766,0.048529110848903656,0.006485365331172943
COc1ccc(Cl)cc1C(=O)NCCc1ccc(cc1)C(O)=O,YAPC,[1*]C([6*])=O,0.0550144761800766,0.05565913766622543,-0.0006446614861488342
COc1ccc(Cl)cc1C(=O)NCCc1ccc(cc1)C(O)=O,YAPC,[5*]N[5*],0.0550144761800766,0.05795096978545189,-0.00293649360537529
COc1ccc(Cl)cc1C(=O)NCCc1ccc(cc1)C(O)=O,YAPC,[4*]CC[8*],0.0550144761800766,0.056812286376953125,-0.0017978101968765259
COc1ccc(Cl)cc1C(=O)NCCc1ccc(cc1)C(O)=O,YAPC,[16*]c1ccc([16*])cc1,0.0550144761800766,0.047068480402231216,0.007945995777845383
COc1ccc(Cl)cc1C(=O)NCCc1ccc(cc1)C(O)=O,YAPC,[3*]OC,0.0550144761800766,0.05506552755832672,-5.105137825012207e-05
Fc1ccc(cc1)-n1cc(CCCCN2CCC3(CC2)OCc2ccccc32)c2ccccc12,YAPC,[16*]c1ccc(F)cc1,0.040455784648656845,0.051415473222732544,-0.010959688574075699
Fc1ccc(cc1)-n1cc(CCCCN2CCC3(CC2)OCc2ccccc32)c2ccccc12,YAPC,[5*]N1CCC2(CC1)OCc1ccccc12,0.040455784648656845,0.05387106165289879,-0.013415277004241943
Fc1ccc(cc1)-n1cc(CCCCN2CCC3(CC2)OCc2ccccc32)c2ccccc12,YAPC,[4*]CCCC[8*],0.040455784648656845,0.051237259060144424,-0.01078147441148758
Fc1ccc(cc1)-n1cc(CCCCN2CCC3(CC2)OCc2ccccc32)c2ccccc12,YAPC,[9*]n1cc([16*])c2ccccc21,0.040455784648656845,0.05262911319732666,-0.012173328548669815
CN(C)CCOc1ccc(cc1)C(\c1ccccc1)=C(\CCCl)c1ccccc1,YAPC,[7*]C([8*])[8*],0.0353921502828598,0.05403704568743706,-0.018644895404577255
CN(C)CCOc1ccc(cc1)C(\c1ccccc1)=C(\CCCl)c1ccccc1,YAPC,[16*]c1ccccc1,0.0353921502828598,0.051672227680683136,-0.016280077397823334
CN(C)CCOc1ccc(cc1)C(\c1ccccc1)=C(\CCCl)c1ccccc1,YAPC,[7*]C([8*])CCCl,0.0353921502828598,0.05193899944424629,-0.01654684916138649
CN(C)CCOc1ccc(cc1)C(\c1ccccc1)=C(\CCCl)c1ccccc1,YAPC,[3*]O[3*],0.0353921502828598,0.053543027490377426,-0.018150877207517624
CN(C)CCOc1ccc(cc1)C(\c1ccccc1)=C(\CCCl)c1ccccc1,YAPC,[5*]N(C)C,0.0353921502828598,0.05116900056600571,-0.015776850283145905
CN(C)CCOc1ccc(cc1)C(\c1ccccc1)=C(\CCCl)c1ccccc1,YAPC,[16*]c1ccc([16*])cc1,0.0353921502828598,0.039863985031843185,-0.004471834748983383
CN(C)CCOc1ccc(cc1)C(\c1ccccc1)=C(\CCCl)c1ccccc1,YAPC,[4*]CC[4*],0.0353921502828598,0.04844151809811592,-0.013049367815256119
CNC(=O)[C@H](Cc1c[nH]c2ccccc12)NC(=O)[C@H](CC(C)C)CC(=O)NO,YAPC,[1*]C(=O)[C@@H](CC(=O)NO)CC(C)C,0.04604918509721756,0.041301220655441284,0.004747964441776276
CNC(=O)[C@H](Cc1c[nH]c2ccccc12)NC(=O)[C@H](CC(C)C)CC(=O)NO,YAPC,[5*]NC,0.04604918509721756,0.04658730700612068,-0.000538121908903122
CNC(=O)[C@H](Cc1c[nH]c2ccccc12)NC(=O)[C@H](CC(C)C)CC(=O)NO,YAPC,[16*]c1c[nH]c2ccccc12,0.04604918509721756,0.0432710126042366,0.002778172492980957
CNC(=O)[C@H](Cc1c[nH]c2ccccc12)NC(=O)[C@H](CC(C)C)CC(=O)NO,YAPC,[1*]C(=O)[C@@H]([4*])C[8*],0.04604918509721756,0.04606711491942406,-1.7929822206497192e-05
CNC(=O)[C@H](Cc1c[nH]c2ccccc12)NC(=O)[C@H](CC(C)C)CC(=O)NO,YAPC,[5*]N[5*],0.04604918509721756,0.04708201810717583,-0.0010328330099582672
CCOC(=O)CCC(=O)O[C@H]1[C@H](O[C@@H]2[C@@H](C)[C@H](O[C@H]3C[C@@](C)(OC)[C@@H](O)[C@H](C)O3)[C@@H](C)C(=O)O[C@H](CC)[C@@](C)(O)[C@H](O)[C@@H](C)C(=O)[C@H](C)C[C@@]2(C)O)O[C@H](C)C[C@@H]1N(C)C,YAPC,[1*]C(=O)CCC([1*])=O,0.03442511335015297,0.043651923537254333,-0.009226810187101364
CCOC(=O)CCC(=O)O[C@H]1[C@H](O[C@@H]2[C@@H](C)[C@H](O[C@H]3C[C@@](C)(OC)[C@@H](O)[C@H](C)O3)[C@@H](C)C(=O)O[C@H](CC)[C@@](C)(O)[C@H](O)[C@@H](C)C(=O)[C@H](C)C[C@@]2(C)O)O[C@H](C)C[C@@H]1N(C)C,YAPC,[8*]CC,0.03442511335015297,0.040294721722602844,-0.005869608372449875
CCOC(=O)CCC(=O)O[C@H]1[C@H](O[C@@H]2[C@@H](C)[C@H](O[C@H]3C[C@@](C)(OC)[C@@H](O)[C@H](C)O3)[C@@H](C)C(=O)O[C@H](CC)[C@@](C)(O)[C@H](O)[C@@H](C)C(=O)[C@H](C)C[C@@]2(C)O)O[C@H](C)C[C@@H]1N(C)C,YAPC,[3*]O[3*],0.03442511335015297,0.03792529180645943,-0.0035001784563064575
CCOC(=O)CCC(=O)O[C@H]1[C@H](O[C@@H]2[C@@H](C)[C@H](O[C@H]3C[C@@](C)(OC)[C@@H](O)[C@H](C)O3)[C@@H](C)C(=O)O[C@H](CC)[C@@](C)(O)[C@H](O)[C@@H](C)C(=O)[C@H](C)C[C@@]2(C)O)O[C@H](C)C[C@@H]1N(C)C,YAPC,[13*][C@H]1C[C@]([15*])(C)[C@@H](O)[C@H](C)O1,0.03442511335015297,0.040339186787605286,-0.005914073437452316
CCOC(=O)CCC(=O)O[C@H]1[C@H](O[C@@H]2[C@@H](C)[C@H](O[C@H]3C[C@@](C)(OC)[C@@H](O)[C@H](C)O3)[C@@H](C)C(=O)O[C@H](CC)[C@@](C)(O)[C@H](O)[C@@H](C)C(=O)[C@H](C)C[C@@]2(C)O)O[C@H](C)C[C@@H]1N(C)C,YAPC,[4*]CC,0.03442511335015297,0.03868339955806732,-0.004258286207914352
CCOC(=O)CCC(=O)O[C@H]1[C@H](O[C@@H]2[C@@H](C)[C@H](O[C@H]3C[C@@](C)(OC)[C@@H](O)[C@H](C)O3)[C@@H](C)C(=O)O[C@H](CC)[C@@](C)(O)[C@H](O)[C@@H](C)C(=O)[C@H](C)C[C@@]2(C)O)O[C@H](C)C[C@@H]1N(C)C,YAPC,[5*]N(C)C,0.03442511335015297,0.0378170907497406,-0.0033919773995876312
CCOC(=O)CCC(=O)O[C@H]1[C@H](O[C@@H]2[C@@H](C)[C@H](O[C@H]3C[C@@](C)(OC)[C@@H](O)[C@H](C)O3)[C@@H](C)C(=O)O[C@H](CC)[C@@](C)(O)[C@H](O)[C@@H](C)C(=O)[C@H](C)C[C@@]2(C)O)O[C@H](C)C[C@@H]1N(C)C,YAPC,[13*][C@@H]1O[C@H](C)C[C@H]([15*])[C@H]1[15*],0.03442511335015297,0.038219716399908066,-0.0037946030497550964
CCOC(=O)CCC(=O)O[C@H]1[C@H](O[C@@H]2[C@@H](C)[C@H](O[C@H]3C[C@@](C)(OC)[C@@H](O)[C@H](C)O3)[C@@H](C)C(=O)O[C@H](CC)[C@@](C)(O)[C@H](O)[C@@H](C)C(=O)[C@H](C)C[C@@]2(C)O)O[C@H](C)C[C@@H]1N(C)C,YAPC,[4*][C@]1(C)C[C@H]([13*])O[C@@H](C)[C@@H]1O,0.03442511335015297,0.03835172578692436,-0.003926612436771393
CCOC(=O)CCC(=O)O[C@H]1[C@H](O[C@@H]2[C@@H](C)[C@H](O[C@H]3C[C@@](C)(OC)[C@@H](O)[C@H](C)O3)[C@@H](C)C(=O)O[C@H](CC)[C@@](C)(O)[C@H](O)[C@@H](C)C(=O)[C@H](C)C[C@@]2(C)O)O[C@H](C)C[C@@H]1N(C)C,YAPC,[13*][C@H]1OC(=O)[C@H](C)[C@@H]([15*])[C@H](C)[C@@H]([15*])[C@](C)(O)C[C@@H](C)C(=O)[C@H](C)[C@@H](O)[C@]1(C)O,0.03442511335015297,0.0386035181581974,-0.004178404808044434
CCOC(=O)CCC(=O)O[C@H]1[C@H](O[C@@H]2[C@@H](C)[C@H](O[C@H]3C[C@@](C)(OC)[C@@H](O)[C@H](C)O3)[C@@H](C)C(=O)O[C@H](CC)[C@@](C)(O)[C@H](O)[C@@H](C)C(=O)[C@H](C)C[C@@]2(C)O)O[C@H](C)C[C@@H]1N(C)C,YAPC,[3*]OC,0.03442511335015297,0.0386035181581974,-0.004178404808044434
NC(=O)NO,YAPC,NC(=O)NO,0.05699775367975235,0.046175748109817505,0.010822005569934845
COc1c(C)cnc(Cn2cnc3c(Cl)nc(N)nc23)c1C,YAPC,[14*]c1ncc(C)c([16*])c1C,0.03774508461356163,0.04642673209309578,-0.00868164747953415
COc1c(C)cnc(Cn2cnc3c(Cl)nc(N)nc23)c1C,YAPC,[9*]n1cnc2c(Cl)nc(N)nc21,0.03774508461356163,0.0437101349234581,-0.005965050309896469
COc1c(C)cnc(Cn2cnc3c(Cl)nc(N)nc23)c1C,YAPC,[8*]C[8*],0.03774508461356163,0.04720795154571533,-0.009462866932153702
COc1c(C)cnc(Cn2cnc3c(Cl)nc(N)nc23)c1C,YAPC,[3*]OC,0.03774508461356163,0.05024316906929016,-0.012498084455728531
Cc1ncc(n1CCO)[N+]([O-])=O,YAPC,[8*]CCO,0.026598159223794937,0.040013451129198074,-0.013415291905403137
Cc1ncc(n1CCO)[N+]([O-])=O,YAPC,[9*]n1c([N+](=O)[O-])cnc1C,0.026598159223794937,0.04106464236974716,-0.014466483145952225
C[C@]12CC[C@H]3[C@@H](CCC4=CC(=O)CC[C@H]34)[C@@H]1CC[C@@H]2O,YAPC,C[C@]12CC[C@H]3[C@@H](CCC4=CC(=O)CC[C@@H]43)[C@@H]1CC[C@@H]2O,0.027619287371635437,0.046175748109817505,-0.018556460738182068
CC(C)(C#N)c1cc(Cn2cncn2)cc(c1)C(C)(C)C#N,YAPC,[8*]C[8*],0.04188819229602814,0.05031958967447281,-0.008431397378444672
CC(C)(C#N)c1cc(Cn2cncn2)cc(c1)C(C)(C)C#N,YAPC,[9*]n1cncn1,0.04188819229602814,0.04903450608253479,-0.007146313786506653
CC(C)(C#N)c1cc(Cn2cncn2)cc(c1)C(C)(C)C#N,YAPC,[16*]c1cc([16*])cc([16*])c1,0.04188819229602814,0.03816800191998482,0.0037201903760433197
CC(C)(C#N)c1cc(Cn2cncn2)cc(c1)C(C)(C)C#N,YAPC,[8*]C(C)(C)C#N,0.04188819229602814,0.0534595362842083,-0.01157134398818016
CC(=O)[C@@H]1CC[C@H]2[C@@H]3CC=C4C[C@@H](O)CC[C@]4(C)[C@@H]3CC[C@]12C,YAPC,[6*]C(C)=O,0.029241502285003662,0.02575639821588993,0.0034851040691137314
CC(=O)[C@@H]1CC[C@H]2[C@@H]3CC=C4C[C@@H](O)CC[C@]4(C)[C@@H]3CC[C@]12C,YAPC,[15*][C@@H]1CC[C@H]2[C@@H]3CC=C4C[C@@H](O)CC[C@]4(C)[C@@H]3CC[C@]12C,0.029241502285003662,0.04748304560780525,-0.01824154332280159
CC(=O)Nc1ccc(cc1)C(=O)Nc1ccccc1N,YAPC,[1*]C([6*])=O,0.05862328037619591,0.048647914081811905,0.009975366294384003
CC(=O)Nc1ccc(cc1)C(=O)Nc1ccccc1N,YAPC,[16*]c1ccccc1N,0.05862328037619591,0.04318581521511078,0.015437465161085129
CC(=O)Nc1ccc(cc1)C(=O)Nc1ccccc1N,YAPC,[16*]c1ccc([16*])cc1,0.05862328037619591,0.04475676268339157,0.013866517692804337
CC(=O)Nc1ccc(cc1)C(=O)Nc1ccccc1N,YAPC,[5*]N[5*],0.05862328037619591,0.04727279767394066,0.011350482702255249
CC(=O)Nc1ccc(cc1)C(=O)Nc1ccccc1N,YAPC,[1*]C(C)=O,0.05862328037619591,0.049115799367427826,0.009507481008768082
O[C@H]1[C@H](O)[C@@H](O)[C@H](O)[C@H](O)[C@@H]1O,YAPC,O[C@H]1[C@H](O)[C@@H](O)[C@H](O)[C@@H](O)[C@H]1O,0.047085776925086975,0.046175748109817505,0.0009100288152694702
CCN(CC)CC(=O)Nc1c(C)cccc1C,YAPC,[1*]C(=O)C[4*],0.042020492255687714,0.05072980746626854,-0.008709315210580826
CCN(CC)CC(=O)Nc1c(C)cccc1C,YAPC,[16*]c1c(C)cccc1C,0.042020492255687714,0.03730371221899986,0.004716780036687851
CCN(CC)CC(=O)Nc1c(C)cccc1C,YAPC,[5*]N([5*])[5*],0.042020492255687714,0.039466097950935364,0.00255439430475235
CCN(CC)CC(=O)Nc1c(C)cccc1C,YAPC,[5*]N[5*],0.042020492255687714,0.04064524173736572,0.001375250518321991
CCN(CC)CC(=O)Nc1c(C)cccc1C,YAPC,[4*]CC,0.042020492255687714,0.036772470921278,0.005248021334409714
CC(C)(C)c1cc(c(NC(=O)c2c[nH]c3ccccc3c2=O)cc1O)C(C)(C)C,YAPC,[8*]C(C)(C)C,0.04654116556048393,0.056129053235054016,-0.009587887674570084
CC(C)(C)c1cc(c(NC(=O)c2c[nH]c3ccccc3c2=O)cc1O)C(C)(C)C,YAPC,[16*]c1cc([16*])c(O)cc1[16*],0.04654116556048393,0.052280135452747345,-0.0057389698922634125
CC(C)(C)c1cc(c(NC(=O)c2c[nH]c3ccccc3c2=O)cc1O)C(C)(C)C,YAPC,[1*]C([6*])=O,0.04654116556048393,0.06021658331155777,-0.013675417751073837
CC(C)(C)c1cc(c(NC(=O)c2c[nH]c3ccccc3c2=O)cc1O)C(C)(C)C,YAPC,[5*]N[5*],0.04654116556048393,0.05635746940970421,-0.009816303849220276
CC(C)(C)c1cc(c(NC(=O)c2c[nH]c3ccccc3c2=O)cc1O)C(C)(C)C,YAPC,[16*]c1c[nH]c2ccccc2c1=O,0.04654116556048393,0.05497104674577713,-0.008429881185293198
CN(C)CCCN1c2ccccc2CCc2ccc(Cl)cc12,YAPC,[5*]N1c2ccccc2CCc2ccc(Cl)cc21,0.03361279144883156,0.03192678838968277,0.0016860030591487885
CN(C)CCCN1c2ccccc2CCc2ccc(Cl)cc12,YAPC,[5*]N(C)C,0.03361279144883156,0.05476459488272667,-0.02115180343389511
CN(C)CCCN1c2ccccc2CCc2ccc(Cl)cc12,YAPC,[4*]CCC[4*],0.03361279144883156,0.05243206024169922,-0.01881926879286766
OC(=O)\C=C\c1ccc(Cn2ccnc2)cc1,YAPC,[9*]n1ccnc1,0.04836874455213547,0.048572178930044174,-0.00020343437790870667
OC(=O)\C=C\c1ccc(Cn2ccnc2)cc1,YAPC,[7*]C[8*],0.04836874455213547,0.05103481933474541,-0.0026660747826099396
OC(=O)\C=C\c1ccc(Cn2ccnc2)cc1,YAPC,[7*]CC(=O)O,0.04836874455213547,0.047556694597005844,0.0008120499551296234
OC(=O)\C=C\c1ccc(Cn2ccnc2)cc1,YAPC,[16*]c1ccc([16*])cc1,0.04836874455213547,0.03801732137799263,0.010351423174142838
OC(=O)\C=C\c1ccc(Cn2ccnc2)cc1,YAPC,[8*]C[8*],0.04836874455213547,0.05113939568400383,-0.0027706511318683624
COc1cc(OC)cc(C=Cc2ccc(O)cc2)c1,YAPC,[16*]c1ccc(O)cc1,0.04610609635710716,0.05077455937862396,-0.0046684630215168
COc1cc(OC)cc(C=Cc2ccc(O)cc2)c1,YAPC,[16*]c1cc([16*])cc([16*])c1,0.04610609635710716,0.04939992353320122,-0.003293827176094055
COc1cc(OC)cc(C=Cc2ccc(O)cc2)c1,YAPC,[7*]C[8*],0.04610609635710716,0.053481511771678925,-0.007375415414571762
COc1cc(OC)cc(C=Cc2ccc(O)cc2)c1,YAPC,[3*]OC,0.04610609635710716,0.056198589503765106,-0.010092493146657944
CCOC(=O)C1=C[C@]2(CC)CCCN3CCc4c([C@H]23)n1c1ccccc41,YAPC,[8*]CC,0.03643018752336502,0.032504577189683914,0.003925610333681107
CCOC(=O)C1=C[C@]2(CC)CCCN3CCc4c([C@H]23)n1c1ccccc41,YAPC,[3*]O[3*],0.03643018752336502,0.03195257484912872,0.004477612674236298
CCOC(=O)C1=C[C@]2(CC)CCCN3CCc4c([C@H]23)n1c1ccccc41,YAPC,[4*]CC,0.03643018752336502,0.03543417155742645,0.0009960159659385681
CCOC(=O)C1=C[C@]2(CC)CCCN3CCc4c([C@H]23)n1c1ccccc41,YAPC,[1*]C(=O)C1=C[C@]2([15*])CCCN3CCc4c(n1c1ccccc41)[C@@H]32,0.03643018752336502,0.03593394532799721,0.0004962421953678131
ONC(=O)C1(CS(=O)(=O)c2ccc(Oc3ccc(Cl)cc3)cc2)CCOCC1,YAPC,[8*]CS(=O)(=O)c1ccc([16*])cc1,0.04313816502690315,0.05020223930478096,-0.007064074277877808
ONC(=O)C1(CS(=O)(=O)c2ccc(Oc3ccc(Cl)cc3)cc2)CCOCC1,YAPC,[16*]c1ccc(Cl)cc1,0.04313816502690315,0.046872880309820175,-0.0037347152829170227
ONC(=O)C1(CS(=O)(=O)c2ccc(Oc3ccc(Cl)cc3)cc2)CCOCC1,YAPC,[6*]C(=O)NO,0.04313816502690315,0.05953207612037659,-0.016393911093473434
ONC(=O)C1(CS(=O)(=O)c2ccc(Oc3ccc(Cl)cc3)cc2)CCOCC1,YAPC,[15*]C1([15*])CCOCC1,0.04313816502690315,0.04744776338338852,-0.004309598356485367
ONC(=O)C1(CS(=O)(=O)c2ccc(Oc3ccc(Cl)cc3)cc2)CCOCC1,YAPC,[3*]O[3*],0.04313816502690315,0.061208754777908325,-0.018070589751005173
COCCCC\C(c1ccc(cc1)C(F)(F)F)=N/OCCN,YAPC,[4*]CCN,0.04959613084793091,0.05403910204768181,-0.0044429711997509
COCCCC\C(c1ccc(cc1)C(F)(F)F)=N/OCCN,YAPC,[3*]O/N=C(\CCCC[4*])c1ccc([16*])cc1,0.04959613084793091,0.034746620804071426,0.014849510043859482
COCCCC\C(c1ccc(cc1)C(F)(F)F)=N/OCCN,YAPC,[8*]C(F)(F)F,0.04959613084793091,0.052696388214826584,-0.0031002573668956757
COCCCC\C(c1ccc(cc1)C(F)(F)F)=N/OCCN,YAPC,[3*]OC,0.04959613084793091,0.05175269395112991,-0.002156563103199005
CCS(=O)(=O)N1CC(CC#N)(C1)n1cc(cn1)-c1ncnc2[nH]ccc12,YAPC,[5*]N1CC([15*])([15*])C1,0.048206694424152374,0.04627666622400284,0.0019300282001495361
CCS(=O)(=O)N1CC(CC#N)(C1)n1cc(cn1)-c1ncnc2[nH]ccc12,YAPC,[14*]c1ncnc2[nH]ccc12,0.048206694424152374,0.04741298034787178,0.0007937140762805939
CCS(=O)(=O)N1CC(CC#N)(C1)n1cc(cn1)-c1ncnc2[nH]ccc12,YAPC,[8*]CC#N,0.048206694424152374,0.047987375408411026,0.00021931901574134827
CCS(=O)(=O)N1CC(CC#N)(C1)n1cc(cn1)-c1ncnc2[nH]ccc12,YAPC,[12*]S(=O)(=O)CC,0.048206694424152374,0.052361857146024704,-0.00415516272187233
CCS(=O)(=O)N1CC(CC#N)(C1)n1cc(cn1)-c1ncnc2[nH]ccc12,YAPC,[9*]n1cc([16*])cn1,0.048206694424152374,0.04461754485964775,0.0035891495645046234
OC(=O)[C@@]1(Cc2cccc(Nc3nccs3)n2)CC[C@@H](CC1)Oc1cccc(Cl)c1F,YAPC,[16*]c1cccc(Cl)c1F,0.04355226457118988,0.052644871175289154,-0.009092606604099274
OC(=O)[C@@]1(Cc2cccc(Nc3nccs3)n2)CC[C@@H](CC1)Oc1cccc(Cl)c1F,YAPC,[15*]C1CCC([15*])([15*])CC1,0.04355226457118988,0.059443432837724686,-0.015891168266534805
OC(=O)[C@@]1(Cc2cccc(Nc3nccs3)n2)CC[C@@H](CC1)Oc1cccc(Cl)c1F,YAPC,[14*]c1nccs1,0.04355226457118988,0.054652053862810135,-0.011099789291620255
OC(=O)[C@@]1(Cc2cccc(Nc3nccs3)n2)CC[C@@H](CC1)Oc1cccc(Cl)c1F,YAPC,[6*]C(=O)O,0.04355226457118988,0.057227231562137604,-0.013674966990947723
OC(=O)[C@@]1(Cc2cccc(Nc3nccs3)n2)CC[C@@H](CC1)Oc1cccc(Cl)c1F,YAPC,[3*]O[3*],0.04355226457118988,0.05557602643966675,-0.012023761868476868
OC(=O)[C@@]1(Cc2cccc(Nc3nccs3)n2)CC[C@@H](CC1)Oc1cccc(Cl)c1F,YAPC,[14*]c1cccc([14*])n1,0.04355226457118988,0.05371592566370964,-0.01016366109251976
OC(=O)[C@@]1(Cc2cccc(Nc3nccs3)n2)CC[C@@H](CC1)Oc1cccc(Cl)c1F,YAPC,[5*]N[5*],0.04355226457118988,0.054323725402355194,-0.010771460831165314
OC(=O)[C@@]1(Cc2cccc(Nc3nccs3)n2)CC[C@@H](CC1)Oc1cccc(Cl)c1F,YAPC,[8*]C[8*],0.04355226457118988,0.05426137149333954,-0.010709106922149658
CN(C)CCC=C1c2ccccc2CCc2ccccc12,YAPC,[5*]N(C)C,0.02335391938686371,0.04961467161774635,-0.026260752230882645
CN(C)CCC=C1c2ccccc2CCc2ccccc12,YAPC,[7*]C1c2ccccc2CCc2ccccc21,0.02335391938686371,0.03096919134259224,-0.007615271955728531
CN(C)CCC=C1c2ccccc2CCc2ccccc12,YAPC,[4*]CCC[7*],0.02335391938686371,0.044029030948877335,-0.020675111562013626
OC[C@H]1O[C@H]([C@H](O)[C@@H](O)[C@@H]1O)c1ccc(Cl)c(Cc2ccc(O[C@H]3CCOC3)cc2)c1,YAPC,[8*]CO,0.05022329464554787,0.05211130902171135,-0.0018880143761634827
OC[C@H]1O[C@H]([C@H](O)[C@@H](O)[C@@H]1O)c1ccc(Cl)c(Cc2ccc(O[C@H]3CCOC3)cc2)c1,YAPC,[3*]O[3*],0.05022329464554787,0.056547410786151886,-0.006324116140604019
OC[C@H]1O[C@H]([C@H](O)[C@@H](O)[C@@H]1O)c1ccc(Cl)c(Cc2ccc(O[C@H]3CCOC3)cc2)c1,YAPC,[16*]c1ccc(Cl)c([16*])c1,0.05022329464554787,0.04910910129547119,0.0011141933500766754
OC[C@H]1O[C@H]([C@H](O)[C@@H](O)[C@@H]1O)c1ccc(Cl)c(Cc2ccc(O[C@H]3CCOC3)cc2)c1,YAPC,[16*]c1ccc([16*])cc1,0.05022329464554787,0.051335982978343964,-0.0011126883327960968
OC[C@H]1O[C@H]([C@H](O)[C@@H](O)[C@@H]1O)c1ccc(Cl)c(Cc2ccc(O[C@H]3CCOC3)cc2)c1,YAPC,[8*]C[8*],0.05022329464554787,0.054111722856760025,-0.003888428211212158
OC[C@H]1O[C@H]([C@H](O)[C@@H](O)[C@@H]1O)c1ccc(Cl)c(Cc2ccc(O[C@H]3CCOC3)cc2)c1,YAPC,[15*][C@H]1CCOC1,0.05022329464554787,0.05637538433074951,-0.006152089685201645
OC[C@H]1O[C@H]([C@H](O)[C@@H](O)[C@@H]1O)c1ccc(Cl)c(Cc2ccc(O[C@H]3CCOC3)cc2)c1,YAPC,[13*][C@@H]1O[C@H]([13*])[C@@H](O)[C@H](O)[C@H]1O,0.05022329464554787,0.05951186642050743,-0.009288571774959564
C[C@H]1CNCCCN1S(=O)(=O)c1cccc2cncc(F)c12,YAPC,[5*]N1CCCNC[C@@H]1C,0.0434848852455616,0.040401823818683624,0.0030830614268779755
C[C@H]1CNCCCN1S(=O)(=O)c1cccc2cncc(F)c12,YAPC,[12*]S(=O)(=O)c1cccc2cncc(F)c12,0.0434848852455616,0.04151390865445137,0.0019709765911102295
Cc1nc2CCCCn2c(=O)c1CCN1CCC(CC1)c1noc2cc(F)ccc12,YAPC,[14*]c1noc2cc(F)ccc12,0.03555572032928467,0.04526076465845108,-0.009705044329166412
Cc1nc2CCCCn2c(=O)c1CCN1CCC(CC1)c1noc2cc(F)ccc12,YAPC,[16*]c1c(C)nc2n(c1=O)CCCC2,0.03555572032928467,0.04827411472797394,-0.01271839439868927
Cc1nc2CCCCn2c(=O)c1CCN1CCC(CC1)c1noc2cc(F)ccc12,YAPC,[5*]N1CCC([15*])CC1,0.03555572032928467,0.04998128116130829,-0.01442556083202362
Cc1nc2CCCCn2c(=O)c1CCN1CCC(CC1)c1noc2cc(F)ccc12,YAPC,[4*]CC[8*],0.03555572032928467,0.05073436349630356,-0.01517864316701889
Cc1ccc(Sc2ccccc2N2CCNCC2)c(C)c1,YAPC,[11*]S[11*],0.041823726147413254,0.05003415420651436,-0.008210428059101105
Cc1ccc(Sc2ccccc2N2CCNCC2)c(C)c1,YAPC,[5*]N1CCNCC1,0.041823726147413254,0.05271076783537865,-0.010887041687965393
Cc1ccc(Sc2ccccc2N2CCNCC2)c(C)c1,YAPC,[16*]c1ccccc1[16*],0.041823726147413254,0.048134785145521164,-0.00631105899810791
Cc1ccc(Sc2ccccc2N2CCNCC2)c(C)c1,YAPC,[16*]c1ccc(C)cc1C,0.041823726147413254,0.04613376781344414,-0.004310041666030884
CN(CC[C@@H](Oc1ccc(cc1)-c1ccccc1)c1ccc(F)cc1)CC(O)=O,YAPC,[4*]CC[C@@H]([4*])[8*],0.04494593292474747,0.05793226882815361,-0.012986335903406143
CN(CC[C@@H](Oc1ccc(cc1)-c1ccccc1)c1ccc(F)cc1)CC(O)=O,YAPC,[16*]c1ccccc1,0.04494593292474747,0.04765717685222626,-0.0027112439274787903
CN(CC[C@@H](Oc1ccc(cc1)-c1ccccc1)c1ccc(F)cc1)CC(O)=O,YAPC,[4*]CC(=O)O,0.04494593292474747,0.05338946729898453,-0.00844353437423706
CN(CC[C@@H](Oc1ccc(cc1)-c1ccccc1)c1ccc(F)cc1)CC(O)=O,YAPC,[3*]O[3*],0.04494593292474747,0.055301375687122345,-0.010355442762374878
CN(CC[C@@H](Oc1ccc(cc1)-c1ccccc1)c1ccc(F)cc1)CC(O)=O,YAPC,[5*]N([5*])C,0.04494593292474747,0.055752843618392944,-0.010806910693645477
CN(CC[C@@H](Oc1ccc(cc1)-c1ccccc1)c1ccc(F)cc1)CC(O)=O,YAPC,[16*]c1ccc([16*])cc1,0.04494593292474747,0.04989226162433624,-0.004946328699588776
CN(CC[C@@H](Oc1ccc(cc1)-c1ccccc1)c1ccc(F)cc1)CC(O)=O,YAPC,[16*]c1ccc(F)cc1,0.04494593292474747,0.051099665462970734,-0.006153732538223267
COc1ccc(C[C@H](C)NC[C@@H](O)c2ccc(O)c(NC=O)c2)cc1,YAPC,[4*][C@@H](C)C[8*],0.04940599575638771,0.05417870357632637,-0.00477270781993866
COc1ccc(C[C@H](C)NC[C@@H](O)c2ccc(O)c(NC=O)c2)cc1,YAPC,[16*]c1ccc(O)c([16*])c1,0.04940599575638771,0.046178001910448074,0.0032279938459396362
COc1ccc(C[C@H](C)NC[C@@H](O)c2ccc(O)c(NC=O)c2)cc1,YAPC,[16*]c1ccc([16*])cc1,0.04940599575638771,0.04765743762254715,0.001748558133840561
COc1ccc(C[C@H](C)NC[C@@H](O)c2ccc(O)c(NC=O)c2)cc1,YAPC,[5*]N[5*],0.04940599575638771,0.05651344731450081,-0.007107451558113098
COc1ccc(C[C@H](C)NC[C@@H](O)c2ccc(O)c(NC=O)c2)cc1,YAPC,[4*]C[C@H]([8*])O,0.04940599575638771,0.057755354791879654,-0.008349359035491943
COc1ccc(C[C@H](C)NC[C@@H](O)c2ccc(O)c(NC=O)c2)cc1,YAPC,[5*]NC=O,0.04940599575638771,0.05744866654276848,-0.008042670786380768
COc1ccc(C[C@H](C)NC[C@@H](O)c2ccc(O)c(NC=O)c2)cc1,YAPC,[3*]OC,0.04940599575638771,0.05881911888718605,-0.00941312313079834
OC[C@H]1O[C@H](O[C@H]2O[C@H](CO)[C@@H](O)[C@H](O)[C@H]2O)[C@H](O)[C@@H](O)[C@@H]1O,YAPC,[8*]CO,0.048643384128808975,0.036506351083517075,0.0121370330452919
OC[C@H]1O[C@H](O[C@H]2O[C@H](CO)[C@@H](O)[C@H](O)[C@H]2O)[C@H](O)[C@@H](O)[C@@H]1O,YAPC,[3*]O[3*],0.048643384128808975,0.04589138925075531,0.002751994878053665
OC[C@H]1O[C@H](O[C@H]2O[C@H](CO)[C@@H](O)[C@H](O)[C@H]2O)[C@H](O)[C@@H](O)[C@@H]1O,YAPC,[13*][C@H]1O[C@H]([13*])[C@@H](O)[C@H](O)[C@H]1O,0.048643384128808975,0.029654931277036667,0.01898845285177231
Cn1cc[nH]c1=S,YAPC,Cn1cc[nH]c1=S,0.047064848244190216,0.046175748109817505,0.0008891001343727112
COc1cc2n(cc(C(O)=O)c(=O)c2cc1Cc1cccc(Cl)c1F)[C@H](CO)C(C)C,YAPC,[16*]c1cccc(Cl)c1F,0.047507643699645996,0.041462551802396774,0.006045091897249222
COc1cc2n(cc(C(O)=O)c(=O)c2cc1Cc1cccc(Cl)c1F)[C@H](CO)C(C)C,YAPC,[9*]n1cc([16*])c(=O)c2cc([16*])c([16*])cc21,0.047507643699645996,0.04815436154603958,-0.0006467178463935852
COc1cc2n(cc(C(O)=O)c(=O)c2cc1Cc1cccc(Cl)c1F)[C@H](CO)C(C)C,YAPC,[6*]C(=O)O,0.047507643699645996,0.05540119484066963,-0.007893551141023636
COc1cc2n(cc(C(O)=O)c(=O)c2cc1Cc1cccc(Cl)c1F)[C@H](CO)C(C)C,YAPC,[8*][C@H](CO)C(C)C,0.047507643699645996,0.051917560398578644,-0.004409916698932648
COc1cc2n(cc(C(O)=O)c(=O)c2cc1Cc1cccc(Cl)c1F)[C@H](CO)C(C)C,YAPC,[8*]C[8*],0.047507643699645996,0.052896179258823395,-0.005388535559177399
COc1cc2n(cc(C(O)=O)c(=O)c2cc1Cc1cccc(Cl)c1F)[C@H](CO)C(C)C,YAPC,[3*]OC,0.047507643699645996,0.054082535207271576,-0.00657489150762558
Fc1ccc(cc1)-c1n(Cc2ccc(F)cc2Cl)nc2c(cccc12)C(F)(F)F,YAPC,[9*]n1nc2c([16*])cccc2c1[14*],0.03135669603943825,0.0553763173520565,-0.024019621312618256
Fc1ccc(cc1)-c1n(Cc2ccc(F)cc2Cl)nc2c(cccc12)C(F)(F)F,YAPC,[16*]c1ccc(F)cc1Cl,0.03135669603943825,0.05311892554163933,-0.02176222950220108
Fc1ccc(cc1)-c1n(Cc2ccc(F)cc2Cl)nc2c(cccc12)C(F)(F)F,YAPC,[8*]C(F)(F)F,0.03135669603943825,0.05502435937523842,-0.02366766333580017
Fc1ccc(cc1)-c1n(Cc2ccc(F)cc2Cl)nc2c(cccc12)C(F)(F)F,YAPC,[16*]c1ccc(F)cc1,0.03135669603943825,0.05438705533742905,-0.0230303592979908
Fc1ccc(cc1)-c1n(Cc2ccc(F)cc2Cl)nc2c(cccc12)C(F)(F)F,YAPC,[8*]C[8*],0.03135669603943825,0.051139116287231445,-0.019782420247793198
CC(C)OC(=O)C1=CN(CC(C)(C)c2c1[nH]c1ccccc21)C(=O)c1ccc(F)c(F)c1,YAPC,[16*]c1ccc(F)c(F)c1,0.049256689846515656,0.04109099134802818,0.008165698498487473
CC(C)OC(=O)C1=CN(CC(C)(C)c2c1[nH]c1ccccc21)C(=O)c1ccc(F)c(F)c1,YAPC,[4*]C(C)C,0.049256689846515656,0.054446954280138016,-0.00519026443362236
CC(C)OC(=O)C1=CN(CC(C)(C)c2c1[nH]c1ccccc21)C(=O)c1ccc(F)c(F)c1,YAPC,[1*]C(=O)C1=CN([5*])CC(C)(C)c2c1[nH]c1ccccc21,0.049256689846515656,0.0457938052713871,0.0034628845751285553
CC(C)OC(=O)C1=CN(CC(C)(C)c2c1[nH]c1ccccc21)C(=O)c1ccc(F)c(F)c1,YAPC,[1*]C([6*])=O,0.049256689846515656,0.04886500909924507,0.0003916807472705841
CC(C)OC(=O)C1=CN(CC(C)(C)c2c1[nH]c1ccccc21)C(=O)c1ccc(F)c(F)c1,YAPC,[3*]O[3*],0.049256689846515656,0.05363157391548157,-0.004374884068965912
CN(C)CC\C=C1/c2ccccc2CSc2ccccc12,YAPC,[7*]C1c2ccccc2CSc2ccccc21,0.035059310495853424,0.03096919134259224,0.004090119153261185
CN(C)CC\C=C1/c2ccccc2CSc2ccccc12,YAPC,[5*]N(C)C,0.035059310495853424,0.048868004232645035,-0.01380869373679161
CN(C)CC\C=C1/c2ccccc2CSc2ccccc12,YAPC,[4*]CCC[7*],0.035059310495853424,0.04634544625878334,-0.011286135762929916
Cc1ccc(cn1)-c1ncc(Cl)cc1-c1ccc(cc1)S(C)(=O)=O,YAPC,[14*]c1ncc(Cl)cc1[16*],0.04808793589472771,0.04572895169258118,0.00235898420214653
Cc1ccc(cn1)-c1ncc(Cl)cc1-c1ccc(cc1)S(C)(=O)=O,YAPC,[16*]c1ccc(C)nc1,0.04808793589472771,0.048001620918512344,8.631497621536255e-05
Cc1ccc(cn1)-c1ncc(Cl)cc1-c1ccc(cc1)S(C)(=O)=O,YAPC,[16*]c1ccc(S(C)(=O)=O)cc1,0.04808793589472771,0.04381166398525238,0.0042762719094753265
Oc1ccc(cc1)[C@H]1COc2cc(O)ccc2C1,YAPC,[16*]c1ccc(O)cc1,0.0440700389444828,0.0500556156039238,-0.005985576659440994
Oc1ccc(cc1)[C@H]1COc2cc(O)ccc2C1,YAPC,[15*][C@H]1COc2cc(O)ccc2C1,0.0440700389444828,0.05001230537891388,-0.005942266434431076
CCC[C@@H](NC(=O)N1[C@@H](Oc2ccc(cc2)C(=O)N2CCN(C)CC2)C(CC)(CC)C1=O)c1ccc2OCOc2c1,YAPC,[10*]N1C(=O)C([15*])([15*])[C@@H]1[13*],0.05303337424993515,0.04970128461718559,0.0033320896327495575
CCC[C@@H](NC(=O)N1[C@@H](Oc2ccc(cc2)C(=O)N2CCN(C)CC2)C(CC)(CC)C1=O)c1ccc2OCOc2c1,YAPC,[8*]CC,0.05303337424993515,0.04584801569581032,0.007185358554124832
CCC[C@@H](NC(=O)N1[C@@H](Oc2ccc(cc2)C(=O)N2CCN(C)CC2)C(CC)(CC)C1=O)c1ccc2OCOc2c1,YAPC,[1*]C([6*])=O,0.05303337424993515,0.04903591796755791,0.003997456282377243
CCC[C@@H](NC(=O)N1[C@@H](Oc2ccc(cc2)C(=O)N2CCN(C)CC2)C(CC)(CC)C1=O)c1ccc2OCOc2c1,YAPC,[3*]O[3*],0.05303337424993515,0.04825051501393318,0.004782859236001968
CCC[C@@H](NC(=O)N1[C@@H](Oc2ccc(cc2)C(=O)N2CCN(C)CC2)C(CC)(CC)C1=O)c1ccc2OCOc2c1,YAPC,[5*]N[5*],0.05303337424993515,0.044637974351644516,0.008395399898290634
CCC[C@@H](NC(=O)N1[C@@H](Oc2ccc(cc2)C(=O)N2CCN(C)CC2)C(CC)(CC)C1=O)c1ccc2OCOc2c1,YAPC,[16*]c1ccc([16*])cc1,0.05303337424993515,0.04505519941449165,0.007978174835443497
CCC[C@@H](NC(=O)N1[C@@H](Oc2ccc(cc2)C(=O)N2CCN(C)CC2)C(CC)(CC)C1=O)c1ccc2OCOc2c1,YAPC,[4*][C@@H]([8*])CCC,0.05303337424993515,0.04292521998286247,0.010108154267072678
CCC[C@@H](NC(=O)N1[C@@H](Oc2ccc(cc2)C(=O)N2CCN(C)CC2)C(CC)(CC)C1=O)c1ccc2OCOc2c1,YAPC,[5*]N1CCN(C)CC1,0.05303337424993515,0.044775065034627914,0.008258309215307236
CCC[C@@H](NC(=O)N1[C@@H](Oc2ccc(cc2)C(=O)N2CCN(C)CC2)C(CC)(CC)C1=O)c1ccc2OCOc2c1,YAPC,[1*]C([1*])=O,0.05303337424993515,0.04612063243985176,0.006912741810083389
CCC[C@@H](NC(=O)N1[C@@H](Oc2ccc(cc2)C(=O)N2CCN(C)CC2)C(CC)(CC)C1=O)c1ccc2OCOc2c1,YAPC,[16*]c1ccc2c(c1)OCO2,0.05303337424993515,0.04621748626232147,0.006815887987613678
C[C@H]1CNCCc2ccc(Cl)cc12,YAPC,C[C@H]1CNCCc2ccc(Cl)cc21,0.05155293270945549,0.046175748109817505,0.005377184599637985
Nc1ncn([C@@H]2O[C@H](CO)[C@@H](O)[C@@H]2O)c(=O)n1,YAPC,[8*]CO,0.043097324669361115,0.048043444752693176,-0.004946120083332062
Nc1ncn([C@@H]2O[C@H](CO)[C@@H](O)[C@@H]2O)c(=O)n1,YAPC,[9*]n1cnc(N)nc1=O,0.043097324669361115,0.047987788915634155,-0.004890464246273041
Nc1ncn([C@@H]2O[C@H](CO)[C@@H](O)[C@@H]2O)c(=O)n1,YAPC,[13*][C@@H]1O[C@H]([13*])[C@@H](O)[C@@H]1O,0.043097324669361115,0.04449497535824776,-0.0013976506888866425
OCCN1CCN(CCCN2c3ccccc3Sc3ccc(cc23)C(F)(F)F)CC1,YAPC,[4*]CCC[4*],0.03543171286582947,0.05237125605344772,-0.016939543187618256
OCCN1CCN(CCCN2c3ccccc3Sc3ccc(cc23)C(F)(F)F)CC1,YAPC,[8*]C(F)(F)F,0.03543171286582947,0.03889200836420059,-0.0034602954983711243
OCCN1CCN(CCCN2c3ccccc3Sc3ccc(cc23)C(F)(F)F)CC1,YAPC,[4*]CCO,0.03543171286582947,0.05133030191063881,-0.01589858904480934
OCCN1CCN(CCCN2c3ccccc3Sc3ccc(cc23)C(F)(F)F)CC1,YAPC,[5*]N1CCN([5*])CC1,0.03543171286582947,0.04690687358379364,-0.011475160717964172
OCCN1CCN(CCCN2c3ccccc3Sc3ccc(cc23)C(F)(F)F)CC1,YAPC,[5*]N1c2ccccc2Sc2ccc([16*])cc21,0.03543171286582947,0.04410625994205475,-0.00867454707622528
CC1(C)S[C@@H]2[C@H](NC(=O)Cc3ccccc3)C(=O)N2[C@H]1C(O)=O,YAPC,[16*]c1ccccc1,0.037766095250844955,0.04343201220035553,-0.005665916949510574
CC1(C)S[C@@H]2[C@H](NC(=O)Cc3ccccc3)C(=O)N2[C@H]1C(O)=O,YAPC,[6*]C(=O)O,0.037766095250844955,0.048755355179309845,-0.01098925992846489
CC1(C)S[C@@H]2[C@H](NC(=O)Cc3ccccc3)C(=O)N2[C@H]1C(O)=O,YAPC,[1*]C(=O)C[8*],0.037766095250844955,0.04831661656498909,-0.010550521314144135
CC1(C)S[C@@H]2[C@H](NC(=O)Cc3ccccc3)C(=O)N2[C@H]1C(O)=O,YAPC,[5*]N[5*],0.037766095250844955,0.04701688513159752,-0.009250789880752563
CC1(C)S[C@@H]2[C@H](NC(=O)Cc3ccccc3)C(=O)N2[C@H]1C(O)=O,YAPC,[13*][C@@H]1N2C(=O)[C@@H]([15*])[C@H]2SC1(C)C,0.037766095250844955,0.044282134622335434,-0.0065160393714904785
COc1ncnc(NS(=O)(=O)c2ccc(N)cc2)c1OC,YAPC,[14*]c1ncnc([14*])c1[16*],0.03867433965206146,0.03781866654753685,0.0008556731045246124
COc1ncnc(NS(=O)(=O)c2ccc(N)cc2)c1OC,YAPC,[5*]N[5*],0.03867433965206146,0.05027050897479057,-0.01159616932272911
COc1ncnc(NS(=O)(=O)c2ccc(N)cc2)c1OC,YAPC,[12*]S(=O)(=O)c1ccc(N)cc1,0.03867433965206146,0.04896704852581024,-0.01029270887374878
COc1ncnc(NS(=O)(=O)c2ccc(N)cc2)c1OC,YAPC,[3*]OC,0.03867433965206146,0.04932224377989769,-0.010647904127836227
Cn1cc(cn1)-c1cnc2ccc3ccc(CS(=O)(=O)NCc4ccccn4)cc3c(=O)c2c1,YAPC,[14*]c1ccccn1,0.04421771317720413,0.05185406282544136,-0.007636349648237228
Cn1cc(cn1)-c1cnc2ccc3ccc(CS(=O)(=O)NCc4ccccn4)cc3c(=O)c2c1,YAPC,[16*]c1ccc2ccc3ncc([16*])cc3c(=O)c2c1,0.04421771317720413,0.04363495856523514,0.0005827546119689941
Cn1cc(cn1)-c1cnc2ccc3ccc(CS(=O)(=O)NCc4ccccn4)cc3c(=O)c2c1,YAPC,[4*]C[8*],0.04421771317720413,0.05884696915745735,-0.01462925598025322
Cn1cc(cn1)-c1cnc2ccc3ccc(CS(=O)(=O)NCc4ccccn4)cc3c(=O)c2c1,YAPC,[16*]c1cnn(C)c1,0.04421771317720413,0.04719092696905136,-0.002973213791847229
Cn1cc(cn1)-c1cnc2ccc3ccc(CS(=O)(=O)NCc4ccccn4)cc3c(=O)c2c1,YAPC,[5*]N[5*],0.04421771317720413,0.055417872965335846,-0.011200159788131714
Cn1cc(cn1)-c1cnc2ccc3ccc(CS(=O)(=O)NCc4ccccn4)cc3c(=O)c2c1,YAPC,[8*]CS([12*])(=O)=O,0.04421771317720413,0.05509357899427414,-0.010875865817070007
Cc1nc2c(OCc3ccccc3)cccn2c1CC#N,YAPC,[8*]CC#N,0.050028666853904724,0.05419262871146202,-0.004163961857557297
Cc1nc2c(OCc3ccccc3)cccn2c1CC#N,YAPC,[16*]c1ccccc1,0.050028666853904724,0.04739499092102051,0.0026336759328842163
Cc1nc2c(OCc3ccccc3)cccn2c1CC#N,YAPC,[4*]C[8*],0.050028666853904724,0.05175315588712692,-0.0017244890332221985
Cc1nc2c(OCc3ccccc3)cccn2c1CC#N,YAPC,[3*]O[3*],0.050028666853904724,0.05427007004618645,-0.004241403192281723
Cc1nc2c(OCc3ccccc3)cccn2c1CC#N,YAPC,[14*]c1c(C)nc2c([16*])cccn12,0.050028666853904724,0.04159756749868393,0.008431099355220795
N[C@H]1[C@@H](CC[C@@H](OC(=O)N2CCC(CC2)n2c3cccnc3[nH]c2=O)c2ncccc12)c1cccc(F)c1F,YAPC,[5*]N1CCC([15*])CC1,0.04594166576862335,0.05142564699053764,-0.005483981221914291
N[C@H]1[C@@H](CC[C@@H](OC(=O)N2CCC(CC2)n2c3cccnc3[nH]c2=O)c2ncccc12)c1cccc(F)c1F,YAPC,[16*]c1cccc(F)c1F,0.04594166576862335,0.0464162677526474,-0.00047460198402404785
N[C@H]1[C@@H](CC[C@@H](OC(=O)N2CCC(CC2)n2c3cccnc3[nH]c2=O)c2ncccc12)c1cccc(F)c1F,YAPC,[3*]O[C@@H]1CC[C@@H]([15*])[C@H](N)c2cccnc21,0.04594166576862335,0.051658082753419876,-0.005716416984796524
N[C@H]1[C@@H](CC[C@@H](OC(=O)N2CCC(CC2)n2c3cccnc3[nH]c2=O)c2ncccc12)c1cccc(F)c1F,YAPC,[9*]n1c(=O)[nH]c2ncccc21,0.04594166576862335,0.04996312037110329,-0.004021454602479935
N[C@H]1[C@@H](CC[C@@H](OC(=O)N2CCC(CC2)n2c3cccnc3[nH]c2=O)c2ncccc12)c1cccc(F)c1F,YAPC,[1*]C([1*])=O,0.04594166576862335,0.05139562860131264,-0.005453962832689285
OC(=O)c1ccccc1Nc1cc(Cl)ccc1C(O)=O,YAPC,[16*]c1ccc(Cl)cc1[16*],0.0516788586974144,0.040887992829084396,0.010790865868330002
OC(=O)c1ccccc1Nc1cc(Cl)ccc1C(O)=O,YAPC,[16*]c1ccccc1[16*],0.0516788586974144,0.048316970467567444,0.0033618882298469543
OC(=O)c1ccccc1Nc1cc(Cl)ccc1C(O)=O,YAPC,[6*]C(=O)O,0.0516788586974144,0.05449802055954933,-0.0028191618621349335
OC(=O)c1ccccc1Nc1cc(Cl)ccc1C(O)=O,YAPC,[5*]N[5*],0.0516788586974144,0.05335995927453041,-0.0016811005771160126
O=C1NC(=O)C(N1)(c1ccccc1)c1ccccc1,YAPC,[16*]c1ccccc1,0.04620365425944328,0.031730733811855316,0.014472920447587967
O=C1NC(=O)C(N1)(c1ccccc1)c1ccccc1,YAPC,[13*]C1([13*])NC(=O)NC1=O,0.04620365425944328,0.04672766104340553,-0.0005240067839622498
Cc1[nH]c(\C=C2/C(=O)Nc3ccccc23)c(C)c1CCC(O)=O,YAPC,[14*]c1[nH]c(C)c([16*])c1C,0.04595469310879707,0.0404040701687336,0.0055506229400634766
Cc1[nH]c(\C=C2/C(=O)Nc3ccccc23)c(C)c1CCC(O)=O,YAPC,[8*]CCC(=O)O,0.04595469310879707,0.045368511229753494,0.0005861818790435791
Cc1[nH]c(\C=C2/C(=O)Nc3ccccc23)c(C)c1CCC(O)=O,YAPC,[7*]C1C(=O)Nc2ccccc21,0.04595469310879707,0.043953005224466324,0.0020016878843307495
Cc1[nH]c(\C=C2/C(=O)Nc3ccccc23)c(C)c1CCC(O)=O,YAPC,[7*]C[8*],0.04595469310879707,0.04726867005228996,-0.0013139769434928894
COc1cc(ccc1Nc1ncc(Cl)c(Nc2ccccc2P(C)(C)=O)n1)N1CCC(CC1)N(C)C,YAPC,[5*]N1CCC([15*])CC1,0.056376032531261444,0.056968506425619125,-0.0005924738943576813
COc1cc(ccc1Nc1ncc(Cl)c(Nc2ccccc2P(C)(C)=O)n1)N1CCC(CC1)N(C)C,YAPC,[14*]c1ncc(Cl)c([14*])n1,0.056376032531261444,0.05476247891783714,0.0016135536134243011
COc1cc(ccc1Nc1ncc(Cl)c(Nc2ccccc2P(C)(C)=O)n1)N1CCC(CC1)N(C)C,YAPC,[5*]N(C)C,0.056376032531261444,0.05512798950076103,0.001248043030500412
COc1cc(ccc1Nc1ncc(Cl)c(Nc2ccccc2P(C)(C)=O)n1)N1CCC(CC1)N(C)C,YAPC,[5*]N[5*],0.056376032531261444,0.053084596991539,0.0032914355397224426
COc1cc(ccc1Nc1ncc(Cl)c(Nc2ccccc2P(C)(C)=O)n1)N1CCC(CC1)N(C)C,YAPC,[16*]c1ccccc1P(C)(C)=O,0.056376032531261444,0.05556707829236984,0.0008089542388916016
COc1cc(ccc1Nc1ncc(Cl)c(Nc2ccccc2P(C)(C)=O)n1)N1CCC(CC1)N(C)C,YAPC,[16*]c1ccc([16*])c([16*])c1,0.056376032531261444,0.053529106080532074,0.00284692645072937
COc1cc(ccc1Nc1ncc(Cl)c(Nc2ccccc2P(C)(C)=O)n1)N1CCC(CC1)N(C)C,YAPC,[3*]OC,0.056376032531261444,0.056128453463315964,0.00024757906794548035
Clc1ccc(CO\N=C(/Cn2ccnc2)c2ccc(Cl)cc2Cl)c(Cl)c1,YAPC,[3*]O/N=C(\C[8*])c1ccc(Cl)cc1Cl,0.05144365876913071,0.05237569659948349,-0.0009320378303527832
Clc1ccc(CO\N=C(/Cn2ccnc2)c2ccc(Cl)cc2Cl)c(Cl)c1,YAPC,[9*]n1ccnc1,0.05144365876913071,0.05691562592983246,-0.005471967160701752
Clc1ccc(CO\N=C(/Cn2ccnc2)c2ccc(Cl)cc2Cl)c(Cl)c1,YAPC,[4*]C[8*],0.05144365876913071,0.05701582506299019,-0.005572166293859482
Clc1ccc(CO\N=C(/Cn2ccnc2)c2ccc(Cl)cc2Cl)c(Cl)c1,YAPC,[16*]c1ccc(Cl)cc1Cl,0.05144365876913071,0.04891994222998619,0.002523716539144516
Cc1c(F)cc(cc1-c1ccc(cn1)C(=O)NCC(C)(C)C)C(=O)NC1CC1,YAPC,[1*]C([6*])=O,0.051375288516283035,0.06013171747326851,-0.008756428956985474
Cc1c(F)cc(cc1-c1ccc(cn1)C(=O)NCC(C)(C)C)C(=O)NC1CC1,YAPC,[4*]CC(C)(C)C,0.051375288516283035,0.059285588562488556,-0.00791030004620552
Cc1c(F)cc(cc1-c1ccc(cn1)C(=O)NCC(C)(C)C)C(=O)NC1CC1,YAPC,[14*]c1ccc([16*])cn1,0.051375288516283035,0.0552825890481472,-0.003907300531864166
Cc1c(F)cc(cc1-c1ccc(cn1)C(=O)NCC(C)(C)C)C(=O)NC1CC1,YAPC,[5*]N[5*],0.051375288516283035,0.059384338557720184,-0.008009050041437149
Cc1c(F)cc(cc1-c1ccc(cn1)C(=O)NCC(C)(C)C)C(=O)NC1CC1,YAPC,[15*]C1CC1,0.051375288516283035,0.05979891121387482,-0.008423622697591782
Cc1c(F)cc(cc1-c1ccc(cn1)C(=O)NCC(C)(C)C)C(=O)NC1CC1,YAPC,[16*]c1cc([16*])c(C)c(F)c1,0.051375288516283035,0.051824625581502914,-0.00044933706521987915
CCn1c2nc(N)nc(C)c2cc(-c2cc[nH]n2)c1=O,YAPC,[14*]c1cc[nH]n1,0.04837910458445549,0.043437376618385315,0.004941727966070175
CCn1c2nc(N)nc(C)c2cc(-c2cc[nH]n2)c1=O,YAPC,[9*]n1c(=O)c([16*])cc2c(C)nc(N)nc21,0.04837910458445549,0.036677125841379166,0.011701978743076324
CCn1c2nc(N)nc(C)c2cc(-c2cc[nH]n2)c1=O,YAPC,[8*]CC,0.04837910458445549,0.04064163193106651,0.007737472653388977
CN(C)CCN1C(=O)c2cccc3cc(N)cc(C1=O)c23,YAPC,[10*]N1C(=O)c2cccc3cc(N)cc(c23)C1=O,0.042858630418777466,0.030393872410058975,0.01246475800871849
CN(C)CCN1C(=O)c2cccc3cc(N)cc(C1=O)c23,YAPC,[5*]N(C)C,0.042858630418777466,0.050048403441905975,-0.0071897730231285095
CN(C)CCN1C(=O)c2cccc3cc(N)cc(C1=O)c23,YAPC,[4*]CC[8*],0.042858630418777466,0.05129994451999664,-0.008441314101219177
CN(C[C@@H]1COCCO1)S(=O)(=O)Nc1ccc2ccc3ncc(cc3c(=O)c2c1)-c1cnn(C)c1,YAPC,[16*]c1ccc2ccc3ncc([16*])cc3c(=O)c2c1,0.04754605144262314,0.05120518431067467,-0.003659132868051529
CN(C[C@@H]1COCCO1)S(=O)(=O)Nc1ccc2ccc3ncc(cc3c(=O)c2c1)-c1cnn(C)c1,YAPC,[5*]NS(=O)(=O)N([5*])C,0.04754605144262314,0.052550189197063446,-0.005004137754440308
CN(C[C@@H]1COCCO1)S(=O)(=O)Nc1ccc2ccc3ncc(cc3c(=O)c2c1)-c1cnn(C)c1,YAPC,[4*]C[8*],0.04754605144262314,0.04691280797123909,0.0006332434713840485
CN(C[C@@H]1COCCO1)S(=O)(=O)Nc1ccc2ccc3ncc(cc3c(=O)c2c1)-c1cnn(C)c1,YAPC,[16*]c1cnn(C)c1,0.04754605144262314,0.040902018547058105,0.006644032895565033
CN(C[C@@H]1COCCO1)S(=O)(=O)Nc1ccc2ccc3ncc(cc3c(=O)c2c1)-c1cnn(C)c1,YAPC,[13*][C@@H]1COCCO1,0.04754605144262314,0.04345400258898735,0.004092048853635788
Nc1c(Br)cc(Br)cc1CN[C@H]1CC[C@H](O)CC1,YAPC,[16*]c1cc(Br)cc(Br)c1N,0.048287227749824524,0.03889347240328789,0.009393755346536636
Nc1c(Br)cc(Br)cc1CN[C@H]1CC[C@H](O)CC1,YAPC,[4*]C[8*],0.048287227749824524,0.052946798503398895,-0.004659570753574371
Nc1c(Br)cc(Br)cc1CN[C@H]1CC[C@H](O)CC1,YAPC,[5*]N[5*],0.048287227749824524,0.051891934126615524,-0.0036047063767910004
Nc1c(Br)cc(Br)cc1CN[C@H]1CC[C@H](O)CC1,YAPC,[15*][C@H]1CC[C@H](O)CC1,0.048287227749824524,0.049294665455818176,-0.0010074377059936523
CC(C)\N=c1/cc2n(-c3ccc(Cl)cc3)c3ccccc3nc2cc1Nc1ccc(Cl)cc1,YAPC,[9*]n1c2c/c(=N\C(C)C)c([16*])cc-2nc2ccccc21,0.047296877950429916,0.048049867153167725,-0.0007529892027378082
CC(C)\N=c1/cc2n(-c3ccc(Cl)cc3)c3ccccc3nc2cc1Nc1ccc(Cl)cc1,YAPC,[5*]N[5*],0.047296877950429916,0.04690336808562279,0.0003935098648071289
CC(C)\N=c1/cc2n(-c3ccc(Cl)cc3)c3ccccc3nc2cc1Nc1ccc(Cl)cc1,YAPC,[16*]c1ccc(Cl)cc1,0.047296877950429916,0.048770539462566376,-0.0014736615121364594
NC(=N)N\N=C/c1c(Cl)cccc1Cl,YAPC,N=C(N)N/N=C\c1c(Cl)cccc1Cl,0.05364945903420448,0.046175748109817505,0.007473710924386978
COc1cccc2C(=O)c3c(O)c4C[C@](O)(C[C@@H](O[C@H]5C[C@H](N)[C@@H](O)[C@H](C)O5)c4c(O)c3C(=O)c12)C(=O)CO,YAPC,[13*][C@H]1C[C@H](N)[C@@H](O)[C@H](C)O1,0.036498501896858215,0.048756323754787445,-0.01225782185792923
COc1cccc2C(=O)c3c(O)c4C[C@](O)(C[C@@H](O[C@H]5C[C@H](N)[C@@H](O)[C@H](C)O5)c4c(O)c3C(=O)c12)C(=O)CO,YAPC,[6*]C(=O)CO,0.036498501896858215,0.046137478202581406,-0.00963897630572319
COc1cccc2C(=O)c3c(O)c4C[C@](O)(C[C@@H](O[C@H]5C[C@H](N)[C@@H](O)[C@H](C)O5)c4c(O)c3C(=O)c12)C(=O)CO,YAPC,[3*]O[C@@H]1C[C@@]([15*])(O)Cc2c(O)c3c(c(O)c21)C(=O)c1c([16*])cccc1C3=O,0.036498501896858215,0.04186229407787323,-0.005363792181015015
COc1cccc2C(=O)c3c(O)c4C[C@](O)(C[C@@H](O[C@H]5C[C@H](N)[C@@H](O)[C@H](C)O5)c4c(O)c3C(=O)c12)C(=O)CO,YAPC,[3*]OC,0.036498501896858215,0.04518160969018936,-0.008683107793331146
CNC(=O)c1ccc(cc1F)N1C(=S)N(C(=O)C1(C)C)c1ccc(C#N)c(c1)C(F)(F)F,YAPC,[5*]NC,0.05076802149415016,0.056943733245134354,-0.006175711750984192
CNC(=O)c1ccc(cc1F)N1C(=S)N(C(=O)C1(C)C)c1ccc(C#N)c(c1)C(F)(F)F,YAPC,[8*]C(F)(F)F,0.05076802149415016,0.04881785809993744,0.0019501633942127228
CNC(=O)c1ccc(cc1F)N1C(=S)N(C(=O)C1(C)C)c1ccc(C#N)c(c1)C(F)(F)F,YAPC,[1*]C([6*])=O,0.05076802149415016,0.055935103446245193,-0.005167081952095032
CNC(=O)c1ccc(cc1F)N1C(=S)N(C(=O)C1(C)C)c1ccc(C#N)c(c1)C(F)(F)F,YAPC,[16*]c1ccc([16*])c(F)c1,0.05076802149415016,0.051877062767744064,-0.0011090412735939026
CNC(=O)c1ccc(cc1F)N1C(=S)N(C(=O)C1(C)C)c1ccc(C#N)c(c1)C(F)(F)F,YAPC,[5*]N1C(=S)N([10*])C(=O)C1(C)C,0.05076802149415016,0.05715189874172211,-0.006383877247571945
CNC(=O)c1ccc(cc1F)N1C(=S)N(C(=O)C1(C)C)c1ccc(C#N)c(c1)C(F)(F)F,YAPC,[16*]c1ccc(C#N)c([16*])c1,0.05076802149415016,0.05583200231194496,-0.0050639808177948
OCCN(CCc1c[nH]c2ccccc12)Cc1ccc(\C=C\C(=O)NO)cc1,YAPC,[7*]C[8*],0.042395420372486115,0.05207851901650429,-0.009683098644018173
OCCN(CCc1c[nH]c2ccccc12)Cc1ccc(\C=C\C(=O)NO)cc1,YAPC,[4*]C[8*],0.042395420372486115,0.05233393609523773,-0.009938515722751617
OCCN(CCc1c[nH]c2ccccc12)Cc1ccc(\C=C\C(=O)NO)cc1,YAPC,[4*]CCO,0.042395420372486115,0.052897803485393524,-0.01050238311290741
OCCN(CCc1c[nH]c2ccccc12)Cc1ccc(\C=C\C(=O)NO)cc1,YAPC,[5*]N([5*])[5*],0.042395420372486115,0.05575884133577347,-0.013363420963287354
OCCN(CCc1c[nH]c2ccccc12)Cc1ccc(\C=C\C(=O)NO)cc1,YAPC,[16*]c1c[nH]c2ccccc12,0.042395420372486115,0.048593129962682724,-0.0061977095901966095
OCCN(CCc1c[nH]c2ccccc12)Cc1ccc(\C=C\C(=O)NO)cc1,YAPC,[4*]CC[8*],0.042395420372486115,0.05238129571080208,-0.009985875338315964
OCCN(CCc1c[nH]c2ccccc12)Cc1ccc(\C=C\C(=O)NO)cc1,YAPC,[16*]c1ccc([16*])cc1,0.042395420372486115,0.04771809279918671,-0.005322672426700592
OCCN(CCc1c[nH]c2ccccc12)Cc1ccc(\C=C\C(=O)NO)cc1,YAPC,[7*]CC(=O)NO,0.042395420372486115,0.05067708343267441,-0.008281663060188293
CCCCCCOC(=O)\N=C(\N)c1ccc(NCc2nc3cc(ccc3n2C)C(=O)N(CCC(=O)OCC)c2ccccn2)cc1,YAPC,[1*]C(=O)CC[4*],0.041597455739974976,0.044300440698862076,-0.0027029849588871002
CCCCCCOC(=O)\N=C(\N)c1ccc(NCc2nc3cc(ccc3n2C)C(=O)N(CCC(=O)OCC)c2ccccn2)cc1,YAPC,[14*]c1ccccn1,0.041597455739974976,0.041433773934841156,0.00016368180513381958
CCCCCCOC(=O)\N=C(\N)c1ccc(NCc2nc3cc(ccc3n2C)C(=O)N(CCC(=O)OCC)c2ccccn2)cc1,YAPC,[4*]CCCCCC,0.041597455739974976,0.042854197323322296,-0.0012567415833473206
CCCCCCOC(=O)\N=C(\N)c1ccc(NCc2nc3cc(ccc3n2C)C(=O)N(CCC(=O)OCC)c2ccccn2)cc1,YAPC,[4*]C[8*],0.041597455739974976,0.042155671864748,-0.0005582161247730255
CCCCCCOC(=O)\N=C(\N)c1ccc(NCc2nc3cc(ccc3n2C)C(=O)N(CCC(=O)OCC)c2ccccn2)cc1,YAPC,[5*]N([5*])[5*],0.041597455739974976,0.04219703748822212,-0.0005995817482471466
CCCCCCOC(=O)\N=C(\N)c1ccc(NCc2nc3cc(ccc3n2C)C(=O)N(CCC(=O)OCC)c2ccccn2)cc1,YAPC,[1*]C(=O)/N=C(/N)c1ccc([16*])cc1,0.041597455739974976,0.0434933565557003,-0.0018959008157253265
CCCCCCOC(=O)\N=C(\N)c1ccc(NCc2nc3cc(ccc3n2C)C(=O)N(CCC(=O)OCC)c2ccccn2)cc1,YAPC,[1*]C([6*])=O,0.041597455739974976,0.044735848903656006,-0.0031383931636810303
CCCCCCOC(=O)\N=C(\N)c1ccc(NCc2nc3cc(ccc3n2C)C(=O)N(CCC(=O)OCC)c2ccccn2)cc1,YAPC,[3*]O[3*],0.041597455739974976,0.04428280144929886,-0.002685345709323883
CCCCCCOC(=O)\N=C(\N)c1ccc(NCc2nc3cc(ccc3n2C)C(=O)N(CCC(=O)OCC)c2ccccn2)cc1,YAPC,[14*]c1nc2cc([16*])ccc2n1C,0.041597455739974976,0.04591171443462372,-0.004314258694648743
CCCCCCOC(=O)\N=C(\N)c1ccc(NCc2nc3cc(ccc3n2C)C(=O)N(CCC(=O)OCC)c2ccccn2)cc1,YAPC,[5*]N[5*],0.041597455739974976,0.04404161497950554,-0.0024441592395305634
CCCCCCOC(=O)\N=C(\N)c1ccc(NCc2nc3cc(ccc3n2C)C(=O)N(CCC(=O)OCC)c2ccccn2)cc1,YAPC,[4*]CC,0.041597455739974976,0.043826133012771606,-0.002228677272796631
COc1ccc2n(C(=O)c3ccc(Cl)cc3)c(C)c(CC(=O)O)c2c1,YAPC,[6*]C(=O)n1c(C)c([16*])c2cc([16*])ccc21,0.04351453483104706,0.051543205976486206,-0.008028671145439148
COc1ccc2n(C(=O)c3ccc(Cl)cc3)c(C)c(CC(=O)O)c2c1,YAPC,[8*]CC(=O)O,0.04351453483104706,0.052556075155735016,-0.009041540324687958
COc1ccc2n(C(=O)c3ccc(Cl)cc3)c(C)c(CC(=O)O)c2c1,YAPC,[16*]c1ccc(Cl)cc1,0.04351453483104706,0.04560631886124611,-0.002091784030199051
COc1ccc2n(C(=O)c3ccc(Cl)cc3)c(C)c(CC(=O)O)c2c1,YAPC,[3*]OC,0.04351453483104706,0.0524522140622139,-0.00893767923116684
CC[C@H]1\C=C(C)/[C@@H](O)C\C=C\C=C(CO[C@@H]2O[C@H](C)[C@@H](OC(=O)c3c(O)c(Cl)c(O)c(Cl)c3CC)[C@H](O)[C@@H]2OC)\C(=O)O[C@H](C\C=C(C)\C=C(C)[C@H]1O[C@@H]1OC(C)(C)[C@@H](OC(=O)C(C)C)[C@H](O)[C@H]1O)[C@@H](C)O,YAPC,[8*][C@@H](C)O,0.03937212750315666,0.04006211832165718,-0.0006899908185005188
CC[C@H]1\C=C(C)/[C@@H](O)C\C=C\C=C(CO[C@@H]2O[C@H](C)[C@@H](OC(=O)c3c(O)c(Cl)c(O)c(Cl)c3CC)[C@H](O)[C@@H]2OC)\C(=O)O[C@H](C\C=C(C)\C=C(C)[C@H]1O[C@@H]1OC(C)(C)[C@@H](OC(=O)C(C)C)[C@H](O)[C@H]1O)[C@@H](C)O,YAPC,[4*]C/C1=C\C=C\C[C@H](O)/C(C)=C\[C@H]([15*])[C@H]([15*])C(C)=C/C(C)=C/C[C@H]([13*])OC1=O,0.03937212750315666,0.046275727450847626,-0.006903599947690964
CC[C@H]1\C=C(C)/[C@@H](O)C\C=C\C=C(CO[C@@H]2O[C@H](C)[C@@H](OC(=O)c3c(O)c(Cl)c(O)c(Cl)c3CC)[C@H](O)[C@@H]2OC)\C(=O)O[C@H](C\C=C(C)\C=C(C)[C@H]1O[C@@H]1OC(C)(C)[C@@H](OC(=O)C(C)C)[C@H](O)[C@H]1O)[C@@H](C)O,YAPC,[16*]c1c([16*])c(Cl)c(O)c(Cl)c1O,0.03937212750315666,0.034196123480796814,0.005176004022359848
CC[C@H]1\C=C(C)/[C@@H](O)C\C=C\C=C(CO[C@@H]2O[C@H](C)[C@@H](OC(=O)c3c(O)c(Cl)c(O)c(Cl)c3CC)[C@H](O)[C@@H]2OC)\C(=O)O[C@H](C\C=C(C)\C=C(C)[C@H]1O[C@@H]1OC(C)(C)[C@@H](OC(=O)C(C)C)[C@H](O)[C@H]1O)[C@@H](C)O,YAPC,[1*]C([6*])=O,0.03937212750315666,0.04180886223912239,-0.0024367347359657288
CC[C@H]1\C=C(C)/[C@@H](O)C\C=C\C=C(CO[C@@H]2O[C@H](C)[C@@H](OC(=O)c3c(O)c(Cl)c(O)c(Cl)c3CC)[C@H](O)[C@@H]2OC)\C(=O)O[C@H](C\C=C(C)\C=C(C)[C@H]1O[C@@H]1OC(C)(C)[C@@H](OC(=O)C(C)C)[C@H](O)[C@H]1O)[C@@H](C)O,YAPC,[3*]O[3*],0.03937212750315666,0.040492068976163864,-0.0011199414730072021
CC[C@H]1\C=C(C)/[C@@H](O)C\C=C\C=C(CO[C@@H]2O[C@H](C)[C@@H](OC(=O)c3c(O)c(Cl)c(O)c(Cl)c3CC)[C@H](O)[C@@H]2OC)\C(=O)O[C@H](C\C=C(C)\C=C(C)[C@H]1O[C@@H]1OC(C)(C)[C@@H](OC(=O)C(C)C)[C@H](O)[C@H]1O)[C@@H](C)O,YAPC,[13*][C@@H]1OC(C)(C)[C@@H]([15*])[C@H](O)[C@H]1O,0.03937212750315666,0.040492068976163864,-0.0011199414730072021
CC[C@H]1\C=C(C)/[C@@H](O)C\C=C\C=C(CO[C@@H]2O[C@H](C)[C@@H](OC(=O)c3c(O)c(Cl)c(O)c(Cl)c3CC)[C@H](O)[C@@H]2OC)\C(=O)O[C@H](C\C=C(C)\C=C(C)[C@H]1O[C@@H]1OC(C)(C)[C@@H](OC(=O)C(C)C)[C@H](O)[C@H]1O)[C@@H](C)O,YAPC,[13*][C@@H]1O[C@H](C)[C@@H]([15*])[C@H](O)[C@@H]1[15*],0.03937212750315666,0.040492068976163864,-0.0011199414730072021
CC[C@H]1\C=C(C)/[C@@H](O)C\C=C\C=C(CO[C@@H]2O[C@H](C)[C@@H](OC(=O)c3c(O)c(Cl)c(O)c(Cl)c3CC)[C@H](O)[C@@H]2OC)\C(=O)O[C@H](C\C=C(C)\C=C(C)[C@H]1O[C@@H]1OC(C)(C)[C@@H](OC(=O)C(C)C)[C@H](O)[C@H]1O)[C@@H](C)O,YAPC,[8*]CC,0.03937212750315666,0.040492068976163864,-0.0011199414730072021
CC[C@H]1\C=C(C)/[C@@H](O)C\C=C\C=C(CO[C@@H]2O[C@H](C)[C@@H](OC(=O)c3c(O)c(Cl)c(O)c(Cl)c3CC)[C@H](O)[C@@H]2OC)\C(=O)O[C@H](C\C=C(C)\C=C(C)[C@H]1O[C@@H]1OC(C)(C)[C@@H](OC(=O)C(C)C)[C@H](O)[C@H]1O)[C@@H](C)O,YAPC,[1*]C(=O)C(C)C,0.03937212750315666,0.040492068976163864,-0.0011199414730072021
CC[C@H]1\C=C(C)/[C@@H](O)C\C=C\C=C(CO[C@@H]2O[C@H](C)[C@@H](OC(=O)c3c(O)c(Cl)c(O)c(Cl)c3CC)[C@H](O)[C@@H]2OC)\C(=O)O[C@H](C\C=C(C)\C=C(C)[C@H]1O[C@@H]1OC(C)(C)[C@@H](OC(=O)C(C)C)[C@H](O)[C@H]1O)[C@@H](C)O,YAPC,[3*]OC,0.03937212750315666,0.040492068976163864,-0.0011199414730072021
CCN(CC)CCNC(=O)c1cc(ccc1OC)S(C)(=O)=O,YAPC,[5*]N([5*])[5*],0.04396018013358116,0.04702519625425339,-0.003065016120672226
CCN(CC)CCNC(=O)c1cc(ccc1OC)S(C)(=O)=O,YAPC,[1*]C([6*])=O,0.04396018013358116,0.04769958555698395,-0.0037394054234027863
CCN(CC)CCNC(=O)c1cc(ccc1OC)S(C)(=O)=O,YAPC,[5*]N[5*],0.04396018013358116,0.04244565591216087,0.001514524221420288
CCN(CC)CCNC(=O)c1cc(ccc1OC)S(C)(=O)=O,YAPC,[4*]CC,0.04396018013358116,0.04152837023139,0.002431809902191162
CCN(CC)CCNC(=O)c1cc(ccc1OC)S(C)(=O)=O,YAPC,[4*]CC[4*],0.04396018013358116,0.043281927704811096,0.0006782524287700653
CCN(CC)CCNC(=O)c1cc(ccc1OC)S(C)(=O)=O,YAPC,[16*]c1ccc(S(C)(=O)=O)cc1[16*],0.04396018013358116,0.03706594556570053,0.0068942345678806305
CCN(CC)CCNC(=O)c1cc(ccc1OC)S(C)(=O)=O,YAPC,[3*]OC,0.04396018013358116,0.04639137536287308,-0.002431195229291916
CCOC(=O)[C@H](CCc1ccccc1)N[C@@H](C)C(=O)N1CCC[C@H]1C(O)=O,YAPC,[1*]C(=O)[C@@H]([4*])CC[8*],0.040917422622442245,0.043806228786706924,-0.002888806164264679
CCOC(=O)[C@H](CCc1ccccc1)N[C@@H](C)C(=O)N1CCC[C@H]1C(O)=O,YAPC,[16*]c1ccccc1,0.040917422622442245,0.03960225358605385,0.0013151690363883972
CCOC(=O)[C@H](CCc1ccccc1)N[C@@H](C)C(=O)N1CCC[C@H]1C(O)=O,YAPC,[6*]C(=O)O,0.040917422622442245,0.04333636537194252,-0.0024189427495002747
CCOC(=O)[C@H](CCc1ccccc1)N[C@@H](C)C(=O)N1CCC[C@H]1C(O)=O,YAPC,[5*]N1CCC[C@H]1[13*],0.040917422622442245,0.04470211640000343,-0.0037846937775611877
CCOC(=O)[C@H](CCc1ccccc1)N[C@@H](C)C(=O)N1CCC[C@H]1C(O)=O,YAPC,[3*]O[3*],0.040917422622442245,0.046065691858530045,-0.005148269236087799
CCOC(=O)[C@H](CCc1ccccc1)N[C@@H](C)C(=O)N1CCC[C@H]1C(O)=O,YAPC,[5*]N[5*],0.040917422622442245,0.04358704015612602,-0.002669617533683777
CCOC(=O)[C@H](CCc1ccccc1)N[C@@H](C)C(=O)N1CCC[C@H]1C(O)=O,YAPC,[4*]CC,0.040917422622442245,0.043774284422397614,-0.002856861799955368
CCOC(=O)[C@H](CCc1ccccc1)N[C@@H](C)C(=O)N1CCC[C@H]1C(O)=O,YAPC,[1*]C(=O)[C@@H]([4*])C,0.040917422622442245,0.043879441916942596,-0.002962019294500351
CC(=O)CCCCn1c(=O)n(C)c2ncn(C)c2c1=O,YAPC,[8*]CCCCC(C)=O,0.048434123396873474,0.03988782688975334,0.008546296507120132
CC(=O)CCCCn1c(=O)n(C)c2ncn(C)c2c1=O,YAPC,[9*]n1c(=O)c2c(ncn2C)n(C)c1=O,0.048434123396873474,0.049630023539066315,-0.0011959001421928406
NCC(=O)CCC(O)=O,YAPC,NCC(=O)CCC(=O)O,0.0591883584856987,0.046175748109817505,0.013012610375881195
CN(C)C(=O)N[C@H]1CC[C@H](CCN2CCN(CC2)c2cccc(Cl)c2Cl)CC1,YAPC,[16*]c1cccc(Cl)c1Cl,0.047409843653440475,0.04455164447426796,0.002858199179172516
CN(C)C(=O)N[C@H]1CC[C@H](CCN2CCN(CC2)c2cccc(Cl)c2Cl)CC1,YAPC,[15*][C@H]1CC[C@H]([15*])CC1,0.047409843653440475,0.05157599598169327,-0.004166152328252792
CN(C)C(=O)N[C@H]1CC[C@H](CCN2CCN(CC2)c2cccc(Cl)c2Cl)CC1,YAPC,[5*]N1CCN([5*])CC1,0.047409843653440475,0.05193004012107849,-0.004520196467638016
CN(C)C(=O)N[C@H]1CC[C@H](CCN2CCN(CC2)c2cccc(Cl)c2Cl)CC1,YAPC,[5*]N(C)C,0.047409843653440475,0.05465318635106087,-0.007243342697620392
CN(C)C(=O)N[C@H]1CC[C@H](CCN2CCN(CC2)c2cccc(Cl)c2Cl)CC1,YAPC,[5*]N[5*],0.047409843653440475,0.05498116463422775,-0.007571320980787277
CN(C)C(=O)N[C@H]1CC[C@H](CCN2CCN(CC2)c2cccc(Cl)c2Cl)CC1,YAPC,[4*]CC[8*],0.047409843653440475,0.055491454899311066,-0.00808161124587059
CN(C)C(=O)N[C@H]1CC[C@H](CCN2CCN(CC2)c2cccc(Cl)c2Cl)CC1,YAPC,[1*]C([1*])=O,0.047409843653440475,0.05628640949726105,-0.008876565843820572
CCCCCC1=CC(=C(C(=C1)O)[C@@H]2C=C(CC[C@H]2C(=C)C)C)O,YAPC,[8*]CCCCC,0.0074133966118097305,0.04578832536935806,-0.03837492875754833
CCCCCC1=CC(=C(C(=C1)O)[C@@H]2C=C(CC[C@H]2C(=C)C)C)O,YAPC,[15*][C@@H]1C=C(C)CC[C@H]1C(=C)C,0.0074133966118097305,0.04271494224667549,-0.03530154563486576
CCCCCC1=CC(=C(C(=C1)O)[C@@H]2C=C(CC[C@H]2C(=C)C)C)O,YAPC,[16*]c1cc(O)c([16*])c(O)c1,0.0074133966118097305,0.02953299693763256,-0.02211960032582283
CCCCCC1=CC(=C(C(=C1)O)[C@@H]2C=C(CC[C@H]2C(=C)C)C)O,MCF7,[8*]CCCCC,-0.007020574063062668,0.015810947865247726,-0.022831521928310394
CCCCCC1=CC(=C(C(=C1)O)[C@@H]2C=C(CC[C@H]2C(=C)C)C)O,MCF7,[15*][C@@H]1C=C(C)CC[C@H]1C(=C)C,-0.007020574063062668,0.0016684047877788544,-0.008688978850841522
CCCCCC1=CC(=C(C(=C1)O)[C@@H]2C=C(CC[C@H]2C(=C)C)C)O,MCF7,[16*]c1cc(O)c([16*])c(O)c1,-0.007020574063062668,0.007554065436124802,-0.01457463949918747
CCCCCC1=CC(=C(C(=C1)O)[C@@H]2C=C(CC[C@H]2C(=C)C)C)O,HA1E,[8*]CCCCC,-0.015721194446086884,0.004791419953107834,-0.020512614399194717
CCCCCC1=CC(=C(C(=C1)O)[C@@H]2C=C(CC[C@H]2C(=C)C)C)O,HA1E,[15*][C@@H]1C=C(C)CC[C@H]1C(=C)C,-0.015721194446086884,0.0022688284516334534,-0.017990022897720337
CCCCCC1=CC(=C(C(=C1)O)[C@@H]2C=C(CC[C@H]2C(=C)C)C)O,HA1E,[16*]c1cc(O)c([16*])c(O)c1,-0.015721194446086884,-0.007122442126274109,-0.008598752319812775
