Gene,Sample1,Sample2,Sample3
14.8059,14.8059,14.8277,217398_x_at
9.1706,9.1706,7.8624,1007_s_at
7.9557,7.9557,8.4751,121_at
10.0987,10.0987,10.6225,200045_at
9.3033,9.3033,10.2948,200053_at
10.9609,10.9609,10.2436,200071_at
11.9825,11.9825,11.9902,200078_s_at
12.3871,12.3871,10.7984,200083_at
7.5098,7.5098,7.4879,200617_at
8.0431,8.0431,9.2956,200621_at
5.527,5.527,5.2127,200636_s_at
9.1653,9.1653,9.0292,200666_s_at
12.3389,12.3389,9.3153,200670_at
7.2346,7.2346,9.028,200678_x_at
8.8298,8.8298,9.1614,200697_at
7.0054,7.0054,7.0383,200698_at
7.8434,7.8434,8.2657,200752_s_at
6.8819,6.8819,6.9146,200757_s_at
6.6311,6.6311,5.1842,200766_at
12.695,12.695,13.4513,200783_s_at
8.8905,8.8905,9.5862,200789_at
10.347,10.347,11.1202,200791_s_at
9.4574,9.4574,9.066,200816_s_at
7.791,7.791,8.1704,200825_s_at
9.5021,9.5021,10.4436,200843_s_at
9.2685,9.2685,9.1952,200887_s_at
8.306,8.306,8.9377,200895_s_at
11.6341,11.6341,11.0285,200915_x_at
9.2754,9.2754,9.5145,200929_at
10.1121,10.1121,9.567,200972_at
14.9003,14.9003,14.8671,200981_x_at
8.5172,8.5172,9.0341,201000_at
7.6556,7.6556,7.593,201011_at
9.8187,9.8187,10.8172,201014_s_at
10.9578,10.9578,9.9912,201032_at
11.0269,11.0269,11.664,201036_s_at
8.5837,8.5837,8.5016,201040_at
10.2891,10.2891,10.6518,201074_at
9.8125,9.8125,9.2851,201078_at
7.5242,7.5242,7.0711,201080_at
6.8493,6.8493,6.8172,201087_at
6.7271,6.7271,7.2484,201098_at
9.0402,9.0402,9.6047,201121_s_at
4.6558,4.6558,4.7113,201125_s_at
9.1965,9.1965,10.5564,201136_at
10.4304,10.4304,8.2045,201146_at
6.6531,6.6531,6.5444,201158_at
7.5135,7.5135,8.3436,201170_s_at
10.8463,10.8463,10.944,201174_s_at
11.9927,11.9927,11.8291,201178_at
5.8497,5.8497,6.1096,201185_at
9.3848,9.3848,9.9641,201186_at
9.6152,9.6152,10.5374,201200_at
6.1885,6.1885,4.1127,201212_at
7.6604,7.6604,7.9964,201234_at
6.4062,6.4062,8.2675,201243_s_at
10.6746,10.6746,9.4899,201260_s_at
9.6454,9.6454,10.1874,201266_at
7.752,7.752,7.8005,201270_x_at
9.5379,9.5379,10.5023,201292_at
8.855,8.855,8.149,201314_at
8.2892,8.2892,9.3767,201323_at
9.7123,9.7123,10.9012,201339_s_at
10.5172,10.5172,10.7827,201351_s_at
8.7699,8.7699,9.5466,201361_at
9.4364,9.4364,9.333,201379_s_at
7.1218,7.1218,6.42,201380_at
8.7906,8.7906,8.9264,201391_at
8.1722,8.1722,8.5723,201393_s_at
9.997,9.997,10.9796,201397_at
9.5333,9.5333,9.7492,201412_at
14.0178,14.0178,13.5666,201416_at
12.826,12.826,12.7705,201432_at
8.447,8.447,7.7032,201462_at
9.3005,9.3005,8.0923,201466_s_at
7.8458,7.8458,8.2453,201494_at
12.5191,12.5191,12.0029,201498_at
8.7694,8.7694,8.9593,201503_at
10.495,10.495,9.9318,201519_at
9.7201,9.7201,11.1002,201528_at
9.7115,9.7115,10.3081,201531_at
8.035,8.035,6.8175,201548_s_at
8.6663,8.6663,9.6905,201555_at
11.051,11.051,10.8551,201560_at
10.0097,10.0097,10.2413,201561_s_at
9.3825,9.3825,10.5324,201565_s_at
8.6139,8.6139,8.5213,201572_x_at
5.1988,5.1988,4.616,201579_at
10.4557,10.4557,10.7445,201589_at
10.9749,10.9749,10.641,201591_s_at
10.5462,10.5462,10.4329,201608_s_at
6.8537,6.8537,7.2615,201611_s_at
6.7668,6.7668,7.6047,201614_s_at
8.9811,8.9811,9.4016,201620_at
8.6588,8.6588,8.2971,201626_at
8.6297,8.6297,9.0921,201628_s_at
6.9969,6.9969,6.1267,201631_s_at
9.8412,9.8412,9.5184,201649_at
12.2086,12.2086,12.1781,201664_at
8.3258,8.3258,8.2523,201671_x_at
7.11,7.11,8.0082,201695_s_at
10.8419,10.8419,11.6469,201697_s_at
9.0946,9.0946,8.8678,201709_s_at
11.1624,11.1624,11.8576,201710_at
9.571,9.571,8.536,201719_s_at
7.862,7.862,8.0971,201727_s_at
7.4785,7.4785,7.3141,201729_s_at
8.7588,8.7588,9.9814,201756_at
8.5646,8.5646,10.297,201761_at
8.3441,8.3441,9.3979,201767_s_at
9.2011,9.2011,9.4944,201774_s_at
9.0304,9.0304,8.9128,201778_s_at
10.9424,10.9424,9.6888,201788_at
13.4513,13.4513,12.688,201795_at
6.629,6.629,8.0354,201811_x_at
7.8717,7.8717,6.3314,201817_at
8.5796,8.5796,7.7094,201819_at
9.1261,9.1261,9.0155,201825_s_at
10.0853,10.0853,9.3803,201827_at
9.1567,9.1567,9.2858,201829_at
9.2193,9.2193,9.0112,201833_at
10.1038,10.1038,9.1326,201847_at
5.0857,5.0857,5.3898,201849_at
6.9018,6.9018,6.5982,201855_s_at
8.4069,8.4069,9.2485,201870_at
6.5949,6.5949,8.5549,201875_s_at
4.7713,4.7713,5.6849,201887_at
7.7899,7.7899,7.5631,201896_s_at
10.1651,10.1651,10.1556,201899_s_at
9.4282,9.4282,9.7235,201913_s_at
8.5477,8.5477,7.6529,201932_at
8.8036,8.8036,8.8783,201967_at
8.3968,8.3968,9.4075,201968_s_at
7.0774,7.0774,5.7994,201976_s_at
7.8628,7.8628,8.5796,201980_s_at
4.9094,4.9094,4.3376,201984_s_at
8.9473,8.9473,8.5344,201985_at
6.0245,6.0245,5.7524,201995_at
10.641,10.641,9.7304,201997_s_at
9.3118,9.3118,8.8138,202006_at
7.395,7.395,7.9056,202009_at
5.8814,5.8814,5.4956,202011_at
9.2942,9.2942,10.0195,202016_at
6.1168,6.1168,6.926,202022_at
11.9278,11.9278,11.1848,202040_s_at
6.4227,6.4227,5.745,202052_s_at
4.9286,4.9286,5.6491,202087_s_at
8.6391,8.6391,8.9624,202093_s_at
11.2372,11.2372,11.95,202095_s_at
7.4543,7.4543,6.7014,202109_at
9.7355,9.7355,9.9449,202117_at
9.6136,9.6136,8.5298,202119_s_at
9.1274,9.1274,9.5262,202123_s_at
7.3623,7.3623,7.7855,202125_s_at
6.7615,6.7615,7.3036,202148_s_at
10.5564,10.5564,9.5552,202153_s_at
11.2496,11.2496,10.0107,202174_s_at
9.2072,9.2072,9.3266,202179_at
6.4988,6.4988,6.0158,202180_s_at
8.4986,8.4986,8.71,202184_s_at
7.6032,7.6032,7.8261,202185_at
8.2141,8.2141,8.3623,202187_s_at
8.8976,8.8976,9.2274,202188_at
9.4312,9.4312,8.7144,202220_at
10.4729,10.4729,10.861,202230_s_at
8.0548,8.0548,9.7983,202241_at
5.4422,5.4422,5.945,202260_s_at
6.8844,6.8844,7.5968,202261_at
11.4793,11.4793,11.9575,202282_at
9.9185,9.9185,10.8713,202284_s_at
9.6438,9.6438,8.8835,202318_s_at
9.3414,9.3414,9.7701,202324_s_at
8.9336,8.9336,9.2658,202329_at
7.3758,7.3758,8.4205,202349_at
8.5436,8.5436,7.8241,202371_at
5.7918,5.7918,5.4313,202382_s_at
12.6258,12.6258,14.685,202388_at
6.7315,6.7315,7.306,202394_s_at
9.1074,9.1074,8.986,202396_at
12.9216,12.9216,13.7565,202413_s_at
6.2326,6.2326,6.6063,202417_at
10.7884,10.7884,10.2936,202423_at
11.0591,11.0591,11.7013,202427_s_at
7.8001,7.8001,7.4166,202431_s_at
8.6743,8.6743,9.6397,202433_at
9.6388,9.6388,8.2118,202446_s_at
9.3803,9.3803,9.7974,202447_at
4.3171,4.3171,4.54,202458_at
12.3962,12.3962,11.1068,202466_at
10.5693,10.5693,10.0762,202468_s_at
7.8317,7.8317,8.1353,202491_s_at
6.9814,6.9814,7.225,202494_at
8.0483,8.0483,6.9214,202500_at
10.0136,10.0136,10.8758,202518_at
6.1959,6.1959,6.9814,202528_at
5.8155,5.8155,6.0576,202540_s_at
6.7515,6.7515,6.4952,202545_at
8.3623,8.3623,8.425,202550_s_at
7.8966,7.8966,7.9994,202598_at
11.8035,11.8035,8.8994,202599_s_at
9.8494,9.8494,10.225,202602_s_at
6.7709,6.7709,6.0718,202604_x_at
9.8393,9.8393,9.9327,202623_at
6.7948,6.7948,5.4493,202630_at
10.3935,10.3935,10.2903,202633_at
7.2069,7.2069,7.7102,202635_s_at
8.4846,8.4846,8.5744,202651_at
8.9134,8.9134,8.8625,202675_at
10.0185,10.0185,10.6598,202678_at
7.1844,7.1844,6.4571,202679_at
8.1199,8.1199,8.2154,202680_at
8.9728,8.9728,8.8899,202683_s_at
8.4001,8.4001,8.6386,202689_at
7.9416,7.9416,8.7499,202696_at
8.7045,8.7045,8.6642,202703_at
11.0031,11.0031,11.2531,202705_at
9.1209,9.1209,8.8487,202708_s_at
9.0112,9.0112,9.8943,202716_at
7.2883,7.2883,8.2527,202720_at
7.8289,7.8289,7.8471,202722_s_at
10.2403,10.2403,10.7197,202726_at
9.2207,9.2207,9.0069,202732_at
8.7199,8.7199,8.6107,202733_at
9.1952,9.1952,9.3665,202735_at
8.1423,8.1423,8.715,202738_s_at
8.1596,8.1596,8.6807,202749_at
4.6978,4.6978,4.516,202756_s_at
7.9532,7.9532,8.5324,202761_s_at
7.1505,7.1505,7.0123,202763_at
10.8758,10.8758,10.7211,202776_at
10.1693,10.1693,9.0717,202778_s_at
9.2282,9.2282,10.2206,202780_at
8.5026,8.5026,9.997,202784_s_at
8.0919,8.0919,9.2355,202788_at
6.8033,6.8033,7.1147,202794_at
8.423,8.423,7.5702,202797_at
7.0584,7.0584,6.8309,202801_at
9.0353,9.0353,7.2649,202809_s_at
7.379,7.379,7.8848,202811_at
7.5638,7.5638,7.6563,202812_at
8.8695,8.8695,7.3106,202813_at
7.1134,7.1134,7.5368,202825_at
5.9195,5.9195,6.9834,202830_s_at
7.4285,7.4285,7.8451,202847_at
11.5894,11.5894,12.381,202854_at
6.6853,6.6853,6.2746,202862_at
8.6844,8.6844,9.633,202868_s_at
9.6854,9.6854,9.6812,202880_s_at
11.7827,11.7827,12.1616,202887_s_at
4.7989,4.7989,5.0783,202889_x_at
7.0081,7.0081,6.886,202891_at
11.3972,11.3972,10.1725,202900_s_at
8.4411,8.4411,6.6381,202908_at
9.1806,9.1806,6.7308,202910_s_at
11.7989,11.7989,12.0888,202911_at
6.541,6.541,5.7898,202916_s_at
8.697,8.697,7.8701,202927_at
9.3097,9.3097,9.7296,202942_at
9.406,9.406,9.4112,202945_at
4.3539,4.3539,4.3749,202949_s_at
7.1326,7.1326,7.6801,202950_at
10.248,10.248,11.4674,202954_at
10.1193,10.1193,9.3407,202963_at
4.3791,4.3791,4.1132,202986_at
5.2383,5.2383,6.3439,202990_at
7.8185,7.8185,7.8483,202996_at
7.8217,7.8217,8.1006,203013_at
5.7677,5.7677,6.2778,203038_at
10.0283,10.0283,11.0871,203046_s_at
8.576,8.576,8.306,203047_at
8.0819,8.0819,8.2671,203050_at
7.9715,7.9715,7.6036,203054_s_at
7.0945,7.0945,7.4799,203067_at
7.8938,7.8938,7.8734,203068_at
7.616,7.616,8.4658,203073_at
7.7938,7.7938,8.419,203105_s_at
8.5811,8.5811,8.1973,203117_s_at
7.4627,7.4627,7.884,203119_at
10.197,10.197,9.7278,203120_at
8.5957,8.5957,8.5293,203127_s_at
6.3833,6.3833,5.9682,203130_s_at
9.274,9.274,10.5424,203138_at
6.5898,6.5898,5.2373,203154_s_at
6.7983,6.7983,7.5356,203167_at
8.5848,8.5848,8.2856,203171_s_at
6.6222,6.6222,7.6843,203186_s_at
6.2082,6.2082,6.6072,203188_at
5.1358,5.1358,6.2188,203192_at
7.2571,7.2571,6.4141,203201_at
6.1336,6.1336,5.8868,203208_s_at
9.4446,9.4446,10.5642,203209_at
10.1577,10.1577,10.3796,203213_at
8.5672,8.5672,8.9134,203217_s_at
9.0616,9.0616,9.0465,203218_at
8.5635,8.5635,8.9971,203221_at
9.4053,9.4053,8.704,203228_at
6.4994,6.4994,8.7594,203233_at
9.0622,9.0622,8.0491,203246_s_at
4.3185,4.3185,4.1135,203256_at
7.4879,7.4879,8.1955,203258_at
11.9253,11.9253,10.0146,203279_at
8.1019,8.1019,8.1937,203285_s_at
6.7791,6.7791,7.9349,203288_at
6.8883,6.8883,6.582,203291_at
8.6292,8.6292,8.3532,203301_s_at
10.4137,10.4137,9.1443,203302_at
9.575,9.575,8.8829,203303_at
5.6632,5.6632,6.1088,203304_at
7.3663,7.3663,6.6824,203306_s_at
7.8121,7.8121,8.0737,203336_s_at
9.3957,9.3957,9.0755,203338_at
9.3209,9.3209,9.2768,203341_at
8.1371,8.1371,8.5233,203342_at
6.3549,6.3549,6.2082,203343_at
11.5561,11.5561,9.9834,203346_s_at
10.9317,10.9317,11.4535,203358_s_at
6.2506,6.2506,6.7427,203360_s_at
7.4324,7.4324,7.9424,203367_at
13.8058,13.8058,8.3929,203373_at
9.3964,9.3964,8.4956,203379_at
5.4873,5.4873,6.1112,203395_s_at
8.2749,8.2749,8.7867,203405_at
9.1515,9.1515,9.1489,203409_at
7.9943,7.9943,9.0142,203418_at
7.8491,7.8491,8.0213,203442_x_at
7.6422,7.6422,7.5161,203456_at
5.5524,5.5524,5.722,203458_at
5.6242,5.6242,5.6226,203464_s_at
6.7193,6.7193,6.5006,203465_at
9.8814,9.8814,9.3833,203494_s_at
8.4352,8.4352,7.5908,203512_at
7.9478,7.9478,7.5146,203521_s_at
8.4318,8.4318,6.8356,203530_s_at
6.666,6.666,7.0353,203546_at
4.1127,4.1127,5.5644,203557_s_at
5.7722,5.7722,6.4716,203566_s_at
4.1132,4.1132,4.1138,203570_at
8.6175,8.6175,8.9521,203574_at
8.9228,8.9228,7.9824,203575_at
8.0002,8.0002,8.8459,203582_s_at
9.2651,9.2651,9.7261,203616_at
6.3807,6.3807,5.361,203627_at
8.4559,8.4559,7.3464,203640_at
9.4207,9.4207,9.5122,203648_at
9.8557,9.8557,8.8858,203659_s_at
11.0871,11.0871,9.9622,203675_at
6.2354,6.2354,5.4128,203685_at
7.7071,7.7071,7.9154,203709_at
11.5769,11.5769,9.8805,203725_at
5.438,5.438,4.271,203726_s_at
8.0638,8.0638,8.2376,203727_at
10.7362,10.7362,11.1437,203755_at
6.7671,6.7671,6.4892,203775_at
11.3353,11.3353,9.6963,203787_at
9.9411,9.9411,9.3471,203848_at
6.7769,6.7769,8.0103,203857_s_at
9.323,9.323,8.5218,203884_s_at
9.8001,9.8001,9.1281,203885_at
9.6112,9.6112,10.2634,203897_at
5.986,5.986,5.9989,203911_at
9.252,9.252,9.2383,203919_at
7.6104,7.6104,7.9105,203931_s_at
5.8161,5.8161,7.4828,203973_s_at
8.0789,8.0789,8.2911,204000_at
4.9364,4.9364,5.4754,204042_at
7.9648,7.9648,9.1222,204087_s_at
9.1339,9.1339,9.5489,204089_x_at
7.5553,7.5553,7.3726,204106_at
8.4564,8.4564,9.5726,204126_s_at
7.635,7.635,7.6763,204143_s_at
7.6736,7.6736,8.8812,204252_at
4.6686,4.6686,5.1104,204256_at
11.6948,11.6948,11.6512,204285_s_at
9.6837,9.6837,9.4364,204313_s_at
7.2973,7.2973,7.3369,204418_x_at
7.7907,7.7907,6.7067,204458_at
8.7806,8.7806,9.2315,204484_at
8.3211,8.3211,9.3848,204489_s_at
7.3553,7.3553,7.607,204514_at
5.8863,5.8863,4.114,204517_at
4.656,4.656,4.5961,204542_at
6.7506,6.7506,7.3865,204549_at
8.5733,8.5733,8.9811,204587_at
7.7266,7.7266,8.4366,204605_at
8.6186,8.6186,9.0446,204610_s_at
8.3164,8.3164,8.4357,204617_s_at
5.3101,5.3101,6.1481,204656_at
7.8233,7.8233,7.9989,204662_at
5.2897,5.2897,4.2688,204679_at
6.8401,6.8401,7.2264,204711_at
4.9983,4.9983,5.5434,204729_s_at
7.0152,7.0152,6.9133,204756_at
5.3017,5.3017,5.6726,204757_s_at
7.0721,7.0721,5.9588,204761_at
5.6455,5.6455,6.4378,204781_s_at
7.3709,7.3709,7.345,204788_s_at
7.0149,7.0149,8.0324,204808_s_at
8.9763,8.9763,8.1785,204809_at
7.6308,7.6308,8.0789,204812_at
10.4925,10.4925,10.4534,204825_at
6.9759,6.9759,7.3921,204826_at
8.4697,8.4697,9.3485,204828_at
6.6164,6.6164,6.9318,204849_at
8.7237,8.7237,7.7149,204937_s_at
9.8613,9.8613,10.3819,204949_at
7.8819,7.8819,7.7922,204977_at
8.1124,8.1124,8.2289,204985_s_at
8.8672,8.8672,10.0884,205036_at
7.3783,7.3783,8.0032,205046_at
8.3268,8.3268,7.8995,205051_s_at
11.4812,11.4812,12.9295,205055_at
7.4839,7.4839,8.9461,205085_at
5.3335,5.3335,5.4644,205088_at
6.393,6.393,6.9687,205120_s_at
6.3381,6.3381,5.8331,205130_at
4.1135,4.1135,4.1142,205161_s_at
8.1177,8.1177,8.009,205172_x_at
7.1565,7.1565,6.4788,205173_x_at
5.5874,5.5874,5.7403,205190_at
8.4166,8.4166,8.4195,205202_at
6.8691,6.8691,7.8225,205205_at
5.8889,5.8889,4.7384,205376_at
7.3018,7.3018,7.4324,205379_at
7.1336,7.1336,6.9467,205398_s_at
5.108,5.108,4.4788,205450_at
4.5379,4.5379,4.7055,205451_at
7.3355,7.3355,8.4323,205452_at
7.6809,7.6809,7.6183,205562_at
4.5045,4.5045,4.1144,205573_s_at
5.9941,5.9941,5.9975,205607_s_at
7.2059,7.2059,7.6893,205633_s_at
4.4573,4.4573,6.2483,205691_at
5.9269,5.9269,4.8561,205750_at
7.3518,7.3518,6.2168,205811_at
7.3176,7.3176,8.3145,205895_s_at
8.7985,8.7985,9.3132,205909_at
7.3549,7.3549,7.9089,205963_s_at
10.9027,10.9027,10.3632,206015_s_at
9.3579,9.3579,9.8134,206050_s_at
7.807,7.807,8.8127,206066_s_at
5.3629,5.3629,4.4511,206109_at
10.3807,10.3807,10.0471,206173_x_at
7.9981,7.9981,8.8217,206364_at
9.6997,9.6997,9.1634,206571_s_at
13.708,13.708,11.4614,206662_at
9.4717,9.4717,9.7313,206688_s_at
7.3323,7.3323,7.7887,206723_s_at
8.3272,8.3272,7.7441,206770_s_at
8.5385,8.5385,8.646,206846_s_at
7.0422,7.0422,8.3632,207163_s_at
8.9593,8.9593,8.6487,207196_s_at
6.7386,6.7386,7.3197,207515_s_at
4.1138,4.1138,4.1146,207620_s_at
8.1463,8.1463,8.1838,207700_s_at
9.8604,9.8604,9.3188,207842_s_at
5.582,5.582,7.0251,207871_s_at
6.9386,6.9386,7.1727,207877_s_at
4.7592,4.7592,4.6796,208190_s_at
8.0427,8.0427,7.7172,208309_s_at
9.0527,9.0527,9.1216,208398_s_at
6.5474,6.5474,5.7245,208407_s_at
8.0294,8.0294,8.4289,208424_s_at
4.114,4.114,4.1147,208510_s_at
7.4382,7.4382,7.8819,208626_s_at
10.8113,10.8113,9.7641,208634_s_at
10.9764,10.9764,10.058,208647_at
10.2326,10.2326,13.6025,208690_s_at
8.5182,8.5182,8.8384,208716_s_at
10.4425,10.4425,11.2092,208717_at
14.5283,14.5283,14.4893,208763_s_at
5.6313,5.6313,4.1149,208820_at
9.966,9.966,10.5615,208847_s_at
10.0631,10.0631,8.112,208872_s_at
7.7153,7.7153,7.6115,208898_at
8.2504,8.2504,7.8137,208936_x_at
7.3225,7.3225,7.209,208950_s_at
6.7562,6.7562,7.542,209015_s_at
6.5453,6.5453,7.651,209029_at
10.0362,10.0362,10.8922,209045_at
10.8216,10.8216,12.2257,209083_at
8.1472,8.1472,8.4841,209092_s_at
9.9507,9.9507,9.7432,209095_at
8.1713,8.1713,8.2689,209100_at
4.1142,4.1142,4.115,209109_s_at
7.7614,7.7614,8.8882,209161_at
5.4114,5.4114,5.2901,209163_at
9.7623,9.7623,9.9844,209166_s_at
7.1001,7.1001,6.0383,209179_s_at
8.3112,8.3112,10.0711,209189_at
8.2906,8.2906,9.1679,209191_at
4.761,4.761,4.3377,209213_at
7.4697,7.4697,7.184,209215_at
7.0126,7.0126,6.7624,209253_at
4.3763,4.3763,4.2783,209260_at
4.1144,4.1144,7.99,209262_s_at
6.5329,6.5329,6.5699,209263_x_at
10.7046,10.7046,11.1034,209304_x_at
11.28,11.28,11.975,209337_at
7.7246,7.7246,7.8257,209341_s_at
7.9703,7.9703,8.1556,209364_at
6.6583,6.6583,6.4177,209367_at
7.7875,7.7875,7.3092,209380_s_at
9.1991,9.1991,10.4766,209408_at
7.0681,7.0681,5.8834,209409_at
10.6332,10.6332,8.9353,209435_s_at
9.0099,9.0099,10.1305,209507_at
7.4518,7.4518,7.1231,209515_s_at
8.7505,8.7505,8.6003,209526_s_at
6.8863,6.8863,7.9905,209531_at
6.444,6.444,6.7262,209567_at
7.6293,7.6293,7.9487,209586_s_at
4.1146,4.1146,4.1151,209603_at
7.795,7.795,8.9612,209608_s_at
6.2526,6.2526,6.6396,209662_at
5.3877,5.3877,4.7227,209710_at
10.9012,10.9012,9.5309,209806_at
10.6451,10.6451,11.2566,209899_s_at
5.8265,5.8265,7.0027,210058_at
7.1878,7.1878,8.2431,210115_at
7.0655,7.0655,6.3836,210151_s_at
7.9437,7.9437,8.6753,210153_s_at
6.9331,6.9331,7.2619,210416_s_at
5.4491,5.4491,4.6251,210640_s_at
8.9691,8.9691,8.9934,210719_s_at
7.3521,7.3521,8.081,210788_s_at
4.9985,4.9985,5.2264,210986_s_at
7.9068,7.9068,8.0078,211015_s_at
9.3061,9.3061,9.5513,211071_s_at
5.1561,5.1561,6.9693,211715_s_at
7.9097,7.9097,8.3329,211725_s_at
9.483,9.483,9.9346,211747_s_at
10.0511,10.0511,9.3202,211783_s_at
14.1024,14.1024,14.6937,211919_s_at
7.5679,7.5679,7.3436,212047_s_at
8.6228,8.6228,7.7978,212054_x_at
7.8921,7.8921,4.2552,212070_at
7.748,7.748,8.5482,212115_at
12.6637,12.6637,9.6208,212124_at
10.2579,10.2579,9.7667,212140_at
7.0694,7.0694,7.8177,212166_at
10.7515,10.7515,10.9609,212180_at
7.5561,7.5561,7.5334,212189_s_at
10.55,10.55,11.4203,212206_s_at
9.4952,9.4952,9.3118,212231_at
7.1501,7.1501,6.6185,212255_s_at
6.2841,6.2841,7.2768,212300_at
9.6704,9.6704,7.5698,212399_s_at
7.3903,7.3903,6.8921,212403_at
6.6701,6.6701,7.526,212453_at
6.3862,6.3862,6.8812,212458_at
10.1285,10.1285,8.9105,212462_at
9.3393,9.3393,9.4349,212485_at
6.9645,6.9645,6.5732,212500_at
7.8827,7.8827,7.7153,212536_at
8.9758,8.9758,8.914,212557_at
10.3138,10.3138,10.4889,212591_at
8.6888,8.6888,7.1782,212614_at
4.1147,4.1147,4.3349,212624_s_at
10.1566,10.1566,9.8503,212644_s_at
7.979,7.979,7.9703,212648_at
10.2305,10.2305,8.7072,212660_at
12.0704,12.0704,10.0651,212665_at
12.2313,12.2313,10.2734,212689_s_at
8.9064,8.9064,9.6471,212694_s_at
8.5528,8.5528,8.3178,212717_at
11.1302,11.1302,10.0313,212723_at
5.1403,5.1403,4.6611,212765_at
10.9255,10.9255,8.6636,212795_at
8.3103,8.3103,9.9873,212811_x_at
7.2796,7.2796,7.2001,212815_at
8.4535,8.4535,8.807,212833_at
8.5051,8.5051,9.1693,212846_at
7.1074,7.1074,6.1722,212851_at
9.2609,9.2609,9.0261,212871_at
7.163,7.163,6.4648,212875_s_at
7.4191,7.4191,7.662,212880_at
7.8644,7.8644,8.004,212894_at
9.6938,9.6938,8.6818,212899_at
8.5143,8.5143,7.9976,212910_at
9.9641,9.9641,9.1074,212943_at
10.4852,10.4852,10.4137,212955_s_at
8.2832,8.2832,8.1919,212968_at
8.994,8.994,10.9655,212973_at
9.4349,9.4349,8.8263,212997_s_at
8.9029,8.9029,9.5021,213135_at
6.4553,6.4553,4.2711,213150_at
5.5199,5.5199,4.8409,213190_at
8.3819,8.3819,7.5999,213233_s_at
7.1387,7.1387,6.4692,213292_s_at
4.6417,4.6417,5.5646,213343_s_at
5.1392,5.1392,4.4672,213417_at
4.1149,4.1149,8.863,213419_at
7.1694,7.1694,7.5338,213669_at
5.5272,5.5272,5.6532,213689_x_at
12.6121,12.6121,12.0183,213720_s_at
5.9903,5.9903,5.0814,213844_at
5.5163,5.5163,5.5331,213851_at
8.1789,8.1789,8.2068,213995_at
6.5829,6.5829,6.3123,214061_at
5.3692,5.3692,5.8372,214074_s_at
9.7806,9.7806,9.9718,214259_s_at
4.3598,4.3598,4.834,214404_x_at
8.9503,8.9503,9.1726,214741_at
9.3428,9.3428,10.7856,215000_s_at
6.1465,6.1465,6.3094,215093_at
6.0683,6.0683,5.8303,215116_s_at
9.9794,9.9794,8.9029,215884_s_at
7.947,7.947,7.5208,215903_s_at
5.5367,5.5367,4.9349,215945_s_at
6.5687,6.5687,7.009,215980_s_at
10.1831,10.1831,8.4776,216321_s_at
4.8437,4.8437,5.6975,216836_s_at
4.115,4.115,4.3912,216913_s_at
5.8847,5.8847,5.9997,217080_s_at
9.5807,9.5807,11.7965,217168_s_at
8.9898,8.9898,9.1912,217722_s_at
9.3979,9.3979,8.7286,217752_s_at
8.7761,8.7761,7.979,217758_s_at
9.6063,9.6063,10.6732,217761_at
5.6977,5.6977,5.9242,217763_s_at
10.0874,10.0874,10.1049,217766_s_at
6.8576,6.8576,7.7016,217777_s_at
8.715,8.715,8.6519,217784_at
10.0233,10.0233,10.1905,217789_at
11.142,11.142,11.0657,217809_at
12.0029,12.0029,10.5148,217825_s_at
9.8277,9.8277,9.1177,217838_s_at
4.6298,4.6298,4.4521,217867_x_at
9.6862,9.6862,9.911,217872_at
10.8098,10.8098,9.8915,217873_at
9.4244,9.4244,9.8232,217900_at
6.4021,6.4021,6.6133,217901_at
12.3538,12.3538,10.6504,217906_at
5.8418,5.8418,6.8499,217911_s_at
7.996,7.996,8.454,217931_at
9.9046,9.9046,10.9285,217933_s_at
9.2031,9.2031,9.1287,217934_x_at
9.2616,9.2616,9.6281,217950_at
9.0378,9.0378,9.5099,217956_s_at
11.1034,11.1034,9.8906,217989_at
8.3216,8.3216,7.4723,217995_at
8.0997,8.0997,8.4455,218001_at
9.7535,9.7535,10.7156,218014_at
9.2977,9.2977,8.9959,218034_at
12.5784,12.5784,13.6233,218039_at
7.2723,7.2723,7.9799,218046_s_at
9.3358,9.3358,9.5207,218050_at
8.1619,8.1619,9.0008,218051_s_at
9.1112,9.1112,8.9117,218064_s_at
5.5918,5.5918,5.0028,218086_at
10.0029,10.0029,9.6031,218093_s_at
8.8155,8.8155,8.4436,218102_at
9.0359,9.0359,8.4171,218104_at
10.4595,10.4595,10.2513,218108_at
7.0393,7.0393,6.1792,218113_at
7.0008,7.0008,9.4952,218145_at
11.5582,11.5582,11.0624,218149_s_at
9.6988,9.6988,9.0547,218168_s_at
7.793,7.793,8.6366,218170_at
7.8173,7.8173,6.9661,218175_at
7.3972,7.3972,7.9122,218193_s_at
10.9701,10.9701,10.5771,218206_x_at
6.7954,6.7954,7.5579,218215_s_at
5.4068,5.4068,4.9438,218245_at
8.3371,8.3371,8.8953,218249_at
8.2399,8.2399,9.0199,218290_at
8.7616,8.7616,8.7817,218316_at
11.6448,11.6448,8.0793,218346_s_at
11.4733,11.4733,12.2399,218350_s_at
10.6978,10.6978,10.2261,218358_at
7.2595,7.2595,7.7433,218375_at
10.0058,10.0058,10.4292,218399_s_at
8.4623,8.4623,8.0728,218407_x_at
10.5951,10.5951,9.5294,218421_at
9.48,9.48,9.4868,218435_at
9.1607,9.1607,9.1119,218450_at
7.5234,7.5234,8.338,218474_s_at
7.2192,7.2192,8.3819,218529_at
5.6582,5.6582,6.4387,218547_at
9.5607,9.5607,9.7338,218571_s_at
6.4286,6.4286,7.7907,218581_at
5.6927,5.6927,6.494,218584_at
8.7682,8.7682,9.2575,218595_s_at
6.8963,6.8963,7.246,218597_s_at
11.1951,11.1951,10.5085,218679_s_at
4.4958,4.4958,4.77,218695_at
9.7449,9.7449,7.7851,218742_at
6.5747,6.5747,6.209,218743_at
4.5089,4.5089,4.1152,218744_s_at
7.4843,7.4843,7.8022,218755_at
6.6032,6.6032,5.7452,218780_at
8.161,8.161,8.5899,218794_s_at
8.7795,8.7795,8.0849,218807_at
6.4497,6.4497,8.1344,218826_at
10.2425,10.2425,10.3737,218845_at
9.0597,9.0597,9.2935,218852_at
10.3207,10.3207,9.5878,218856_at
5.6608,5.6608,5.6599,218898_at
5.9024,5.9024,4.7377,218910_at
8.4569,8.4569,8.3188,218961_s_at
9.1766,9.1766,8.6202,219016_at
4.5473,4.5473,4.8254,219051_x_at
7.8791,7.8791,8.9769,219061_s_at
9.7948,9.7948,10.1357,219076_s_at
5.9067,5.9067,6.5511,219082_at
5.8713,5.8713,4.838,219127_at
6.0723,6.0723,6.7819,219170_at
8.4771,8.4771,8.323,219184_x_at
5.7116,5.7116,5.5489,219222_at
4.8485,4.8485,6.1939,219270_at
8.8206,8.8206,9.3928,219281_at
6.7519,6.7519,6.1981,219352_at
7.5464,7.5464,7.0991,219363_s_at
6.9454,6.9454,6.9577,219384_s_at
5.4695,5.4695,5.5711,219390_at
8.6877,8.6877,9.061,219485_s_at
8.062,8.062,7.9445,219492_at
5.5069,5.5069,5.93,219573_at
5.3583,5.3583,5.4551,219581_at
9.516,9.516,8.075,219711_at
6.2772,6.2772,6.312,219742_at
8.0465,8.0465,7.3412,219821_s_at
4.1151,4.1151,6.1594,219888_at
6.4865,6.4865,5.9564,219952_s_at
5.8137,5.8137,6.4194,219968_at
4.4341,4.4341,5.2749,220091_at
8.9076,8.9076,9.4808,220094_s_at
8.863,8.863,9.1255,220127_s_at
7.0508,7.0508,7.9594,220140_s_at
7.5398,7.5398,8.239,220643_s_at
9.5528,9.5528,9.2699,221046_s_at
6.0861,6.0861,6.0426,221081_s_at
4.3013,4.3013,4.3208,221142_s_at
12.3629,12.3629,11.6256,221230_s_at
7.0844,7.0844,8.0116,221449_s_at
8.6376,8.6376,8.3244,221482_s_at
10.0966,10.0966,10.2535,221492_s_at
8.1375,8.1375,8.2726,221514_at
7.4296,7.4296,8.1477,221531_at
6.7835,6.7835,7.1313,221549_at
4.4052,4.4052,4.3884,221552_at
4.7945,4.7945,5.0802,221567_at
6.692,6.692,6.1041,221610_s_at
8.2523,8.2523,7.8628,221641_s_at
7.6396,7.6396,6.7935,221732_at
11.4438,11.4438,12.1398,221741_s_at
7.0356,7.0356,7.5683,221750_at
7.5476,7.5476,7.1316,221779_at
5.0018,5.0018,6.0864,221856_s_at
8.4269,8.4269,8.5223,222125_s_at
9.0743,9.0743,6.755,222217_s_at
7.2491,7.2491,6.6213,336_at
7.0808,7.0808,7.4854,40562_at
7.1744,7.1744,5.7089,89476_r_at
14.391,14.391,14.5026,200024_at
13.6444,13.6444,13.1178,200059_s_at
11.4203,11.4203,12.1182,200060_s_at
14.6701,14.6701,14.7855,200081_s_at
8.2666,8.2666,6.6704,200602_at
11.3166,11.3166,11.3278,200614_at
8.9746,8.9746,10.0874,200622_x_at
9.8934,9.8934,11.014,200711_s_at
8.9697,8.9697,8.7677,200768_s_at
8.3319,8.3319,7.497,200799_at
13.1135,13.1135,14.3611,200807_s_at
13.8832,13.8832,13.4958,200810_s_at
13.4661,13.4661,13.5058,200814_at
10.8202,10.8202,11.7896,200830_at
10.787,10.787,11.3056,200882_s_at
12.3901,12.3901,13.2627,200886_s_at
12.7595,12.7595,13.2091,200966_x_at
13.9502,13.9502,12.8486,200989_at
8.904,8.904,8.9752,201052_s_at
4.1152,4.1152,4.1153,201058_s_at
5.4011,5.4011,5.6899,201069_at
9.8924,9.8924,9.9951,201102_s_at
12.1975,12.1975,11.6384,201152_s_at
12.688,12.688,13.4077,201202_at
6.5413,6.5413,6.6614,201334_s_at
12.3449,12.3449,12.86,201453_x_at
11.2092,11.2092,10.6002,201460_at
6.6299,6.6299,6.6262,201469_s_at
8.9222,8.9222,9.2207,201471_s_at
14.4007,14.4007,12.9732,201502_s_at
5.2318,5.2318,6.5611,201536_at
5.6037,5.6037,6.6577,201693_s_at
12.8524,12.8524,12.2003,201700_at
7.9598,7.9598,8.4663,201746_at
12.1263,12.1263,11.94,201762_s_at
6.0864,6.0864,7.0139,201763_s_at
7.446,7.446,8.8527,201841_s_at
9.9176,9.9176,12.2947,201853_s_at
11.1285,11.1285,9.1004,201959_s_at
11.7919,11.7919,11.8647,202076_at
7.3278,7.3278,7.8612,202100_at
7.0768,7.0768,8.0436,202208_s_at
7.0871,7.0871,6.1467,202224_at
6.5967,6.5967,7.1448,202240_at
8.7373,8.7373,9.9214,202246_s_at
4.7937,4.7937,4.9968,202310_s_at
11.19,11.19,10.1326,202332_at
7.0323,7.0323,6.7694,202368_s_at
4.9791,4.9791,5.8206,202454_s_at
6.463,6.463,6.77,202507_s_at
12.3568,12.3568,9.5474,202555_s_at
4.4828,4.4828,4.8182,202627_s_at
5.6733,5.6733,6.396,202637_s_at
7.3532,7.3532,7.843,202647_s_at
11.2179,11.2179,10.9578,202659_at
9.7544,9.7544,7.5787,202677_at
4.6259,4.6259,4.1154,202743_at
9.9318,9.9318,9.9232,202870_s_at
9.2369,9.2369,9.222,203007_x_at
9.7526,9.7526,8.6882,203110_at
7.3677,7.3677,7.0162,203123_s_at
8.9389,8.9389,8.5733,203132_at
8.8263,8.8263,8.7555,203135_at
7.1691,7.1691,7.4712,203277_at
9.579,9.579,8.5313,203315_at
4.3576,4.3576,5.7133,203381_s_at
11.3464,11.3464,8.7806,203408_s_at
6.6488,6.6488,6.2062,203565_s_at
4.1153,4.1153,4.1155,203639_s_at
5.7761,5.7761,5.0938,203665_at
7.4893,7.4893,7.4843,203696_s_at
5.536,5.536,4.9745,203705_s_at
8.0388,8.0388,8.1517,203927_at
6.6834,6.6834,6.8312,203952_at
4.1154,4.1154,4.1156,204014_at
4.6274,4.6274,4.689,204039_at
8.7851,8.7851,7.3983,204061_at
5.9059,5.9059,6.4126,204092_s_at
8.7357,8.7357,9.1509,204093_at
13.3412,13.3412,9.4536,204131_s_at
5.1801,5.1801,5.0749,204191_at
8.605,8.605,7.9956,204297_at
10.3959,10.3959,9.2609,204369_at
4.4377,4.4377,5.2863,204420_at
6.0576,6.0576,5.5272,204451_at
5.8206,5.8206,5.3909,204466_s_at
4.6382,4.6382,4.1157,204475_at
7.0363,7.0363,7.3032,204531_s_at
5.5333,5.5333,6.0266,204579_at
4.1155,4.1155,5.0999,204654_s_at
8.3193,8.3193,9.8403,204695_at
8.1704,8.1704,7.4062,204725_s_at
4.4671,4.4671,4.8228,204748_at
4.6602,4.6602,5.025,204995_at
6.6035,6.6035,5.5827,204999_s_at
6.077,6.077,5.8962,205026_at
9.5348,9.5348,9.443,205034_at
9.0666,9.0666,8.6732,205039_s_at
6.8519,6.8519,4.8544,205067_at
4.2856,4.2856,4.1158,205153_s_at
9.7913,9.7913,11.0756,205349_at
7.4173,7.4173,7.6021,205393_s_at
7.1555,7.1555,8.1371,205417_s_at
5.1064,5.1064,4.9554,205463_s_at
6.0806,6.0806,5.786,205467_at
4.1156,4.1156,4.7451,205498_at
7.1008,7.1008,6.9166,205500_at
8.7488,8.7488,9.3876,205504_at
4.1157,4.1157,4.6114,205581_s_at
4.6513,4.6513,4.6142,205897_at
5.0329,5.0329,6.1074,205899_at
4.1158,4.1158,4.513,206070_s_at
8.0116,8.0116,5.8521,206099_at
4.4798,4.4798,5.5034,206170_at
4.1159,4.1159,5.3796,206254_at
6.8449,6.8449,6.6837,206501_x_at
8.8448,8.8448,9.3629,206562_s_at
6.9706,6.9706,8.9491,206687_s_at
6.5835,6.5835,6.2389,206752_s_at
5.0127,5.0127,5.2506,207034_s_at
5.1381,5.1381,6.5171,207039_at
6.3634,6.3634,6.9772,207042_at
6.3057,6.3057,5.9831,207143_at
9.8906,9.8906,8.5702,207181_s_at
7.1228,7.1228,7.2014,207199_at
7.4767,7.4767,9.4649,207238_s_at
4.3466,4.3466,4.1159,207334_s_at
7.2076,7.2076,6.8739,207416_s_at
6.1784,6.1784,7.0597,207419_s_at
6.0088,6.0088,6.6642,207535_s_at
10.4963,10.4963,11.4634,207540_s_at
10.4534,10.4534,10.3195,207805_s_at
4.5824,4.5824,4.9196,207808_s_at
5.3144,5.3144,6.1394,207847_s_at
6.836,6.836,5.243,207968_s_at
6.4126,6.4126,8.3886,207993_s_at
5.3781,5.3781,5.6692,208025_s_at
7.0867,7.0867,7.5494,208050_s_at
5.6618,5.6618,5.6929,208478_s_at
8.3089,8.3089,9.5647,208611_s_at
8.0893,8.0893,8.9052,208624_s_at
10.5912,10.5912,11.9058,208644_at
14.1135,14.1135,14.1303,208687_x_at
7.9362,7.9362,8.2064,208708_x_at
5.199,5.199,5.5009,208711_s_at
10.7252,10.7252,9.999,208728_s_at
7.3053,7.3053,7.8831,208891_at
14.4436,14.4436,14.4436,208894_at
11.8481,11.8481,12.5063,208905_at
5.4428,5.4428,6.3309,208908_s_at
7.3886,7.3886,7.9003,208945_s_at
4.8203,4.8203,5.6649,208992_s_at
12.6741,12.6741,11.884,209040_s_at
7.442,7.442,7.0918,209050_s_at
11.1692,11.1692,10.1409,209112_at
9.0161,9.0161,9.7073,209257_s_at
7.9541,7.9541,9.274,209464_at
8.0375,8.0375,8.165,209467_s_at
8.7116,8.7116,8.9558,209572_s_at
7.3574,7.3574,7.3854,209576_at
4.8129,4.8129,5.1844,209588_at
5.5489,5.5489,5.558,209615_s_at
8.4816,8.4816,9.7005,209682_at
6.415,6.415,6.5747,209747_at
4.9848,4.9848,5.5734,209774_x_at
9.4476,9.4476,9.0359,209860_s_at
4.9644,4.9644,5.3051,209875_s_at
10.1451,10.1451,10.4054,209939_x_at
6.6766,6.6766,6.602,210038_at
10.2746,10.2746,7.5312,210105_s_at
4.116,4.116,4.5053,210145_at
5.3249,5.3249,7.3225,210337_s_at
7.1034,7.1034,11.3353,210754_s_at
5.8407,5.8407,6.6436,210761_s_at
8.1397,8.1397,8.4648,211297_s_at
9.4334,9.4334,10.1809,211318_s_at
4.1161,4.1161,4.116,211518_s_at
9.0038,9.0038,8.3253,211729_x_at
8.5203,8.5203,8.9952,211758_x_at
4.9453,4.9453,4.4205,211980_at
7.9221,7.9221,8.2666,212051_at
4.1161,4.1161,4.1161,212143_s_at
8.0255,8.0255,9.7321,212281_s_at
11.9106,11.9106,13.3694,212287_at
9.7736,9.7736,11.1692,212330_at
7.4977,7.4977,7.5638,212740_at
7.2706,7.2706,7.379,212849_at
5.662,5.662,5.2399,213191_at
4.5357,4.5357,4.4927,213324_at
6.9418,6.9418,6.4494,213384_x_at
9.1043,9.1043,9.8548,213702_x_at
4.3267,4.3267,4.321,213721_at
5.5888,5.5888,6.4437,214062_x_at
8.2335,8.2335,9.6778,214086_s_at
8.8436,8.8436,8.3037,214274_s_at
7.3847,7.3847,7.6593,214435_x_at
5.5825,5.5825,6.1239,214447_at
7.8775,7.8775,8.2888,214710_s_at
5.1593,5.1593,6.4097,216347_s_at
4.3172,4.3172,4.1161,216598_s_at
7.7254,7.7254,8.5339,217140_s_at
13.6972,13.6972,13.1478,217478_s_at
6.9603,6.9603,7.4331,217496_s_at
12.3209,12.3209,13.2538,217871_s_at
4.3966,4.3966,4.8816,218292_s_at
8.3857,8.3857,7.3172,218457_s_at
5.7275,5.7275,6.0272,218498_s_at
8.8852,8.8852,9.3701,218619_s_at
7.5186,7.5186,7.0971,218847_at
7.927,7.927,6.9791,218902_at
5.2918,5.2918,5.7611,218995_s_at
6.6818,6.6818,6.1758,219208_at
5.2471,5.2471,4.4616,219461_at
4.3062,4.3062,5.3537,221060_s_at
4.6663,4.6663,4.1162,221308_at
10.4197,10.4197,10.4413,221478_at
7.8844,7.8844,7.8066,221539_at
5.3509,5.3509,5.7002,221562_s_at
7.1154,7.1154,7.947,222103_at
4.8866,4.8866,5.4095,34408_at
9.0755,9.0755,8.6492,36936_at
6.5538,6.5538,4.7312,37152_at
8.367,8.367,7.8909,40829_at
9.0749,9.0749,9.7218,56197_at
7.7207,7.7207,7.5095,1053_at
9.6879,9.6879,10.1546,200618_at
12.2485,12.2485,12.3004,200811_at
10.5732,10.5732,11.1522,201007_at
6.8746,6.8746,7.3747,201127_s_at
11.8671,11.8671,10.8728,201153_s_at
13.7132,13.7132,12.1208,201161_s_at
6.6364,6.6364,7.1178,201207_at
7.8062,7.8062,8.041,201223_s_at
10.8595,10.8595,10.9133,201225_s_at
10.7445,10.7445,10.2162,201236_s_at
7.6055,7.6055,8.3498,201250_s_at
9.9756,9.9756,9.6479,201263_at
10.9102,10.9102,9.5006,201328_at
9.2692,9.2692,8.9216,201331_s_at
9.733,9.733,10.4778,201347_x_at
9.145,9.145,8.9211,201366_at
8.0967,8.0967,10.2055,201489_at
8.7957,8.7957,9.2747,201513_at
11.1454,11.1454,11.0414,201558_at
11.1848,11.1848,10.8937,201594_s_at
7.7382,7.7382,7.4788,201644_at
7.5356,7.5356,7.4974,201673_s_at
7.5999,7.5999,8.2546,201675_at
9.4506,9.4506,8.4826,201704_at
6.7218,6.7218,6.4372,201707_at
6.1894,6.1894,6.3407,201735_s_at
13.3085,13.3085,12.8867,201738_at
6.2884,6.2884,6.2964,201739_at
4.1162,4.1162,4.1163,201743_at
9.0199,9.0199,8.6297,201794_s_at
10.9873,10.9873,10.9239,201804_x_at
10.1399,10.1399,9.3731,201807_at
8.6997,8.6997,7.9134,201889_at
13.8553,13.8553,11.1051,201924_at
8.4786,8.4786,10.3458,201931_at
12.7778,12.7778,10.8056,201960_s_at
9.9214,9.9214,8.1686,201963_at
8.3342,8.3342,8.5041,202025_x_at
10.0204,10.0204,9.2733,202032_s_at
9.0093,9.0093,9.6495,202038_at
8.0099,8.0099,7.7602,202083_s_at
8.1243,8.1243,8.6942,202108_at
11.0366,11.0366,8.3319,202114_at
8.4991,8.4991,8.2569,202128_at
6.4928,6.4928,7.8896,202207_at
7.2633,7.2633,7.1604,202328_s_at
7.9508,7.9508,8.2957,202331_at
8.5446,8.5446,8.3718,202361_at
8.9419,8.9419,8.5472,202362_at
7.7733,7.7733,7.5231,202369_s_at
8.7221,8.7221,8.7666,202401_s_at
8.2602,8.2602,8.0154,202414_at
9.2078,9.2078,8.4991,202429_s_at
8.9509,8.9509,8.8754,202441_at
6.8586,6.8586,6.572,202452_at
10.9363,10.9363,11.7643,202521_at
6.5919,6.5919,6.3442,202535_at
7.6855,7.6855,7.1411,202624_s_at
7.6924,7.6924,12.5952,202626_s_at
8.3155,8.3155,9.2099,202691_at
5.6427,5.6427,5.7189,202734_at
7.3165,7.3165,8.0832,202772_at
10.446,10.446,9.2775,202798_at
9.6654,9.6654,10.0431,202829_s_at
8.1384,8.1384,7.734,202866_at
6.535,6.535,4.8252,202894_at
11.9351,11.9351,9.3244,202946_s_at
7.6202,7.6202,8.1173,203008_x_at
9.5045,9.5045,10.0087,203026_at
7.7141,7.7141,6.1345,203080_s_at
8.9011,8.9011,9.4416,203094_at
7.2678,7.2678,7.1064,203124_s_at
8.1495,8.1495,9.1732,203126_at
7.0409,7.0409,6.2853,203155_at
8.219,8.219,8.8002,203241_at
9.5782,9.5782,9.1958,203250_at
7.3057,7.3057,7.3893,203328_x_at
8.1583,8.1583,8.9898,203334_at
7.7425,7.7425,7.7823,203447_at
4.7353,4.7353,4.1164,203499_at
5.5213,5.5213,5.4504,203562_at
6.7399,6.7399,7.3518,203573_s_at
9.0978,9.0978,9.2761,203594_at
6.5559,6.5559,5.9617,203596_s_at
7.5256,7.5256,8.847,203646_at
8.2883,8.2883,7.9811,203720_s_at
8.4446,8.4446,8.3446,203764_at
8.5905,8.5905,7.9913,203773_x_at
7.3965,7.3965,7.6179,203806_s_at
8.4796,8.4796,8.93,203905_at
5.4875,5.4875,5.0133,203963_at
6.8876,6.8876,7.0935,203965_at
6.0568,6.0568,5.6907,204017_at
9.4498,9.4498,8.7918,204054_at
10.39,10.39,9.3579,204158_s_at
8.2754,8.2754,7.6373,204168_at
5.5897,5.5897,5.2016,204217_s_at
6.0922,6.0922,6.1998,204225_at
6.3582,6.3582,6.8486,204324_s_at
4.9009,4.9009,4.1164,204497_at
7.3365,7.3365,8.1923,204608_at
4.4722,4.4722,4.6508,204611_s_at
5.681,5.681,5.346,204653_at
7.1157,7.1157,7.3652,204742_s_at
8.8025,8.8025,9.721,204752_x_at
4.1163,4.1163,5.2258,204755_x_at
5.1706,5.1706,4.8411,204765_at
8.2823,8.2823,8.8585,204772_s_at
6.4395,6.4395,6.6645,204925_at
4.3892,4.3892,4.7438,204952_at
8.8361,8.8361,8.2172,204978_at
7.4778,7.4778,6.8931,204998_s_at
4.4053,4.4053,4.5226,205031_at
5.5649,5.5649,5.3394,205079_s_at
5.1721,5.1721,4.7294,205227_at
8.3954,8.3954,8.9146,205251_at
8.1335,8.1335,8.6582,205324_s_at
7.3872,7.3872,7.1633,205340_at
5.6493,5.6493,6.5081,205406_s_at
10.6278,10.6278,11.0558,205480_s_at
11.43,11.43,10.9347,205548_s_at
7.9794,7.9794,8.538,205667_at
5.1937,5.1937,5.0923,205741_s_at
5.005,5.005,5.4108,205774_at
5.9951,5.9951,5.5885,205919_at
10.1905,10.1905,11.96,206398_s_at
6.1261,6.1261,6.8347,206414_s_at
6.1292,6.1292,6.0402,207038_at
5.3841,5.3841,4.9144,207290_at
6.4778,6.4778,7.2639,207467_x_at
4.6623,4.6623,5.7152,207749_s_at
9.1313,9.1313,9.4104,207831_x_at
8.4747,8.4747,9.8557,207939_x_at
10.8565,10.8565,12.5354,208078_s_at
6.6883,6.6883,6.4265,208249_s_at
7.0518,7.0518,7.6747,208290_s_at
7.9674,7.9674,9.0591,208445_s_at
5.3189,5.3189,6.2318,208741_at
5.3896,5.3896,6.3698,208879_x_at
9.2348,9.2348,9.5886,208946_s_at
6.6314,6.6314,5.8902,209147_s_at
10.0711,10.0711,10.4173,209259_s_at
7.0541,7.0541,6.8411,209307_at
8.4707,8.4707,8.9569,209394_at
5.884,5.884,6.3236,209460_at
6.0886,6.0886,4.2785,209691_s_at
6.8921,6.8921,6.6895,209724_s_at
11.7058,11.7058,12.8148,209760_at
8.5066,8.5066,7.9453,209911_x_at
4.7612,4.7612,5.7801,210074_at
7.38,7.38,7.1474,210241_s_at
9.2058,9.2058,8.2395,210473_s_at
9.1739,9.1739,9.0434,210563_x_at
6.5838,6.5838,7.0432,210582_s_at
7.8612,7.8612,8.4361,210695_s_at
7.3907,7.3907,6.6222,210811_s_at
4.8094,4.8094,5.2713,211330_s_at
4.3911,4.3911,4.3322,211605_s_at
8.603,8.603,9.8778,212038_s_at
8.1102,8.1102,8.0711,212049_at
7.6251,7.6251,9.8295,212282_at
8.9017,8.9017,9.7406,212345_s_at
9.4126,9.4126,9.7823,212449_s_at
5.4101,5.4101,5.7204,212651_at
8.119,8.119,8.1102,212726_at
7.237,7.237,9.9478,212737_at
4.3849,4.3849,6.3919,212770_at
7.4908,7.4908,6.471,212830_at
5.2495,5.2495,5.1948,212850_s_at
4.8674,4.8674,4.4058,213110_s_at
5.5876,5.5876,5.6778,213119_at
8.3939,8.3939,7.7982,213152_s_at
10.7898,10.7898,9.1482,213153_at
7.8978,7.8978,7.7297,213196_at
7.7421,7.7421,8.1762,213370_s_at
8.9989,8.9989,8.78,213390_at
10.1069,10.1069,10.6544,213531_s_at
6.2477,6.2477,7.0644,213772_s_at
10.7293,10.7293,10.0166,213918_s_at
8.493,8.493,8.3579,214106_s_at
7.8656,7.8656,8.0663,214221_at
8.7935,8.7935,8.9175,214473_x_at
7.5698,7.5698,7.3751,215497_s_at
9.3615,9.3615,9.0998,217734_s_at
11.069,11.069,11.1951,217745_s_at
9.2355,9.2355,8.6904,217830_s_at
11.7036,11.7036,11.2144,217870_s_at
6.8296,6.8296,7.6206,217960_s_at
8.9569,8.9569,8.8258,217971_at
8.1353,8.1353,7.9283,218068_s_at
10.1315,10.1315,10.347,218140_x_at
7.8157,7.8157,7.385,218255_s_at
8.7307,8.7307,8.5672,218271_s_at
8.0107,8.0107,7.4352,218397_at
11.8576,11.8576,12.7668,218462_at
7.75,7.75,6.7531,218523_at
7.4424,7.4424,7.7598,218542_at
8.9413,8.9413,8.7204,218577_at
9.6463,9.6463,10.8448,218642_s_at
8.2317,8.2317,8.7477,218667_at
9.0483,9.0483,8.8533,218788_s_at
8.3202,8.3202,9.0508,218809_at
5.6592,5.6592,5.4324,218828_at
7.2526,7.2526,5.1485,218854_at
7.0303,7.0303,6.7509,218916_at
7.2533,7.2533,7.1939,218948_at
9.6031,9.6031,10.0832,219069_at
4.4544,4.4544,4.9384,219327_s_at
6.4188,6.4188,7.0067,219382_at
7.0827,7.0827,7.3432,219459_at
9.2038,9.2038,7.2945,219460_s_at
7.1303,7.1303,7.0764,219499_at
6.5239,6.5239,6.99,219650_at
7.9719,7.9719,6.3355,219654_at
5.5418,5.5418,5.4143,220161_s_at
7.6985,7.6985,7.2308,220661_s_at
8.7483,8.7483,9.3315,220964_s_at
6.0091,6.0091,6.0497,221223_x_at
5.9591,5.9591,6.8277,221227_x_at
5.3322,5.3322,5.6508,221245_s_at
6.7712,6.7712,5.3279,221560_at
7.5806,7.5806,7.4453,221848_at
4.4019,4.4019,4.3463,221887_s_at
6.177,6.177,6.1602,57703_at
13.8665,13.8665,13.9278,200005_at
14.1693,14.1693,14.0348,200007_at
13.9841,13.9841,13.9221,200693_at
14.3149,14.3149,14.4577,200943_at
9.2342,9.2342,7.6544,200991_s_at
9.2403,9.2403,9.5536,201145_at
10.6172,10.6172,11.5831,201173_x_at
10.7955,10.7955,11.7441,201241_at
11.5376,11.5376,12.7057,201290_at
9.5766,9.5766,10.1959,201527_at
9.7492,9.7492,9.927,201652_at
9.5442,9.5442,10.1651,201751_at
10.3679,10.3679,11.5294,202041_s_at
8.4826,8.4826,8.2014,202486_at
11.0673,11.0673,11.1085,202553_s_at
9.2288,9.2288,9.8001,202939_at
9.9545,9.9545,9.4229,203478_at
7.1664,7.1664,6.9723,204877_s_at
5.1587,5.1587,4.7675,206177_s_at
4.6856,4.6856,4.6581,206531_at
8.8521,8.8521,9.2302,206689_x_at
14.246,14.246,14.0688,207721_x_at
9.965,9.965,10.9332,208787_at
10.1388,10.1388,9.8879,208822_s_at
10.4042,10.4042,10.4304,209313_at
7.6229,7.6229,7.7449,209320_at
7.7512,7.7512,8.0629,209929_s_at
6.3303,6.3303,6.1984,210160_at
13.6549,13.6549,12.8111,210927_x_at
11.6021,11.6021,9.9242,212447_at
12.0106,12.0106,11.4358,212519_at
9.0603,9.0603,9.4192,212544_at
7.3854,7.3854,7.604,212564_at
8.2177,8.2177,7.5867,212663_at
9.1879,9.1879,9.2105,212673_at
8.4181,8.4181,8.3747,213876_x_at
4.3556,4.3556,4.8686,216239_at
6.9024,6.9024,6.3848,217511_at
10.0107,10.0107,9.6829,217726_at
8.0841,8.0841,8.7094,217907_at
9.7727,9.7727,9.2837,218268_at
9.5878,9.5878,10.7656,218357_s_at
8.2934,8.2934,8.448,218408_at
12.6325,12.6325,12.449,218495_at
5.6069,5.6069,6.0955,218588_s_at
6.8812,6.8812,7.2295,218725_at
5.9436,5.9436,6.843,219053_s_at
7.6878,7.6878,7.8085,219445_at
6.4585,6.4585,5.8837,221090_s_at
10.2557,10.2557,10.0293,222251_s_at
11.6147,11.6147,11.1761,200000_s_at
12.5257,12.5257,12.8524,200014_s_at
14.685,14.685,14.5532,200023_s_at
10.9563,10.9563,12.4838,200028_s_at
13.1308,13.1308,13.1392,200040_at
9.9785,9.9785,10.7403,200046_at
8.7895,8.7895,8.088,200050_at
14.4104,14.4104,14.2567,200077_s_at
11.378,11.378,10.8832,200595_s_at
10.794,10.794,10.7685,200599_s_at
11.1865,11.1865,12.0416,200619_at
11.1051,11.1051,11.0494,200625_s_at
12.0913,12.0913,12.0677,200645_at
12.1947,12.1947,12.0466,200662_s_at
11.9649,11.9649,12.1344,200669_s_at
13.6919,13.6919,14.2781,200713_s_at
10.7005,10.7005,10.1767,200729_s_at
11.2711,11.2711,10.3307,200761_s_at
8.4682,8.4682,7.5616,200765_x_at
8.5309,8.5309,10.3853,200782_at
8.7952,8.7952,9.3987,200802_at
11.0542,11.0542,11.5479,200812_at
12.3478,12.3478,12.2144,200829_x_at
10.0166,10.0166,9.9497,200837_at
13.2091,13.2091,12.7778,200870_at
13.0922,13.0922,13.3365,200873_s_at
12.0756,12.0756,12.4552,200876_s_at
10.2436,10.2436,11.064,200883_at
11.2531,11.2531,12.129,200910_at
8.943,8.943,9.9138,200919_at
9.6562,9.6562,9.4164,200932_s_at
10.4754,10.4754,10.2757,200977_s_at
12.3179,12.3179,13.4125,200978_at
9.5301,9.5301,10.3037,200980_s_at
11.6384,11.6384,10.6041,201004_at
11.4972,11.4972,12.1864,201066_at
11.8151,11.8151,11.7666,201068_s_at
13.5973,13.5973,14.1079,201119_s_at
8.5177,8.5177,9.3167,201172_x_at
8.6471,8.6471,8.9891,201176_s_at
12.449,12.449,12.5585,201227_s_at
11.6883,11.6883,12.1155,201244_s_at
11.239,11.239,10.5835,201255_x_at
10.2391,10.2391,9.9902,201300_s_at
7.6836,7.6836,7.2561,201302_at
12.7963,12.7963,14.2297,201303_at
13.9389,13.9389,14.1135,201322_at
8.9199,8.9199,8.5931,201330_at
6.3433,6.3433,6.8906,201341_at
8.542,8.542,8.7194,201346_at
5.121,5.121,6.0787,201348_at
11.9978,11.9978,10.5286,201395_at
11.5052,11.5052,12.4272,201400_at
9.5686,9.5686,9.355,201459_at
10.3888,10.3888,9.8366,201493_s_at
4.778,4.778,4.86,201505_at
7.654,7.654,7.7536,201511_at
8.5889,8.5889,9.0527,201516_at
9.7501,9.7501,9.8143,201546_at
13.1652,13.1652,13.2763,201584_s_at
10.4864,10.4864,11.7989,201587_s_at
9.2234,9.2234,9.0818,201598_s_at
9.0298,9.0298,9.667,201632_at
6.2085,6.2085,6.4013,201661_s_at
11.1235,11.1235,11.142,201682_at
7.6686,7.6686,8.105,201689_s_at
11.4832,11.4832,12.257,201696_at
9.061,9.061,9.4687,201717_at
9.283,9.283,10.1884,201758_at
12.0466,12.0466,11.735,201786_s_at
5.142,5.142,4.1165,201798_s_at
11.4952,11.4952,9.29,201845_s_at
9.9631,9.9631,10.5964,201863_at
10.3081,10.3081,10.3251,201900_s_at
14.012,14.012,14.1247,201922_at
8.234,8.234,9.1845,201950_x_at
9.4755,9.4755,8.4599,202074_s_at
12.6361,12.6361,12.5518,202097_at
10.7334,10.7334,10.9471,202105_at
7.32,7.32,7.1916,202111_at
4.639,4.639,4.4281,202112_at
4.1164,4.1164,4.5285,202178_at
8.9952,8.9952,9.6578,202276_at
13.5058,13.5058,13.0588,202298_at
11.9675,11.9675,12.695,202306_at
8.7494,8.7494,10.2824,202337_at
10.3296,10.3296,9.4393,202365_at
6.5296,6.5296,6.6111,202366_at
8.5355,8.5355,9.4975,202391_at
10.355,10.355,10.9858,202408_s_at
4.6813,4.6813,4.2805,202489_s_at
8.5006,8.5006,8.7789,202513_s_at
9.8823,9.8823,10.8653,202546_at
4.6562,4.6562,5.7784,202575_at
9.4067,9.4067,9.5223,202583_s_at
4.9438,4.9438,6.1002,202607_at
8.0423,8.0423,8.3352,202655_at
7.6149,7.6149,7.5927,202658_at
9.9336,9.9336,9.5568,202672_s_at
10.8877,10.8877,11.0094,202673_at
6.7553,6.7553,7.0297,202717_s_at
5.2629,5.2629,5.4553,202718_at
8.7929,8.7929,8.974,202727_s_at
6.5227,6.5227,7.0054,202767_at
9.2485,9.2485,9.7771,202785_at
10.5111,10.5111,10.8042,202810_at
9.6007,9.6007,9.0353,202850_at
6.7414,6.7414,7.3879,202853_s_at
6.3666,6.3666,6.0883,202893_at
8.5827,8.5827,7.6567,202925_s_at
6.4129,6.4129,6.8886,202930_s_at
11.3316,11.3316,12.7595,202961_s_at
4.5047,4.5047,6.0936,203059_s_at
4.1164,4.1164,4.2543,203071_at
13.5512,13.5512,13.5158,203133_at
5.0239,5.0239,5.0086,203223_at
4.1165,4.1165,4.1166,203232_s_at
8.9163,8.9163,9.0242,203261_at
7.1657,7.1657,7.4857,203266_s_at
10.807,10.807,10.3273,203321_s_at
4.1166,4.1166,4.1167,203323_at
7.5312,7.5312,6.1334,203356_at
8.859,8.859,8.8448,203401_at
4.432,4.432,5.352,203423_at
7.6593,7.6593,7.2716,203451_at
11.5274,11.5274,9.834,203509_at
6.5444,6.5444,7.6156,203517_at
5.0592,5.0592,6.431,203555_at
6.8262,6.8262,7.1044,203576_at
7.2775,7.2775,7.006,203583_at
9.6871,9.6871,10.182,203605_at
9.1627,9.1627,10.0029,203613_s_at
6.8659,6.8659,6.9444,203630_s_at
6.4677,6.4677,6.337,203682_s_at
8.7583,8.7583,8.7019,203694_s_at
5.1341,5.1341,4.1168,203699_s_at
4.8307,4.8307,6.3625,203713_s_at
11.1968,11.1968,10.9967,203721_s_at
8.3944,8.3944,8.0707,203734_at
4.6126,4.6126,4.8546,203792_x_at
5.3012,5.3012,4.3699,203924_at
7.7496,7.7496,7.1377,203947_at
6.219,6.219,6.3998,204016_at
8.2145,8.2145,8.6964,204064_at
11.0062,11.0062,11.4832,204246_s_at
6.9292,6.9292,7.2512,204300_at
8.9497,8.9497,8.4269,204366_s_at
6.5033,6.5033,6.341,204447_at
10.3093,10.3093,9.793,204481_at
10.3725,10.3725,9.898,204520_x_at
7.8591,7.8591,7.1458,204645_at
11.97,11.97,10.5261,204698_at
6.1792,6.1792,7.5249,204735_at
10.2272,10.2272,8.268,204790_at
7.4641,7.4641,8.0561,204857_at
7.7476,7.7476,8.3361,204866_at
7.8261,7.8261,7.2436,204957_at
5.4022,5.4022,5.1339,204983_s_at
9.1081,9.1081,9.6612,205061_s_at
6.2056,6.2056,6.5892,205094_at
5.0997,5.0997,5.4348,205100_at
8.8771,8.8771,9.0372,205214_at
6.0536,6.0536,6.0445,205225_at
5.932,5.932,4.1168,205233_s_at
5.4147,5.4147,5.5076,205249_at
13.4859,13.4859,13.7728,205292_s_at
10.3644,10.3644,9.8952,205423_at
4.1167,4.1167,4.1169,205549_at
7.9102,7.9102,8.2842,205550_s_at
4.1168,4.1168,4.117,205618_at
5.4448,5.4448,4.6239,205640_at
5.5322,5.5322,6.1425,205660_at
8.5967,8.5967,8.3507,205672_at
6.3082,6.3082,6.403,205676_at
5.7679,5.7679,4.3662,205749_at
7.0225,7.0225,6.9889,205775_at
4.6365,4.6365,5.3655,205821_at
5.0959,5.0959,5.413,206005_s_at
5.7966,5.7966,4.8625,206081_at
8.7215,8.7215,7.8913,206147_x_at
11.1471,11.1471,11.0366,206200_s_at
4.1168,4.1168,4.1171,206276_at
8.5147,8.5147,9.1826,206316_s_at
4.7325,4.7325,4.6068,206401_s_at
5.1929,5.1929,4.7895,206488_s_at
14.0968,14.0968,14.0801,206621_s_at
12.756,12.756,13.0095,207320_x_at
12.9415,12.9415,13.1221,207508_at
6.8525,6.8525,6.4868,207625_s_at
10.1853,10.1853,10.8698,207707_s_at
7.6191,7.6191,7.578,207791_s_at
9.7065,9.7065,9.6289,207812_s_at
8.5697,8.5697,8.6959,207830_s_at
8.1415,8.1415,8.98,207843_x_at
6.8379,6.8379,6.3772,207920_x_at
11.022,11.022,12.3062,208066_s_at
9.4922,9.4922,10.3935,208149_x_at
14.7181,14.7181,14.7129,208306_x_at
6.3842,6.3842,7.0363,208369_s_at
10.2413,10.2413,9.4379,208619_at
9.7022,9.7022,6.4082,208636_at
12.8,12.8,12.6258,208641_s_at
5.7087,5.7087,6.1462,208653_s_at
12.3239,12.3239,12.1236,208660_at
9.4222,9.4222,9.7753,208669_s_at
14.6349,14.6349,14.6175,208697_s_at
7.9661,7.9661,10.0853,208704_x_at
9.9346,9.9346,10.7184,208709_s_at
10.9163,10.9163,10.9717,208736_at
6.4613,6.4613,6.2867,208767_s_at
12.4615,12.4615,11.6684,208780_x_at
8.5915,8.5915,7.8799,208783_s_at
5.0562,5.0562,5.5358,208792_s_at
13.3981,13.3981,14.4296,208795_s_at
7.7168,7.7168,8.6123,208858_s_at
10.1274,10.1274,11.28,208910_s_at
7.403,7.403,6.4422,209035_at
8.3761,8.3761,9.5774,209080_x_at
10.3947,10.3947,10.6384,209122_at
8.5744,8.5744,8.2127,209218_at
11.2214,11.2214,10.8803,209224_s_at
10.7128,10.7128,11.1934,209248_at
5.9809,5.9809,6.186,209283_at
10.5887,10.5887,10.8419,209329_x_at
11.2021,11.2021,12.2059,209503_s_at
8.8893,8.8893,9.103,209517_s_at
8.1133,8.1133,6.4339,209543_s_at
7.2557,7.2557,4.466,209905_at
5.5347,5.5347,5.8741,210022_at
8.8982,8.8982,8.9252,210053_at
8.3253,8.3253,8.1124,210249_s_at
6.6293,6.6293,7.8153,210260_s_at
13.1958,13.1958,13.135,210501_x_at
6.0999,6.0999,6.7884,210543_s_at
10.967,10.967,7.9985,210613_s_at
12.0131,12.0131,12.6121,210759_s_at
9.6922,9.6922,9.3435,210766_s_at
7.3358,7.3358,7.2568,210947_s_at
8.0213,8.0213,8.062,210976_s_at
12.1754,12.1754,12.4302,211036_x_at
5.6642,5.6642,5.2401,211538_s_at
8.3121,8.3121,8.8453,212072_s_at
6.8321,6.8321,7.0908,212086_x_at
9.6088,9.6088,10.1472,212296_at
9.2396,9.2396,9.1832,212440_at
4.5029,4.5029,4.3778,212448_at
6.6384,6.6384,8.5589,212459_x_at
8.1807,8.1807,8.3973,212465_at
9.1891,9.1891,9.1607,212480_at
8.6812,8.6812,8.0914,212496_s_at
10.6212,10.6212,10.4244,212597_s_at
6.371,6.371,5.9245,212685_s_at
8.2477,8.2477,8.0179,212752_at
10.4389,10.4389,10.7558,212783_at
9.3811,9.3811,10.2568,212825_at
6.9831,6.9831,7.6874,212872_s_at
7.1279,7.1279,6.4606,212876_at
8.7362,8.7362,8.6276,212893_at
9.8879,9.8879,8.6679,212987_at
7.7429,7.7429,7.5912,213118_at
6.287,6.287,7.0175,213149_at
5.6522,5.6522,5.3875,213172_at
7.4263,7.4263,7.6582,213278_at
12.4334,12.4334,12.5885,213399_x_at
5.4684,5.4684,5.7719,213746_s_at
8.8789,8.8789,8.0028,213775_x_at
5.2082,5.2082,4.1171,213913_s_at
6.0702,6.0702,6.1428,214050_at
4.4458,4.4458,5.1021,214079_at
10.7586,10.7586,12.72,214096_s_at
8.8344,8.8344,8.3828,214263_x_at
9.1587,9.1587,8.3727,214585_s_at
7.7488,7.7488,7.1583,214761_at
4.9504,4.9504,4.2712,215184_at
5.9914,5.9914,6.0988,215243_s_at
4.1169,4.1169,5.199,215407_s_at
9.7073,9.7073,12.3719,215499_at
7.4266,7.4266,7.1576,216262_s_at
7.9528,7.9528,7.9007,216547_at
4.8755,4.8755,4.3152,216714_at
14.6639,14.6639,14.4483,217719_at
10.4766,10.4766,11.2729,217736_s_at
9.6888,9.6888,10.7293,217772_s_at
7.8721,7.8721,8.9637,217786_at
11.4029,11.4029,10.9625,217812_at
8.67,8.67,8.4299,217832_at
10.3059,10.3059,9.9195,217836_s_at
10.7628,10.7628,11.2496,217852_s_at
8.6345,8.6345,9.3301,217866_at
10.6624,10.6624,10.8863,217874_at
8.9928,8.9928,9.608,217958_at
8.9365,8.9365,9.2437,217987_at
10.6992,10.6992,11.1135,218011_at
9.1719,9.1719,10.521,218117_at
6.4698,6.4698,7.9274,218133_s_at
10.5925,10.5925,10.506,218134_s_at
7.0271,7.0271,8.1526,218160_at
4.4131,4.4131,5.0163,218186_at
10.7348,10.7348,11.3724,218190_s_at
7.0428,7.0428,5.0381,218274_s_at
7.5557,7.5557,7.2471,218341_at
10.861,10.861,11.9106,218386_x_at
7.5153,7.5153,6.1245,218400_at
10.4244,10.4244,11.239,218403_at
9.2261,9.2261,8.4156,218414_s_at
11.0078,11.0078,10.7073,218459_at
13.4562,13.4562,13.1652,218467_at
6.7772,6.7772,7.0422,218492_s_at
7.835,7.835,8.4846,218557_at
9.8548,9.8548,9.5911,218563_at
7.1051,7.1051,8.2235,218569_s_at
7.7764,7.7764,7.6886,218575_at
10.2634,10.2634,11.5093,218585_s_at
12.5985,12.5985,11.3914,218603_at
9.8586,9.8586,10.2425,218648_at
6.1566,6.1566,7.1885,218658_s_at
5.9849,5.9849,5.9407,218677_at
8.0672,8.0672,7.6338,218715_at
6.211,6.211,5.8889,218779_x_at
4.7527,4.7527,4.7264,218801_at
6.5943,6.5943,6.8233,218817_at
7.519,7.519,7.0165,218908_at
8.3436,8.3436,8.4411,218912_at
7.7713,7.7713,7.9085,218971_s_at
9.2699,9.2699,8.8246,219007_at
6.8902,6.8902,6.7587,219084_at
10.2857,10.2857,10.6624,219108_x_at
8.5228,8.5228,8.7215,219110_at
7.8181,7.8181,7.667,219193_at
6.872,6.872,6.4931,219233_s_at
11.1269,11.1269,11.0173,219293_s_at
7.5568,7.5568,8.1978,219409_at
5.4668,5.4668,6.6406,219464_at
7.4587,7.4587,7.6449,219515_at
6.6133,6.6133,8.3589,219518_s_at
8.174,8.174,8.7258,219588_s_at
5.2164,5.2164,5.0176,219596_at
8.0979,8.0979,7.6755,219623_at
7.9985,7.9985,5.714,219640_at
5.9038,5.9038,5.8305,219644_at
7.5837,7.5837,7.3351,219664_s_at
5.1638,5.1638,4.3163,219758_at
6.9903,6.9903,7.0386,219763_at
8.1663,8.1663,8.2712,219770_at
9.6168,9.6168,9.132,220079_s_at
8.3527,8.3527,6.6376,220160_s_at
4.8131,4.8131,6.1566,220687_at
13.5461,13.5461,13.3459,220890_s_at
10.2958,10.2958,11.0574,220939_s_at
8.6412,8.6412,10.7813,221021_s_at
6.0734,6.0734,5.9381,221025_x_at
4.6594,4.6594,4.2773,221049_s_at
9.1918,9.1918,9.1965,221490_at
7.4663,7.4663,8.0053,221522_at
9.4031,9.4031,10.0732,221548_s_at
5.6961,5.6961,5.4174,221577_x_at
9.8134,9.8134,9.1043,221689_s_at
9.967,9.967,10.9563,221699_s_at
10.7841,10.7841,10.1315,221763_at
10.0894,10.0894,7.8515,221808_at
6.822,6.822,6.2202,221879_at
9.6528,9.6528,10.3173,221970_s_at
8.6481,8.6481,8.8841,222199_s_at
10.3714,10.3714,10.3104,38521_at
10.68,10.68,11.2039,38964_r_at
8.7384,8.7384,8.7946,41160_at
5.1838,5.1838,4.6417,65517_at
11.2285,11.2285,11.0062,90610_at
4.3792,4.3792,5.6335,117_at
4.6419,4.6419,4.6211,1255_g_at
10.4705,10.4705,8.8476,1294_at
5.5335,5.5335,6.2346,1316_at
4.3328,4.3328,4.1172,1320_at
4.117,4.117,4.1173,1405_i_at
5.2399,5.2399,4.299,1431_at
4.1171,4.1171,4.3941,1438_at
6.9034,6.9034,6.9945,1487_at
6.5447,6.5447,6.3763,1494_f_at
6.383,6.383,7.1707,1598_g_at
7.4428,7.4428,7.3489,160020_at
6.8989,6.8989,6.672,1729_at
5.6611,5.6611,5.4202,177_at
5.6316,5.6316,5.4419,1773_at
7.7394,7.7394,7.4923,179_at
6.7659,6.7659,6.9729,1861_at
9.5434,9.5434,10.6199,200001_at
14.3509,14.3509,14.0292,200002_at
14.8112,14.8112,14.8179,200003_s_at
14.2674,14.2674,14.294,200004_at
13.6233,13.6233,13.9614,200006_at
8.7061,8.7061,9.6405,200008_s_at
13.1478,13.1478,13.4562,200009_at
14.5532,14.5532,13.8002,200010_at
8.8161,8.8161,9.3322,200011_s_at
14.7608,14.7608,14.5883,200012_x_at
14.4893,14.4893,14.4007,200013_at
10.5337,10.5337,10.9301,200015_s_at
14.8828,14.8828,14.7258,200016_x_at
14.0744,14.0744,14.0234,200017_at
14.7258,14.7258,14.6577,200018_at
14.9198,14.9198,14.9746,200019_s_at
12.7344,12.7344,12.3901,200020_at
14.7931,14.7931,14.8942,200021_at
14.7102,14.7102,14.6732,200022_at
14.7473,14.7473,14.7355,200025_s_at
14.8616,14.8616,14.7021,200026_at
11.1101,11.1101,10.7224,200027_at
14.8401,14.8401,14.8371,200029_at
14.4715,14.4715,14.476,200030_s_at
14.9284,14.9284,14.9064,200031_s_at
14.8261,14.8261,14.7797,200032_s_at
14.2727,14.2727,14.0574,200033_at
14.5921,14.5921,14.5808,200034_s_at
9.9055,9.9055,9.7458,200035_at
14.6105,14.6105,14.6545,200036_s_at
12.6223,12.6223,12.6464,200037_s_at
14.7129,14.7129,14.6792,200038_s_at
10.7156,10.7156,12.2655,200039_s_at
13.227,13.227,13.1826,200041_s_at
9.9951,9.9951,10.0058,200042_at
11.2747,11.2747,11.2319,200043_at
10.7713,10.7713,11.5603,200044_at
12.1451,12.1451,11.6426,200047_s_at
13.3459,13.3459,12.5918,200048_s_at
9.0167,9.0167,8.6759,200049_at
9.9593,9.9593,10.0204,200051_at
11.0937,11.0937,11.726,200052_s_at
7.5579,7.5579,8.1735,200054_at
11.6362,11.6362,11.6043,200055_at
7.8205,7.8205,7.566,200056_s_at
14.2834,14.2834,14.4343,200057_s_at
12.9773,12.9773,12.9062,200058_s_at
14.507,14.507,14.3045,200061_s_at
14.9414,14.9414,14.9374,200062_s_at
14.6141,14.6141,14.6481,200063_s_at
12.4428,12.4428,13.8223,200064_at
13.5717,13.5717,13.7402,200065_s_at
10.7614,10.7614,11.8961,200066_at
11.2891,11.2891,11.6341,200067_x_at
12.384,12.384,12.3478,200068_s_at
7.4055,7.4055,7.305,200069_at
9.2671,9.2671,9.6463,200070_at
14.0234,14.0234,13.8609,200072_s_at
13.1435,13.1435,13.379,200073_s_at
13.9333,13.9333,13.8942,200074_s_at
11.2162,11.2162,11.1968,200075_s_at
8.6748,8.6748,9.2685,200076_s_at
12.5031,12.5031,12.8223,200079_s_at
14.5451,14.5451,14.4623,200080_s_at
14.0065,14.0065,13.751,200082_s_at
11.0706,11.0706,11.2982,200084_at
11.6234,11.6234,11.5215,200085_s_at
13.5871,13.5871,13.0713,200086_s_at
11.4418,11.4418,11.5748,200087_s_at
14.8077,14.8077,14.8764,200088_x_at
14.5768,14.5768,14.5241,200089_s_at
11.6772,11.6772,10.3714,200090_at
14.4937,14.4937,14.2406,200091_s_at
14.5883,14.5883,14.5921,200092_s_at
12.9374,12.9374,13.0298,200093_s_at
14.2351,14.2351,14.1969,200094_s_at
14.9625,14.9625,14.9174,200095_x_at
7.3088,7.3088,7.8434,200096_s_at
12.8486,12.8486,13.0382,200097_s_at
12.0518,12.0518,11.6794,200098_s_at
14.8684,14.8684,14.8724,200099_s_at
9.944,9.944,10.3207,200593_s_at
12.6087,12.6087,12.237,200594_x_at
10.7572,10.7572,10.9394,200596_s_at
7.4224,7.4224,7.4001,200597_at
8.9383,8.9383,9.2396,200598_s_at
10.7558,10.7558,10.4692,200600_at
7.8042,7.8042,7.8382,200601_at
8.7296,8.7296,9.239,200603_at
5.8492,5.8492,7.198,200604_s_at
8.677,8.677,9.1307,200605_s_at
4.6872,4.6872,5.1878,200606_at
8.4867,8.4867,9.7184,200607_s_at
10.9905,10.9905,11.183,200608_s_at
12.0571,12.0571,12.1919,200609_s_at
13.4173,13.4173,13.6919,200610_s_at
10.506,10.506,11.043,200611_s_at
7.2976,7.2976,7.2792,200612_s_at
9.4386,9.4386,9.8384,200613_at
7.2785,7.2785,7.4349,200615_s_at
7.8664,7.8664,7.6149,200616_s_at
10.7238,10.7238,10.4606,200620_at
7.9184,7.9184,9.2072,200623_s_at
11.3838,11.3838,11.5769,200624_s_at
12.021,12.021,12.0157,200626_s_at
12.7129,12.7129,12.6087,200627_at
4.3627,4.3627,5.8674,200628_s_at
7.6468,7.6468,8.6444,200629_at
13.7782,13.7782,13.9672,200630_x_at
13.8113,13.8113,14.2188,200631_s_at
9.5927,9.5927,11.1285,200632_s_at
14.8764,14.8764,14.9015,200633_at
9.4408,9.4408,10.8595,200634_at
4.3652,4.3652,4.3628,200635_s_at
4.5675,4.5675,5.0649,200637_s_at
11.3389,11.3389,12.1671,200638_s_at
12.487,12.487,12.8906,200639_s_at
13.1006,13.1006,13.911,200640_at
8.6328,8.6328,9.6346,200641_s_at
13.0013,13.0013,12.5551,200642_at
8.1309,8.1309,8.2486,200643_at
8.2226,8.2226,10.5538,200644_at
5.42,5.42,5.7531,200646_s_at
14.0856,14.0856,14.4056,200647_x_at
7.0521,7.0521,7.7024,200648_s_at
7.2598,7.2598,7.3741,200649_at
13.6759,13.6759,14.4104,200650_s_at
14.6175,14.6175,14.4669,200651_at
11.8624,11.8624,12.0862,200652_at
9.7397,9.7397,10.6081,200653_s_at
11.0205,11.0205,11.4812,200654_at
11.3111,11.3111,12.5127,200655_s_at
8.8275,8.8275,8.7521,200656_s_at
14.5808,14.5808,14.7817,200657_at
10.1599,10.1599,10.3161,200658_s_at
9.0547,9.0547,7.5105,200659_s_at
4.1171,4.1171,4.3112,200660_at
7.3598,7.3598,8.1632,200661_at
9.3075,9.3075,10.7459,200663_at
8.3277,8.3277,7.8689,200664_s_at
7.0172,7.0172,6.4695,200665_s_at
11.0838,11.0838,11.1744,200667_at
13.0713,13.0713,12.5191,200668_s_at
7.0175,7.0175,6.6179,200671_s_at
8.491,8.491,8.1085,200672_x_at
10.8937,10.8937,11.5458,200673_at
14.8533,14.8533,14.8431,200674_s_at
13.476,13.476,13.6812,200675_at
6.8062,6.8062,7.2893,200676_s_at
11.0607,11.0607,10.9873,200677_at
14.6449,14.6449,14.3661,200679_x_at
14.8023,14.8023,14.7913,200680_x_at
12.1726,12.1726,13.327,200681_at
11.8768,11.8768,12.2313,200682_s_at
8.1892,8.1892,9.0812,200683_s_at
6.5644,6.5644,7.13,200684_s_at
7.8301,7.8301,7.4875,200685_at
12.1371,12.1371,11.5376,200686_s_at
8.3842,8.3842,8.9365,200687_s_at
7.8454,7.8454,8.1942,200688_at
14.8386,14.8386,14.8077,200689_x_at
7.7418,7.7418,8.8707,200690_at
10.6107,10.6107,12.1128,200691_s_at
9.8224,9.8224,11.2197,200692_s_at
10.5223,10.5223,10.8404,200694_s_at
8.7089,8.7089,9.483,200695_at
7.4403,7.4403,6.5278,200696_s_at
6.8201,6.8201,6.8493,200699_at
9.2644,9.2644,9.3223,200700_s_at
11.1675,11.1675,11.2964,200701_at
8.1468,8.1468,7.5109,200702_s_at
9.132,9.132,9.2644,200703_at
12.8037,12.8037,12.2889,200704_at
14.5199,14.5199,14.7207,200705_s_at
10.5136,10.5136,9.3125,200706_s_at
8.4811,8.4811,9.0248,200707_at
9.7701,9.7701,11.0854,200708_at
10.6094,10.6094,10.3585,200709_at
10.9379,10.9379,10.6814,200710_at
8.761,8.761,9.7858,200712_s_at
9.2935,9.2935,9.0081,200714_x_at
14.8129,14.8129,14.8658,200715_x_at
14.9234,14.9234,14.9222,200716_x_at
14.9271,14.9271,14.9052,200717_x_at
13.4958,13.4958,14.2727,200718_s_at
10.5261,10.5261,11.1555,200719_at
8.4103,8.4103,8.7472,200720_s_at
8.4225,8.4225,8.8378,200721_s_at
8.149,8.149,9.1793,200722_s_at
11.841,11.841,12.3328,200723_s_at
5.3879,5.3879,6.0688,200724_at
14.8841,14.8841,14.9114,200725_x_at
11.7486,11.7486,12.1074,200726_at
9.345,9.345,9.8036,200727_s_at
10.9796,10.9796,11.8035,200728_at
7.7406,7.7406,8.0238,200730_s_at
8.2541,8.2541,9.0124,200731_s_at
9.9912,9.9912,10.6397,200732_s_at
7.5773,7.5773,7.5039,200733_s_at
8.4658,8.4658,9.3025,200734_s_at
14.888,14.888,14.8854,200735_x_at
12.1236,12.1236,10.9179,200736_s_at
10.6055,10.6055,10.6937,200737_at
13.582,13.582,13.5768,200738_s_at
7.8253,7.8253,8.4966,200739_s_at
11.8362,11.8362,13.0135,200740_s_at
14.4343,14.4343,14.0744,200741_s_at
8.012,8.012,7.9303,200742_s_at
9.4393,9.4393,9.0087,200743_s_at
10.5667,10.5667,11.262,200744_s_at
10.5525,10.5525,11.3593,200745_s_at
12.2889,12.2889,12.8714,200746_s_at
11.0317,11.0317,9.765,200747_s_at
13.724,13.724,13.2448,200748_s_at
7.0195,7.0195,8.3642,200749_at
12.9334,12.9334,13.6181,200750_s_at
8.9216,8.9216,9.1567,200751_s_at
9.5309,9.5309,10.2001,200753_x_at
14.7355,14.7355,14.879,200754_x_at
6.0043,6.0043,6.5841,200755_s_at
5.324,5.324,5.488,200756_x_at
8.2427,8.2427,8.4861,200758_s_at
7.886,7.886,8.5303,200759_x_at
9.4521,9.4521,8.8539,200760_s_at
10.6544,10.6544,10.4449,200762_at
14.8325,14.8325,14.8603,200763_s_at
7.4478,7.4478,7.2319,200764_s_at
7.131,7.131,7.3025,200767_s_at
6.2233,6.2233,6.3599,200769_s_at
6.4476,6.4476,5.5128,200770_s_at
7.1198,7.1198,6.7137,200771_at
14.921,14.921,14.9247,200772_x_at
13.9614,13.9614,14.4248,200773_x_at
11.1744,11.1744,11.2928,200774_at
12.5387,12.5387,12.6775,200775_s_at
8.7302,8.7302,10.6896,200776_s_at
11.0414,11.0414,12.2172,200777_s_at
7.5116,7.5116,8.314,200778_s_at
14.3202,14.3202,14.5651,200779_at
14.8802,14.8802,14.8041,200780_x_at
14.688,14.688,14.6513,200781_s_at
4.6223,4.6223,4.2991,200784_s_at
5.3681,5.3681,5.8237,200785_s_at
12.5322,12.5322,12.542,200786_at
5.4952,5.4952,6.5814,200787_s_at
7.8571,7.8571,7.8458,200788_s_at
13.1178,13.1178,14.5996,200790_at
13.2946,13.2946,13.6077,200792_at
8.2272,8.2272,10.2337,200793_s_at
14.1192,14.1192,14.1914,200794_x_at
4.9987,4.9987,4.4265,200795_at
4.5799,4.5799,4.3995,200796_s_at
13.2493,13.2493,13.6549,200797_s_at
8.2213,8.2213,8.9383,200798_x_at
6.7894,6.7894,5.6069,200800_s_at
14.5728,14.5728,14.8146,200801_x_at
9.9612,9.9612,10.1294,200803_s_at
12.286,12.286,12.5818,200804_at
8.6561,8.6561,8.2995,200805_at
9.7184,9.7184,11.3408,200806_s_at
6.7794,6.7794,7.1909,200808_s_at
14.7379,14.7379,14.849,200809_x_at
7.4033,7.4033,7.0145,200813_s_at
10.4631,10.4631,9.5356,200815_s_at
14.9222,14.9222,14.8802,200817_x_at
13.9897,13.9897,13.8553,200818_at
14.915,14.915,14.9284,200819_s_at
9.7167,9.7167,10.5873,200820_at
8.784,8.784,7.8811,200821_at
9.5886,9.5886,10.9999,200822_x_at
14.4056,14.4056,14.386,200823_x_at
9.3159,9.3159,9.8814,200824_at
12.8372,12.8372,12.8984,200826_at
5.0772,5.0772,5.3344,200827_at
11.5479,11.5479,12.3538,200828_s_at
5.2843,5.2843,5.4524,200831_s_at
4.4237,4.4237,6.503,200832_s_at
12.9732,12.9732,12.8828,200833_s_at
14.8446,14.8446,14.7181,200834_s_at
6.7913,6.7913,5.2103,200835_s_at
5.5702,5.5702,5.5288,200836_s_at
8.0082,8.0082,7.4693,200838_at
9.368,9.368,9.3061,200839_s_at
13.911,13.911,13.7782,200840_at
5.0876,5.0876,4.4035,200841_s_at
8.3394,8.3394,8.5066,200842_s_at
12.3328,12.3328,11.6362,200844_s_at
10.2447,10.2447,10.787,200845_s_at
10.3388,10.3388,12.3994,200846_s_at
13.6129,13.6129,13.4221,200847_s_at
7.2778,7.2778,7.3278,200848_at
7.9188,7.9188,7.5212,200849_s_at
8.9485,8.9485,9.4082,200850_s_at
13.218,13.218,12.5751,200851_s_at
9.8567,9.8567,9.7562,200852_x_at
14.3611,14.3611,14.569,200853_at
8.1767,8.1767,8.562,200854_at
5.9208,5.9208,5.7004,200855_at
6.25,6.25,6.5656,200856_x_at
8.3455,8.3455,8.3202,200857_s_at
14.8005,14.8005,14.5958,200858_s_at
8.0392,8.0392,8.6381,200859_x_at
9.2928,9.2928,10.144,200860_s_at
7.466,7.466,7.9615,200861_at
5.3397,5.3397,5.3522,200862_at
12.283,12.283,12.6916,200863_s_at
8.986,8.986,8.8568,200864_s_at
4.1172,4.1172,4.7162,200865_at
8.6154,8.6154,7.9998,200866_s_at
8.9169,8.9169,8.5832,200867_at
10,10,10.4509,200868_s_at
14.0009,14.0009,13.0465,200869_at
12.3994,12.3994,11.2638,200871_s_at
7.7803,7.7803,8.9443,200872_at
7.4503,7.4503,7.6281,200874_s_at
9.9776,9.9776,10.5551,200875_s_at
13.0753,13.0753,13.3838,200877_at
6.2509,6.2509,5.3923,200878_at
4.3347,4.3347,5.3627,200879_s_at
10.8056,10.8056,11.5623,200880_at
10.797,10.797,10.8507,200881_s_at
6.3716,6.3716,6.6787,200884_at
6.0511,6.0511,5.5758,200885_at
13.7728,13.7728,13.4367,200888_s_at
7.3557,7.3557,7.0178,200889_s_at
6.0377,6.0377,6.6075,200890_s_at
12.0003,12.0003,9.928,200891_s_at
12.8111,12.8111,13.2493,200892_s_at
13.872,13.872,13.8168,200893_at
6.1132,6.1132,6.1787,200894_s_at
13.1092,13.1092,13.2136,200896_x_at
6.4811,6.4811,5.3718,200897_s_at
10.2217,10.2217,10.5449,200898_s_at
10.0671,10.0671,9.8741,200899_s_at
6.579,6.579,6.1521,200900_s_at
8.346,8.346,8.4796,200901_s_at
10.2757,10.2757,9.6971,200902_at
10.0732,10.0732,11.8888,200903_s_at
12.841,12.841,12.2541,200904_at
14.5327,14.5327,14.262,200905_x_at
5.2884,5.2884,4.9512,200906_s_at
5.7109,5.7109,5.2237,200907_s_at
6.0759,6.0759,6.5581,200908_s_at
14.8561,14.8561,14.8095,200909_s_at
11.9953,11.9953,12.418,200911_s_at
14.0348,14.0348,13.5717,200912_s_at
9.5122,9.5122,10.3842,200913_at
9.1268,9.1268,8.3155,200914_x_at
9.7965,9.7965,12.4241,200916_at
6.8265,6.8265,6.5907,200917_s_at
9.8512,9.8512,10.8245,200918_s_at
14.7021,14.7021,14.7473,200920_s_at
13.8609,13.8609,13.5258,200921_s_at
5.7996,5.7996,5.1706,200922_at
9.3564,9.3564,8.0226,200923_at
8.3546,8.3546,10.1672,200924_s_at
13.4221,13.4221,13.1914,200925_at
14.9523,14.9523,14.9552,200926_at
8.9606,8.9606,9.0673,200927_s_at
5.3863,5.3863,4.7771,200928_s_at
4.1173,4.1173,4.752,200930_s_at
9.5176,9.5176,9.2809,200931_s_at
14.8371,14.8371,14.893,200933_x_at
12.86,12.86,12.8638,200934_at
5.863,5.863,5.9556,200935_at
14.7307,14.7307,14.8737,200936_at
14.5958,14.5958,14.5283,200937_s_at
4.1174,4.1174,4.1174,200938_s_at
4.8984,4.8984,5.4864,200939_s_at
11.2692,11.2692,10.2891,200940_s_at
9.3861,9.3861,10.1662,200941_at
8.0612,8.0612,8.5936,200942_s_at
14.476,14.476,14.541,200944_s_at
11.3668,11.3668,10.6159,200945_s_at
8.9146,8.9146,8.9847,200946_x_at
8.1901,8.1901,8.7627,200947_s_at
9.5959,9.5959,9.7992,200948_at
14.1415,14.1415,14.3304,200949_x_at
6.8315,6.8315,7.8121,200950_at
5.8379,5.8379,4.6392,200951_s_at
4.4069,4.4069,4.1174,200952_s_at
7.8831,7.8831,6.9301,200953_s_at
8.5213,8.5213,7.6901,200954_at
9.1832,9.1832,9.5434,200955_at
9.5934,9.5934,10.3924,200956_s_at
10.6814,10.6814,11.785,200957_s_at
9.2823,9.2823,9.7895,200958_s_at
12.315,12.315,12.5784,200959_at
11.3914,11.3914,11.5979,200960_x_at
8.314,8.314,8.4064,200961_at
9.3435,9.3435,8.9928,200962_at
14.94,14.94,14.9259,200963_x_at
9.5262,9.5262,10.6665,200964_at
11.1018,11.1018,8.4294,200965_s_at
11.0094,11.0094,10.279,200967_at
10.5938,10.5938,9.9251,200968_s_at
10.2936,10.2936,9.7397,200969_at
11.1319,11.1319,10.1566,200970_s_at
13.3318,13.3318,13.3885,200971_s_at
8.0183,8.0183,8.3366,200973_s_at
6.1501,6.1501,6.0819,200974_at
9.5599,9.5599,9.8286,200975_at
12.0888,12.0888,12.021,200976_s_at
6.9719,6.9719,7.1997,200979_at
7.8648,7.8648,8.3488,200982_s_at
7.5109,7.5109,7.9968,200983_x_at
8.0936,8.0936,8.1574,200984_s_at
8.8824,8.8824,8.4108,200985_s_at
6.1314,6.1314,4.335,200986_at
6.2691,6.2691,6.7265,200987_x_at
6.3836,6.3836,7.1837,200988_s_at
10.8907,10.8907,11.7395,200990_at
8.6764,8.6764,8.6019,200992_at
8.617,8.617,9.0844,200993_at
8.0971,8.0971,8.541,200994_at
7.497,7.497,7.9221,200995_at
10.9179,10.9179,11.2162,200996_at
11.7965,11.7965,11.0078,200997_at
6.2935,6.2935,6.3158,200998_s_at
6.8208,6.8208,7.1755,200999_s_at
8.3361,8.3361,7.9715,201001_s_at
9.0553,9.0553,9.0762,201002_s_at
8.7183,8.7183,9.9922,201003_x_at
10.1172,10.1172,11.4126,201005_at
5.7169,5.7169,6.6142,201006_at
11.5519,11.5519,10.2502,201008_s_at
12.9973,12.9973,12.4583,201009_s_at
14.0801,14.0801,12.4024,201010_s_at
5.6515,5.6515,5.005,201012_at
10.3796,10.3796,11.5582,201013_s_at
10.6464,10.6464,9.8063,201015_s_at
7.5874,7.5874,7.7137,201016_at
8.1717,8.1717,8.5182,201017_at
8.7324,8.7324,9.1991,201018_at
9.7227,9.7227,9.8304,201019_s_at
6.6415,6.6415,7.7183,201020_at
7.6085,7.6085,7.9553,201021_s_at
9.7957,9.7957,10.2667,201022_s_at
12.0235,12.0235,11.0334,201023_at
9.3273,9.3273,8.8099,201024_x_at
6.5072,6.5072,7.0415,201025_at
7.2726,7.2726,7.5076,201026_at
6.4257,6.4257,7.1684,201027_s_at
11.0986,11.0986,8.8789,201028_s_at
14.1303,14.1303,11.6,201029_s_at
14.5572,14.5572,14.7715,201030_x_at
11.3649,11.3649,11.4733,201031_s_at
14.9374,14.9374,14.9101,201033_x_at
11.95,11.95,11.3972,201034_at
9.1151,9.1151,10.4473,201035_s_at
7.9896,7.9896,9.085,201037_at
9.4589,9.4589,10.4148,201038_s_at
6.9169,6.9169,7.4771,201039_s_at
14.5368,14.5368,14.3561,201041_s_at
5.1691,5.1691,5.4799,201042_at
5.1479,5.1479,5.6181,201043_s_at
5.904,5.904,6.3965,201044_x_at
4.1174,4.1174,4.2639,201045_s_at
8.7313,8.7313,9.3428,201046_s_at
8.4161,8.4161,9.2038,201047_x_at
4.1175,4.1175,4.2574,201048_x_at
14.879,14.879,14.8475,201049_s_at
5.2286,5.2286,5.467,201050_at
11.1555,11.1555,11.7621,201051_at
8.5687,8.5687,8.1798,201053_s_at
10.0048,10.0048,10.0382,201054_at
9.4627,9.4627,9.3174,201055_s_at
6.9195,6.9195,7.2011,201056_at
9.4724,9.4724,8.9697,201057_s_at
5.8892,5.8892,6.2073,201059_at
6.8071,6.8071,6.6692,201060_x_at
8.7188,8.7188,7.3979,201061_s_at
4.1176,4.1176,4.3726,201062_at
8.3929,8.3929,7.5238,201063_at
10.7473,10.7473,11.7237,201064_s_at
10.612,10.612,10.8521,201065_s_at
7.732,7.732,7.9981,201067_at
9.999,9.999,10.9255,201070_x_at
14.2079,14.2079,13.9728,201071_x_at
8.0436,8.0436,8.2404,201072_s_at
6.8605,6.8605,7.1579,201073_s_at
8.5288,8.5288,8.8544,201075_s_at
9.3731,9.3731,9.8613,201076_at
11.6816,11.6816,12.4396,201077_s_at
8.0733,8.0733,8.0945,201079_at
6.398,6.398,5.7838,201081_s_at
6.9415,6.9415,7.7304,201082_s_at
8.3107,8.3107,7.0791,201083_s_at
13.8387,13.8387,13.4859,201084_s_at
10.1336,10.1336,9.5215,201085_s_at
9.698,9.698,10.6305,201086_x_at
11.6512,11.6512,11.2909,201088_at
8.8292,8.8292,8.4186,201089_at
14.8277,14.8277,14.8325,201090_x_at
9.0427,9.0427,9.2085,201091_s_at
11.7666,11.7666,12.9177,201092_at
10.1493,10.1493,10.4877,201093_x_at
14.8416,14.8416,14.7836,201094_at
9.5061,9.5061,9.9554,201095_at
7.6089,7.6089,7.7012,201096_s_at
10.6068,10.6068,9.8152,201097_s_at
9.8178,9.8178,9.4634,201099_at
11.2319,11.2319,11.051,201100_s_at
11.8433,11.8433,11.5052,201101_s_at
11.7169,11.7169,11.4049,201103_x_at
9.0063,9.0063,9.36,201104_x_at
5.5231,5.5231,4.1175,201105_at
11.4184,11.4184,11.0189,201106_at
4.1176,4.1176,4.2811,201107_s_at
5.2676,5.2676,4.2881,201108_s_at
4.1177,4.1177,4.4877,201109_s_at
4.1178,4.1178,4.1176,201110_s_at
7.4374,7.4374,7.4442,201111_at
10.468,10.468,10.5977,201112_s_at
11.1218,11.1218,11.8505,201113_at
10.279,10.279,11.4029,201114_x_at
9.0762,9.0762,9.216,201115_at
4.6605,4.6605,4.2857,201116_s_at
4.1178,4.1178,4.1176,201117_s_at
8.0379,8.0379,9.3738,201118_at
6.7318,6.7318,7.5065,201120_s_at
8.5749,8.5749,8.8144,201122_x_at
7.4959,7.4959,8.7778,201123_s_at
5.3423,5.3423,5.8988,201124_at
9.0366,9.0366,7.6304,201126_s_at
10.315,10.315,10.5098,201128_s_at
9.0895,9.0895,9.91,201129_at
4.7466,4.7466,4.1177,201130_s_at
4.1179,4.1179,4.1178,201131_s_at
7.2412,7.2412,7.6537,201132_at
9.5846,9.5846,9.5895,201133_s_at
13.5208,13.5208,13.4416,201134_x_at
10.6718,10.6718,11.3259,201135_at
14.1858,14.1858,13.0922,201137_s_at
7.9295,7.9295,8.0693,201138_s_at
9.1345,9.1345,8.6915,201139_s_at
6.4716,6.4716,4.9747,201140_s_at
4.8722,4.8722,5.502,201141_at
7.8197,7.8197,8.2131,201142_at
7.8507,7.8507,8.2537,201143_s_at
8.3799,8.3799,9.7832,201144_s_at
4.3115,4.3115,4.1178,201147_s_at
4.721,4.721,4.3177,201148_s_at
4.5175,4.5175,5.4931,201149_s_at
4.118,4.118,4.1179,201150_s_at
7.5601,7.5601,6.6256,201151_s_at
14.8954,14.8954,14.9348,201154_x_at
9.0921,9.0921,10.0722,201155_s_at
6.9117,6.9117,7.3439,201156_s_at
9.6184,9.6184,10.213,201157_s_at
5.2942,5.2942,4.6272,201159_s_at
14.262,14.262,13.1135,201160_s_at
10.2206,10.2206,9.6762,201162_at
10.3481,10.3481,9.1352,201163_s_at
10.8728,10.8728,10.1399,201164_s_at
10.11,10.11,10.0481,201165_s_at
11.8338,11.8338,11.1607,201166_s_at
5.9193,5.9193,6.1569,201167_x_at
8.8007,8.8007,10.4088,201168_x_at
5.09,5.09,5.1303,201169_s_at
4.118,4.118,4.118,201171_at
8.8527,8.8527,8.685,201175_at
9.8009,9.8009,9.865,201177_s_at
8.4915,8.4915,9.1036,201179_s_at
11.5686,11.5686,12.4055,201180_s_at
8.8887,8.8887,9.7056,201181_at
7.8221,7.8221,8.6159,201182_s_at
8.3009,8.3009,8.7362,201183_s_at
9.8045,9.8045,10.3218,201184_s_at
5.8682,5.8682,5.7731,201187_s_at
7.5208,7.5208,7.9858,201188_s_at
8.866,8.866,9.6015,201189_s_at
8.2856,8.2856,9.2726,201190_s_at
6.9648,6.9648,8.1446,201191_at
7.2195,7.2195,8.1182,201192_s_at
6.886,6.886,6.0598,201193_at
7.4442,7.4442,9.1011,201194_at
8.8327,8.8327,12.1317,201195_s_at
10.6437,10.6437,9.9383,201196_s_at
9.3782,9.3782,8.775,201197_at
8.6159,8.6159,9.4815,201198_s_at
8.9521,8.9521,9.5983,201199_s_at
9.8521,9.8521,10.706,201201_at
4.6094,4.6094,4.4022,201203_s_at
5.8928,5.8928,6.1986,201204_s_at
6.0977,6.0977,6.7271,201205_at
4.3765,4.3765,6.0524,201206_s_at
4.7839,4.7839,4.8295,201208_s_at
10.2779,10.2779,11.3668,201209_at
12.529,12.529,11.6772,201210_at
6.238,6.238,6.1445,201211_s_at
6.4817,6.4817,7.2533,201213_at
8.1928,8.1928,8.9643,201214_s_at
5.1117,5.1117,4.6699,201215_at
12.4396,12.4396,14.0518,201216_at
14.9708,14.9708,14.9675,201217_x_at
8.4205,8.4205,6.9671,201218_at
8.4366,8.4366,7.2073,201219_at
10.7307,10.7307,9.1925,201220_x_at
11.1641,11.1641,11.8792,201221_s_at
7.9048,7.9048,8.0724,201222_s_at
9.6754,9.6754,9.496,201224_s_at
11.735,11.735,12.5453,201226_at
6.1981,6.1981,5.6147,201228_s_at
7.9114,7.9114,7.7926,201229_s_at
9.239,9.239,9.3514,201230_s_at
13.0054,13.0054,14.0631,201231_s_at
9.5192,9.5192,9.8169,201232_s_at
6.5021,6.5021,7.1041,201233_at
6.6433,6.6433,6.5847,201235_s_at
7.9461,7.9461,7.7768,201237_at
9.5038,9.5038,9.8214,201238_s_at
9.0635,9.0635,9.3047,201239_s_at
11.6749,11.6749,11.7781,201240_s_at
5.2661,5.2661,6.8011,201242_s_at
8.7649,8.7649,9.1673,201245_s_at
7.3106,7.3106,7.2522,201246_s_at
7.5319,7.5319,7.2571,201247_at
7.1414,7.1414,7.3074,201248_s_at
5.2637,5.2637,6.2222,201249_at
9.9327,9.9327,11.1727,201251_at
7.6384,7.6384,8.3169,201252_at
10.0752,10.0752,8.9691,201253_s_at
14.9675,14.9675,14.9767,201254_x_at
13.1392,13.1392,12.9216,201256_at
14.979,14.979,14.9726,201257_x_at
14.7564,14.7564,14.6382,201258_at
9.3174,9.3174,9.0787,201259_s_at
5.8623,5.8623,6.2298,201261_x_at
4.1181,4.1181,5.273,201262_s_at
8.9401,8.9401,10.586,201264_at
5.3809,5.3809,4.3728,201265_at
8.7734,8.7734,9.523,201267_s_at
12.4934,12.4934,12.9973,201268_at
6.0299,6.0299,5.9458,201269_s_at
10.5312,10.5312,10.8375,201271_s_at
11.3762,11.3762,13.2946,201272_at
12.7889,12.7889,12.9893,201273_s_at
10.7771,10.7771,11.7214,201274_at
9.7372,9.7372,10.5185,201275_at
6.7725,6.7725,6.78,201276_at
12.0312,12.0312,13.4909,201277_s_at
6.325,6.325,5.3524,201278_at
4.3095,4.3095,4.118,201279_s_at
5.0174,5.0174,4.1181,201280_s_at
9.0933,9.0933,9.809,201281_at
5.7734,5.7734,4.7568,201282_at
4.3043,4.3043,5.2536,201283_s_at
7.8321,7.8321,8.4697,201284_s_at
11.183,11.183,11.2548,201285_at
6.5084,6.5084,5.879,201286_at
6.8119,6.8119,6.9493,201287_s_at
14.2514,14.2514,14.3149,201288_at
4.9806,4.9806,5.0419,201289_at
9.6096,9.6096,10.5512,201291_s_at
14.9052,14.9052,14.9495,201293_x_at
6.956,6.956,7.1565,201294_s_at
4.1181,4.1181,4.5578,201295_s_at
9.9902,9.9902,9.1601,201296_s_at
6.9778,6.9778,7.6759,201297_s_at
7.9387,7.9387,8.3939,201298_s_at
9.1905,9.1905,9.4567,201299_s_at
7.6724,7.6724,8.0328,201301_s_at
10.6896,10.6896,9.9402,201304_at
12.6189,12.6189,12.4211,201305_x_at
14.0574,14.0574,14.2024,201306_s_at
9.2554,9.2554,8.9222,201307_at
4.6276,4.6276,4.1181,201308_s_at
6.8246,6.8246,7.8161,201309_x_at
12.1837,12.1837,12.9932,201310_s_at
9.4975,9.4975,9.4408,201311_s_at
12.1562,12.1562,11.9525,201312_s_at
6.3106,6.3106,6.8024,201313_at
10.5362,10.5362,10.6923,201315_x_at
9.677,9.677,8.7823,201316_at
11.4911,11.4911,11.6705,201317_s_at
11.2982,11.2982,12.378,201318_s_at
8.7767,8.7767,9.3344,201319_at
7.7835,7.7835,7.4159,201320_at
7.4065,7.4065,7.3571,201321_s_at
5.1555,5.1555,4.1182,201324_at
4.1182,4.1182,4.1183,201325_s_at
10.1346,10.1346,9.62,201326_at
10.1714,10.1714,9.967,201327_s_at
10.6318,10.6318,9.698,201329_s_at
4.1183,4.1183,4.3124,201332_s_at
5.415,5.415,5.6238,201333_s_at
4.1183,4.1183,4.9661,201335_s_at
11.2127,11.2127,11.6084,201336_at
7.0188,7.0188,7.654,201337_s_at
13.6077,13.6077,13.5512,201338_x_at
5.1229,5.1229,4.7141,201340_s_at
10.0039,10.0039,10.3353,201342_at
11.043,11.043,10.4485,201343_at
7.0097,7.0097,6.476,201344_at
10.8289,10.8289,11.2782,201345_s_at
7.5649,7.5649,7.9803,201349_at
8.1973,8.1973,10.0461,201350_at
12.22,12.22,12.3389,201352_at
9.2471,9.2471,8.39,201353_s_at
10.058,10.058,9.4312,201354_s_at
7.7091,7.7091,7.6285,201355_s_at
12.2399,12.2399,12.2918,201356_at
6.8662,6.8662,7.3528,201357_s_at
12.1534,12.1534,12.0597,201358_s_at
10.9935,10.9935,10.8565,201359_at
5.1916,5.1916,6.2674,201360_at
7.4112,7.4112,7.1221,201362_at
5.9742,5.9742,5.95,201363_s_at
7.884,7.884,7.6468,201364_s_at
8.8678,8.8678,9.0328,201365_at
6.2984,6.2984,6.0601,201367_s_at
14.6069,14.6069,14.0405,201368_at
11.8744,11.8744,10.1863,201369_s_at
7.0346,7.0346,7.3972,201370_s_at
12.5684,12.5684,12.8037,201371_s_at
4.8259,4.8259,4.7505,201372_s_at
7.0731,7.0731,6.9847,201373_at
4.1184,4.1184,4.1183,201374_x_at
8.8994,8.8994,7.3123,201375_s_at
8.5625,8.5625,9.944,201376_s_at
9.6039,9.6039,9.6355,201377_at
8.3646,8.3646,8.9389,201378_s_at
11.1118,11.1118,11.1624,201381_x_at
6.381,6.381,5.832,201382_at
6.4088,6.4088,6.4727,201383_s_at
6.362,6.362,8.6128,201384_s_at
14.2188,14.2188,13.8999,201385_at
11.8197,11.8197,12.8,201386_s_at
6.0914,6.0914,7.0841,201387_s_at
8.2846,8.2846,8.627,201388_at
10.0843,10.0843,7.0219,201389_at
12.6845,12.6845,13.1435,201390_s_at
7.3496,7.3496,7.3832,201392_s_at
9.1693,9.1693,8.6674,201394_s_at
8.2435,8.2435,9.2126,201396_s_at
13.1826,13.1826,12.6361,201398_s_at
9.9242,9.9242,9.5734,201399_s_at
12.2918,12.2918,11.1589,201401_s_at
4.1185,4.1185,4.3422,201402_at
9.4868,9.4868,9.1535,201403_s_at
6.606,6.606,7.0681,201404_x_at
10.3003,10.3003,10.3377,201405_s_at
13.5666,13.5666,12.7963,201406_at
7.7445,7.7445,8.0633,201407_s_at
8.4127,8.4127,8.5431,201408_at
7.913,7.913,8.6244,201409_s_at
9.2112,9.2112,10.2195,201410_at
6.2703,6.2703,7.5297,201411_s_at
7.9757,7.9757,8.2897,201413_at
8.2699,8.2699,9.1772,201414_s_at
8.7817,8.7817,8.8579,201415_at
12.7523,12.7523,11.5811,201417_at
10.9594,10.9594,9.6603,201418_s_at
9.2167,9.2167,9.477,201419_at
7.6647,7.6647,8.2837,201420_s_at
7.9875,7.9875,8.3565,201421_s_at
5.4562,5.4562,7.3616,201422_at
7.3741,7.3741,7.5594,201423_s_at
6.4503,6.4503,5.9219,201424_s_at
6.4642,6.4642,7.4612,201425_at
14.4804,14.4804,14.7331,201426_s_at
5.1656,5.1656,4.1184,201427_s_at
4.6575,4.6575,4.5743,201428_at
14.9481,14.9481,14.979,201429_s_at
4.1185,4.1185,4.3871,201430_s_at
5.454,5.454,4.5514,201431_s_at
11.5458,11.5458,11.6533,201433_s_at
7.0475,7.0475,7.4756,201434_at
7.918,7.918,8.4098,201435_s_at
6.8615,6.8615,6.3509,201436_at
8.7177,8.7177,8.4786,201437_s_at
4.8376,4.8376,4.3647,201438_at
6.2683,6.2683,6.8573,201439_at
6.8723,6.8723,7.9073,201440_at
12.7057,12.7057,12.7632,201441_at
4.1186,4.1186,5.142,201442_s_at
9.3593,9.3593,9.5975,201443_s_at
7.0684,7.0684,7.7099,201444_s_at
7.9003,7.9003,6.3147,201445_at
8.5298,8.5298,8.5446,201446_s_at
8.274,8.274,7.862,201447_at
7.6548,7.6548,7.0651,201448_at
8.4668,8.4668,8.1596,201449_at
7.1404,7.1404,7.384,201450_s_at
4.8649,4.8649,4.1185,201451_x_at
4.496,4.496,4.1185,201452_at
8.3079,8.3079,9.1522,201454_s_at
7.2955,7.2955,8.0273,201455_s_at
9.6795,9.6795,11.2408,201456_s_at
11.3037,11.3037,13.1006,201457_x_at
11.0398,11.0398,12.4087,201458_s_at
7.1762,7.1762,6.2913,201461_s_at
11.3185,11.3185,11.8267,201463_s_at
11.686,11.686,10.559,201464_x_at
8.5513,8.5513,6.9978,201465_s_at
4.6766,4.6766,4.4599,201467_s_at
6.1303,6.1303,5.8487,201468_s_at
10.5873,10.5873,10.6292,201470_at
11.2197,11.2197,12.0493,201472_at
7.9474,7.9474,8.6497,201473_at
4.3456,4.3456,4.1186,201474_s_at
9.6355,9.6355,10.062,201475_x_at
8.0175,8.0175,9.545,201476_s_at
12.0081,12.0081,12.5095,201477_s_at
9.556,9.556,10.0691,201478_s_at
11.2602,11.2602,12.2086,201479_at
9.1417,9.1417,8.8332,201480_s_at
4.4893,4.4893,4.7151,201481_s_at
7.0268,7.0268,6.9788,201482_at
8.7269,8.7269,8.2754,201483_s_at
9.0136,9.0136,8.9872,201484_at
10.3353,10.3353,9.0882,201485_s_at
10.8275,10.8275,8.8281,201486_at
7.0728,7.0728,7.6331,201487_at
11.5623,11.5623,11.4106,201488_x_at
6.3445,6.3445,7.8281,201490_s_at
9.1106,9.1106,9.6528,201491_at
14.9427,14.9427,14.961,201492_s_at
4.1187,4.1187,4.1187,201495_x_at
5.0615,5.0615,4.7831,201496_x_at
5.8359,5.8359,4.8515,201497_x_at
12.8148,12.8148,12.6532,201499_s_at
8.5599,8.5599,9.0459,201500_s_at
8.9916,8.9916,8.1946,201501_s_at
8.7532,8.7532,9.7449,201504_s_at
4.4331,4.4331,4.4107,201506_at
8.451,8.451,9.018,201507_at
4.5506,4.5506,4.9605,201508_at
10.2925,10.2925,9.8099,201509_at
5.5758,5.5758,5.6632,201510_at
7.1633,7.1633,7.4338,201512_s_at
7.0017,7.0017,7.3882,201514_s_at
10.6002,10.6002,11.9228,201515_s_at
8.4371,8.4371,9.3891,201517_at
9.0806,9.0806,10.7771,201518_at
10.4742,10.4742,9.8054,201520_s_at
7.0037,7.0037,7.987,201521_s_at
11.0173,11.0173,10.4852,201522_x_at
8.5168,8.5168,8.9715,201523_x_at
12.0782,12.0782,11.3556,201524_x_at
5.8516,5.8516,5.8644,201525_at
7.7958,7.7958,8.2449,201526_at
9.1535,9.1535,10.6759,201529_s_at
14.2567,14.2567,14.5728,201530_x_at
9.7031,9.7031,10.8332,201532_at
9.2809,9.2809,9.0205,201533_at
10.0651,10.0651,7.4727,201534_s_at
11.5937,11.5937,8.9395,201535_at
4.1187,4.1187,5.5353,201537_s_at
4.4132,4.4132,5.0887,201538_s_at
6.7875,6.7875,6.2723,201539_s_at
12.8335,12.8335,11.7873,201540_at
8.5318,8.5318,7.6928,201541_s_at
11.0156,11.0156,11.0986,201542_at
8.1142,8.1142,9.7904,201543_s_at
13.6181,13.6181,13.6866,201544_x_at
7.4558,7.4558,7.6522,201545_s_at
4.8611,4.8611,5.3451,201547_at
9.2499,9.2499,8.1028,201549_x_at
14.9297,14.9297,14.9309,201550_x_at
5.6623,5.6623,4.9564,201551_s_at
8.9618,8.9618,9.2561,201552_at
13.0964,13.0964,13.476,201553_s_at
9.0908,9.0908,8.0552,201554_x_at
6.9955,6.9955,7.0671,201556_s_at
7.4686,7.4686,7.2134,201557_at
6.3019,6.3019,6.5168,201559_s_at
7.1997,7.1997,8.0221,201562_s_at
7.2151,7.2151,7.927,201563_at
4.4971,4.4971,4.828,201564_s_at
7.3584,7.3584,8.0392,201566_x_at
7.2426,7.2426,7.5179,201567_s_at
10.5274,10.5274,11.4992,201568_at
9.1574,9.1574,9.0347,201569_s_at
9.2092,9.2092,8.9758,201570_at
7.0824,7.0824,7.5102,201571_s_at
9.912,9.912,9.8659,201573_s_at
11.1068,11.1068,11.3389,201574_at
10.6504,10.6504,10.1587,201575_at
7.5546,7.5546,7.4616,201576_s_at
10.7544,10.7544,12.7236,201577_at
5.7364,5.7364,7.1255,201578_at
8.8133,8.8133,9.7876,201580_s_at
10.8832,10.8832,11.3222,201581_at
5.5349,5.5349,6.512,201582_at
6.8893,6.8893,8.0504,201583_s_at
10.0253,10.0253,9.6837,201585_s_at
12.6464,12.6464,12.5257,201586_s_at
12.4055,12.4055,12.073,201588_at
7.6674,7.6674,10.5274,201590_x_at
14.371,14.371,14.3408,201592_at
11.9451,11.9451,11.1235,201593_s_at
11.2729,11.2729,10.6451,201595_s_at
5.6992,5.6992,6.5227,201596_x_at
12.8186,12.8186,12.9813,201597_at
8.5001,8.5001,11.1018,201599_at
13.4711,13.4711,14.0856,201600_at
7.9657,7.9657,7.5432,201601_x_at
7.6958,7.6958,7.3454,201602_s_at
9.4327,9.4327,8.8075,201603_at
7.8426,7.8426,8.0414,201604_s_at
6.6446,6.6446,7.7071,201605_x_at
11.3538,11.3538,11.428,201606_s_at
7.6361,7.6361,8.145,201607_at
7.3204,7.3204,8.0642,201609_x_at
4.7947,4.7947,4.2882,201610_at
10.586,10.586,10.717,201612_at
9.0421,9.0421,8.0582,201613_s_at
4.7741,4.7741,4.6479,201615_x_at
4.1188,4.1188,4.1187,201616_s_at
4.1189,4.1189,4.1188,201617_x_at
8.5518,8.5518,8.4806,201618_x_at
9.1164,9.1164,10.9983,201619_at
4.1189,4.1189,5.4284,201621_at
9.6144,9.6144,9.5686,201622_at
11.8386,11.8386,12.0913,201623_s_at
8.5046,8.5046,7.8971,201624_at
8.3694,8.3694,7.9581,201625_s_at
8.2842,8.2842,8.1869,201627_s_at
8.1744,8.1744,9.4134,201629_s_at
11.0526,11.0526,11.2003,201630_s_at
6.1021,6.1021,6.4805,201633_s_at
5.919,5.919,6.3886,201634_s_at
10.2261,10.2261,9.1786,201635_s_at
8.0444,8.0444,7.1491,201636_at
11.9082,11.9082,11.6727,201637_s_at
4.3739,4.3739,5.3294,201638_s_at
11.5032,11.5032,10.3365,201639_s_at
6.8973,6.8973,6.5762,201640_x_at
8.8568,8.8568,7.4652,201641_at
7.9545,7.9545,9.2984,201642_at
8.5425,8.5425,8.798,201643_x_at
4.119,4.119,4.2652,201645_at
8.0772,8.0772,7.4952,201646_at
6.6145,6.6145,6.5174,201647_s_at
13.0423,13.0423,11.8104,201648_at
4.119,4.119,4.1189,201650_at
11.6106,11.6106,10.1493,201651_s_at
10.6029,10.6029,10.7033,201653_at
4.1191,4.1191,4.1189,201654_s_at
4.1192,4.1192,4.119,201655_s_at
6.4859,6.4859,6.5961,201656_at
5.5728,5.5728,4.6348,201657_at
7.1827,7.1827,7.3772,201658_at
7.0155,7.0155,7.2254,201659_s_at
5.6532,5.6532,5.6651,201660_at
6.8443,6.8443,7.4231,201662_s_at
10.9501,10.9501,11.2231,201663_s_at
14.6965,14.6965,14.6141,201665_x_at
6.229,6.229,6.4135,201666_at
4.1192,4.1192,4.7057,201667_at
5.9852,5.9852,6.3097,201668_x_at
8.3451,8.3451,9.0378,201669_s_at
6.0748,6.0748,7.4087,201670_s_at
10.8157,10.8157,11.5437,201672_s_at
7.5032,7.5032,7.6847,201674_s_at
13.1782,13.1782,13.3039,201676_x_at
8.8481,8.8481,8.0133,201677_at
10.8187,10.8187,10.1131,201678_s_at
5.392,5.392,6.9008,201679_at
11.4106,11.4106,12.529,201680_x_at
6.1308,6.1308,4.7314,201681_s_at
7.9237,7.9237,7.6202,201683_x_at
8.591,8.591,8.4166,201684_s_at
7.9196,7.9196,7.3236,201685_s_at
7.3282,7.3282,7.3695,201686_x_at
8.0298,8.0298,7.8815,201687_s_at
7.399,7.399,8.1419,201688_s_at
10.0701,10.0701,10.5577,201690_s_at
5.6735,5.6735,5.0543,201691_s_at
7.3936,7.3936,7.9841,201692_at
6.0255,6.0255,7.1589,201694_s_at
10.6611,10.6611,11.8937,201698_s_at
10.6225,10.6225,9.4259,201699_at
7.4155,7.4155,7.0255,201701_s_at
4.6907,4.6907,4.119,201702_s_at
5.8731,5.8731,5.9715,201703_s_at
9.8668,9.8668,9.5076,201705_at
5.7265,5.7265,7.1008,201706_s_at
6.8049,6.8049,7.036,201708_s_at
8.8407,8.8407,8.4045,201711_x_at
8.0578,8.0578,7.8439,201712_s_at
10.1948,10.1948,9.7727,201713_s_at
7.8705,7.8705,8.6418,201714_at
7.7859,7.7859,8.5661,201715_s_at
7.8681,7.8681,8.134,201716_at
6.4277,6.4277,6.6908,201718_s_at
14.3045,14.3045,14.0968,201720_s_at
14.8966,14.8966,14.8059,201721_s_at
9.8313,9.8313,9.8467,201722_s_at
9.2623,9.2623,9.6112,201723_s_at
9.2997,9.2997,9.1852,201724_s_at
9.6963,9.6963,10.7376,201725_at
9.0818,9.0818,10.3608,201726_at
7.436,7.436,7.5649,201728_s_at
11.7441,11.7441,11.9801,201730_s_at
9.7841,9.7841,10.4077,201731_s_at
5.566,5.566,4.6419,201732_s_at
5.6771,5.6771,4.1191,201733_at
7.5157,7.5157,7.2796,201734_at
12.3091,12.3091,12.2513,201736_s_at
9.8439,9.8439,8.3493,201737_s_at
10.8536,10.8536,11.5254,201740_at
5.5858,5.5858,5.3973,201741_x_at
7.2622,7.2622,8.2592,201742_x_at
4.1193,4.1193,4.1192,201744_s_at
9.0515,9.0515,8.6238,201745_at
5.5492,5.5492,6.2306,201747_s_at
9.5497,9.5497,9.5678,201748_s_at
6.2199,6.2199,6.6617,201749_at
4.6498,4.6498,4.5775,201750_s_at
10.7403,10.7403,10.8463,201752_s_at
10.8042,10.8042,10.6882,201753_s_at
12.4302,12.4302,13.2992,201754_at
9.8897,9.8897,11.022,201755_at
11.9155,11.9155,13.218,201757_at
6.6534,6.6534,6.7461,201759_at
9.2706,9.2706,9.35,201760_s_at
8.4381,8.4381,8.446,201764_at
8.4604,8.4604,8.2249,201765_s_at
5.1331,5.1331,6.229,201766_at
8.691,8.691,8.6471,201768_s_at
11.8505,11.8505,10.4656,201769_at
10.3307,10.3307,12.3931,201770_at
8.9436,8.9436,9.1891,201771_at
8.3752,8.3752,8.7783,201772_at
10.4778,10.4778,9.8723,201773_at
6.1107,6.1107,6.6032,201775_s_at
6.1212,6.1212,6.0128,201776_s_at
7.0738,7.0738,6.9046,201777_s_at
8.5208,8.5208,9.4884,201779_s_at
7.0445,7.0445,7.533,201780_s_at
7.1444,7.1444,7.7145,201781_s_at
9.9478,9.9478,9.8081,201782_s_at
11.0237,11.0237,10.7128,201783_s_at
11.4852,11.4852,11.2127,201784_s_at
5.603,5.603,6.4577,201785_at
4.2999,4.2999,4.3227,201787_at
4.7429,4.7429,4.1192,201789_at
4.4847,4.4847,4.7833,201790_s_at
6.3916,6.3916,6.1888,201791_s_at
8.8087,8.8087,10.9317,201792_at
7.8835,7.8835,7.2582,201793_x_at
6.1984,6.1984,4.5028,201796_s_at
7.6126,7.6126,7.8442,201797_s_at
7.5424,7.5424,7.9549,201799_s_at
9.2315,9.2315,9.1502,201800_s_at
5.5402,5.5402,6.0726,201801_s_at
6.7986,6.7986,7.2367,201802_at
10.6081,10.6081,10.5123,201803_at
6.9321,6.9321,7.8129,201805_at
6.4574,6.4574,5.7282,201806_s_at
4.7822,4.7822,4.6005,201808_s_at
8.6334,8.6334,6.5033,201809_s_at
6.4194,6.4194,7.5825,201810_s_at
12.381,12.381,12.1699,201812_s_at
8.5853,8.5853,8.8766,201813_s_at
10.0392,10.0392,10.6477,201814_at
6.3355,6.3355,6.6243,201815_s_at
10.2948,10.2948,10.4595,201816_s_at
6.1181,6.1181,5.4475,201818_at
4.713,4.713,4.985,201820_at
6.9104,6.9104,8.2625,201821_s_at
5.6644,5.6644,5.2141,201822_at
6.4949,6.4949,6.6942,201823_s_at
6.1225,6.1225,6.0442,201824_at
7.6597,7.6597,7.5256,201826_s_at
7.6217,7.6217,8.1037,201828_x_at
9.6371,9.6371,10.8202,201830_s_at
7.7548,7.7548,8.1186,201831_s_at
9.34,9.34,9.1437,201832_s_at
7.4313,7.4313,8.307,201834_at
5.4837,5.4837,6.7499,201835_s_at
6.4351,6.4351,6.3065,201836_s_at
9.4649,9.4649,9.2342,201837_s_at
6.137,6.137,5.5872,201838_s_at
4.6038,4.6038,5.0677,201839_s_at
8.851,8.851,9.3709,201840_at
5.2486,5.2486,4.1193,201842_s_at
4.3125,4.3125,4.3751,201843_s_at
12.5224,12.5224,11.4515,201844_s_at
12.7852,12.7852,11.0722,201846_s_at
5.6195,5.6195,6.0304,201848_s_at
7.8362,7.8362,7.5417,201850_at
7.727,7.727,7.7626,201851_at
4.5394,4.5394,5.3255,201852_x_at
7.9581,7.9581,9.0051,201854_s_at
7.8888,7.8888,6.9101,201856_s_at
11.6319,11.6319,10.6773,201857_at
7.3436,7.3436,8.887,201858_s_at
8.6823,8.6823,9.8842,201859_at
5.6429,5.6429,5.788,201860_s_at
12.0545,12.0545,11.6063,201861_s_at
10.2228,10.2228,9.1274,201862_s_at
10.0402,10.0402,9.9008,201864_at
11.7804,11.7804,10.1778,201865_x_at
9.9554,9.9554,8.8395,201866_s_at
6.5865,6.5865,6.5644,201867_s_at
4.1194,4.1194,4.608,201868_s_at
4.8783,4.8783,4.7627,201869_s_at
11.9725,11.9725,11.3502,201871_s_at
7.3811,7.3811,7.1181,201872_s_at
8.2527,8.2527,8.1614,201873_s_at
7.2855,7.2855,9.7107,201874_at
7.4356,7.4356,7.2622,201876_at
8.1798,8.1798,9.3535,201877_s_at
8.7194,8.7194,7.6889,201878_at
8.7395,8.7395,8.2272,201879_at
9.1177,9.1177,7.8991,201880_at
8.7968,8.7968,8.4881,201881_s_at
5.7875,5.7875,5.5993,201882_x_at
8.9703,8.9703,9.657,201883_s_at
5.9352,5.9352,5.6769,201884_at
10.7757,10.7757,10.836,201885_s_at
8.0316,8.0316,8.367,201886_at
4.9211,4.9211,4.5199,201888_s_at
12.5063,12.5063,12.7416,201890_at
14.8229,14.8229,14.6821,201891_s_at
13.7892,13.7892,14.0065,201892_s_at
6.4645,6.4645,6.2798,201893_x_at
9.5411,9.5411,9.771,201894_s_at
8.876,8.876,9.4521,201895_at
10.5399,10.5399,11.3129,201897_s_at
11.6191,11.6191,10.8317,201898_s_at
12.8906,12.8906,12.7488,201901_s_at
5.8242,5.8242,6.8265,201902_s_at
10.9239,10.9239,12.3239,201903_at
6.6274,6.6274,4.2812,201904_s_at
5.2984,5.2984,4.3045,201905_s_at
6.9457,6.9457,5.1975,201906_s_at
4.4531,4.4531,6.4007,201907_x_at
9.6306,9.6306,9.8241,201908_at
14.1914,14.1914,14.1192,201909_at
6.2455,6.2455,4.9126,201910_at
5.5009,5.5009,5.615,201911_s_at
7.8402,7.8402,8.1256,201912_s_at
11.2584,11.2584,9.7509,201914_s_at
6.724,6.724,5.2114,201915_at
11.4714,11.4714,10.39,201916_s_at
12.0441,12.0441,11.841,201917_s_at
10.0214,10.0214,9.7475,201918_at
10.4877,10.4877,10.6978,201919_at
10.1938,10.1938,11.5958,201920_at
9.5726,9.5726,8.5641,201921_at
9.103,9.103,9.6314,201923_at
9.449,9.449,10.2065,201925_s_at
8.1477,8.1477,8.7906,201926_s_at
5.4686,5.4686,5.5473,201927_s_at
7.6928,7.6928,7.2509,201928_at
5.7831,5.7831,5.3053,201929_s_at
10.7142,10.7142,11.4911,201930_at
8.6925,8.6925,8.8194,201933_at
11.2548,11.2548,11.2711,201934_at
7.5253,7.5253,7.3578,201935_s_at
6.0223,6.0223,5.314,201936_s_at
8.7655,8.7655,8.3333,201937_s_at
13.088,13.088,13.4809,201938_at
7.552,7.552,6.1733,201939_at
5.7706,5.7706,6.4042,201940_at
7.3001,7.3001,8.2662,201941_at
5.9812,5.9812,5.7921,201942_s_at
5.3357,5.3357,6.6057,201943_s_at
8.4936,8.4936,8.3474,201944_at
7.925,7.925,7.1238,201945_at
9.7771,9.7771,10.8982,201946_s_at
13.4077,13.4077,13.724,201947_s_at
8.3013,8.3013,9.2879,201948_at
8.5776,8.5776,8.7952,201949_x_at
5.3075,5.3075,5.9305,201951_at
7.3486,7.3486,7.7653,201952_at
8.71,8.71,9.7115,201953_at
9.3294,9.3294,10.0214,201954_at
9.8349,9.8349,9.7921,201955_at
9.3153,9.3153,9.6545,201956_s_at
7.0577,7.0577,7.0768,201957_at
4.1195,4.1195,4.1194,201958_s_at
5.7295,5.7295,7.0284,201961_s_at
7.8201,7.8201,8.9401,201962_s_at
7.1528,7.1528,7.5032,201964_at
9.898,9.898,9.8045,201965_s_at
9.4642,9.4642,10.1069,201966_at
10.3173,10.3173,10.3982,201969_at
12.3658,12.3658,12.4118,201970_s_at
5.4493,5.4493,5.4597,201971_s_at
9.9459,9.9459,9.3294,201972_at
11.726,11.726,12.4999,201973_s_at
6.8325,6.8325,6.643,201974_s_at
7.1837,7.1837,7.0485,201975_at
6.3245,6.3245,6.8777,201977_s_at
7.515,7.515,6.7327,201978_s_at
4.8166,4.8166,5.7556,201979_s_at
4.1195,4.1195,4.6174,201981_at
5.3553,5.3553,5.7963,201982_s_at
4.329,4.329,4.1195,201983_s_at
9.17,9.17,8.0401,201986_at
9.7895,9.7895,8.7056,201987_at
6.0658,6.0658,6.5696,201988_s_at
6.8318,6.8318,6.8983,201989_s_at
5.8918,5.8918,5.6231,201990_s_at
11.7781,11.7781,11.1641,201991_s_at
7.1161,7.1161,7.0501,201992_s_at
13.9445,13.9445,13.4318,201993_x_at
11.7395,11.7395,12.283,201994_at
7.6824,7.6824,7.6013,201996_s_at
7.702,7.702,8.1905,201998_at
9.2837,9.2837,9.2928,201999_s_at
9.1255,9.1255,10.1193,202000_at
11.2782,11.2782,12.1589,202001_s_at
5.2099,5.2099,5.1439,202002_at
8.6003,8.6003,10.0402,202003_s_at
8.6035,8.6035,9.4582,202004_x_at
4.7132,4.7132,6.896,202005_at
4.1196,4.1196,4.1195,202007_at
4.7045,4.7045,5.2162,202008_s_at
10.1223,10.1223,10.8303,202010_s_at
7.3865,7.3865,7.674,202012_s_at
5.8346,5.8346,5.6245,202013_s_at
8.8953,8.8953,8.6466,202014_at
4.9762,4.9762,4.6394,202015_x_at
5.003,5.003,4.7059,202017_at
4.1197,4.1197,4.1196,202018_s_at
6.7822,6.7822,7.2737,202019_s_at
10.0997,10.0997,10.0372,202020_s_at
14.6821,14.6821,14.6449,202021_x_at
5.7063,5.7063,4.8116,202023_at
7.659,7.659,8.0167,202024_at
8.4328,8.4328,8.1883,202026_at
6.8906,6.8906,7.2212,202027_at
9.5983,9.5983,9.1457,202028_s_at
14.667,14.667,14.7232,202029_x_at
7.3267,7.3267,7.0488,202030_at
13.0588,13.0588,12.6498,202031_s_at
10.5299,10.5299,9.3287,202033_s_at
9.158,9.158,7.9879,202034_x_at
5.0675,5.0675,5.0453,202035_s_at
4.1197,4.1197,4.3763,202036_s_at
6.0489,6.0489,6.0806,202037_s_at
11.86,11.86,10.807,202039_at
9.4694,9.4694,9.4342,202042_at
8.6102,8.6102,8.8596,202043_s_at
5.404,5.404,4.9373,202044_at
7.0067,7.0067,6.9395,202045_s_at
5.443,5.443,5.6422,202046_s_at
7.5194,7.5194,8.5355,202047_s_at
5.5071,5.5071,7.1929,202048_s_at
6.871,6.871,7.1857,202049_s_at
7.8624,7.8624,7.133,202050_s_at
7.8269,7.8269,7.2983,202051_s_at
6.8157,6.8157,7.3847,202053_s_at
5.1343,5.1343,5.7487,202054_s_at
8.422,8.422,7.7795,202055_at
7.2422,7.2422,6.5931,202056_at
5.8019,5.8019,5.448,202057_at
5.8014,5.8014,6.3663,202058_s_at
7.888,7.888,7.6836,202059_s_at
7.598,7.598,8.7711,202060_at
8.1762,8.1762,8.0311,202061_s_at
6.7109,6.7109,6.2634,202062_s_at
5.8617,5.8617,5.6028,202063_s_at
4.8191,4.8191,5.0556,202064_s_at
6.4233,6.4233,6.3196,202065_s_at
8.3594,8.3594,8.0828,202066_at
4.1198,4.1198,4.1197,202067_s_at
6.0721,6.0721,5.6002,202068_s_at
6.4333,6.4333,7.0948,202069_s_at
6.8694,6.8694,7.3341,202070_s_at
6.3222,6.3222,6.3108,202071_at
6.9516,6.9516,7.4457,202072_at
7.2959,7.2959,5.4702,202073_at
4.1198,4.1198,5.6107,202075_s_at
12.065,12.065,11.8012,202077_at
11.8912,11.8912,13.2901,202078_at
7.5516,7.5516,8.2735,202079_s_at
8.6397,8.6397,9.0876,202080_s_at
13.2855,13.2855,12.3209,202081_at
8.3732,8.3732,8.3944,202082_s_at
9.5053,9.5053,10.416,202084_s_at
9.496,9.496,8.6936,202085_at
7.6445,7.6445,8.9679,202086_at
9.0991,9.0991,8.8893,202088_at
7.2522,7.2522,7.0611,202089_s_at
10.3218,10.3218,10.7713,202090_s_at
5.2753,5.2753,4.9213,202091_at
7.7464,7.7464,8.1959,202092_s_at
7.6947,7.6947,8.721,202094_at
9.9718,9.9718,11.1269,202096_s_at
8.262,8.262,7.4738,202098_s_at
5.509,5.509,5.4156,202099_s_at
6.0126,6.0126,4.7682,202101_s_at
10.8639,10.8639,10.1609,202102_s_at
6.905,6.905,6.5853,202103_at
8.9527,8.9527,7.7114,202104_s_at
7.8161,7.8161,7.9118,202106_at
13.2448,13.2448,13.9785,202107_s_at
12.1589,12.1589,12.1975,202110_at
11.401,11.401,8.6082,202113_s_at
6.9742,6.9742,7.1336,202115_s_at
8.2532,8.2532,7.7756,202116_at
9.1132,9.1132,7.7721,202118_s_at
9.6687,9.6687,10.0253,202120_x_at
8.8841,8.8841,8.954,202121_s_at
8.2588,8.2588,8.4961,202122_s_at
6.8915,6.8915,7.6663,202124_s_at
9.5694,9.5694,9.4327,202126_at
9.9064,9.9064,9.4304,202127_at
7.6533,7.6533,7.5568,202129_s_at
9.2105,9.2105,9.9631,202130_at
8.4064,8.4064,7.4471,202131_s_at
5.3157,5.3157,5.3514,202132_at
4.407,4.407,4.3605,202133_at
4.3678,4.3678,4.5201,202134_s_at
8.9995,8.9995,8.2467,202135_s_at
8.6716,8.6716,7.4558,202136_at
4.2929,4.2929,5.6349,202137_s_at
8.3651,8.3651,9.1998,202138_x_at
8.6276,8.6276,9.5694,202139_at
9.0001,9.0001,8.8736,202140_s_at
10.8084,10.8084,11.3426,202141_s_at
8.3915,8.3915,8.4554,202142_at
7.5983,7.5983,8.8607,202143_s_at
11.4773,11.4773,11.4793,202144_s_at
6.6409,6.6409,7.2897,202145_at
8.3338,8.3338,8.0057,202146_at
8.1107,8.1107,8.1987,202147_s_at
5.0375,5.0375,5.6292,202149_at
4.9228,4.9228,5.5181,202150_s_at
7.7871,7.7871,8.618,202151_s_at
8.1156,8.1156,8.7302,202152_x_at
9.9073,9.9073,12.487,202154_x_at
8.7242,8.7242,9.0825,202155_s_at
9.8768,9.8768,9.1068,202156_s_at
11.785,11.785,11.6106,202157_s_at
8.8556,8.8556,8.0069,202158_s_at
7.1248,7.1248,7.3355,202159_at
12.0055,12.0055,10.5172,202160_at
7.9011,7.9011,7.7371,202161_at
9.7261,9.7261,10.484,202162_s_at
10.182,10.182,9.4267,202163_s_at
9.709,9.709,10.3644,202164_s_at
9.3082,9.3082,9.049,202165_at
9.6363,9.6363,10.057,202166_s_at
8.3637,8.3637,8.2335,202167_s_at
10.7114,10.7114,10.2184,202168_at
7.8543,7.8543,7.4543,202169_s_at
8.8829,8.8829,8.492,202170_s_at
10.7087,10.7087,10.0501,202171_at
8.698,8.698,8.6144,202172_at
9.7518,9.7518,8.6292,202173_s_at
6.27,6.27,6.597,202175_at
8.49,8.49,9.0946,202176_at
4.1199,4.1199,4.1197,202177_at
10.9967,10.9967,10.9501,202181_at
7.8109,7.8109,7.7359,202182_at
8.8958,8.8958,9.2309,202183_s_at
4.12,4.12,4.1198,202186_x_at
12.4459,12.4459,12.8372,202189_x_at
6.4799,6.4799,6.262,202190_at
9.3337,9.3337,10.9548,202191_s_at
8.2491,8.2491,10.1948,202192_s_at
7.7978,7.7978,6.7246,202193_at
10.4791,10.4791,9.8072,202194_at
7.4634,7.4634,7.6308,202195_s_at
4.12,4.12,4.1198,202196_s_at
9.8732,9.8732,8.8684,202197_at
5.7235,5.7235,6.1942,202198_s_at
6.7004,6.7004,7.2931,202199_s_at
8.4687,8.4687,8.4279,202200_s_at
4.1201,4.1201,4.7292,202201_at
4.1202,4.1202,5.0545,202202_s_at
7.6514,7.6514,7.9395,202203_s_at
8.402,8.402,8.2086,202204_s_at
5.6102,5.6102,6.7578,202205_at
6.5201,6.5201,7.5901,202206_at
10.3014,10.3014,10.858,202209_at
6.864,6.864,5.4287,202210_x_at
9.0446,9.0446,8.5395,202211_at
7.8771,7.8771,7.7308,202212_at
7.0405,7.0405,6.857,202213_s_at
8.3886,8.3886,7.8185,202214_s_at
7.7626,7.7626,7.8273,202215_s_at
6.3108,6.3108,7.5742,202216_x_at
8.6497,8.6497,9.2963,202217_at
6.9366,6.9366,7.2488,202218_s_at
4.4894,4.4894,4.27,202219_at
8.0651,8.0651,7.8342,202221_s_at
5.7596,5.7596,4.1199,202222_s_at
7.5953,7.5953,7.4382,202223_at
6.946,6.946,6.7976,202225_at
6.0936,6.0936,6.1789,202226_s_at
9.8741,9.8741,8.9854,202227_s_at
8.6915,8.6915,9.4785,202228_s_at
4.8411,4.8411,4.9129,202229_s_at
11.8012,11.8012,11.4145,202231_at
11.3744,11.3744,11.3185,202232_s_at
13.2002,13.2002,13.3178,202233_s_at
6.3883,6.3883,6.8211,202234_s_at
4.5787,4.5787,5.3331,202235_at
5.9739,5.9739,7.0958,202236_s_at
5.1121,5.1121,4.687,202237_at
4.1202,4.1202,4.6336,202238_s_at
8.6323,8.6323,8.859,202239_at
7.3422,7.3422,5.2689,202242_at
11.6043,11.6043,11.7102,202243_s_at
13.3039,13.3039,13.1869,202244_at
7.4335,7.4335,7.864,202245_at
6.1992,6.1992,6.5702,202247_s_at
7.164,7.164,7.0461,202248_at
7.0761,7.0761,4.4674,202249_s_at
8.3804,8.3804,7.581,202250_s_at
9.5006,9.5006,8.9746,202251_at
9.5702,9.5702,8.1771,202252_at
7.3786,7.3786,6.6809,202253_s_at
5.6524,5.6524,5.7272,202254_at
5.7863,5.7863,7.0155,202255_s_at
7.9707,7.9707,8.6014,202256_at
8.1432,8.1432,9.2268,202257_s_at
8.8858,8.8858,8.3761,202258_s_at
7.417,7.417,6.1286,202259_s_at
9.2513,9.2513,10.0491,202262_x_at
7.3626,7.3626,7.3116,202263_at
8.6123,8.6123,8.7373,202264_s_at
10.2119,10.2119,8.5061,202265_at
8.9558,8.9558,10.0812,202266_at
5.9336,5.9336,4.7353,202267_at
10.5023,10.5023,11.1252,202268_s_at
7.4234,7.4234,5.6446,202269_x_at
6.6096,6.6096,5.1521,202270_at
7.6206,7.6206,7.833,202271_at
7.4719,7.4719,8.0036,202272_s_at
5.1316,5.1316,4.5652,202273_at
5.6678,5.6678,6.3413,202274_at
7.4864,7.4864,7.2113,202275_at
7.9917,7.9917,8.7544,202277_at
5.6179,5.6179,6.1891,202278_s_at
11.2764,11.2764,11.8481,202279_at
4.1203,4.1203,4.12,202280_at
9.018,9.018,8.3871,202281_at
7.3439,7.3439,8.3305,202283_at
4.9382,4.9382,4.3464,202285_s_at
5.0377,5.0377,4.12,202286_s_at
4.1203,4.1203,4.4512,202287_s_at
7.1067,7.1067,7.7238,202288_at
5.3083,5.3083,5.4342,202289_s_at
6.9788,6.9788,6.8262,202290_at
5.2567,5.2567,4.1201,202291_s_at
8.2607,8.2607,9.1859,202292_x_at
8.3018,8.3018,8.1014,202293_at
8.6444,8.6444,8.5569,202294_at
6.423,6.423,5.99,202295_s_at
8.9823,8.9823,9.4619,202296_s_at
7.937,7.937,7.4682,202297_s_at
11.2354,11.2354,12.0571,202299_s_at
11.5093,11.5093,12.4903,202300_at
10.0441,10.0441,10.5161,202301_s_at
12.7926,12.7926,13.0838,202302_s_at
8.1446,8.1446,7.8571,202303_x_at
7.8326,7.8326,7.4446,202304_at
8.4751,8.4751,9.4319,202305_s_at
10.2012,10.2012,10.3048,202307_s_at
7.0021,7.0021,6.2455,202308_at
9.7921,9.7921,10.0243,202309_at
4.8868,4.8868,4.5499,202311_s_at
5.3898,5.3898,5.1992,202312_s_at
9.5678,9.5678,10.362,202313_at
6.6732,6.6732,7.1647,202314_at
11.6169,11.6169,9.929,202315_s_at
6.197,6.197,6.3649,202316_x_at
9.2085,9.2085,9.1766,202317_s_at
5.2717,5.2717,5.0498,202319_at
5.7865,5.7865,7.2408,202320_at
4.1204,4.1204,5.3701,202321_at
6.9746,6.9746,6.5856,202322_s_at
7.8165,7.8165,8.1177,202323_s_at
11.9327,11.9327,11.8768,202325_s_at
7.8864,7.8864,7.8406,202326_at
5.668,5.668,5.4413,202327_s_at
7.0811,7.0811,8.4891,202330_s_at
11.4872,11.4872,9.5395,202333_s_at
8.5329,8.5329,7.7938,202334_s_at
5.4979,5.4979,5.2313,202335_s_at
7.0758,7.0758,5.3366,202336_s_at
8.0277,8.0277,8.9703,202338_at
6.3868,6.3868,5.1551,202339_at
7.2695,7.2695,8.6207,202340_x_at
4.2891,4.2891,4.8077,202341_s_at
4.7327,4.7327,5.0366,202342_s_at
10.7224,10.7224,11.092,202343_x_at
8.0582,8.0582,7.886,202344_at
8.9311,8.9311,11.2075,202345_s_at
7.0306,7.0306,6.937,202346_at
9.5168,9.5168,9.0647,202347_s_at
7.3015,7.3015,7.5245,202348_s_at
4.5307,4.5307,4.1202,202350_s_at
7.2096,7.2096,6.6415,202351_at
10.2065,10.2065,10.3296,202352_s_at
6.8417,6.8417,7.7059,202353_s_at
6.6302,6.6302,6.8541,202354_s_at
8.1331,8.1331,8.7422,202355_s_at
8.2772,8.2772,9.0273,202356_s_at
4.1205,4.1205,5.0874,202357_s_at
4.7782,4.7782,5.1553,202358_s_at
6.5998,6.5998,6.0839,202359_s_at
8.8013,8.8013,8.6071,202360_at
5.5997,5.5997,4.5469,202363_at
10.1409,10.1409,8.6434,202364_at
7.7555,7.7555,7.5505,202367_at
12.5652,12.5652,13.5922,202370_s_at
7.8058,7.8058,7.3836,202372_at
8.9347,8.9347,9.0628,202373_s_at
6.9159,6.9159,6.8423,202374_s_at
6.2867,6.2867,5.2762,202375_at
4.6433,4.6433,4.6613,202376_at
8.9788,8.9788,8.0655,202377_at
9.6905,9.6905,8.5842,202378_s_at
11.8816,11.8816,11.432,202379_s_at
9.4185,9.4185,8.8982,202380_s_at
6.7184,6.7184,7.0621,202381_at
7.1562,7.1562,7.2754,202383_at
7.0514,7.0514,7.4004,202384_s_at
6.5242,6.5242,7.0337,202385_s_at
9.7081,9.7081,9.6184,202386_s_at
10.4618,10.4618,11.0591,202387_at
8.2652,8.2652,8.831,202389_s_at
7.1498,7.1498,7.3344,202390_s_at
6.7085,6.7085,6.6967,202392_s_at
12.1047,12.1047,8.8025,202393_s_at
7.8137,7.8137,8.5021,202395_at
9.0717,9.0717,8.7772,202397_at
4.9586,4.9586,5.6539,202398_at
8.286,8.286,8.8666,202399_s_at
4.1205,4.1205,4.421,202400_s_at
7.3535,7.3535,6.5218,202402_s_at
5.7684,5.7684,5.5744,202403_s_at
4.1206,4.1206,5.2948,202404_s_at
7.7559,7.7559,6.7534,202405_at
11.3222,11.3222,11.2372,202406_s_at
6.878,6.878,7.1077,202407_s_at
4.3691,4.3691,5.0758,202409_at
4.1206,4.1206,4.1202,202410_x_at
4.9936,4.9936,5.0484,202411_at
9.9373,9.9373,10.3515,202412_s_at
7.5376,7.5376,7.8632,202415_s_at
8.914,8.914,8.4391,202416_at
7.8995,7.8995,8.0124,202418_at
8.2999,8.2999,7.9896,202419_at
12.375,12.375,12.375,202420_s_at
5.0379,5.0379,6.3279,202421_at
5.0844,5.0844,4.9319,202422_s_at
10.4816,10.4816,9.8989,202424_at
9.9883,9.9883,9.395,202425_x_at
4.9859,4.9859,4.1203,202426_s_at
11.5254,11.5254,13.0671,202428_x_at
6.913,6.913,5.3232,202430_s_at
9.3421,9.3421,8.1637,202432_at
4.1207,4.1207,4.7795,202434_s_at
5.049,5.049,5.3416,202435_s_at
5.573,5.573,6.0334,202436_s_at
4.3083,4.3083,4.6872,202437_s_at
5.009,5.009,4.3504,202438_x_at
6.733,6.733,6.2534,202439_s_at
5.7848,5.7848,6.3757,202440_s_at
11.5811,11.5811,10.8997,202442_at
8.0565,8.0565,7.5987,202443_x_at
5.843,5.843,6.5359,202444_s_at
5.8607,5.8607,5.495,202445_s_at
5.7836,5.7836,6.7766,202448_s_at
7.0638,7.0638,6.077,202449_s_at
7.4832,7.4832,8.0337,202450_s_at
6.4506,6.4506,6.5474,202451_at
6.6688,6.6688,6.8793,202453_s_at
8.7204,8.7204,8.5554,202455_at
4.4297,4.4297,4.5897,202456_s_at
9.3457,9.3457,8.2744,202457_s_at
7.674,7.674,8.1269,202459_s_at
7.6403,7.6403,7.4861,202460_s_at
8.7094,8.7094,9.1554,202461_at
9.7632,9.7632,9.8259,202462_s_at
7.5777,7.5777,7.3292,202463_s_at
9.7867,9.7867,11.0031,202464_s_at
4.5957,4.5957,4.953,202465_at
12.681,12.681,12.0131,202467_s_at
11.0478,11.0478,11.4398,202469_s_at
7.13,7.13,7.8987,202470_s_at
9.8232,9.8232,9.643,202471_s_at
6.4036,6.4036,6.4946,202472_at
4.6751,4.6751,5.3663,202473_x_at
9.1281,9.1281,9.304,202474_s_at
9.6595,9.6595,9.6503,202475_at
5.304,5.304,6.4168,202476_s_at
8.662,8.662,8.6524,202477_s_at
5.4878,5.4878,7.9353,202478_at
5.2435,5.2435,7.4037,202479_s_at
5.9418,5.9418,6.1831,202480_s_at
4.9133,4.9133,4.3086,202481_at
6.5826,6.5826,5.73,202482_x_at
10.8848,10.8848,12.5387,202483_s_at
10.4077,10.4077,10.4816,202484_s_at
5.4513,5.4513,6.0734,202485_s_at
12.129,12.129,13.9166,202487_s_at
7.253,7.253,7.5641,202488_s_at
5.2454,5.2454,5.3592,202490_at
7.9015,7.9015,8.0419,202492_at
5.5144,5.5144,4.7236,202493_x_at
9.3386,9.3386,8.7672,202495_at
9.2241,9.2241,9.162,202496_at
4.5918,4.5918,5.3077,202497_x_at
4.9882,4.9882,4.5202,202498_s_at
6.2065,6.2065,6.7621,202499_s_at
10.7184,10.7184,10.6611,202501_at
8.8724,8.8724,8.9581,202502_at
13.4809,13.4809,14.2351,202503_s_at
5.858,5.858,4.7915,202504_at
10.3492,10.3492,11.6021,202505_at
8.3585,8.3585,8.0681,202506_at
4.1208,4.1208,4.9674,202508_s_at
5.5324,5.5324,5.9992,202509_s_at
6.7487,6.7487,7.3521,202510_s_at
8.7291,8.7291,9.4001,202511_s_at
6.1552,6.1552,6.4274,202512_s_at
6.9473,6.9473,7.0087,202514_at
10.3446,10.3446,9.527,202515_at
4.7362,4.7362,5.153,202516_s_at
7.641,7.641,6.6744,202517_at
13.5922,13.5922,11.0125,202519_at
10.0068,10.0068,10.5758,202520_s_at
10.0078,10.0078,10.5912,202522_at
6.3783,6.3783,6.9079,202523_s_at
7.5765,7.5765,8.0928,202524_s_at
4.9405,4.9405,4.9146,202525_at
6.285,6.285,5.7771,202526_at
7.5927,7.5927,7.1047,202527_s_at
8.0024,8.0024,7.9291,202529_at
9.8595,9.8595,9.1945,202530_at
9.523,9.523,8.7275,202531_at
9.0572,9.0572,9.7014,202532_s_at
6.5772,6.5772,7.11,202533_s_at
10.4999,10.4999,11.0607,202534_x_at
8.8064,8.8064,8.5153,202536_at
8.4406,8.4406,8.4117,202537_s_at
7.7433,7.7433,8.2722,202538_s_at
6.5459,6.5459,7.2175,202539_s_at
8.2154,8.2154,7.6639,202541_at
10.4449,10.4449,9.5061,202542_s_at
7.2008,7.2008,6.9886,202543_s_at
10.5148,10.5148,10.2768,202544_at
7.7242,7.7242,7.3102,202547_s_at
11.3857,11.3857,10.7005,202548_s_at
4.1208,4.1208,4.2615,202549_at
7.4795,7.4795,6.6155,202551_s_at
6.71,6.71,6.0396,202552_s_at
5.7811,5.7811,6.2031,202554_s_at
7.7642,7.7642,8.7851,202556_s_at
7.1538,7.1538,7.5859,202557_at
7.8462,7.8462,7.7312,202558_s_at
8.4891,8.4891,8.7483,202559_x_at
10.484,10.484,8.9467,202560_s_at
7.0901,7.0901,7.1864,202561_at
7.2436,7.2436,7.1991,202562_s_at
5.1333,5.1333,5.021,202563_at
6.8698,6.8698,7.8737,202564_x_at
6.7643,6.7643,6.2901,202565_s_at
5.1335,5.1335,5.2644,202566_s_at
11.9033,11.9033,12.3658,202567_at
8.1481,8.1481,8.2,202568_s_at
6.8122,6.8122,6.6607,202569_s_at
5.7046,5.7046,5.0239,202570_s_at
5.2648,5.2648,5.1085,202571_s_at
6.2429,6.2429,6.2629,202572_s_at
11.6277,11.6277,10.0792,202573_at
8.0124,8.0124,7.752,202574_s_at
8.7406,8.7406,9.3337,202576_s_at
8.5153,8.5153,8.3338,202577_s_at
5.4624,5.4624,6.5868,202578_s_at
9.1819,9.1819,9.2712,202579_x_at
10.2723,10.2723,10.4268,202580_x_at
6.4532,6.4532,6.5398,202581_at
12.6707,12.6707,12.0055,202582_s_at
8.239,8.239,7.89,202584_at
6.2887,6.2887,6.3393,202585_s_at
4.3719,4.3719,5.7111,202586_at
8.4609,8.4609,6.8519,202587_s_at
6.7029,6.7029,5.2486,202588_at
14.6792,14.6792,14.8112,202589_at
6.431,6.431,6.6317,202590_s_at
11.3408,11.3408,11.9625,202591_s_at
8.4436,8.4436,9.5951,202592_at
6.332,6.332,6.6889,202593_s_at
7.4652,7.4652,7.7028,202594_at
8.3474,8.3474,8.8252,202595_s_at
12.9295,12.9295,12.2428,202596_at
5.3494,5.3494,5.7339,202597_at
12.5486,12.5486,9.3994,202600_s_at
6.0045,6.0045,6.1742,202601_s_at
10.6786,10.6786,9.6553,202603_at
12.2742,12.2742,12.6019,202605_at
9.7458,9.7458,8.6823,202606_s_at
4.5661,4.5661,4.3294,202608_s_at
5.2326,5.2326,5.4205,202609_at
6.5928,6.5928,7.003,202610_s_at
7.9602,7.9602,7.4708,202611_s_at
4.1209,4.1209,4.607,202612_s_at
9.1055,9.1055,9.516,202613_at
8.3403,8.3403,8.1726,202614_at
10.0521,10.0521,7.8681,202615_at
5.8044,5.8044,4.4321,202616_s_at
5.8816,5.8816,6.035,202617_s_at
7.333,7.333,7.3936,202618_s_at
5.6042,5.6042,5.9519,202619_s_at
5.3159,5.3159,4.5887,202620_s_at
8.2592,8.2592,8.5318,202621_at
6.9441,6.9441,6.545,202622_s_at
6.3751,6.3751,10.5732,202625_at
4.6172,4.6172,4.5435,202628_s_at
8.4386,8.4386,7.3943,202629_at
6.5617,6.5617,5.3501,202631_s_at
8.5973,8.5973,9.3557,202632_at
7.3299,7.3299,8.3852,202634_at
11.2818,11.2818,10.055,202636_at
4.3318,4.3318,5.4655,202638_s_at
7.2817,7.2817,6.905,202639_s_at
6.8563,6.8563,7.1671,202640_s_at
7.2175,7.2175,7.9557,202641_at
9.263,9.263,9.4282,202642_s_at
10.0772,10.0772,8.0746,202643_s_at
12.5127,12.5127,10.5248,202644_s_at
7.9989,7.9989,8.0616,202645_s_at
11.4477,11.4477,10.7699,202646_s_at
6.3584,6.3584,6.781,202648_at
14.9027,14.9027,14.8966,202649_x_at
8.1217,8.1217,7.0831,202650_s_at
5.0823,5.0823,6.2368,202652_at
9.1945,9.1945,8.0483,202653_s_at
7.5821,7.5821,6.7888,202654_x_at
10.2846,10.2846,10.3667,202656_s_at
9.4763,9.4763,9.8009,202657_s_at
6.4159,6.4159,6.4833,202660_at
4.1209,4.1209,5.4337,202661_at
6.0961,6.0961,7.2608,202662_s_at
6.9801,6.9801,6.9137,202663_at
8.1239,8.1239,7.7226,202664_at
6.8755,6.8755,7.7744,202665_s_at
6.5293,6.5293,7.0306,202666_s_at
7.1454,7.1454,6.8873,202667_s_at
5.1303,5.1303,6.4215,202668_at
5.6039,5.6039,5.0816,202669_s_at
9.757,9.757,11.1402,202670_at
6.3288,6.3288,8.2875,202671_s_at
4.6773,4.6773,4.1203,202674_s_at
6.6473,6.6473,5.2316,202676_x_at
9.6208,9.6208,10.1233,202681_at
10.9826,10.9826,9.9092,202682_s_at
7.8495,7.8495,7.4299,202684_s_at
4.121,4.121,5.1538,202685_s_at
4.9191,4.9191,5.05,202686_s_at
5.8176,5.8176,6.658,202687_s_at
6.3071,6.3071,6.1736,202688_at
11.1202,11.1202,11.5937,202690_s_at
7.0794,7.0794,7.0554,202692_s_at
8.8258,8.8258,8.4609,202693_s_at
4.6875,4.6875,5.1263,202694_at
6.3097,6.3097,5.8029,202695_s_at
10.3458,10.3458,11.3148,202697_at
14.4296,14.4296,14.391,202698_x_at
6.5684,6.5684,5.637,202699_s_at
5.9782,5.9782,4.7904,202700_s_at
6.707,6.707,5.7109,202701_at
8.6899,8.6899,9.2471,202702_at
8.1093,8.1093,7.9278,202704_at
6.7719,6.7719,6.8077,202706_s_at
6.0155,6.0155,5.5078,202707_at
6.1347,6.1347,6.2626,202709_at
6.4568,6.4568,6.8582,202710_at
5.2237,5.2237,4.2616,202711_at
5.2175,5.2175,5.0991,202712_s_at
9.1404,9.1404,8.4535,202713_s_at
6.016,6.016,6.242,202714_s_at
8.4525,8.4525,8.6024,202715_at
7.1117,7.1117,7.8054,202719_s_at
7.1346,7.1346,7.165,202721_s_at
12.5818,12.5818,11.7689,202723_s_at
10.2359,10.2359,9.1087,202724_s_at
8.2303,8.2303,8.1252,202725_at
4.2991,4.2991,4.1204,202728_s_at
5.5925,5.5925,6.3742,202729_s_at
7.2158,7.2158,6.5799,202730_s_at
7.5164,7.5164,7.6278,202731_at
8.9563,8.9563,8.9017,202736_s_at
11.5417,11.5417,11.6489,202737_s_at
8.2404,8.2404,7.9682,202739_s_at
6.9085,6.9085,7.6059,202740_at
10.2656,10.2656,9.8695,202741_at
6.9919,6.9919,7.1664,202742_s_at
4.1211,4.1211,4.1205,202744_at
7.9516,7.9516,8.3211,202745_at
6.473,6.473,6.3933,202746_at
6.5,6.5,5.9906,202747_s_at
5.9713,5.9713,6.0074,202748_at
10.3527,10.3527,9.6654,202750_s_at
7.0544,7.0544,6.0472,202751_at
4.917,4.917,4.9245,202752_x_at
12.102,12.102,12.7741,202753_at
9.5184,9.5184,9.1017,202754_at
4.1211,4.1211,4.1205,202755_s_at
9.2712,9.2712,8.835,202757_at
8.4515,8.4515,8.3385,202758_s_at
9.4192,9.4192,8.0759,202759_s_at
9.8641,9.8641,8.0243,202760_s_at
6.986,6.986,6.2958,202762_at
6.8486,6.8486,6.692,202764_at
4.3871,4.3871,4.2665,202765_s_at
4.9366,4.9366,5.5227,202766_s_at
7.1107,7.1107,7.6025,202768_at
10.944,10.944,10.8216,202769_at
8.3004,8.3004,8.4678,202770_s_at
9.0902,9.0902,5.8592,202771_at
7.9109,7.9109,7.8229,202773_s_at
9.1679,9.1679,9.4922,202774_s_at
8.9965,8.9965,8.4727,202775_s_at
10.2513,10.2513,10.6239,202777_at
9.7381,9.7381,10.5198,202779_s_at
7.9569,7.9569,8.6872,202781_s_at
9.1752,9.1752,10.0863,202782_s_at
9.2596,9.2596,9.3935,202783_at
8.2828,8.2828,8.5687,202786_at
6.7411,6.7411,6.7386,202787_s_at
8.1212,8.1212,6.6772,202789_at
6.0144,6.0144,4.1206,202790_at
6.3323,6.3323,5.8181,202791_s_at
6.2009,6.2009,6.1905,202792_s_at
5.9734,5.9734,5.8451,202793_at
8.4347,8.4347,8.368,202795_x_at
5.6856,5.6856,6.3564,202796_at
9.147,9.147,8.8064,202799_at
8.5415,8.5415,9.9167,2028_s_at
4.4546,4.4546,5.1691,202800_at
8.5056,8.5056,8.1313,202802_at
6.8255,6.8255,7.536,202803_s_at
8.96,8.96,8.1076,202804_at
6.1283,6.1283,5.9185,202805_s_at
9.4785,9.4785,9.3358,202806_at
5.6963,5.6963,5.4537,202807_s_at
7.2178,7.2178,7.1103,202808_at
7.2699,7.2699,7.2998,202814_s_at
6.9805,6.9805,7.2782,202815_s_at
5.4125,5.4125,4.8324,202816_s_at
6.0516,6.0516,6.5871,202817_s_at
8.8539,8.8539,8.9359,202818_s_at
9.3237,9.3237,8.9685,202819_s_at
7.2402,7.2402,5.9274,202820_at
6.5635,6.5635,5.3152,202821_s_at
8.541,8.541,7.9311,202822_at
7.114,7.114,7.0758,202823_at
11.4496,11.4496,11.2109,202824_s_at
4.6106,4.6106,5.094,202826_at
4.3173,4.3173,4.5501,202827_s_at
4.2931,4.2931,4.2544,202828_s_at
6.2176,6.2176,4.7728,202831_at
8.4996,8.4996,8.4732,202832_at
4.1212,4.1212,5.5249,202833_s_at
5.7669,5.7669,6.4277,202834_at
5.4399,5.4399,6.4236,202835_at
10.9889,10.9889,11.8864,202836_s_at
6.621,6.621,5.7413,202837_at
6.6149,6.6149,8.3268,202838_at
8.3982,8.3982,8.0767,202839_s_at
8.4259,8.4259,7.7677,202840_at
8.0988,8.0988,7.6682,202841_x_at
9.6128,9.6128,9.1653,202842_s_at
6.6963,6.6963,6.0104,202843_at
8.6418,8.6418,7.0103,202844_s_at
7.8249,7.8249,7.7783,202845_s_at
8.1076,8.1076,8.8748,202846_s_at
6.6933,6.6933,7.442,202848_s_at
6.7522,6.7522,8.0755,202849_x_at
4.5415,4.5415,4.7715,202851_at
6.9008,6.9008,7.7899,202852_s_at
5,5,4.6253,202855_s_at
5.9222,5.9222,5.2646,202856_s_at
9.1712,9.1712,9.2133,202857_at
12.1507,12.1507,12.039,202858_at
4.8576,4.8576,4.9577,202859_x_at
9.0261,9.0261,9.0635,202860_at
9.8072,9.8072,7.9888,202861_at
9.11,9.11,9.503,202863_at
9.8448,9.8448,9.998,202864_s_at
5.785,5.785,5.3281,202865_at
8.3551,8.3551,8.2929,202867_s_at
5.86,5.86,5.2201,202869_at
7.6414,7.6414,7.4912,202871_at
5.3587,5.3587,5.2334,202872_at
5.044,5.044,5.6834,202873_at
6.1803,6.1803,5.9758,202874_s_at
6.4648,6.4648,6.0077,202875_s_at
8.6254,8.6254,6.7903,202876_s_at
5.0224,5.0224,5.9726,202877_s_at
5.7327,5.7327,5.4993,202878_s_at
5.7307,5.7307,6.2341,202879_s_at
4.5814,4.5814,4.1206,202881_x_at
11.8267,11.8267,11.4184,202882_x_at
9.3146,9.3146,9.816,202883_s_at
6.6868,6.6868,6.9619,202884_s_at
5.1619,5.1619,4.414,202885_s_at
5.9114,5.9114,6.3795,202886_s_at
5.1776,5.1776,4.8465,202888_s_at
5.3663,5.3663,4.1207,202890_at
8.1942,8.1942,9.0914,202892_at
5.2207,5.2207,4.5331,202895_s_at
6.2392,6.2392,6.2812,202896_s_at
4.7394,4.7394,5.0547,202897_at
4.5719,4.5719,4.3648,202898_at
11.8888,11.8888,13.5109,202899_s_at
5.8894,5.8894,5.3044,202901_x_at
7.2161,7.2161,7.8034,202902_s_at
7.0784,7.0784,6.6234,202903_at
6.2096,6.2096,6.7396,202904_s_at
8.7527,8.7527,8.2317,202905_x_at
8.026,8.026,7.7133,202906_s_at
8.5677,8.5677,8.3502,202907_s_at
9.5615,9.5615,8.1892,202909_at
7.5279,7.5279,7.682,202912_at
5.3264,5.3264,5.9524,202913_at
4.4421,4.4421,5.9222,202914_s_at
6.8154,6.8154,6.5489,202915_s_at
4.8404,4.8404,4.9623,202917_s_at
8.4391,8.4391,8.7329,202918_s_at
11.7214,11.7214,11.4223,202919_at
4.6166,4.6166,4.3165,202920_at
5.6728,5.6728,5.481,202921_s_at
7.9803,7.9803,7.7421,202922_at
6.8496,6.8496,7.5524,202923_s_at
7.584,7.584,7.2671,202924_s_at
8.7638,8.7638,8.1561,202926_at
7.183,7.183,7.244,202928_s_at
8.2064,8.2064,8.5822,202929_s_at
9.2383,9.2383,8.2177,202931_x_at
6.9958,6.9958,5.2248,202932_at
7.6175,7.6175,5.1617,202933_s_at
7.1667,7.1667,8.1851,202934_at
4.8151,4.8151,5.0804,202935_s_at
4.1213,4.1213,5.0605,202936_s_at
8.3126,8.3126,8.8287,202937_x_at
6.7249,6.7249,6.6041,202938_x_at
5.7366,5.7366,5.8148,202940_at
9.9834,9.9834,10.1938,202941_at
6.8271,6.8271,7.1074,202943_s_at
5.3453,5.3453,5.9718,202944_at
10.1894,10.1894,8.6599,202947_s_at
4.944,4.944,4.877,202948_at
10.6371,10.6371,9.218,202951_at
4.5482,4.5482,4.1208,202952_s_at
4.1213,4.1213,5.1935,202953_at
7.5003,7.5003,7.1485,202955_s_at
9.2851,9.2851,8.4431,202956_at
10.5048,10.5048,11.2584,202957_at
6.3901,6.3901,7.1654,202958_at
6.9325,6.9325,6.5326,202959_at
7.2575,7.2575,7.3165,202960_s_at
8.0285,8.0285,8.3075,202962_at
7.7914,7.7914,8.0362,202964_s_at
4.1214,4.1214,4.1208,202965_s_at
4.5973,4.5973,4.2925,202966_at
6.775,6.775,7.2038,202967_at
10.428,10.428,7.9316,202968_s_at
11.6991,11.6991,9.5742,202969_at
7.1991,7.1991,6.5251,202970_at
9.9083,9.9083,8.67,202971_s_at
6.5302,6.5302,5.5004,202972_s_at
7.345,7.345,6.2371,202973_x_at
10.8892,10.8892,9.7415,202974_at
6.0715,6.0715,6.696,202975_s_at
4.8344,4.8344,5.5475,202976_s_at
4.3205,4.3205,4.1209,202977_s_at
8.1283,8.1283,7.8418,202978_s_at
7.5212,7.5212,6.9749,202979_s_at
7.7449,7.7449,7.0475,202980_s_at
11.4891,11.4891,11.1471,202981_x_at
8.5574,8.5574,8.9011,202982_s_at
8.5107,8.5107,9.4612,202983_at
7.3765,7.3765,7.4141,202984_s_at
10.0224,10.0224,10.9764,202985_s_at
5.5388,5.5388,5.2751,202987_at
5.8024,5.8024,9.9883,202988_s_at
4.1215,4.1215,4.1209,202989_at
7.3681,7.3681,6.6191,202991_at
4.4196,4.4196,4.121,202992_at
7.6495,7.6495,7.7665,202993_at
4.3156,4.3156,4.4527,202994_s_at
5.3742,5.3742,4.9653,202995_s_at
4.1215,4.1215,4.1211,202997_s_at
5.7921,5.7921,5.982,202998_s_at
4.9681,4.9681,4.3013,202999_s_at
4.1216,4.1216,4.9321,203000_at
4.3654,4.3654,4.8239,203001_s_at
5.2148,5.2148,4.1211,203002_at
7.9176,7.9176,7.4206,203003_at
6.5435,6.5435,6.6011,203004_s_at
5.3125,5.3125,4.3685,203005_at
7.8366,7.8366,7.1737,203006_at
4.9213,4.9213,4.4712,203009_at
9.6322,9.6322,8.1842,203010_at
8.2916,8.2916,9.6687,203011_at
14.969,14.969,14.8991,203012_x_at
8.7379,8.7379,8.8235,203014_x_at
6.8461,6.8461,7.5509,203015_s_at
7.0485,7.0485,7.5168,203016_s_at
6.6464,6.6464,7.6452,203017_s_at
5.3114,5.3114,5.3268,203018_s_at
5.6548,5.6548,5.6467,203019_x_at
8.3632,8.3632,7.4202,203020_at
5.7704,5.7704,6.3418,203021_at
8.7455,8.7455,9.1125,203022_at
6.5762,6.5762,6.5404,203023_at
8.4881,8.4881,7.9437,203024_s_at
9.4793,9.4793,9.5238,203025_at
5.164,5.164,4.1212,203027_s_at
10.3503,10.3503,10.8683,203028_s_at
5.4707,5.4707,5.5746,203029_s_at
4.1216,4.1216,4.1213,203030_s_at
7.721,7.721,7.9686,203031_s_at
4.7066,4.7066,4.4789,203032_s_at
9.4274,9.4274,11.0526,203033_x_at
14.849,14.849,14.8356,203034_s_at
7.8599,7.8599,7.057,203035_s_at
5.61,5.61,7.9606,203036_s_at
6.3874,6.3874,7.5645,203037_s_at
8.3766,8.3766,9.039,203039_s_at
7.5138,7.5138,8.3004,203040_s_at
7.4166,7.4166,7.4148,203041_s_at
6.545,6.545,6.142,203042_at
8.3282,8.3282,7.7406,203043_at
9.587,9.587,9.2282,203044_at
8.4284,8.4284,11.1658,203045_at
8.1632,8.1632,7.913,203048_s_at
7.2237,7.2237,6.7753,203049_s_at
7.8237,7.8237,7.7638,203051_at
5.4868,5.4868,5.5767,203052_at
10.7728,10.7728,11.4496,203053_at
8.4176,8.4176,8.0474,203055_s_at
9.0087,9.0087,8.8019,203056_s_at
12.7488,12.7488,12.8074,203057_s_at
5.3253,5.3253,4.9912,203058_s_at
4.475,4.475,4.5239,203060_s_at
7.034,7.034,6.8334,203061_s_at
9.4009,9.4009,8.7924,203062_s_at
10.1028,10.1028,7.6686,203063_at
9.1793,9.1793,9.9046,203064_s_at
6.5853,6.5853,5.1715,203065_s_at
10.2044,10.2044,8.2145,203066_at
7.1064,7.1064,4.4291,203069_at
4.3045,4.3045,4.4854,203070_at
5.2974,5.2974,5.4824,203072_at
6.2281,6.2281,6.9564,203074_at
9.4075,9.4075,9.5403,203075_at
8.0535,8.0535,8.9776,203076_s_at
6.6979,6.6979,6.7119,203077_s_at
5.839,5.839,5.3962,203078_at
7.0754,7.0754,7.3005,203079_s_at
8.4294,8.4294,7.6323,203081_at
9.5481,9.5481,9.9766,203082_at
4.1217,4.1217,4.823,203083_at
5.073,5.073,4.6892,203084_at
5.9516,5.9516,5.8975,203085_s_at
6.1627,6.1627,6.3198,203086_at
8.4966,8.4966,8.7269,203087_s_at
5.3325,5.3325,4.3033,203088_at
8.618,8.618,8.9449,203089_s_at
7.4303,7.4303,7.9619,203090_at
8.2616,8.2616,8.49,203091_at
8.7644,8.7644,8.2865,203092_at
7.1803,7.1803,7.4026,203093_s_at
8.7472,8.7472,9.5379,203095_at
9.8152,9.8152,7.8297,203096_s_at
12.1643,12.1643,8.7985,203097_s_at
7.8786,7.8786,7.363,203098_at
8.8194,8.8194,8.6407,203099_s_at
6.0949,6.0949,4.9148,203100_s_at
4.1218,4.1218,4.3331,203101_s_at
6.4794,6.4794,7.1956,203102_s_at
9.085,9.085,10.2623,203103_s_at
5.7973,5.7973,5.4064,203104_at
5.2502,5.2502,4.9258,203106_s_at
14.9162,14.9162,14.9297,203107_x_at
4.3,4.3,4.1213,203108_at
6.9629,6.9629,7.2938,203109_at
5.7911,5.7911,5.2229,203111_s_at
7.8823,7.8823,7.7418,203112_s_at
14.5651,14.5651,14.6281,203113_s_at
7.6093,7.6093,7.8285,203114_at
5.5501,5.5501,5.7007,203115_at
7.2649,7.2649,7.9602,203116_s_at
7.6905,7.6905,8.5978,203118_at
7.4974,7.4974,7.2384,203122_at
6.2946,6.2946,6.5946,203125_x_at
5.5983,5.5983,6.193,203128_at
4.1218,4.1218,4.4458,203129_s_at
4.1219,4.1219,4.1214,203131_at
4.9927,4.9927,4.4162,203134_at
10.6557,10.6557,8.9673,203136_at
13.3178,13.3178,12.6567,203137_at
6.2383,6.2383,6.0958,203139_at
8.1274,8.1274,10.1182,203140_at
5.5771,5.5771,5.0719,203141_s_at
8.2086,8.2086,8.6097,203142_s_at
8.6107,8.6107,5.8964,203143_s_at
6.6516,6.6516,5.8176,203144_s_at
8.3618,8.3618,8.7566,203145_at
8.0901,8.0901,7.3071,203146_s_at
7.2626,7.2626,7.0724,203147_s_at
6.8637,6.8637,6.7358,203148_s_at
7.1994,7.1994,7.0442,203149_at
7.196,7.196,7.4532,203150_at
6.6001,6.6001,6.6914,203151_at
8.7019,8.7019,8.6743,203152_at
4.1219,4.1219,4.1215,203153_at
7.2398,7.2398,7.0011,203156_at
6.1973,6.1973,6.4506,203157_s_at
4.8607,4.8607,5.0876,203158_s_at
7.4213,7.4213,7.5268,203159_at
7.797,7.797,7.8193,203160_s_at
4.122,4.122,4.1215,203161_s_at
9.4914,9.4914,9.7913,203162_s_at
7.3659,7.3659,7.4385,203163_at
7.3619,7.3619,6.7553,203164_at
4.6676,4.6676,4.6144,203165_s_at
9.8143,9.8143,9.6144,203166_at
7.6586,7.6586,8.1481,203168_at
7.7468,7.7468,7.2223,203169_at
6.1905,6.1905,5.2463,203170_at
4.5292,4.5292,4.3863,203172_at
7.297,7.297,7.2959,203173_s_at
7.1898,7.1898,6.8675,203174_s_at
10.0342,10.0342,10.7544,203175_at
8.4098,8.4098,8.2509,203176_s_at
8.3413,8.3413,8.4079,203177_x_at
4.6697,4.6697,5.2959,203178_at
7.7508,7.7508,7.4649,203179_at
4.122,4.122,4.4024,203180_at
8.6948,8.6948,8.8917,203181_x_at
7.559,7.559,8.0565,203182_s_at
6.9752,6.9752,7.7079,203183_s_at
5.2719,5.2719,4.5352,203184_at
11.0788,11.0788,9.8823,203185_at
7.0611,7.0611,5.681,203187_at
7.6713,7.6713,7.4525,203189_s_at
9.4319,9.4319,8.6165,203190_at
4.1221,4.1221,4.1216,203191_at
5.4202,5.4202,5.0562,203193_at
6.3268,6.3268,6.5958,203194_s_at
7.3947,7.3947,7.9358,203195_s_at
5.7681,5.7681,6.238,203196_at
8.5816,8.5816,8.8642,203197_s_at
8.8707,8.8707,7.5564,203198_at
7.1367,7.1367,6.715,203199_s_at
8.3708,8.3708,8.3023,203200_s_at
8.734,8.734,8.5508,203202_at
7.9951,7.9951,8.123,203203_s_at
6.7361,6.7361,6.9408,203204_s_at
7.0373,7.0373,7.3656,203205_at
9.721,9.721,8.8407,203206_at
6.1445,6.1445,6.629,203207_s_at
7.0438,7.0438,8.095,203210_s_at
6.9782,6.9782,7.6274,203211_s_at
7.2998,7.2998,8.1964,203212_s_at
7.8422,7.8422,8.9588,203214_x_at
4.1222,4.1222,4.1216,203215_s_at
4.1222,4.1222,4.1217,203216_s_at
9.3629,9.3629,9.5766,203219_s_at
5.7369,5.7369,6.3889,203220_s_at
6.9677,6.9677,6.5802,203222_s_at
8.6959,8.6959,8.1129,203224_at
6.9066,6.9066,7.5142,203225_s_at
6.5638,6.5638,6.4748,203226_s_at
6.8249,6.8249,5.9203,203227_s_at
10.0935,10.0935,9.2534,203229_s_at
6.9952,6.9952,6.9438,203230_at
4.1223,4.1223,4.7098,203231_s_at
4.1223,4.1223,5.651,203234_at
7.4645,7.4645,8.5071,203235_at
8.7772,8.7772,8.9788,203236_s_at
4.4172,4.4172,4.7876,203237_s_at
5.1744,5.1744,5.3989,203238_s_at
6.182,6.182,6.3037,203239_s_at
4.3766,4.3766,4.3295,203240_at
4.8035,4.8035,5.4018,203242_s_at
4.4488,4.4488,5.2426,203243_s_at
7.2893,7.2893,8.0044,203244_at
6.5338,6.5338,6.7085,203245_s_at
8.7351,8.7351,9.7779,203247_s_at
5.9538,5.9538,7.059,203248_at
7.5479,7.5479,6.3777,203249_at
6.7427,6.7427,6.7565,203252_at
8.4781,8.4781,7.6191,203253_s_at
6.3134,6.3134,7.134,203254_s_at
9.3987,9.3987,8.5811,203255_at
7.1772,7.1772,7.2063,203257_s_at
9.6055,9.6055,10.9951,203259_s_at
5.9169,5.9169,6.2787,203260_at
7.8093,7.8093,7.6051,203262_s_at
5.1538,5.1538,6.473,203263_s_at
6.2127,6.2127,5.9247,203264_s_at
5.8031,5.8031,7.2353,203265_s_at
7.2564,7.2564,7.0081,203267_s_at
7.6365,7.6365,7.1711,203268_s_at
8.7078,8.7078,8.4103,203269_at
8.3094,8.3094,9.0978,203270_at
6.5889,6.5889,6.5317,203271_s_at
5.4855,5.4855,6.7249,203272_s_at
6.849,6.849,7.4963,203273_s_at
10.3365,10.3365,9.966,203274_at
5.7474,5.7474,6.1809,203275_at
7.9391,7.9391,8.3637,203276_at
8.5661,8.5661,7.8422,203278_s_at
6.2543,6.2543,6.8586,203280_at
10.691,10.691,8.4074,203281_s_at
9.4416,9.4416,9.5655,203282_at
6.1372,6.1372,6.3686,203283_s_at
7.8386,7.8386,7.8313,203284_s_at
10.8625,10.8625,9.3651,203286_at
6.1339,6.1339,6.0737,203287_at
5.0865,5.0865,4.8803,203289_s_at
5.9607,5.9607,7.4489,203290_at
8.7846,8.7846,9.0322,203292_s_at
5.0698,5.0698,4.5029,203293_s_at
5.1759,5.1759,5.2691,203294_s_at
4.1224,4.1224,5.3363,203295_s_at
4.7468,4.7468,5.0095,203296_s_at
11.8529,11.8529,10.5925,203297_s_at
12.1074,12.1074,10.7614,203298_s_at
6.6185,6.6185,6.7961,203299_s_at
8.5874,8.5874,9.4046,203300_x_at
7.6954,7.6954,5.516,203305_at
7.5197,7.5197,7.8499,203307_at
7.1164,7.1164,7.3688,203308_x_at
6.9227,6.9227,7.3918,203309_s_at
7.282,7.282,6.7343,203310_at
8.3221,8.3221,9.1745,203311_s_at
11.0446,11.0446,11.5519,203312_x_at
9.4252,9.4252,6.9124,203313_s_at
9.1125,9.1125,8.8436,203314_at
13.2809,13.2809,13.088,203316_s_at
7.6096,7.6096,8.1802,203317_at
8.8235,8.8235,8.2781,203318_s_at
7.2093,7.2093,7.1844,203319_s_at
8.6082,8.6082,11.3037,203320_at
10.6692,10.6692,10.5337,203322_at
4.1224,4.1224,4.1218,203324_s_at
10.4937,10.4937,6.2946,203325_s_at
4.5153,4.5153,4.3069,203326_x_at
7.723,7.723,7.8644,203327_at
4.9588,4.9588,4.3538,203329_at
6.9995,6.9995,6.8522,203330_s_at
6.3259,6.3259,5.9263,203331_s_at
10.7827,10.7827,10.7515,203332_s_at
6.1967,6.1967,6.2127,203333_at
7.4708,7.4708,7.5757,203335_at
8.0526,8.0526,7.9171,203337_x_at
6.6522,6.6522,6.1613,203339_at
5.9386,5.9386,5.2337,203340_s_at
9.887,9.887,11.4477,203344_s_at
12.4272,12.4272,10.5951,203345_s_at
8.3973,8.3973,6.7744,203347_s_at
5.3631,5.3631,5.5436,203348_s_at
5.9077,5.9077,6.7042,203349_s_at
8.4215,8.4215,8.542,203350_at
9.3672,9.3672,8.8424,203351_s_at
4.3628,4.3628,4.1218,203352_at
9.0641,9.0641,8.9728,203353_s_at
7.4667,7.4667,5.5229,203354_s_at
8.3517,8.3517,6.6476,203355_s_at
6.8135,6.8135,6.1571,203357_s_at
7.6221,7.6221,7.9196,203359_s_at
6.3587,6.3587,6.7913,203361_s_at
9.5814,9.5814,10.248,203362_s_at
8.153,8.153,8.2027,203363_s_at
7.8511,7.8511,8.3357,203364_s_at
4.4812,4.4812,4.1219,203365_s_at
8.2939,8.2939,7.8664,203366_at
5.3612,5.3612,5.2783,203368_at
4.4814,4.4814,4.5916,203369_x_at
4.5623,4.5623,4.9599,203370_s_at
8.7834,8.7834,10.162,203371_s_at
9.4899,9.4899,5.7114,203372_s_at
7.73,7.73,7.92,203374_s_at
8.7444,8.7444,8.855,203375_s_at
10.1525,10.1525,10.9194,203376_at
7.2639,7.2639,7.9146,203377_s_at
8.2781,8.2781,8.0993,203378_at
13.6339,13.6339,13.4465,203380_x_at
4.1225,4.1225,5.6781,203382_s_at
7.35,7.35,6.666,203383_s_at
6.7088,6.7088,6.3538,203384_s_at
9.0566,9.0566,8.6727,203385_at
7.0511,7.0511,5.8137,203386_at
5.8921,5.8921,5.4515,203387_s_at
8.091,8.091,7.2096,203388_at
6.9876,6.9876,6.5575,203389_at
6.2632,6.2632,6.2978,203390_s_at
7.1586,7.1586,7.5323,203391_at
10.333,10.333,11.0462,203392_s_at
4.3417,4.3417,4.3942,203393_at
5.3544,5.3544,6.2646,203394_s_at
10.5036,10.5036,11.5154,203396_at
6.6367,6.6367,6.4794,203397_s_at
5.6731,5.6731,5.055,203398_s_at
5.2473,5.2473,5.0532,203399_x_at
5.1761,5.1761,4.874,203400_s_at
8.592,8.592,8.4604,203402_at
10.4901,10.4901,9.9487,203403_s_at
5.6169,5.6169,5.2267,203404_at
8.6487,8.6487,9.6862,203406_at
4.4504,4.4504,4.5415,203407_at
8.2032,8.2032,7.7657,203410_at
6.0847,6.0847,6.2807,203411_s_at
7.803,7.803,7.3401,203412_at
6.5883,6.5883,5.1149,203413_at
9.1772,9.1772,10.0273,203414_at
8.6807,8.6807,8.8976,203415_at
12.2285,12.2285,11.1882,203416_at
4.9966,4.9966,5.1023,203417_at
8.0094,8.0094,7.932,203419_at
8.9305,8.9305,8.2799,203420_at
5.2279,5.2279,5.0052,203421_at
9.4342,9.4342,10.2228,203422_at
4.2908,4.2908,4.3712,203424_s_at
4.795,4.795,5.9331,203425_s_at
4.3985,4.3985,6.2666,203426_s_at
6.6029,6.6029,7.1451,203427_at
6.8764,6.8764,7.0455,203428_s_at
9.2858,9.2858,9.1261,203429_s_at
11.2109,11.2109,10.9027,203430_at
7.4385,7.4385,7.9142,203431_s_at
11.3631,11.3631,12.4459,203432_at
7.2038,7.2038,7.5705,203433_at
10.6133,10.6133,9.4126,203434_s_at
11.6298,11.6298,8.9234,203435_s_at
9.2803,9.2803,9.6988,203436_at
8.4896,8.4896,8.0906,203437_at
4.9288,4.9288,4.7954,203438_at
5.3288,5.3288,5.3462,203439_s_at
5.0409,5.0409,4.1219,203440_at
5.4223,5.4223,5.5529,203441_s_at
4.3616,4.3616,4.8302,203443_at
5.147,5.147,5.8744,203444_s_at
11.579,11.579,10.4729,203445_s_at
6.749,6.749,6.4618,203446_s_at
7.4148,7.4148,8.1901,203448_s_at
8.0849,8.0849,7.9926,203449_s_at
5.979,5.979,4.8688,203450_at
7.4008,7.4008,7.0774,203452_at
4.1226,4.1226,4.122,203453_at
7.1589,7.1589,7.1823,203454_s_at
11.5707,11.5707,10.6016,203455_s_at
5.6378,5.6378,5.4216,203457_at
9.643,9.643,10.2044,203459_s_at
7.7203,7.7203,7.6168,203460_s_at
4.9463,4.9463,5.0358,203461_at
12.1699,12.1699,12.065,203462_x_at
4.4033,4.4033,4.122,203463_s_at
7.604,7.604,8.1235,203466_at
7.0531,7.0531,7.3362,203467_at
7.0965,7.0965,6.6283,203468_at
6.3448,6.3448,4.2527,203469_s_at
4.4907,4.4907,4.9713,203470_s_at
6.8678,6.8678,6.6409,203471_s_at
4.1226,4.1226,4.1221,203472_s_at
6.0323,6.0323,6.0242,203473_at
8.6685,8.6685,7.9027,203474_at
4.1227,4.1227,5.8031,203475_at
5.7172,5.7172,5.2871,203476_at
4.1227,4.1227,4.8079,203477_at
8.2167,8.2167,6.9149,203479_s_at
10.2087,10.2087,8.994,203480_s_at
6.3877,6.3877,5.9061,203481_at
6.4853,6.4853,6.8605,203482_at
4.1228,4.1228,4.4842,203483_at
10.0156,10.0156,10.0661,203484_at
4.1228,4.1228,4.1222,203485_at
6.9198,6.9198,7.4547,203486_s_at
7.029,7.029,7.6456,203487_s_at
6.8464,6.8464,6.1176,203488_at
9.4709,9.4709,9.9026,203489_at
6.7122,6.7122,7.8118,203490_at
7.4705,7.4705,7.4701,203491_s_at
8.3305,8.3305,8.9064,203492_x_at
8.2799,8.2799,7.5227,203493_s_at
6.9982,6.9982,6.2637,203495_at
7.7883,7.7883,8.2018,203496_s_at
8.6503,8.6503,8.42,203497_at
4.9249,4.9249,5.0136,203498_at
6.5901,6.5901,7.1259,203500_at
6.6892,6.6892,4.6365,203501_at
7.6225,7.6225,6.6115,203502_at
6.0366,6.0366,5.9684,203503_s_at
8.2249,8.2249,7.9126,203504_s_at
9.9251,9.9251,8.8724,203505_at
7.0255,7.0255,7.058,203506_s_at
5.1377,5.1377,4.4075,203507_at
5.6829,5.6829,4.4398,203508_at
4.1229,4.1229,4.1222,203510_at
7.8527,7.8527,7.6647,203511_s_at
8.8579,8.8579,8.692,203513_at
10.1368,10.1368,8.3752,203514_at
7.9888,7.9888,8.4971,203515_s_at
6.1975,6.1975,6.8701,203516_at
6.5711,6.5711,6.6336,203518_at
9.3906,9.3906,8.5584,203519_s_at
7.8974,7.8974,6.9389,203520_s_at
7.2481,7.2481,6.679,203522_at
6.9935,6.9935,7.5353,203523_at
9.2575,9.2575,9.6071,203524_s_at
7.3673,7.3673,6.8554,203525_s_at
5.7983,5.7983,5.9774,203526_s_at
4.363,4.363,4.7798,203527_s_at
7.254,7.254,8.0196,203528_at
12.2684,12.2684,12.1643,203529_at
10.0925,10.0925,9.757,203531_at
6.0385,6.0385,5.6878,203532_x_at
6.2873,6.2873,5.6883,203533_s_at
8.3599,8.3599,9.2547,203534_at
4.999,4.999,5.534,203535_at
7.03,7.03,7.6074,203536_s_at
8.2217,8.2217,8.8133,203537_at
11.6705,11.6705,11.8362,203538_at
4.1229,4.1229,4.1223,203539_s_at
4.5206,4.5206,5.4351,203540_at
5.1658,5.1658,4.2761,203541_s_at
6.6498,6.6498,7.0498,203542_s_at
5.5716,5.5716,4.8094,203543_s_at
8.7605,8.7605,8.3785,203544_s_at
7.8677,7.8677,8.3546,203545_at
5.1458,5.1458,4.604,203547_at
4.123,4.123,4.3672,203548_s_at
5.3386,5.3386,5.2922,203549_s_at
7.1097,7.1097,7.5991,203550_s_at
6.6078,6.6078,6.0721,203551_s_at
7.9573,7.9573,7.3553,203552_at
6.9772,6.9772,6.8966,203553_s_at
12.2456,12.2456,13.0216,203554_x_at
9.9204,9.9204,9.9261,203556_at
4.8413,4.8413,4.406,203558_at
4.8241,4.8241,4.1223,203559_s_at
8.3675,8.3675,9.3825,203560_at
5.0214,5.0214,4.7597,203561_at
4.1231,4.1231,4.1224,203563_at
9.7466,9.7466,10.1577,203564_at
8.7745,8.7745,8.2417,203567_s_at
9.2782,9.2782,8.1437,203568_s_at
10.2801,10.2801,9.744,203569_s_at
5.0628,5.0628,4.2617,203571_s_at
8.0806,8.0806,8.851,203572_s_at
7.3511,7.3511,6.4853,203577_at
5.4337,5.4337,5.3727,203578_s_at
7.8439,7.8439,6.8182,203579_s_at
8.7862,8.7862,8.0625,203580_s_at
8.1032,8.1032,7.9242,203581_at
5.9836,5.9836,5.9532,203584_at
6.6305,6.6305,6.8344,203585_at
5.8633,5.8633,6.3672,203586_s_at
4.7548,4.7548,4.3178,203587_at
8.3291,8.3291,10.2846,203588_s_at
7.8876,7.8876,9.3724,203589_s_at
8.4332,8.4332,8.7889,203590_at
5.5936,5.5936,4.1224,203591_s_at
5.125,5.125,4.6883,203592_s_at
10.3126,10.3126,8.9618,203593_at
7.4438,7.4438,7.1607,203595_s_at
7.1857,7.1857,5.9093,203597_s_at
6.5931,6.5931,5.5983,203598_s_at
7.9036,7.9036,7.112,203599_s_at
9.5552,9.5552,9.9083,203600_s_at
4.4626,4.4626,4.1225,203601_s_at
8.9449,8.9449,8.8149,203602_s_at
8.2537,8.2537,7.9585,203603_s_at
4.9646,4.9646,5.4225,203604_at
11.6684,11.6684,12.0966,203606_at
6.755,6.755,6.6228,203607_at
8.8378,8.8378,8.452,203608_at
6.5723,6.5723,6.2512,203609_s_at
6.8017,6.8017,6.4594,203610_s_at
8.8401,8.8401,8.1361,203611_at
6.843,6.843,6.7076,203612_at
7.4507,7.4507,7.8876,203614_at
8.9341,8.9341,8.6605,203615_x_at
7.6187,7.6187,8.0171,203617_x_at
6.4024,6.4024,5.5561,203618_at
4.9323,4.9323,4.1226,203619_s_at
7.4378,7.4378,8.1753,203620_s_at
10.059,10.059,10.2326,203621_at
7.4101,7.4101,8.4181,203622_s_at
6.3678,6.3678,6.4751,203623_at
11.4049,11.4049,10.5387,203624_at
9.1938,9.1938,10.2359,203625_x_at
4.3893,4.3893,4.4448,203626_s_at
8.0586,8.0586,6.4898,203628_at
5.675,5.675,5.4729,203629_s_at
5.7238,5.7238,6.2343,203631_s_at
5.239,5.239,4.1226,203632_s_at
9.9737,9.9737,9.4009,203633_at
7.033,7.033,6.4871,203634_s_at
6.5575,6.5575,7.4177,203635_at
4.4562,4.4562,4.7473,203636_at
4.5368,4.5368,4.9702,203637_s_at
4.1231,4.1231,4.2553,203638_s_at
5.2775,5.2775,5.9187,203641_s_at
5.2209,5.2209,5.2764,203642_s_at
6.2432,6.2432,5.0818,203643_at
7.7179,7.7179,7.7327,203644_s_at
4.1232,4.1232,5.3296,203645_s_at
10.4232,10.4232,11.4438,203647_s_at
4.5789,4.5789,5.8871,203649_s_at
4.7182,4.7182,4.8413,203650_at
7.4363,7.4363,5.188,203651_at
8.0755,8.0755,8.2809,203652_at
6.5486,6.5486,6.5979,203653_s_at
8.5656,8.5656,9.2499,203654_s_at
8.4376,8.4376,8.6737,203655_at
7.0488,7.0488,7.5833,203656_at
6.3769,6.3769,5.8009,203657_s_at
6.9775,6.9775,7.2845,203658_at
9.395,9.395,10.7362,203660_s_at
5.7223,5.7223,5.492,203661_s_at
5.2578,5.2578,4.3539,203662_s_at
12.3508,12.3508,12.738,203663_s_at
8.9977,8.9977,10.1368,203664_s_at
5.8806,5.8806,6.2841,203666_at
12.4742,12.4742,11.9204,203667_at
7.6025,7.6025,7.0694,203668_at
7.7918,7.7918,6.8621,203669_s_at
6.3865,6.3865,6.2332,203670_at
4.5484,4.5484,5.2538,203671_at
6.0019,6.0019,6.7788,203672_x_at
5.0411,5.0411,6.1697,203673_at
8.5579,8.5579,8.6412,203674_at
4.1232,4.1232,4.1227,203676_at
7.3961,7.3961,8.0397,203677_s_at
7.5219,7.5219,7.3525,203678_at
7.5334,7.5334,7.8713,203679_at
6.6345,6.6345,6.9486,203680_at
4.3418,4.3418,4.1227,203681_at
5.9061,5.9061,7.2636,203683_s_at
4.4642,4.4642,4.1228,203684_s_at
8.0247,8.0247,7.6225,203686_at
4.3954,4.3954,4.5272,203687_at
10.0322,10.0322,7.702,203688_at
6.743,6.743,5.8374,203689_s_at
8.1695,8.1695,7.3811,203690_at
4.3245,4.3245,5.3088,203691_at
8.5569,8.5569,7.8921,203692_s_at
9.3125,9.3125,8.698,203693_s_at
5.4143,5.4143,7.3737,203695_s_at
4.9517,4.9517,5.5119,203697_at
4.1233,4.1233,4.1228,203698_s_at
5.7371,5.7371,5.7455,203700_s_at
7.9208,7.9208,8.0011,203701_s_at
4.1234,4.1234,4.1229,203702_s_at
5.7119,5.7119,4.1229,203703_s_at
10.4316,10.4316,8.6008,203704_s_at
5.232,5.232,4.9612,203706_s_at
8.563,8.563,7.8201,203707_at
13.5008,13.5008,10.3888,203708_at
11.1779,11.1779,7.459,203710_at
5.7763,5.7763,5.8125,203711_s_at
8.9187,8.9187,9.3159,203712_at
7.4019,7.4019,7.9935,203714_s_at
5.8809,5.8809,5.8879,203715_at
4.1234,4.1234,4.123,203716_s_at
5.0683,5.0683,5.1861,203717_at
7.8297,7.8297,7.621,203718_at
8.1641,8.1641,7.8487,203719_at
5.3255,5.3255,4.5629,203722_at
6.4512,6.4512,5.899,203723_at
6.4683,6.4683,6.1071,203724_s_at
7.059,7.059,7.952,203728_at
7.1363,7.1363,9.6662,203729_at
6.569,6.569,6.842,203730_s_at
6.047,6.047,5.9655,203731_s_at
8.1996,8.1996,8.2463,203732_at
6.9785,6.9785,5.5438,203733_at
6.8726,6.8726,5.1373,203735_x_at
4.7952,4.7952,4.3387,203736_s_at
7.8005,7.8005,7.6236,203737_s_at
7.5916,7.5916,7.7191,203738_at
7.8909,7.8909,7.5983,203739_at
7.4875,7.4875,8.4137,203740_at
6.7073,6.7073,5.5326,203741_s_at
8.3174,8.3174,7.8374,203742_s_at
9.1068,9.1068,9.0001,203743_s_at
8.8795,8.8795,9.9373,203744_at
7.1081,7.1081,6.7643,203745_at
8.3488,8.3488,8.6439,203746_s_at
5.5436,5.5436,5.3195,203747_at
9.8099,9.8099,9.1529,203748_x_at
6.5868,6.5868,8.274,203749_s_at
5.211,5.211,4.5533,203750_s_at
7.9341,7.9341,7.2474,203751_x_at
14.1247,14.1247,13.7348,203752_s_at
12.6986,12.6986,10.8187,203753_at
7.6624,7.6624,5.8646,203754_s_at
5.1405,5.1405,4.5055,203756_at
5.5036,5.5036,4.4772,203757_s_at
7.3464,7.3464,8.1816,203758_at
5.9519,5.9519,5.6589,203759_at
6.5218,6.5218,7.2219,203760_s_at
6.2847,6.2847,6.509,203761_at
4.5239,4.5239,5.3857,203762_s_at
5.6295,5.6295,5.4848,203763_at
6.7597,6.7597,6.4958,203765_at
4.5133,4.5133,4.4878,203766_s_at
5.1252,5.1252,7.0425,203767_s_at
5.7455,5.7455,6.3689,203768_s_at
5.9253,5.9253,7.8844,203769_s_at
4.1235,4.1235,4.1231,203770_s_at
5.7131,5.7131,5.1422,203771_s_at
4.1235,4.1235,4.1231,203772_at
7.3879,7.3879,7.0396,203774_at
8.424,8.424,8.1829,203776_at
7.7191,7.7191,7.9391,203777_s_at
8.807,8.807,7.5164,203778_at
4.1236,4.1236,4.1232,203779_s_at
4.1236,4.1236,4.1232,203780_at
8.2194,8.2194,8.7511,203781_at
8.3399,8.3399,7.6659,203782_s_at
5.146,5.146,4.6716,203783_x_at
4.4618,4.4618,4.1233,203784_s_at
7.9428,7.9428,8.7122,203785_s_at
5.2288,5.2288,4.6535,203786_s_at
6.7906,6.7906,6,203788_s_at
4.537,4.537,4.5402,203789_s_at
6.2338,6.2338,7.339,203790_s_at
7.4015,7.4015,6.0134,203791_at
6.1563,6.1563,6.266,203793_x_at
6.3474,6.3474,5.1904,203794_at
8.2486,8.2486,9.2248,203795_s_at
9.667,9.667,9.5364,203796_s_at
6.1055,6.1055,6.3396,203797_at
4.1237,4.1237,4.1234,203798_s_at
6.465,6.465,6.6753,203799_at
8.538,8.538,9.3615,203800_s_at
6.2037,6.2037,6.2815,203801_at
8.6642,8.6642,9.078,203802_x_at
5.0443,5.0443,4.9874,203803_at
11.3019,11.3019,10.6464,203804_s_at
7.5724,7.5724,8.654,203805_s_at
4.7824,4.7824,4.5871,203807_x_at
4.4436,4.4436,5.8234,203808_at
5.4655,5.4655,4.3839,203809_s_at
5.5459,5.5459,4.9232,203810_at
4.6653,4.6653,5.4495,203811_s_at
6.2026,6.2026,5.5718,203812_at
4.3504,4.3504,4.6537,203813_s_at
5.9943,5.9943,4.2713,203814_s_at
4.1237,4.1237,5.485,203815_at
7.9254,7.9254,8.1619,203816_at
5.7649,5.7649,5.5536,203817_at
8.8116,8.8116,9.9392,203818_s_at
8.2163,8.2163,7.422,203819_s_at
7.8149,7.8149,7.2726,203820_s_at
6.6537,6.6537,6.8055,203821_at
9.3493,9.3493,9.0192,203822_s_at
4.8193,4.8193,6.0067,203823_at
5.0455,5.0455,5.5603,203824_at
10.3184,10.3184,9.8322,203825_at
6.6704,6.6704,7.485,203826_s_at
4.1238,4.1238,5.1265,203827_at
4.1239,4.1239,4.1234,203828_s_at
7.4623,7.4623,7.8872,203829_at
6.2213,6.2213,5.2951,203830_at
9.1601,9.1601,8.9163,203831_at
9.078,9.078,9.2092,203832_at
7.5683,7.5683,7.805,203833_s_at
7.6335,7.6335,7.3365,203834_s_at
4.1239,4.1239,4.44,203835_at
7.0564,7.0564,7.3271,203836_s_at
7.6137,7.6137,6.6592,203837_at
5.1048,5.1048,4.3256,203838_s_at
11.3819,11.3819,9.1229,203839_s_at
4.4156,4.4156,4.1235,203840_at
4.124,4.124,4.1235,203841_x_at
4.5331,4.5331,4.3606,203842_s_at
6.9929,6.9929,7.2713,203843_at
4.8309,4.8309,5.0486,203844_at
7.9118,7.9118,7.638,203845_at
7.1286,7.1286,7.0691,203846_at
9.0186,9.0186,9.4724,203847_s_at
4.124,4.124,5.1017,203849_s_at
4.4263,4.4263,4.4494,203850_s_at
5.3759,5.3759,5.3187,203851_at
7.1864,7.1864,7.3507,203852_s_at
12.738,12.738,11.0887,203853_s_at
4.1241,4.1241,4.644,203854_at
8.123,8.123,7.6597,203855_at
9.6553,9.6553,10.2579,203856_at
7.5627,7.5627,8.0423,203858_s_at
7.1374,7.1374,5.7285,203859_s_at
5.5742,5.5742,5.524,203860_at
4.1241,4.1241,4.1236,203861_s_at
4.1242,4.1242,5.7248,203862_s_at
5.0176,5.0176,4.5287,203863_at
6.0048,6.0048,5.7831,203864_s_at
5.4806,5.4806,8.3291,203865_s_at
6.7417,6.7417,6.6778,203866_at
7.2688,7.2688,7.4496,203867_s_at
5.2199,5.2199,4.9103,203868_s_at
6.597,6.597,7.1054,203869_at
5.6065,5.6065,6.1647,203870_at
7.9499,7.9499,8.0962,203871_at
5.3429,5.3429,4.7338,203872_at
5.7082,5.7082,6.1126,203873_at
4.9837,4.9837,5.2597,203874_s_at
4.1242,4.1242,4.3389,203875_at
4.4547,4.4547,5.2478,203876_s_at
4.4752,4.4752,4.3953,203877_at
5.3683,5.3683,7.2633,203878_s_at
13.4612,13.4612,11.6126,203879_at
7.9686,7.9686,8.5523,203880_at
4.1243,4.1243,4.5502,203881_s_at
6.7813,6.7813,7.4999,203882_at
7.0597,7.0597,7.3765,203883_s_at
4.5177,4.5177,4.2683,203886_s_at
4.7364,4.7364,5.6659,203887_s_at
4.2868,4.2868,4.6939,203888_at
5.5369,5.5369,5.5619,203889_at
5.2491,5.2491,5.187,203890_s_at
7.0232,7.0232,6.7519,203891_s_at
5.6766,5.6766,5.8467,203892_at
7.7622,7.7622,8.2491,203893_at
5.9726,5.9726,5.1681,203894_at
6.7112,6.7112,6.1253,203895_at
6.1826,6.1826,5.9016,203896_s_at
7.1024,7.1024,6.8999,203898_at
7.2168,7.2168,7.5612,203899_s_at
6.8395,6.8395,6.2833,203900_at
6.3048,6.3048,6.5162,203901_at
4.1243,4.1243,4.9887,203902_at
5.1271,5.1271,4.8892,203903_s_at
7.3825,7.3825,7.5194,203904_x_at
8.3555,8.3555,8.8701,203906_at
9.2424,9.2424,10.0224,203907_s_at
5.6467,5.6467,5.2129,203908_at
8.6931,8.6931,9.1561,203909_at
6.7587,6.7587,5.4002,203910_at
7.236,7.236,7.1751,203912_s_at
5.5746,5.5746,4.363,203913_s_at
4.5144,4.5144,5.8612,203914_x_at
5.2379,5.2379,6.3347,203915_at
7.9619,7.9619,7.9374,203916_at
5.2227,5.2227,5.0054,203917_at
4.77,4.77,4.6894,203918_at
6.2377,6.2377,6.197,203920_at
7.7737,7.7737,6.8217,203921_at
5.7354,5.7354,6.1616,203922_s_at
5.3053,5.3053,5.6079,203923_s_at
7.5799,7.5799,6.2176,203925_at
8.1982,8.1982,8.6567,203926_x_at
5.4846,5.4846,5.9059,203928_x_at
5.163,5.163,5.2895,203929_s_at
4.7021,4.7021,5.1199,203930_s_at
11.0285,11.0285,11.8081,203932_at
7.133,7.133,6.9435,203933_at
4.8968,4.8968,5.7941,203934_at
6.0209,6.0209,5.1662,203935_at
5.8534,5.8534,6.3526,203936_s_at
5.8718,5.8718,5.6871,203937_s_at
9.1365,9.1365,9.5919,203938_s_at
4.1244,4.1244,6.4304,203939_at
5.7225,5.7225,5.7356,203940_s_at
7.5923,7.5923,7.8386,203941_at
6.7958,6.7958,6.4916,203942_s_at
6.9664,6.9664,7.0149,203943_at
10.0802,10.0802,9.1898,203944_x_at
6.4375,6.4375,6.0358,203945_at
5.0481,5.0481,4.9351,203946_s_at
5.2678,5.2678,4.1236,203948_s_at
6.1269,6.1269,4.7394,203949_at
7.1919,7.1919,7.1498,203950_s_at
4.3303,4.3303,4.6318,203951_at
4.1244,4.1244,4.1237,203953_s_at
4.4299,4.4299,4.4514,203954_x_at
4.4333,4.4333,6.521,203955_at
7.5061,7.5061,7.8697,203956_at
5.595,5.595,4.3364,203957_at
6.3933,6.3933,6.5012,203958_s_at
7.9753,7.9753,7.2202,203959_s_at
8.1887,8.1887,8.7862,203960_s_at
4.5155,4.5155,4.7629,203961_at
5.0002,5.0002,4.1237,203962_s_at
10.4803,10.4803,9.449,203964_at
12.2172,12.2172,11.4555,203966_s_at
6.0328,6.0328,6.8659,203967_at
7.0044,7.0044,6.5916,203968_s_at
5.7121,5.7121,5.2052,203969_at
5.3761,5.3761,5.7913,203970_s_at
5.965,5.965,5.1286,203971_at
6.2329,6.2329,7.0505,203972_s_at
6.9923,6.9923,6.9269,203974_at
8.7783,8.7783,8.866,203975_s_at
7.3369,7.3369,7.5061,203976_s_at
7.5882,7.5882,4.7939,203977_at
8.0897,8.0897,8.0689,203978_at
4.4035,4.4035,5.157,203979_at
4.1245,4.1245,4.78,203980_at
8.9371,8.9371,7.9011,203981_s_at
5.6171,5.6171,5.5957,203982_s_at
7.4485,7.4485,7.0721,203983_at
7.5383,7.5383,9.0863,203984_s_at
7.3755,7.3755,7.6172,203985_at
4.1245,4.1245,4.7323,203986_at
5.6014,5.6014,5.4635,203987_at
6.6827,6.6827,6.3722,203988_s_at
5.4158,5.4158,4.6539,203989_x_at
5.8092,5.8092,6.3922,203990_s_at
5.5939,5.5939,5.3807,203991_s_at
9.0322,9.0322,8.7357,203992_s_at
4.5119,4.5119,4.1238,203993_x_at
6.9651,6.9651,7.0714,203994_s_at
6.2955,6.2955,5.7566,203995_at
7.8026,7.8026,7.2547,203996_s_at
5.5704,5.5704,5.2018,203997_at
5.3601,5.3601,4.7815,203998_s_at
5.6634,5.6634,6.2572,203999_at
6.3907,6.3907,5.8944,204001_at
4.5959,4.5959,4.8572,204002_s_at
6.0247,6.0247,6.6069,204003_s_at
7.0258,7.0258,7.0735,204004_at
5.359,5.359,5.4966,204005_s_at
4.1246,4.1246,5.0157,204006_s_at
5.0719,5.0719,6.0385,204007_at
5.0432,5.0432,5.0353,204008_at
9.7553,9.7553,9.7939,204009_s_at
5.1025,5.1025,4.1239,204010_s_at
7.763,7.763,6.873,204011_at
6.5054,6.5054,7.1932,204012_s_at
4.8096,4.8096,5.2693,204013_s_at
4.4393,4.4393,4.4774,204015_s_at
8.1601,8.1601,7.584,204018_x_at
8.0923,8.0923,6.9801,204019_s_at
7.332,7.332,7.3755,204020_at
7.8607,7.8607,7.2543,204021_s_at
9.1171,9.1171,8.6281,204022_at
9.3372,9.3372,9.8018,204023_at
5.9623,5.9623,5.5922,204024_at
7.0744,7.0744,7.4897,204025_s_at
11.6576,11.6576,13.0964,204026_s_at
6.8544,6.8544,6.9991,204027_s_at
9.166,9.166,8.2308,204028_s_at
5.9553,5.9553,7.0074,204029_at
10.3585,10.3585,7.1936,204030_s_at
14.6315,14.6315,14.4201,204031_s_at
5.3342,5.3342,4.8123,204032_at
7.3793,7.3793,8.4035,204033_at
9.4838,9.4838,9.9689,204034_at
4.1246,4.1246,4.6378,204035_at
4.4724,4.4724,4.2715,204036_at
5.2546,5.2546,4.1239,204037_at
6.213,6.213,6.7315,204038_s_at
6.7305,6.7305,6.697,204040_at
4.5748,4.5748,4.5748,204041_at
6.1139,6.1139,6.0467,204043_at
6.9428,6.9428,8.4673,204044_at
7.8547,7.8547,7.5342,204045_at
7.4788,7.4788,5.2203,204046_at
5.2955,5.2955,6.2142,204047_s_at
6.2461,6.2461,6.4179,204048_s_at
6.215,6.215,6.7581,204049_s_at
10.2033,10.2033,10.71,204050_s_at
5.6366,5.6366,5.9365,204051_s_at
4.8206,4.8206,5.2961,204052_s_at
10.5538,10.5538,10.3655,204053_x_at
4.4217,4.4217,5.1848,204055_s_at
4.1247,4.1247,4.3439,204056_s_at
8.2726,8.2726,9.8476,204057_at
4.1247,4.1247,4.4907,204058_at
4.734,4.734,4.124,204059_s_at
10.2824,10.2824,8.5656,204060_s_at
5.9924,5.9924,6.3286,204062_s_at
6.2705,6.2705,6.3851,204063_s_at
7.0942,7.0942,7.8026,204065_at
5.8636,5.8636,4.8042,204066_s_at
6.4274,6.4274,6.5964,204067_at
5.2861,5.2861,5.7415,204068_at
5.9014,5.9014,4.8283,204069_at
7.6759,7.6759,7.3394,204070_at
7.8563,7.8563,6.6936,204071_s_at
4.5683,4.5683,4.4226,204072_s_at
4.4726,4.4726,4.6781,204073_s_at
7.0399,7.0399,7.2332,204074_s_at
5.2281,5.2281,4.5906,204075_s_at
13.2581,13.2581,10.4913,204076_at
6.8979,6.8979,5.9279,204077_x_at
4.3381,4.3381,4.124,204078_at
6.738,6.738,6.9547,204079_at
8.6732,8.6732,8.7226,204080_at
5.091,5.091,6.6096,204081_at
8.5472,8.5472,8.4633,204082_at
8.5071,8.5071,4.9269,204083_s_at
6.0369,6.0369,6.188,204084_s_at
5.2369,5.2369,5.4772,204085_s_at
4.8422,4.8422,5.4657,204086_at
7.2994,7.2994,7.1895,204088_at
8.9087,8.9087,8.1002,204090_at
7.7347,7.7347,7.3659,204091_at
9.8268,9.8268,8.1548,204094_s_at
5.8684,5.8684,7.0084,204095_s_at
6.074,6.074,6.6182,204096_s_at
7.1184,7.1184,7.6376,204097_s_at
6.5284,6.5284,7.3274,204098_at
5.5878,5.5878,4.9234,204099_at
5.7337,5.7337,4.3004,204100_at
5.6776,5.6776,6.4088,204101_at
14.2992,14.2992,13.8113,204102_s_at
5.1413,5.1413,4.6082,204103_at
6.8163,6.8163,6.7816,204104_at
5.076,5.076,4.1241,204105_s_at
6.9791,6.9791,6.7465,204107_at
8.3727,8.3727,7.8742,204108_at
7.225,7.225,7.3404,204109_s_at
4.4586,4.4586,4.7153,204110_at
5.0129,5.0129,4.6304,204111_at
4.296,4.296,4.1241,204112_s_at
5.8369,5.8369,4.3378,204113_at
10.8653,10.8653,7.7942,204114_at
9.6695,9.6695,6.1411,204115_at
6.7961,6.7961,7.1704,204116_at
7.6483,7.6483,7.7669,204117_at
9.0477,9.0477,11.2514,204118_at
9.6047,9.6047,10.7742,204119_s_at
5.8158,5.8158,6.7334,204120_s_at
6.7014,6.7014,6.4416,204121_at
4.9573,4.9573,5.0558,204122_at
5.9495,5.9495,4.8256,204123_at
4.9711,4.9711,5.8334,204124_at
6.5216,6.5216,7.5138,204125_at
8.2565,8.2565,8.9977,204127_at
6.3617,6.3617,6.4677,204128_s_at
4.3014,4.3014,5.9077,204129_at
4.1248,4.1248,4.8044,204130_at
8.1905,8.1905,6.1484,204132_s_at
5.9394,5.9394,6.7346,204133_at
6.5036,6.5036,4.7412,204134_at
4.1248,4.1248,5.0455,204135_at
4.6858,4.6858,5.663,204136_at
4.6924,4.6924,6.1278,204137_at
5.396,5.396,6.0147,204138_s_at
7.8169,7.8169,6.6237,204139_x_at
6.5922,6.5922,7.4317,204140_at
8.0371,8.0371,10.2272,204141_at
8.0993,8.0993,7.3043,204142_at
6.9027,6.9027,6.8093,204144_s_at
10.0126,10.0126,9.9299,204145_at
10.2001,10.2001,10.7307,204146_at
6.2725,6.2725,7.0728,204147_s_at
8.686,8.686,8.5776,204148_s_at
4.1249,4.1249,4.723,204149_s_at
4.805,4.805,4.4714,204150_at
7.2066,7.2066,7.0751,204151_x_at
5.5038,5.5038,6.5248,204152_s_at
9.1799,9.1799,10.2315,204153_s_at
4.6525,4.6525,5.3094,204154_at
7.2292,7.2292,7.1912,204155_s_at
5.2129,5.2129,5.9386,204156_at
7.3716,7.3716,7.8058,204157_s_at
8.8178,8.8178,9.5084,204159_at
7.0491,7.0491,6.4103,204160_s_at
4.8544,4.8544,5.4555,204161_s_at
8.5087,8.5087,9.1885,204162_at
4.4096,4.4096,4.1242,204163_at
6.9463,6.9463,7.906,204164_at
8.7661,8.7661,10.6029,204165_at
5.5683,5.5683,4.5561,204166_at
4.3702,4.3702,4.4249,204167_at
8.1045,8.1045,7.8652,204169_at
12.3062,12.3062,13.1308,204170_s_at
7.3253,7.3253,7.1464,204171_at
7.3432,7.3432,6.4345,204172_at
10.9394,10.9394,10.0078,204173_at
8.0513,8.0513,7.0561,204174_at
6.6692,6.6692,7.4417,204175_at
5.2685,5.2685,5.3142,204176_at
7.974,7.974,7.7332,204177_s_at
7.3341,7.3341,8.4976,204178_s_at
6.4868,6.4868,6.315,204179_at
7.6274,7.6274,8.7644,204180_s_at
8.1361,8.1361,8.6286,204181_s_at
6.9079,6.9079,7.1987,204182_s_at
6.651,6.651,6.9755,204183_s_at
7.7645,7.7645,6.6877,204184_s_at
7.4554,7.4554,8.6626,204185_x_at
6.8867,6.8867,7.4399,204186_s_at
5.9556,5.9556,5.1627,204187_at
4.9564,4.9564,4.3063,204188_s_at
5.5112,5.5112,4.4715,204189_at
9.4853,9.4853,8.8344,204190_at
8.1919,8.1919,8.5385,204192_at
8.9624,8.9624,8.7024,204193_at
10.0531,10.0531,9.297,204194_at
5.9284,5.9284,5.4231,204195_s_at
5.3432,5.3432,4.5162,204196_x_at
8.2763,8.2763,8.7384,204197_s_at
7.6357,7.6357,7.9678,204198_s_at
6.428,6.428,6.2688,204199_at
4.3741,4.3741,4.1242,204200_s_at
4.4698,4.4698,4.7702,204201_s_at
6.617,6.617,6.1436,204202_at
9.638,9.638,9.4089,204203_at
7.2056,7.2056,4.1243,204204_at
8.3604,8.3604,8.4613,204205_at
8.8413,8.8413,8.3766,204206_at
7.5457,7.5457,8.8327,204207_s_at
7.2298,7.2298,8.0191,204208_at
6.9285,6.9285,6.9425,204209_at
4.7551,4.7551,5.4132,204210_s_at
6.4754,6.4754,7.2653,204211_x_at
7.5995,7.5995,7.6624,204212_at
5.9747,5.9747,6.6136,204213_at
5.4024,5.4024,6.0261,204214_s_at
12.2003,12.2003,11.6277,204215_at
7.6172,7.6172,7.9909,204216_s_at
8.9093,8.9093,9.486,204218_at
11.7328,11.7328,12.1562,204219_s_at
13.327,13.327,11.6213,204220_at
6.696,6.696,6.5401,204221_x_at
7.0698,7.0698,6.4039,204222_s_at
5.6235,5.6235,4.338,204223_at
9.7048,9.7048,10.0904,204224_s_at
6.1431,6.1431,6.3623,204226_at
6.5248,6.5248,6.7029,204227_s_at
9.7132,9.7132,10.4986,204228_at
5.3881,5.3881,4.4812,204229_at
4.4849,4.4849,5.7774,204230_s_at
7.8535,7.8535,7.0558,204231_s_at
5.2794,5.2794,6.0927,204232_at
5.5011,5.5011,7.4173,204233_s_at
8.4245,8.4245,9.1384,204234_s_at
4.4021,4.4021,4.501,204235_s_at
9.3528,9.3528,7.3602,204236_at
4.6142,4.6142,4.6941,204237_at
5.5538,5.5538,6.7872,204238_s_at
4.7288,4.7288,6.0533,204239_s_at
8.8321,8.8321,9.6088,204240_s_at
6.1016,6.1016,5.4086,204241_at
4.6843,4.6843,4.683,204242_s_at
9.9223,9.9223,9.4237,204243_at
9.094,9.094,10.3527,204244_s_at
6.4336,6.4336,6.5949,204245_s_at
6.9353,6.9353,7.2137,204247_s_at
7.0343,7.0343,6.5311,204248_at
11.3687,11.3687,7.1198,204249_s_at
4.8378,4.8378,4.95,204250_s_at
6.6982,6.6982,6.5753,204251_s_at
5.6327,5.6327,6.1874,204253_s_at
4.8546,4.8546,6.9263,204254_s_at
5.5776,5.5776,6.7828,204255_s_at
10.1556,10.1556,9.3478,204257_at
11.1572,11.1572,10.1151,204258_at
5.3666,5.3666,5.4801,204259_at
6.3942,6.3942,5.6541,204260_at
4.1249,4.1249,4.1243,204261_s_at
5.0583,5.0583,5.2999,204262_s_at
5.7019,5.7019,7.1919,204263_s_at
4.125,4.125,5.7386,204264_at
7.6369,7.6369,6.8036,204265_s_at
7.0567,7.0567,8.6503,204266_s_at
8.9407,8.9407,8.9199,204267_x_at
4.385,4.385,4.4164,204268_at
6.7262,6.7262,7.9744,204269_at
4.9172,4.9172,5.0925,204270_at
5.2708,5.2708,5.2976,204271_s_at
6.405,6.405,6.444,204272_at
4.125,4.125,4.1244,204273_at
8.5233,8.5233,8.1063,204274_at
7.0435,7.0435,6.4162,204275_at
6.5422,6.5422,4.7379,204276_at
4.6699,4.6699,4.3505,204277_s_at
6.3037,6.3037,6.9244,204278_s_at
10.978,10.978,10.7487,204279_at
5.7204,5.7204,5.3107,204280_at
5.7566,5.7566,6.137,204281_at
8.2372,8.2372,8.3895,204282_s_at
7.6168,7.6168,7.6678,204283_at
5.2063,5.2063,4.5535,204284_at
10.6882,10.6882,9.2492,204286_s_at
7.0911,7.0911,6.6859,204287_at
4.1251,4.1251,4.1244,204288_s_at
4.5931,4.5931,4.1245,204289_at
6.9847,6.9847,7.5893,204290_s_at
6.065,6.065,5.4812,204291_at
4.7184,4.7184,4.3852,204292_x_at
4.5698,4.5698,4.3608,204293_at
8.2109,8.2109,7.7835,204294_at
9.6487,9.6487,10.0097,204295_at
4.8099,4.8099,5.2516,204296_at
4.8548,4.8548,4.8653,204298_s_at
10.739,10.739,10.7501,204299_at
6.1874,6.1874,5.402,204301_at
5.7174,5.7174,4.5947,204302_s_at
6.6476,6.6476,6.3329,204303_s_at
5.6594,5.6594,5.4664,204304_s_at
6.3698,6.3698,7.4008,204305_at
4.1252,4.1252,4.3194,204306_s_at
6.2686,6.2686,4.4522,204307_at
6.1118,6.1118,6.2193,204308_s_at
4.1252,4.1252,4.1245,204309_at
5.011,5.011,4.2701,204310_s_at
6.5168,6.5168,5.3576,204311_at
8.2231,8.2231,8.7433,204312_x_at
8.4074,8.4074,7.4904,204314_s_at
8.126,8.126,8.4235,204315_s_at
5.885,5.885,5.9206,204316_at
6.6243,6.6243,6.8783,204317_at
7.8807,7.8807,7.9541,204318_s_at
7.2987,7.2987,7.2667,204319_s_at
4.1253,4.1253,4.1246,204320_at
5.0535,5.0535,5.9744,204321_at
4.1253,4.1253,4.488,204322_at
6.3233,6.3233,5.6278,204323_x_at
5.8199,5.8199,5.5596,204325_s_at
11.097,11.097,9.3672,204326_x_at
6.5572,6.5572,6.6308,204327_s_at
7.982,7.982,7.7036,204328_at
4.3631,4.3631,4.1246,204329_s_at
5.0138,5.0138,4.7956,204330_s_at
6.8125,6.8125,7.4105,204331_s_at
7.9122,7.9122,8.3585,204332_s_at
5.2548,5.2548,5.1914,204333_s_at
11.7147,11.7147,9.0161,204334_at
8.42,8.42,9.5544,204335_at
8.0053,8.0053,9.0223,204336_s_at
4.3138,4.3138,4.4928,204337_at
4.1254,4.1254,4.1247,204338_s_at
4.6016,4.6016,4.9236,204339_s_at
6.912,6.912,6.5886,204340_at
6.1228,6.1228,6.8589,204341_at
7.2254,7.2254,6.9382,204342_at
4.7553,4.7553,4.4516,204343_at
5.6067,5.6067,5.6496,204344_s_at
4.6421,4.6421,5.2574,204345_at
10.9148,10.9148,10.8492,204346_s_at
4.1254,4.1254,4.8241,204347_at
5.7561,5.7561,6.2426,204348_s_at
5.5286,5.5286,5.5067,204349_at
6.4991,6.4991,6.5955,204350_s_at
4.3329,4.3329,4.2868,204351_at
9.0124,9.0124,8.2786,204352_at
6.9671,6.9671,6.3815,204353_s_at
8.0061,8.0061,7.7472,204354_at
8.5238,8.5238,8.4896,204355_at
4.3703,4.3703,4.4601,204356_at
4.1255,4.1255,4.8894,204357_s_at
5.0957,5.0957,5.5621,204358_s_at
5.5274,5.5274,5.0607,204359_at
6.7221,6.7221,6.4138,204360_s_at
5.8163,5.8163,4.9502,204361_s_at
7.7004,7.7004,7.3976,204362_at
5.4402,5.4402,4.1247,204363_at
5.0793,5.0793,5.0316,204364_s_at
5.11,5.11,6.1408,204365_s_at
8.6986,8.6986,8.5827,204367_at
5.2845,5.2845,6.4934,204368_at
9.3607,9.3607,9.8796,204370_at
5.9655,5.9655,5.9255,204371_s_at
9.3789,9.3789,9.4679,204372_s_at
10.0332,10.0332,8.389,204373_s_at
4.1256,4.1256,4.1248,204374_s_at
6.2734,6.2734,6.0339,204375_at
7.7783,7.7783,8.0019,204376_at
9.3315,9.3315,9.5325,204377_s_at
5.9035,5.9035,5.725,204378_at
4.1256,4.1256,4.4893,204379_s_at
4.1257,4.1257,5.2984,204380_s_at
4.9567,4.9567,6.0878,204381_at
8.13,8.13,7.8579,204382_at
8.2966,8.2966,8.2294,204383_at
5.8726,5.8726,5.5372,204384_at
6.582,6.582,5.8145,204385_at
10.7699,10.7699,10.7841,204386_s_at
8.6753,8.6753,7.8656,204387_x_at
4.6477,4.6477,5.0383,204388_s_at
4.9474,4.9474,4.1248,204389_at
4.1257,4.1257,4.1249,204390_at
9.3921,9.3921,8.7438,204391_x_at
4.5372,4.5372,5.3612,204392_at
4.9202,4.9202,5.4686,204393_s_at
6.8646,6.8646,7.2185,204394_at
5.1973,5.1973,4.9977,204395_s_at
7.8014,7.8014,6.5144,204396_s_at
5.8441,5.8441,5.6728,204397_at
6.3396,6.3396,5.8034,204398_s_at
4.8775,4.8775,4.9386,204399_s_at
4.2977,4.2977,4.1249,204400_at
6.001,6.001,5.0375,204401_at
7.1293,7.1293,6.2543,204402_at
7.669,7.669,6.9697,204403_x_at
7.6002,7.6002,8.0427,204404_at
9.5137,9.5137,9.2616,204405_x_at
4.7861,4.7861,4.3406,204406_at
5.4933,5.4933,5.993,204407_at
6.289,6.289,7.395,204408_at
8.7253,8.7253,8.2518,204409_s_at
7.1644,7.1644,7.0577,204410_at
5.9676,5.9676,6.7468,204411_at
4.3382,4.3382,4.3229,204412_s_at
6.244,6.244,7.1262,204413_at
4.1258,4.1258,4.125,204414_at
7.1558,7.1558,6.4366,204415_at
5.3085,5.3085,4.4459,204416_x_at
6.6237,6.6237,8.4589,204417_at
5.2927,5.2927,5.3488,204419_x_at
4.1259,4.1259,4.6306,204421_s_at
4.8661,4.8661,4.125,204422_s_at
6.7964,6.7964,5.2088,204423_at
5.6914,5.6914,5.6049,204424_s_at
8.5011,8.5011,8.0145,204425_at
5.7749,5.7749,4.9421,204426_at
5.9498,5.9498,5.2437,204427_s_at
4.8053,4.8053,4.3166,204428_s_at
6.8992,6.8992,6.6537,204429_s_at
10.839,10.839,7.2585,204430_s_at
5.4209,5.4209,5.9347,204431_at
5.9051,5.9051,6.3332,204432_at
6.7556,6.7556,7.1343,204433_s_at
6.3034,6.3034,6.9958,204434_at
9.9844,9.9844,9.583,204435_at
7.5889,7.5889,6.9344,204436_at
4.1259,4.1259,6.4656,204437_s_at
5.3764,5.3764,5.6851,204438_at
4.3852,4.3852,4.1251,204439_at
9.0628,9.0628,11.1796,204440_at
8.6381,8.6381,8.4381,204441_s_at
6.3436,6.3436,4.8979,204442_x_at
6.2529,6.2529,6.1292,204443_at
9.7141,9.7141,10.1504,204444_at
5.9146,5.9146,6.9532,204445_s_at
9.7218,9.7218,10.2678,204446_s_at
7.8962,7.8962,7.6491,204448_s_at
7.4338,7.4338,6.7543,204449_at
6.2273,6.2273,4.6745,204450_x_at
6.9021,6.9021,5.1806,204452_s_at
7.6571,7.6571,6.97,204453_at
7.5976,7.5976,7.0472,204454_at
4.4055,4.4055,5.0722,204455_at
4.126,4.126,4.1252,204456_s_at
4.126,4.126,4.1252,204457_s_at
7.2312,7.2312,8.1521,204459_at
6.7091,6.7091,7.1511,204460_s_at
7.2416,7.2416,7.4285,204461_x_at
7.0837,7.0837,4.2966,204462_s_at
4.1261,4.1261,4.1253,204463_s_at
4.9345,4.9345,4.5612,204464_s_at
5.0825,5.0825,4.9625,204465_s_at
5.2179,5.2179,5.9812,204467_s_at
4.1262,4.1262,4.3046,204468_s_at
4.7047,4.7047,4.7047,204469_at
4.629,4.629,5.0088,204470_at
4.1262,4.1262,4.7275,204471_at
4.9968,4.9968,5.6042,204472_at
7.9146,7.9146,7.9951,204473_s_at
7.7704,7.7704,8.1305,204474_at
5.3169,5.3169,6.8509,204476_s_at
4.7484,4.7484,6.4574,204477_at
7.5664,7.5664,8.5143,204478_s_at
6.9762,6.9762,7.7903,204479_at
8.3722,8.3722,9.0335,204480_s_at
4.5685,4.5685,4.6308,204482_at
6.2592,6.2592,6.5495,204483_at
4.9068,4.9068,4.8057,204485_s_at
4.1263,4.1263,4.1253,204486_at
4.1263,4.1263,5.372,204487_s_at
6.4301,6.4301,6.0429,204488_at
6.6973,6.6973,7.5852,204490_s_at
7.5065,7.5065,7.9565,204491_at
5.8985,5.8985,6.3424,204492_at
7.2233,7.2233,7.5294,204493_at
6.5416,6.5416,8.3881,204494_s_at
6.8223,6.8223,7.8559,204495_s_at
6.8052,6.8052,6.2349,204496_at
6.6326,6.6326,5.8513,204498_s_at
5.8931,5.8931,4.2675,204499_at
7.9627,7.9627,7.8725,204500_s_at
5.6419,5.6419,5.7366,204501_at
5.0394,5.0394,6.9127,204502_at
4.5894,4.5894,4.4401,204503_at
7.578,7.578,8.1349,204504_s_at
6.0675,6.0675,6.5296,204505_s_at
6.5593,6.5593,6.9948,204506_at
5.6217,5.6217,5.6544,204507_s_at
4.1264,4.1264,4.2967,204508_s_at
6.025,6.025,6.0331,204509_at
8.2363,8.2363,8.7111,204510_at
6.4458,6.4458,6.1579,204511_at
7.4616,7.4616,7.0704,204512_at
5.857,5.857,6.0353,204513_s_at
4.1265,4.1265,4.667,204515_at
9.4822,9.4822,8.1991,204516_at
4.3936,4.3936,5.4088,204518_s_at
5.5827,5.5827,5.4933,204519_s_at
6.765,6.765,6.9063,204521_at
6.5781,6.5781,6.5087,204522_at
5.3824,5.3824,5.7155,204523_at
7.4399,7.4399,7.5387,204524_at
4.9018,4.9018,4.7632,204525_at
6.6158,6.6158,6.3658,204526_s_at
7.2643,7.2643,7.493,204527_at
11.3612,11.3612,11.708,204528_s_at
5.9328,5.9328,6.0653,204529_s_at
5.2112,5.2112,5.0056,204530_s_at
6.6277,6.6277,5.3809,204532_x_at
6.1195,6.1195,6.4321,204533_at
4.1265,4.1265,5.5858,204534_at
8.0328,8.0328,6.3137,204535_s_at
4.414,4.414,4.1254,204536_s_at
4.7212,4.7212,5.3764,204537_s_at
12.0157,12.0157,10.9363,204538_x_at
5.1545,5.1545,5.3127,204539_s_at
4.1266,4.1266,5.192,204540_at
4.4644,4.4644,5.0713,204541_at
4.9938,4.9938,4.4408,204543_at
6.7976,6.7976,7.3574,204544_at
6.2031,6.2031,5.4815,204545_at
4.3384,4.3384,4.8517,204546_at
5.4905,5.4905,5.3991,204547_at
4.9384,4.9384,4.8219,204548_at
6.7481,6.7481,6.606,204550_x_at
4.1266,4.1266,4.323,204551_s_at
5.65,5.65,5.7184,204552_at
4.5475,4.5475,5.4604,204553_x_at
4.1267,4.1267,4.4433,204554_at
4.5639,4.5639,4.29,204555_s_at
5.1447,5.1447,4.4908,204556_s_at
4.1268,4.1268,4.1254,204557_s_at
7.6111,7.6111,7.8265,204558_at
11.0854,11.0854,11.1709,204559_s_at
5.3685,5.3685,5.7405,204560_at
4.57,4.57,5.8749,204561_x_at
10.4088,10.4088,13.8498,204562_at
8.1521,8.1521,7.161,204563_at
6.7017,6.7017,6.6763,204564_at
7.0313,7.0313,7.3493,204565_at
8.9105,8.9105,8.9885,204566_at
6.6976,6.6976,7.4435,204567_s_at
9.6104,9.6104,9.7423,204568_at
6.7838,6.7838,5.6922,204569_at
4.8896,4.8896,4.2528,204570_at
8.8585,8.8585,9.5999,204571_x_at
6.4791,6.4791,6.5705,204572_s_at
7.132,7.132,6.3111,204573_at
6.2168,6.2168,6.2065,204574_s_at
4.1268,4.1268,4.3005,204575_s_at
6.3306,6.3306,6.3187,204576_s_at
5.7621,5.7621,5.3583,204577_s_at
6.2714,6.2714,6.6892,204578_at
5.3388,5.3388,4.9515,204580_at
9.1093,9.1093,9.1984,204581_at
4.1269,4.1269,4.1255,204582_s_at
4.907,4.907,4.4776,204583_x_at
4.127,4.127,4.4334,204584_at
4.3794,4.3794,4.3323,204585_s_at
4.4973,4.4973,4.7124,204586_at
6.5992,6.5992,7.0607,204588_s_at
4.127,4.127,5.5911,204589_at
5.7686,5.7686,5.8044,204590_x_at
5.0537,5.0537,4.1256,204591_at
5.407,5.407,4.4076,204592_at
6.6044,6.6044,7.4645,204593_s_at
6.9528,6.9528,7.3929,204594_s_at
6.0258,6.0258,6.4203,204595_s_at
4.9351,4.9351,5.8377,204596_s_at
4.1271,4.1271,4.6965,204597_x_at
7.5513,7.5513,6.9629,204598_at
8.8281,8.8281,8.6931,204599_s_at
5.3337,5.3337,5.344,204600_at
7.8734,7.8734,7.7437,204601_at
5.9043,5.9043,5.5406,204602_at
6.7252,6.7252,7.1293,204603_at
6.6231,6.6231,7.5028,204604_at
4.5241,4.5241,4.975,204606_at
4.5816,4.5816,4.3195,204607_at
4.36,4.36,4.1256,204609_at
7.3306,7.3306,8.157,204612_at
9.0882,9.0882,9.6298,204613_at
4.1272,4.1272,5.0274,204614_at
12.0364,12.0364,11.4714,204615_x_at
9.002,9.002,9.0711,204616_at
10.3924,10.3924,10.446,204618_s_at
4.6278,4.6278,5.2209,204619_s_at
5.1502,5.1502,5.2394,204620_s_at
4.4974,4.4974,6.5513,204621_s_at
6.2512,6.2512,6.6868,204622_x_at
5.6056,5.6056,5.5441,204623_at
5.9468,5.9468,5.1375,204624_at
5.3813,5.3813,4.6072,204625_s_at
6.0051,6.0051,5.5624,204626_s_at
4.3157,4.3157,4.1257,204627_s_at
5.7391,5.7391,5.7968,204628_s_at
6.6945,6.6945,6.6216,204629_at
8.8835,8.8835,9.5846,204630_s_at
4.5975,4.5975,5.0035,204631_at
5.9402,5.9402,6.6099,204632_at
6.9438,6.9438,6.5392,204633_s_at
7.8358,7.8358,6.6084,204634_at
6.4913,6.4913,6.4257,204635_at
4.3246,4.3246,4.1257,204636_at
4.5222,4.5222,4.997,204637_at
5.9593,5.9593,6.6865,204638_at
13.1609,13.1609,10.1894,204639_at
7.8406,7.8406,7.0491,204640_s_at
7.4409,7.4409,8.6196,204641_at
7.129,7.129,8.2574,204642_at
4.8614,4.8614,4.5504,204643_s_at
6.3757,6.3757,6.0193,204644_at
7.6552,7.6552,6.9635,204646_at
5.0289,5.0289,5.1187,204647_at
4.6423,4.6423,5.3751,204648_at
7.7811,7.7811,8.0208,204649_at
6.8656,6.8656,6.9037,204650_s_at
8.7918,8.7918,8.3915,204651_at
7.3095,7.3095,6.7844,204652_s_at
5.1876,5.1876,5.1305,204655_at
4.4604,4.4604,4.7856,204657_s_at
10.4377,10.4377,10.3138,204658_at
6.8944,6.8944,6.925,204659_s_at
4.4851,4.4851,4.3927,204660_at
11.0821,11.0821,10.9811,204661_at
9.2328,9.2328,7.8354,204663_at
4.1272,4.1272,4.1258,204664_at
5.4174,5.4174,5.3234,204665_at
4.9653,4.9653,4.8773,204666_s_at
4.1273,4.1273,4.6213,204667_at
5.4959,5.4959,4.6592,204668_at
6.8803,6.8803,5.561,204669_s_at
14.453,14.453,14.5327,204670_x_at
5.842,5.842,5.5402,204671_s_at
5.2411,5.2411,5.3068,204672_s_at
5.1083,5.1083,4.976,204673_at
10.5098,10.5098,10.8668,204674_at
6.433,6.433,7.1762,204675_at
6.6152,6.6152,6.1076,204676_at
4.881,4.881,4.1259,204677_at
4.1274,4.1274,4.1259,204678_s_at
6.3225,6.3225,7.4561,204680_s_at
5.9666,5.9666,7.9138,204681_s_at
5.8382,5.8382,6.6729,204682_at
6.7141,6.7141,6.5377,204683_at
6.3945,6.3945,8.0487,204684_at
5.8168,5.8168,6.3004,204685_s_at
5.6023,5.6023,6.9256,204686_at
5.6995,5.6995,6.0778,204687_at
5.5372,5.5372,7.4821,204688_at
8.9835,8.9835,7.8535,204689_at
8.9983,8.9983,8.8367,204690_at
7.5018,7.5018,7.6793,204691_x_at
9.2761,9.2761,8.1623,204692_at
4.7455,4.7455,4.7898,204693_at
4.5031,4.5031,4.8665,204694_at
6.769,6.769,7.3511,204696_s_at
4.4395,4.4395,4.8022,204697_s_at
7.2206,7.2206,7.3011,204699_s_at
6.9091,6.9091,6.8643,204700_x_at
5.9287,5.9287,4.9064,204701_s_at
5.2403,5.2403,5.379,204702_s_at
7.8313,7.8313,7.7827,204703_at
4.1274,4.1274,4.126,204704_s_at
4.1275,4.1275,4.2838,204705_x_at
8.2804,8.2804,8.2285,204706_at
4.5801,4.5801,4.926,204707_s_at
4.1276,4.1276,4.6116,204708_at
6.7455,6.7455,7.138,204709_s_at
10.6491,10.6491,10.7142,204710_s_at
4.1276,4.1276,4.3886,204712_at
5.5962,5.5962,5.67,204713_s_at
5.2101,5.2101,5.1604,204714_s_at
8.3493,8.3493,8.537,204715_at
7.7693,7.7693,7.4832,204716_at
4.1277,4.1277,4.9631,204717_s_at
7.1171,7.1171,6.9066,204718_at
4.48,4.48,4.126,204719_at
4.1278,4.1278,5.0037,204720_s_at
4.6678,4.6678,4.1261,204721_s_at
4.3186,4.3186,4.4856,204722_at
4.3742,4.3742,4.4267,204723_at
4.1278,4.1278,4.4336,204724_s_at
4.1279,4.1279,4.1262,204726_at
4.7262,4.7262,4.4593,204727_at
6.3292,6.3292,6.5416,204728_s_at
9.5902,9.5902,10.6951,204730_at
4.9442,4.9442,4.8342,204731_at
6.8214,6.8214,4.7355,204732_s_at
5.8214,5.8214,5.8469,204733_at
4.128,4.128,4.1262,204734_at
4.128,4.128,4.2883,204736_s_at
4.1281,4.1281,4.1263,204737_s_at
6.2116,6.2116,4.4814,204738_s_at
8.4151,8.4151,7.9598,204739_at
6.0182,6.0182,4.7453,204740_at
5.0808,5.0808,6.5383,204741_at
6.2671,6.2671,6.3082,204743_at
10.3262,10.3262,10.8477,204744_s_at
8.4925,8.4925,8.6328,204745_x_at
6.9395,6.9395,6.7452,204746_s_at
6.1961,6.1961,6.1661,204747_at
5.2026,5.2026,5.4399,204749_at
4.1281,4.1281,4.1263,204750_s_at
5.0978,5.0978,5.089,204751_x_at
4.1282,4.1282,4.1264,204753_s_at
4.1283,4.1283,4.8046,204754_at
6.0983,6.0983,6.9325,204758_s_at
8.3934,8.3934,8.3968,204759_at
4.1283,4.1283,4.1265,204760_s_at
5.2639,5.2639,5.0097,204762_s_at
5.1505,5.1505,4.7704,204763_s_at
5.6399,5.6399,6.117,204764_at
8.7974,8.7974,10.0392,204766_s_at
10.0792,10.0792,10.3538,204767_s_at
8.3847,8.3847,9.2886,204768_s_at
6.8854,6.8854,6.3335,204769_s_at
6.2534,6.2534,6.5156,204770_at
8.9667,8.9667,8.661,204771_s_at
6.684,6.684,6.1543,204773_at
7.0014,7.0014,6.8074,204774_at
8.0141,8.0141,8.5122,204775_at
5.9609,5.9609,5.6513,204776_at
5.724,5.724,5.7509,204777_s_at
4.3495,4.3495,4.4967,204778_x_at
5.3359,5.3359,6.1596,204779_s_at
5.098,5.098,5.1162,204780_s_at
4.1284,4.1284,4.4594,204782_at
4.1284,4.1284,4.79,204783_at
5.5441,5.5441,5.7233,204784_s_at
8.0836,8.0836,9.2513,204785_x_at
8.1388,8.1388,8.1423,204786_s_at
4.3139,4.3139,4.5454,204787_at
7.6152,7.6152,9.2261,204789_at
8.1067,8.1067,7.9892,204791_at
6.0497,6.0497,5.569,204792_s_at
8.3862,8.3862,6.5726,204793_at
7.1004,7.1004,7.9337,204794_at
5.5013,5.5013,5.7875,204795_at
4.8622,4.8622,4.1265,204796_at
4.8283,4.8283,5.0319,204797_s_at
13.8002,13.8002,11.3631,204798_at
7.6119,7.6119,7.3099,204799_at
6.3728,6.3728,6.3573,204800_s_at
6.4736,6.4736,5.9766,204801_s_at
4.5572,4.5572,4.8191,204802_at
4.5803,4.5803,4.355,204803_s_at
7.2841,7.2841,8.0785,204804_at
13.9221,13.9221,13.6285,204805_s_at
13.0465,13.0465,12.91,204806_x_at
5.2264,5.2264,5.4066,204807_at
4.1285,4.1285,4.1266,204810_s_at
5.9911,5.9911,5.9474,204811_s_at
6.1953,6.1953,6.1178,204813_at
4.1286,4.1286,4.1266,204814_at
4.1286,4.1286,4.3765,204815_s_at
4.1287,4.1287,4.4165,204816_s_at
9.9026,9.9026,10.0956,204817_at
4.1288,4.1288,4.1267,204818_at
6.5186,6.5186,6.3338,204819_at
9.8357,9.8357,8.1663,204820_s_at
6.6479,6.6479,5.784,204821_at
7.9345,7.9345,8.7083,204822_at
4.4628,4.4628,4.6943,204823_at
5.5584,5.5584,7.0631,204824_at
5.3103,5.3103,5.8166,204827_s_at
4.7377,4.7377,6.0051,204829_s_at
4.1288,4.1288,4.1268,204830_x_at
7.4814,7.4814,5.9862,204831_at
4.1289,4.1289,4.8901,204832_s_at
5.1074,5.1074,6.6087,204833_at
4.129,4.129,4.1268,204834_at
8.3198,8.3198,8.9904,204835_at
5.2386,5.2386,7.895,204836_at
7.9064,7.9064,8.035,204837_at
6.4823,6.4823,5.1189,204838_s_at
7.526,7.526,8.3249,204839_at
4.6402,4.6402,4.4303,204840_s_at
5.8964,5.8964,4.9762,204841_s_at
8.368,8.368,8.1776,204842_x_at
6.2634,6.2634,6.3555,204843_s_at
4.129,4.129,4.1269,204844_at
4.4022,4.4022,4.127,204845_s_at
4.2892,4.2892,4.127,204846_at
8.4015,8.4015,8.5594,204847_at
4.6515,4.6515,4.1271,204848_x_at
5.2732,5.2732,5.0564,204850_s_at
4.1291,4.1291,4.1272,204851_s_at
5.9522,5.9522,7.0389,204852_s_at
6.7227,6.7227,6.1652,204853_at
4.4072,4.4072,4.6918,204854_at
4.1291,4.1291,4.1272,204855_at
5.0331,5.0331,5.3312,204856_at
6.0118,6.0118,6.0712,204858_s_at
6.4109,6.4109,6.1049,204859_s_at
4.1292,4.1292,4.1273,204860_s_at
4.9827,4.9827,4.1274,204861_s_at
7.1147,7.1147,7.237,204862_s_at
6.1476,6.1476,5.8892,204863_s_at
5.3801,5.3801,5.4806,204864_s_at
4.1293,4.1293,4.619,204865_at
6.7051,6.7051,8.6647,204867_at
7.2834,7.2834,8.9005,204868_at
4.7863,4.7863,4.3979,204869_at
4.9902,4.9902,4.7579,204870_s_at
6.0083,6.0083,5.5676,204871_at
11.7283,11.7283,10.9749,204872_at
6.0944,6.0944,5.7669,204873_at
5.7089,5.7089,6.5329,204874_x_at
7.7067,7.7067,8.4766,204875_s_at
4.4902,4.4902,6.4601,204876_at
5.3962,5.3962,6.2006,204878_s_at
4.1294,4.1294,4.2976,204879_at
7.8337,7.8337,7.8233,204880_at
8.0776,8.0776,8.5879,204881_s_at
7.92,7.92,9.3818,204882_at
7.6213,7.6213,8.1811,204883_s_at
4.5826,4.5826,5.3333,204884_s_at
4.3073,4.3073,4.1274,204885_s_at
7.8958,7.8958,7.6213,204886_at
8.9099,8.9099,10.1172,204887_s_at
5.1965,5.1965,5.596,204888_s_at
6.0199,6.0199,6.0795,204889_s_at
6.3326,6.3326,7.8599,204890_s_at
7.3747,7.3747,8.5884,204891_s_at
14.9335,14.9335,14.9387,204892_x_at
6.4916,6.4916,5.8482,204893_s_at
5.2687,5.2687,5.5409,204894_s_at
4.9625,4.9625,4.2689,204895_x_at
4.1294,4.1294,4.3686,204896_s_at
7.6763,7.6763,8.8081,204897_at
4.8496,4.8496,5.2963,204898_at
7.1792,7.1792,6.5544,204899_s_at
10.1203,10.1203,8.6323,204900_x_at
6.6519,6.6519,6.5605,204901_at
6.8027,6.8027,6.05,204902_s_at
8.7627,8.7627,8.5248,204903_x_at
4.6144,4.6144,4.5858,204904_at
8.4599,8.4599,9.7658,204905_s_at
6.7289,6.7289,6.4521,204906_at
6.2276,6.2276,5.0961,204907_s_at
7.5105,7.5105,9.6265,204908_s_at
6.8328,6.8328,6.2844,204909_at
4.1295,4.1295,4.3312,204910_s_at
5.3127,5.3127,4.8125,204911_s_at
6.8284,6.8284,9.1712,204912_at
4.9444,4.9444,5.377,204913_s_at
4.9476,4.9476,4.1275,204914_s_at
5.0753,5.0753,4.1276,204915_s_at
6.4197,6.4197,6.8796,204916_at
6.368,6.368,5.5939,204917_s_at
5.0545,5.0545,5.1246,204918_s_at
5.1507,5.1507,5.1736,204919_at
5.1956,5.1956,5.4826,204920_at
5.2783,5.2783,4.9778,204921_at
4.9627,4.9627,6.6293,204922_at
10.2903,10.2903,11.6883,204923_at
4.8509,4.8509,5.9154,204924_at
4.5867,4.5867,4.1276,204926_at
5.2016,5.2016,5.2695,204927_at
6.0361,6.0361,7.2079,204928_s_at
8.1686,8.1686,6.9716,204929_s_at
7.3808,7.3808,7.627,204930_s_at
4.2878,4.2878,4.1277,204931_at
4.1295,4.1295,4.1278,204932_at
4.1296,4.1296,4.1278,204933_s_at
5.1996,5.1996,4.269,204934_s_at
5.1027,5.1027,5.0099,204935_at
6.7816,6.7816,6.3871,204936_at
4.1297,4.1297,4.1279,204938_s_at
4.9519,4.9519,4.128,204939_s_at
4.8175,4.8175,4.8,204940_at
4.1297,4.1297,4.128,204941_s_at
5.1861,5.1861,5.1029,204942_s_at
6.8382,6.8382,4.6672,204943_at
4.1298,4.1298,4.1281,204944_at
5.586,5.586,5.7588,204945_at
6.9703,6.9703,7.0741,204946_s_at
9.5014,9.5014,10.2612,204947_at
7.3447,7.3447,6.4585,204948_s_at
7.6285,7.6285,6.6047,204950_at
9.164,9.164,11.2818,204951_at
4.584,4.584,4.1281,204953_at
6.0142,6.0142,5.1751,204954_s_at
5.3827,5.3827,4.6367,204955_at
4.1298,4.1298,4.8988,204956_at
7.4886,7.4886,7.2339,204958_at
4.5254,4.5254,4.1282,204959_at
9.0341,9.0341,9.7252,204960_at
7.7036,7.7036,8.3342,204961_s_at
7.4926,7.4926,7.2045,204962_s_at
4.696,4.696,5.1978,204963_at
4.7405,4.7405,4.4496,204964_s_at
4.2909,4.2909,4.8903,204965_at
5.3526,5.3526,5.7722,204966_at
5.787,5.787,5.9854,204967_at
6.5404,6.5404,6.4529,204968_at
5.0097,5.0097,4.5963,204969_s_at
7.9349,7.9349,8.0539,204970_s_at
4.1299,4.1299,4.3887,204971_at
6.7803,6.7803,6.8125,204972_at
5.7248,5.7248,5.7651,204973_at
5.5485,5.5485,4.3065,204974_at
6.4633,6.4633,7.032,204975_at
8.0702,8.0702,7.5791,204976_s_at
4.13,4.13,5.4673,204979_s_at
6.9143,6.9143,6.321,204980_at
5.3653,5.3653,4.1283,204981_at
7.4256,7.4256,7.2312,204982_at
5.258,5.258,4.5981,204984_at
5.8298,5.8298,5.7803,204986_s_at
5.6155,5.6155,5.8768,204987_at
4.5091,4.5091,4.6402,204988_at
5.0677,5.0677,5.1619,204989_s_at
4.9103,4.9103,5.0932,204990_s_at
5.1557,5.1557,4.3125,204991_s_at
8.5584,8.5584,6.7756,204992_s_at
5.9405,5.9405,6.9795,204993_at
6.8886,6.8886,7.1555,204994_at
4.3247,4.3247,4.1283,204996_s_at
4.13,4.13,4.1284,204997_at
11.7192,11.7192,10.5525,205000_at
9.1138,9.1138,8.8935,205001_s_at
7.7044,7.7044,7.1057,205002_at
5.2886,5.2886,5.1087,205003_at
7.0386,7.0386,7.5223,205004_at
7.1316,7.1316,7.5961,205005_s_at
7.6108,7.6108,7.6187,205006_s_at
5.5795,5.5795,5.9919,205007_s_at
6.7442,6.7442,7.3211,205008_s_at
5.3135,5.3135,5.6354,205009_at
6.6504,6.6504,6.9114,205010_at
6.7559,6.7559,6.348,205011_at
7.4083,7.4083,7.473,205012_s_at
6.8407,6.8407,7.8775,205013_s_at
5.2065,5.2065,5.8582,205014_at
4.1301,4.1301,4.1284,205015_s_at
5.0381,5.0381,6.0388,205016_at
5.6944,5.6944,5.6462,205017_s_at
6.6228,6.6228,6.4106,205018_s_at
4.8777,4.8777,4.5523,205019_s_at
6.8996,6.8996,7.2692,205020_s_at
7.2004,7.2004,7.5123,205021_s_at
10.434,10.434,10.1916,205022_s_at
5.9423,5.9423,5.8354,205023_at
9.013,9.013,9.3543,205024_s_at
7.211,7.211,6.3225,205025_at
6.4919,6.4919,5.2116,205027_s_at
5.5295,5.5295,4.5305,205028_at
4.1301,4.1301,4.1285,205029_s_at
5.2067,5.2067,5.5174,205030_at
4.4684,4.4684,4.9719,205032_at
5.6131,5.6131,5.7818,205033_s_at
7.1431,7.1431,7.5837,205035_at
6.9854,6.9854,7.2151,205037_at
7.4821,7.4821,7.3478,205038_at
4.1302,4.1302,4.3485,205040_at
4.1303,4.1303,4.1286,205041_s_at
8.4465,8.4465,8.299,205042_at
4.6638,4.6638,4.2774,205043_at
4.4396,4.4396,5.3335,205044_at
5.4062,5.4062,5.5651,205045_at
6.8166,6.8166,7.2955,205047_s_at
4.6344,4.6344,4.6255,205048_s_at
8.7991,8.7991,10.9087,205049_s_at
5.9814,5.9814,6.4407,205050_s_at
7.3776,7.3776,5.7019,205052_at
8.537,8.537,10.3342,205053_at
5.5297,5.5297,5.4675,205054_at
4.4197,4.4197,4.3506,205056_s_at
4.1303,4.1303,4.1286,205057_s_at
6.4964,6.4964,6.3265,205058_at
8.1623,8.1623,6.5344,205059_s_at
6.8087,6.8087,6.667,205060_at
8.8899,8.8899,8.4451,205062_x_at
4.3795,4.3795,4.8024,205063_at
4.3331,4.3331,5.5584,205064_at
4.1304,4.1304,4.1287,205065_at
4.9096,4.9096,4.928,205066_s_at
6.401,6.401,5.7973,205068_s_at
5.4657,5.4657,4.1288,205069_s_at
10.6937,10.6937,11.1101,205070_at
4.1305,4.1305,4.6084,205071_x_at
4.1305,4.1305,5.5563,205072_s_at
4.9489,4.9489,4.5631,205073_at
5.7941,5.7941,5.6247,205074_at
5.6451,5.6451,5.7659,205075_at
5.1908,5.1908,5.4422,205076_s_at
7.6805,7.6805,7.6126,205077_s_at
6.0037,6.0037,6.2357,205078_at
5.8865,5.8865,5.3868,205080_at
8.7248,8.7248,10.259,205081_at
4.4514,4.4514,7.1501,205082_s_at
6.1099,6.1099,8.0073,205083_at
5.7509,5.7509,5.1738,205084_at
8.5503,8.5503,9.1819,205086_s_at
7.8778,7.8778,7.2973,205087_at
6.4404,6.4404,5.8183,205089_at
7.5904,7.5904,7.8014,205090_s_at
6.301,6.301,6.8662,205091_x_at
4.4438,4.4438,4.8757,205092_x_at
4.3541,4.3541,4.2786,205093_at
4.5852,4.5852,4.9353,205095_s_at
6.7775,6.7775,6.7684,205096_at
6.7903,6.7903,5.6522,205097_at
5.5674,5.5674,5.2521,205098_at
4.6316,4.6316,4.1288,205099_s_at
8.2579,8.2579,7.3295,205101_at
5.564,5.564,5.5605,205102_at
6.0911,6.0911,5.9599,205103_at
4.9455,4.9455,4.1289,205104_at
8.1654,8.1654,8.6716,205105_at
5.4597,5.4597,5.4194,205106_at
5.0847,5.0847,5.2576,205107_s_at
5.4371,5.4371,4.5579,205108_s_at
5.6403,5.6403,6.1043,205109_s_at
5.5092,5.5092,5.0965,205110_s_at
4.4564,4.4564,4.6554,205111_s_at
4.1306,4.1306,4.129,205112_at
5.3405,5.3405,4.7006,205113_at
4.1307,4.1307,5.8518,205114_s_at
7.1208,7.1208,7.2824,205115_s_at
4.1307,4.1307,5.1649,205116_at
4.5508,4.5508,4.4529,205117_at
4.4549,4.4549,5.0426,205118_at
5.7895,5.7895,5.1941,205119_s_at
4.7614,4.7614,4.6456,205121_at
4.1308,4.1308,4.129,205122_at
4.7277,4.7277,4.8872,205123_s_at
4.6962,4.6962,4.3829,205124_at
8.095,8.095,6.17,205125_at
7.7472,7.7472,7.5127,205126_at
4.463,4.463,4.4372,205127_at
6.1739,6.1739,6.8042,205128_x_at
7.5609,7.5609,7.6111,205129_at
6.6772,6.6772,5.9114,205131_x_at
5.9636,5.9636,6.8112,205132_at
8.7677,8.7677,10.4742,205133_s_at
7.5161,7.5161,7.624,205134_s_at
8.3239,8.3239,8.3451,205135_s_at
6.4686,6.4686,6.3745,205136_s_at
4.3206,4.3206,4.8415,205137_x_at
4.1309,4.1309,4.1291,205138_s_at
5.6859,5.6859,5.1113,205139_s_at
5.2039,5.2039,4.4559,205140_at
4.1309,4.1309,4.6832,205141_at
6.2853,6.2853,6.9512,205142_x_at
6.111,6.111,5.8873,205143_at
5.5115,5.5115,5.8249,205144_at
7.2827,7.2827,6.3181,205145_s_at
5.6832,5.6832,5.6302,205146_x_at
8.4455,8.4455,8.6706,205147_x_at
5.0556,5.0556,5.2987,205148_s_at
4.2945,4.2945,6.0691,205149_s_at
4.8055,4.8055,5.019,205150_s_at
4.4989,4.4989,5.9043,205151_s_at
5.0246,5.0246,5.0018,205152_at
4.131,4.131,4.1291,205154_at
4.7869,4.7869,4.4357,205155_s_at
5.2987,5.2987,6.371,205156_s_at
4.1311,4.1311,4.1292,205157_s_at
5.5494,5.5494,4.6783,205158_at
6.4781,6.4781,7.7242,205159_at
4.6452,4.6452,4.6525,205160_at
7.1717,7.1717,7.3327,205162_at
6.3401,6.3401,4.8424,205163_at
6.3013,6.3013,5.2034,205164_at
4.9897,4.9897,5.6356,205165_at
5.8729,5.8729,5.8047,205166_at
6.9318,6.9318,7.5513,205167_s_at
4.8476,4.8476,5.4866,205168_at
5.4236,5.4236,5.7342,205169_at
6.2357,6.2357,6.2595,205170_at
7.5249,7.5249,7.1697,205171_at
4.1311,4.1311,4.6809,205174_s_at
4.1312,4.1312,4.1293,205175_s_at
9.3132,9.3132,10.2152,205176_s_at
4.1313,4.1313,4.1294,205177_at
9.5099,9.5099,10.1141,205178_s_at
4.4173,4.4173,4.3426,205179_s_at
4.9073,4.9073,5.958,205180_s_at
4.5828,4.5828,6.5556,205181_at
6.163,6.163,7.3302,205182_s_at
4.1313,4.1313,4.1294,205183_at
5.7823,5.7823,6.2443,205184_at
4.6506,4.6506,5.7863,205185_at
4.1314,4.1314,4.2825,205186_at
5.0131,5.0131,5.174,205187_at
5.8433,5.8433,5.5836,205188_s_at
7.5728,7.5728,8.2607,205189_s_at
7.0771,7.0771,6.2526,205191_at
7.0495,7.0495,7.1644,205192_at
6.4976,6.4976,8.0264,205193_at
5.1136,5.1136,5.4439,205194_at
4.1315,4.1315,4.1295,205195_at
4.7499,4.7499,5.7063,205196_s_at
5.9596,5.9596,5.7418,205197_s_at
6.0653,6.0653,5.5411,205198_s_at
6.2563,6.2563,6.591,205199_at
5.222,5.222,4.3167,205200_at
6.6443,6.6443,6.3483,205201_at
6.2228,6.2228,6.6001,205203_at
6.2102,6.2102,6.8547,205204_at
6.1851,6.1851,5.7317,205206_at
5.4211,5.4211,5.6892,205207_at
6.2395,6.2395,6.2395,205208_at
5.9397,5.9397,5.8006,205209_at
10.062,10.062,8.0128,205210_at
7.3925,7.3925,5.8049,205211_s_at
7.9577,7.9577,7.7946,205212_s_at
8.3876,8.3876,7.841,205213_at
5.4165,5.4165,5.9373,205215_at
4.4199,4.4199,5.9237,205216_s_at
5.7,5.7,6.5153,205217_at
6.2503,6.2503,6.2492,205218_at
5.2531,5.2531,6.0437,205219_s_at
4.1315,4.1315,4.4061,205220_at
4.6174,4.6174,4.4212,205221_at
4.1316,4.1316,4.1295,205222_at
6.5278,6.5278,6.9645,205223_at
6.7243,6.7243,5.8793,205224_at
5.2328,5.2328,4.2869,205226_at
4.554,4.554,6.4613,205228_at
6.3546,6.3546,7.73,205229_s_at
4.6494,4.6494,5.3614,205230_at
6.9609,6.9609,6.7455,205231_s_at
6.3074,6.3074,5.7482,205232_s_at
4.6346,4.6346,4.2806,205234_at
6.1829,6.1829,7.0887,205235_s_at
5.8734,5.8734,6.4074,205236_x_at
5.104,5.104,5.6634,205237_at
7.2113,7.2113,7.3965,205238_at
7.0741,7.0741,6.7703,205239_at
7.0928,7.0928,7.0638,205240_at
6.6756,6.6756,6.3821,205241_at
4.3853,4.3853,4.1296,205242_at
5.4575,5.4575,4.6511,205243_at
4.1317,4.1317,4.3231,205244_s_at
7.2664,7.2664,7.6297,205245_at
6.2434,6.2434,6.0288,205246_at
5.4495,5.4495,5.6572,205247_at
6.1518,6.1518,6.5132,205248_at
6.6452,6.6452,5.8595,205250_s_at
5.6544,5.6544,5.4384,205252_at
4.1318,4.1318,4.1297,205253_at
4.7312,4.7312,4.5354,205254_x_at
8.9117,8.9117,8.824,205255_x_at
7.4073,7.4073,7.7713,205256_at
4.7486,4.7486,5.4402,205257_s_at
5.5571,5.5571,5.8881,205258_at
5.1383,5.1383,5.2908,205259_at
8.3837,8.3837,8.1709,205260_s_at
6.0648,6.0648,6.4482,205261_at
4.314,4.314,4.3071,205262_at
9.1049,9.1049,8.7795,205263_at
6.4515,6.4515,5.6524,205264_at
4.7535,4.7535,4.5918,205265_s_at
4.6229,4.6229,6.2703,205266_at
13.3885,13.3885,13.9055,205267_at
4.3419,4.3419,4.5787,205268_s_at
6.9037,6.9037,4.964,205269_at
7.2897,7.2897,4.3897,205270_s_at
4.4741,4.4741,5.5081,205271_s_at
4.1318,4.1318,4.1297,205272_s_at
8.9959,8.9959,9.3379,205273_s_at
4.1319,4.1319,4.1298,205274_at
4.7501,4.7501,4.2787,205275_at
6.4901,6.4901,6.5805,205276_s_at
7.0534,7.0534,7.1124,205277_at
4.132,4.132,4.5012,205278_at
5.1123,5.1123,4.9016,205279_s_at
4.132,4.132,4.1298,205280_at
6.9005,6.9005,8.032,205281_s_at
6.2059,6.2059,6.6519,205282_at
5.4132,5.4132,4.9721,205283_at
8.0341,8.0341,7.7895,205284_at
4.7503,4.7503,5.2043,205285_s_at
4.8322,4.8322,4.8742,205286_at
4.1321,4.1321,4.1299,205287_s_at
5.7724,5.7724,5.076,205288_at
4.3872,4.3872,4.3247,205289_at
6.5347,6.5347,4.13,205290_s_at
6.4922,6.4922,6.5498,205291_at
4.1322,4.1322,4.13,205293_x_at
6.1521,6.1521,6.5335,205294_at
7.6449,7.6449,6.4791,205295_at
5.7887,5.7887,5.0515,205296_at
12.4679,12.4679,12.2771,205297_s_at
7.7099,7.7099,7.7524,205298_s_at
6.2775,6.2775,5.3594,205299_s_at
7.7697,7.7697,6.9732,205300_s_at
5.0787,5.0787,5.1654,205301_s_at
4.5531,4.5531,4.9338,205302_at
4.9457,4.9457,5.3792,205303_at
5.1168,5.1168,4.3487,205304_s_at
6.4601,6.4601,6.5532,205305_at
5.6946,5.6946,6.7097,205306_x_at
5.9242,5.9242,5.2843,205307_s_at
6.306,6.306,5.178,205308_at
4.1322,4.1322,4.1301,205309_at
6.3939,6.3939,6.5057,205310_at
4.3096,4.3096,4.4992,205311_at
5.9948,5.9948,4.4167,205312_at
5.3266,5.3266,6.7122,205313_at
4.1323,4.1323,4.1301,205314_x_at
7.5901,7.5901,8.0453,205315_s_at
6.3491,6.3491,6.4389,205316_at
5.5455,5.5455,5.8418,205317_s_at
5.5778,5.5778,5.3299,205318_at
5.0226,5.0226,4.1302,205319_at
5.4362,5.4362,4.7115,205320_at
7.8595,7.8595,8.4318,205321_at
6.335,6.335,6.9752,205322_s_at
7.5859,7.5859,7.6418,205323_s_at
5.185,5.185,4.3143,205325_at
5.2303,5.2303,6.6265,205326_at
6.6427,6.6427,7.3247,205327_s_at
5.8842,5.8842,6.2247,205328_at
7.3723,7.3723,8.4089,205329_s_at
7.4934,7.4934,5.5844,205330_at
4.3998,4.3998,4.4894,205331_s_at
4.4816,4.4816,4.6556,205332_at
7.3858,7.3858,7.4667,205333_s_at
5.8395,5.8395,5.6159,205334_at
10.5809,10.5809,11.3857,205335_s_at
4.1324,4.1324,4.3066,205336_at
4.8415,4.8415,4.1303,205337_at
6.2341,6.2341,6.1314,205338_s_at
8.0217,8.0217,9.1806,205339_at
5.2248,5.2248,5.1789,205341_at
4.1324,4.1324,4.4042,205342_s_at
4.6176,4.6176,4.8705,205343_at
4.1325,4.1325,4.1303,205344_at
10.8027,10.8027,11.3001,205345_at
4.8564,4.8564,6.1585,205346_at
7.8746,7.8746,9.616,205347_s_at
5.9906,5.9906,5.6126,205348_s_at
4.3046,4.3046,4.4484,205350_at
5.9718,5.9718,5.6721,205351_at
6.3111,6.3111,6.0522,205352_at
10.34,10.34,11.0156,205353_s_at
7.3123,7.3123,7.635,205354_at
5.0065,5.0065,4.8398,205355_at
8.4633,8.4633,9.368,205356_at
5.1931,5.1931,4.7414,205357_s_at
4.1325,4.1325,4.1304,205358_at
5.697,5.697,5.6382,205359_at
5.7838,5.7838,5.7255,205360_at
9.3571,9.3571,8.9371,205361_s_at
6.575,6.575,6.7209,205362_s_at
4.1326,4.1326,4.7958,205363_at
4.9506,4.9506,5.5065,205364_at
5.5404,5.5404,5.4709,205365_at
4.3369,4.3369,4.1305,205366_s_at
8.2136,8.2136,8.8413,205367_at
4.1327,4.1327,4.3296,205368_at
6.2093,6.2093,5.2627,205369_x_at
11.7372,11.7372,10.4065,205370_x_at
4.3436,4.3436,4.6695,205371_s_at
5.1742,5.1742,6.1767,205372_at
4.3438,4.3438,5.2441,205373_at
6.3986,6.3986,5.9892,205374_at
5.3152,5.3152,5.9761,205375_at
4.3207,4.3207,4.4015,205377_s_at
4.1327,4.1327,4.1305,205378_s_at
4.8583,4.8583,5.3197,205380_at
5.1125,5.1125,5.1132,205381_at
5.0052,5.0052,4.2514,205382_s_at
8.1085,8.1085,7.1765,205383_s_at
4.499,4.499,4.5372,205384_at
5.1366,5.1366,5.0762,205385_at
5.5515,5.5515,4.9198,205386_s_at
4.1328,4.1328,4.2732,205387_s_at
5.1918,5.1918,4.5777,205388_at
6.2023,6.2023,4.9724,205389_s_at
4.3116,4.3116,4.759,205390_s_at
4.3319,4.3319,4.1306,205391_x_at
4.63,4.63,4.4647,205392_s_at
8.5718,8.5718,9.2058,205394_at
7.0209,7.0209,7.4069,205395_s_at
5.4997,5.4997,5.8191,205396_at
4.483,4.483,4.4373,205397_x_at
4.7186,4.7186,4.1307,205399_at
6.0966,6.0966,6.1964,205400_at
8.4831,8.4831,8.4151,205401_at
5.0713,5.0713,5.6551,205402_x_at
4.1329,4.1329,4.1307,205403_at
5.7208,5.7208,5.4936,205404_at
5.4214,5.4214,5.545,205405_at
5.4608,5.4608,4.8059,205407_at
6.7731,6.7731,6.8592,205408_at
4.5869,4.5869,5.884,205409_at
6.09,6.09,5.5653,205410_s_at
5.4176,5.4176,5.7976,205411_at
8.8047,8.8047,10.2403,205412_at
6.6759,6.6759,5.4612,205413_at
4.8153,4.8153,4.978,205414_s_at
7.1515,7.1515,6.9005,205415_s_at
5.7378,5.7378,5.1288,205416_s_at
5.7784,5.7784,4.6007,205418_at
4.1329,4.1329,4.384,205419_at
6.1057,6.1057,5.5962,205420_at
4.133,4.133,4.1308,205421_at
4.1331,4.1331,4.1309,205422_s_at
6.2778,6.2778,5.3955,205424_at
6.26,6.26,6.0961,205425_at
5.4785,5.4785,6.0016,205426_s_at
6.6654,6.6654,5.0117,205427_at
5.4413,5.4413,5.4817,205428_s_at
6.3063,6.3063,7.1724,205429_s_at
4.1332,4.1332,4.1309,205430_at
5.68,5.68,5.7302,205431_s_at
6.7156,6.7156,6.6948,205432_at
4.8346,4.8346,4.9646,205433_at
9.254,9.254,8.5036,205434_s_at
7.2495,7.2495,5.7309,205435_s_at
12.542,12.542,12.5851,205436_s_at
8.5293,8.5293,10.0039,205437_at
4.4686,4.4686,4.131,205438_at
4.3188,4.3188,4.1311,205439_at
4.1332,4.1332,4.1311,205440_s_at
6.6373,6.6373,7.2595,205441_at
4.1333,4.1333,4.5789,205442_at
6.4718,6.4718,5.5774,205443_at
5.7484,5.7484,5.8718,205444_at
5.3219,5.3219,5.3672,205445_at
7.3818,7.3818,7.4123,205446_s_at
4.4357,4.4357,4.2575,205447_s_at
5.1608,5.1608,6.0773,205448_s_at
10.1244,10.1244,10.5475,205449_at
7.2457,7.2457,5.0325,205453_at
4.8935,4.8935,4.1312,205454_at
6.172,6.172,6.0587,205455_at
6.1919,6.1919,6.4997,205456_at
6.9932,6.9932,7.1051,205457_at
6.376,6.376,6.7575,205458_at
4.4158,4.4158,4.4631,205459_s_at
4.1334,4.1334,4.1313,205460_at
4.3743,4.3743,4.1313,205461_at
5.6198,5.6198,5.3616,205462_s_at
5.0383,5.0383,5.9349,205464_at
4.3557,4.3557,4.2839,205465_x_at
6.3558,6.3558,5.9415,205466_s_at
4.4588,4.4588,5.1093,205468_s_at
6.2165,6.2165,7.4745,205469_s_at
5.4486,5.4486,5.7033,205470_s_at
7.0011,7.0011,4.6405,205471_s_at
6.1529,6.1529,4.1314,205472_s_at
4.2869,4.2869,4.2926,205473_at
9.7056,9.7056,8.8672,205474_at
5.5964,5.5964,5.5628,205475_at
4.4359,4.4359,4.1315,205476_at
4.1334,4.1334,4.3889,205477_s_at
4.1335,4.1335,4.1315,205478_at
5.4822,5.4822,5.6323,205479_s_at
5.4711,5.4711,5.27,205481_at
7.485,7.485,7.2206,205482_x_at
7.8118,7.8118,7.3958,205483_s_at
5.5094,5.5094,6.4724,205484_at
4.3801,4.3801,4.1316,205485_at
7.8872,7.8872,7.4152,205486_at
4.3397,4.3397,4.1317,205487_s_at
5.811,5.811,5.656,205488_at
6.3456,6.3456,8.4643,205489_at
4.7188,4.7188,4.7656,205490_x_at
4.575,4.575,4.5179,205491_s_at
4.441,4.441,4.4121,205492_s_at
4.701,4.701,5.1386,205493_s_at
7.4274,7.4274,7.6414,205494_at
5.0385,5.0385,4.4497,205495_s_at
5.0762,5.0762,4.2716,205496_at
5.6752,5.6752,4.944,205497_at
4.7643,4.7643,4.1318,205499_at
4.1336,4.1336,4.1318,205501_at
5.07,5.07,6.3341,205502_at
4.1336,4.1336,4.7616,205503_at
6.9476,6.9476,7.2949,205505_at
4.2893,4.2893,5.5308,205506_at
6.4289,6.4289,6.1928,205507_at
5.8244,5.8244,6.2818,205508_at
5.8587,5.8587,4.6086,205509_at
9.1726,9.1726,7.8962,205510_s_at
8.0884,8.0884,7.2598,205511_at
7.1397,7.1397,8.1059,205512_s_at
5.3243,5.3243,5.4269,205513_at
5.7464,5.7464,5.198,205514_at
4.1337,4.1337,4.2977,205515_at
7.7587,7.7587,8.0007,205516_x_at
4.3291,4.3291,5.2873,205517_at
6.7618,6.7618,6.1633,205518_s_at
5.9421,5.9421,6.4182,205519_at
6.0448,6.0448,6.0299,205520_at
7.4764,7.4764,8.0715,205521_at
5.28,5.28,5.7744,205522_at
4.1338,4.1338,4.1319,205523_at
4.3447,4.3447,4.3332,205524_s_at
5.1254,5.1254,5.2508,205525_at
8.3828,8.3828,9.1157,205526_s_at
7.2782,7.2782,6.8937,205527_s_at
4.1338,4.1338,4.5834,205528_s_at
4.3912,4.3912,5.4526,205529_s_at
6.6072,6.6072,6.4784,205530_at
4.5574,4.5574,4.398,205531_s_at
4.1339,4.1339,4.132,205532_s_at
4.6768,4.6768,4.2515,205533_s_at
4.134,4.134,4.8193,205534_at
4.134,4.134,4.132,205535_s_at
6.3286,6.3286,4.6684,205536_at
4.1341,4.1341,4.1321,205537_s_at
4.3475,4.3475,4.6227,205538_at
5.1596,5.1596,4.5014,205539_at
6.0326,6.0326,5.4227,205540_s_at
8.2285,8.2285,7.6089,205541_s_at
5.081,5.081,5.2061,205542_at
4.1342,4.1342,4.7423,205543_at
4.5283,4.5283,5.6812,205544_s_at
10.4148,10.4148,10.7927,205545_x_at
9.7415,9.7415,9.7632,205546_s_at
6.3801,6.3801,6.0234,205547_s_at
4.4,4.4,4.1322,205551_at
4.3895,4.3895,5.1307,205552_s_at
4.1342,4.1342,4.1322,205553_s_at
4.8557,4.8557,5.9908,205554_s_at
4.1343,4.1343,4.1323,205555_s_at
4.4606,4.4606,4.1324,205556_at
4.4776,4.4776,4.1324,205557_at
7.9316,7.9316,6.9415,205558_at
4.1344,4.1344,4.9979,205559_s_at
4.8272,4.8272,5.0413,205560_at
6.0776,6.0776,4.8775,205561_at
4.3484,4.3484,4.2813,205563_at
4.9577,4.9577,4.2968,205564_at
5.6788,5.6788,6.5629,205565_s_at
5.8886,5.8886,6.1761,205566_at
5.576,5.576,5.8755,205567_at
4.7068,4.7068,4.9889,205568_at
4.1344,4.1344,4.1325,205569_at
5.7512,5.7512,5.0242,205570_at
8.4776,8.4776,6.7202,205571_at
4.3097,4.3097,4.1325,205572_at
5.2614,5.2614,4.9981,205574_x_at
4.3231,4.3231,6.9609,205575_at
4.6789,4.6789,4.2978,205576_at
6.1745,6.1745,4.3552,205577_at
4.1345,4.1345,4.7484,205578_at
4.9386,4.9386,4.5563,205579_at
4.3768,4.3768,4.3407,205580_s_at
4.3986,4.3986,4.4471,205582_s_at
7.6522,7.6522,6.4245,205583_s_at
6.1742,6.1742,5.4386,205584_at
6.9818,6.9818,6.2875,205585_at
4.7151,4.7151,6.8321,205586_x_at
4.1346,4.1346,4.4499,205587_at
6.8966,6.8966,7.5953,205588_s_at
5.6145,5.6145,5.4375,205589_at
6.7079,6.7079,7.692,205590_at
4.1346,4.1346,4.3196,205591_at
5.0983,5.0983,6.0136,205592_at
5.7277,5.7277,4.4791,205593_s_at
7.7673,7.7673,6.3253,205594_at
5.1998,5.1998,5.4659,205595_at
9.4687,9.4687,8.2565,205596_s_at
4.3797,4.3797,4.9929,205597_at
6.7694,6.7694,6.5523,205598_at
4.8522,4.8522,4.9782,205599_at
6.1596,6.1596,6.4053,205600_x_at
6.609,6.609,6.7289,205601_s_at
5.4353,5.4353,5.0421,205602_x_at
7.459,7.459,7.436,205603_s_at
6.0107,6.0107,4.6945,205604_at
4.47,4.47,4.3664,205605_at
5.2069,5.2069,4.692,205606_at
6.555,6.555,6.6564,205608_s_at
4.7104,4.7104,4.7774,205609_at
5.7055,5.7055,5.4462,205610_at
4.1347,4.1347,4.1326,205611_at
4.7245,4.7245,4.8439,205612_at
4.3174,4.3174,4.7917,205613_at
5.3312,5.3312,5.9328,205614_x_at
4.1348,4.1348,4.9282,205615_at
5.5985,5.5985,6.433,205616_at
4.5702,4.5702,5.4677,205617_at
4.3117,4.3117,4.7238,205619_s_at
4.5601,4.5601,4.1327,205620_at
7.9837,7.9837,8.5926,205621_at
7.0465,7.0465,7.0034,205622_at
4.9603,4.9603,5.6608,205623_at
4.4036,4.4036,4.3179,205624_at
5.1051,5.1051,4.1327,205625_s_at
5.1085,5.1085,5.0806,205626_s_at
4.1348,4.1348,4.6875,205627_at
5.4549,5.4549,5.5333,205628_at
4.4777,4.4777,4.8537,205629_s_at
4.4175,4.4175,5.0308,205630_at
6.9906,6.9906,7.3914,205631_at
5.9721,5.9721,7.9636,205632_s_at
7.7172,7.7172,7.4263,205634_x_at
4.5322,4.5322,4.1328,205635_at
4.7221,4.7221,5.8949,205636_at
5.5,5.5,5.1233,205637_s_at
4.4727,4.4727,4.6922,205638_at
5.1878,5.1878,4.2586,205639_at
7.3695,7.3695,7.1854,205641_s_at
7.9457,7.9457,7.9159,205642_at
5.1015,5.1015,6.012,205643_s_at
11.7576,11.7576,12.3298,205644_s_at
4.6798,4.6798,5.2599,205645_at
4.3968,4.3968,4.1329,205646_s_at
6.2861,6.2861,5.2143,205647_at
4.5309,4.5309,4.6649,205648_at
4.1349,4.1349,4.1329,205649_s_at
5.7813,5.7813,5.6474,205650_s_at
4.1349,4.1349,4.3701,205651_x_at
5.5147,5.5147,6.0754,205652_s_at
5.4853,5.4853,4.2912,205653_at
4.3332,4.3332,5.8069,205654_at
6.591,6.591,5.3618,205655_at
6.4997,6.4997,6.2663,205656_at
5.7467,5.7467,6.4621,205657_at
7.2935,7.2935,7.3397,205658_s_at
5.3268,5.3268,6.5992,205659_at
6.5189,6.5189,6.8889,205661_s_at
4.4239,4.4239,4.9403,205662_at
5.1182,5.1182,5.0842,205663_at
9.0831,9.0831,8.7133,205664_at
5.2957,5.2957,4.133,205665_at
5.445,5.445,6.8835,205666_at
6.8258,6.8258,5.5776,205668_at
5.0887,5.0887,4.982,205669_at
4.135,4.135,4.1331,205670_at
6.9208,6.9208,7.5919,205671_s_at
7.0468,7.0468,5.7186,205673_s_at
7.5297,7.5297,6.4292,205674_x_at
4.135,4.135,5.1377,205675_at
7.0123,7.0123,6.749,205677_s_at
5.2995,5.2995,5.0726,205678_at
5.87,5.87,6.283,205679_x_at
4.4677,4.4677,4.1332,205680_at
4.1351,4.1351,5.5778,205681_at
7.5238,7.5238,7.977,205682_x_at
4.4753,4.4753,4.3779,205683_x_at
6.5937,6.5937,5.9418,205684_s_at
5.3707,5.3707,5.782,205685_at
4.1352,4.1352,4.1332,205686_s_at
6.3989,6.3989,6.3031,205687_at
6.0547,6.0547,4.9588,205688_at
5.461,5.461,4.773,205689_at
10.3411,10.3411,10.1641,205690_s_at
8.578,8.578,9.9017,205692_s_at
5.3905,5.3905,6.5723,205693_at
4.1352,4.1352,4.3842,205694_at
5.9458,5.9458,6.1063,205695_at
5.1337,5.1337,4.9022,205696_s_at
4.3515,4.3515,4.5307,205697_at
6.8468,6.8468,6.8502,205698_s_at
5.1368,5.1368,5.4013,205699_at
4.607,4.607,5.0821,205700_at
5.0445,5.0445,4.5288,205701_at
5.6917,5.6917,5.7157,205702_at
4.1353,4.1353,4.5478,205703_at
6.6066,6.6066,6.9567,205704_s_at
6.0472,6.0472,5.2882,205705_at
6.08,6.08,4.1333,205706_s_at
8.3737,8.3737,7.6766,205707_at
6.948,6.948,6.6026,205708_s_at
4.1353,4.1353,4.1334,205709_s_at
4.1354,4.1354,5.7028,205710_at
13.9166,13.9166,13.6601,205711_x_at
7.0704,7.0704,6.0585,205712_at
4.1355,4.1355,4.1334,205713_s_at
5.2818,5.2818,5.0651,205714_s_at
4.1355,4.1355,4.1335,205715_at
5.4871,5.4871,5.8132,205716_at
5.9932,5.9932,6.0391,205717_x_at
5.908,5.908,7.4514,205718_at
4.3333,4.3333,4.7859,205719_s_at
5.0564,5.0564,5.2375,205720_at
5.3418,5.3418,4.6896,205721_at
4.3601,4.3601,4.441,205722_s_at
5.5744,5.5744,5.8736,205723_at
5.0923,5.0923,4.3729,205724_at
5.3986,5.3986,5.4326,205725_at
7.244,7.244,6.6507,205726_at
4.1356,4.1356,4.1336,205727_at
4.1357,4.1357,4.1336,205728_at
4.9151,4.9151,5.129,205729_at
4.1357,4.1357,4.2927,205730_s_at
5.9407,5.9407,5.8617,205731_s_at
4.894,4.894,4.66,205732_s_at
8.5253,8.5253,9.5583,205733_at
4.9241,4.9241,6.0139,205734_s_at
4.3098,4.3098,4.5797,205735_s_at
4.9459,4.9459,4.4026,205736_at
5.6193,5.6193,4.904,205737_at
4.4566,4.4566,4.8519,205738_s_at
8.4613,8.4613,8.0612,205739_x_at
8.5615,8.5615,8.7232,205740_s_at
4.6178,4.6178,4.6407,205742_at
5.8362,5.8362,5.9873,205743_at
5.1789,5.1789,5.4819,205744_at
7.7685,7.7685,7.0001,205745_x_at
4.1358,4.1358,5.5218,205746_s_at
4.1359,4.1359,4.339,205747_at
6.9137,6.9137,7.236,205748_s_at
4.6701,4.6701,4.5056,205751_at
7.3454,7.3454,6.6979,205752_s_at
4.8208,4.8208,4.1337,205753_at
4.5033,4.5033,4.4142,205754_at
6.6592,6.6592,4.3211,205755_at
5.9801,5.9801,6.4862,205756_s_at
5.1611,5.1611,6.3152,205757_at
4.3496,4.3496,4.8805,205758_at
6.117,6.117,6.2179,205759_s_at
5.9687,5.9687,6.2067,205760_s_at
6.0612,6.0612,6.1706,205761_s_at
5.4722,5.4722,4.7256,205762_s_at
6.5362,6.5362,7.3468,205763_s_at
4.1359,4.1359,5.5582,205764_at
4.136,4.136,4.1338,205765_at
6.1831,6.1831,4.3631,205766_at
5.1751,5.1751,4.1338,205767_at
5.398,5.398,6.2821,205768_s_at
5.3668,5.3668,6.6939,205769_at
6.8793,6.8793,7.6077,205770_at
7.2243,7.2243,7.7594,205771_s_at
4.7034,4.7034,5.4882,205772_s_at
5.4178,5.4178,4.6542,205773_at
5.3783,5.3783,5.0823,205776_at
5.1197,5.1197,4.5581,205777_at
5.2337,5.2337,4.327,205778_at
4.3232,4.3232,4.1339,205779_at
4.2857,4.2857,7.5275,205780_at
5.6972,5.6972,6.5808,205781_at
5.0732,5.0732,4.7732,205782_at
5.467,5.467,5.1855,205783_at
6.0302,6.0302,5.1742,205784_x_at
5.3377,5.3377,6.0053,205785_at
5.3923,5.3923,5.4614,205786_s_at
7.9723,7.9723,7.4678,205787_x_at
12.0416,12.0416,11.2479,205788_s_at
4.136,4.136,5.815,205789_at
6.5656,6.5656,6.5263,205790_at
4.9174,4.9174,6.2929,205791_x_at
4.3529,4.3529,4.4268,205792_at
4.9912,4.9912,5.5714,205793_x_at
5.1265,5.1265,6.2761,205794_s_at
4.1361,4.1361,4.264,205795_at
6.2231,6.2231,5.3526,205796_at
6.1041,6.1041,4.9992,205797_s_at
7.549,7.549,8.6535,205798_at
5.3718,5.3718,5.6005,205799_s_at
4.1362,4.1362,4.134,205800_at
4.9778,4.9778,4.134,205801_s_at
4.8794,4.8794,5.0244,205802_at
4.5076,4.5076,4.1341,205803_s_at
6.5353,6.5353,6.4404,205804_s_at
5.6368,5.6368,7.9939,205805_s_at
5.7736,5.7736,5.4853,205806_at
7.0479,7.0479,8.1089,205807_s_at
4.3705,4.3705,4.3087,205808_at
8.0036,8.0036,6.8464,205809_s_at
4.4672,4.4672,4.3072,205810_s_at
11.7621,11.7621,11.5315,205812_s_at
4.1362,4.1362,4.3391,205813_s_at
5.1142,5.1142,4.3351,205814_at
5.67,5.67,5.662,205815_at
4.6877,4.6877,4.3508,205816_at
4.4265,4.4265,4.1342,205817_at
5.0349,5.0349,5.5397,205818_at
4.3457,4.3457,4.3633,205819_at
4.291,4.291,4.6351,205820_s_at
4.5818,4.5818,5.6953,205822_s_at
7.746,7.746,6.9765,205823_at
4.1363,4.1363,4.1342,205824_at
4.6156,4.6156,4.1343,205825_at
5.6929,5.6929,4.1344,205826_at
4.1364,4.1364,4.8935,205827_at
5.4936,5.4936,5.4457,205828_at
5.2837,5.2837,5.2318,205829_at
6.3341,6.3341,5.9938,205830_at
5.4161,5.4161,5.4207,205831_at
6.0696,6.0696,6.135,205832_at
4.1364,4.1364,4.3688,205833_s_at
4.1365,4.1365,4.3731,205834_s_at
5.2405,5.2405,5.4842,205835_s_at
6.0916,6.0916,6.1922,205836_s_at
4.3248,4.3248,4.1344,205837_s_at
4.1365,4.1365,4.2979,205838_at
8.6828,8.6828,9.4763,205839_s_at
7.7851,7.7851,7.4406,205840_x_at
5.3497,5.3497,5.2818,205841_at
6.6642,6.6642,6.059,205842_s_at
6.4844,6.4844,6.5602,205843_x_at
4.3398,4.3398,4.1345,205844_at
4.2946,4.2946,4.344,205845_at
4.1366,4.1366,4.7743,205846_at
6.4218,6.4218,6.018,205847_at
4.1366,4.1366,4.6949,205848_at
13.4029,13.4029,13.4173,205849_s_at
4.3485,4.3485,4.6241,205850_s_at
6.6047,6.6047,6.3126,205851_at
5.4013,5.4013,4.5599,205852_at
4.1367,4.1367,4.2826,205853_at
6.0491,6.0491,7.1225,205854_at
6.1002,6.1002,6.6326,205855_at
4.1368,4.1368,4.4156,205856_at
5.3803,5.3803,4.2554,205857_at
4.6302,4.6302,4.1346,205858_at
8.7138,8.7138,11.069,205859_at
4.5157,4.5157,4.3089,205860_x_at
5.3744,5.3744,9.0685,205861_at
4.1368,4.1368,4.1346,205862_at
5.7573,5.7573,5.6476,205863_at
5.0936,5.0936,6.7825,205864_at
5.5785,5.5785,6.008,205865_at
4.1369,4.1369,5.2386,205866_at
4.1369,4.1369,4.2587,205867_at
5.5732,5.5732,4.1347,205868_s_at
4.137,4.137,4.4461,205869_at
5.0519,5.0519,4.3449,205870_at
6.2893,6.2893,5.3779,205871_at
4.3542,4.3542,5.2702,205872_x_at
6.7543,6.7543,6.7268,205873_at
4.3896,4.3896,7.2171,205874_at
7.1892,7.1892,7.4478,205875_s_at
4.1371,4.1371,4.3595,205876_at
6.0762,6.0762,6.2466,205877_s_at
4.8103,4.8103,4.9784,205878_at
5.7106,5.7106,6.785,205879_x_at
4.6072,4.6072,5.362,205880_at
4.1371,4.1371,4.2733,205881_at
10.6397,10.6397,10.8877,205882_x_at
6.6308,6.6308,5.9376,205883_at
5.795,5.795,5.8597,205884_at
6.1922,6.1922,5.6515,205885_s_at
5.714,5.714,5.6995,205886_at
7.2137,7.2137,7.0445,205887_x_at
6.42,6.42,5.0679,205888_s_at
5.0099,5.0099,5.0434,205889_s_at
4.1372,4.1372,4.1348,205890_s_at
4.7023,4.7023,6.0369,205891_at
4.3141,4.3141,4.1348,205892_s_at
4.1372,4.1372,4.663,205893_at
5.1863,5.1863,5.8252,205894_at
6.2856,6.2856,5.7559,205896_at
5.0005,5.0005,4.1349,205898_at
5.4015,5.4015,5.2403,205900_at
5.6074,5.6074,6.7709,205901_at
4.1373,4.1373,4.1349,205902_at
4.1373,4.1373,4.135,205903_s_at
7.4536,7.4536,7.6905,205904_at
7.2845,7.2845,7.3532,205905_s_at
5.2946,5.2946,5.8262,205906_at
5.1481,5.1481,4.8866,205907_s_at
4.1374,4.1374,5.3475,205908_s_at
4.1375,4.1375,4.135,205910_s_at
6.0394,6.0394,5.8954,205911_at
4.8461,4.8461,4.8918,205912_at
4.5359,4.5359,4.9491,205913_at
4.1375,4.1375,4.5016,205914_s_at
4.5078,4.5078,4.4227,205915_x_at
4.1376,4.1376,4.1351,205916_at
7.7661,7.7661,7.5844,205917_at
4.1376,4.1376,4.1352,205918_at
4.3335,4.3335,4.3526,205920_at
4.1377,4.1377,4.5355,205921_s_at
4.1378,4.1378,6.1367,205922_at
5.5967,5.5967,4.9299,205923_at
4.3399,4.3399,4.4305,205924_at
4.1378,4.1378,4.5164,205925_s_at
6.6406,6.6406,5.6373,205926_at
5.8936,5.8936,5.8254,205927_s_at
6.6234,6.6234,6.9613,205928_at
5.3327,5.3327,5.3827,205929_at
6.5958,6.5958,7.4428,205930_at
5.9774,5.9774,5.1366,205931_s_at
7.8782,7.8782,7.6495,205932_s_at
4.9957,4.9957,6.4247,205933_at
4.997,4.997,4.9556,205934_at
5.2084,5.2084,5.0825,205935_at
4.4361,4.4361,4.3006,205936_s_at
4.1379,4.1379,4.2702,205937_at
4.9769,4.9769,5.0289,205938_at
4.7865,4.7865,5.0327,205939_at
5.619,5.619,4.4213,205940_at
5.2356,5.2356,5.43,205941_s_at
5.9117,5.9117,8.7291,205942_s_at
4.7785,4.7785,5.1541,205943_at
5.3949,5.3949,5.3622,205944_s_at
4.1379,4.1379,4.7884,205945_at
4.5641,4.5641,4.2928,205946_at
4.138,4.138,4.1352,205947_s_at
4.3779,4.3779,5.5985,205948_at
5.8341,5.8341,5.641,205949_at
4.6392,4.6392,5.5462,205950_s_at
4.65,4.65,4.1353,205951_at
4.3268,4.3268,4.3466,205952_at
8.0655,8.0655,7.807,205953_at
4.8738,4.8738,5.2097,205954_at
6.3494,6.3494,5.5988,205955_at
7.3092,7.3092,8.451,205956_x_at
4.4962,4.4962,4.1353,205957_at
5.8855,5.8855,6.0275,205958_x_at
4.1381,4.1381,4.1354,205959_at
4.1381,4.1381,4.1355,205960_at
9.3309,9.3309,9.8576,205961_s_at
4.1382,4.1382,4.1355,205962_at
5.5165,5.5165,4.7941,205964_at
4.8439,4.8439,4.9284,205965_at
4.1383,4.1383,4.1356,205966_at
14.8163,14.8163,14.8917,205967_at
6.1456,6.1456,4.638,205968_at
4.5426,4.5426,4.7562,205969_at
6.4739,6.4739,6.569,205970_at
4.9243,4.9243,5.7704,205971_s_at
5.2504,5.2504,4.9808,205972_at
5.7177,5.7177,5.3257,205973_at
4.3814,4.3814,4.1357,205974_at
6.0364,6.0364,6.3842,205975_s_at
5.4271,5.4271,5.2007,205976_at
5.2007,5.2007,4.8153,205977_s_at
4.5428,4.5428,4.4375,205978_at
4.1383,4.1383,4.6615,205979_at
4.327,4.327,4.1357,205980_s_at
9.4929,9.4929,10.0451,205981_s_at
4.1384,4.1384,4.1358,205982_x_at
6.2728,6.2728,6.0963,205983_at
4.3002,4.3002,4.5971,205984_at
4.4001,4.4001,4.4531,205985_x_at
6.1691,6.1691,6.2752,205986_at
4.1385,4.1385,4.5017,205987_at
6.2749,6.2749,7.0373,205988_at
4.7214,4.7214,4.5228,205989_s_at
4.3015,4.3015,4.1359,205990_s_at
5.4698,5.4698,5.6095,205991_s_at
6.6648,6.6648,5.624,205992_s_at
5.0229,5.0229,4.7684,205993_s_at
4.9793,4.9793,4.7564,205994_at
8.6386,8.6386,8.5046,205995_x_at
7.306,7.306,8.1081,205996_s_at
5.4954,5.4954,5.7075,205997_at
7.4532,7.4532,7.2315,205998_x_at
5.3555,5.3555,4.9517,205999_x_at
4.5625,4.5625,4.2942,206000_at
12.8945,12.8945,8.2276,206001_at
4.1385,4.1385,4.8442,206002_at
9.0118,9.0118,8.1677,206003_at
5.7133,5.7133,5.8946,206004_at
6.6142,6.6142,6.184,206006_s_at
5.2212,5.2212,4.1359,206007_at
4.1386,4.1386,4.136,206008_at
5.2437,5.2437,4.9109,206009_at
6.0069,6.0069,6.4772,206010_at
5.8702,5.8702,6.3963,206011_at
5.0764,5.0764,5.9009,206012_at
4.1386,4.1386,4.136,206013_s_at
4.1387,4.1387,4.1361,206014_at
7.7293,7.7293,6.7973,206016_at
4.3401,4.3401,4.5844,206017_at
4.1388,4.1388,4.1362,206018_at
7.8281,7.8281,7.9036,206019_at
6.7268,6.7268,5.3397,206020_at
5.3633,5.3633,4.1362,206021_at
4.9044,4.9044,5.355,206022_at
4.1388,4.1388,4.1363,206023_at
4.1389,4.1389,4.1364,206024_at
4.8243,4.8243,5.0445,206025_s_at
5.06,5.06,4.7943,206026_s_at
5.7002,5.7002,4.7745,206027_at
5.3594,5.3594,5.282,206028_s_at
5.0216,5.0216,4.1364,206029_at
4.1389,4.1389,4.3732,206030_at
6.9211,6.9211,6.5332,206031_s_at
5.2663,5.2663,5.1606,206032_at
5.1212,5.1212,4.1365,206033_s_at
6.1272,6.1272,6.8376,206034_at
4.7107,4.7107,5.7408,206035_at
8.0221,8.0221,7.2907,206036_s_at
6.6206,6.6206,6.8934,206037_at
6.5946,6.5946,6.2764,206038_s_at
4.9605,4.9605,5.6412,206039_at
4.139,4.139,4.1365,206040_s_at
8.4971,8.4971,8.2823,206042_x_at
4.6471,4.6471,4.1366,206043_s_at
6.012,6.012,6.3924,206044_s_at
4.139,4.139,4.1366,206045_s_at
5.8977,5.8977,7.5848,206046_at
6.1541,6.1541,6.8963,206047_at
4.7294,4.7294,4.2653,206048_at
6.7528,6.7528,7.2257,206049_at
4.4056,4.4056,5.9389,206051_at
11.7643,11.7643,12.9023,206052_s_at
7.5757,7.5757,7.3954,206053_at
4.2961,4.2961,4.9547,206054_at
12.3931,12.3931,11.5012,206055_s_at
7.5402,7.5402,6.816,206056_x_at
5.9868,5.9868,6.2053,206057_x_at
5.3262,5.3262,5.9096,206058_at
9.4944,9.4944,8.4132,206059_at
5.4322,5.4322,6.2769,206060_s_at
8.3881,8.3881,7.7262,206061_s_at
5.4242,5.4242,5.3423,206062_at
7.0781,7.0781,6.986,206063_x_at
5.1349,5.1349,4.9961,206064_s_at
4.5752,4.5752,5.4328,206065_s_at
4.1391,4.1391,4.1367,206067_s_at
5.7309,5.7309,4.4501,206068_s_at
4.1392,4.1392,4.1368,206069_s_at
5.0231,5.0231,5.0488,206071_s_at
4.6332,4.6332,4.3791,206072_at
6.0421,6.0421,4.1368,206073_at
11.2443,11.2443,11.97,206074_s_at
7.3564,7.3564,7.6384,206075_s_at
4.2895,4.2895,4.7381,206076_at
4.5458,4.5458,4.4347,206077_at
5.2652,5.2652,6.2009,206078_at
6.5111,6.5111,6.6458,206079_at
6.3975,6.3975,6.9012,206080_at
7.607,7.607,5.8209,206082_at
4.8178,4.8178,5.0583,206083_at
4.551,4.551,4.7658,206084_at
4.1392,4.1392,4.7429,206085_s_at
4.8524,4.8524,5.5317,206086_x_at
5.4599,5.4599,5.1922,206087_x_at
5.7522,5.7522,5.9106,206088_at
4.5642,4.5642,4.1369,206089_at
5.9572,5.9572,5.8153,206090_s_at
4.7601,4.7601,4.1369,206091_at
6.9596,6.9596,6.6796,206092_x_at
5.0617,5.0617,5.0993,206093_x_at
5.307,5.307,6.7011,206094_x_at
10.5475,10.5475,10.9905,206095_s_at
6.2261,6.2261,6.605,206096_at
6.35,6.35,6.2529,206097_at
4.6544,4.6544,4.3929,206098_at
4.686,4.686,5.8819,206100_at
5.3161,5.3161,5.7746,206101_at
7.5084,7.5084,7.9623,206102_at
4.1393,4.1393,4.137,206103_at
5.0946,5.0946,4.4435,206104_at
6.2663,6.2663,6.3975,206105_at
4.9022,4.9022,6.7813,206106_at
4.3003,4.3003,4.2814,206107_at
7.1737,7.1737,8.0979,206108_s_at
6.7922,6.7922,6.3701,206110_at
5.4828,5.4828,5.0138,206111_at
4.4098,4.4098,4.1371,206112_at
6.897,6.897,6.7293,206113_s_at
4.4342,4.4342,4.6409,206114_at
4.43,4.43,5.6351,206115_at
5.4404,5.4404,4.3495,206116_s_at
5.1076,5.1076,4.5525,206117_at
5.5409,5.5409,6.2023,206118_at
4.4003,4.4003,4.9472,206119_at
4.3544,4.3544,4.3352,206120_at
5.1029,5.1029,5.6252,206121_at
4.3033,4.3033,4.2884,206122_at
4.4218,4.4218,5.6759,206123_at
4.2858,4.2858,4.4436,206124_s_at
6.2586,6.2586,6.1099,206125_s_at
4.1394,4.1394,5.8684,206126_at
6.3517,6.3517,5.8523,206127_at
5.7004,5.7004,5.3507,206128_at
5.3379,5.3379,5.0764,206129_s_at
4.874,4.874,4.6674,206130_s_at
4.9491,4.9491,5.091,206131_at
6.3983,6.3983,6.2093,206132_at
6.9244,6.9244,7.2778,206133_at
4.9407,4.9407,5.0681,206134_at
4.1394,4.1394,4.1371,206135_at
4.1395,4.1395,4.3073,206136_at
4.3176,4.3176,5.002,206137_at
9.0869,9.0869,9.8448,206138_s_at
7.1424,7.1424,7.6029,206139_at
4.1395,4.1395,4.5116,206140_at
5.0511,5.0511,5.0567,206141_at
6.0434,6.0434,4.1372,206142_at
4.1396,4.1396,4.1372,206143_at
6.0415,6.0415,5.586,206144_at
5.5397,5.5397,4.4777,206145_at
4.8646,4.8646,4.3022,206146_s_at
4.4004,4.4004,4.309,206148_at
4.5644,4.5644,4.6396,206149_at
8.3991,8.3991,6.2575,206150_at
4.1397,4.1397,4.3997,206151_x_at
6.4111,6.4111,5.9583,206152_at
4.1397,4.1397,4.1373,206153_at
4.4831,4.4831,5.9315,206154_at
4.1398,4.1398,4.4123,206155_at
4.3016,4.3016,4.1373,206156_at
4.6454,4.6454,4.4403,206157_at
13.1521,13.1521,13.3981,206158_s_at
5.1006,5.1006,4.1374,206159_at
5.6551,5.6551,6.4583,206160_at
4.931,4.931,5.3912,206161_s_at
4.1398,4.1398,5.0502,206162_x_at
4.1399,4.1399,4.1375,206163_at
4.14,4.14,4.1375,206164_at
5.2086,5.2086,5.4646,206165_s_at
5.1734,5.1734,5.15,206166_s_at
4.7702,4.7702,4.1376,206167_s_at
4.9245,4.9245,5.7561,206168_at
8.8493,8.8493,7.519,206169_x_at
5.2114,5.2114,5.7641,206171_at
4.14,4.14,4.3541,206172_at
10.3761,10.3761,10.5073,206174_s_at
5.5988,5.5988,5.9117,206175_x_at
5.8744,5.8744,4.8697,206176_at
6.059,6.059,5.7996,206178_at
4.9353,4.9353,4.592,206179_s_at
4.5179,4.5179,4.9852,206180_x_at
5.2143,5.2143,6.147,206181_at
8.5405,8.5405,7.8093,206182_at
5.4382,5.4382,5.5631,206183_s_at
6.4224,6.4224,6.0966,206184_at
4.1401,4.1401,4.1376,206185_at
6.1602,6.1602,6.7697,206186_at
4.3897,4.3897,4.4307,206187_at
4.8248,4.8248,4.3409,206188_at
5.2582,5.2582,4.7444,206189_at
4.8145,4.8145,4.1377,206190_at
4.3781,4.3781,5.6829,206191_at
4.42,4.42,4.9891,206192_at
4.3158,4.3158,4.1378,206193_s_at
6.0629,6.0629,6.1487,206194_at
6.5365,6.5365,6.2858,206195_x_at
6.2827,6.2827,4.3144,206196_s_at
5.318,5.318,5.5693,206197_at
4.4038,4.4038,4.1378,206198_s_at
5.5974,5.5974,5.4884,206199_at
4.1401,4.1401,4.1379,206201_s_at
4.1402,4.1402,4.1379,206202_at
5.8123,5.8123,4.7062,206203_at
5.5749,5.5749,5.0785,206204_at
6.3378,6.3378,5.9357,206205_at
5.3512,5.3512,5.7696,206206_at
5.3951,5.3951,4.6527,206207_at
4.1403,4.1403,4.7678,206208_at
5.8349,5.8349,5.7958,206209_s_at
4.1403,4.1403,4.4158,206210_s_at
4.7085,4.7085,4.5058,206211_at
6.6787,6.6787,6.7678,206212_at
4.3731,4.3731,5.0946,206213_at
5.3301,5.3301,5.0291,206214_at
4.825,4.825,4.5708,206215_at
6.5024,6.5024,4.4308,206216_at
6.4434,6.4434,5.5519,206217_at
5.1791,5.1791,5.1559,206218_at
8.9769,8.9769,8.4376,206219_s_at
4.1404,4.1404,4.3248,206220_s_at
4.1405,4.1405,4.138,206221_at
5.1322,5.1322,5.3399,206222_at
4.897,4.897,5.1134,206223_at
5.0265,5.0265,5.3223,206224_at
4.818,4.818,6.1016,206225_at
4.8285,4.8285,4.7068,206226_at
6.1085,6.1085,6.7054,206227_at
4.5897,4.5897,5.2339,206228_at
5.5899,5.5899,4.9077,206229_x_at
4.1405,4.1405,4.1381,206230_at
5.4185,5.4185,6.7187,206231_at
4.1406,4.1406,4.1381,206232_s_at
6.031,6.031,4.8243,206233_at
5.2311,5.2311,4.5654,206234_s_at
5.9689,5.9689,5.3464,206235_at
5.2734,5.2734,5.0144,206236_at
4.4631,4.4631,4.1382,206237_s_at
7.5442,7.5442,7.8807,206238_s_at
4.1407,4.1407,5.4564,206239_s_at
8.5559,8.5559,8.739,206240_s_at
6.1406,6.1406,4.7887,206241_at
5.6318,5.6318,5.9943,206242_at
4.1407,4.1407,4.9215,206243_at
4.1408,4.1408,4.1383,206244_at
8.9052,8.9052,9.3146,206245_s_at
4.4729,4.4729,5.1441,206246_at
10.0273,10.0273,10.0048,206247_at
5.4689,5.4689,6.0891,206248_at
4.1408,4.1408,4.1383,206249_at
4.1409,4.1409,4.2929,206250_x_at
5.0728,5.0728,4.3197,206251_s_at
5.282,5.282,5.4774,206252_s_at
4.141,4.141,5.1797,206253_at
7.646,7.646,10.1757,206255_at
5.8186,5.8186,5.9297,206256_at
7.7606,7.7606,8.2934,206257_at
4.141,4.141,4.4896,206258_at
4.6892,4.6892,4.2703,206259_at
5.497,5.497,5.3624,206260_at
4.2978,4.2978,6.1353,206261_at
4.1411,4.1411,4.9752,206262_at
6.9043,6.9043,6.8996,206263_at
5.7514,5.7514,5.5183,206264_at
4.1411,4.1411,4.4596,206265_s_at
4.1412,4.1412,4.1384,206266_at
7.112,7.112,7.2536,206267_s_at
5.7739,5.7739,5.9198,206268_at
5.2963,5.2963,5.7766,206269_at
4.1412,4.1412,4.2734,206270_at
4.8,4.8,5.2796,206271_at
7.6575,7.6575,7.4868,206272_at
5.9583,5.9583,6.7153,206273_at
7.1721,7.1721,6.5338,206274_s_at
5.0075,5.0075,4.1385,206275_s_at
4.1413,4.1413,4.1385,206277_at
4.1414,4.1414,4.1386,206278_at
7.2744,7.2744,6.3344,206279_at
5.3105,5.3105,6.1247,206280_at
6.1159,6.1159,6.1007,206281_at
4.1414,4.1414,4.1386,206282_at
4.9694,4.9694,5.4084,206283_s_at
8.3329,8.3329,8.8298,206284_x_at
4.1415,4.1415,5.8211,206285_at
4.3769,4.3769,4.1387,206286_s_at
6.7531,6.7531,4.5601,206287_s_at
4.9661,4.9661,4.5204,206288_at
5.7374,5.7374,6.0664,206289_at
4.7505,4.7505,4.6398,206290_s_at
4.6527,4.6527,4.981,206291_at
4.1415,4.1415,4.5873,206292_s_at
4.1416,4.1416,4.5087,206293_at
4.8182,4.8182,4.4969,206294_at
5.1717,5.1717,4.1388,206295_at
9.6803,9.6803,9.9036,206296_x_at
6.3892,6.3892,6.9175,206297_at
4.3118,4.3118,4.2618,206298_at
4.3304,4.3304,5.2786,206299_at
5.0539,5.0539,4.8937,206300_s_at
4.1417,4.1417,4.1388,206301_at
8.4342,8.4342,7.7729,206302_s_at
7.3983,7.3983,7.8791,206303_s_at
5.1574,5.1574,4.1389,206304_at
4.4873,4.4873,4.5939,206305_s_at
4.8184,4.8184,5.404,206306_at
4.9001,4.9001,4.4239,206307_s_at
6.8309,6.8309,5.1906,206308_at
5.6044,5.6044,5.551,206309_at
7.0528,7.0528,6.3596,206310_at
6.0637,6.0637,4.8633,206311_s_at
4.5977,4.5977,4.7717,206312_at
6.2611,6.2611,6.4509,206313_at
4.7795,4.7795,4.8171,206314_at
5.0743,5.0743,4.1389,206315_at
4.3874,4.3874,4.139,206317_s_at
6.2606,6.2606,5.339,206318_at
4.8757,4.8757,5.8362,206319_s_at
4.3545,4.3545,4.3113,206320_s_at
4.3018,4.3018,4.139,206321_at
4.1417,4.1417,4.341,206322_at
9.7692,9.7692,8.8183,206323_x_at
4.3558,4.3558,4.5117,206324_s_at
5.9289,5.9289,5.2697,206325_at
4.2979,4.2979,4.2788,206326_at
5.0148,5.0148,4.5591,206327_s_at
4.5561,4.5561,4.3488,206328_at
4.2911,4.2911,5.1755,206329_at
4.1418,4.1418,4.2992,206330_s_at
4.747,4.747,4.7372,206331_at
9.1424,9.1424,8.4831,206332_s_at
4.2981,4.2981,5.2288,206333_at
5.7549,5.7549,5.2356,206334_at
6.9808,6.9808,6.6339,206335_at
4.9137,4.9137,4.9243,206336_at
5.8074,5.8074,6.0286,206337_at
4.4489,4.4489,4.1391,206338_at
6.1925,6.1925,5.8995,206339_at
5.1946,5.1946,5.0102,206340_at
4.8566,4.8566,4.9914,206341_at
8.4976,8.4976,9.3694,206342_x_at
4.1418,4.1418,4.3673,206343_s_at
5.0603,5.0603,5.0672,206344_at
4.1419,4.1419,5.3079,206345_s_at
4.618,4.618,4.1392,206346_at
5.4564,5.4564,6.1619,206347_at
5.926,5.926,5.9318,206348_s_at
4.1419,4.1419,4.1392,206349_at
4.5311,4.5311,5.8649,206350_at
5.6109,5.6109,5.2704,206351_s_at
7.2045,7.2045,6.6766,206352_s_at
6.2202,6.2202,6.1961,206353_at
4.4802,4.4802,5.1744,206354_at
4.6792,4.6792,4.1393,206355_at
4.4024,4.4024,4.1394,206356_s_at
4.142,4.142,4.4183,206357_at
5.034,5.034,4.2914,206358_at
4.3336,4.3336,4.793,206359_at
5.6354,5.6354,5.6997,206360_s_at
5.6599,5.6599,5.9602,206361_at
4.5333,4.5333,4.5836,206362_x_at
4.1421,4.1421,5.2411,206363_at
5.3381,5.3381,4.4648,206365_at
4.1421,4.1421,4.1394,206366_x_at
4.2896,4.2896,4.4793,206367_at
4.1422,4.1422,4.5031,206368_at
6.2913,6.2913,6.8062,206369_s_at
5.9245,5.9245,4.2529,206370_at
4.3402,4.3402,4.3014,206371_at
4.1422,4.1422,4.3034,206372_at
4.1423,4.1423,4.2735,206373_at
7.8378,7.8378,6.6102,206374_at
4.6086,4.6086,4.3101,206375_s_at
4.1423,4.1423,4.1395,206376_at
6.0552,6.0552,5.0405,206377_at
4.1424,4.1424,4.1395,206378_at
4.4976,4.4976,4.5181,206379_at
4.1425,4.1425,4.2597,206380_s_at
4.4506,4.4506,4.3232,206381_at
4.959,4.959,4.894,206382_s_at
7.3769,7.3769,7.552,206383_s_at
4.4853,4.4853,4.1396,206384_at
4.5084,4.5084,4.8184,206385_s_at
4.1425,4.1425,5.3251,206386_at
4.1426,4.1426,4.1397,206387_at
5.6273,5.6273,5.8072,206388_at
4.1426,4.1426,4.1397,206389_s_at
6.0396,6.0396,5.4389,206390_x_at
4.1427,4.1427,4.2666,206391_at
4.1427,4.1427,4.1398,206392_s_at
4.1428,4.1428,4.1398,206393_at
4.1429,4.1429,6.4604,206394_at
4.3692,4.3692,4.8533,206395_at
4.8261,4.8261,4.4473,206396_at
4.5587,4.5587,4.1399,206397_x_at
4.1429,4.1429,4.3127,206399_x_at
4.143,4.143,4.3145,206400_at
4.8942,4.8942,4.3853,206402_s_at
5.7943,5.7943,5.8346,206403_at
5.9817,5.9817,5.4922,206404_at
7.2429,7.2429,7.0864,206405_x_at
4.143,4.143,4.14,206406_at
5.1509,5.1509,5.2648,206407_s_at
5.2721,5.2721,5.3288,206408_at
4.5979,4.5979,4.5723,206409_at
5.3885,5.3885,5.2822,206410_at
5.2743,5.2743,5.6909,206411_s_at
4.3745,4.3745,4.6022,206412_at
7.2931,7.2931,8.2095,206413_s_at
4.1431,4.1431,4.8389,206415_at
4.577,4.577,4.14,206416_at
5.4306,5.4306,4.9793,206417_at
4.583,4.583,4.1401,206418_at
4.3617,4.3617,4.4753,206419_at
5.0849,5.0849,4.5437,206420_at
4.1431,4.1431,4.2555,206421_s_at
5.4278,5.4278,4.253,206422_at
4.1432,4.1432,4.1401,206423_at
6.2915,6.2915,5.6948,206424_at
4.4992,4.4992,5.2489,206425_s_at
4.4142,4.4142,4.7748,206426_at
5.1432,5.1432,5.1151,206427_s_at
4.1432,4.1432,4.1402,206428_s_at
5.5631,5.5631,5.6844,206429_at
4.4039,4.4039,4.4943,206430_at
8.2943,8.2943,8.119,206431_x_at
4.1433,4.1433,4.9066,206432_at
4.7917,4.7917,4.9539,206433_s_at
4.3836,4.3836,4.1403,206434_at
5.3195,5.3195,4.6602,206435_at
6.1408,6.1408,5.6448,206436_at
8.897,8.897,8.1486,206437_at
7.313,7.313,7.2233,206438_x_at
4.7425,4.7425,4.9795,206439_at
4.1433,4.1433,4.5456,206440_at
7.5127,7.5127,8.403,206441_s_at
4.1434,4.1434,4.9994,206442_at
4.1434,4.1434,5.0214,206443_at
4.495,4.495,4.5241,206444_at
9.8833,9.8833,9.48,206445_s_at
4.6688,4.6688,4.1403,206446_s_at
4.7234,4.7234,4.1404,206447_at
5.8939,5.8939,4.5949,206448_at
4.3578,4.3578,4.8981,206449_s_at
4.1435,4.1435,4.2969,206450_at
6.0985,6.0985,5.3707,206451_at
7.7532,7.7532,8.1695,206452_x_at
5.3727,5.3727,5.7895,206453_s_at
4.9088,4.9088,4.5548,206454_s_at
5.2631,5.2631,4.7049,206455_s_at
4.1436,4.1436,4.1405,206456_at
5.6513,5.6513,5.0766,206457_s_at
4.4302,4.4302,4.1405,206458_s_at
6.2242,6.2242,6.0822,206459_s_at
4.7841,4.7841,5.4718,206460_at
8.5842,8.5842,8.3795,206461_x_at
5.9793,5.9793,5.6469,206462_s_at
4.5875,4.5875,4.4169,206463_s_at
4.1436,4.1436,4.5183,206464_at
5.4375,5.4375,5.2118,206465_at
5.1793,5.1793,4.1406,206466_at
7.0894,7.0894,7.4836,206467_x_at
5.2439,5.2439,5.8453,206468_s_at
7.4177,7.4177,7.3786,206469_x_at
5.9106,5.9106,5.0368,206470_at
6.491,6.491,5.2164,206471_s_at
4.8031,4.8031,5.8423,206472_s_at
4.3914,4.3914,4.9944,206473_at
5.8467,5.8467,5.9392,206474_at
6.3919,6.3919,6.0579,206475_x_at
4.1437,4.1437,4.1407,206476_s_at
6.6084,6.6084,6.4047,206477_s_at
9.7347,9.7347,8.2532,206478_at
4.1437,4.1437,4.8259,206479_at
5.2764,5.2764,4.1407,206480_at
4.1438,4.1438,4.8195,206481_s_at
4.332,4.332,4.1408,206482_at
5.6276,5.6276,4.9812,206483_at
7.7087,7.7087,5.411,206484_s_at
5.6356,5.6356,5.1322,206485_at
4.8946,4.8946,4.2762,206486_at
6.0005,6.0005,4.3115,206487_at
4.1438,4.1438,4.1408,206489_s_at
4.1439,4.1439,4.1409,206490_at
7.2219,7.2219,8.2258,206491_s_at
10.559,10.559,7.1021,206492_at
5.6439,5.6439,6.0245,206493_at
4.1439,4.1439,4.141,206494_s_at
6.6775,6.6775,6.7747,206495_s_at
4.1439,4.1439,4.141,206496_at
4.4755,4.4755,4.1411,206497_at
4.5914,4.5914,5.9336,206498_at
8.5036,8.5036,8.7155,206499_s_at
9.0844,9.0844,8.3399,206500_s_at
4.144,4.144,4.1411,206502_s_at
4.1441,4.1441,6.0264,206503_x_at
4.5486,4.5486,4.3473,206504_at
4.1441,4.1441,4.1412,206505_at
7.2924,7.2924,6.2231,206506_s_at
6.4384,6.4384,5.9777,206507_at
5.0827,5.0827,4.9168,206508_at
5.7143,5.7143,5.9276,206509_at
4.5224,4.5224,5.2601,206510_at
5.6224,5.6224,5.6702,206511_s_at
5.862,5.862,4.1412,206512_at
5.814,5.814,5.3314,206513_at
4.1442,4.1442,4.1413,206514_s_at
4.1442,4.1442,4.6458,206515_at
6.7159,6.7159,5.9668,206516_at
4.1443,4.1443,4.1414,206517_at
5.2229,5.2229,4.7647,206518_s_at
5.1763,5.1763,4.1414,206519_x_at
6.2463,6.2463,5.9631,206520_x_at
4.1443,4.1443,4.3843,206521_s_at
4.1444,4.1444,4.1415,206522_at
4.1444,4.1444,5.0178,206523_at
6.0099,6.0099,5.6854,206524_at
5.1598,5.1598,4.8725,206525_at
6.1052,6.1052,4.2931,206526_at
4.4779,4.4779,4.9801,206527_at
4.8245,4.8245,4.9936,206528_at
5.0291,5.0291,4.5733,206529_x_at
5.8547,5.8547,6.1145,206530_at
4.1445,4.1445,4.5779,206532_at
4.9478,4.9478,5.0844,206533_at
5.6654,5.6654,4.4971,206534_at
4.1445,4.1445,4.1415,206535_at
5.4736,5.4736,5.2381,206536_s_at
5.0007,5.0007,4.1416,206537_at
4.3099,4.3099,4.1417,206538_at
5.9339,5.9339,4.1417,206539_s_at
6.2532,6.2532,5.1883,206540_at
4.3019,4.3019,4.1418,206541_at
8.4673,8.4673,7.3645,206542_s_at
4.6732,4.6732,4.1418,206543_at
6.9253,6.9253,6.3874,206544_x_at
5.0466,5.0466,4.5781,206545_at
4.1446,4.1446,4.4694,206546_at
4.5208,4.5208,4.3313,206547_s_at
8.1865,8.1865,6.044,206548_at
5.0868,5.0868,5.4415,206549_at
8.1111,8.1111,9.0521,206550_s_at
11.262,11.262,9.3957,206551_x_at
4.5488,4.5488,4.8548,206552_s_at
5.16,5.16,4.1419,206553_at
7.0861,7.0861,7.5409,206554_x_at
10.1326,10.1326,9.5371,206555_s_at
4.9818,4.9818,5.1076,206556_at
4.9355,4.9355,4.8493,206557_at
5.3129,5.3129,4.5374,206558_at
14.9186,14.9186,14.9361,206559_x_at
4.9668,4.9668,4.1419,206560_s_at
5.002,5.002,5.4925,206561_s_at
5.8229,5.8229,4.8127,206563_s_at
6.1153,6.1153,6.357,206564_at
5.7342,5.7342,6.1225,206565_x_at
4.3349,4.3349,4.3298,206566_at
7.5964,7.5964,7.5769,206567_s_at
4.3063,4.3063,5.5728,206568_at
4.1446,4.1446,4.3411,206569_at
4.543,4.543,5.2497,206570_s_at
8.1098,8.1098,8.9123,206572_x_at
5.6709,5.6709,5.8651,206573_at
6.0825,6.0825,6.5015,206574_s_at
4.1447,4.1447,4.3091,206575_at
5.6812,5.6812,5.4731,206576_s_at
4.1447,4.1447,4.4229,206577_at
4.8585,4.8585,4.4063,206578_at
4.9153,4.9153,4.9876,206579_at
5.5751,5.5751,6.3297,206580_s_at
5.113,5.113,4.9855,206581_at
4.4574,4.4574,4.4544,206582_s_at
7.4245,7.4245,5.9823,206583_at
4.9683,4.9683,5.6403,206584_at
4.2947,4.2947,4.142,206585_at
6.1778,6.1778,6.4538,206586_at
6.8506,6.8506,7.2699,206587_at
4.1448,4.1448,4.3199,206588_at
10.9811,10.9811,8.563,206589_at
6.6461,6.6461,6.4659,206590_x_at
9.9922,9.9922,5.6687,206591_at
9.9017,9.9017,9.263,206592_s_at
7.2869,7.2869,7.399,206593_s_at
6.2048,6.2048,6.7364,206594_at
5.025,5.025,5.2491,206595_at
5.9889,5.9889,6.2281,206596_s_at
4.3694,4.3694,4.5152,206597_at
4.1448,4.1448,4.1421,206598_at
4.7049,4.7049,4.1421,206599_at
6.6246,6.6246,5.6762,206600_s_at
4.947,4.947,4.1422,206601_s_at
4.1449,4.1449,4.1422,206602_s_at
4.4516,4.4516,4.5992,206603_at
4.1449,4.1449,4.2943,206604_at
4.4939,4.4939,4.5846,206605_at
4.2932,4.2932,4.4184,206606_at
5.5607,5.5607,6.0833,206607_at
6.4671,6.4671,6.2705,206608_s_at
5.0912,5.0912,4.6785,206609_at
4.337,4.337,5.2099,206610_s_at
4.4177,4.4177,6.5744,206611_at
4.145,4.145,4.3354,206612_at
4.7645,4.7645,5.2857,206613_s_at
4.994,4.994,5.4868,206614_at
4.145,4.145,4.5439,206615_s_at
4.1451,4.1451,4.1423,206616_s_at
4.4344,4.4344,4.2954,206617_s_at
4.1451,4.1451,4.1423,206618_at
4.3855,4.3855,4.1424,206619_at
5.1613,5.1613,4.4323,206620_at
5.205,5.205,6.3173,206622_at
5.4262,5.4262,4.5458,206623_at
6.3663,6.3663,6.872,206624_at
5.6479,5.6479,6.0118,206625_at
4.1452,4.1452,5.0698,206626_x_at
4.1452,4.1452,4.1425,206627_s_at
4.855,4.855,5.0692,206628_at
4.1453,4.1453,4.1425,206629_at
5.7651,5.7651,5.4331,206630_at
6.1675,6.1675,5.337,206631_at
6.5566,6.5566,9.5038,206632_s_at
5.7786,5.7786,5.3055,206633_at
4.9176,4.9176,5.1078,206634_at
5.2294,5.2294,5.688,206635_at
6.2153,6.2153,6.829,206636_at
9.6298,9.6298,4.4215,206637_at
4.1453,4.1453,4.1426,206638_at
4.9521,4.9521,4.1426,206639_x_at
4.3439,4.3439,4.8699,206640_x_at
4.1454,4.1454,4.9247,206641_at
4.1454,4.1454,4.2717,206642_at
5.1709,5.1709,4.9094,206643_at
4.8812,4.8812,5.1002,206644_at
4.8742,4.8742,4.1427,206645_s_at
5.637,5.637,5.6965,206646_at
4.1455,4.1455,4.1427,206647_at
5.8011,5.8011,5.0863,206648_at
6.6053,6.6053,6.5096,206649_s_at
5.1199,5.1199,5.1664,206650_at
4.1455,4.1455,4.1428,206651_s_at
6.232,6.232,5.1487,206652_at
4.9388,4.9388,5.1447,206653_at
5.2929,5.2929,5.081,206654_s_at
4.3655,4.3655,4.1429,206655_s_at
9.6646,9.6646,11.0382,206656_s_at
4.5933,4.5933,4.5243,206657_s_at
4.7087,4.7087,4.3752,206658_at
5.7477,5.7477,5.4004,206659_at
12.7236,12.7236,12.6602,206660_at
4.4781,4.4781,4.7201,206661_at
6.6629,6.6629,5.9876,206663_at
4.1455,4.1455,4.1429,206664_at
5.1434,5.1434,4.8134,206665_s_at
4.3602,4.3602,4.6544,206666_at
4.9446,4.9446,5.5122,206667_s_at
6.7878,6.7878,6.5759,206668_s_at
4.1456,4.1456,4.855,206669_at
4.1456,4.1456,4.2565,206670_s_at
5.4187,5.4187,7.7528,206671_at
6.6967,6.6967,7.2028,206672_at
5.7403,5.7403,5.7978,206673_at
8.5651,8.5651,7.3872,206674_at
6.1535,6.1535,5.6958,206675_s_at
4.1457,4.1457,4.6928,206676_at
4.5199,4.5199,5.4068,206677_at
4.2859,4.2859,4.143,206678_at
5.4205,5.4205,5.8108,206679_at
5.0774,5.0774,4.6094,206680_at
5.3092,5.3092,4.9541,206681_x_at
5.1576,5.1576,5.229,206682_at
4.9155,4.9155,4.143,206683_at
5.0405,5.0405,5.4975,206684_s_at
4.1457,4.1457,4.1431,206685_at
6.6942,6.6942,6.1148,206686_at
4.3875,4.3875,4.3324,206690_at
4.3322,4.3322,4.3299,206691_s_at
4.6879,4.6879,5.2603,206692_at
4.1458,4.1458,4.4337,206693_at
4.2982,4.2982,4.5973,206694_at
7.1323,7.1323,7.7875,206695_x_at
4.1458,4.1458,4.3427,206696_at
5.2258,5.2258,4.8261,206697_s_at
5.3733,5.3733,5.5492,206698_at
4.4303,4.4303,5.2173,206699_x_at
9.4999,9.4999,8.5957,206700_s_at
4.1459,4.1459,4.5515,206701_x_at
4.3421,4.3421,4.4844,206702_at
4.7143,4.7143,5.7177,206703_at
5.0547,5.0547,5.4234,206704_at
5.0558,5.0558,5.248,206705_at
4.4099,4.4099,4.7271,206706_at
8.3178,8.3178,8.3804,206707_x_at
5.982,5.982,5.7534,206708_at
5.2997,5.2997,5.3709,206709_x_at
4.1459,4.1459,4.1431,206710_s_at
4.146,4.146,4.1432,206711_at
4.146,4.146,4.1432,206712_at
5.5276,5.5276,6.085,206713_at
4.8134,4.8134,5.3236,206714_at
4.8596,4.8596,5.1799,206715_at
5.3805,5.3805,4.2588,206716_at
4.7164,4.7164,4.3998,206717_at
5.8687,5.8687,5.1449,206718_at
6.1101,6.1101,5.6968,206719_at
5.3635,5.3635,4.5614,206720_at
4.5935,4.5935,4.1433,206721_at
5.3709,5.3709,6.9273,206722_s_at
7.3362,7.3362,7.1164,206724_at
4.6261,4.6261,4.6747,206725_x_at
4.7574,4.7574,4.1433,206726_at
4.3856,4.3856,4.7296,206727_at
6.1317,6.1317,5.5995,206728_at
5.6822,5.6822,6.2861,206729_at
4.3363,4.3363,4.9286,206730_at
5.1564,5.1564,4.9113,206731_at
4.1461,4.1461,5.036,206732_at
5.5508,5.5508,6.7255,206733_at
5.0522,5.0522,4.1434,206734_at
4.604,4.604,4.6032,206735_at
5.639,5.639,4.1434,206736_x_at
4.1461,4.1461,4.3168,206737_at
6.147,6.147,6.5084,206738_at
4.5961,4.5961,4.3442,206739_at
5.8959,5.8959,5.7672,206740_x_at
4.6815,4.6815,4.2676,206741_at
4.4589,4.4589,5.2798,206742_at
4.7507,4.7507,4.1435,206743_s_at
6.2737,6.2737,5.8729,206744_s_at
6.3909,6.3909,6.038,206745_at
5.0133,5.0133,5.1982,206746_at
6.2555,6.2555,5.1893,206747_at
6.312,6.312,6.8116,206748_s_at
4.1462,4.1462,4.5656,206749_at
4.1462,4.1462,4.6192,206750_at
4.1463,4.1463,4.2641,206751_s_at
4.5854,4.5854,4.7961,206753_at
4.5871,4.5871,4.5791,206754_s_at
4.6348,4.6348,4.2531,206755_at
4.1463,4.1463,4.3451,206756_at
4.1464,4.1464,4.1436,206757_at
4.3323,4.3323,4.1436,206758_at
4.1464,4.1464,4.586,206759_at
4.1465,4.1465,4.1437,206760_s_at
6.2858,6.2858,5.291,206761_at
5.6347,5.6347,6.68,206762_at
6.1585,6.1585,6.1431,206763_at
7.1532,7.1532,7.9786,206764_x_at
6.0704,6.0704,7.5923,206765_at
6.4106,6.4106,6.0475,206766_at
6.602,6.602,5.3111,206767_at
4.4101,4.4101,4.5038,206768_at
6.4701,6.4701,5.932,206769_at
4.1465,4.1465,4.2691,206771_at
5.4473,5.4473,4.8426,206772_at
6.2557,6.2557,5.0836,206773_at
4.9046,4.9046,4.3271,206774_at
4.7634,4.7634,4.8964,206775_at
5.8871,5.8871,5.8313,206776_x_at
7.2945,7.2945,8.0967,206777_s_at
4.8677,4.8677,6.423,206778_at
4.6999,4.6999,4.3067,206779_s_at
4.5898,4.5898,4.4251,206780_at
7.6632,7.6632,7.5957,206781_at
7.1617,7.1617,7.1201,206782_s_at
5.9758,5.9758,6.5066,206783_at
6.4904,6.4904,6.5428,206784_at
4.1466,4.1466,4.1437,206785_s_at
4.1466,4.1466,4.1438,206786_at
4.1467,4.1467,5.0654,206787_at
7.5123,7.5123,7.8786,206788_s_at
9.1378,9.1378,8.3239,206789_s_at
11.4515,11.4515,11.8058,206790_s_at
6.4577,6.4577,6.633,206791_s_at
12.5851,12.5851,11.0953,206792_x_at
4.5855,4.5855,4.9822,206793_at
4.4113,4.4113,4.5184,206794_at
5.2899,5.2899,5.6085,206795_at
4.8883,4.8883,4.2598,206796_at
4.4281,4.4281,4.1438,206797_at
4.5085,4.5085,5.8526,206798_x_at
4.1467,4.1467,4.1439,206799_at
4.1468,4.1468,4.4898,206800_at
5.4265,5.4265,5.8052,206801_at
4.7379,4.7379,5.1004,206802_at
5.6683,5.6683,4.6442,206803_at
4.1468,4.1468,4.4603,206804_at
5.1214,5.1214,5.8461,206805_at
4.1468,4.1468,4.8579,206806_at
5.7672,5.7672,6.455,206807_s_at
5.0647,5.0647,4.7051,206808_at
9.9383,9.9383,10.4754,206809_s_at
4.4398,4.4398,4.1439,206810_at
4.3782,4.3782,4.1439,206811_at
4.3497,4.3497,4.8429,206812_at
4.7223,4.7223,6.2159,206813_at
4.7798,4.7798,5.3284,206814_at
4.1469,4.1469,4.144,206815_at
5.6778,5.6778,5.7021,206816_s_at
4.4964,4.4964,4.876,206817_x_at
6.8579,6.8579,6.738,206818_s_at
4.8324,4.8324,4.417,206819_at
4.4657,4.4657,4.5537,206820_at
5.1231,5.1231,5.0229,206821_x_at
4.7715,4.7715,4.3475,206822_s_at
4.6965,4.6965,4.5799,206823_at
4.1469,4.1469,4.3733,206824_at
5.614,5.614,6.468,206825_at
4.7025,4.7025,4.1441,206826_at
5.3925,5.3925,5.0231,206827_s_at
4.5512,4.5512,4.7277,206828_at
7.8141,7.8141,7.8414,206829_x_at
4.5772,4.5772,4.7581,206830_at
4.147,4.147,4.1441,206831_s_at
4.4115,4.4115,4.1442,206832_s_at
7.2326,7.2326,7.3808,206833_s_at
6.0102,6.0102,6.0867,206834_at
5.2822,5.2822,4.1442,206835_at
5.191,5.191,6.1055,206836_at
4.147,4.147,4.3954,206837_at
5.7953,5.7953,5.2548,206838_at
5.5862,5.5862,5.2721,206839_at
5.0252,5.0252,5.3837,206840_at
4.3858,4.3858,4.9504,206841_at
6.0231,6.0231,5.3174,206842_at
4.1471,4.1471,4.1443,206843_at
4.1471,4.1471,4.1443,206844_at
8.5962,8.5962,9.3097,206845_s_at
5.1711,5.1711,4.2807,206847_s_at
7.6828,7.6828,7.0858,206848_at
5.4406,5.4406,5.913,206849_at
7.5817,7.5817,6.3751,206850_at
6.093,6.093,5.6214,206851_at
4.1472,4.1472,4.1444,206852_at
6.2798,6.2798,7.0952,206853_s_at
8.0491,8.0491,8.5503,206854_s_at
6.4704,6.4704,6.3936,206855_s_at
4.1472,4.1472,4.5309,206856_at
4.1473,4.1473,6.5269,206857_s_at
4.9534,4.9534,5.0526,206858_s_at
4.1473,4.1473,4.1444,206859_s_at
9.0959,9.0959,9.1739,206860_s_at
9.9487,9.9487,9.8759,206861_s_at
6.5662,6.5662,5.7946,206862_at
4.909,4.909,4.4,206863_x_at
7.3637,7.3637,9.0534,206864_s_at
4.4202,4.4202,4.534,206865_at
6.3792,6.3792,5.2965,206866_at
4.5762,4.5762,5.1621,206867_at
6.008,6.008,5.886,206868_at
4.1473,4.1473,4.1445,206869_at
5.4053,5.4053,5.4404,206870_at
4.1474,4.1474,5.4366,206871_at
5.4972,5.4972,5.6654,206872_at
4.6937,4.6937,4.6054,206873_at
7.6059,7.6059,7.6248,206874_s_at
8.6423,8.6423,8.0599,206875_s_at
4.9325,4.9325,4.6967,206876_at
7.1437,7.1437,6.8455,206877_at
6.4535,6.4535,6.8404,206878_at
5.1273,5.1273,4.1445,206879_s_at
6.1275,6.1275,6.225,206880_at
4.1474,4.1474,4.3609,206881_s_at
4.4491,4.4491,4.6701,206882_at
6.0503,6.0503,4.892,206883_x_at
4.1475,4.1475,4.1446,206884_s_at
7.5468,7.5468,7.5761,206885_x_at
7.7274,7.7274,7.9644,206886_x_at
4.4251,4.4251,5.6709,206887_at
5.4462,5.4462,5.1634,206888_s_at
4.6546,4.6546,4.5089,206889_at
4.8796,4.8796,4.3855,206890_at
5.8762,5.8762,5.3642,206891_at
4.1475,4.1475,4.1446,206892_at
4.4439,4.4439,4.7117,206893_at
4.5181,4.5181,4.287,206894_at
4.1476,4.1476,4.1447,206895_at
9.0415,9.0415,8.5848,206896_s_at
5.3785,5.3785,5.4134,206897_at
5.0218,5.0218,5.2292,206898_at
4.1476,4.1476,4.1447,206899_at
5.8456,5.8456,7.0911,206900_x_at
4.3084,4.3084,4.8716,206901_at
5.0039,5.0039,4.1448,206902_s_at
4.4908,4.4908,4.7184,206903_at
5.9804,5.9804,5.1801,206904_at
4.1477,4.1477,5.1293,206905_s_at
5.7199,5.7199,5.6309,206906_at
5.2803,5.2803,5.6033,206907_at
5.7376,5.7376,6.4307,206908_s_at
4.1477,4.1477,4.3015,206909_at
5.149,5.149,4.8668,206910_x_at
4.6517,4.6517,4.8173,206911_at
4.1478,4.1478,4.1448,206912_at
4.1478,4.1478,4.3509,206913_at
4.1478,4.1478,4.1449,206914_at
4.5417,4.5417,4.1449,206915_at
4.6691,4.6691,4.9947,206916_x_at
7.0202,7.0202,7.5605,206917_at
10.6827,10.6827,9.6233,206918_s_at
7.0274,7.0274,7.183,206919_at
6.6155,6.6155,6.8299,206920_s_at
6.168,6.168,5.8809,206921_at
5.7405,5.7405,5.4289,206922_at
4.1479,4.1479,4.145,206923_at
4.9508,4.9508,5.1025,206924_at
5.3901,5.3901,5.3678,206925_at
4.707,4.707,4.571,206926_s_at
4.1479,4.1479,4.4143,206927_s_at
7.1939,7.1939,6.8819,206928_at
6.5045,6.5045,5.4887,206929_s_at
5.233,5.233,5.1728,206930_at
4.3979,4.3979,5.0812,206931_at
4.821,4.821,4.8845,206932_at
4.7264,4.7264,5.4453,206933_s_at
5.3199,5.3199,4.5679,206934_at
4.7089,4.7089,4.145,206935_at
7.4825,7.4825,7.5087,206936_x_at
9.1287,9.1287,6.1919,206937_at
4.3127,4.3127,4.465,206938_at
4.8442,4.8442,4.6558,206939_at
6.4354,6.4354,7.0508,206940_s_at
4.6862,4.6862,4.9579,206941_x_at
4.148,4.148,4.1451,206942_s_at
6.0867,6.0867,5.6863,206943_at
5.5471,5.5471,6.4206,206944_at
5.599,5.599,6.3736,206945_at
4.2897,4.2897,5.6109,206946_at
5.1185,5.1185,5.0656,206947_at
5.9237,5.9237,6.268,206948_at
7.4741,7.4741,8.1789,206949_s_at
4.7518,4.7518,4.7403,206950_at
7.805,7.805,7.9077,206951_at
4.148,4.148,4.1451,206952_at
4.6607,4.6607,4.7279,206953_s_at
5.6866,5.6866,5.3798,206954_at
4.7704,4.7704,4.9493,206955_at
5.7507,5.7507,6.4085,206956_at
5.5338,5.5338,4.491,206957_at
9.1384,9.1384,8.6839,206958_s_at
7.1174,7.1174,7.3078,206959_s_at
4.876,4.876,4.3074,206960_at
5.3866,5.3866,5.5388,206961_s_at
5.1547,5.1547,4.1452,206962_x_at
4.3422,4.3422,4.1452,206963_s_at
4.8136,4.8136,4.1453,206964_at
5.2888,5.2888,5.1379,206965_at
7.136,7.136,6.9638,206966_s_at
7.7008,7.7008,8.0086,206967_at
6.5108,6.5108,6.8208,206968_s_at
4.1481,4.1481,4.1453,206969_at
4.325,4.325,4.3553,206970_at
4.4006,4.4006,4.8136,206971_at
4.4252,4.4252,4.6952,206972_s_at
5.0167,5.0167,4.5681,206973_at
4.7473,4.7473,4.6737,206974_at
4.1481,4.1481,4.297,206975_at
8.0234,8.0234,9.0597,206976_s_at
4.1482,4.1482,4.1454,206977_at
5.3883,5.3883,5.4116,206978_at
5.3711,5.3711,5.7706,206979_at
4.6881,4.6881,4.7634,206980_s_at
5.4857,5.4857,4.7507,206981_at
4.1482,4.1482,4.7025,206982_at
5.3514,5.3514,4.821,206983_at
4.1482,4.1482,4.3713,206984_s_at
4.6456,4.6456,4.8096,206985_at
5.3729,5.3729,5.4145,206986_at
4.1483,4.1483,4.3103,206987_x_at
4.1483,4.1483,5.6081,206988_at
7.8213,7.8213,7.5271,206989_s_at
5.6712,5.6712,5.8676,206990_at
4.4659,4.4659,5.0575,206991_s_at
7.2751,7.2751,7.9589,206992_s_at
6.8909,6.8909,7.1586,206993_at
5.1621,5.1621,4.775,206994_at
6.4168,6.4168,4.1454,206995_x_at
4.4346,4.4346,4.4912,206996_x_at
4.1484,4.1484,4.3982,206997_s_at
4.5121,4.5121,4.4571,206998_x_at
5.7356,5.7356,5.326,206999_at
9.0217,9.0217,7.6396,207000_s_at
5.73,5.73,7.6499,207001_x_at
6.4065,6.4065,6.5741,207002_s_at
6.3372,6.3372,5.6266,207003_at
6.7259,6.7259,6.6118,207004_at
6.2833,6.2833,6.1703,207005_s_at
4.1484,4.1484,4.1455,207006_s_at
5.2595,5.2595,5.349,207007_at
4.7826,4.7826,4.8581,207008_at
5.8331,5.8331,4.8708,207009_at
4.914,4.914,5.037,207010_at
5.9211,5.9211,4.8966,207011_s_at
4.1485,4.1485,4.529,207012_at
5.6469,5.6469,5.3425,207013_s_at
4.1485,4.1485,4.3047,207014_at
5.3361,5.3361,5.5649,207015_s_at
4.1485,4.1485,5.4464,207016_s_at
4.1486,4.1486,4.1455,207017_at
4.8825,4.8825,4.633,207018_s_at
5.0492,5.0492,4.9803,207019_s_at
5.2824,5.2824,4.8002,207020_at
4.1486,4.1486,4.5142,207021_at
4.4707,4.4707,5.5802,207022_s_at
10.362,10.362,10.9455,207023_x_at
4.1487,4.1487,4.1455,207024_at
5.2071,5.2071,5.1608,207025_at
4.1487,4.1487,4.5357,207026_s_at
4.4507,4.4507,4.275,207027_at
4.9959,4.9959,4.5683,207028_at
4.4804,4.4804,5.0728,207029_at
6.135,6.135,7.3148,207030_s_at
4.5687,4.5687,4.6787,207031_at
6.317,6.317,4.9814,207032_s_at
5.1517,5.1517,4.6194,207033_at
4.6231,4.6231,4.4717,207035_at
4.1488,4.1488,4.2566,207036_x_at
4.6335,4.6335,4.7861,207037_at
12.7164,12.7164,13.0796,207040_s_at
5.4002,5.4002,6.2789,207041_at
4.1488,4.1488,4.1456,207043_s_at
6.1093,6.1093,5.7467,207044_at
5.5658,5.5658,4.7208,207045_at
5.726,5.726,5.697,207046_at
5.3138,5.3138,5.1309,207047_s_at
4.644,4.644,5.09,207048_at
4.1488,4.1488,4.1456,207049_at
5.1492,5.1492,4.698,207050_at
5.2305,5.2305,6.3901,207051_at
4.8786,4.8786,4.5376,207052_at
4.1489,4.1489,4.1457,207053_at
4.1489,4.1489,4.1457,207054_at
4.3271,4.3271,4.4064,207055_at
5.015,5.015,4.1458,207056_s_at
6.9379,6.9379,6.5765,207057_at
5.5149,5.5149,4.693,207058_s_at
5.188,5.188,5.6051,207059_at
4.149,4.149,4.8875,207060_at
6.3295,6.3295,6.3927,207061_at
4.3516,4.3516,4.3314,207062_at
6.0061,6.0061,4.8818,207063_at
5.3792,5.3792,5.4725,207064_s_at
5.053,5.053,4.6496,207065_at
4.149,4.149,4.1458,207066_at
4.5646,4.5646,5.4828,207067_s_at
4.923,4.923,4.1459,207068_at
4.1491,4.1491,4.1459,207069_s_at
4.1491,4.1491,4.7405,207070_at
6.6339,6.6339,6.7891,207071_s_at
5.1174,5.1174,4.3634,207072_at
4.1491,4.1491,5.1643,207073_at
4.8688,4.8688,5.2184,207074_s_at
5.3344,5.3344,5.4302,207075_at
5.7048,5.7048,6.3239,207076_s_at
5.7359,5.7359,5.4736,207077_at
7.7993,7.7993,7.7164,207078_at
7.3169,7.3169,7.7704,207079_s_at
4.491,4.491,4.146,207080_s_at
9.8759,9.8759,9.7287,207081_s_at
5.1778,5.1778,5.8783,207082_at
4.1492,4.1492,4.146,207083_s_at
4.316,4.316,4.3333,207084_at
4.1492,4.1492,4.389,207085_x_at
4.6479,4.6479,6.6124,207086_x_at
4.2912,4.2912,4.631,207087_x_at
7.5586,7.5586,7.8462,207088_s_at
4.7338,4.7338,5.1857,207089_at
5.7361,5.7361,5.7092,207090_x_at
5.1694,5.1694,5.0058,207091_at
4.3385,4.3385,4.1461,207092_at
6.5135,6.5135,5.7603,207093_s_at
4.1493,4.1493,4.1461,207094_at
4.7843,4.7843,5.7786,207095_at
5.9954,5.9954,5.9122,207096_at
4.1493,4.1493,5.8171,207097_s_at
7.0644,7.0644,6.6494,207098_s_at
4.1494,4.1494,4.1462,207099_s_at
7.0047,7.0047,7.7847,207100_s_at
5.2616,5.2616,5.6786,207101_at
4.2949,4.2949,4.2532,207102_at
4.1494,4.1494,4.766,207103_at
4.775,4.775,5.1176,207104_x_at
6.3719,6.3719,5.6934,207105_s_at
4.1494,4.1494,5.7206,207106_s_at
4.3664,4.3664,4.1462,207107_at
7.8309,7.8309,7.6882,207108_s_at
4.9024,4.9024,4.1463,207109_at
4.9312,4.9312,5.5031,207110_at
5.2642,5.2642,5.4986,207111_at
5.7531,5.7531,5.1994,207112_s_at
7.45,7.45,6.7237,207113_s_at
4.8391,4.8391,4.5564,207114_at
6.1697,6.1697,5.1895,207115_x_at
5.2407,5.2407,5.5185,207116_s_at
4.4159,4.4159,4.5091,207117_at
4.1495,4.1495,4.1463,207118_s_at
4.5627,4.5627,4.1464,207119_at
4.1495,4.1495,4.1464,207120_at
10.297,10.297,9.6371,207121_s_at
8.4886,8.4886,8.1681,207122_x_at
5.813,5.813,5.9156,207123_s_at
6.4464,6.4464,7.2681,207124_s_at
4.7279,4.7279,4.1465,207125_at
5.2839,5.2839,6.8426,207126_x_at
12.3359,12.3359,12.4148,207127_s_at
5.3516,5.3516,4.9687,207128_s_at
4.4058,4.4058,4.284,207129_at
4.1496,4.1496,4.1465,207130_at
6.523,6.523,6.5213,207131_x_at
12.418,12.418,12.1892,207132_x_at
7.4094,7.4094,6.7051,207133_x_at
4.4305,4.4305,5.5176,207134_x_at
5.9224,5.9224,5.891,207135_at
6.3839,6.3839,6.1465,207136_at
4.5721,4.5721,4.1466,207137_at
4.3047,4.3047,4.1466,207138_at
5.9082,5.9082,4.8838,207139_at
4.1496,4.1496,4.1467,207140_at
5.4464,5.4464,6.0991,207141_s_at
4.1496,4.1496,4.1467,207142_at
4.31,4.31,4.5342,207144_s_at
4.1497,4.1497,4.2532,207145_at
4.9314,4.9314,4.7164,207146_at
4.521,4.521,4.1468,207147_at
4.1497,4.1497,4.1468,207148_x_at
4.1498,4.1498,4.8478,207149_at
4.1498,4.1498,4.6569,207150_at
5.9227,5.9227,5.6283,207151_at
6.2941,6.2941,6.0894,207152_at
6.0869,6.0869,6.016,207153_s_at
6.2758,6.2758,5.2897,207154_at
4.1498,4.1498,4.2885,207155_at
5.4309,5.4309,4.1468,207156_at
12.8677,12.8677,12.8752,207157_s_at
5.4938,5.4938,4.3781,207158_at
6.7144,6.7144,6.6044,207159_x_at
6.4413,6.4413,6.6679,207160_at
4.1499,4.1499,4.6718,207161_at
4.6128,4.6128,4.1469,207162_s_at
5.2476,5.2476,4.9217,207164_s_at
8.041,8.041,8.1543,207165_at
4.1499,4.1499,4.2642,207166_at
4.3988,4.3988,4.6118,207167_at
14.3561,14.3561,14.147,207168_s_at
7.2771,7.2771,7.0761,207169_x_at
10.0461,10.0461,10.109,207170_s_at
5.0692,5.0692,4.2955,207172_s_at
4.3208,4.3208,5.2845,207173_x_at
4.15,4.15,4.1469,207174_at
4.9369,4.9369,5.1782,207175_at
5.8397,5.8397,6.4455,207176_s_at
4.15,4.15,4.3212,207177_at
4.3899,4.3899,4.8099,207178_s_at
4.1501,4.1501,4.4044,207179_at
6.4538,6.4538,6.3754,207180_s_at
5.0351,5.0351,4.147,207182_at
4.8799,4.8799,5.2179,207183_at
5.9138,5.9138,6.7112,207184_at
5.3479,5.3479,5.7591,207185_at
10.7913,10.7913,11.0805,207186_s_at
6.0331,6.0331,7.1949,207187_at
4.9049,4.9049,6.6164,207188_at
7.1867,7.1867,7.1326,207189_s_at
6.5392,6.5392,6.5356,207190_at
4.1501,4.1501,4.3272,207191_s_at
5.0434,5.0434,4.6196,207192_at
6.4979,6.4979,5.5749,207193_at
5.3421,5.3421,4.3092,207194_s_at
4.8836,4.8836,4.6219,207195_at
5.3407,5.3407,4.2599,207197_at
9.0384,9.0384,9.0421,207198_s_at
4.1501,4.1501,5.1988,207200_at
4.4509,4.4509,4.26,207201_s_at
4.5406,4.5406,5.3353,207202_s_at
4.5256,4.5256,5.2465,207203_s_at
4.1502,4.1502,4.147,207204_at
5.7184,5.7184,6.3161,207205_at
4.1502,4.1502,4.1471,207206_s_at
5.1494,5.1494,5.4196,207207_at
4.1503,4.1503,4.1471,207208_at
5.5299,5.5299,4.7636,207209_at
4.1503,4.1503,4.1472,207210_at
4.7109,4.7109,4.4662,207211_at
4.3915,4.3915,4.4944,207212_at
4.1504,4.1504,4.4027,207213_s_at
5.4152,5.4152,5.3711,207214_at
4.39,4.39,4.3511,207215_at
4.9204,4.9204,6.0536,207216_at
5.5718,5.5718,5.4309,207217_s_at
5.0859,5.0859,5.3118,207218_at
5.3574,5.3574,4.8968,207219_at
4.7767,4.7767,5.049,207220_at
4.1504,4.1504,4.1472,207221_at
6.1121,6.1121,4.9375,207222_at
7.0874,7.0874,7.0847,207223_s_at
5.8443,5.8443,5.6637,207224_s_at
4.1504,4.1504,4.5153,207225_at
5.1422,5.1422,4.7776,207226_at
5.7262,5.7262,5.0892,207227_x_at
4.4307,4.4307,5.251,207228_at
4.1505,4.1505,4.71,207229_at
4.1505,4.1505,4.1473,207230_at
5.2605,5.2605,4.8155,207231_at
5.8194,5.8194,6.1529,207232_s_at
5.7051,5.7051,5.9641,207233_s_at
6.0604,6.0604,5.7235,207234_at
4.3177,4.3177,4.6546,207235_s_at
4.5361,4.5361,4.9159,207236_at
6.5765,6.5765,6.5,207237_at
6.6357,6.6357,6.8449,207239_s_at
4.1506,4.1506,5.2063,207240_s_at
4.6926,4.6926,5.0257,207241_at
5.0112,5.0112,4.7583,207242_s_at
13.4909,13.4909,14.5572,207243_s_at
4.9027,4.9027,4.4955,207244_x_at
4.1506,4.1506,4.4411,207245_at
6.6874,6.6874,6.2267,207246_at
6.3376,6.3376,5.3019,207247_s_at
5.3314,5.3314,4.5404,207248_at
4.4474,4.4474,4.4719,207249_s_at
4.984,4.984,5.164,207250_at
5.4154,5.4154,5.6592,207251_at
4.6217,4.6217,5.7169,207252_at
9.2582,9.2582,9.9785,207253_s_at
5.1394,5.1394,4.7889,207254_at
5.8352,5.8352,5.398,207255_at
4.1506,4.1506,4.1473,207256_at
4.1507,4.1507,4.2704,207257_at
4.1507,4.1507,4.1473,207258_at
4.1508,4.1508,4.1474,207259_at
4.4912,4.4912,4.4001,207260_at
4.1508,4.1508,4.1474,207261_at
4.3746,4.3746,4.4696,207262_at
5.215,5.215,5.7749,207263_x_at
5.1396,5.1396,4.393,207264_at
5.9177,5.9177,6.2429,207265_s_at
9.4148,9.4148,8.8013,207266_x_at
5.0571,5.0571,5.5925,207267_s_at
7.3102,7.3102,7.5349,207268_x_at
5.1897,5.1897,5.9394,207269_at
5.5097,5.5097,6.1638,207270_x_at
4.1508,4.1508,4.1475,207271_x_at
4.1509,4.1509,4.1475,207272_at
4.6703,4.6703,4.1476,207273_at
4.7675,4.7675,4.8605,207274_at
9.0026,9.0026,7.5916,207275_s_at
4.5602,4.5602,4.1476,207276_at
5.3473,5.3473,5.2523,207277_at
4.5576,4.5576,5.4968,207278_s_at
5.2747,5.2747,4.646,207279_s_at
4.1509,4.1509,4.3914,207280_at
4.151,4.151,4.424,207281_x_at
4.8487,4.8487,4.4078,207282_s_at
6.3364,6.3364,5.0528,207283_at
4.5648,4.5648,4.1477,207284_s_at
6.1725,6.1725,6.2967,207285_x_at
5.47,5.47,4.7802,207286_at
7.1932,7.1932,6.8128,207287_at
4.151,4.151,4.1477,207288_at
6.5039,6.5039,6.2099,207289_at
6.1479,6.1479,5.1555,207291_at
6.7766,6.7766,5.1996,207292_s_at
4.1511,4.1511,4.1478,207293_s_at
4.1511,4.1511,4.1478,207294_at
5.5167,5.5167,4.4994,207295_at
5.3462,5.3462,4.3802,207296_at
5.5374,5.5374,5.5413,207298_at
4.1512,4.1512,4.33,207299_s_at
6.12,6.12,6.2981,207300_s_at
5.3751,5.3751,5.749,207301_at
4.1512,4.1512,4.1478,207302_at
5.4504,5.4504,5.5374,207303_at
6.0056,6.0056,6.4262,207304_at
10.2173,10.2173,9.7081,207305_s_at
4.4084,4.4084,4.32,207306_at
4.1512,4.1512,4.1479,207307_at
4.8744,4.8744,5.147,207308_at
6.5608,6.5608,6.8439,207309_at
4.422,4.422,4.5861,207310_s_at
4.9914,4.9914,4.2556,207311_at
6.0253,6.0253,4.6548,207312_at
5.2041,5.2041,4.4858,207313_x_at
4.7954,4.7954,4.6632,207314_x_at
4.4517,4.4517,4.9949,207315_at
4.3189,4.3189,5.1502,207316_at
4.1513,4.1513,4.4339,207317_s_at
9.6023,9.6023,8.0367,207318_s_at
5.8021,5.8021,4.1479,207319_s_at
4.5257,4.5257,4.7027,207321_s_at
5.4497,5.4497,4.6749,207322_at
5.7024,5.7024,6.1883,207323_s_at
4.1513,4.1513,4.2981,207324_s_at
4.3372,4.3372,4.148,207325_x_at
4.5407,4.5407,4.6353,207326_at
4.9092,4.9092,4.5441,207327_at
4.2933,4.2933,4.148,207328_at
4.1514,4.1514,5.6007,207329_at
5.9484,5.9484,5.4628,207330_at
5.1132,5.1132,4.9323,207331_at
11.3074,11.3074,11.7464,207332_s_at
5.0633,5.0633,4.8068,207333_at
10.4292,10.4292,10.1121,207335_x_at
4.1514,4.1514,4.1481,207336_at
4.3459,4.3459,4.7906,207337_at
6.6815,6.6815,5.3372,207338_s_at
13.5109,13.5109,9.119,207339_s_at
4.1514,4.1514,5.504,207341_at
4.1515,4.1515,4.1481,207342_at
5.5215,5.5215,4.5745,207343_at
4.4073,4.4073,4.2887,207344_at
6.1414,6.1414,5.7526,207345_at
5.1696,5.1696,6.128,207346_at
5.8602,5.8602,6.5826,207347_at
5.5427,5.5427,6.5783,207348_s_at
5.2388,5.2388,4.4207,207349_s_at
5.212,5.212,6.6732,207350_s_at
5.9342,5.9342,6.4636,207351_s_at
6.6436,6.6436,6.2469,207352_s_at
5.1632,5.1632,6.0019,207353_s_at
4.4817,4.4817,4.5994,207354_at
4.6458,4.6458,4.5144,207355_at
4.5159,4.5159,4.6583,207356_at
5.3816,5.3816,5.8428,207357_s_at
8.6572,8.6572,7.6628,207358_x_at
4.1515,4.1515,5.0246,207359_at
4.5093,4.5093,4.1482,207360_s_at
5.81,5.81,5.4315,207361_at
4.6233,4.6233,4.3315,207362_at
4.1515,4.1515,4.1482,207363_at
4.1516,4.1516,4.1482,207364_at
10.4606,10.4606,9.0566,207365_x_at
6.7741,6.7741,6.6271,207366_at
5.6076,5.6076,5.85,207367_at
4.1516,4.1516,4.1483,207368_at
5.7576,5.7576,6.0897,207369_at
5.3503,5.3503,4.3554,207370_at
4.1517,4.1517,4.1483,207371_at
4.6146,4.6146,4.1484,207372_s_at
4.1517,4.1517,4.1484,207373_at
5.6868,5.6868,4.8731,207374_at
6.7938,6.7938,5.0596,207375_s_at
5.8694,5.8694,5.3271,207376_at
4.1518,4.1518,4.1485,207377_at
4.1518,4.1518,4.1485,207378_at
5.3618,5.3618,4.4779,207379_at
4.7623,4.7623,4.7087,207380_x_at
4.1518,4.1518,4.2932,207381_at
5.5517,5.5517,4.2841,207382_at
4.1519,4.1519,4.3381,207383_s_at
4.1519,4.1519,4.1485,207384_at
5.5443,5.5443,4.1486,207385_at
5.1155,5.1155,4.9474,207386_at
5.2456,5.2456,4.1486,207387_s_at
5.5881,5.5881,6.0212,207388_s_at
6.7383,6.7383,7.0482,207389_at
5.5183,5.5183,6.2259,207390_s_at
7.4565,7.4565,7.9332,207391_s_at
6.7841,6.7841,5.6359,207392_x_at
5.5083,5.5083,4.2827,207393_at
5.9823,5.9823,5.8625,207394_at
5.7654,5.7654,5.7623,207395_at
7.1037,7.1037,7.3858,207396_s_at
4.152,4.152,4.1487,207397_s_at
5.4331,5.4331,5.1345,207398_at
4.152,4.152,5.979,207399_at
5.2976,5.2976,6.0034,207400_at
4.4576,4.4576,4.8905,207401_at
4.5663,4.5663,5.3901,207402_at
6.2466,6.2466,7.0894,207403_at
4.4731,4.4731,5.0963,207404_s_at
7.6701,7.6701,7.3418,207405_s_at
4.1521,4.1521,4.1487,207406_at
4.7616,4.7616,5.6673,207407_x_at
6.9632,6.9632,6.903,207408_at
4.1521,4.1521,5.1908,207409_at
4.1521,4.1521,4.1488,207410_s_at
4.1522,4.1522,4.1488,207412_x_at
5.6899,5.6899,6.0415,207413_s_at
4.1522,4.1522,4.1488,207414_s_at
4.6318,4.6318,4.6751,207415_at
6.4847,6.4847,5.849,207417_s_at
4.4308,4.4308,4.2654,207418_s_at
5.0457,5.0457,4.5889,207420_at
4.3364,4.3364,5.1267,207421_at
5.7312,5.7312,5.2246,207422_at
4.5842,4.5842,5.5416,207423_s_at
4.1523,4.1523,4.1489,207424_at
6.6679,6.6679,4.8877,207425_s_at
7.9926,7.9926,5.8011,207426_s_at
5.5027,5.5027,4.6982,207427_at
8.4089,8.4089,8.7991,207428_x_at
4.2885,4.2885,4.3782,207429_at
4.6655,4.6655,4.1489,207430_s_at
6.5726,6.5726,6.685,207431_s_at
5.0902,5.0902,5.2837,207432_at
4.7012,4.7012,4.472,207433_at
7.5379,7.5379,5.2944,207434_s_at
8.4712,8.4712,8.7761,207435_s_at
9.243,9.243,8.7516,207436_x_at
4.1523,4.1523,4.4722,207437_at
7.7195,7.7195,7.0037,207438_s_at
5.558,5.558,5.2482,207439_s_at
5.5552,5.5552,5.0125,207440_at
4.1523,4.1523,4.149,207441_at
4.1524,4.1524,4.4413,207442_at
4.3802,4.3802,4.149,207443_at
4.1524,4.1524,4.1491,207444_at
5.0449,5.0449,5.7143,207445_s_at
4.8746,4.8746,5.9493,207446_at
4.8127,4.8127,4.6128,207447_s_at
4.1525,4.1525,4.1491,207448_at
5.5261,5.5261,5.5251,207449_s_at
4.1525,4.1525,4.1491,207450_s_at
5.2332,5.2332,5.4776,207451_at
5.1765,5.1765,4.1492,207452_s_at
4.1526,4.1526,4.1492,207453_s_at
4.1526,4.1526,4.1493,207454_at
5.3202,5.3202,5.3781,207455_at
4.1526,4.1526,4.7605,207456_at
5.0078,5.0078,6.1195,207457_s_at
6.9376,6.9376,6.3256,207458_at
4.7314,4.7314,5.2186,207459_x_at
4.1527,4.1527,4.1493,207460_at
4.3337,4.3337,4.1494,207461_at
4.1527,4.1527,4.1494,207462_at
5.6685,5.6685,6.1877,207463_x_at
4.8526,4.8526,4.9996,207464_at
4.1528,4.1528,4.9485,207465_at
4.9743,4.9743,5.1125,207466_at
4.3448,4.3448,4.1494,207468_s_at
4.1528,4.1528,4.7752,207469_s_at
6.1134,6.1134,5.7699,207470_at
4.9696,4.9696,4.8263,207471_at
4.3004,4.3004,4.1495,207472_at
5.7717,5.7717,5.8752,207473_at
6.8439,6.8439,5.811,207474_at
4.8333,4.8333,5.9211,207475_at
4.7296,4.7296,4.1495,207476_at
5.0938,5.0938,5.0598,207477_at
5.0267,5.0267,4.85,207478_at
4.1528,4.1528,4.5274,207479_at
4.4633,4.4633,4.871,207480_s_at
4.8587,4.8587,4.7136,207481_at
6.045,6.045,5.11,207482_at
10.0691,10.0691,9.2005,207483_s_at
6.6262,6.6262,5.3914,207484_s_at
5.1233,5.1233,5.5927,207485_x_at
6.3123,6.3123,5.3418,207486_x_at
4.857,4.857,4.4145,207487_at
4.3467,4.3467,4.4341,207488_at
5.1145,5.1145,5.0061,207489_at
6.937,6.937,6.7487,207490_at
5.8482,5.8482,6.7383,207491_at
7.9565,7.9565,7.1245,207492_at
4.4334,4.4334,4.1496,207493_x_at
4.3005,4.3005,4.7719,207494_s_at
5.5806,5.5806,5.1164,207495_at
4.1529,4.1529,5.6895,207496_at
5.9274,5.9274,5.4738,207497_s_at
6.6673,6.6673,6.7569,207498_s_at
6.0571,6.0571,7.1228,207499_x_at
5.2525,5.2525,4.3335,207500_at
4.1529,4.1529,5.2383,207501_s_at
4.153,4.153,4.7126,207502_at
5.6844,5.6844,5.4077,207503_at
4.5963,4.5963,5.8492,207504_at
6.0808,6.0808,5.7369,207505_at
5.2028,5.2028,5.9045,207506_at
12.6602,12.6602,13.0013,207507_s_at
5.4391,5.4391,5.9838,207509_s_at
5.728,5.728,5.2074,207510_at
6.798,6.798,7.5553,207511_s_at
6.4594,6.4594,5.5494,207513_s_at
4.3293,4.3293,4.1496,207514_s_at
4.5877,4.5877,5.3885,207516_at
4.5285,4.5285,4.431,207517_at
5.0925,5.0925,4.8879,207518_at
4.356,4.356,5.254,207519_at
5.1102,5.1102,5.0063,207520_at
4.7442,4.7442,4.9388,207521_s_at
9.6405,9.6405,9.7269,207522_s_at
4.4914,4.4914,4.3169,207523_at
5.9695,5.9695,6.9201,207524_at
6.6121,6.6121,6.8255,207525_s_at
5.3777,5.3777,5.4304,207526_s_at
5.2711,5.2711,5.531,207527_at
5.2458,5.2458,6.1256,207528_s_at
5.3698,5.3698,6.0372,207529_at
4.153,4.153,4.1496,207530_s_at
4.287,4.287,4.3128,207531_at
6.0814,6.0814,5.7885,207532_at
4.153,4.153,4.1497,207533_at
4.466,4.466,4.1497,207534_at
4.7444,4.7444,5.9378,207536_s_at
4.3365,4.3365,5.5254,207537_at
4.1531,4.1531,4.7247,207538_at
4.1531,4.1531,4.1498,207539_s_at
8.9034,8.9034,8.4771,207541_s_at
5.4566,5.4566,5.555,207542_s_at
7.8754,7.8754,7.4119,207543_s_at
4.9861,4.9861,4.3336,207544_s_at
6.3042,6.3042,5.1623,207545_s_at
4.1532,4.1532,4.9012,207546_at
4.4875,4.4875,5.4218,207547_s_at
4.1532,4.1532,4.1498,207548_at
8.2879,8.2879,8.6066,207549_x_at
4.1533,4.1533,4.4231,207550_at
8.3795,8.3795,9.5758,207551_s_at
5.4026,5.4026,5.7085,207552_at
4.4423,4.4423,5.212,207553_at
6.62,6.62,6.14,207554_x_at
6.7324,6.7324,7.139,207555_s_at
9.5854,9.5854,8.2551,207556_s_at
4.9392,4.9392,4.1498,207557_s_at
4.4441,4.4441,4.506,207558_s_at
7.3208,7.3208,7.6855,207559_s_at
5.9981,5.9981,4.8635,207560_at
5.7551,5.7551,5.2105,207561_s_at
4.1533,4.1533,4.1499,207562_at
7.2356,7.2356,7.5345,207563_s_at
7.0628,7.0628,7.3264,207564_x_at
5.6824,5.6824,6.9311,207565_s_at
5.2448,5.2448,4.3104,207566_at
4.1533,4.1533,4.1499,207567_at
6.3442,6.3442,6.9208,207568_at
4.4941,4.4941,5.06,207569_at
4.1534,4.1534,4.15,207570_at
11.2638,11.2638,10.0752,207571_x_at
5.4004,5.4004,5.5452,207572_at
14.381,14.381,13.9841,207573_x_at
12.4838,12.4838,12.471,207574_s_at
4.1534,4.1534,4.4604,207575_at
4.5335,4.5335,5.6788,207576_x_at
5.203,5.203,5.3374,207577_at
6.6604,6.6604,6.8599,207578_s_at
4.1535,4.1535,4.6042,207579_at
4.6665,4.6665,4.5101,207580_at
4.1535,4.1535,4.15,207581_s_at
6.2076,6.2076,6.0969,207582_at
4.5287,4.5287,4.92,207583_at
4.985,4.985,4.4029,207584_at
12.1344,12.1344,12.1534,207585_s_at
4.6394,4.6394,5.1791,207586_at
5.0635,5.0635,4.383,207587_at
4.1535,4.1535,4.6481,207588_at
5.0649,5.0649,4.9835,207589_at
5.5244,5.5244,5.7104,207590_s_at
4.3272,4.3272,4.6811,207591_s_at
4.1536,4.1536,4.672,207592_s_at
6.3204,6.3204,6.3786,207593_at
5.4947,5.4947,5.3839,207594_s_at
5.4577,5.4577,4.5186,207595_s_at
4.6753,4.6753,4.8674,207596_at
4.8679,4.8679,4.9187,207597_at
6.9247,6.9247,7.4058,207598_x_at
4.1536,4.1536,4.8655,207599_at
4.3748,4.3748,5.4779,207600_at
5.7124,5.7124,5.5721,207601_at
5.85,5.85,5.9484,207602_at
4.1537,4.1537,4.1501,207603_at
6.274,6.274,6.7007,207604_s_at
7.1946,7.1946,7.4213,207605_x_at
5.7408,5.7408,5.6415,207606_s_at
4.1537,4.1537,4.1501,207607_at
6.8303,6.8303,6.7719,207608_x_at
4.6883,4.6883,4.3476,207609_s_at
6.8713,6.8713,4.656,207610_s_at
4.3423,4.3423,5.4007,207611_at
4.1538,4.1538,4.1501,207612_at
4.3679,4.3679,4.1502,207613_s_at
8.9193,8.9193,8.7335,207614_s_at
4.7956,4.7956,4.922,207615_s_at
7.6312,7.6312,8.0685,207616_s_at
4.3749,4.3749,4.5996,207617_at
7.6974,7.6974,8.1133,207618_s_at
4.3815,4.3815,4.1502,207619_at
8.0019,8.0019,7.6262,207621_s_at
5.3989,5.3989,6.5468,207622_s_at
6.1184,6.1184,4.575,207623_at
6.7367,6.7367,5.6601,207624_s_at
4.2898,4.2898,4.1503,207626_s_at
6.0593,6.0593,6.0842,207627_s_at
8.6711,8.6711,9.6511,207628_s_at
7.1417,7.1417,7.3822,207629_s_at
6.2566,6.2566,6.0994,207630_s_at
5.6147,5.6147,4.4242,207631_at
4.9929,4.9929,4.7155,207632_at
4.1538,4.1538,4.7386,207633_s_at
6.1594,6.1594,6.1636,207634_at
4.1538,4.1538,4.1503,207635_s_at
5.9119,5.9119,5.7067,207636_at
4.1539,4.1539,4.1504,207637_at
5.0686,5.0686,4.8922,207638_at
4.1539,4.1539,4.3527,207639_at
4.3681,4.3681,4.4676,207640_x_at
6.6026,6.6026,7.1204,207641_at
4.5704,4.5704,5.3529,207642_at
6.8665,6.8665,5.1897,207643_s_at
4.3101,4.3101,4.4996,207644_at
5.9122,5.9122,6.6834,207645_s_at
4.3579,4.3579,5.1694,207646_s_at
4.6209,4.6209,4.1504,207647_at
5.4317,5.4317,5.6623,207648_at
5.4725,5.4725,5.2824,207649_at
4.3732,4.3732,4.8744,207650_x_at
6.0188,6.0188,4.1504,207651_at
5.7976,5.7976,4.4283,207652_s_at
5.592,5.592,5.1032,207653_at
8.8367,8.8367,8.4441,207654_x_at
11.5603,11.5603,10.7784,207655_s_at
4.9029,4.9029,4.3556,207656_s_at
10.4209,10.4209,10.823,207657_x_at
4.6435,4.6435,4.5359,207658_s_at
5.4415,5.4415,4.1505,207659_s_at
5.6841,5.6841,6.028,207660_at
5.3116,5.3116,4.7686,207661_s_at
5.1187,5.1187,5.6534,207662_at
5.2755,5.2755,5.4855,207663_x_at
4.154,4.154,4.1505,207664_at
6.0579,6.0579,5.6269,207665_at
5.2516,5.2516,4.2888,207666_x_at
7.3914,7.3914,8.82,207667_s_at
10.5424,10.5424,10.4401,207668_x_at
4.5313,4.5313,4.2889,207669_at
6.0453,6.0453,6.0345,207670_at
5.2009,5.2009,4.8522,207671_s_at
4.6609,4.6609,4.1506,207672_at
4.3859,4.3859,4.5313,207673_at
4.9942,4.9942,4.869,207674_at
5.9368,5.9368,6.759,207675_x_at
5.6687,5.6687,4.5735,207676_at
9.4297,9.4297,8.8167,207677_s_at
4.3656,4.3656,4.9857,207678_s_at
4.154,4.154,4.1506,207679_at
5.2088,5.2088,5.3644,207680_x_at
4.6336,4.6336,5.592,207681_at
4.1541,4.1541,4.1506,207682_s_at
4.1541,4.1541,4.1507,207683_at
5.9164,5.9164,6.8883,207684_at
4.1541,4.1541,4.1507,207685_at
5.6285,5.6285,6.207,207686_s_at
5.8549,5.8549,5.5941,207687_at
6.3845,6.3845,5.4661,207688_s_at
5.7769,5.7769,5.6764,207689_at
5.6133,5.6133,5.8731,207690_at
4.9523,4.9523,5.6271,207691_x_at
6.2993,6.2993,5.7923,207692_s_at
4.9493,4.9493,4.4474,207693_at
4.6939,4.6939,4.2982,207694_at
5.0829,5.0829,5.6846,207695_s_at
4.1542,4.1542,4.1508,207696_at
7.7903,7.7903,7.3605,207697_x_at
5.0067,5.0067,4.7299,207698_at
6.5714,6.5714,6.2351,207699_at
5.8949,5.8949,6.4886,207701_at
4.1542,4.1542,4.1508,207702_s_at
4.1543,4.1543,4.1508,207703_at
5.6534,5.6534,6.9824,207704_s_at
5.0789,5.0789,6.2383,207705_s_at
4.1543,4.1543,4.7987,207706_at
6.2569,6.2569,6.8188,207708_at
4.6596,4.6596,5.0787,207709_at
4.8986,4.8986,4.7186,207710_at
5.2371,5.2371,6.6567,207711_at
4.5094,4.5094,5.0586,207712_at
8.2708,8.2708,7.8105,207713_s_at
4.2914,4.2914,4.2815,207714_s_at
4.3633,4.3633,4.3477,207715_at
6.4209,6.4209,6.4079,207716_at
4.5489,4.5489,4.6813,207717_s_at
6.4662,6.4662,6.5192,207718_x_at
9.0014,9.0014,7.9661,207719_x_at
4.8367,4.8367,5.6325,207720_at
5.4042,5.4042,5.2753,207722_s_at
4.1544,4.1544,5.5115,207723_s_at
5.1104,5.1104,5.1793,207724_s_at
5.8354,5.8354,5.7038,207725_at
4.1544,4.1544,4.1509,207726_at
9.0927,9.0927,9.9583,207727_s_at
5.3499,5.3499,4.7908,207728_at
4.1544,4.1544,4.3557,207729_at
11.7237,11.7237,10.0843,207730_x_at
4.6351,4.6351,4.6847,207731_at
5.9506,5.9506,6.5502,207732_s_at
6.0784,6.0784,5.0216,207733_x_at
6.4766,6.4766,7.255,207734_at
9.1183,9.1183,7.4601,207735_at
4.1545,4.1545,4.1509,207736_s_at
4.9955,4.9955,4.151,207737_at
4.1545,4.1545,4.151,207738_s_at
4.627,4.627,4.4823,207739_s_at
7.0293,7.0293,7.0258,207740_s_at
5.909,5.909,4.6146,207741_x_at
4.1546,4.1546,4.742,207742_s_at
4.358,4.358,4.3529,207743_at
4.1546,4.1546,4.3675,207744_at
4.1546,4.1546,4.3635,207745_at
8.3703,8.3703,9.054,207746_at
4.9547,4.9547,5.7423,207747_s_at
5.7425,5.7425,5.8661,207748_at
4.6338,4.6338,4.5103,207750_at
5.094,5.094,5.3692,207751_at
4.5439,4.5439,4.5417,207752_x_at
7.4701,7.4701,7.555,207753_at
5.6143,5.6143,4.3715,207754_at
5.3518,5.3518,5.9429,207755_at
5.7751,5.7751,5.2974,207756_at
5.4604,5.4604,5.0457,207757_at
6.6589,6.6589,5.9201,207758_at
5.7955,5.7955,5.468,207759_s_at
10.823,10.823,10.4828,207760_s_at
7.7934,7.7934,9.4907,207761_s_at
4.1547,4.1547,4.8265,207762_at
4.1547,4.1547,4.1511,207763_at
4.8827,4.8827,4.2956,207764_s_at
6.2688,6.2688,6.0236,207765_s_at
4.1548,4.1548,4.1511,207766_at
5.4772,5.4772,6.5865,207767_s_at
4.1548,4.1548,4.1512,207768_at
8.6524,8.6524,8.2158,207769_s_at
7.8081,7.8081,7.5025,207770_x_at
5.8967,5.8967,6.3088,207771_at
4.1548,4.1548,5.0927,207772_s_at
4.1549,4.1549,4.4698,207773_x_at
5.6297,5.6297,6.3317,207774_at
4.7457,4.7457,4.6444,207775_at
5.5218,5.5218,6.5298,207776_s_at
4.9612,4.9612,5.2567,207777_s_at
4.3143,4.3143,4.2993,207778_at
5.6584,5.6584,5.3596,207779_at
5.3607,5.3607,5.1702,207780_at
6.0656,6.0656,4.9859,207781_s_at
6.1234,6.1234,6.675,207782_s_at
14.9641,14.9641,14.9708,207783_x_at
5.1416,5.1416,4.353,207784_at
8.3135,8.3135,7.5897,207785_s_at
6.7153,6.7153,5.6611,207786_at
4.1549,4.1549,4.3872,207787_at
6.2996,6.2996,4.6162,207788_s_at
4.5396,4.5396,6.335,207789_s_at
4.9931,4.9931,5.4506,207790_at
4.2962,4.2962,5.3585,207792_at
4.9012,4.9012,4.1512,207793_s_at
5.1398,5.1398,6.1574,207794_at
4.6096,4.6096,5.407,207795_s_at
4.5832,4.5832,5.4344,207796_x_at
5.5541,5.5541,5.3964,207797_s_at
6.4461,6.4461,5.9676,207798_s_at
4.155,4.155,4.1512,207799_x_at
4.155,4.155,5.7981,207800_at
8.9971,8.9971,8.5806,207801_s_at
4.5879,4.5879,4.1513,207802_at
4.155,4.155,4.1513,207803_s_at
4.1551,4.1551,4.2994,207804_s_at
9.0316,9.0316,8.2167,207809_s_at
4.719,4.719,5.0865,207810_at
4.1551,4.1551,4.3766,207811_at
6.0765,6.0765,5.9625,207813_s_at
4.5294,4.5294,4.1514,207814_at
4.1552,4.1552,4.4957,207815_at
4.6941,4.6941,4.1514,207816_at
4.5723,4.5723,4.3213,207817_at
4.1552,4.1552,4.5443,207818_s_at
5.7623,5.7623,7.2292,207819_s_at
5.2644,5.2644,4.1514,207820_at
6.7178,6.7178,6.6479,207821_s_at
6.2385,6.2385,5.0694,207822_at
4.3733,4.3733,5.5188,207823_s_at
4.5589,4.5589,4.8896,207824_s_at
4.1553,4.1553,5.1424,207825_s_at
9.3928,9.3928,8.7138,207826_s_at
6.4327,6.4327,6.1317,207827_x_at
9.6845,9.6845,10.2813,207828_s_at
7.7962,7.7962,7.9917,207829_s_at
4.3305,4.3305,4.1515,207832_at
4.1553,4.1553,4.1515,207833_s_at
4.887,4.887,5.6563,207834_at
6.2761,6.2761,6.1283,207835_at
5.0069,5.0069,4.1515,207836_s_at
4.8625,4.8625,4.1516,207837_at
5.0776,5.0776,4.1516,207838_x_at
7.2363,7.2363,6.5796,207839_s_at
5.2965,5.2965,5.07,207840_at
5.0088,5.0088,5.7479,207841_at
6.6778,6.6778,5.941,207844_at
6.7162,6.7162,7.4023,207845_s_at
4.6148,4.6148,4.1517,207846_at
4.1553,4.1553,5.1479,207848_at
4.1554,4.1554,4.1517,207849_at
5.303,5.303,4.9325,207850_at
5.0093,5.0093,4.1518,207851_s_at
4.7717,4.7717,4.8431,207852_at
4.6565,4.6565,4.5419,207853_s_at
4.8988,4.8988,4.4882,207854_at
6.0623,6.0623,5.0617,207855_s_at
11.1002,11.1002,11.697,207856_s_at
10.5899,10.5899,7.1758,207857_at
4.3582,4.3582,4.3865,207858_s_at
5.8897,5.8897,5.6815,207859_s_at
4.646,4.646,4.2808,207860_at
4.3074,4.3074,4.3007,207861_at
5.2777,5.2777,4.1518,207862_at
4.3075,4.3075,4.4546,207863_at
4.5578,4.5578,5.2358,207864_at
5.2166,5.2166,4.7845,207865_s_at
4.2899,4.2899,4.9519,207866_at
4.8714,4.8714,4.7089,207867_at
6.971,6.971,6.5368,207868_at
4.1554,4.1554,4.1518,207869_s_at
5.1042,5.1042,5.374,207870_at
5.4742,5.4742,5.3687,207872_s_at
4.8079,4.8079,5.4528,207873_x_at
4.7299,4.7299,4.2545,207874_s_at
4.5259,4.5259,4.1519,207875_at
5.7578,5.7578,6.1717,207876_s_at
4.1555,4.1555,4.6338,207878_at
4.1555,4.1555,4.1519,207879_at
4.6042,4.6042,4.8746,207880_at
4.1555,4.1555,4.9983,207881_at
5.2339,5.2339,6.425,207882_at
5.5913,5.5913,4.3257,207883_s_at
4.5579,4.5579,5.1153,207884_at
4.1556,4.1556,4.152,207885_at
4.1556,4.1556,4.6997,207886_s_at
5.4831,5.4831,5.5943,207887_s_at
4.3665,4.3665,4.152,207888_at
4.1557,4.1557,4.4736,207889_at
6.0163,6.0163,6.2026,207890_s_at
5.0831,5.0831,5.4022,207891_s_at
4.1557,4.1557,4.3784,207892_at
4.1558,4.1558,4.7486,207893_at
4.431,4.431,4.5445,207894_s_at
4.1558,4.1558,4.1521,207895_at
4.1558,4.1558,4.1521,207896_s_at
6.1389,6.1389,5.5695,207897_at
4.1559,4.1559,4.3768,207899_at
4.1559,4.1559,4.2737,207900_at
5.0293,5.0293,4.8925,207901_at
4.5381,4.5381,4.4217,207902_at
4.1559,4.1559,5.018,207904_s_at
4.156,4.156,4.1521,207906_at
4.6211,4.6211,4.1522,207907_at
6.3748,6.3748,6.7199,207908_at
4.8948,4.8948,5.059,207909_x_at
4.156,4.156,5.5378,207910_at
5.008,5.008,5.2578,207911_s_at
4.1561,4.1561,4.1522,207912_s_at
4.321,4.321,4.2751,207913_at
5.8689,5.8689,5.3262,207914_x_at
5.6815,5.6815,5.829,207915_at
4.7555,4.7555,4.5712,207916_at
5.632,5.632,6.4907,207917_at
4.1561,4.1561,4.1523,207918_s_at
5.9729,5.9729,6.0872,207919_at
6.1294,6.1294,5.6817,207921_x_at
10.1683,10.1683,9.6039,207922_s_at
4.9549,4.9549,5.9307,207923_x_at
4.3403,4.3403,4.4998,207924_x_at
4.1562,4.1562,5.6254,207925_at
5.1053,5.1053,5.1846,207926_at
4.1562,4.1562,4.8942,207927_at
4.3233,4.3233,4.1523,207928_s_at
5.3055,5.3055,5.2277,207929_at
4.516,4.516,4.1523,207930_at
4.353,4.353,5.3503,207931_s_at
4.1562,4.1562,4.1524,207932_at
4.1563,4.1563,4.1524,207933_at
4.1563,4.1563,4.1525,207934_at
4.2964,4.2964,5.1191,207935_s_at
6.1236,6.1236,6.6418,207936_x_at
6.8787,6.8787,6.3025,207937_x_at
5.3329,5.3329,4.4218,207938_at
5.6625,5.6625,4.6804,207940_x_at
14.0518,14.0518,13.5563,207941_s_at
6.2743,6.2743,6.8925,207943_x_at
4.1564,4.1564,4.5093,207944_at
9.7597,9.7597,10.5223,207945_s_at
5.8605,5.8605,5.5626,207946_at
5.3399,5.3399,5.0276,207949_s_at
4.1564,4.1564,5.3217,207950_s_at
5.5573,5.5573,5.9804,207951_at
5.0254,5.0254,4.1525,207952_at
7.4195,7.4195,6.4171,207953_at
5.8913,5.8913,5.9224,207954_at
4.1564,4.1564,4.4415,207955_at
9.0328,9.0328,9.2921,207956_x_at
10.8551,10.8551,10.4791,207957_s_at
5.0041,5.0041,4.9698,207958_at
5.226,5.226,4.7971,207959_s_at
6.5419,6.5419,6.8223,207960_at
4.4041,4.4041,4.403,207961_x_at
4.1565,4.1565,5.1235,207962_at
4.8186,4.8186,4.5633,207963_at
4.78,4.78,5.7933,207964_x_at
4.3338,4.3338,4.1526,207965_at
9.9766,9.9766,8.3996,207966_s_at
5.7012,5.7012,4.6969,207967_at
5.5781,5.5781,6.3798,207969_x_at
7.6331,7.6331,7.3316,207971_s_at
4.1565,4.1565,4.707,207972_at
5.8649,5.8649,4.6999,207973_x_at
10.3912,10.3912,11.2285,207974_s_at
6.5359,6.5359,5.8694,207976_at
4.4708,4.4708,4.1526,207977_s_at
5.6714,5.6714,4.6617,207978_s_at
4.6396,4.6396,4.3233,207979_s_at
7.4868,7.4868,5.9088,207980_s_at
5.0115,5.0115,4.8048,207981_s_at
6.1394,6.1394,4.4066,207982_at
9.2547,9.2547,9.8604,207983_s_at
6.5979,6.5979,6.4967,207984_s_at
4.506,4.506,4.4677,207985_at
6.085,6.085,6.2133,207986_x_at
5.1685,5.1685,5.0039,207987_s_at
11.2039,11.2039,12.3449,207988_s_at
4.1566,4.1566,4.5105,207989_at
5.4882,5.4882,6.0855,207990_x_at
5.9255,5.9255,6.3558,207991_x_at
7.7032,7.7032,7.7997,207992_s_at
4.1566,4.1566,4.1526,207994_s_at
5.4839,5.4839,5.84,207995_s_at
7.7653,7.7653,6.9551,207996_s_at
4.7431,4.7431,4.9423,207998_s_at
6.5341,6.5341,6.5159,207999_s_at
5.2948,5.2948,6.7408,208000_at
8.3032,8.3032,10.6557,208002_s_at
7.385,7.385,6.1532,208003_s_at
4.6756,4.6756,5.4952,208004_at
5.056,5.056,5.1096,208005_at
5.1899,5.1899,4.3754,208006_at
4.8572,4.8572,4.6176,208007_at
5.6252,5.6252,4.7522,208008_at
6.4206,6.4206,6.3074,208009_s_at
4.9347,4.9347,4.6148,208010_s_at
4.6438,4.6438,4.5132,208011_at
9.1646,9.1646,8.8516,208012_x_at
5.2254,5.2254,5.7344,208013_s_at
4.6845,4.6845,5.0407,208014_x_at
7.6616,7.6616,5.7843,208015_at
5.0032,5.0032,4.7325,208016_s_at
4.7636,4.7636,4.1527,208017_s_at
6.0337,6.0337,9.0045,208018_s_at
4.9031,4.9031,4.1527,208019_at
5.0586,5.0586,5.4482,208020_s_at
9.304,9.304,10.1038,208021_s_at
4.1567,4.1567,4.7407,208022_s_at
5.4007,5.4007,6.0629,208023_at
8.3685,8.3685,8.4245,208024_s_at
5.4758,5.4758,5.2848,208026_at
4.7145,4.7145,4.9998,208027_s_at
4.7236,4.7236,4.6024,208028_s_at
6.7265,6.7265,7.9577,208029_s_at
8.3469,8.3469,7.9653,208030_s_at
4.5774,4.5774,4.1528,208031_s_at
4.1567,4.1567,4.1528,208032_s_at
5.2901,5.2901,4.4087,208033_s_at
5.8103,5.8103,5.4938,208034_s_at
6.1986,6.1986,6.5922,208035_at
5.3057,5.3057,4.5387,208036_at
6.227,6.227,6.7169,208037_s_at
4.1567,4.1567,4.1528,208038_at
5.9214,5.9214,6.3584,208039_at
5.3991,5.3991,4.8157,208040_s_at
4.9179,4.9179,5.4566,208041_at
6.1619,6.1619,6.5177,208042_at
4.9059,4.9059,4.1529,208043_at
4.3902,4.3902,4.6703,208044_s_at
4.3034,4.3034,4.7416,208045_at
6.1434,6.1434,6.535,208046_at
4.1568,4.1568,4.1529,208047_s_at
5.5598,5.5598,5.2065,208048_at
4.3178,4.3178,4.153,208049_s_at
9.62,9.62,8.9246,208051_s_at
6.3786,6.3786,6.971,208052_x_at
4.4551,4.4551,4.2775,208053_at
4.1568,4.1568,4.4532,208054_at
4.4443,4.4443,4.153,208055_s_at
8.5993,8.5993,7.5531,208056_s_at
4.4757,4.4757,5.258,208057_s_at
4.5725,4.5725,4.4679,208058_s_at
5.3225,5.3225,5.5036,208059_at
4.7529,4.7529,5.8585,208060_at
4.3035,4.3035,4.6074,208061_at
4.1569,4.1569,4.153,208062_s_at
4.3211,4.3211,4.5566,208063_s_at
5.4333,5.4333,5.8293,208064_s_at
4.1569,4.1569,4.1531,208065_at
6.8847,6.8847,7.1617,208067_x_at
7.9093,7.9093,8.1758,208068_x_at
7.0724,7.0724,8.1248,208069_x_at
7.9449,7.9449,7.5765,208070_s_at
6.3658,6.3658,4.4973,208071_s_at
11.7942,11.7942,13.1565,208072_s_at
12.1101,12.1101,11.3019,208073_x_at
9.1978,9.1978,9.0869,208074_s_at
4.1569,4.1569,4.6676,208075_s_at
6.0938,6.0938,6.3103,208076_at
6.7627,6.7627,7.1833,208077_at
6.106,6.106,7.2733,208079_s_at
5.7026,5.7026,5.463,208080_at
5.0451,5.0451,4.2589,208081_s_at
11.0953,11.0953,9.4853,208082_x_at
4.157,4.157,4.9033,208083_s_at
4.6529,4.6529,4.493,208084_at
4.157,4.157,4.1531,208085_s_at
4.8335,4.8335,4.7457,208086_s_at
4.3837,4.3837,4.8138,208087_s_at
4.1571,4.1571,4.1532,208088_s_at
6.0828,6.0828,6.061,208089_s_at
8.7411,8.7411,4.1532,208090_s_at
10.4656,10.4656,12.9692,208091_s_at
7.2381,7.2381,6.523,208092_s_at
8.1592,8.1592,7.5394,208093_s_at
7.7199,7.7199,6.9903,208094_s_at
11.7509,11.7509,11.9978,208095_s_at
4.1571,4.1571,4.805,208096_s_at
6.7687,6.7687,6.9441,208097_s_at
4.9702,4.9702,4.3365,208098_at
5.8552,5.8552,5.5804,208099_x_at
6.0423,6.0423,4.4573,208100_x_at
7.9134,7.9134,8.6877,208101_s_at
5.0861,5.0861,4.5583,208102_s_at
8.0793,8.0793,9.6628,208103_s_at
7.7741,7.7741,6.7715,208104_s_at
4.8925,4.8925,4.2915,208105_at
6.3535,6.3535,6.3704,208106_x_at
8.0728,8.0728,8.1335,208107_s_at
4.1572,4.1572,4.3035,208108_s_at
4.1572,4.1572,4.7817,208109_s_at
6.142,6.142,4.6898,208110_x_at
4.3251,4.3251,5.2616,208111_at
8.5952,8.5952,8.4465,208112_x_at
14.5155,14.5155,14.1024,208113_x_at
7.5006,7.5006,8.0647,208114_s_at
7.4963,7.4963,7.253,208115_x_at
8.2837,8.2837,7.4155,208116_s_at
7.6989,7.6989,8.0741,208117_s_at
8.3296,8.3296,8.7745,208118_x_at
7.5043,7.5043,7.1569,208119_s_at
8.9872,8.9872,8.7583,208120_x_at
4.5022,4.5022,4.4476,208121_s_at
4.5226,4.5226,4.2901,208122_x_at
4.7001,4.7001,4.6056,208123_at
5.914,5.914,5.5913,208124_s_at
5.828,5.828,4.9131,208126_s_at
8.0311,8.0311,7.4367,208127_s_at
5.1119,5.1119,5.4448,208128_x_at
6.8624,6.8624,6.6176,208129_x_at
4.1572,4.1572,5.0751,208130_s_at
4.4733,4.4733,4.6864,208131_s_at
8.2758,8.2758,7.4403,208132_x_at
4.8463,4.8463,4.8564,208133_at
4.4007,4.4007,5.0022,208134_x_at
4.1573,4.1573,4.4724,208135_at
4.3804,4.3804,4.1533,208136_s_at
9.1229,9.1229,8.3775,208137_x_at
5.7877,5.7877,5.2875,208138_at
5.4713,5.4713,5.318,208139_s_at
6.6707,6.6707,6.0658,208140_s_at
7.754,7.754,9.2295,208141_s_at
4.1573,4.1573,4.1533,208142_at
4.1574,4.1574,4.1533,208143_s_at
4.698,4.698,5.4517,208144_s_at
4.1574,4.1574,5.3925,208145_at
4.1575,4.1575,4.1534,208146_s_at
4.7414,4.7414,5.285,208147_s_at
4.1575,4.1575,4.1534,208148_at
6.4259,6.4259,6.8531,208151_x_at
10.8803,10.8803,11.9825,208152_s_at
5.2043,5.2043,4.9202,208153_s_at
5.6337,5.6337,5.5256,208154_at
6.1264,6.1264,5.9868,208155_x_at
5.5519,5.5519,6.2546,208156_x_at
5.0159,5.0159,4.3637,208157_at
6.6552,6.6552,5.9004,208158_s_at
9.5623,9.5623,10.5299,208159_x_at
4.3682,4.3682,4.3302,208160_at
4.4134,4.4134,4.3382,208161_s_at
4.4042,4.4042,4.1535,208162_s_at
5.7413,5.7413,6.0985,208163_s_at
6.0312,6.0312,4.5276,208164_s_at
4.8452,4.8452,4.1535,208165_s_at
4.7678,4.7678,4.3531,208166_at
4.5062,4.5062,4.1535,208167_s_at
4.1576,4.1576,4.1536,208168_s_at
5.089,5.089,4.3215,208169_s_at
4.286,4.286,4.7509,208170_s_at
4.5183,4.5183,6.2809,208172_s_at
4.1576,4.1576,4.1536,208173_at
8.8093,8.8093,8.2399,208174_x_at
4.1577,4.1577,4.1537,208175_s_at
4.1577,4.1577,4.2684,208176_at
6.3352,6.3352,6.0247,208177_at
6.888,6.888,6.6197,208178_x_at
5.3559,5.3559,5.0592,208179_x_at
6.4618,6.4618,6.7184,208180_s_at
4.7386,4.7386,4.2902,208181_at
5.6181,5.6181,5.6162,208182_x_at
4.8589,4.8589,4.6815,208183_at
7.4001,7.4001,9.1476,208184_s_at
6.2708,6.2708,5.3903,208185_x_at
5.2116,5.2116,4.8026,208186_s_at
5.8077,5.8077,6.1339,208187_s_at
4.3683,4.3683,5.5376,208188_at
5.5185,5.5185,4.5747,208189_s_at
6.3567,6.3567,5.9697,208191_x_at
4.5591,4.5591,4.1537,208192_at
5.1242,5.1242,4.6498,208193_at
4.628,4.628,4.1538,208194_s_at
7.0215,7.0215,9.145,208195_at
6.1481,6.1481,5.6169,208196_x_at
5.8715,5.8715,6.706,208198_x_at
4.8973,4.8973,4.1538,208199_s_at
6.4443,6.4443,6.5432,208200_at
4.1577,4.1577,4.1538,208201_at
6.8768,6.8768,6.1212,208202_s_at
4.5261,4.5261,4.5725,208203_x_at
5.2018,5.2018,4.7475,208204_s_at
4.9465,4.9465,5.3729,208205_at
11.7689,11.7689,8.9546,208206_s_at
4.1578,4.1578,4.5314,208207_at
4.335,4.335,4.4738,208208_at
5.087,5.087,4.3735,208209_s_at
4.3917,4.3917,4.5166,208210_at
4.6982,4.6982,5.4158,208211_s_at
5.8364,5.8364,4.1539,208212_s_at
4.9135,4.9135,4.9663,208213_s_at
4.3386,4.3386,4.1539,208214_at
4.1578,4.1578,4.154,208215_x_at
5.9442,5.9442,5.5022,208216_at
5.3993,5.3993,5.8666,208217_at
4.5211,4.5211,4.154,208218_s_at
4.1578,4.1578,4.2933,208219_at
5.5392,5.5392,5.3557,208220_x_at
4.9808,4.9808,5.8082,208221_s_at
4.5105,4.5105,5.726,208222_at
4.5616,4.5616,4.2789,208223_s_at
4.7301,4.7301,4.3915,208224_at
4.1579,4.1579,4.1541,208225_at
4.1579,4.1579,4.1541,208226_x_at
5.0934,5.0934,5.1061,208227_x_at
4.4688,4.4688,5.8155,208228_s_at
5.0722,5.0722,5.4606,208229_at
4.4267,4.4267,5.7901,208230_s_at
4.8219,4.8219,4.7281,208231_at
5.8899,5.8899,4.2816,208232_x_at
4.158,4.158,4.1541,208233_at
4.158,4.158,4.3542,208234_x_at
5.5734,5.5734,4.7566,208235_x_at
5.4064,5.4064,5.3966,208237_x_at
9.3557,9.3557,9.2844,208238_x_at
4.1581,4.1581,4.1542,208239_at
5.3563,5.3563,5.2218,208240_s_at
5.4664,5.4664,5.5607,208241_at
4.3307,4.3307,4.1542,208242_at
4.1581,4.1581,4.1543,208243_s_at
5.0766,5.0766,4.8004,208244_at
4.4161,4.4161,4.6924,208245_at
10.4054,10.4054,9.2193,208246_x_at
5.5151,5.5151,5.5663,208247_at
8.1959,8.1959,10.2557,208248_x_at
6.4721,6.4721,6.6259,208250_s_at
6.0032,6.0032,4.4284,208251_at
4.3476,4.3476,4.1543,208252_s_at
4.3273,4.3273,4.1544,208253_at
4.1582,4.1582,4.9377,208254_at
7.3113,7.3113,6.7274,208255_s_at
4.5533,4.5533,4.5378,208256_at
4.3425,4.3425,4.3258,208257_x_at
4.1582,4.1582,4.1544,208258_s_at
4.9863,4.9863,5.6392,208259_x_at
5.014,5.014,4.8289,208260_at
4.7752,4.7752,5.6217,208261_x_at
4.8651,4.8651,5.1704,208262_x_at
5.0161,5.0161,5.1034,208263_at
7.799,7.799,7.5535,208264_s_at
5.1753,5.1753,4.917,208265_at
5.4639,5.4639,5.3829,208266_at
5.7162,5.7162,6.0163,208267_at
4.9215,4.9215,5.2388,208268_at
4.3294,4.3294,4.4946,208269_s_at
8.453,8.453,9.5799,208270_s_at
4.1582,4.1582,4.1544,208271_at
4.2934,4.2934,5.5895,208272_at
5.2256,5.2256,5.2595,208273_at
5.7314,5.7314,5.3021,208274_at
5.0342,5.0342,4.5658,208275_x_at
4.9745,4.9745,4.1545,208276_at
4.4819,4.4819,4.4417,208277_at
4.1583,4.1583,4.1545,208278_s_at
4.2917,4.2917,4.2752,208279_s_at
4.9105,4.9105,4.3968,208280_at
5.8651,5.8651,5.2444,208281_x_at
4.9232,4.9232,4.6513,208282_x_at
4.6398,4.6398,4.782,208283_at
6.4304,6.4304,6.2795,208284_x_at
6.9301,6.9301,4.1546,208285_at
5.339,5.339,5.3316,208286_x_at
4.5805,4.5805,6.3445,208287_at
4.5201,4.5201,4.1546,208288_at
7.6304,7.6304,7.4242,208289_s_at
4.9629,4.9629,4.1546,208291_s_at
5.1698,5.1698,5.8379,208292_at
6.0878,6.0878,6.5817,208293_x_at
4.1583,4.1583,4.4914,208294_x_at
6.011,6.011,6.4937,208295_x_at
6.9795,6.9795,7.8169,208296_x_at
4.929,4.929,4.9053,208297_s_at
4.2918,4.2918,4.1547,208298_at
6.3094,6.3094,5.7094,208299_at
5.8798,5.8798,6.0808,208300_at
6.2423,6.2423,5.034,208301_at
9.0174,9.0174,5.8222,208302_at
4.7743,4.7743,4.4999,208303_s_at
4.1584,4.1584,4.1547,208304_at
4.1584,4.1584,4.9455,208305_at
4.1585,4.1585,5.014,208307_at
9.793,9.793,11.5133,208308_s_at
7.3376,7.3376,7.598,208310_s_at
4.4362,4.4362,4.1548,208311_at
4.6018,4.6018,4.6492,208312_s_at
13.1914,13.1914,12.9533,208313_s_at
5.2392,5.2392,5.674,208314_at
6.1571,6.1571,6.5668,208315_x_at
5.9019,5.9019,5.8402,208316_s_at
4.1585,4.1585,4.1548,208317_at
4.1585,4.1585,4.1548,208318_s_at
10.269,10.269,10.6332,208319_s_at
4.1586,4.1586,4.1549,208320_at
4.4143,4.4143,4.5406,208321_s_at
8.4396,8.4396,5.0857,208322_s_at
4.2915,4.2915,5.3831,208323_s_at
5.8357,5.8357,5.5201,208324_at
7.5349,7.5349,7.0617,208325_s_at
4.3517,4.3517,5.3057,208327_at
7.3257,7.3257,7.1211,208328_s_at
4.1586,4.1586,4.1549,208329_at
4.44,4.44,4.5256,208330_at
4.1587,4.1587,4.155,208331_at
5.8995,5.8995,6.7835,208332_at
4.1587,4.1587,4.2934,208333_at
5.262,5.262,5.5124,208334_at
4.5791,4.5791,4.4324,208335_s_at
9.0985,9.0985,8.4006,208336_s_at
4.8478,4.8478,5.2067,208337_s_at
4.1588,4.1588,5.1924,208338_at
4.8663,4.8663,4.8607,208339_at
4.1588,4.1588,4.2753,208340_at
6.0174,6.0174,6.6995,208341_x_at
6.1532,6.1532,4.9676,208342_x_at
4.4103,4.4103,4.155,208343_s_at
4.4916,4.4916,5.4857,208344_x_at
5.1872,5.1872,5.5404,208345_s_at
4.1588,4.1588,4.3355,208346_at
6.2142,6.2142,6.3242,208347_at
4.8814,4.8814,4.155,208348_s_at
5.6112,5.6112,5.6661,208349_at
5.3701,5.3701,4.3413,208350_at
7.0142,7.0142,6.9893,208351_s_at
5.4245,5.4245,4.3558,208352_x_at
5.1803,5.1803,5.3905,208353_x_at
4.1589,4.1589,4.1551,208354_s_at
5.5135,5.5135,5.6021,208356_x_at
6.2787,6.2787,6.1967,208357_x_at
4.8066,4.8066,5.6565,208358_s_at
4.3706,4.3706,4.5864,208359_s_at
5.1736,5.1736,6.4001,208360_s_at
6.3497,6.3497,6.4515,208361_s_at
5.669,5.669,5.1666,208363_s_at
5.7432,5.7432,4.5621,208364_at
6.0136,6.0136,5.0664,208365_s_at
5.0295,5.0295,4.9769,208366_at
4.4459,4.4459,4.1551,208367_x_at
5.434,5.434,6.0169,208368_s_at
7.4583,7.4583,6.9677,208370_s_at
8.1869,8.1869,7.2302,208371_s_at
5.0276,5.0276,5.8905,208372_s_at
5.3888,5.3888,5.2989,208373_s_at
11.9475,11.9475,11.8695,208374_s_at
4.1589,4.1589,4.1552,208375_at
4.7557,4.7557,5.1064,208376_at
4.159,4.159,4.1552,208377_s_at
5.0195,5.0195,4.4764,208378_x_at
5.6104,5.6104,5.3993,208379_x_at
4.159,4.159,4.1553,208380_at
4.1591,4.1591,4.1553,208381_s_at
6.0872,6.0872,5.9911,208382_s_at
4.1591,4.1591,4.4795,208383_s_at
6.9156,6.9156,6.4589,208384_s_at
4.1592,4.1592,4.1553,208385_at
5.4466,5.4466,5.307,208386_x_at
4.5096,4.5096,5.5443,208387_s_at
5.1293,5.1293,5.2618,208388_at
5.372,5.372,5.5769,208389_s_at
6.5735,6.5735,6.9217,208390_s_at
5.5651,5.5651,4.289,208391_s_at
7.1545,7.1545,6.8764,208392_x_at
6.9483,6.9483,6.0491,208393_s_at
5.0524,5.0524,4.7266,208394_x_at
4.848,4.848,4.1554,208395_s_at
4.1592,4.1592,4.1554,208396_s_at
5.8209,5.8209,4.5865,208397_x_at
5.5808,5.5808,4.7689,208399_s_at
4.59,4.59,4.1555,208400_at
5.8923,5.8923,5.4369,208401_s_at
5.1883,5.1883,4.9963,208402_at
6.9201,6.9201,6.9015,208403_x_at
5.9973,5.9973,4.8794,208404_x_at
11.7758,11.7758,11.5707,208405_s_at
4.3505,4.3505,4.1555,208406_s_at
5.4848,5.4848,4.9042,208408_at
4.6158,4.6158,4.6446,208409_at
5.0573,5.0573,5.3674,208410_x_at
4.1592,4.1592,4.1555,208411_x_at
4.1593,4.1593,4.1556,208412_s_at
4.1593,4.1593,4.1556,208413_at
5.2931,5.2931,4.582,208414_s_at
8.7672,8.7672,9.1799,208415_x_at
5.6302,5.6302,4.427,208416_s_at
4.8195,4.8195,4.9689,208417_at
8.2344,8.2344,8.3814,208420_x_at
4.6894,4.6894,5.8239,208421_at
5.3746,5.3746,5.1066,208422_at
4.1594,4.1594,5.0009,208423_s_at
4.1594,4.1594,4.1557,208425_s_at
5.476,5.476,5.6337,208426_x_at
4.5858,4.5858,4.3201,208427_s_at
4.1595,4.1595,4.5277,208428_at
6.0699,6.0699,5.474,208429_x_at
5.2603,5.2603,5.8757,208430_s_at
4.8843,4.8843,5.2112,208431_s_at
4.1595,4.1595,4.4349,208432_s_at
7.058,7.058,7.332,208433_s_at
4.3252,4.3252,4.3129,208434_at
4.1595,4.1595,4.3736,208435_s_at
7.3211,7.3211,7.4409,208436_s_at
4.1596,4.1596,4.6678,208437_at
6.2552,6.2552,6.1691,208438_s_at
5.2313,5.2313,5.5862,208439_s_at
4.1596,4.1596,4.1557,208440_at
5.8334,5.8334,5.1055,208441_at
6.3297,6.3297,5.219,208442_s_at
4.7706,4.7706,4.1558,208443_x_at
5.2585,5.2585,5.3841,208446_s_at
7.8394,7.8394,8.6429,208447_s_at
5.0494,5.0494,5.2084,208448_x_at
4.1597,4.1597,4.1558,208449_s_at
4.3405,4.3405,4.4272,208450_at
4.895,4.895,5.3888,208451_s_at
5.7282,5.7282,4.5727,208452_x_at
8.0401,8.0401,9.0477,208453_s_at
7.2261,7.2261,6.2998,208454_s_at
5.0795,5.0795,5.2341,208455_at
6.7346,6.7346,7.1946,208456_s_at
4.5123,4.5123,4.3983,208457_at
6.103,6.103,5.0637,208458_at
7.0932,7.0932,7.2848,208459_s_at
4.7388,4.7388,5.0392,208460_at
4.1597,4.1597,4.1558,208461_at
5.4515,5.4515,5.7292,208462_s_at
5.5503,5.5503,5.5163,208463_at
5.5753,5.5753,4.5447,208464_at
4.3784,4.3784,4.4502,208465_at
5.6359,5.6359,5.2991,208466_at
4.1598,4.1598,5.1927,208467_at
4.5733,4.5733,5.7529,208468_at
5.8127,5.8127,5.4742,208469_s_at
5.5169,5.5169,4.5517,208470_s_at
4.1598,4.1598,4.1559,208471_at
5.9487,5.9487,6.332,208472_at
5.3064,5.3064,6.1414,208473_s_at
5.6481,5.6481,5.6465,208474_at
5.1138,5.1138,4.2655,208475_at
4.6245,4.6245,4.9476,208476_s_at
4.1599,4.1599,5.1401,208477_at
4.4978,4.4978,5.614,208479_at
4.1599,4.1599,4.1559,208480_s_at
4.1599,4.1599,4.1559,208481_at
4.16,4.16,5.4959,208482_at
4.16,4.16,4.4652,208483_x_at
4.1601,4.1601,4.156,208484_at
6.7951,6.7951,6.7831,208485_x_at
6.7358,6.7358,7.162,208486_at
4.1601,4.1601,4.156,208487_at
4.4701,4.4701,5.6752,208488_s_at
4.2861,4.2861,4.5245,208489_at
8.6706,8.6706,8.5599,208490_x_at
4.4231,4.4231,4.1561,208491_s_at
4.3103,4.3103,5.5142,208492_at
4.1602,4.1602,4.1561,208493_at
4.1602,4.1602,4.1562,208494_at
4.1603,4.1603,4.1562,208495_at
7.1521,7.1521,6.7389,208496_x_at
4.3373,4.3373,4.5246,208497_x_at
7.5509,7.5509,5.4835,208498_s_at
6.4345,6.4345,5.1115,208499_s_at
4.1603,4.1603,4.1562,208500_x_at
5.0169,5.0169,5.0639,208501_at
4.1604,4.1604,4.1563,208502_s_at
6.0128,6.0128,6.8065,208503_s_at
4.1604,4.1604,4.361,208504_x_at
4.5735,4.5735,4.6044,208505_s_at
6.0207,6.0207,6.491,208506_at
4.4347,4.4347,4.3048,208507_at
4.4476,4.4476,4.1563,208508_s_at
5.5313,5.5313,6.0037,208509_s_at
6.8182,6.8182,7.1535,208511_at
4.1605,4.1605,4.1564,208512_s_at
5.0637,5.0637,4.1564,208513_at
5.3936,5.3936,5.6183,208514_at
5.8216,5.8216,5.5101,208515_at
4.1605,4.1605,4.2516,208516_at
14.541,14.541,14.5368,208517_x_at
4.9157,4.9157,5.1523,208518_s_at
4.9801,4.9801,6.4541,208519_x_at
5.0961,5.0961,6.8496,208520_at
4.7238,4.7238,4.2738,208521_at
4.1605,4.1605,4.5875,208522_s_at
7.6236,7.6236,7.0634,208523_x_at
5.1055,5.1055,5.3731,208524_at
4.1606,4.1606,4.1564,208525_s_at
5.0117,5.0117,5.5363,208526_at
8.4717,8.4717,7.9698,208527_x_at
4.1606,4.1606,4.1565,208528_x_at
4.1607,4.1607,4.3533,208529_at
5.2201,5.2201,5.122,208530_s_at
5.0316,5.0316,4.6462,208531_at
5.4384,5.4384,5.3163,208532_x_at
4.1607,4.1607,4.1565,208533_at
4.6705,4.6705,4.7477,208534_s_at
4.9536,4.9536,4.2667,208535_x_at
4.1608,4.1608,6.4775,208536_s_at
4.5344,4.5344,4.2983,208537_at
4.1608,4.1608,4.1566,208538_at
6.0661,6.0661,5.056,208539_x_at
6.3763,6.3763,6.6299,208540_x_at
8.2767,8.2767,8.1749,208541_x_at
4.1609,4.1609,4.1566,208542_x_at
4.1609,4.1609,4.1567,208543_at
4.7247,4.7247,5.8127,208544_at
4.161,4.161,4.1567,208545_x_at
7.687,7.687,6.897,208546_x_at
5.7285,5.7285,4.8232,208547_at
4.4117,4.4117,4.2984,208548_at
14.1637,14.1637,14.6762,208549_x_at
4.161,4.161,4.1567,208550_x_at
5.6183,5.6183,5.5751,208551_at
4.161,4.161,4.9024,208552_at
8.9275,8.9275,8.447,208553_at
4.1611,4.1611,4.9824,208554_at
5.9216,5.9216,5.6009,208555_x_at
4.1611,4.1611,4.3716,208556_at
5.4975,5.4975,5.422,208557_at
5.6661,5.6661,5.7808,208558_at
4.1612,4.1612,4.1568,208559_at
4.4268,4.4268,4.3832,208560_at
5.0413,5.0413,4.973,208561_at
4.4805,4.4805,4.1568,208562_s_at
4.1612,4.1612,4.1569,208563_x_at
5.2697,5.2697,4.1569,208564_at
4.8105,4.8105,5.1532,208565_at
4.1613,4.1613,4.1569,208566_at
4.3989,4.3989,4.4765,208567_s_at
4.7719,4.7719,5.862,208568_at
6.4245,6.4245,6.8268,208569_at
4.3918,4.3918,4.6288,208570_at
4.1613,4.1613,4.157,208571_at
4.8068,4.8068,4.555,208572_at
5.6245,5.6245,5.5231,208573_s_at
4.1614,4.1614,4.157,208574_at
4.1614,4.1614,5.2738,208575_at
6.7396,6.7396,6.5559,208576_s_at
6.0147,6.0147,5.4909,208577_at
6.0212,6.0212,6.2216,208578_at
9.3898,9.3898,7.7831,208579_x_at
7.4413,7.4413,8.3235,208580_x_at
11.0015,11.0015,9.5411,208581_x_at
4.1614,4.1614,4.1571,208582_s_at
7.5283,7.5283,8.3837,208583_x_at
4.4283,4.4283,4.1571,208584_at
5.5099,5.5099,5.5425,208585_at
4.1615,4.1615,4.5539,208586_s_at
6.3628,6.3628,5.9006,208587_s_at
6.0505,6.0505,5.9538,208588_at
4.1615,4.1615,4.1572,208589_at
4.4178,4.4178,4.1572,208590_x_at
5.7816,5.7816,7.0435,208591_s_at
5.0421,5.0421,6.1021,208592_s_at
4.9552,4.9552,5.8019,208593_x_at
6.6182,6.6182,6.5584,208594_x_at
6.5287,6.5287,5.7048,208595_s_at
5.1559,5.1559,5.4682,208596_s_at
5.7479,5.7479,5.8957,208597_at
9.8476,9.8476,10.1264,208598_s_at
4.7882,4.7882,5.2192,208599_at
4.1616,4.1616,4.1572,208600_s_at
4.1616,4.1616,4.1573,208601_s_at
4.4807,4.4807,4.2985,208602_x_at
4.4411,4.4411,4.3985,208603_s_at
4.4608,4.4608,4.4292,208604_s_at
4.1617,4.1617,4.1573,208605_s_at
4.1617,4.1617,4.1574,208606_s_at
4.9852,4.9852,4.1574,208607_s_at
4.7072,4.7072,5.539,208608_s_at
5.0453,5.0453,5.3114,208609_s_at
12.0183,12.0183,11.4087,208610_s_at
8.654,8.654,8.7996,208612_at
6.7806,6.7806,6.2668,208613_s_at
8.0419,8.0419,6.9085,208614_s_at
11.5499,11.5499,10.143,208615_s_at
13.6653,13.6653,12.3962,208616_s_at
13.7294,13.7294,12.4774,208617_s_at
12.0677,12.0677,12.5618,208620_at
10.0541,10.0541,9.9892,208621_s_at
14.2297,14.2297,14.1803,208622_s_at
11.6838,11.6838,12.22,208623_s_at
7.5893,7.5893,7.5878,208625_s_at
13.5563,13.5563,13.8332,208627_s_at
14.6281,14.6281,14.7102,208628_s_at
8.2818,8.2818,9.1242,208629_s_at
9.9689,9.9689,9.4207,208630_at
8.9847,8.9847,8.7884,208631_s_at
10.3161,10.3161,10.0352,208632_at
7.3229,7.3229,7.5679,208633_s_at
14.9076,14.9076,14.9271,208635_x_at
8.7166,8.7166,6.1142,208637_x_at
11.8961,11.8961,11.3538,208638_at
10.238,10.238,10.5437,208639_x_at
12.0993,12.0993,12.1754,208640_at
11.4242,11.4242,12.2742,208642_s_at
11.5315,11.5315,11.901,208643_s_at
14.7331,14.7331,14.745,208645_s_at
10.1736,10.1736,9.6338,208646_at
10.3773,10.3773,10.3014,208648_at
9.4747,9.4747,10.0945,208649_s_at
11.7102,11.7102,11.8552,208650_s_at
9.2335,9.2335,9.7762,208651_x_at
11.9204,11.9204,11.9649,208652_at
8.1129,8.1129,8.5253,208654_s_at
14.147,14.147,13.872,208655_at
14.3356,14.3356,13.8775,208656_s_at
9.5286,9.5286,8.346,208657_s_at
6.6923,6.6923,7.1184,208658_at
12.0808,12.0808,12.0003,208659_at
10.3994,10.3994,9.1759,208661_s_at
10.4125,10.4125,9.283,208662_s_at
9.7886,9.7886,8.4692,208663_s_at
6.7989,6.7989,6.5714,208664_s_at
7.4331,7.4331,8.2634,208666_s_at
10.4643,10.4643,11.0838,208667_s_at
14.7542,14.7542,14.7519,208668_x_at
8.8332,8.8332,8.7856,208670_s_at
9.9364,9.9364,9.9776,208671_at
13.9672,13.9672,14.507,208672_s_at
9.4112,9.4112,10.4018,208673_s_at
9.7745,9.7745,9.3195,208674_x_at
10.5847,10.5847,10.826,208675_s_at
8.6647,8.6647,9.5301,208676_s_at
7.6698,7.6698,7.3542,208677_s_at
9.1812,9.1812,9.571,208678_at
10.9517,10.9517,12.1479,208679_s_at
11.94,11.94,13.0257,208680_at
7.6456,7.6456,7.2685,208682_s_at
7.7544,7.7544,6.9664,208683_at
9.2921,9.2921,9.5333,208684_at
11.1402,11.1402,11.6991,208685_x_at
6.5805,6.5805,6.5281,208686_s_at
12.4806,12.4806,12.4806,208688_x_at
10.2502,10.2502,10.6705,208689_s_at
11.4654,11.4654,11.5561,208691_at
14.8697,14.8697,14.8245,208692_at
10.5745,10.5745,11.1169,208693_s_at
7.4227,7.4227,8.7621,208694_at
14.8095,14.8095,14.7652,208695_s_at
8.4638,8.4638,9.4401,208696_at
8.8636,8.8636,9.2817,208698_s_at
12.6532,12.6532,9.3972,208699_x_at
14.2024,14.2024,11.2891,208700_s_at
5.2135,5.2135,4.9893,208701_at
7.9311,7.9311,8.9842,208702_x_at
6.7299,6.7299,8.3536,208703_s_at
12.643,12.643,12.6845,208705_s_at
11.5664,11.5664,11.1152,208706_s_at
8.8613,8.8613,9.0774,208707_at
7.2761,7.2761,6.4639,208710_s_at
4.1618,4.1618,4.3216,208712_at
11.38,11.38,10.9889,208713_at
11.2003,11.2003,11.5852,208714_at
8.3642,8.3642,9.0217,208715_at
13.0506,13.0506,12.0623,208718_at
4.4204,4.4204,4.1575,208719_s_at
14.294,14.294,13.9502,208720_s_at
5.6553,5.6553,6.4324,208721_s_at
10.162,10.162,10.3679,208722_s_at
9.1203,9.1203,10.927,208723_at
12.4211,12.4211,11.6576,208724_s_at
4.3634,4.3634,6.0538,208725_at
9.6314,9.6314,9.8125,208726_s_at
8.7566,8.7566,8.9709,208727_s_at
14.0912,14.0912,14.1748,208729_x_at
8.3512,8.3512,8.8315,208730_x_at
8.9904,8.9904,8.5749,208731_at
8.2376,8.2376,7.9225,208732_at
5.3546,5.3546,4.1575,208733_at
10.4352,10.4352,10.333,208734_x_at
8.6149,8.6149,7.7934,208735_s_at
12.9138,12.9138,11.5113,208737_at
11.3991,11.3991,11.6448,208738_x_at
12.5751,12.5751,12.6325,208739_x_at
9.4304,9.4304,9.2671,208740_at
13.4416,13.4416,12.9138,208742_s_at
10.3667,10.3667,11.3991,208743_s_at
6.6127,6.6127,6.8893,208744_x_at
10.3737,10.3737,10.2098,208745_at
14.4669,14.4669,14.3509,208746_x_at
5.0715,5.0715,5.6242,208747_s_at
4.1618,4.1618,4.2817,208748_s_at
9.8851,9.8851,10.0997,208749_x_at
8.1991,8.1991,8.6551,208750_s_at
6.6714,6.6714,7.1374,208751_at
14.0292,14.0292,14.1858,208752_x_at
10.6252,10.6252,10.739,208753_s_at
11.432,11.432,11.38,208754_s_at
14.8991,14.8991,14.9414,208755_x_at
10.2184,10.2184,10.9935,208756_at
8.9631,8.9631,8.6991,208757_at
9.9603,9.9603,10.8773,208758_at
6.7334,6.7334,7.0655,208759_at
8.2181,8.2181,7.9109,208760_at
9.865,9.865,11.035,208761_s_at
7.3457,7.3457,7.6354,208762_at
13.9728,13.9728,13.7456,208764_s_at
11.4694,11.4694,12.0993,208765_s_at
12.9692,12.9692,13.0753,208766_s_at
14.8475,14.8475,14.8684,208768_x_at
5.6846,5.6846,4.6312,208769_at
9.6176,9.6176,10.6068,208770_s_at
11.3241,11.3241,12.3871,208771_s_at
9.4552,9.4552,9.709,208772_at
9.9402,9.9402,10.1853,208773_s_at
9.6281,9.6281,9.5137,208774_at
13.3742,13.3742,12.2976,208775_at
9.42,9.42,9.5623,208776_at
9.6913,9.6913,9.6152,208777_s_at
13.0176,13.0176,13.6653,208778_s_at
7.3542,7.3542,7.1037,208779_x_at
9.0698,9.0698,8.5518,208781_x_at
7.6874,7.6874,7.2195,208782_at
7.8483,7.8483,8.1405,208784_s_at
11.4261,11.4261,10.3773,208785_s_at
13.2314,13.2314,12.5684,208786_s_at
11.6619,11.6619,11.6905,208788_at
4.5553,4.5553,4.3892,208789_at
4.1619,4.1619,4.1576,208790_s_at
4.1619,4.1619,4.1576,208791_at
7.9561,7.9561,8.1722,208793_x_at
12.4967,12.4967,11.7599,208794_s_at
11.554,11.554,11.5274,208796_s_at
6.7364,6.7364,5.9164,208797_s_at
9.8322,9.8322,9.6257,208798_x_at
8.5549,8.5549,8.7444,208799_at
9.1062,9.1062,9.3811,208800_at
12.4365,12.4365,12.681,208801_at
7.7122,7.7122,7.7954,208802_at
7.7351,7.7351,8.091,208803_s_at
13.2763,13.2763,13.6759,208804_s_at
14.3408,14.3408,13.3085,208805_at
9.0229,9.0229,8.1375,208806_at
8.7538,8.7538,8.3954,208807_s_at
14.4982,14.4982,14.376,208808_s_at
8.9158,8.9158,8.9187,208809_s_at
9.5568,9.5568,8.6545,208810_at
9.1457,9.1457,8.8964,208811_s_at
14.7652,14.7652,14.8212,208812_x_at
6.1647,6.1647,6.8407,208813_at
7.1434,7.1434,7.2838,208814_at
10.06,10.06,10.0263,208815_x_at
7.0664,7.0664,8.191,208816_x_at
8.6307,8.6307,7.9545,208817_at
10.41,10.41,9.056,208818_s_at
8.0845,8.0845,9.7065,208819_at
12.3269,12.3269,13.1958,208821_at
8.356,8.356,7.9246,208823_s_at
6.896,6.896,7.3408,208824_x_at
14.9767,14.9767,14.958,208825_x_at
13.9785,13.9785,14.1359,208826_x_at
10.9951,10.9951,11.1369,208827_at
10.753,10.753,11.4872,208828_at
10.1809,10.1809,11.3334,208829_at
7.2667,7.2667,7.481,208830_s_at
7.8983,7.8983,7.6514,208831_x_at
7.9019,7.9019,7.6002,208832_at
11.9179,11.9179,11.8244,208833_s_at
14.9746,14.9746,14.9641,208834_x_at
10.9983,10.9983,10.2293,208835_s_at
14.1969,14.1969,12.879,208836_at
8.0414,8.0414,8.6318,208837_at
7.4941,7.4941,7.8289,208838_at
7.1885,7.1885,7.4572,208839_s_at
9.7313,9.7313,9.7466,208840_s_at
8.8533,8.8533,8.5874,208841_s_at
10.5964,10.5964,10.7955,208842_s_at
10.1254,10.1254,10.0332,208843_s_at
5.6002,5.6002,6.1894,208844_at
11.3933,11.3933,12.1263,208845_at
8.3565,8.3565,9.2478,208846_s_at
7.5323,7.5323,8.3479,208848_at
5.0768,5.0768,5.6798,208849_at
6.2368,6.2368,5.9806,208850_s_at
4.5535,4.5535,5.5598,208851_s_at
8.5594,8.5594,9.13,208852_s_at
7.7156,7.7156,7.463,208853_s_at
10.7279,10.7279,11.2855,208854_s_at
13.6706,13.6706,13.536,208855_s_at
14.944,14.944,14.9125,208856_x_at
7.5961,7.5961,7.9504,208857_s_at
7.9404,7.9404,7.1467,208859_s_at
8.0945,8.0945,7.7316,208860_s_at
9.1673,9.1673,9.0972,208861_s_at
7.1623,7.1623,6.3427,208862_s_at
8.1256,8.1256,9.2045,208863_s_at
11.1135,11.1135,11.0446,208864_s_at
10.4913,10.4913,9.3643,208865_at
7.6909,7.6909,6.6078,208866_at
6.5756,6.5756,6.5876,208867_s_at
5.136,5.136,4.4633,208868_s_at
6.5156,6.5156,6.8163,208869_s_at
13.7946,13.7946,13.6129,208870_x_at
4.6186,4.6186,4.6529,208871_at
9.825,9.825,7.4277,208873_s_at
7.9606,7.9606,8.6149,208874_x_at
7.4674,7.4674,7.2935,208875_s_at
4.8851,4.8851,5.4557,208876_s_at
10.2712,10.2712,9.6536,208877_at
7.5761,7.5761,7.29,208878_s_at
8.98,8.98,8.7655,208880_s_at
12.2713,12.2713,11.822,208881_x_at
9.1561,9.1561,8.7912,208882_s_at
7.8451,7.8451,6.9827,208883_at
9.3833,9.3833,9.34,208884_s_at
9.1859,9.1859,11.4339,208885_at
8.1561,8.1561,5.5874,208886_at
13.2225,13.2225,12.3508,208887_at
4.5213,4.5213,4.566,208888_s_at
6.004,6.004,5.5538,208889_s_at
11.5831,11.5831,9.2692,208890_s_at
6.923,6.923,7.6289,208892_s_at
4.3426,4.3426,5.2075,208893_s_at
8.1758,8.1758,7.8213,208895_s_at
7.1353,7.1353,7.6586,208896_at
7.5072,7.5072,8.3051,208897_s_at
7.2543,7.2543,7.3179,208899_x_at
9.1332,9.1332,10.06,208900_s_at
10.6016,10.6016,11.9033,208901_s_at
6.2371,6.2371,7.1623,208902_s_at
8.5365,8.5365,9.4845,208903_at
14.7776,14.7776,14.7586,208904_s_at
8.1379,8.1379,7.8603,208906_at
6.9554,6.9554,7.1768,208907_s_at
14.376,14.376,13.9953,208909_at
7.9408,7.9408,8.5467,208911_s_at
8.3661,8.3661,8.5692,208912_s_at
8.927,8.927,9.1294,208913_at
7.5171,7.5171,8.5889,208914_at
6.9613,6.9613,7.4288,208915_s_at
6.5477,6.5477,6.7546,208916_at
6.4425,6.4425,6.8236,208917_x_at
8.2027,8.2027,9.534,208918_s_at
8.7828,8.7828,10.3807,208919_s_at
5.7457,5.7457,6.5407,208920_at
10.2914,10.2914,11.5032,208921_s_at
10.6265,10.6265,11.5873,208922_s_at
8.338,8.338,8.5941,208923_at
9.2119,9.2119,8.3732,208924_at
6.7421,6.7421,6.4982,208925_at
5.878,5.878,6.2651,208926_at
7.5612,7.5612,7.2161,208927_at
6.8806,6.8806,6.9969,208928_at
14.7875,14.7875,14.7693,208929_x_at
10.6305,10.6305,10.5783,208930_s_at
10.9332,10.9332,11.0478,208931_s_at
9.6346,9.6346,10.315,208932_at
9.4097,9.4097,8.2281,208933_s_at
7.0918,7.0918,6.8512,208934_s_at
7.501,7.501,6.6246,208935_s_at
5.6058,5.6058,5.2993,208937_s_at
7.4159,7.4159,7.0932,208938_at
9.3543,9.3543,9.2167,208939_at
7.77,7.77,7.5003,208940_at
9.0335,9.0335,9.4597,208941_s_at
9.5718,9.5718,8.7313,208942_s_at
9.8304,9.8304,8.9058,208943_s_at
9.6628,9.6628,9.8196,208944_at
6.6862,6.6862,6.4342,208947_s_at
12.1182,12.1182,12.1101,208948_s_at
6.357,6.357,5.8485,208949_s_at
6.2145,6.2145,7.0544,208951_at
7.6778,7.6778,7.5728,208952_s_at
7.0093,7.0093,6.8366,208953_at
7.7528,7.7528,7.2575,208954_s_at
9.5325,9.5325,10.34,208955_at
13.4465,13.4465,13.5308,208956_x_at
7.1782,7.1782,7.0064,208957_at
5.2171,5.2171,5.7469,208958_at
9.9516,9.9516,9.7483,208959_s_at
10.1767,10.1767,8.5574,208960_s_at
12.3298,12.3298,9.8668,208961_s_at
8.6339,8.6339,7.8479,208962_s_at
8.1508,8.1508,7.2426,208963_x_at
8.7963,8.7963,8.2213,208964_s_at
9.2362,9.2362,8.0919,208965_s_at
9.5505,9.5505,9.6128,208966_x_at
6.8925,6.8925,8.4259,208967_s_at
9.7832,9.7832,10.2217,208968_s_at
10.6292,10.6292,11.6319,208969_at
10.5011,10.5011,9.8375,208970_s_at
8.1164,8.1164,8.7588,208971_at
9.2984,9.2984,10.0136,208972_s_at
6.9389,6.9389,7.3932,208973_at
11.5335,11.5335,12.4365,208974_x_at
8.5738,8.5738,8.5651,208975_s_at
11.6727,11.6727,13.5973,208977_x_at
4.1619,4.1619,5.121,208978_at
10.0822,10.0822,10.0342,208979_at
14.1525,14.1525,13.7892,208980_s_at
8.0668,8.0668,6.1834,208981_at
10.717,10.717,7.3113,208982_at
6.2807,6.2807,4.9771,208983_s_at
10.6638,10.6638,10.4352,208984_x_at
8.3324,8.3324,8.3464,208985_s_at
9.355,9.355,8.4781,208986_at
8.33,8.33,8.9111,208987_s_at
8.0802,8.0802,7.8591,208988_at
7.8539,7.8539,7.8705,208989_s_at
11.0722,11.0722,10.5011,208990_s_at
8.2127,8.2127,7.212,208991_at
8.9046,8.9046,9.5814,208993_s_at
8.8642,8.8642,8.7846,208994_s_at
8.0763,8.0763,8.0668,208995_s_at
8.7417,8.7417,9.1093,208996_s_at
8.5533,8.5533,9.4334,208997_s_at
12.4552,12.4552,12.8298,208998_at
6.2309,6.2309,6.8768,208999_at
4.162,4.162,4.1577,209000_s_at
8.8783,8.8783,10.7019,209001_s_at
8.6019,8.6019,7.3306,209002_s_at
8.1987,8.1987,8.8292,209003_at
9.7667,9.7667,8.279,209004_s_at
9.6612,9.6612,8.7527,209005_at
7.7677,7.7677,6.9489,209006_s_at
9.6265,9.6265,9.7048,209007_s_at
6.5147,6.5147,6.0612,209008_x_at
12.7705,12.7705,12.7093,209009_at
4.162,4.162,4.1577,209010_s_at
6.485,6.485,6.8331,209011_at
7.5014,7.5014,7.6518,209012_at
7.142,7.142,7.114,209013_x_at
13.3554,13.3554,13.0176,209014_at
4.4104,4.4104,4.3452,209016_s_at
9.5951,9.5951,9.7099,209017_s_at
7.0133,7.0133,7.3229,209018_s_at
7.1786,7.1786,6.948,209019_s_at
11.955,11.955,12.0364,209020_at
7.8285,7.8285,6.9554,209021_x_at
12.1616,12.1616,11.5194,209022_at
9.3796,9.3796,8.7051,209023_s_at
10.8013,10.8013,10.5629,209024_s_at
11.0462,11.0462,11.3297,209025_s_at
13.9558,13.9558,14.6701,209026_x_at
10.5198,10.5198,9.4838,209027_s_at
10.2293,10.2293,8.6223,209028_s_at
5.913,5.913,5.7051,209030_s_at
4.3085,4.3085,5.265,209031_at
5.7482,5.7482,4.6585,209032_s_at
13.7348,13.7348,13.2225,209033_s_at
11.7305,11.7305,10.0681,209034_at
11.0253,11.0253,12.5322,209036_s_at
5.9279,5.9279,6.3724,209037_s_at
5.7317,5.7317,6.447,209038_s_at
9.0998,9.0998,9.3216,209039_x_at
5.7255,5.7255,6.219,209041_s_at
8.2897,8.2897,8.3958,209042_s_at
9.6421,9.6421,9.328,209043_at
9.2602,9.2602,9.2187,209044_x_at
10.8683,10.8683,10.6571,209046_s_at
5.4884,5.4884,5.6663,209047_at
9.4937,9.4937,8.0954,209048_s_at
9.4401,9.4401,7.9862,209049_s_at
4.68,4.68,4.6954,209051_s_at
6.4592,6.4592,7.8362,209052_s_at
9.4259,9.4259,10.9639,209053_s_at
9.3942,9.3942,9.4929,209054_s_at
7.0777,7.0777,7.0531,209055_s_at
10.5512,10.5512,10.1927,209056_s_at
7.473,7.473,7.5435,209057_x_at
10.9118,10.9118,10.2087,209058_at
11.1522,11.1522,10.2981,209059_s_at
6.1903,6.1903,6.5925,209060_x_at
7.5934,7.5934,8.1672,209061_at
8.5723,8.5723,10.4937,209062_x_at
8.9612,8.9612,7.8551,209063_x_at
9.7974,9.7974,9.4657,209064_x_at
8.0715,8.0715,8.2514,209065_at
12.7093,12.7093,13.2002,209066_x_at
13.9055,13.9055,13.3932,209067_s_at
9.816,9.816,10.0117,209068_at
14.7232,14.7232,14.8518,209069_s_at
4.1621,4.1621,4.4438,209070_s_at
4.8853,4.8853,4.9083,209071_s_at
5.9198,5.9198,6.325,209072_at
6.9619,6.9619,6.5967,209073_s_at
4.1621,4.1621,4.1577,209074_s_at
9.5076,9.5076,10.5036,209075_s_at
10.6239,10.6239,11.7553,209076_s_at
9.0863,9.0863,10.2391,209077_at
7.6755,7.6755,8.6588,209078_s_at
5.4635,5.4635,6.3228,209079_x_at
4.3212,4.3212,4.1578,209081_s_at
5.0948,5.0948,6.1496,209082_s_at
6.2051,6.2051,6.1052,209084_s_at
8.7051,8.7051,9.2139,209085_x_at
5.4673,5.4673,5.8564,209086_x_at
6.734,6.734,6.6167,209087_x_at
9.771,9.771,10.4901,209088_s_at
10.9225,10.9225,9.579,209089_at
11.0494,11.0494,10.8143,209090_s_at
9.6778,9.6778,9.7867,209091_s_at
7.0814,7.0814,7.1748,209093_s_at
5.6791,5.6791,5.7961,209094_at
7.035,7.035,8.1441,209096_at
4.1622,4.1622,4.1578,209097_s_at
5.0702,5.0702,6.1181,209098_s_at
6.654,6.654,7.8001,209099_x_at
6.1074,6.1074,4.6984,209101_at
10.76,10.76,9.8897,209102_s_at
10.055,10.055,10.9102,209103_s_at
11.753,11.753,11.86,209104_s_at
5.8069,5.8069,4.8881,209105_at
8.7856,8.7856,7.4583,209106_at
8.3352,8.3352,8.3198,209107_x_at
5.2137,5.2137,5.0409,209108_at
8.8561,8.8561,8.9454,209110_s_at
7.7986,7.7986,8.2879,209111_at
6.7884,6.7884,7.0376,209113_s_at
4.8855,4.8855,5.2231,209114_at
8.645,8.645,8.5309,209115_at
7.7847,7.7847,7.0212,209116_x_at
7.3183,7.3183,7.9727,209117_at
12.3719,12.3719,12.2713,209118_s_at
4.295,4.295,4.1578,209119_x_at
4.4492,4.4492,4.3813,209120_at
4.5873,4.5873,4.7538,209121_x_at
7.6244,7.6244,7.6716,209123_at
10.4717,10.4717,11.0046,209124_at
4.1622,4.1622,4.6634,209125_at
4.1623,4.1623,4.6817,209126_x_at
7.8795,7.8795,8.0997,209127_s_at
8.8544,8.8544,8.6797,209128_s_at
8.9854,8.9854,7.4019,209129_at
9.2844,9.2844,8.4332,209130_at
4.1623,4.1623,4.1579,209131_s_at
8.1147,8.1147,8.9158,209132_s_at
5.8052,5.8052,6.1501,209133_s_at
14.8658,14.8658,14.834,209134_s_at
5.4641,5.4641,4.7001,209135_at
7.9487,7.9487,7.5439,209136_s_at
8.7778,8.7778,9.4937,209137_s_at
11.7599,11.7599,12.4615,209138_x_at
9.2045,9.2045,9.8178,209139_s_at
14.8737,14.8737,14.8616,209140_x_at
8.9425,8.9425,9.6896,209141_at
8.8964,8.8964,9.8861,209142_s_at
10.0431,10.0431,10.7586,209143_s_at
4.4896,4.4896,4.3718,209144_s_at
4.3104,4.3104,5.1222,209145_s_at
6.9088,6.9088,7.0564,209146_at
8.2014,8.2014,7.8709,209148_at
6.3462,6.3462,6.3986,209149_s_at
7.3882,7.3882,7.6266,209150_s_at
6.925,6.925,7.3663,209151_x_at
9.3322,9.3322,10.1203,209152_s_at
13.8775,13.8775,13.5008,209153_s_at
10.4668,10.4668,11.3649,209154_at
10.0302,10.0302,8.0676,209155_s_at
4.3275,4.3275,4.8777,209156_s_at
7.3029,7.3029,7.2709,209157_at
8.5998,8.5998,8.4594,209158_s_at
5.6769,5.6769,6.4497,209159_s_at
8.746,8.746,7.7618,209160_at
6.3404,6.3404,7.254,209162_s_at
5.5864,5.5864,6.2165,209164_s_at
9.1352,9.1352,10.1683,209165_at
7.3656,7.3656,7.4431,209167_at
6.4097,6.4097,6.4919,209168_at
5.2597,5.2597,5.117,209169_at
6.5934,6.5934,6.6911,209170_s_at
9.5317,9.5317,9.4252,209171_at
6.6574,6.6574,6.8059,209172_s_at
4.1624,4.1624,4.1579,209173_at
9.7983,9.7983,10.2801,209174_s_at
5.7145,5.7145,6.2225,209175_at
5.5117,5.5117,5.4484,209176_at
8.4011,8.4011,8.5168,209177_at
7.9258,7.9258,8.1601,209178_at
8.9211,8.9211,9.677,209180_at
11.7735,11.7735,12.0545,209181_s_at
5.4981,5.4981,4.5001,209182_s_at
10.2734,10.2734,6.8841,209183_s_at
12.28,12.28,10.4029,209184_s_at
13.2992,13.2992,11.3612,209185_s_at
8.8189,8.8189,9.4053,209186_at
9.9309,9.9309,9.1687,209187_at
9.0211,9.0211,8.4303,209188_x_at
9.1294,9.1294,9.3011,209190_s_at
8.446,8.446,8.7319,209192_x_at
9.3266,9.3266,11.3876,209193_at
8.2281,8.2281,9.2348,209194_at
6.0215,6.0215,6.3494,209195_s_at
6.6895,6.6895,6.9896,209196_at
8.9806,8.9806,7.3183,209197_at
7.904,7.904,7.1024,209198_s_at
11.8081,11.8081,8.1098,209199_s_at
8.8355,8.8355,7.0965,209200_at
14.1803,14.1803,14.763,209201_x_at
6.2546,6.2546,6.5973,209202_s_at
8.0461,8.0461,7.0962,209203_s_at
6.7998,6.7998,6.1708,209204_at
7.9832,7.9832,7.4825,209205_s_at
7.7725,7.7725,7.2592,209206_at
7.9445,7.9445,7.3776,209207_s_at
4.8197,4.8197,4.9301,209208_at
4.1624,4.1624,4.4486,209209_s_at
5.3766,5.3766,4.6885,209210_s_at
5.1235,5.1235,5.232,209211_at
5.3292,5.3292,6.6446,209212_s_at
11.1796,11.1796,10.9424,209214_s_at
8.8748,8.8748,7.982,209216_at
7.964,7.964,7.9461,209217_s_at
10.4006,10.4006,10.5362,209219_at
5.8721,5.8721,4.9506,209220_at
6.9732,6.9732,7.0317,209221_s_at
7.2983,7.2983,7.5021,209222_s_at
5.4108,5.4108,5.8762,209223_at
10.1482,10.1482,9.9932,209225_x_at
9.9392,9.9392,9.9157,209226_s_at
4.9421,4.9421,5.2413,209227_at
4.9217,4.9217,5.2995,209228_x_at
8.7878,8.7878,8.9515,209229_s_at
4.498,4.498,4.97,209230_s_at
6.0372,6.0372,6.9703,209231_s_at
9.1971,9.1971,9.5348,209232_s_at
7.7665,7.7665,8.0448,209233_at
7.0472,7.0472,6.9082,209234_at
7.6766,7.6766,7.2827,209235_at
6.7212,6.7212,7.0405,209236_at
5.4709,5.4709,5.7238,209237_s_at
7.2515,7.2515,6.6632,209238_at
9.443,9.443,10.1028,209239_at
13.1565,13.1565,12.1809,209240_at
6.2987,6.2987,6.5919,209241_x_at
5.4941,5.4941,5.9234,209242_at
4.1624,4.1624,4.3804,209243_s_at
4.3077,4.3077,4.4079,209244_s_at
4.3619,4.3619,4.3154,209245_s_at
6.6698,6.6698,6.0149,209246_at
7.2025,7.2025,7.8511,209247_s_at
11.6663,11.6663,12.8677,209249_s_at
7.8555,7.8555,8.0702,209250_at
14.6513,14.6513,14.7048,209251_x_at
7.7312,7.7312,7.6859,209252_at
5.7598,5.7598,5.2629,209254_at
7.3134,7.3134,6.904,209255_at
7.6164,7.6164,7.0093,209256_s_at
9.765,9.765,10.0283,209258_s_at
4.1625,4.1625,4.3024,209261_s_at
4.3477,4.3477,5.4346,209264_s_at
9.216,9.216,8.6855,209265_s_at
4.4162,4.4162,4.7166,209266_s_at
8.4905,8.4905,8.8275,209267_s_at
7.5946,7.5946,7.0797,209268_at
5.9838,5.9838,7.0754,209269_s_at
5.1519,5.1519,4.734,209270_at
9.2817,9.2817,9.4559,209271_at
7.9727,7.9727,7.2457,209272_at
9.6216,9.6216,9.2322,209273_s_at
9.9873,9.9873,9.7814,209274_s_at
7.6437,7.6437,7.4764,209275_s_at
10.8492,10.8492,8.6113,209276_s_at
4.6794,4.6794,4.158,209277_at
4.1625,4.1625,4.158,209278_s_at
6.1621,6.1621,6.9831,209279_s_at
6.6617,6.6617,5.724,209280_at
6.8144,6.8144,7.7219,209281_s_at
9.8622,9.8622,9.5497,209282_at
8.4299,8.4299,7.1401,209284_s_at
8.2731,8.2731,7.0268,209285_s_at
6.9421,6.9421,4.3326,209286_at
6.2595,6.2595,5.385,209287_s_at
5.6441,5.6441,4.1581,209288_s_at
4.2862,4.2862,5.0342,209289_at
5.6647,5.6647,4.4547,209290_s_at
4.4854,4.4854,4.4439,209291_at
4.1626,4.1626,4.1581,209292_at
5.7329,5.7329,5.8931,209293_x_at
4.5063,4.5063,4.4312,209294_x_at
6.5234,6.5234,5.978,209295_at
8.6313,8.6313,7.391,209296_at
4.6353,4.6353,5.4306,209297_at
4.5184,4.5184,4.2517,209298_s_at
6.9098,6.9098,7.5542,209299_x_at
9.5911,9.5911,9.2288,209300_s_at
6.8287,6.8287,7.0985,209301_at
8.794,8.794,9.9794,209302_at
9.1196,9.1196,8.6513,209303_at
9.2768,9.2768,9.7167,209305_s_at
8.6582,8.6582,8.3324,209306_s_at
10.5161,10.5161,9.733,209308_s_at
4.9305,4.9305,5.0795,209309_at
8.6551,8.6551,8.5646,209310_s_at
7.7982,7.7982,6.8392,209311_at
14.5492,14.5492,14.7307,209312_x_at
7.0498,7.0498,6.8284,209314_s_at
7.734,7.734,7.8575,209315_at
9.2658,9.2658,9.6879,209316_s_at
8.2995,8.2995,8.4215,209317_at
6.9749,6.9749,7.2758,209318_x_at
7.1044,7.1044,7.2941,209321_s_at
6.9972,6.9972,6.1664,209322_s_at
10.8713,10.8713,11.0706,209323_at
5.7053,5.7053,6.213,209324_s_at
4.9079,4.9079,5.7865,209325_s_at
6.809,6.809,8.2222,209326_at
5.7689,5.7689,5.2499,209327_s_at
5.6259,5.6259,6.0906,209328_x_at
11.2514,11.2514,12.3418,209330_s_at
7.89,7.89,6.9072,209331_s_at
11.5916,11.5916,9.8924,209332_s_at
6.8589,6.8589,7.2775,209333_at
7.1259,7.1259,7.7974,209334_s_at
4.1626,4.1626,4.8553,209335_at
6.8172,6.8172,7.7254,209336_at
6.5886,6.5886,7.7375,209338_at
12.7815,12.7815,8.991,209339_at
8.4961,8.4961,9.5278,209340_at
5.9956,5.9956,6.4381,209342_s_at
6.2133,6.2133,5.3753,209343_at
8.0642,8.0642,7.6327,209344_at
7.1576,7.1576,8.2217,209345_s_at
5.4517,5.4517,4.9951,209346_s_at
4.1627,4.1627,4.1582,209347_s_at
5.2203,5.2203,4.5471,209348_s_at
6.5964,6.5964,5.4711,209349_at
9.0471,9.0471,9.7201,209350_s_at
4.2935,4.2935,4.1582,209351_at
6.8185,6.8185,6.5671,209352_s_at
4.1627,4.1627,4.1582,209353_s_at
8.3589,8.3589,7.3053,209354_at
4.1628,4.1628,4.6355,209355_s_at
4.1628,4.1628,4.9508,209356_x_at
5.486,5.486,5.877,209357_at
9.5544,9.5544,9.7614,209358_at
7.3351,7.3351,7.2656,209359_x_at
8.3747,8.3747,7.9648,209360_s_at
6.3196,6.3196,6.3057,209361_s_at
7.7827,7.7827,7.8189,209362_at
6.3602,6.3602,6.317,209363_s_at
7.2636,7.2636,6.6883,209365_s_at
8.141,8.141,8.8847,209366_x_at
4.1629,4.1629,4.3036,209368_at
4.1629,4.1629,4.677,209369_at
6.6911,6.6911,7.1107,209370_s_at
6.0839,6.0839,6.0107,209371_s_at
4.5604,4.5604,6.2708,209372_x_at
5.2239,5.2239,5.2305,209373_at
14.386,14.386,14.7155,209374_s_at
7.8693,7.8693,8.0158,209375_at
9.3443,9.3443,9.2602,209376_x_at
13.3838,13.3838,13.708,209377_s_at
7.1127,7.1127,6.4976,209378_s_at
6.9821,6.9821,6.2711,209379_s_at
8.2574,8.2574,8.6376,209381_x_at
7.7779,7.7779,7.672,209382_at
8.0574,8.0574,9.0167,209383_at
7.5502,7.5502,8.315,209384_at
7.624,7.624,8.05,209385_s_at
5.7636,5.7636,5.81,209386_at
4.1629,4.1629,4.1583,209387_s_at
10.7799,10.7799,10.4963,209388_at
10.3048,10.3048,13.0506,209389_x_at
9.0496,9.0496,8.1588,209390_at
6.4907,6.4907,7.0804,209391_at
7.6464,7.6464,5.3219,209392_at
7.7308,7.7308,7.8217,209393_s_at
4.163,4.163,4.2628,209395_at
4.3351,4.3351,4.4767,209396_s_at
9.853,9.853,9.9545,209397_at
12.1864,12.1864,11.2214,209398_at
5.8036,5.8036,6.723,209399_at
4.406,4.406,5.3629,209400_at
5.2618,5.2618,5.2446,209401_s_at
5.8385,5.8385,6.31,209402_s_at
7.8374,7.8374,7.281,209403_at
7.1542,7.1542,6.5341,209404_s_at
7.3737,7.3737,7.2124,209405_s_at
5.7903,5.7903,6.0776,209406_at
6.5057,6.5057,6.3039,209407_s_at
6.8828,6.8828,6.1261,209410_s_at
8.1681,8.1681,8.6087,209411_s_at
6.8458,6.8458,7.9295,209412_at
7.1458,7.1458,6.7993,209413_at
5.6264,5.6264,6.8608,209414_at
6.5814,6.5814,7.131,209415_at
6.7778,6.7778,7.0346,209416_s_at
7.5844,7.5844,7.4948,209417_s_at
8.7901,8.7901,9.1839,209418_s_at
4.3128,4.3128,4.5033,209419_at
4.683,4.683,6.0971,209420_s_at
8.0474,8.0474,8.6233,209421_at
8.4171,8.4171,7.723,209422_at
5.784,5.784,4.8627,209423_s_at
5.4254,5.4254,5.1127,209424_s_at
6.2746,6.2746,5.2296,209425_at
6.0355,6.0355,5.2637,209426_s_at
5.4763,5.4763,6.45,209427_at
6.7929,6.7929,6.8909,209428_s_at
9.028,9.028,8.617,209429_x_at
9.8971,9.8971,10.1704,209430_at
9.0736,9.0736,8.4559,209431_s_at
7.4048,7.4048,7.3067,209432_s_at
7.6678,7.6678,8.0659,209433_s_at
6.9824,6.9824,7.0881,209434_s_at
5.8054,5.8054,5.9695,209436_at
4.163,4.163,4.4574,209437_s_at
7.3404,7.3404,7.1081,209438_at
9.0521,9.0521,8.2639,209439_s_at
11.2928,11.2928,11.9475,209440_at
4.7684,4.7684,5.5117,209441_at
4.9234,4.9234,4.3805,209442_x_at
4.5409,4.5409,4.326,209443_at
9.0106,9.0106,9.5427,209444_at
8.579,8.579,8.9485,209445_x_at
5.2131,5.2131,5.8257,209446_s_at
8.0599,8.0599,8.2435,209447_at
6.594,6.594,6.3801,209448_at
8.0737,8.0737,7.754,209449_at
7.679,7.679,8.3842,209450_at
5.83,5.83,6.172,209451_at
9.0069,9.0069,9.6224,209452_s_at
6.1043,6.1043,5.536,209453_at
4.5593,4.5593,5.009,209454_s_at
8.2158,8.2158,7.2817,209455_at
6.0582,6.0582,5.7724,209456_s_at
5.9069,5.9069,7.1367,209457_at
7.9883,7.9883,7.3762,209458_x_at
5.0927,5.0927,5.4024,209459_s_at
7.7094,7.7094,7.6137,209461_x_at
4.1631,4.1631,4.1583,209462_at
6.2918,6.2918,7.3267,209463_s_at
4.1631,4.1631,4.1584,209465_x_at
6.6482,6.6482,6.4754,209466_x_at
4.3635,4.3635,5.2343,209468_at
5.255,5.255,6.0516,209469_at
5.4073,5.4073,5.5455,209470_s_at
8.4093,8.4093,7.7156,209471_s_at
8.7924,8.7924,8.3403,209472_at
6.8599,6.8599,6.9785,209473_at
4.5652,4.5652,4.6058,209474_s_at
7.4656,7.4656,7.3641,209475_at
8.2381,8.2381,8.7264,209476_at
7.3979,7.3979,7.2069,209477_at
8.4401,8.4401,8.9311,209478_at
10.3229,10.3229,11.3166,209479_at
5.1351,5.1351,5.3722,209480_at
11.7417,11.7417,10.6531,209481_at
8.4195,8.4195,9.2665,209482_at
4.1632,4.1632,4.5107,209483_s_at
8.2643,8.2643,8.5375,209484_s_at
5.5351,5.5351,5.1998,209485_s_at
7.2322,7.2322,7.9258,209486_at
4.9251,4.9251,4.7158,209487_at
4.1632,4.1632,4.1584,209488_s_at
12.2627,12.2627,10.8346,209489_at
7.5878,7.5878,6.9328,209490_s_at
5.0043,5.0043,5.4767,209491_s_at
11.664,11.664,11.3074,209492_x_at
4.8444,4.8444,4.1585,209493_at
7.8277,7.8277,6.8579,209494_s_at
7.6281,7.6281,8.3722,209495_at
5.2665,5.2665,4.5793,209496_at
6.0494,6.0494,6.1666,209497_s_at
4.1633,4.1633,4.613,209498_at
5.5512,5.5512,5.9072,209499_x_at
7.0103,7.0103,6.6688,209500_x_at
9.3195,9.3195,9.7597,209501_at
5.2267,5.2267,4.7357,209502_s_at
5.419,5.419,5.5566,209504_s_at
4.8002,4.8002,4.1585,209505_at
6.0131,6.0131,6.2139,209506_s_at
7.3726,7.3726,6.3292,209508_x_at
6.8688,6.8688,7.2554,209509_s_at
11.4634,11.4634,11.579,209510_at
7.8054,7.8054,7.9794,209511_at
5.7923,5.7923,5.9978,209512_at
7.6425,7.6425,7.4792,209513_s_at
7.9171,7.9171,8.6139,209514_s_at
6.0816,6.0816,6.1711,209516_at
8.2925,8.2925,9.4574,209518_at
5.0082,5.0082,4.8657,209519_at
6.1823,6.1823,7.1437,209520_s_at
5.2779,5.2779,5.8277,209521_s_at
7.9274,7.9274,7.8983,209522_s_at
9.6241,9.6241,8.8556,209523_at
8.9515,8.9515,8.012,209524_at
5.6176,5.6176,5.6016,209525_at
7.1684,7.1684,7.3666,209527_at
6.924,6.924,6.7411,209528_s_at
4.4478,4.4478,4.6697,209529_at
7.4678,7.4678,6.1509,209530_at
5.385,5.385,5.1572,209532_at
7.7297,7.7297,7.2602,209533_s_at
10.0421,10.0421,8.5952,209534_x_at
7.8946,7.8946,6.8166,209535_s_at
5.8372,5.8372,7.2873,209536_s_at
6.256,6.256,6.5462,209537_at
7.5524,7.5524,7.4605,209538_at
11.0558,11.0558,10.1007,209539_at
4.4044,4.4044,4.1585,209540_at
4.1633,4.1633,4.7763,209541_at
4.5665,4.5665,5.028,209542_x_at
4.319,4.319,5.4689,209544_at
9.5388,9.5388,9.9459,209545_s_at
5.8315,5.8315,5.1668,209546_s_at
8.0154,8.0154,8.1032,209547_s_at
9.7753,9.7753,10.6107,209549_s_at
6.6796,6.6796,5.97,209550_at
5.5829,5.5829,4.7203,209551_at
5.1057,5.1057,4.2656,209552_at
6.8653,6.8653,7.1545,209553_at
4.1634,4.1634,4.5877,209554_at
4.7958,4.7958,4.1586,209555_s_at
5.4192,5.4192,6.056,209556_at
4.4609,4.4609,4.7524,209557_s_at
9.7876,9.7876,10.6278,209558_s_at
7.373,7.373,7.4321,209559_at
4.6074,4.6074,5.3189,209560_s_at
6.4745,6.4745,6.2677,209561_at
10.6841,10.6841,11.9877,209563_x_at
9.0205,9.0205,9.942,209565_at
6.68,6.68,8.6594,209566_at
6.6657,6.6657,5.5888,209568_s_at
5.4116,5.4116,5.7662,209569_x_at
5.292,5.292,4.7599,209570_s_at
8.4035,8.4035,8.0854,209571_at
6.7246,6.7246,7.0837,209573_s_at
9.3876,9.3876,9.5286,209574_s_at
6.9204,6.9204,7.5308,209575_at
6.4589,6.4589,7.3088,209577_at
7.2103,7.2103,7.4966,209578_s_at
10.3865,10.3865,10.4668,209579_s_at
7.7709,7.7709,8.2005,209580_s_at
4.3904,4.3904,4.7072,209581_at
7.057,7.057,6.7449,209582_s_at
7.9782,7.9782,7.7492,209583_s_at
7.1799,7.1799,8.4579,209584_x_at
5.066,5.066,6.0593,209585_s_at
4.1634,4.1634,4.3273,209587_at
4.668,4.668,5.2826,209589_s_at
4.9328,4.9328,4.5062,209590_at
4.7884,4.7884,4.1586,209591_s_at
8.1405,8.1405,8.0461,209592_s_at
7.2124,7.2124,7.8583,209593_s_at
6.5611,6.5611,6.3514,209594_x_at
6.5195,6.5195,6.0405,209595_at
5.1651,5.1651,6.1843,209596_at
5.3032,5.3032,4.8083,209597_s_at
4.9765,4.9765,4.7205,209598_at
4.5981,4.5981,4.721,209599_s_at
5.5138,5.5138,5.9671,209600_s_at
4.1634,4.1634,4.1587,209601_at
4.1635,4.1635,4.1587,209602_s_at
5.4922,5.4922,5.3001,209604_s_at
8.4841,8.4841,9.6586,209605_at
10.6358,10.6358,9.4446,209606_at
8.3699,8.3699,8.5801,209607_x_at
11.1538,11.1538,11.352,209609_s_at
7.9453,7.9453,9.6946,209610_s_at
4.9904,4.9904,6.617,209611_s_at
4.5049,4.5049,5.3238,209612_s_at
4.1635,4.1635,4.3612,209613_s_at
4.1636,4.1636,4.358,209614_at
5.0319,5.0319,4.2935,209616_s_at
6.1068,6.1068,5.7911,209617_s_at
4.9525,4.9525,4.1588,209618_at
14.7894,14.7894,14.2514,209619_at
8.9359,8.9359,9.031,209620_s_at
4.3161,4.3161,4.1588,209621_s_at
6.6595,6.6595,6.1439,209622_at
7.1888,7.1888,7.6974,209623_at
5.9093,5.9093,6.2984,209624_s_at
6.8976,6.8976,6.9759,209625_at
6.9188,6.9188,6.0947,209626_s_at
6.0831,6.0831,6.1658,209627_s_at
8.0556,8.0556,8.6228,209628_at
4.8653,4.8653,5.1963,209629_s_at
7.9964,7.9964,7.3309,209630_s_at
4.1636,4.1636,4.1588,209631_s_at
4.9726,4.9726,4.9425,209632_at
5.6046,5.6046,5.0517,209633_at
5.7287,5.7287,6.8506,209635_at
5.5247,5.5247,6.0798,209636_at
5.6601,5.6601,5.4781,209637_s_at
4.5563,4.5563,5.1557,209638_x_at
5.1948,5.1948,6.3456,209639_s_at
6.0677,6.0677,6.7026,209640_at
4.9262,4.9262,4.3275,209641_s_at
7.2199,7.2199,7.5942,209642_at
5.918,5.918,6.8039,209643_s_at
7.1984,7.1984,7.6939,209644_x_at
5.3271,5.3271,5.8785,209645_s_at
4.4877,4.4877,5.1068,209646_x_at
6.988,6.988,6.4961,209647_s_at
8.112,8.112,5.903,209648_x_at
5.3794,5.3794,4.6034,209649_at
7.1225,7.1225,5.149,209650_s_at
4.6062,4.6062,5.4995,209651_at
4.3751,4.3751,4.1589,209652_s_at
7.6939,7.6939,6.6951,209653_at
9.5822,9.5822,9.5854,209654_at
4.9631,4.9631,4.8883,209655_s_at
4.302,4.302,4.9532,209656_s_at
6.7578,6.7578,6.9883,209657_s_at
7.7375,7.7375,8.0819,209658_at
8.2358,8.2358,7.8729,209659_s_at
5.6254,5.6254,6.0974,209660_at
5.859,5.859,6.8296,209661_at
4.6745,4.6745,4.3665,209663_s_at
4.1637,4.1637,4.1589,209664_x_at
7.0113,7.0113,7.4937,209665_at
7.9972,7.9972,9.0666,209666_s_at
6.9363,6.9363,6.4473,209667_at
6.7662,6.7662,6.6998,209668_x_at
12.2229,12.2229,12.4934,209669_s_at
6.515,6.515,6.7584,209670_at
5.8125,5.8125,6.6249,209671_x_at
4.7919,4.7919,4.8197,209672_s_at
8.0508,8.0508,8.1928,209674_at
7.3011,7.3011,6.912,209675_s_at
4.7625,4.7625,4.3738,209676_at
5.0567,5.0567,4.8712,209677_at
8.74,8.74,8.2422,209678_s_at
5.8902,5.8902,6.6387,209679_s_at
9.0286,9.0286,8.9983,209680_s_at
5.9927,5.9927,6.644,209681_at
4.4221,4.4221,5.262,209683_at
4.1637,4.1637,4.159,209684_at
11.9376,11.9376,11.3687,209685_s_at
4.3519,4.3519,4.159,209686_at
4.6583,4.6583,4.1591,209687_at
8.8882,8.8882,9.8971,209688_s_at
6.9308,6.9308,7.6604,209689_at
5.2689,5.2689,4.2629,209690_s_at
4.1638,4.1638,4.3429,209692_at
5.1829,5.1829,4.2903,209693_at
8.9885,8.9885,9.3622,209694_at
7.4184,7.4184,6.8226,209695_at
5.6796,5.6796,5.741,209696_at
4.7809,4.7809,5.0104,209697_at
7.1273,7.1273,7.5428,209698_at
5.9434,5.9434,6.0825,209699_x_at
5.1623,5.1623,4.4664,209700_x_at
5.861,5.861,6.4027,209701_at
8.9752,8.9752,8.8087,209702_at
7.0847,7.0847,6.935,209703_x_at
9.8842,9.8842,8.2231,209704_at
10.3853,10.3853,8.5858,209705_at
5.7092,5.7092,7.2107,209706_at
6.1245,6.1245,6.4609,209707_at
5.6247,5.6247,5.9527,209708_at
7.7323,7.7323,8.0975,209709_s_at
13.0257,13.0257,11.2657,209711_at
11.4339,11.4339,10.5111,209712_at
6.9863,6.9863,5.2525,209713_s_at
8.7067,8.7067,9.4891,209714_s_at
8.5765,8.5765,9.3921,209715_at
6.2346,6.2346,6.4392,209716_at
5.4551,5.4551,4.938,209717_at
8.1588,8.1588,8.6061,209718_at
5.8485,5.8485,5.6406,209719_x_at
4.1638,4.1638,4.1591,209720_s_at
8.5754,8.5754,7.6932,209721_s_at
5.3731,5.3731,4.9262,209722_s_at
8.6371,8.6371,7.572,209723_at
7.1041,7.1041,6.9525,209725_at
6.9221,6.9221,5.9421,209726_at
4.6235,4.6235,4.3489,209727_at
4.1639,4.1639,4.5133,209728_at
5.0688,5.0688,5.0896,209729_at
4.6626,4.6626,4.5379,209730_at
6.9295,6.9295,7.3358,209731_at
11.2267,11.2267,9.9593,209732_at
4.807,4.807,5.354,209733_at
8.9655,8.9655,8.5081,209734_at
7.1211,7.1211,6.1448,209735_at
4.5346,4.5346,4.9842,209736_at
4.7991,4.7991,5.0902,209737_at
6.1203,6.1203,5.3742,209738_x_at
5.2533,5.2533,4.7342,209739_s_at
5.1885,5.1885,4.2944,209740_s_at
7.1103,7.1103,7.1034,209741_x_at
5.9471,5.9471,5.8349,209742_s_at
6.3178,6.3178,6.5638,209743_s_at
7.2343,7.2343,7.505,209744_x_at
6.1543,6.1543,6.4683,209745_at
6.7007,6.7007,7.1786,209746_s_at
6.7967,6.7967,6.6626,209748_at
4.4552,4.4552,4.6229,209749_s_at
9.222,9.222,7.7764,209750_at
7.8815,7.8815,7.9212,209751_s_at
4.1639,4.1639,4.1592,209752_at
7.5623,7.5623,8.3627,209753_s_at
7.2278,7.2278,7.9748,209754_s_at
4.5014,4.5014,4.612,209755_at
4.397,4.397,4.1592,209756_s_at
4.3308,4.3308,4.4186,209757_s_at
5.2182,5.2182,5.6117,209758_s_at
8.0251,8.0251,10.4975,209759_s_at
6.8423,6.8423,7.7048,209761_s_at
8.4742,8.4742,8.2477,209762_x_at
7.1714,7.1714,5.5464,209763_at
4.164,4.164,6.4544,209764_at
5.6443,5.6443,8.126,209765_at
5.7415,5.7415,5.634,209766_at
4.164,4.164,4.8927,209767_s_at
4.5432,4.5432,4.5766,209768_s_at
4.5988,4.5988,4.3393,209769_s_at
8.9205,8.9205,7.1454,209770_at
12.9493,12.9493,12.6707,209771_x_at
9.1779,9.1779,10.4582,209772_s_at
10.8433,10.8433,12.6156,209773_s_at
5.2654,5.2654,5.0411,209775_x_at
4.1641,4.1641,4.4932,209776_s_at
5.0071,5.0071,4.6866,209777_s_at
5.8575,5.8575,6.0596,209778_at
5.6887,5.6887,5.5697,209779_at
8.3183,8.3183,8.7873,209780_at
6.8899,6.8899,8.491,209781_s_at
6.17,6.17,6.4375,209782_s_at
4.7728,4.7728,5.3542,209783_at
6.4871,6.4871,6.835,209784_s_at
5.6948,5.6948,5.2448,209785_s_at
9.9892,9.9892,9.4038,209786_at
9.5655,9.5655,8.9473,209787_s_at
8.0158,8.0158,6.707,209788_s_at
7.266,7.266,7.1525,209789_at
7.6115,7.6115,7.2883,209790_s_at
5.7065,5.7065,5.4911,209791_at
4.6442,4.6442,4.5922,209792_s_at
4.8975,4.8975,4.7143,209793_at
6.2844,6.2844,6.4524,209794_at
13.0095,13.0095,11.2764,209795_at
7.2941,7.2941,7.6141,209796_s_at
7.6797,7.6797,7.8803,209797_at
8.636,8.636,8.2694,209798_at
8.6092,8.6092,7.2994,209799_at
4.7722,4.7722,4.3025,209800_at
5.6085,5.6085,5.8084,209802_at
4.4106,4.4106,4.9608,209803_s_at
4.4164,4.4164,5.329,209804_at
7.3233,7.3233,7.3233,209805_at
6.0558,6.0558,4.9068,209807_s_at
9.4357,9.4357,8.8911,209808_x_at
5.2536,5.2536,5.7319,209810_at
7.0162,7.0162,7.4209,209811_at
4.6928,4.6928,4.8821,209812_x_at
4.1641,4.1641,4.1592,209813_x_at
9.6511,9.6511,9.3252,209814_at
4.8169,4.8169,6.5477,209815_at
5.0679,5.0679,4.5924,209816_at
6.3669,6.3669,6.7088,209817_at
4.3295,4.3295,4.5473,209818_s_at
4.1641,4.1641,4.1593,209819_at
8.2777,8.2777,7.6632,209820_s_at
4.1642,4.1642,5.0577,209821_at
5.3964,5.3964,5.6885,209822_s_at
11.7464,11.7464,11.4575,209823_x_at
6.7606,6.7606,6.4769,209824_s_at
7.8799,7.8799,7.6164,209825_s_at
6.236,6.236,6.0003,209826_at
9.1687,9.1687,10.3411,209827_s_at
6.4363,6.4363,6.4295,209828_s_at
5.6575,5.6575,6.3381,209829_at
4.1643,4.1643,4.1593,209830_s_at
7.7855,7.7855,7.5882,209831_x_at
9.608,9.608,9.8631,209832_s_at
7.5432,7.5432,8.1239,209833_at
4.3191,4.3191,4.3443,209834_at
7.0955,7.0955,8.3065,209835_x_at
8.9722,8.9722,8.8269,209836_x_at
6.4565,6.4565,6.1823,209837_at
8.539,8.539,8.4867,209838_at
5.05,5.05,4.9405,209839_at
4.6237,4.6237,4.5568,209840_s_at
6.0008,6.0008,5.0609,209841_s_at
4.29,4.29,4.3261,209842_at
4.5272,4.5272,4.548,209843_s_at
4.1643,4.1643,4.1594,209844_at
8.7705,8.7705,8.5713,209845_at
7.6491,7.6491,6.6664,209846_s_at
4.6496,4.6496,5.828,209847_at
4.892,4.892,5.2878,209848_s_at
6.7119,6.7119,7.5874,209849_s_at
5.7978,5.7978,5.5049,209850_s_at
6.1758,6.1758,5.9763,209851_at
7.9081,7.9081,8.8947,209852_x_at
6.0475,6.0475,7.0244,209853_s_at
4.1643,4.1643,4.5292,209854_s_at
4.3352,4.3352,4.4934,209855_s_at
6.4179,6.4179,6.9373,209856_x_at
6.0889,6.0889,5.5233,209857_s_at
7.8499,7.8499,9.3796,209858_x_at
4.7627,4.7627,5.5797,209859_at
10.1131,10.1131,9.8595,209861_s_at
7.6793,7.6793,7.9657,209862_s_at
5.2691,5.2691,5.7172,209863_s_at
7.2477,7.2477,7.0107,209864_at
5.6759,5.6759,5.0535,209865_at
4.7559,4.7559,5.1451,209866_s_at
4.1644,4.1644,4.1594,209867_s_at
8.6818,8.6818,9.2031,209868_s_at
5.4956,5.4956,5.1036,209869_at
4.4045,4.4045,4.7974,209870_s_at
4.1644,4.1644,4.1595,209871_s_at
4.3498,4.3498,5.2884,209872_s_at
6.1731,6.1731,6.6029,209873_s_at
6.4366,6.4366,6.4763,209874_x_at
7.9816,7.9816,7.7958,209876_at
4.3817,4.3817,4.4478,209877_at
6.9489,6.9489,7.0594,209878_s_at
4.951,4.951,5.4981,209879_at
5.7218,5.7218,5.003,209880_s_at
6.1947,6.1947,4.9633,209881_s_at
7.3288,7.3288,7.4886,209882_at
5.4044,5.4044,5.8113,209883_at
6.1306,6.1306,5.7769,209884_s_at
4.3666,4.3666,4.397,209885_at
5.1887,5.1887,4.4549,209886_s_at
5.1424,5.1424,4.1595,209887_at
5.209,5.209,5.5457,209888_s_at
7.2716,7.2716,6.5042,209889_at
6.4247,6.4247,5.1543,209890_at
8.1208,8.1208,8.1508,209891_at
10.3435,10.3435,7.4977,209892_at
7.1637,7.1637,6.0789,209893_s_at
5.2152,5.2152,4.9133,209894_at
6.2409,6.2409,5.6053,209895_at
7.4496,7.4496,7.993,209896_s_at
6.1756,6.1756,6.09,209897_s_at
10.109,10.109,9.6562,209898_x_at
6.2443,6.2443,7.0188,209900_s_at
8.0552,8.0552,6.8318,209901_x_at
7.2859,7.2859,7.2502,209902_at
8.704,8.704,8.1203,209903_s_at
4.1645,4.1645,4.1595,209904_at
4.8311,4.8311,5.0967,209906_at
9.2146,9.2146,8.784,209907_s_at
4.1645,4.1645,4.1596,209908_s_at
4.7134,4.7134,4.4824,209909_s_at
5.4553,5.4553,5.7789,209910_at
6.7993,6.7993,6.0639,209912_s_at
7.2155,7.2155,6.3631,209913_x_at
5.6257,5.6257,4.2986,209914_s_at
4.1646,4.1646,4.1596,209915_s_at
7.7966,7.7966,7.0698,209916_at
7.4076,7.4076,6.8912,209917_s_at
5.2745,5.2745,5.7636,209918_at
6.3216,6.3216,6.3646,209919_x_at
5.352,5.352,4.1597,209920_at
5.4207,5.4207,5.4051,209921_at
6.0013,6.0013,5.5131,209922_at
7.3868,7.3868,7.7681,209923_s_at
4.4026,4.4026,5.2555,209924_at
4.8221,4.8221,4.754,209925_at
5.8267,5.8267,6.0792,209926_at
6.6491,6.6491,6.5693,209927_s_at
4.4223,4.4223,4.8524,209928_s_at
4.1646,4.1646,4.6483,209930_s_at
4.8337,4.8337,5.7702,209931_s_at
12.9853,12.9853,13.2403,209932_s_at
5.5457,5.5457,5.2978,209933_s_at
6.373,6.373,6.7259,209934_s_at
5.9172,5.9172,6.5147,209935_at
5.7487,5.7487,4.8603,209936_at
4.4444,4.4444,4.4146,209937_at
6.0549,6.0549,6.5453,209938_at
6.6449,6.6449,5.8224,209940_at
7.5694,7.5694,7.3372,209941_at
5.4453,5.4453,5.5541,209942_x_at
6.4556,6.4556,5.7845,209943_at
9.942,9.942,10.0541,209944_at
8.924,8.924,8.2939,209945_s_at
5.1345,5.1345,4.9116,209946_at
6.5117,6.5117,6.6982,209947_at
7.0558,7.0558,6.6513,209948_at
6.7465,6.7465,5.9287,209949_at
7.6851,7.6851,6.9622,209950_s_at
5.1449,5.1449,5.3783,209951_s_at
4.3387,4.3387,4.343,209952_s_at
7.4529,7.4529,7.9845,209953_s_at
5.8095,5.8095,5.9983,209954_x_at
4.1647,4.1647,4.1597,209955_s_at
4.4782,4.4782,4.6619,209956_s_at
6.6063,6.6063,6.8385,209957_s_at
4.9113,4.9113,4.4534,209958_s_at
4.7509,4.7509,6.4384,209959_at
4.1647,4.1647,4.1598,209960_at
6.0881,6.0881,6.3045,209961_s_at
4.4425,4.4425,5.2069,209962_at
5.4702,5.4702,5.3733,209963_s_at
6.4653,6.4653,6.7866,209964_s_at
6.1033,6.1033,5.7432,209965_s_at
4.1648,4.1648,4.1598,209966_x_at
4.1648,4.1648,4.49,209967_s_at
4.3877,4.3877,4.4252,209968_s_at
7.8346,7.8346,8.2616,209969_s_at
6.9108,6.9108,7.7962,209970_x_at
8.6087,8.6087,9.5782,209971_x_at
6.781,6.781,7.0975,209972_s_at
5.5911,5.5911,5.0152,209973_at
11.2836,11.2836,11.3483,209974_s_at
4.9014,4.9014,4.8298,209975_at
4.1649,4.1649,4.1599,209976_s_at
4.5564,4.5564,4.4654,209977_at
5.2599,5.2599,5.3346,209978_s_at
4.3561,4.3561,4.3689,209979_at
5.9766,5.9766,6.3692,209980_s_at
4.4085,4.4085,4.2576,209981_at
4.8022,4.8022,4.9249,209982_s_at
4.1649,4.1649,4.1599,209983_s_at
8.6872,8.6872,8.3541,209984_at
4.8953,4.8953,4.2916,209985_s_at
5.4247,5.4247,5.0552,209986_at
4.1649,4.1649,4.1599,209987_s_at
4.165,4.165,4.8511,209988_s_at
6.1888,6.1888,6.3323,209989_at
4.9528,4.9528,4.5801,209990_s_at
5.5052,5.5052,6.011,209991_x_at
6.2426,6.2426,6.2847,209992_at
4.8274,4.8274,6.1535,209993_at
4.5937,4.5937,6.988,209994_s_at
7.7721,7.7721,13.5208,209995_s_at
7.2582,7.2582,5.5483,209996_x_at
7.4952,7.4952,7.4392,209997_x_at
6.6626,6.6626,6.7665,209998_at
4.165,4.165,4.6421,209999_x_at
5.1237,5.1237,4.16,210000_s_at
5.0588,5.0588,6.4856,210001_s_at
4.1651,4.1651,4.8221,210002_at
4.7051,4.7051,4.8997,210004_at
6.3088,6.3088,6.0008,210005_at
6.184,6.184,6.8433,210006_at
5.746,5.746,5.6152,210007_s_at
4.9395,4.9395,4.16,210008_s_at
5.6072,5.6072,5.1278,210009_s_at
7.8925,7.8925,8.1654,210010_s_at
8.8338,8.8338,8.8389,210011_s_at
6.7436,6.7436,5.9932,210012_s_at
5.6951,5.6951,4.4974,210013_at
11.8174,11.8174,11.3316,210014_x_at
5.2989,5.2989,4.7527,210015_s_at
4.8033,4.8033,4.1601,210016_at
6.2374,6.2374,5.4176,210017_at
7.9935,7.9935,7.9774,210018_x_at
4.1651,4.1651,4.2601,210019_at
4.6044,4.6044,5.456,210020_x_at
4.4446,4.4446,4.8007,210021_s_at
7.2171,7.2171,7.4956,210023_s_at
10.6855,10.6855,11.3933,210024_s_at
4.3956,4.3956,4.2971,210025_s_at
4.592,4.592,5.6675,210026_s_at
11.0382,11.0382,12.0106,210027_s_at
7.1813,7.1813,7.245,210028_s_at
6.632,6.632,6.9923,210029_at
4.1652,4.1652,4.4067,210030_at
5.1602,5.1602,5.86,210031_at
4.3752,4.3752,4.4618,210032_s_at
4.9736,4.9736,5.2233,210033_s_at
5.7243,5.7243,5.5213,210034_s_at
4.3721,4.3721,4.1601,210035_s_at
6.6803,6.6803,5.9922,210036_s_at
5.6266,5.6266,5.0093,210037_s_at
6.2469,6.2469,5.946,210039_s_at
4.4645,4.4645,4.4032,210040_at
5.341,5.341,5.5929,210041_s_at
4.1652,4.1652,5.0594,210042_s_at
5.1755,5.1755,5.3811,210043_at
8.8167,8.8167,7.5668,210044_s_at
8.0724,8.0724,8.1793,210045_at
12.4583,12.4583,13.4029,210046_s_at
5.4488,5.4488,5.5633,210047_at
7.9044,7.9044,7.6981,210048_at
4.1653,4.1653,4.1602,210049_at
5.6975,5.6975,5.6873,210050_at
4.1653,4.1653,4.1602,210051_at
9.5084,9.5084,9.8028,210052_s_at
10.4986,10.4986,10.269,210054_at
4.1654,4.1654,4.2958,210055_at
5.2553,5.2553,4.6849,210056_at
5.2991,5.2991,4.7102,210057_at
5.8254,5.8254,6.9805,210059_s_at
5.0407,5.0407,4.8944,210060_at
4.3546,4.3546,4.4418,210061_at
5.5411,5.5411,5.7573,210062_s_at
5.6278,5.6278,4.7455,210063_at
5.6093,5.6093,5.7262,210064_s_at
4.9512,4.9512,4.4561,210065_s_at
4.1654,4.1654,4.1603,210066_s_at
4.1655,4.1655,4.1603,210067_at
4.1655,4.1655,4.1604,210068_s_at
8.3385,8.3385,8.2349,210069_at
6.8398,6.8398,7.1593,210070_s_at
5.0102,5.0102,5.1212,210072_at
4.5491,4.5491,4.6231,210073_at
6.4203,6.4203,5.2345,210075_at
7.8884,7.8884,8.5666,210076_x_at
5.7741,5.7741,5.9702,210077_s_at
4.729,4.729,4.3026,210078_s_at
4.392,4.392,4.7919,210079_x_at
5.4644,5.4644,4.8574,210080_x_at
5.93,5.93,6.1493,210081_at
4.1656,4.1656,4.4976,210082_at
5.3522,5.3522,5.2037,210083_at
4.3991,4.3991,4.4377,210084_x_at
4.9181,4.9181,4.7232,210085_s_at
5.6871,5.6871,4.4125,210086_at
5.656,5.656,5.8385,210087_s_at
6.5075,6.5075,9.094,210088_x_at
4.1656,4.1656,4.1604,210089_s_at
4.1657,4.1657,4.1605,210090_at
4.4312,4.4312,4.1605,210091_s_at
9.7269,9.7269,10.4925,210092_at
10.1161,10.1161,9.8567,210093_s_at
7.6074,7.6074,6.991,210094_s_at
4.6367,4.6367,5.8186,210095_s_at
4.1657,4.1657,4.6257,210096_at
11.4931,11.4931,10.8967,210097_s_at
6.9713,6.9713,7.0674,210098_s_at
4.1658,4.1658,4.2643,210099_at
5.1462,5.1462,4.4859,210100_s_at
10.001,10.001,9.8439,210101_x_at
4.9704,4.9704,4.1605,210102_at
4.546,4.546,4.1606,210103_s_at
7.0165,7.0165,6.6874,210104_at
6.6376,6.6376,6.2406,210106_at
6.1908,6.1908,5.5151,210107_at
4.7939,4.7939,4.5109,210108_at
6.9256,6.9256,6.1795,210109_at
12.6916,12.6916,12.9652,210110_x_at
9.4104,9.4104,8.5973,210111_s_at
8.0962,8.0962,7.6786,210112_at
7.8034,7.8034,6.9266,210113_s_at
7.3186,7.3186,6.5572,210114_at
5.1386,5.1386,4.1606,210116_at
4.8223,4.8223,5.8508,210117_at
4.1658,4.1658,5.5501,210118_s_at
5.0257,5.0257,4.1607,210119_at
6.5489,6.5489,7.6705,210120_s_at
4.1659,4.1659,4.1607,210121_at
4.1659,4.1659,4.1608,210122_at
4.3818,4.3818,5.4542,210123_s_at
6.4449,6.4449,5.9898,210124_x_at
9.4732,9.4732,10.5462,210125_s_at
4.166,4.166,4.5003,210126_at
4.5296,4.5296,5.3544,210127_at
7.4352,7.4352,6.9162,210128_s_at
7.2185,7.2185,6.9808,210129_s_at
6.0952,6.0952,6.232,210130_s_at
8.4485,8.4485,9.7718,210131_x_at
4.166,4.166,4.5155,210132_at
5.1719,5.1719,5.8194,210133_at
4.5618,4.5618,4.3899,210134_x_at
4.1661,4.1661,4.8118,210135_s_at
7.7649,7.7649,8.1552,210136_at
8.5879,8.5879,8.7116,210137_s_at
4.7889,4.7889,4.2566,210138_at
4.1661,4.1661,4.3856,210139_s_at
6.6546,6.6546,6.9095,210140_at
5.0999,5.0999,6.1342,210141_s_at
9.6603,9.6603,10.307,210142_x_at
4.6548,4.6548,5.257,210143_at
5.8188,5.8188,5.7689,210144_at
6.264,6.264,5.4112,210146_x_at
4.1662,4.1662,5.4053,210147_at
5.0513,5.0513,4.9648,210148_at
9.8196,9.8196,9.9612,210149_s_at
6.5717,6.5717,9.0038,210150_s_at
5.2967,5.2967,5.7388,210152_at
6.9535,6.9535,7.6909,210154_at
5.117,5.117,6.1599,210155_at
7.5852,7.5852,8.3924,210156_s_at
6.3329,6.3329,6.6534,210157_at
4.1662,4.1662,5.0193,210158_at
5.2409,5.2409,5.7882,210159_s_at
5.3844,5.3844,5.2467,210161_at
7.4493,7.4493,7.1861,210162_s_at
4.1663,4.1663,4.5213,210163_at
4.3708,4.3708,4.8779,210164_at
4.1663,4.1663,4.1608,210165_at
4.7004,4.7004,5.7376,210166_at
4.4951,4.4951,4.8267,210167_s_at
5.7492,5.7492,5.6221,210168_at
6.1353,6.1353,6.0919,210169_at
4.6531,4.6531,4.8344,210170_at
4.1664,4.1664,4.1609,210171_s_at
11.6533,11.6533,10.0915,210172_at
4.1664,4.1664,4.1609,210173_at
4.7724,4.7724,4.2843,210174_at
7.4482,7.4482,6.743,210175_at
6.7032,6.7032,6.3213,210176_at
4.2901,4.2901,4.4978,210177_at
10.1049,10.1049,9.9564,210178_x_at
4.3324,4.3324,4.9567,210179_at
10.7073,10.7073,10.5667,210180_s_at
4.1665,4.1665,4.161,210181_s_at
5.6716,5.6716,5.9721,210182_at
12.2771,12.2771,12.4521,210183_x_at
4.2879,4.2879,4.6605,210184_at
6.8233,6.8233,6.7951,210185_at
7.2419,7.2419,6.7277,210186_s_at
7.6981,7.6981,6.585,210187_at
7.6847,7.6847,8.1243,210188_at
4.6369,4.6369,4.47,210189_at
4.1665,4.1665,4.161,210190_at
5.8765,5.8765,6.9024,210191_s_at
6.0519,6.0519,6.319,210192_at
4.7446,4.7446,5.3942,210193_at
4.1665,4.1665,4.161,210194_at
4.8899,4.8899,5.5024,210195_s_at
4.4205,4.4205,4.1611,210196_s_at
4.5754,4.5754,4.5135,210197_at
5.1201,5.1201,4.5635,210198_s_at
4.9992,4.9992,5.1089,210199_at
7.7414,7.7414,8.1713,210200_at
9.7992,9.7992,9.2865,210201_x_at
7.3645,7.3645,6.7822,210202_s_at
5.62,5.62,5.2415,210203_at
5.9381,5.9381,5.9266,210204_s_at
6.0737,6.0737,6.4796,210205_at
5.9263,5.9263,6.8122,210206_s_at
11.1813,11.1813,10.6718,210208_x_at
7.2464,7.2464,6.9583,210210_at
13.9278,13.9278,13.8058,210211_s_at
7.7133,7.7133,8.3522,210212_x_at
9.998,9.998,10.4221,210213_s_at
5.0526,5.0526,5.1534,210214_s_at
4.1666,4.1666,5.3377,210215_at
6.7082,6.7082,7.3758,210216_x_at
5.367,5.367,5.8967,210218_s_at
5.4475,5.4475,5.8438,210219_at
4.7577,4.7577,6.0152,210220_at
4.5363,4.5363,5.306,210221_at
4.7329,4.7329,4.3814,210222_s_at
6.3173,6.3173,6.9363,210223_s_at
6.2864,6.2864,6.2,210224_at
4.8114,4.8114,4.7619,210225_x_at
6.9178,6.9178,6.8191,210226_at
4.1666,4.1666,4.4405,210227_at
5.6656,5.6656,5.522,210228_at
4.8559,4.8559,4.3544,210229_s_at
9.1249,9.1249,8.4836,210230_at
11.6405,11.6405,12.1451,210231_x_at
9.3724,9.3724,9.0793,210232_at
4.4758,4.4758,4.634,210233_at
6.1854,6.1854,6.786,210234_at
6.3526,6.3526,6.2434,210235_s_at
6.1145,6.1145,5.7966,210236_at
4.334,4.334,4.4884,210237_at
5.7639,5.7639,5.564,210239_at
7.6471,7.6471,8.7161,210240_s_at
6.3187,6.3187,6.9159,210242_x_at
7.9382,7.9382,7.9031,210243_s_at
4.4165,4.4165,4.3366,210244_at
4.1667,4.1667,4.1611,210245_at
4.1667,4.1667,4.5848,210246_s_at
5.5953,5.5953,6.1504,210247_at
4.4378,4.4378,5.3785,210248_at
9.1984,9.1984,9.2872,210250_x_at
7.704,7.704,7.3705,210251_s_at
9.5639,9.5639,9.0286,210252_s_at
6.2292,6.2292,6.3007,210253_at
4.471,4.471,4.2677,210254_at
5.8638,5.8638,5.4209,210255_at
4.1668,4.1668,4.1612,210256_s_at
6.8005,6.8005,7.2834,210257_x_at
4.1668,4.1668,6.3983,210258_at
5.0502,5.0502,5.5194,210259_s_at
4.2983,4.2983,4.6198,210261_at
4.1669,4.1669,4.1612,210262_at
4.9889,4.9889,5.3853,210263_at
6.8999,6.8999,5.8798,210264_at
5.1852,5.1852,4.1613,210265_x_at
10.1018,10.1018,10.0302,210266_s_at
4.1669,4.1669,4.4726,210267_at
7.0024,7.0024,6.5419,210268_at
7.6747,7.6747,7.6866,210269_s_at
4.4448,4.4448,4.4016,210270_at
5.9292,5.9292,5.5103,210271_at
4.3971,4.3971,5.1863,210272_at
5.7094,5.7094,6.2205,210273_at
4.5706,4.5706,4.7848,210274_at
12.6775,12.6775,10.7279,210275_s_at
8.0707,8.0707,8.4638,210276_s_at
6.6421,6.6421,5.3866,210277_at
5.4535,5.4535,5.2674,210278_s_at
6.5498,6.5498,10.3503,210279_at
4.8081,4.8081,4.6178,210280_at
9.8331,9.8331,8.662,210281_s_at
7.2917,7.2917,6.41,210282_at
8.5936,8.5936,7.7168,210283_x_at
6.0933,6.0933,7.4934,210284_s_at
10.521,10.521,10.8536,210285_x_at
4.6405,4.6405,4.8457,210286_s_at
4.167,4.167,4.1613,210287_s_at
6.3483,6.3483,6.6219,210288_at
4.2871,4.2871,4.1614,210289_at
5.1244,5.1244,5.997,210290_at
4.167,4.167,4.1614,210291_s_at
4.4591,4.4591,5.1574,210292_s_at
7.2202,7.2202,6.822,210293_s_at
6.4802,6.4802,6.6583,210294_at
4.1671,4.1671,4.4666,210295_at
7.16,7.16,9.2789,210296_s_at
5.6422,5.6422,4.1614,210297_s_at
7.4601,7.4601,6.9762,210298_x_at
7.8089,7.8089,7.2288,210299_s_at
5.6738,5.6738,5.8054,210300_at
6.6173,6.6173,6.6571,210301_at
5.2908,5.2908,5.2967,210302_s_at
4.1671,4.1671,4.1615,210303_at
5.0791,5.0791,4.5146,210304_at
4.1672,4.1672,4.4576,210305_at
5.1464,5.1464,5.4424,210306_at
7.5372,7.5372,7.3825,210307_s_at
4.3722,4.3722,4.3956,210309_at
4.1672,4.1672,4.356,210310_s_at
4.8725,4.8725,5.7833,210311_at
9.1443,9.1443,8.576,210312_s_at
4.9292,4.9292,4.1615,210313_at
6.5204,6.5204,6.1925,210314_x_at
5.0705,5.0705,5.0985,210315_at
5.069,5.069,4.8285,210316_at
5.3907,5.3907,6.0615,210317_s_at
4.1673,4.1673,4.2996,210318_at
5.0321,5.0321,4.6789,210319_x_at
6.7474,6.7474,6.5781,210320_s_at
4.1673,4.1673,4.5925,210321_at
6.0196,6.0196,6.3201,210322_x_at
5.5883,5.5883,5.1505,210323_at
4.1674,4.1674,4.3957,210324_at
5.7058,5.7058,5.8497,210325_at
4.1674,4.1674,4.4656,210326_at
4.1675,4.1675,4.1616,210327_s_at
6.6296,6.6296,6.1057,210328_at
4.1675,4.1675,4.1616,210329_s_at
4.6627,4.6627,4.1617,210330_at
5.4824,5.4824,5.2527,210331_at
4.4784,4.4784,5.3427,210332_at
5.3034,5.3034,4.4781,210333_at
7.6475,7.6475,8.1217,210334_x_at
4.1676,4.1676,4.1617,210335_at
7.9138,7.9138,6.9648,210336_x_at
12.9023,12.9023,13.541,210338_s_at
5.1008,5.1008,5.0641,210339_s_at
4.1676,4.1676,4.1618,210340_s_at
4.1677,4.1677,4.1618,210341_at
4.1677,4.1677,4.1619,210342_s_at
4.1678,4.1678,4.7083,210343_s_at
4.1678,4.1678,4.1619,210344_at
5.3227,5.3227,4.9895,210345_s_at
9.8576,9.8576,9.6954,210346_s_at
9.3643,9.3643,6.7128,210347_s_at
4.5243,4.5243,5.1157,210348_at
4.7769,4.7769,8.0651,210349_at
7.776,7.776,7.5442,210350_x_at
4.1679,4.1679,4.2905,210352_at
4.4009,4.4009,4.1619,210353_s_at
6.2781,6.2781,4.8886,210354_at
4.1679,4.1679,4.162,210355_at
6.9622,6.9622,9.9355,210356_x_at
7.8293,7.8293,6.9586,210357_s_at
4.9183,4.9183,6.6333,210358_x_at
4.7303,4.7303,5.2665,210359_at
5.3927,5.3927,5.4097,210360_s_at
7.725,7.725,7.7382,210361_s_at
4.168,4.168,5.8572,210362_x_at
4.4449,4.4449,4.162,210363_s_at
4.4494,4.4494,5.1611,210364_at
6.8021,6.8021,6.6357,210365_at
4.8681,4.8681,4.1621,210366_at
6.5492,6.5492,6.5036,210367_s_at
4.168,4.168,4.1621,210368_at
6.3631,6.3631,6.0069,210369_at
4.7961,4.7961,4.4126,210370_s_at
10.0382,10.0382,9.6055,210371_s_at
5.3004,5.3004,5.8219,210372_s_at
6.1733,6.1733,4.4089,210373_at
5.9413,5.9413,5.5876,210374_x_at
4.1681,4.1681,4.1622,210375_at
6.5144,6.5144,6.1101,210376_x_at
5.329,5.329,7.4619,210377_at
8.8806,8.8806,9.6595,210378_s_at
5.5288,5.5288,4.3337,210379_s_at
4.1681,4.1681,4.263,210380_s_at
4.6136,4.6136,5.4446,210381_s_at
4.4027,4.4027,4.4606,210382_at
4.1682,4.1682,4.1622,210383_at
4.1682,4.1682,4.3479,210384_at
7.299,7.299,7.115,210385_s_at
9.2376,9.2376,9.4289,210386_s_at
8.0616,8.0616,9.2018,210387_at
4.4321,4.4321,4.3582,210388_at
5.8503,5.8503,5.4185,210389_x_at
4.1683,4.1683,4.9204,210390_s_at
4.401,4.401,4.3769,210391_at
5.9297,5.9297,5.8863,210392_x_at
4.8858,4.8858,4.2657,210393_at
5.6563,5.6563,5.3958,210394_x_at
6.6555,6.6555,9.4717,210395_x_at
11.2249,11.2249,11.5073,210396_s_at
5.9045,5.9045,5.8242,210397_at
4.1683,4.1683,4.1623,210398_x_at
6.786,6.786,6.7493,210399_x_at
4.4426,4.4426,4.1623,210400_at
9.1925,9.1925,7.9669,210401_at
4.599,4.599,4.1624,210402_at
4.1684,4.1684,4.3016,210403_s_at
5.2978,5.2978,4.5491,210404_x_at
5.1738,5.1738,5.4055,210405_x_at
8.4628,8.4628,9.0908,210406_s_at
8.1313,8.1313,7.8587,210407_at
4.1684,4.1684,4.1624,210408_s_at
4.1685,4.1685,4.5795,210409_at
7.5264,7.5264,8.0897,210410_s_at
4.3905,4.3905,4.4755,210411_s_at
5.2296,5.2296,5.9032,210412_at
5.2045,5.2045,5.6424,210413_x_at
5.6021,5.6021,4.4148,210414_at
6.1239,6.1239,6.6023,210415_s_at
7.255,7.255,7.9921,210417_s_at
11.0887,11.0887,11.3203,210418_s_at
6.1076,6.1076,4.4378,210419_at
5.3251,5.3251,5.5531,210420_at
4.3144,4.3144,5.5144,210421_s_at
6.3529,6.3529,5.5897,210422_x_at
5.9639,5.9639,6.6673,210423_s_at
6.4292,6.4292,5.4236,210424_s_at
9.6071,9.6071,9.1055,210425_x_at
4.4284,4.4284,6.6449,210426_x_at
7.7277,7.7277,10.355,210427_x_at
9.22,9.22,9.0705,210428_s_at
5.1831,5.1831,4.9726,210429_at
4.3506,4.3506,4.7188,210430_x_at
4.5051,4.5051,4.3027,210431_at
6.4313,6.4313,4.1624,210432_s_at
4.1685,4.1685,4.1625,210433_at
14.0688,14.0688,13.7186,210434_x_at
4.6108,4.6108,4.5983,210435_at
6.0925,6.0925,6.4354,210436_at
4.6255,4.6255,4.884,210437_at
10.7019,10.7019,11.5234,210438_x_at
4.1686,4.1686,4.1625,210439_at
5.4342,5.4342,5.4137,210440_s_at
4.2916,4.2916,4.4045,210441_at
4.4918,4.4918,4.3971,210442_at
7.184,7.184,7.324,210443_x_at
4.4364,4.4364,5.5466,210444_at
4.1686,4.1686,4.1626,210445_at
6.0664,6.0664,5.6819,210446_at
4.6188,4.6188,4.3155,210447_at
10.6424,10.6424,12.0081,210448_s_at
7.3591,7.3591,7.2373,210449_x_at
6.4431,6.4431,6.8755,210450_at
4.1687,4.1687,4.3262,210451_at
5.6446,5.6446,4.3338,210452_x_at
14.6032,14.6032,14.3253,210453_x_at
4.605,4.605,4.6102,210454_s_at
4.987,4.987,5.5512,210455_at
5.0278,5.0278,5.0259,210456_at
4.4903,4.4903,5.1347,210457_x_at
4.9994,4.9994,4.7963,210458_s_at
4.1687,4.1687,5.707,210459_at
9.6679,9.6679,10.6345,210460_s_at
8.419,8.419,6.3804,210461_s_at
4.8665,4.8665,4.4069,210462_at
8.0264,8.0264,8.3221,210463_x_at
4.1688,4.1688,4.1626,210464_at
5.4568,5.4568,4.8391,210465_s_at
13.2538,13.2538,12.5985,210466_s_at
4.8922,4.8922,5.3144,210467_x_at
4.7136,4.7136,4.546,210469_at
9.9932,9.9932,11.7486,210470_x_at
5.7794,5.7794,5.6259,210471_s_at
5.3735,5.3735,5.3072,210472_at
7.4446,7.4446,7.5731,210474_s_at
4.1688,4.1688,4.8749,210475_at
4.632,4.632,4.9736,210476_s_at
6.2801,6.2801,5.6097,210477_x_at
4.9316,4.9316,6.3883,210479_s_at
4.1688,4.1688,4.1627,210480_s_at
4.4511,4.4511,4.4826,210481_s_at
6.6543,6.6543,6.4877,210482_x_at
5.9201,5.9201,4.5552,210483_at
4.4821,4.4821,4.585,210484_s_at
5.7882,5.7882,4.5506,210486_at
14.5241,14.5241,10.3492,210487_at
5.4393,5.4393,5.3355,210491_at
4.4532,4.4532,4.1627,210492_at
4.8004,4.8004,5.1237,210493_s_at
4.1689,4.1689,4.6933,210495_x_at
5.1157,5.1157,4.3702,210496_at
4.169,4.169,5.2631,210497_x_at
4.169,4.169,4.7608,210498_at
6.7763,6.7763,6.3912,210499_s_at
4.1691,4.1691,4.3944,210500_at
7.339,7.339,7.9674,210502_s_at
4.1691,4.1691,4.1628,210503_at
4.3548,4.3548,4.8853,210504_at
5.6565,5.6565,6.1104,210505_at
4.7829,4.7829,4.9005,210506_at
4.9554,4.9554,4.3263,210507_s_at
4.6444,4.6444,4.318,210508_s_at
4.1692,4.1692,4.1628,210510_s_at
4.3604,4.3604,4.3866,210511_s_at
4.8886,4.8886,5.3253,210512_s_at
6.2812,6.2812,6.7506,210513_s_at
11.0109,11.0109,9.9756,210514_x_at
4.9972,4.9972,6.2792,210515_at
4.7638,4.7638,4.6588,210516_at
12.7021,12.7021,10.5693,210517_s_at
4.9295,4.9295,5.8087,210518_at
6.2907,6.2907,6.8398,210519_s_at
4.1692,4.1692,4.1629,210520_at
4.1693,4.1693,4.1629,210521_s_at
4.4898,4.4898,4.1629,210523_at
6.5729,6.5729,7.8253,210524_x_at
4.1693,4.1693,4.7706,210525_x_at
8.8149,8.8149,8.5697,210527_x_at
4.9884,4.9884,5.2454,210528_at
5.5074,5.5074,6.2162,210529_s_at
6.7215,6.7215,7.0748,210530_s_at
4.9236,4.9236,5.8687,210531_at
12.5885,12.5885,13.2673,210532_s_at
5.1566,5.1566,5.0224,210533_at
4.5922,4.5922,5.3023,210534_s_at
4.3406,4.3406,4.163,210535_at
4.6864,4.6864,4.6104,210536_s_at
4.6885,4.6885,4.3583,210537_s_at
5.4119,5.4119,5.6,210538_s_at
6.2717,6.2717,5.6656,210539_at
6.3143,6.3143,5.7936,210540_s_at
6.7678,6.7678,6.3077,210541_s_at
5.3014,5.3014,5.7734,210542_s_at
5.7771,5.7771,4.6926,210544_s_at
5.931,5.931,6.0342,210545_at
4.1694,4.1694,4.163,210546_x_at
5.5445,5.5445,4.9151,210547_x_at
4.1694,4.1694,4.6722,210548_at
4.4224,4.4224,4.3512,210549_s_at
4.1695,4.1695,4.1631,210550_s_at
4.4534,4.4534,4.9448,210551_s_at
5.0872,5.0872,4.7074,210552_s_at
4.1695,4.1695,5.1836,210553_x_at
9.7099,9.7099,8.8007,210554_s_at
7.6608,7.6608,9.0304,210555_s_at
6.0169,6.0169,6.381,210556_at
5.7583,5.7583,4.7249,210557_x_at
4.5766,4.5766,5.0233,210558_at
8.169,8.169,9.5254,210559_s_at
4.1696,4.1696,4.1631,210560_at
9.376,9.376,9.073,210561_s_at
4.1696,4.1696,4.1632,210562_at
7.566,7.566,7.282,210564_x_at
4.6802,4.6802,4.1632,210565_at
8.4732,8.4732,9.4506,210567_s_at
7.0962,7.0962,7.8527,210568_s_at
4.1697,4.1697,4.6274,210569_s_at
6.9399,6.9399,7.3313,210570_x_at
4.1697,4.1697,4.1633,210571_s_at
4.1698,4.1698,4.3414,210572_at
7.493,7.493,7.8495,210573_s_at
10.2458,10.2458,10.6094,210574_s_at
4.1698,4.1698,4.1633,210575_at
4.1699,4.1699,4.1634,210576_at
4.602,4.602,5.2298,210577_at
5.3576,5.3576,5.6856,210578_at
5.4437,5.4437,5.5106,210579_s_at
9.4483,9.4483,9.4031,210580_x_at
6.5132,6.5132,6.733,210581_x_at
4.5337,4.5337,5.4745,210583_at
4.9297,4.9297,5.0879,210584_s_at
4.7342,4.7342,5.1335,210585_s_at
4.3861,4.3861,4.6651,210586_x_at
4.1699,4.1699,4.5119,210587_at
12.9932,12.9932,12.8945,210588_x_at
6.6667,6.6667,5.6553,210589_s_at
12.6053,12.6053,12.6189,210592_s_at
5.097,5.097,5.0226,210593_at
6.7001,6.7001,7.6293,210594_x_at
4.17,4.17,4.1634,210595_at
7.2408,7.2408,6.4988,210596_at
4.6967,4.6967,4.8354,210597_x_at
6.7681,6.7681,6.6403,210598_at
5.2633,5.2633,5.2605,210599_at
4.17,4.17,4.1634,210600_s_at
6.2629,6.2629,5.8567,210601_at
4.5035,4.5035,5.3025,210602_s_at
5.9796,5.9796,5.9227,210603_at
4.1701,4.1701,4.1635,210604_at
6.1641,6.1641,5.7174,210605_s_at
4.1701,4.1701,5.5799,210606_x_at
5.4588,5.4588,5.0789,210607_at
6.5596,6.5596,6.6145,210608_s_at
4.7124,4.7124,6.2273,210609_s_at
6.1806,6.1806,6.2881,210610_at
4.5016,4.5016,4.1635,210611_s_at
4.1702,4.1702,4.8762,210612_s_at
5.1643,5.1643,4.3858,210614_at
4.1702,4.1702,4.498,210615_at
10.0884,10.0884,9.9805,210616_s_at
5.4745,5.4745,5.3631,210617_at
6.1162,6.1162,4.5998,210618_at
4.5263,4.5263,4.3917,210619_s_at
7.1677,7.1677,7.4817,210620_s_at
7.5146,7.5146,6.6498,210621_s_at
5.9959,5.9959,6.3587,210622_x_at
7.0831,7.0831,7.0968,210623_at
8.1605,8.1605,8.2113,210624_s_at
6.5138,6.5138,6.609,210625_s_at
4.7653,4.7653,4.3234,210626_at
7.5087,7.5087,7.1505,210627_s_at
6.0166,6.0166,5.8659,210628_x_at
7.7831,7.7831,6.465,210629_x_at
4.6322,4.6322,5.063,210630_s_at
4.582,4.582,4.1636,210631_at
4.1703,4.1703,4.1636,210632_s_at
10.9532,10.9532,11.3464,210633_x_at
7.4992,7.4992,6.3892,210634_at
7.3074,7.3074,6.9386,210635_s_at
4.1703,4.1703,4.9189,210636_at
5.5547,5.5547,5.2396,210637_at
9.7192,9.7192,9.7745,210638_s_at
6.6558,6.6558,7.2612,210639_s_at
4.6519,4.6519,4.8357,210641_at
4.5834,4.5834,4.6753,210642_at
4.1704,4.1704,4.1637,210643_at
8.7688,8.7688,7.6437,210644_s_at
11.1934,11.1934,10.369,210645_s_at
14.9726,14.9726,14.9814,210646_x_at
7.6259,7.6259,7.8078,210647_x_at
12.4118,12.4118,12.4742,210648_x_at
8.7122,8.7122,8.5947,210649_s_at
4.6508,4.6508,4.2668,210650_s_at
5.4925,5.4925,4.9642,210651_s_at
5.2826,5.2826,4.1637,210652_s_at
6.8106,6.8106,7.9114,210653_s_at
4.4919,4.4919,4.3276,210654_at
5.6323,5.6323,4.1638,210655_s_at
6.2598,6.2598,5.7776,210656_at
4.1704,4.1704,4.2692,210657_s_at
7.4051,7.4051,8.2204,210658_s_at
5.3835,5.3835,6.1945,210659_at
5.344,5.344,4.959,210660_at
4.7887,4.7887,4.5898,210661_at
4.4578,4.4578,4.3008,210662_at
4.5228,4.5228,4.3792,210663_s_at
6.1633,6.1633,5.2101,210664_s_at
5.9426,5.9426,4.1638,210665_at
4.672,4.672,4.3986,210666_at
6.2318,6.2318,6.2261,210667_s_at
4.3957,4.3957,4.3794,210669_at
4.5708,4.5708,5.2582,210670_at
5.4731,5.4731,6.3028,210671_x_at
7.7744,7.7744,8.2023,210672_s_at
4.1705,4.1705,4.4681,210673_x_at
4.1706,4.1706,4.8781,210674_s_at
5.1855,5.1855,4.1639,210675_s_at
7.4521,7.4521,7.4734,210676_x_at
5.0205,5.0205,4.3146,210677_at
5.954,5.954,6.2824,210678_s_at
9.927,9.927,9.1164,210679_x_at
4.8977,4.8977,5.4562,210680_s_at
8.7561,8.7561,7.6935,210681_s_at
4.438,4.438,5.4161,210682_at
7.3152,7.3152,4.9558,210683_at
4.8907,4.8907,5.2131,210684_s_at
7.1061,7.1061,6.6843,210685_s_at
9.4559,9.4559,9.2328,210686_x_at
6.7137,6.7137,6.2148,210687_at
7.562,7.562,7.2192,210688_s_at
4.5844,4.5844,5.6977,210689_at
4.5298,4.5298,4.5407,210690_at
8.292,8.292,8.3371,210691_s_at
6.1214,6.1214,6.4901,210692_s_at
9.1634,9.1634,7.5886,210693_at
6.968,6.968,5.8161,210694_s_at
4.978,4.978,4.4188,210697_at
4.1706,4.1706,4.1639,210698_at
4.9754,4.9754,4.4254,210699_at
6.9654,6.9654,5.7097,210701_at
4.1707,4.1707,4.164,210702_s_at
4.8446,4.8446,4.9044,210703_at
5.9625,5.9625,6.0091,210704_at
6.5502,6.5502,6.001,210705_s_at
7.2049,7.2049,7.1772,210706_s_at
8.0453,8.0453,8.3646,210707_x_at
5.5867,5.5867,5.3442,210708_x_at
4.9872,4.9872,5.2493,210709_at
6.1608,6.1608,6.2586,210710_at
4.9795,4.9795,4.2891,210711_at
5.1267,5.1267,5.5723,210712_at
5.3244,5.3244,4.5421,210713_at
5.841,5.841,6.0656,210714_at
9.8018,9.8018,10.6746,210715_s_at
5.4927,5.4927,5.324,210716_s_at
7.1488,7.1488,6.0056,210717_at
5.5376,5.5376,5.1916,210718_s_at
6.9493,6.9493,6.9483,210720_s_at
4.1707,4.1707,4.164,210721_s_at
5.1318,5.1318,4.4326,210722_at
5.7641,5.7641,6.6586,210723_x_at
4.7963,4.7963,4.3423,210724_at
5.638,5.638,5.2852,210726_at
4.8845,4.8845,5.3243,210727_at
4.1708,4.1708,4.1641,210728_s_at
4.1708,4.1708,4.1641,210729_at
5.2122,5.2122,5.2133,210730_s_at
5.7925,5.7925,5.9994,210731_s_at
5.5846,5.5846,4.9655,210732_s_at
7.9027,7.9027,7.0126,210733_at
7.9307,7.9307,7.2914,210734_x_at
5.8793,5.8793,6.2987,210735_s_at
5.1992,5.1992,5.2886,210736_x_at
4.7872,4.7872,4.1641,210737_at
4.7603,4.7603,4.1642,210738_s_at
7.0604,7.0604,6.7522,210739_x_at
8.9715,8.9715,8.8923,210740_s_at
4.571,4.571,4.1643,210741_at
7.0691,7.0691,5.7492,210742_at
6.0418,6.0418,5.7164,210743_s_at
4.3086,4.3086,4.1643,210744_s_at
5.0009,5.0009,4.474,210745_at
4.1709,4.1709,4.1643,210746_s_at
5.3107,5.3107,4.9666,210747_at
4.562,4.562,5.5813,210748_at
8.298,8.298,8.02,210749_x_at
5.0163,5.0163,4.1644,210750_s_at
5.8664,5.8664,5.8357,210751_s_at
6.2881,6.2881,5.7948,210752_s_at
5.8148,5.8148,5.1225,210753_s_at
5.2269,5.2269,4.8028,210755_at
5.2194,5.2194,5.173,210756_s_at
4.3549,4.3549,4.6653,210757_x_at
8.2597,8.2597,7.1953,210758_at
6.165,6.165,6.865,210760_x_at
5.6453,5.6453,5.7121,210762_s_at
5.5176,5.5176,5.2899,210763_x_at
4.3179,4.3179,5.046,210764_s_at
6.297,6.297,6.5829,210765_at
4.7802,4.7802,4.2871,210767_at
6.9948,6.9948,7.5627,210768_x_at
4.5555,4.5555,4.3394,210769_at
4.5737,4.5737,4.4948,210770_s_at
4.5037,4.5037,4.6276,210771_at
4.1709,4.1709,4.1644,210772_at
4.171,4.171,4.9086,210773_s_at
13.2358,13.2358,13.2358,210774_s_at
7.1011,7.1011,7.6713,210775_x_at
13.6391,13.6391,13.5871,210776_x_at
10.0915,10.0915,10.4522,210778_s_at
5.9389,5.9389,6.373,210779_x_at
6.0538,6.0538,6.4458,210780_at
4.171,4.171,4.4619,210781_x_at
4.8872,4.8872,5.3566,210782_x_at
7.0219,7.0219,6.1848,210783_x_at
6.0527,6.0527,4.9162,210784_x_at
10.8668,10.8668,9.8187,210785_s_at
6.364,6.364,6.9172,210786_s_at
5.2766,5.2766,5.5788,210787_s_at
5.8873,5.8873,6.515,210789_x_at
5.3455,5.3455,6.4835,210790_s_at
6.9237,6.9237,6.7525,210791_s_at
11.4398,11.4398,11.401,210792_x_at
9.3716,9.3716,9.5045,210793_s_at
4.4593,4.4593,5.0146,210794_s_at
5.9671,5.9671,6.0541,210795_s_at
6.4001,6.4001,6.0083,210796_x_at
6.7408,6.7408,6.7929,210797_s_at
4.3253,4.3253,4.3815,210798_x_at
5.3868,5.3868,5.1545,210799_at
5.5533,5.5533,5.3492,210800_at
5.2373,5.2373,4.8644,210801_at
6.6102,6.6102,6.1851,210802_s_at
5.3529,5.3529,5.7332,210803_at
4.9771,4.9771,4.442,210804_x_at
4.1711,4.1711,4.1645,210805_x_at
5.246,5.246,4.2754,210806_at
6.0275,6.0275,5.9567,210807_s_at
5.4765,5.4765,4.1645,210808_s_at
4.8816,4.8816,5.3004,210809_s_at
4.1711,4.1711,4.7169,210810_s_at
5.2242,5.2242,4.8783,210812_at
5.1511,5.1511,5.742,210813_s_at
4.1712,4.1712,4.9264,210814_at
4.7316,4.7316,4.1646,210815_s_at
5.6953,5.6953,5.8913,210816_s_at
10.4365,10.4365,8.9258,210817_s_at
6.0875,6.0875,6.3968,210818_s_at
5.153,5.153,6.2749,210819_x_at
7.0389,7.0389,7.011,210820_x_at
7.4792,7.4792,7.5713,210821_x_at
6.1509,6.1509,5.8977,210822_at
4.7874,4.7874,4.1646,210823_s_at
4.1712,4.1712,4.4256,210824_at
12.5585,12.5585,12.8448,210825_s_at
8.0676,8.0676,8.5754,210826_x_at
5.0972,5.0972,6.7967,210827_s_at
4.1713,4.1713,4.606,210828_s_at
10.5324,10.5324,9.0654,210829_s_at
5.8801,5.8801,6.2034,210830_s_at
4.8875,4.8875,5.1388,210831_s_at
5.2646,5.2646,5.6427,210832_x_at
4.7754,4.7754,4.8807,210833_at
4.3213,4.3213,4.3703,210834_s_at
10.0195,10.0195,8.6334,210835_s_at
6.7897,6.7897,6.1546,210836_x_at
6.5955,6.5955,6.352,210837_s_at
6.0969,6.0969,4.9668,210838_s_at
6.2216,6.2216,5.0643,210839_s_at
9.8403,9.8403,10.6172,210840_s_at
5.8082,5.8082,4.3785,210841_s_at
4.1713,4.1713,4.1647,210842_at
4.5606,4.5606,4.1647,210843_s_at
8.843,8.843,7.7363,210844_x_at
6.4295,6.4295,6.4859,210845_s_at
5.0915,5.0915,5.1349,210846_x_at
4.1714,4.1714,4.1648,210847_x_at
5.495,5.495,4.8751,210848_at
7.8737,7.8737,7.5186,210849_s_at
5.3118,5.3118,5.209,210850_s_at
5.5353,5.5353,5.1248,210852_s_at
4.3276,4.3276,4.8101,210853_at
5.3655,5.3655,5.8227,210854_x_at
4.6239,4.6239,4.3584,210855_at
8.3286,8.3286,7.489,210858_x_at
7.7752,7.7752,7.6782,210859_x_at
4.4662,4.4662,4.1648,210861_s_at
4.3215,4.3215,5.7145,210862_s_at
5.1324,5.1324,6.0307,210864_x_at
5.1912,5.1912,4.8467,210865_at
4.9051,4.9051,6.1947,210866_s_at
5.5029,5.5029,5.268,210867_at
5.1939,5.1939,5.2439,210868_s_at
5.3694,5.3694,6.177,210869_s_at
6.6333,6.6333,6.0459,210870_s_at
5.615,5.615,6.0399,210871_x_at
6.3854,6.3854,6.5165,210872_x_at
5.1724,5.1724,4.757,210873_x_at
4.7091,4.7091,5.3744,210874_s_at
4.1714,4.1714,4.848,210875_s_at
4.5162,4.5162,4.9844,210876_at
7.5863,7.5863,7.6947,210878_s_at
7.2685,7.2685,7.0844,210879_s_at
4.1715,4.1715,4.2917,210880_s_at
4.3048,4.3048,4.1649,210881_s_at
6.2949,6.2949,5.409,210882_s_at
6.4784,6.4784,6.1914,210883_x_at
4.5712,4.5712,4.1649,210884_s_at
4.9098,4.9098,4.2763,210885_s_at
7.8209,7.8209,7.9307,210886_x_at
4.1715,4.1715,4.3277,210887_s_at
4.6847,4.6847,4.4488,210888_s_at
5.4808,5.4808,4.1649,210889_s_at
4.4943,4.4943,4.2577,210890_x_at
12.7632,12.7632,11.9278,210891_s_at
5.4986,5.4986,5.9453,210892_s_at
4.1716,4.1716,4.165,210893_at
5.7691,5.7691,5.7437,210894_s_at
5.0802,5.0802,5.5839,210895_s_at
6.5523,6.5523,5.4466,210896_s_at
5.1668,5.1668,5.0127,210904_s_at
4.398,4.398,4.165,210905_x_at
4.6502,4.6502,4.4536,210906_x_at
10.5487,10.5487,9.9204,210907_s_at
12.3689,12.3689,12.0287,210908_s_at
4.1716,4.1716,4.313,210909_x_at
8.8183,8.8183,8.4225,210910_s_at
4.1717,4.1717,4.1651,210911_at
5.8941,5.8941,6.1065,210912_x_at
4.1717,4.1717,4.1651,210913_at
5.192,5.192,4.3132,210914_at
6.9162,6.9162,7.3648,210915_x_at
4.6817,4.6817,6.855,210916_s_at
5.312,5.312,4.2945,210917_at
5.3294,5.3294,5.4293,210918_at
4.1718,4.1718,4.1652,210919_at
5.3938,5.3938,4.5803,210920_x_at
4.8147,4.8147,4.1652,210921_at
4.1719,4.1719,4.1653,210922_at
6.1868,6.1868,6.4895,210923_at
6.5495,6.5495,5.9487,210924_at
6.3686,6.3686,6.5254,210925_at
5.9769,5.9769,6.7778,210926_at
4.1719,4.1719,4.1653,210928_at
4.9427,4.9427,4.5389,210929_s_at
4.172,4.172,4.1654,210930_s_at
4.172,4.172,4.1654,210931_at
4.5348,4.5348,4.438,210932_s_at
4.1721,4.1721,4.9861,210933_s_at
7.2021,7.2021,6.5093,210934_at
5.7136,5.7136,5.1885,210935_s_at
5.0662,5.0662,5.1117,210936_at
4.1721,4.1721,4.1655,210937_s_at
4.1722,4.1722,4.4916,210938_at
4.3216,4.3216,5.4295,210939_s_at
4.1722,4.1722,4.1655,210940_s_at
4.1723,4.1723,4.4189,210941_at
7.004,7.004,4.8142,210942_s_at
6.8433,6.8433,7.0867,210943_s_at
10.0501,10.0501,6.7109,210944_s_at
4.9842,4.9842,4.3868,210945_at
5.6659,5.6659,5.8811,210946_at
7.463,7.463,7.2976,210948_s_at
13.8168,13.8168,14.0461,210949_s_at
9.7562,9.7562,9.4215,210950_s_at
8.1344,8.1344,8.7968,210951_x_at
4.5846,4.5846,6.0215,210952_at
5.0605,5.0605,5.1658,210953_at
7.1953,7.1953,5.6936,210954_s_at
5.4738,5.4738,5.2279,210955_at
6.1007,6.1007,6.5284,210956_at
4.1724,4.1724,4.3613,210957_s_at
5.0054,5.0054,4.9897,210958_s_at
4.953,4.953,5.4831,210959_s_at
4.53,4.53,4.1656,210960_at
4.424,4.424,5.1098,210961_s_at
9.299,9.299,8.234,210962_s_at
5.2871,5.2871,5.6342,210963_s_at
4.3668,4.3668,4.8733,210964_s_at
6.5504,6.5504,4.9206,210965_x_at
8.1235,8.1235,8.6035,210966_x_at
4.664,4.664,5.3587,210967_x_at
12.5095,12.5095,11.3574,210968_s_at
5.1625,5.1625,4.2872,210969_at
7.5271,7.5271,7.4795,210970_s_at
5.0515,5.0515,4.7488,210971_s_at
6.3418,6.3418,7.3029,210972_x_at
7.0129,7.0129,6.4065,210973_s_at
4.7579,4.7579,4.4701,210974_s_at
7.3921,7.3921,4.6851,210975_x_at
4.4061,4.4061,4.7008,210977_s_at
6.9834,6.9834,7.7207,210978_s_at
4.1724,4.1724,4.1656,210979_at
6.9729,6.9729,6.824,210980_s_at
8.379,8.379,8.391,210981_s_at
14.5026,14.5026,14.5451,210982_s_at
10.8773,10.8773,12.1837,210983_s_at
4.4519,4.4519,4.1657,210984_x_at
5.2222,5.2222,4.7546,210985_s_at
6.5599,6.5599,6.9719,210987_x_at
5.9466,5.9466,6.8557,210988_s_at
4.7488,4.7488,4.9341,210989_at
4.3938,4.3938,4.4191,210990_s_at
6.1703,6.1703,5.4889,210991_s_at
4.1724,4.1724,4.1657,210992_x_at
11.4674,11.4674,9.612,210993_s_at
4.3939,4.3939,4.3561,210994_x_at
4.9592,4.9592,5.5846,210995_s_at
9.6662,9.6662,9.6193,210996_s_at
4.1725,4.1725,4.5449,210997_at
4.1726,4.1726,4.1658,210998_s_at
7.5113,7.5113,6.6287,210999_s_at
5.1483,5.1483,5.1984,211000_s_at
5.4046,5.4046,5.2924,211001_at
5.3279,5.3279,4.3795,211002_s_at
4.1726,4.1726,4.1658,211003_x_at
7.1734,7.1734,6.1322,211004_s_at
4.3036,4.3036,5.1201,211005_at
4.8598,4.8598,5.4581,211006_s_at
6.319,6.319,5.5832,211008_s_at
7.9623,7.9623,7.2903,211009_s_at
4.5739,4.5739,5.2652,211010_s_at
4.752,4.752,5.0519,211011_at
6.3181,6.3181,8.2091,211012_s_at
5.6202,5.6202,5.2307,211013_x_at
6.6986,6.6986,6.9952,211014_s_at
6.4733,6.4733,6.2784,211016_x_at
4.1727,4.1727,4.1659,211017_s_at
4.764,4.764,5.4891,211018_at
5.1147,5.1147,5.9543,211019_s_at
4.1727,4.1727,4.3496,211020_at
4.1728,4.1728,4.1659,211021_s_at
5.5448,5.5448,5.5899,211022_s_at
10.064,10.064,10.163,211023_at
5.1645,5.1645,4.8199,211024_s_at
10.1264,10.1264,10.1346,211025_x_at
6.4485,6.4485,7.4587,211026_s_at
4.1728,4.1728,4.166,211027_s_at
6.8389,6.8389,6.4841,211028_s_at
4.1729,4.1729,4.166,211029_x_at
4.2887,4.2887,4.1661,211030_s_at
7.2848,7.2848,7.4076,211031_s_at
5.8521,5.8521,4.1661,211032_at
6.7863,6.7863,6.6989,211033_s_at
9.4567,9.4567,9.3393,211034_s_at
4.4743,4.4743,5.0447,211037_s_at
8.5508,8.5508,8.3032,211038_s_at
5.5188,5.5188,5.1591,211039_at
10.7856,10.7856,10.7252,211040_x_at
8.9111,8.9111,9.7605,211042_x_at
8.0815,8.0815,8.677,211043_s_at
5.2938,5.2938,4.259,211044_at
5.0165,5.0165,4.3147,211045_s_at
4.1729,4.1729,4.1662,211046_at
11.1761,11.1761,11.5499,211047_x_at
7.5871,7.5871,7.5304,211048_s_at
4.173,4.173,4.3431,211049_at
4.346,4.346,4.2591,211050_x_at
4.9719,4.9719,4.7722,211051_s_at
8.9643,8.9643,8.5905,211052_s_at
4.2965,4.2965,4.1662,211053_at
4.9891,4.9891,4.6986,211054_at
5.7386,5.7386,5.3379,211055_s_at
6.0202,6.0202,7.0024,211056_s_at
4.173,4.173,6.6004,211057_at
14.8942,14.8942,14.8751,211058_x_at
6.4039,6.4039,6.3634,211059_s_at
9.4082,9.4082,8.9922,211060_x_at
7.8725,7.8725,8.1265,211061_s_at
4.1731,4.1731,4.1663,211062_s_at
7.5641,7.5641,7.0277,211063_s_at
6.2363,6.2363,4.7891,211064_at
10.2601,10.2601,9.5599,211065_x_at
4.3037,4.3037,5.8364,211066_x_at
7.2209,7.2209,8.0065,211067_s_at
10.4256,10.4256,10.0987,211068_x_at
11.4458,11.4458,11.6191,211069_s_at
10.9133,10.9133,12.9493,211070_x_at
14.8777,14.8777,14.8815,211072_x_at
14.9595,14.9595,14.969,211073_x_at
7.6993,7.6993,7.8467,211074_at
11.3001,11.3001,12.3033,211075_s_at
4.8007,4.8007,6.1933,211076_x_at
5.1275,5.1275,5.6205,211077_s_at
4.3487,4.3487,4.5333,211078_s_at
5.0575,5.0575,5.2865,211079_s_at
5.8952,5.8952,5.919,211080_s_at
6.8211,6.8211,6.3387,211081_s_at
5.027,5.027,4.2718,211082_x_at
4.1731,4.1731,4.1663,211083_s_at
7.4807,7.4807,7.7571,211084_x_at
6.1253,6.1253,5.7425,211085_s_at
4.9109,4.9109,4.9863,211086_x_at
4.1732,4.1732,4.1664,211087_x_at
4.9101,4.9101,5.2347,211088_s_at
5.1806,5.1806,5.2542,211089_s_at
8.0504,8.0504,7.8277,211090_s_at
4.8818,4.8818,4.719,211091_s_at
4.5992,4.5992,4.6594,211092_s_at
4.1732,4.1732,4.5409,211093_at
5.2184,5.2184,4.847,211094_s_at
5.3916,5.3916,4.655,211095_at
5.95,5.95,6.6035,211096_at
6.0204,6.0204,5.3357,211097_s_at
6.8509,6.8509,7.5539,211098_x_at
4.1733,4.1733,4.3959,211099_s_at
8.8713,8.8713,6.8474,211100_x_at
8.6196,8.6196,6.7286,211101_x_at
6.5266,6.5266,4.9878,211102_s_at
4.3531,4.3531,4.3265,211103_at
5.3505,5.3505,4.4551,211104_s_at
7.437,7.437,7.8173,211105_s_at
6.3236,6.3236,6.3675,211106_at
6.0112,6.0112,6.3132,211107_s_at
4.1734,4.1734,4.1664,211108_s_at
4.3049,4.3049,4.1665,211109_at
5.2214,5.2214,5.7136,211110_s_at
5.1768,5.1768,4.2602,211111_at
4.62,4.62,6.8665,211112_at
6.3643,6.3643,6.1303,211113_s_at
5.7556,5.7556,6.3628,211114_x_at
6.6781,6.6781,7.037,211115_x_at
4.1734,4.1734,4.1665,211116_at
4.9608,4.9608,4.69,211117_x_at
4.5965,4.5965,5.6822,211118_x_at
4.1735,4.1735,4.2619,211119_at
5.1379,5.1379,5.8199,211120_x_at
5.3094,5.3094,5.8669,211121_s_at
4.1735,4.1735,4.1665,211122_s_at
5.9892,5.9892,6.2085,211123_at
4.1736,4.1736,4.1666,211124_s_at
4.4118,4.4118,4.1666,211125_x_at
5.4519,5.4519,6.9298,211126_s_at
4.8992,4.8992,5.0829,211127_x_at
5.0619,5.0619,5.3027,211128_at
4.8937,4.8937,5.1721,211129_x_at
5.2933,5.2933,4.7638,211130_x_at
4.3921,4.3921,4.1667,211131_s_at
5.3475,5.3475,5.236,211132_at
6.0304,6.0304,5.309,211133_x_at
4.9944,4.9944,4.6259,211135_x_at
4.4428,4.4428,5.4648,211136_s_at
8.0479,8.0479,8.4176,211137_s_at
5.6079,5.6079,6.7057,211138_s_at
7.4901,7.4901,7.2505,211139_s_at
4.5053,4.5053,4.1667,211140_s_at
4.3839,4.3839,4.807,211141_s_at
4.1736,4.1736,4.2946,211142_x_at
5.2757,5.2757,7.0264,211143_x_at
4.9371,4.9371,5.0847,211144_x_at
4.1737,4.1737,5.2093,211145_x_at
4.1737,4.1737,4.1668,211146_at
4.4664,4.4664,4.4192,211147_s_at
4.384,4.384,4.1668,211148_s_at
5.6503,5.6503,4.6423,211149_at
5.4121,5.4121,7.0898,211150_s_at
7.6912,7.6912,7.6912,211151_x_at
8.4871,8.4871,8.4802,211152_s_at
4.1738,4.1738,5.0934,211153_s_at
4.6282,4.6282,4.1669,211154_at
4.1738,4.1738,4.1669,211155_s_at
4.2951,4.2951,4.439,211156_at
5.4506,5.4506,5.3146,211157_at
6.828,6.828,6.8758,211159_s_at
7.595,7.595,4.5661,211160_x_at
4.5476,4.5476,4.5593,211161_s_at
4.3105,4.3105,4.2719,211162_x_at
4.3065,4.3065,4.167,211163_s_at
4.8454,4.8454,4.4861,211164_at
4.1739,4.1739,4.167,211165_x_at
5.3346,5.3346,6.3176,211166_at
5.2693,5.2693,4.1671,211167_s_at
9.0825,9.0825,9.1151,211168_s_at
4.1739,4.1739,4.557,211169_s_at
4.5741,4.5741,4.7548,211170_s_at
5.8853,5.8853,5.6429,211171_s_at
6.4091,6.4091,6.1863,211172_x_at
4.8788,4.8788,4.9837,211173_at
4.418,4.418,4.4635,211174_s_at
4.7344,4.7344,4.5553,211175_at
4.4594,4.4594,5.7,211176_s_at
6.873,6.873,7.1067,211177_s_at
6.0819,6.0819,5.8001,211178_s_at
4.174,4.174,4.3202,211179_at
7.1909,7.1909,6.5435,211180_x_at
4.9299,4.9299,5.6567,211181_x_at
5.8232,5.8232,5.3199,211182_x_at
5.5002,5.5002,4.4902,211184_s_at
13.7026,13.7026,12.826,211185_s_at
4.1741,4.1741,4.1671,211186_s_at
4.1741,4.1741,4.1672,211187_at
4.6425,4.6425,5.3703,211188_at
6.0191,6.0191,6.0672,211189_x_at
5.522,5.522,5.7626,211190_x_at
4.1742,4.1742,4.1672,211191_at
4.5441,4.5441,4.5623,211192_s_at
5.7872,5.7872,5.341,211193_at
5.0178,5.0178,4.1673,211194_s_at
5.4344,5.4344,5.479,211195_s_at
4.1742,4.1742,4.2959,211196_at
5.9096,5.9096,6.4068,211197_s_at
4.3805,4.3805,4.3278,211198_s_at
7.8418,7.8418,10.4557,211199_s_at
6.4004,6.4004,6.7496,211200_s_at
4.1743,4.1743,4.2858,211201_at
9.7509,9.7509,8.3098,211202_s_at
5.5222,5.5222,6.1479,211203_s_at
4.5288,4.5288,4.8201,211204_at
4.6866,4.6866,5.7041,211205_x_at
5.3531,5.3531,4.9135,211207_s_at
7.4511,7.4511,7.0021,211208_s_at
5.4887,5.4887,5,211209_x_at
5.8962,5.8962,5.7378,211210_x_at
4.6693,4.6693,5.2912,211211_x_at
5.2873,5.2873,5.107,211212_s_at
4.768,4.768,4.3719,211213_at
5.0734,5.0734,5.809,211214_s_at
4.5478,4.5478,5.8894,211215_x_at
4.7225,4.7225,4.4797,211217_s_at
4.7856,4.7856,4.1673,211218_at
4.1743,4.1743,4.1674,211219_s_at
4.9961,4.9961,4.8855,211220_s_at
4.3427,4.3427,4.9055,211221_at
6.3672,6.3672,5.6129,211222_s_at
5.0334,5.0334,6.1024,211223_at
5.2805,5.2805,4.1674,211224_s_at
4.1744,4.1744,4.1675,211225_at
5.2118,5.2118,6.7377,211226_at
4.9756,4.9756,4.1675,211227_s_at
7.3896,7.3896,8.1142,211228_s_at
6.7277,6.7277,6.0202,211230_s_at
6.2446,6.2446,6.7772,211231_x_at
5.2358,5.2358,4.1676,211232_x_at
6.3155,6.3155,4.6168,211233_x_at
5.481,5.481,4.615,211234_x_at
4.4181,4.4181,5.312,211235_s_at
4.1744,4.1744,4.1676,211237_s_at
5.2465,5.2465,5.163,211238_at
4.1745,4.1745,4.5698,211239_s_at
6.9945,6.9945,6.2918,211240_x_at
4.869,4.869,4.409,211241_at
4.1746,4.1746,4.4727,211242_x_at
4.1746,4.1746,5.2723,211245_x_at
4.318,4.318,5.6639,211248_s_at
4.1747,4.1747,5.2585,211249_at
5.7101,5.7101,5.9258,211250_s_at
6.9519,6.9519,7.6571,211251_x_at
7.6886,7.6886,8.0802,211252_x_at
4.3754,4.3754,4.9704,211253_x_at
6.4541,6.4541,6.7659,211254_x_at
5.7789,5.7789,6.5018,211255_x_at
8.8625,8.8625,8.356,211256_x_at
8.4337,8.4337,8.2353,211257_x_at
5.6406,5.6406,5.9575,211258_s_at
6.0115,6.0115,6.145,211259_s_at
7.1087,7.1087,7.5175,211260_at
6.1877,6.1877,6.1973,211261_at
5.7586,5.7586,5.8739,211262_at
4.1747,4.1747,5.3453,211263_s_at
4.1748,4.1748,4.1677,211264_at
4.1748,4.1748,4.1677,211265_at
5.1549,5.1549,5.8214,211266_s_at
4.7249,4.7249,4.3755,211267_at
4.3087,4.3087,4.749,211269_s_at
12.3418,12.3418,12.841,211270_x_at
12.6498,12.6498,12.5718,211271_x_at
5.6603,5.6603,6.0283,211272_s_at
4.1749,4.1749,4.5555,211273_s_at
4.1749,4.1749,5.1042,211274_at
10.3702,10.3702,9.4498,211275_s_at
4.9075,4.9075,5.0272,211276_at
7.0178,7.0178,6.594,211277_x_at
5.6382,5.6382,6.1885,211279_at
5.8224,5.8224,6.1417,211280_s_at
5.953,5.953,5.1351,211282_x_at
6.5465,6.5465,7.5364,211284_s_at
10.2369,10.2369,9.5662,211285_s_at
4.3192,4.3192,4.8847,211286_x_at
5.7148,5.7148,4.8085,211287_x_at
8.5339,8.5339,8.8636,211289_x_at
5.9658,5.9658,6.5293,211295_x_at
14.8212,14.8212,14.8196,211296_x_at
4.6734,4.6734,4.9397,211298_s_at
5.0484,5.0484,5.619,211299_s_at
6.2104,6.2104,6.7001,211300_s_at
6.0193,6.0193,5.6012,211301_at
8.9317,8.9317,7.0997,211302_s_at
4.175,4.175,4.1678,211303_x_at
6.8169,6.8169,7.1488,211304_x_at
4.7898,4.7898,4.1678,211305_x_at
4.175,4.175,4.1679,211306_s_at
4.7511,4.7511,4.7212,211307_s_at
4.1751,4.1751,4.6342,211310_at
4.1751,4.1751,4.2578,211312_s_at
4.4286,4.4286,4.9191,211313_s_at
4.3021,4.3021,4.1679,211314_at
4.1752,4.1752,5.0972,211315_s_at
8.4589,8.4589,7.9753,211316_x_at
6.4339,6.4339,5.7072,211317_s_at
4.3669,4.3669,5.4984,211319_at
6.1524,6.1524,5.5573,211320_s_at
4.5595,4.5595,5.5656,211322_s_at
8.3046,8.3046,5.1454,211323_s_at
5.0336,5.0336,4.9343,211324_s_at
6.3065,6.3065,6.8084,211325_x_at
5.2334,5.2334,5.3579,211326_x_at
6.038,6.038,5.9964,211327_x_at
6.5042,6.5042,6.9516,211328_x_at
5.9854,5.9854,4.8888,211329_x_at
4.476,4.476,4.3075,211331_x_at
5.6702,5.6702,5.3191,211332_x_at
5.545,5.545,5.7512,211333_s_at
5.1687,5.1687,4.2518,211334_at
6.4491,6.4491,5.9924,211336_x_at
6.6794,6.6794,6.9972,211337_s_at
4.1753,4.1753,4.168,211338_at
5.3122,5.3122,5.7576,211339_s_at
6.2034,6.2034,7.3783,211340_s_at
6.2958,6.2958,6.0669,211341_at
7.5021,7.5021,7.3039,211342_x_at
4.6567,4.6567,4.6215,211343_s_at
14.8309,14.8309,14.7968,211345_x_at
5.1278,5.1278,4.5063,211347_at
4.1753,4.1753,4.168,211348_s_at
5.4417,5.4417,5.125,211349_at
4.3862,4.3862,5.6408,211350_s_at
4.1754,4.1754,4.3368,211351_at
5.9524,5.9524,5.8441,211352_s_at
4.1754,4.1754,4.1681,211353_at
4.7965,4.7965,5.6035,211354_s_at
5.1295,5.1295,5.5587,211355_x_at
5.5308,5.5308,5.1651,211356_x_at
4.1755,4.1755,4.2776,211357_s_at
6.5141,6.5141,6.8844,211358_s_at
5.4555,5.4555,6.0527,211359_s_at
5.9575,5.9575,5.7484,211360_s_at
4.6969,4.6969,4.1681,211361_s_at
5.793,5.793,5.4913,211362_s_at
4.5324,4.5324,4.8513,211363_s_at
6.3477,6.3477,6.2124,211364_at
4.1756,4.1756,4.1682,211365_s_at
7.5409,7.5409,8.2041,211366_x_at
5.2608,5.2608,5.5274,211367_s_at
6.3051,6.3051,6.8624,211368_s_at
4.6052,4.6052,4.1682,211369_at
7.4087,7.4087,7.4012,211370_s_at
4.5419,4.5419,4.5111,211371_at
4.1756,4.1756,4.1683,211372_s_at
4.3982,4.3982,4.3918,211373_s_at
6.8822,6.8822,5.94,211374_x_at
10.5835,10.5835,10.4717,211375_s_at
7.6563,7.6563,8.2358,211376_s_at
4.1757,4.1757,4.1683,211377_x_at
14.9348,14.9348,14.9427,211378_x_at
4.4349,4.4349,4.724,211379_x_at
5.6081,5.6081,4.3817,211380_s_at
4.5537,4.5537,4.3156,211381_x_at
4.8801,4.8801,5.0265,211382_s_at
9.3011,9.3011,9.252,211383_s_at
4.1757,4.1757,4.1684,211384_s_at
8.2888,8.2888,7.4413,211385_x_at
5.8435,5.8435,6.6194,211386_at
6.5298,6.5298,6.5708,211387_x_at
5.1032,5.1032,5.6171,211388_s_at
4.3407,4.3407,4.4286,211389_x_at
4.1758,4.1758,4.1684,211390_at
6.283,6.283,6.4556,211391_s_at
6.8928,6.8928,6.4985,211392_s_at
5.6033,5.6033,6.0607,211393_at
5.5201,5.5201,5.4544,211395_x_at
4.1758,4.1758,4.1685,211396_at
4.6168,4.6168,4.3845,211397_x_at
5.306,5.306,5.4211,211398_at
4.4809,4.4809,4.1685,211399_at
5.1795,5.1795,5.7257,211400_at
4.1759,4.1759,4.1686,211401_s_at
4.1759,4.1759,5.3666,211402_x_at
4.586,4.586,4.9754,211403_x_at
7.0687,7.0687,8.2814,211404_s_at
6.7283,6.7283,7.3691,211405_x_at
6.3465,6.3465,6.9418,211406_at
5.0248,5.0248,5.0611,211407_at
4.9947,4.9947,6.0171,211410_x_at
4.176,4.176,4.1686,211411_at
4.1761,4.1761,4.1687,211412_at
4.3354,4.3354,4.4918,211413_s_at
4.9264,4.9264,4.4273,211414_at
6.6561,6.6561,6.4156,211416_x_at
6.4689,6.4689,6.6784,211417_x_at
5.1902,5.1902,5.0666,211419_s_at
4.2992,4.2992,4.4919,211421_s_at
4.3309,4.3309,5.167,211422_at
9.2051,9.2051,7.8717,211423_s_at
4.9934,4.9934,5.0645,211424_x_at
5.7534,5.7534,5.8884,211425_x_at
6.458,6.458,6.836,211426_x_at
4.1761,4.1761,4.1687,211427_s_at
4.1762,4.1762,4.1688,211428_at
4.7804,4.7804,5.5781,211429_s_at
12.2655,12.2655,7.1424,211430_s_at
4.4745,4.4745,4.3028,211431_s_at
5.2723,5.2723,5.3494,211432_s_at
6.643,6.643,6.9603,211433_x_at
4.9698,4.9698,5.5679,211434_s_at
5.7796,5.7796,6.2961,211435_at
4.6257,4.6257,4.4328,211436_at
4.1762,4.1762,4.1688,211437_at
4.1763,4.1763,4.2777,211438_at
6.4013,6.4013,6.5111,211439_at
5.6238,5.6238,6.3471,211440_x_at
5.4961,5.4961,4.1688,211441_x_at
4.1763,4.1763,4.1689,211442_x_at
7.6786,7.6786,8.4421,211444_at
12.2257,12.2257,11.955,211445_x_at
6.1439,6.1439,6.211,211446_at
4.1764,4.1764,5.0613,211447_s_at
4.1764,4.1764,4.2669,211448_s_at
4.1765,4.1765,4.169,211449_at
7.2873,7.2873,7.4959,211450_s_at
4.3066,4.3066,4.2705,211451_s_at
13.5258,13.5258,12.756,211452_x_at
4.1765,4.1765,4.169,211453_s_at
9.1548,9.1548,8.2948,211454_x_at
6.1526,6.1526,5.9591,211455_at
9.049,9.049,8.7901,211456_x_at
4.3145,4.3145,5.2927,211457_at
7.7768,7.7768,8.4905,211458_s_at
4.4786,4.4786,4.7053,211459_at
5.9415,5.9415,5.936,211460_at
4.1766,4.1766,4.1691,211461_at
5.3172,5.3172,4.2644,211462_s_at
4.5245,4.5245,4.1691,211463_at
6.9269,6.9269,6.398,211464_x_at
7.4609,7.4609,7.3581,211465_x_at
4.4287,4.4287,4.1692,211466_at
4.4413,4.4413,4.4682,211467_s_at
4.8701,4.8701,4.1692,211468_s_at
4.1767,4.1767,4.1693,211469_s_at
4.7397,4.7397,4.6382,211470_s_at
6.248,6.248,6.8017,211471_s_at
4.4242,4.4242,4.3513,211472_at
4.3089,4.3089,4.1693,211473_s_at
8.7072,8.7072,7.8245,211474_s_at
9.5207,9.5207,10.3184,211475_s_at
4.1767,4.1767,4.5112,211476_at
4.355,4.355,4.4421,211478_s_at
4.7166,4.7166,4.5148,211479_s_at
4.6657,4.6657,4.1694,211480_s_at
4.724,4.724,5.1059,211481_at
4.5902,4.5902,4.8502,211483_x_at
4.5493,4.5493,5.0849,211484_s_at
4.1768,4.1768,4.1694,211485_s_at
4.1768,4.1768,4.4047,211486_s_at
14.7586,14.7586,14.8261,211487_x_at
5.3458,5.3458,5.4927,211488_s_at
4.655,4.655,5.0449,211489_at
4.2863,4.2863,4.1695,211490_at
5.3722,5.3722,4.279,211491_at
4.1769,4.1769,5.2166,211492_s_at
5.7211,5.7211,5.9476,211493_x_at
6.7094,6.7094,5.0974,211494_s_at
5.7267,5.7267,5.7754,211495_x_at
4.941,4.941,4.4828,211496_s_at
6.0607,6.0607,6.5526,211497_x_at
4.4521,4.4521,4.1695,211498_s_at
6.6837,6.6837,5.1613,211499_s_at
4.382,4.382,4.348,211500_at
9.2254,9.2254,9.4156,211501_s_at
6.1018,6.1018,6.6173,211502_s_at
11.1986,11.1986,10.0894,211503_s_at
6.1005,6.1005,6.0886,211504_x_at
7.7075,7.7075,7.7661,211505_s_at
4.1769,4.1769,4.2546,211506_s_at
4.3695,4.3695,4.5065,211507_s_at
4.177,4.177,4.1696,211508_s_at
12.471,12.471,11.6816,211509_s_at
4.1771,4.1771,4.3327,211510_s_at
6.4952,6.4952,6.4799,211512_s_at
5.946,5.946,5.8855,211513_s_at
5.2186,5.2186,4.1696,211514_at
6.3995,6.3995,5.7536,211515_s_at
5.2497,5.2497,5.576,211516_at
4.1771,4.1771,4.7104,211517_s_at
6.7581,6.7581,7.9457,211519_s_at
4.7845,4.7845,4.5663,211520_s_at
6.1689,6.1689,5.8505,211521_s_at
4.3878,4.3878,4.1697,211522_s_at
5.2216,5.2216,4.1697,211523_at
4.6887,4.6887,4.7344,211524_at
4.4579,4.4579,4.7511,211525_s_at
4.1772,4.1772,4.1698,211526_s_at
4.1772,4.1772,4.3467,211527_x_at
13.3932,13.3932,12.7308,211528_x_at
13.3601,13.3601,12.9613,211529_x_at
8.6802,8.6802,8.6888,211530_x_at
4.8511,4.8511,4.7418,211531_x_at
4.5164,4.5164,4.1698,211532_x_at
4.1773,4.1773,4.1699,211533_at
5.8423,5.8423,4.8009,211534_x_at
7.0661,7.0661,6.8628,211535_s_at
6.2921,6.2921,7.2363,211536_x_at
6.7499,6.7499,7.32,211537_x_at
6.6336,6.6336,6.7442,211540_s_at
4.3973,4.3973,4.3988,211541_s_at
14.9566,14.9566,14.9523,211542_x_at
6.2973,6.2973,6.5105,211543_s_at
4.1773,4.1773,6.1689,211544_s_at
4.5301,4.5301,4.5585,211545_at
6.0456,6.0456,5.7741,211546_x_at
5.4666,5.4666,5.3568,211547_s_at
4.9429,4.9429,4.7735,211548_s_at
5.0358,5.0358,4.668,211549_s_at
4.2966,4.2966,4.5067,211550_at
6.8796,6.8796,7.2271,211551_at
4.9579,4.9579,6.7731,211552_s_at
4.3006,4.3006,5.3006,211553_x_at
4.6427,4.6427,5.7457,211554_s_at
4.9254,4.9254,5.2135,211555_s_at
4.1774,4.1774,4.1699,211556_at
4.5274,4.5274,4.9549,211557_x_at
8.2717,8.2717,7.8097,211558_s_at
7.1704,7.1704,7.3152,211559_s_at
4.1774,4.1774,4.17,211560_s_at
7.7795,7.7795,7.925,211561_x_at
4.1775,4.1775,4.3721,211562_s_at
6.529,6.529,7.0014,211563_s_at
4.7967,4.7967,5.0106,211564_s_at
5.6556,5.6556,4.3356,211565_at
6.9512,6.9512,7.5709,211566_x_at
4.1775,4.1775,4.4275,211567_at
4.1776,4.1776,4.17,211568_at
9.3694,9.3694,10.4497,211569_s_at
4.1777,4.1777,4.3615,211570_s_at
4.1777,4.1777,4.1701,211571_s_at
6.8675,6.8675,7.0574,211572_s_at
4.4136,4.4136,4.3116,211573_x_at
5.9056,5.9056,5.5418,211574_s_at
8.0854,8.0854,7.4941,211575_s_at
7.2653,7.2653,7.0017,211576_s_at
6.0064,6.0064,4.9427,211577_s_at
6.8446,6.8446,7.2859,211578_s_at
4.1778,4.1778,5.0658,211579_at
4.9539,4.9539,4.9251,211580_s_at
7.0631,7.0631,6.1975,211581_x_at
7.6429,7.6429,6.2577,211582_x_at
4.4878,4.4878,4.5714,211583_x_at
6.7926,6.7926,7.9229,211584_s_at
5.4542,5.4542,4.9399,211585_at
4.1778,4.1778,4.1701,211586_s_at
5.0834,5.0834,5.222,211587_x_at
4.1779,4.1779,4.1702,211588_s_at
4.3217,4.3217,5.861,211589_at
6.2245,6.2245,6.62,211590_x_at
4.4243,4.4243,4.1702,211591_s_at
4.9633,4.9633,4.3705,211592_s_at
7.9956,7.9956,7.7775,211593_s_at
9.9708,9.9708,10.0966,211594_s_at
8.1322,8.1322,8.7466,211595_s_at
10.6665,10.6665,8.4856,211596_s_at
5.6613,5.6613,6.2955,211597_s_at
5.8057,5.8057,5.8511,211598_x_at
6.1209,6.1209,6.7156,211599_x_at
12.3004,12.3004,12.2341,211600_at
4.1779,4.1779,4.1703,211601_at
4.7848,4.7848,4.4886,211602_s_at
4.8348,4.8348,4.5391,211603_s_at
4.3429,4.3429,4.262,211604_x_at
4.8138,4.8138,4.7347,211606_at
4.6949,4.6949,4.5069,211607_x_at
5.0917,5.0917,4.1703,211608_at
9.928,9.928,10.9148,211609_x_at
5.1106,5.1106,5.9064,211610_at
4.7656,4.7656,4.1704,211611_s_at
5.1726,5.1726,5.2001,211612_s_at
4.178,4.178,4.1704,211613_s_at
4.178,4.178,4.2519,211614_at
10.6199,10.6199,11.0302,211615_s_at
4.7605,4.7605,4.9916,211616_s_at
4.1781,4.1781,4.1705,211617_at
4.1782,4.1782,4.1706,211618_s_at
4.9142,4.9142,5.139,211619_s_at
6.0522,6.0522,6.0503,211620_x_at
5.2944,5.2944,5.3757,211621_at
4.7281,4.7281,6.5045,211622_s_at
12.8562,12.8562,13.2046,211623_s_at
5.4508,5.4508,5.2654,211624_s_at
4.1782,4.1782,4.1706,211625_s_at
6.8631,6.8631,6.1753,211626_x_at
5.028,5.028,4.7145,211627_x_at
12.8867,12.8867,13.063,211628_x_at
7.8811,7.8811,8.4011,211630_s_at
6.4597,6.4597,6.6452,211631_x_at
4.7581,4.7581,4.1707,211632_at
4.9003,4.9003,6.0315,211633_x_at
6.6225,6.6225,7.8046,211634_x_at
6.6265,6.6265,7.8616,211635_x_at
4.1783,4.1783,4.1707,211636_at
6.8515,6.8515,7.835,211637_x_at
4.1783,4.1783,5.0065,211638_at
5.101,5.101,6.2598,211639_x_at
5.5834,5.5834,6.6443,211640_x_at
6.3736,6.3736,7.2305,211641_x_at
4.1784,4.1784,4.1708,211642_at
6.8306,6.8306,6.8771,211643_x_at
4.9083,4.9083,7.1094,211644_x_at
6.7715,6.7715,7.4482,211645_x_at
4.1784,4.1784,4.3846,211646_at
5.5653,5.5653,5.9644,211647_x_at
4.1785,4.1785,4.8376,211648_at
5.0641,5.0641,6.8976,211649_x_at
6.1914,6.1914,7.5197,211650_x_at
4.1786,4.1786,4.3203,211651_s_at
5.8654,5.8654,6.3907,211652_s_at
6.4467,6.4467,6.4428,211653_x_at
9.5489,9.5489,9.1424,211654_x_at
5.2231,5.2231,4.6132,211655_at
13.0838,13.0838,12.7523,211656_x_at
5.7999,5.7999,5.7043,211657_at
5.8009,5.8009,7.9719,211658_at
4.1786,4.1786,4.1708,211659_at
6.9408,6.9408,6.8681,211660_at
6.4141,6.4141,6.6274,211661_x_at
13.1221,13.1221,13.8665,211662_s_at
5.8059,5.8059,6.0702,211663_x_at
6.7439,6.7439,5.9879,211665_s_at
14.763,14.763,14.8533,211666_x_at
4.1787,4.1787,4.1709,211667_x_at
5.5204,5.5204,6.1129,211668_s_at
4.5608,4.5608,4.945,211670_x_at
11.1488,11.1488,9.3906,211671_s_at
6.3422,6.3422,7.1266,211672_s_at
5.4216,5.4216,6.1814,211673_s_at
4.1787,4.1787,4.3236,211674_x_at
9.8081,9.8081,7.4126,211675_s_at
7.1748,7.1748,7.7203,211676_s_at
5.8474,5.8474,4.895,211677_x_at
10.3037,10.3037,9.5959,211678_s_at
5.6863,5.6863,5.2349,211679_x_at
4.4429,4.4429,4.7765,211680_at
6.3256,6.3256,6.3352,211681_s_at
5.387,5.387,5.066,211682_x_at
8.8424,8.8424,8.0815,211684_s_at
5.4929,5.4929,5.2269,211685_s_at
7.363,7.363,7.7779,211686_s_at
4.1788,4.1788,6.3114,211687_x_at
4.1788,4.1788,4.1709,211688_x_at
4.1789,4.1789,4.171,211689_s_at
4.2984,4.2984,4.4297,211690_at
6.8761,6.8761,7.0228,211691_x_at
6.6378,6.6378,6.7439,211692_s_at
6.4153,6.4153,6.2611,211693_at
4.1789,4.1789,4.171,211694_at
4.6481,4.6481,5.698,211695_x_at
8.2199,8.2199,7.6399,211696_x_at
6.403,6.403,6.9503,211697_x_at
7.677,7.677,7.9237,211698_at
7.716,7.716,7.1387,211699_x_at
6.7165,6.7165,4.4489,211700_s_at
6.7424,6.7424,5.9503,211701_s_at
5.6781,5.6781,5.9647,211702_s_at
6.8777,6.8777,6.8337,211703_s_at
6.5759,6.5759,4.3077,211704_s_at
4.331,4.331,4.5805,211705_s_at
4.4611,4.4611,4.5602,211706_s_at
8.4861,8.4861,8.4756,211707_s_at
4.179,4.179,4.3357,211708_s_at
9.0705,9.0705,8.0333,211709_s_at
14.8603,14.8603,14.9039,211710_x_at
7.9682,7.9682,7.6312,211711_s_at
5.167,5.167,5.031,211712_s_at
9.91,9.91,10.3971,211713_x_at
14.3097,14.3097,14.7542,211714_x_at
10.0372,10.0372,11.2267,211716_x_at
5.6396,5.6396,6.4811,211717_at
4.1791,4.1791,5.5841,211718_at
4.1791,4.1791,4.1711,211719_x_at
14.9247,14.9247,14.9138,211720_x_at
7.6893,7.6893,6.8685,211721_s_at
4.3735,4.3735,5.3273,211722_s_at
9.6495,9.6495,9.3753,211724_x_at
5.8747,5.8747,6.4485,211726_s_at
9.0679,9.0679,9.2796,211727_s_at
5.7427,5.7427,5.3165,211728_s_at
9.3972,9.3972,11.1352,211730_s_at
5.7774,5.7774,6.2486,211731_x_at
4.3583,4.3583,4.1711,211732_x_at
9.3244,9.3244,9.8494,211733_x_at
4.4431,4.4431,5.2587,211734_s_at
4.1792,4.1792,4.3691,211735_x_at
4.1792,4.1792,4.8031,211736_at
4.7682,4.7682,4.8011,211737_x_at
6.1247,6.1247,6.2458,211738_x_at
5.7754,5.7754,5.6603,211739_x_at
4.9448,4.9448,4.6562,211740_at
5.4617,5.4617,5.4497,211741_x_at
8.6165,8.6165,9.4483,211742_s_at
6.3739,6.3739,6.5517,211743_s_at
6.6093,6.6093,5.1865,211744_s_at
8.0698,8.0698,7.6548,211745_x_at
13.0135,13.0135,13.227,211746_x_at
4.6775,4.6775,6.728,211748_x_at
8.3713,8.3713,9.5615,211749_s_at
14.6545,14.6545,14.8129,211750_x_at
4.1793,4.1793,4.5908,211751_at
9.6762,9.6762,9.6176,211752_s_at
5.7727,5.7727,4.8753,211753_s_at
5.7462,5.7462,6.3216,211754_s_at
13.3365,13.3365,13.3318,211755_s_at
4.1793,4.1793,4.1712,211756_at
10.8448,10.8448,10.6964,211759_x_at
5.0643,5.0643,4.7529,211760_s_at
9.693,9.693,10.0782,211761_s_at
11.4223,11.4223,12.4967,211762_s_at
8.404,8.404,8.0496,211763_s_at
5.7656,5.7656,7.0077,211764_s_at
14.9039,14.9039,14.9322,211765_x_at
4.1794,4.1794,4.1712,211766_s_at
6.4772,6.4772,7.9262,211767_at
6.7097,6.7097,6.3141,211768_at
9.4046,9.4046,9.0211,211769_x_at
5.5466,5.5466,5.4119,211771_s_at
4.2985,4.2985,4.4391,211772_x_at
6.0094,6.0094,5.0859,211773_s_at
4.7757,4.7757,5.5165,211774_s_at
4.5557,4.5557,4.1713,211775_x_at
4.8359,4.8359,4.6009,211776_s_at
4.7449,4.7449,5.8773,211778_s_at
8.5832,8.5832,7.8454,211779_x_at
8.1883,8.1883,8.3809,211780_x_at
6.5105,6.5105,6.415,211781_x_at
5.0985,5.0985,4.3706,211782_at
10.2109,10.2109,11.1454,211784_s_at
4.1795,4.1795,4.6724,211786_at
13.1739,13.1739,13.9897,211787_s_at
4.1795,4.1795,4.1713,211788_s_at
4.3798,4.3798,4.1714,211789_s_at
4.8727,4.8727,4.1714,211790_s_at
5.1087,5.1087,4.2844,211791_s_at
7.1394,7.1394,7.6916,211792_s_at
6.3161,6.3161,6.7125,211793_s_at
5.3305,5.3305,4.8186,211794_at
5.2499,5.2499,4.6854,211795_s_at
6.9172,6.9172,6.0269,211796_s_at
6.2397,6.2397,6.4559,211797_s_at
7.0442,7.0442,7.7277,211798_x_at
12.516,12.516,11.5686,211799_x_at
10.3877,10.3877,9.7948,211800_s_at
6.3963,6.3963,6.3789,211801_x_at
4.4966,4.4966,4.9627,211802_x_at
4.4496,4.4496,4.3989,211803_at
6.0234,6.0234,6.1773,211804_s_at
4.8716,4.8716,4.4406,211805_s_at
5.7898,5.7898,6.2904,211806_s_at
5.6997,5.6997,6.3608,211807_x_at
5.5848,5.5848,5.8359,211808_s_at
5.2538,5.2538,5.0267,211809_x_at
6.4238,6.4238,7.0808,211810_s_at
4.3755,4.3755,4.785,211811_s_at
4.6585,4.6585,5.1426,211812_s_at
5.4167,5.4167,4.9521,211813_x_at
6.2875,6.2875,7.904,211814_s_at
6.1834,6.1834,6.4616,211815_s_at
5.1036,5.1036,5.5258,211816_x_at
4.5924,4.5924,4.4703,211817_s_at
5.5955,5.5955,4.3078,211818_s_at
5.2413,5.2413,5.396,211819_s_at
4.1796,4.1796,4.9303,211820_x_at
4.1796,4.1796,4.1715,211821_x_at
7.111,7.111,7.0379,211822_s_at
4.1797,4.1797,4.328,211823_s_at
6.8912,6.8912,6.6433,211824_x_at
6.1978,6.1978,6.6601,211825_s_at
7.3468,7.3468,6.3164,211826_s_at
4.1797,4.1797,4.1715,211827_s_at
4.1798,4.1798,4.1716,211828_s_at
4.1799,4.1799,4.1716,211829_s_at
4.6064,4.6064,4.4351,211830_s_at
4.1799,4.1799,5.3531,211831_s_at
4.18,4.18,4.296,211832_s_at
6.5823,6.5823,6.5563,211833_s_at
5.8641,5.8641,5.4871,211834_s_at
4.18,4.18,4.1717,211835_at
5.3829,5.3829,5.3381,211836_s_at
6.0478,6.0478,5.8425,211837_s_at
4.749,4.749,5.185,211838_x_at
4.1801,4.1801,4.2621,211839_s_at
6.0596,6.0596,6.1115,211840_s_at
4.1801,4.1801,5.1625,211841_s_at
5.1059,5.1059,5.1585,211842_s_at
4.1802,4.1802,4.4667,211843_x_at
4.1803,4.1803,4.1717,211844_s_at
4.1803,4.1803,4.1718,211845_at
4.8107,4.8107,6.878,211846_s_at
4.1804,4.1804,4.1719,211848_s_at
4.1804,4.1804,6.0922,211849_s_at
5.8097,5.8097,5.3509,211851_x_at
6.78,6.78,6.0131,211852_s_at
6.0751,6.0751,6.7481,211855_s_at
4.4063,4.4063,4.4036,211856_x_at
14.9174,14.9174,14.8711,211858_x_at
4.1805,4.1805,4.1719,211861_x_at
7.3616,7.3616,7.1674,211862_x_at
5.8084,5.8084,6.1107,211863_x_at
4.7074,4.7074,4.4463,211864_s_at
6.7045,6.7045,7.4065,211865_s_at
4.1805,4.1805,5.7243,211866_x_at
4.9256,4.9256,4.172,211867_s_at
5.9841,5.9841,5.9514,211868_x_at
4.1806,4.1806,4.172,211869_at
4.1807,4.1807,4.4109,211870_s_at
6.3413,6.3413,6.3862,211871_x_at
4.1807,4.1807,4.6571,211872_s_at
4.3078,4.3078,4.1721,211873_s_at
8.0867,8.0867,7.866,211874_s_at
4.1808,4.1808,4.272,211875_x_at
4.1808,4.1808,4.252,211876_x_at
4.1809,4.1809,4.1721,211877_s_at
5.3434,5.3434,4.1722,211878_at
4.3146,4.3146,4.9953,211879_x_at
5.7447,5.7447,5.9495,211880_x_at
6.9411,6.9411,7.4475,211881_x_at
4.1809,4.1809,4.1722,211882_x_at
4.8683,4.8683,5.8115,211883_x_at
4.9728,4.9728,5.6754,211884_s_at
4.181,4.181,4.3586,211885_x_at
4.9111,4.9111,5.0297,211886_s_at
4.1811,4.1811,4.1723,211887_x_at
4.6473,4.6473,5.4508,211888_x_at
4.5904,4.5904,4.5393,211889_x_at
7.5227,7.5227,5.3844,211890_x_at
5.2224,5.2224,4.7349,211891_s_at
5.4419,5.4419,5.2137,211892_s_at
5.5429,5.5429,5.2108,211893_x_at
5.6114,5.6114,6.2725,211894_x_at
5.2935,5.2935,5.3401,211896_s_at
4.3296,4.3296,4.301,211897_s_at
4.1811,4.1811,4.3756,211898_s_at
4.8424,4.8424,4.523,211899_s_at
5.6798,5.6798,5.1324,211900_x_at
4.1812,4.1812,4.1724,211901_s_at
5.4716,5.4716,6.2915,211902_x_at
5.0707,5.0707,4.3181,211903_s_at
5.5774,5.5774,5.2678,211904_x_at
4.3637,4.3637,4.9739,211905_s_at
4.1812,4.1812,4.334,211906_s_at
4.1813,4.1813,5.1407,211907_s_at
4.6642,4.6642,6.1027,211908_x_at
4.1813,4.1813,4.1724,211909_x_at
4.1814,4.1814,4.1724,211910_at
14.3253,14.3253,14.4804,211911_x_at
4.9116,4.9116,4.9657,211912_at
5.7603,5.7603,5.1443,211913_s_at
6.3772,6.3772,6.0811,211914_x_at
4.1815,4.1815,4.1725,211915_s_at
6.0481,6.0481,6.1978,211916_s_at
5.0396,5.0396,4.7077,211917_s_at
6.887,6.887,6.9616,211918_x_at
4.3326,4.3326,4.4782,211920_at
14.8979,14.8979,14.9162,211921_x_at
8.8754,8.8754,9.0415,211922_s_at
4.6225,4.6225,4.3597,211923_s_at
5.1541,5.1541,4.6705,211924_s_at
4.8703,4.8703,4.1726,211925_s_at
10.992,10.992,9.8714,211926_s_at
14.8644,14.8644,14.8828,211927_x_at
10.4401,10.4401,10.8098,211928_at
12.0338,12.0338,11.3762,211929_at
9.5799,9.5799,9.3414,211930_at
12.9893,12.9893,12.7852,211931_s_at
10.3285,10.3285,10.4377,211932_at
11.5113,11.5113,12.7344,211933_s_at
7.4598,7.4598,7.6751,211934_x_at
11.3483,11.3483,11.7147,211935_at
10.8952,10.8952,11.5397,211936_at
11.5958,11.5958,11.5916,211937_at
11.6794,11.6794,11.3896,211938_at
14.439,14.439,14.2887,211939_x_at
14.8293,14.8293,14.9186,211940_x_at
11.4358,11.4358,12.3091,211941_s_at
14.7715,14.7715,14.688,211942_x_at
14.8589,14.8589,14.8504,211943_x_at
8.535,8.535,8.2386,211944_at
10.1151,10.1151,9.7175,211945_s_at
11.8985,11.8985,10.7238,211946_s_at
8.7594,8.7594,8.405,211947_s_at
9.8705,9.8705,9.3237,211948_x_at
7.384,7.384,7.8209,211949_s_at
10.858,10.858,10.5349,211950_at
10.9042,10.9042,11.4773,211951_at
6.9289,6.9289,7.5327,211952_at
9.4164,9.4164,10.6491,211953_s_at
9.5474,9.5474,10.7642,211954_s_at
9.4468,9.4468,10.4864,211955_at
14.7987,14.7987,14.621,211956_s_at
5.2322,5.2322,5.6316,211958_at
4.7318,4.7318,5.1709,211959_at
7.9324,7.9324,8.2731,211960_s_at
8.0065,8.0065,8.053,211961_s_at
9.5999,9.5999,8.9,211962_s_at
9.4702,9.4702,9.5718,211963_s_at
5.251,5.251,4.9407,211964_at
5.2233,5.2233,4.9495,211965_at
5.0836,5.0836,5.6793,211966_at
13.135,13.135,11.9927,211967_at
13.3648,13.3648,13.9333,211968_s_at
13.9953,13.9953,14.246,211969_at
14.9309,14.9309,14.9234,211970_x_at
10.9409,10.9409,11.4261,211971_s_at
14.834,14.834,14.8576,211972_x_at
6.3912,6.3912,6.7922,211973_at
11.2408,11.2408,10.9379,211974_x_at
10.5073,10.5073,10.3126,211975_at
8.6834,8.6834,8.4025,211976_at
7.5417,7.5417,7.373,211977_at
14.9537,14.9537,14.9625,211978_x_at
7.7214,7.7214,7.7106,211979_at
4.1815,4.1815,4.2936,211981_at
10.27,10.27,9.9516,211982_x_at
14.9387,14.9387,14.8954,211983_x_at
8.9534,8.9534,10.9409,211984_at
8.6133,8.6133,10.0175,211985_s_at
5.7233,5.7233,6.2949,211986_at
14.0405,14.0405,12.7451,211987_at
12.0287,12.0287,12.2285,211988_at
9.7338,9.7338,10.11,211989_at
14.5996,14.5996,14.2992,211990_at
12.9533,12.9533,11.8433,211991_s_at
8.224,8.224,7.7222,211992_at
8.2036,8.2036,7.5424,211993_at
7.9909,7.9909,7.9943,211994_at
14.9495,14.9495,14.9027,211995_x_at
12.7741,12.7741,12.0441,211996_s_at
14.8547,14.8547,14.9076,211997_x_at
13.5614,13.5614,13.6444,211998_at
14.3458,14.3458,14.3097,211999_at
6.7759,6.7759,7.0366,212000_at
10.1472,10.1472,9.5317,212001_at
8.1014,8.1014,7.5664,212002_at
5.9567,5.9567,5.9535,212003_at
8.2583,8.2583,8.7572,212004_at
7.7367,7.7367,7.7551,212005_at
9.9574,9.9574,9.5481,212006_at
10.9087,10.9087,10.3865,212007_at
7.9636,7.9636,7.9561,212008_at
4.1816,4.1816,4.9453,212009_s_at
11.4595,11.4595,11.5664,212010_s_at
12.3598,12.3598,9.3351,212012_at
10.7417,10.7417,8.2136,212013_at
6.9564,6.9564,7.6997,212014_x_at
12.257,12.257,12.0235,212015_x_at
10.1641,10.1641,11.0673,212016_s_at
11.6213,11.6213,12.3598,212017_at
8.1503,8.1503,8.1432,212018_s_at
6.3599,6.3599,5.9841,212019_at
8.4274,8.4274,8.8116,212020_s_at
9.0914,9.0914,10.6827,212021_s_at
9.1391,9.1391,10.2835,212022_s_at
9.039,9.039,8.904,212023_s_at
9.8539,9.8539,9.1594,212024_x_at
7.5498,7.5498,7.6824,212025_s_at
6.6598,6.6598,4.4257,212026_s_at
10.3115,10.3115,9.143,212027_at
8.2546,8.2546,7.8958,212028_at
4.1816,4.1816,4.1726,212029_s_at
9.0396,9.0396,8.2699,212030_at
10.6041,10.6041,10.6841,212031_at
8.8736,8.8736,8.592,212032_s_at
9.0075,9.0075,8.4653,212033_at
9.5278,9.5278,8.8338,212034_s_at
6.4398,6.4398,5.6112,212035_s_at
12.9613,12.9613,12.384,212036_s_at
9.1872,9.1872,9.3564,212037_at
14.9657,14.9657,14.9657,212039_x_at
8.604,8.604,8.0277,212040_at
8.2809,8.2809,9.0895,212041_at
14.6908,14.6908,14.5155,212042_x_at
11.4165,11.4165,11.0237,212043_at
8.279,8.279,8.0285,212044_s_at
7.4345,7.4345,6.5687,212045_at
7.1377,7.1377,7.1701,212046_x_at
10.5085,10.5085,10.9594,212048_s_at
8.8138,8.8138,8.9829,212050_at
8.8058,8.8058,8.6339,212052_s_at
8.0226,8.0226,8.4702,212053_at
9.9679,9.9679,9.8224,212055_at
7.6006,7.6006,8.5268,212056_at
7.0248,7.0248,7.2083,212057_at
10.6159,10.6159,10.2173,212058_at
7.9441,7.9441,7.9707,212059_s_at
8.6207,8.6207,7.9736,212060_at
9.6446,9.6446,8.7078,212061_at
4.1817,4.1817,4.1727,212062_at
8.5198,8.5198,9.299,212063_at
9.1529,9.1529,9.1112,212064_x_at
7.454,7.454,6.8021,212065_s_at
12.3033,12.3033,11.4378,212066_s_at
4.7492,4.7492,4.5752,212067_s_at
9.616,9.616,9.013,212068_s_at
9.4991,9.4991,8.8161,212069_s_at
13.3224,13.3224,13.0054,212071_s_at
8.134,8.134,8.4406,212073_at
8.2625,8.2625,7.732,212074_at
7.0952,7.0952,7.299,212075_s_at
8.7286,8.7286,7.4988,212076_at
4.5495,4.5495,4.7283,212077_at
8.3924,8.3924,8.205,212078_s_at
7.7234,7.7234,6.7983,212079_s_at
9.5403,9.5403,8.3013,212080_at
7.6262,7.6262,7.3159,212081_x_at
14.1748,14.1748,14.1693,212082_s_at
9.35,9.35,10.0322,212083_at
5.5056,5.5056,5.6193,212084_at
14.3959,14.3959,14.5113,212085_at
7.009,7.009,7.445,212087_s_at
8.4146,8.4146,8.9552,212088_at
5.9577,5.9577,4.6261,212089_at
6.6914,6.6914,6.0448,212090_at
4.1818,4.1818,4.1727,212091_s_at
4.4145,4.4145,6.217,212092_at
5.4792,5.4792,5.0619,212093_s_at
6.3039,6.3039,7.6778,212094_at
5.7776,5.7776,4.3545,212095_s_at
6.6877,6.6877,5.9075,212096_s_at
7.0821,7.0821,4.4621,212097_at
10.5437,10.5437,10.3785,212098_at
8.4025,8.4025,8.3799,212099_at
10.4029,10.4029,10.9733,212100_s_at
9.1004,9.1004,9.1365,212101_at
6.3025,6.3025,6.4718,212102_s_at
8.8689,8.8689,8.6711,212103_at
5.3672,5.3672,4.5248,212104_s_at
6.7512,6.7512,6.4713,212105_s_at
7.2443,7.2443,7.3875,212106_at
9.9814,9.9814,10.2305,212107_s_at
8.9709,8.9709,9.5419,212108_at
6.5665,6.5665,6.2714,212109_at
5.0863,5.0863,8.182,212110_at
6.8947,6.8947,6.2836,212111_at
8.1401,8.1401,7.5795,212112_s_at
7.29,7.29,6.9844,212113_at
10.5642,10.5642,10.1514,212114_at
7.5531,7.5531,6.9857,212116_at
9.7614,9.7614,8.5816,212117_at
7.7567,7.7567,7.6145,212118_at
8.9324,8.9324,7.7488,212119_at
8.5041,8.5041,7.515,212120_at
6.6396,6.6396,7.197,212121_at
5.8539,5.8539,4.9222,212122_at
6.8404,6.8404,6.8602,212123_at
5.7036,5.7036,6.5889,212125_at
9.8241,9.8241,10.1746,212126_at
7.7145,7.7145,7.9048,212127_at
6.315,6.315,5.8552,212128_s_at
9.929,9.929,10.6651,212129_at
14.7283,14.7283,14.6416,212130_x_at
11.7013,11.7013,11.3952,212131_at
9.2025,9.2025,9.6421,212132_at
7.2014,7.2014,7.6698,212133_at
6.0342,6.0342,5.4599,212134_at
8.3023,8.3023,6.5198,212135_s_at
8.3431,8.3431,6.3376,212136_at
10.1587,10.1587,10.0802,212137_at
10.2645,10.2645,10.797,212138_at
8.9081,8.9081,8.9288,212139_at
8.5138,8.5138,10.1161,212141_at
6.3045,6.3045,7.7622,212142_at
10.568,10.568,8.9425,212144_at
9.2879,9.2879,10.5236,212145_at
7.5327,7.5327,7.9665,212146_at
7.2547,7.2547,7.1134,212147_at
5.0779,5.0779,4.1728,212148_at
9.8366,9.8366,8.7756,212149_at
10.1357,10.1357,8.8613,212150_at
6.6936,6.6936,4.59,212151_at
10.0087,10.0087,10.4232,212152_x_at
8.1006,8.1006,7.5201,212153_at
6.1661,6.1661,6.8615,212154_at
8.6066,8.6066,8.5513,212155_at
8.5457,8.5457,8.233,212156_at
5.6088,5.6088,5.9577,212157_at
5.8783,5.8783,6.6149,212158_at
8.4313,8.4313,7.6732,212159_x_at
8.8246,8.8246,8.7649,212160_at
6.5317,6.5317,6.3048,212161_at
6.7321,6.7321,6.7556,212162_at
9.5458,9.5458,9.0952,212163_at
7.0538,7.0538,6.9706,212164_at
10.7266,10.7266,11.2692,212165_at
9.3216,9.3216,9.9535,212167_s_at
9.3686,9.3686,9.11,212168_at
5.9825,5.9825,6.0423,212169_at
5.7961,5.7961,6.2932,212170_at
6.4982,6.4982,6.4547,212171_x_at
5.1297,5.1297,5.7502,212172_at
6.5873,6.5873,6.4778,212173_at
8.5947,8.5947,9.5943,212174_at
8.5092,8.5092,9.2678,212175_s_at
10.3251,10.3251,9.5388,212176_at
8.9575,8.9575,8.5006,212177_at
8.6653,8.6653,8.6118,212178_s_at
9.3994,9.3994,8.2482,212179_at
8.3263,8.3263,7.3422,212181_s_at
5.0415,5.0415,4.4845,212182_at
7.5672,7.5672,6.0571,212183_at
10.1213,10.1213,8.728,212184_s_at
11.5073,11.5073,11.1386,212185_x_at
4.8909,4.8909,5.0428,212186_at
4.8749,4.8749,5.0218,212187_x_at
6.1599,6.1599,6.0648,212188_at
6.3821,6.3821,6.8287,212190_at
14.7836,14.7836,14.667,212191_x_at
6.3239,6.3239,5.8933,212192_at
6.4877,6.4877,7.6809,212193_s_at
6.8147,6.8147,7.1775,212194_s_at
9.0008,9.0008,7.5597,212195_at
8.0007,8.0007,6.1953,212196_at
12.2541,12.2541,12.0518,212197_x_at
7.2865,7.2865,7.7725,212198_s_at
8.2204,8.2204,8.1847,212199_at
9.5238,9.5238,8.2906,212200_at
7.9976,7.9976,7.6958,212201_at
9.6954,9.6954,9.241,212202_s_at
9.8796,9.8796,9.7736,212203_x_at
11.697,11.697,10.9042,212204_at
12.4024,12.4024,12.2598,212205_at
9.1242,9.1242,7.8563,212207_at
10.8172,10.8172,9.2803,212208_at
8.7329,8.7329,7.2178,212209_at
4.1818,4.1818,6.1269,212210_at
8.6212,8.6212,8.0457,212211_at
10.3377,10.3377,9.3082,212212_s_at
9.2457,9.2457,9.6997,212213_x_at
7.115,7.115,8.0099,212214_at
6.258,6.258,6.4369,212215_at
5.2188,5.2188,5.4121,212216_at
5.0184,5.0184,5.486,212217_at
6.7286,6.7286,7.4191,212218_s_at
9.4171,9.4171,9.7788,212219_at
6.5305,6.5305,6.9117,212220_at
7.325,7.325,6.6561,212221_x_at
7.3085,7.3085,6.8915,212222_at
6.6726,6.6726,6.7734,212223_at
5.5676,5.5676,4.9035,212224_at
7.9212,7.9212,7.5072,212225_at
6.2614,6.2614,6.7759,212226_s_at
14.6577,14.6577,14.5199,212227_x_at
7.0333,7.0333,7.3673,212228_s_at
9.8375,9.8375,9.6786,212229_s_at
5.3853,5.3853,5.3202,212230_at
10.8521,10.8521,9.9853,212232_at
5.5462,5.5462,6.3713,212233_at
9.2865,9.2865,9.6704,212234_at
8.2289,8.2289,7.501,212235_at
6.6412,6.6412,6.0204,212236_x_at
9.7475,9.7475,11.2337,212237_at
10.5783,10.5783,11.7712,212238_at
10.0742,10.0742,9.4357,212239_at
11.8552,11.8552,11.7125,212240_s_at
9.4453,9.4453,9.8622,212241_at
11.9877,11.9877,11.6838,212242_at
9.486,9.486,9.3964,212243_at
8.4416,8.4416,8.5107,212244_at
8.4945,8.4945,7.8693,212245_at
7.9744,7.9744,7.3619,212246_at
8.8121,8.8121,8.7296,212247_at
10.9285,10.9285,9.1719,212248_at
8.1089,8.1089,7.7126,212249_at
10.7984,10.7984,10.1482,212250_at
12.3121,12.3121,12.0808,212251_at
6.8059,6.8059,6.9204,212252_at
4.7305,4.7305,4.3574,212253_x_at
7.489,7.489,6.9654,212254_s_at
6.895,6.895,7.1248,212256_at
6.6259,6.6259,6.2096,212257_s_at
5.9723,5.9723,4.9288,212258_s_at
8.0187,8.0187,6.8947,212259_s_at
7.1508,7.1508,7.0356,212260_at
8.2408,8.2408,7.4281,212261_at
7.0887,7.0887,7.1144,212262_at
8.775,8.775,8.3594,212263_at
5.6985,5.6985,8.0698,212264_s_at
11.4992,11.4992,10.8027,212265_at
12.7272,12.7272,12.315,212266_s_at
5.6936,5.6936,7.7004,212267_at
9.3884,9.3884,7.6556,212268_at
8.256,8.256,8.5288,212269_s_at
14.8356,14.8356,14.7736,212270_x_at
8.6191,8.6191,8.5228,212271_at
4.4254,4.4254,5.3581,212272_at
14.8518,14.8518,14.8401,212273_x_at
8.8395,8.8395,8.6925,212274_at
7.1021,7.1021,7.0938,212275_s_at
9.5427,9.5427,9.3443,212276_at
7.5364,7.5364,7.6365,212277_at
4.1819,4.1819,4.1728,212278_x_at
7.536,7.536,8.8905,212279_at
8.1173,8.1173,8.3982,212280_x_at
4.1819,4.1819,4.907,212283_at
14.9454,14.9454,14.9468,212284_x_at
7.0804,7.0804,7.6674,212285_s_at
9.5919,9.5919,9.0063,212286_at
11.2657,11.2657,9.4627,212288_at
7.9303,7.9303,6.8249,212289_at
6.5425,6.5425,7.2678,212290_at
9.7814,9.7814,9.2051,212291_at
5.1728,5.1728,4.1729,212292_at
9.1666,9.1666,8.6631,212293_at
5.2848,5.2848,5.3204,212294_at
9.1235,9.1235,9.682,212295_s_at
7.6832,7.6832,7.687,212297_at
4.388,4.388,4.39,212298_at
8.6599,8.6599,9.0093,212299_at
9.4815,9.4815,9.638,212301_at
7.0708,7.0708,6.9104,212302_at
5.9444,5.9444,5.7779,212303_x_at
7.9504,7.9504,8.2344,212305_s_at
6.7828,6.7828,7.2852,212306_at
7.2367,7.2367,8.0346,212307_s_at
5.8944,5.8944,5.4756,212308_at
7.4916,7.4916,7.7863,212309_at
5.5058,5.5058,5.8628,212310_at
6.0541,6.0541,6.5541,212311_at
7.9142,7.9142,7.739,212312_at
8.1731,8.1731,7.746,212313_at
5.9652,5.9652,6.9002,212314_at
7.0136,7.0136,8.6092,212315_s_at
7.4206,7.4206,9.0679,212316_at
7.6997,7.6997,7.9204,212317_at
8.6797,8.6797,8.8355,212318_at
7.7669,7.7669,8.2427,212319_at
13.8999,13.8999,13.8277,212320_at
8.6476,8.6476,8.8093,212321_at
7.0978,7.0978,7.8113,212322_at
7.9374,7.9374,7.4839,212323_s_at
6.6317,6.6317,5.2755,212324_s_at
5.585,5.585,4.5188,212325_at
6.0897,6.0897,5.878,212326_at
4.3785,4.3785,4.1729,212327_at
4.3552,4.3552,4.5411,212328_at
8.6605,8.6605,8.5001,212329_at
8.1437,8.1437,6.8446,212331_at
6.5675,6.5675,5.6318,212332_at
7.2107,7.2107,8.7008,212333_at
7.8559,7.8559,6.9357,212334_at
6.0483,6.0483,5.5848,212335_at
4.3907,4.3907,4.5665,212336_at
8.5931,8.5931,8.7705,212337_at
4.4336,4.4336,4.173,212338_at
4.4256,4.4256,6.436,212339_at
5.7349,5.7349,5.8679,212340_at
7.5076,7.5076,7.1528,212341_at
5.519,5.519,5.1119,212342_at
4.8226,4.8226,4.173,212343_at
5.8988,5.8988,4.2892,212344_at
7.5179,7.5179,7.9569,212346_s_at
8.0647,8.0647,9.0553,212347_x_at
9.3167,9.3167,9.4589,212348_s_at
5.9617,5.9617,6.1605,212349_at
9.3869,9.3869,11.0542,212350_at
8.1441,8.1441,8.1291,212351_at
9.0647,9.0647,9.7535,212352_s_at
4.2936,4.2936,4.1731,212353_at
4.3842,4.3842,4.2631,212354_at
8.403,8.403,8.3441,212355_at
9.513,9.513,8.6045,212356_at
7.5731,7.5731,7.7799,212357_at
6.633,6.633,5.3129,212358_at
9.3818,9.3818,8.455,212359_s_at
10.4828,10.4828,9.7389,212360_at
8.105,8.105,9.5069,212361_s_at
5.8644,5.8644,5.9166,212362_at
14.9322,14.9322,14.8777,212363_x_at
4.3974,4.3974,4.3991,212364_at
6.0795,6.0795,6.3068,212365_at
7.138,7.138,6.64,212366_at
5.3533,5.3533,5.1409,212367_at
12.0966,12.0966,11.3819,212368_at
9.8861,9.8861,10.839,212369_at
10.2491,10.2491,10.3994,212370_x_at
10.1504,10.1504,10.6185,212371_at
7.0997,7.0997,8.3737,212372_at
8.8516,8.8516,7.7587,212373_at
8.1699,8.1699,8.1156,212374_at
7.5435,7.5435,7.7091,212375_at
7.3929,7.3929,7.9299,212376_s_at
6.969,6.969,6.9305,212377_s_at
6.7048,6.7048,7.4594,212378_at
4.9874,4.9874,6.6707,212379_at
8.009,8.009,7.1796,212380_at
6.8566,6.8566,6.4363,212381_at
12.2428,12.2428,10.6424,212382_at
7.0205,7.0205,7.1084,212383_at
10.307,10.307,9.243,212384_at
12.0493,12.0493,9.7806,212385_at
12.2513,12.2513,10.6318,212386_at
10.8303,10.8303,9.5192,212387_at
9.054,9.054,8.45,212388_at
4.182,4.182,4.3133,212389_at
6.1129,6.1129,5.9884,212390_at
14.9814,14.9814,14.944,212391_x_at
4.1821,4.1821,4.1731,212392_s_at
7.3943,7.3943,6.555,212393_at
5.6793,5.6793,4.4684,212394_at
6.1411,6.1411,6.6127,212395_s_at
4.1821,4.1821,4.8053,212396_s_at
8.974,8.974,8.9527,212397_at
7.1806,7.1806,6.6314,212398_at
7.6612,7.6612,7.4893,212400_at
11.7553,11.7553,12.3629,212401_s_at
7.3705,7.3705,8.1825,212402_at
5.2959,5.2959,4.4423,212404_s_at
6.2815,6.2815,6.0911,212405_s_at
9.7005,9.7005,8.605,212406_s_at
4.4012,4.4012,6.1554,212407_at
10.1609,10.1609,9.9699,212408_at
6.6632,6.6632,7.0821,212409_s_at
11.3148,11.3148,10.5847,212410_at
8.8081,8.8081,9.3942,212411_at
6.2298,6.2298,6.3422,212412_at
7.875,7.875,8.21,212413_at
10.1788,10.1788,10.8289,212414_s_at
9.744,9.744,10.2992,212415_at
9.5395,9.5395,9.575,212416_at
6.8758,6.8758,6.4283,212417_at
11.0772,11.0772,11.4654,212418_at
5.634,5.634,6.3716,212419_at
10.5387,10.5387,10.2546,212420_at
6.0781,6.0781,6.5873,212421_at
7.5223,7.5223,7.9499,212422_at
6.4324,6.4324,6.7775,212423_at
7.476,7.476,7.8938,212424_at
5.9384,5.9384,6.2415,212425_at
13.6285,13.6285,12.6053,212426_s_at
5.4842,5.4842,5.2145,212427_at
7.8616,7.8616,7.8978,212428_at
8.8648,8.8648,8.5983,212429_s_at
11.0739,11.0739,10.0233,212430_at
7.8762,7.8762,7.641,212431_at
6.9962,6.9962,8.2629,212432_at
14.8245,14.8245,14.888,212433_x_at
7.5968,7.5968,8.0405,212434_at
9.3746,9.3746,8.7455,212435_at
8.421,8.421,8.6355,212436_at
6.7584,6.7584,6.7647,212437_at
8.0603,8.0603,8.873,212438_at
8.4643,8.4643,8.4871,212439_at
8.9817,8.9817,8.8504,212441_at
10.1535,10.1535,8.6175,212442_s_at
7.2656,7.2656,7.2381,212443_at
4.4075,4.4075,4.3317,212444_at
7.0524,7.0524,6.8461,212445_s_at
8.0049,8.0049,6.7478,212446_s_at
8.8574,8.8574,8.0574,212450_at
9.5774,9.5774,9.0959,212451_at
8.5283,8.5283,8.2163,212452_x_at
10.826,10.826,9.9411,212454_x_at
12.7308,12.7308,11.9725,212455_at
8.0384,8.0384,8.7029,212456_at
8.047,8.047,7.2281,212457_at
6.3561,6.3561,7.969,212460_at
11.5727,11.5727,11.7919,212461_at
8.3249,8.3249,7.8301,212463_at
4.2937,4.2937,4.3807,212464_s_at
5.1203,5.1203,4.1732,212466_at
7.0958,7.0958,6.4686,212467_at
7.2733,7.2733,6.8293,212468_at
8.8923,8.8923,8.5273,212469_at
8.6695,8.6695,8.3483,212470_at
6.1591,6.1591,6.2801,212471_at
5.5522,5.5522,5.6023,212472_at
5.1568,5.1568,5.1038,212473_s_at
7.4328,7.4328,7.669,212474_at
5.7495,5.7495,5.0743,212475_at
8.5692,8.5692,8.1472,212476_at
5.609,5.609,4.8907,212477_at
10.3319,10.3319,8.9965,212478_at
8.4142,8.4142,7.8954,212479_s_at
9.8943,9.8943,8.9806,212481_s_at
10.5248,10.5248,9.4755,212482_at
8.8988,8.8988,7.6701,212483_at
7.4996,7.4996,8.174,212484_at
6.6011,6.6011,4.8576,212486_s_at
10.1757,10.1757,10.2656,212487_at
11.9625,11.9625,8.0776,212488_at
9.0952,9.0952,6.2606,212489_at
7.2127,7.2127,7.3797,212490_at
9.9232,9.9232,10.0671,212491_s_at
7.3751,7.3751,6.9308,212492_s_at
12.237,12.237,11.5417,212493_s_at
6.3701,6.3701,6.8389,212494_at
6.7697,6.7697,5.9734,212495_at
7.575,7.575,7.3677,212497_at
9.5419,9.5419,8.3963,212498_at
7.2907,7.2907,7.2495,212499_s_at
4.1822,4.1822,6.5374,212501_at
8.6434,8.6434,8.3225,212502_at
5.3316,5.3316,5.1711,212503_s_at
4.9713,4.9713,4.6956,212504_at
9.0465,9.0465,8.604,212505_s_at
9.5943,9.5943,8.5869,212506_at
8.6118,8.6118,8.1041,212507_at
10.5123,10.5123,10.7431,212508_at
8.9377,8.9377,10.9486,212509_s_at
8.0269,8.0269,8.0137,212510_at
8.1318,8.1318,7.6194,212511_at
7.4846,7.4846,7.0248,212512_s_at
9.4582,9.4582,8.734,212513_s_at
6.9838,6.9838,6.7803,212514_x_at
8.3895,8.3895,8.3608,212515_s_at
7.1569,7.1569,6.662,212516_at
5.4082,5.4082,6.0642,212517_at
7.3145,7.3145,7.1613,212518_at
11.352,11.352,10.4042,212520_s_at
6.425,6.425,7.9362,212521_s_at
6.2492,6.2492,7.356,212522_at
6.4079,6.4079,5.2362,212523_s_at
4.5325,4.5325,4.1732,212524_x_at
7.3379,7.3379,7.4945,212525_s_at
6.6176,6.6176,5.2914,212526_at
6.572,6.572,6.1383,212527_at
6.5856,6.5856,6.6367,212528_at
6.88,6.88,6.5465,212529_at
9.9449,9.9449,7.16,212530_at
4.1822,4.1822,5.2078,212531_at
10.1378,10.1378,10.383,212532_s_at
7.9665,7.9665,8.0204,212533_at
7.8189,7.8189,8.5967,212534_at
10.5185,10.5185,8.9649,212535_at
14.8461,14.8461,14.7931,212537_x_at
4.9949,4.9949,4.2533,212538_at
11.1386,11.1386,11.4458,212539_at
6.9095,6.9095,6.887,212540_at
6.9525,6.9525,7.2477,212541_at
9.8054,9.8054,9.5505,212542_s_at
9.6503,9.6503,9.0384,212543_at
4.3709,4.3709,4.3818,212545_s_at
8.2294,8.2294,7.7693,212546_s_at
10.0451,10.0451,9.474,212547_at
8.6513,8.6513,8.5718,212548_s_at
9.2796,9.2796,8.224,212549_at
7.2561,7.2561,6.5483,212550_at
5.5836,5.5836,5.3318,212551_at
8.7739,8.7739,8.2966,212552_at
8.081,8.081,8.2149,212553_at
4.732,4.732,4.1733,212554_at
4.6462,4.6462,4.8088,212555_at
7.7863,7.7863,7.7281,212556_at
9.1852,9.1852,7.2343,212558_at
4.8668,4.8668,5.8536,212559_at
10.9072,10.9072,9.0471,212560_at
9.809,9.809,9.0743,212561_at
4.834,4.834,4.6243,212562_s_at
7.3025,7.3025,7.6085,212563_at
5.3687,5.3687,5.3368,212565_at
9.7244,9.7244,8.5198,212566_at
7.3159,7.3159,7.4249,212567_s_at
6.3137,6.3137,7.6616,212568_s_at
8.7466,8.7466,8.424,212569_at
7.1548,7.1548,6.8119,212570_at
7.3309,7.3309,7.7001,212571_at
8.323,8.323,7.6951,212572_at
8.1614,8.1614,7.9387,212573_at
6.8771,6.8771,7.1902,212574_x_at
4.1823,4.1823,4.1734,212575_at
7.2264,7.2264,7.4674,212576_at
9.3202,9.3202,9.4529,212577_at
14.6246,14.6246,14.5845,212578_x_at
8.0457,8.0457,8.0603,212579_at
6.1165,6.1165,6.0869,212580_at
14.8576,14.8576,14.8697,212581_x_at
10.1704,10.1704,10.6786,212582_at
6.2944,6.2944,6.215,212583_at
8.7711,8.7711,9.2464,212584_at
8.6144,8.6144,9.0799,212585_at
7.6179,7.6179,7.9023,212586_at
8.9891,8.9891,10.6692,212587_s_at
9.3521,9.3521,10.7884,212588_at
7.5668,7.5668,7.3127,212589_at
8.2077,8.2077,8.0871,212590_at
5.3442,5.3442,8.8361,212592_at
10.4185,10.4185,9.6487,212593_s_at
8.0862,8.0862,7.3482,212594_at
9.1898,9.1898,10.4256,212595_s_at
9.7579,9.7579,10.1525,212596_s_at
4.1823,4.1823,4.4232,212598_at
10.457,10.457,9.7363,212599_at
12.9062,12.9062,13.1264,212600_s_at
8.5157,8.5157,8.3651,212601_at
6.8112,6.8112,4.2592,212602_at
6.9583,6.9583,6.5593,212603_at
8.072,8.072,7.5601,212604_at
7.8991,7.8991,7.937,212605_s_at
5.8705,5.8705,4.967,212606_at
7.3875,7.3875,6.6161,212607_at
8.8654,8.8654,9.965,212608_s_at
5.958,5.958,5.0732,212609_s_at
10.4112,10.4112,10.4631,212610_at
8.8287,8.8287,10.978,212611_at
8.933,8.933,9.2907,212612_at
7.0071,7.0071,5.1887,212613_at
8.7002,8.7002,7.5043,212615_at
10.1662,10.1662,9.3181,212616_at
5.1589,5.1589,4.6217,212617_at
4.8616,4.8616,4.3444,212618_at
6.2323,6.2323,5.6479,212619_at
6.5876,6.5876,5.6481,212620_at
7.1027,7.1027,7.3486,212621_at
9.0459,9.0459,8.8212,212622_at
6.3813,6.3813,5.843,212623_at
8.7516,8.7516,8.535,212625_at
12.8074,12.8074,13.3554,212626_x_at
8.7555,8.7555,8.603,212627_s_at
9.6829,9.6829,7.9081,212628_at
10.9194,10.9194,9.2457,212629_s_at
7.2332,7.2332,8.0798,212630_at
7.1494,7.1494,7.2588,212631_at
7.5387,7.5387,7.431,212632_at
7.2315,7.2315,6.959,212633_at
7.3043,7.3043,6.8169,212634_at
9.5758,9.5758,9.2893,212635_at
6.7169,6.7169,5.0831,212636_at
5.3614,5.3614,4.9707,212637_s_at
8.3169,8.3169,7.6966,212638_s_at
14.8671,14.8671,14.9088,212639_x_at
8.3756,8.3756,8.0858,212640_at
6.1857,6.1857,5.7644,212641_at
7.6518,7.6518,6.5386,212642_s_at
13.8942,13.8942,13.7946,212643_at
7.3412,7.3412,7.6832,212645_x_at
11.6555,11.6555,11.4165,212646_at
4.7759,4.7759,4.5508,212647_at
6.8592,6.8592,6.3277,212649_at
6.4053,6.4053,5.389,212650_at
8.5941,8.5941,8.9169,212652_s_at
8.0273,8.0273,6.6827,212653_s_at
6.471,6.471,4.1734,212654_at
8.954,8.954,7.5182,212655_at
8.0303,8.0303,8.1539,212656_at
5.5043,5.5043,5.7811,212657_s_at
7.4956,7.4956,7.266,212658_at
6.3242,6.3242,6.987,212659_s_at
14.9088,14.9088,14.94,212661_x_at
4.1824,4.1824,4.1735,212662_at
5.485,5.485,5.8853,212664_at
9.652,9.652,9.1339,212666_at
4.1825,4.1825,4.2873,212667_at
4.1825,4.1825,4.3281,212668_at
6.8363,6.8363,6.7417,212669_at
4.4289,4.4289,4.1735,212670_at
5.0781,5.0781,6.149,212671_s_at
7.8758,7.8758,5.8775,212672_at
10.2152,10.2152,8.669,212674_s_at
8.8099,8.8099,8.5604,212675_s_at
8.3949,8.3949,7.3145,212676_at
9.0768,9.0768,8.7532,212677_s_at
5.4267,5.4267,5.4822,212678_at
5.5045,5.5045,5.8801,212679_at
11.8695,11.8695,10.0511,212680_x_at
4.1826,4.1826,4.1736,212681_at
8.032,8.032,7.0409,212682_s_at
8.0781,8.0781,8.1296,212683_at
7.4771,7.4771,7.3443,212684_at
4.967,4.967,5.1178,212686_at
9.8888,9.8888,9.3365,212687_at
6.5702,6.5702,6.4021,212688_at
9.3407,9.3407,9.0502,212690_at
8.3065,8.3065,9.0603,212691_at
8.5127,8.5127,8.1379,212692_s_at
8.2322,8.2322,8.6423,212693_at
4.3355,4.3355,6.647,212695_at
10.9548,10.9548,11.9675,212696_s_at
10.7211,10.7211,9.1106,212697_at
4.1826,4.1826,4.1736,212698_s_at
6.1079,6.1079,6.2941,212699_at
7.6062,7.6062,7.6878,212700_x_at
4.5764,4.5764,5.3244,212701_at
9.3535,9.3535,8.4951,212702_s_at
4.6737,4.6737,4.3598,212703_at
8.9128,8.9128,8.3056,212704_at
7.3684,7.3684,7.711,212705_x_at
8.02,8.02,6.947,212706_at
7.0648,7.0648,6.33,212707_s_at
9.9355,9.9355,8.029,212708_at
6.9111,6.9111,7.2799,212709_at
6.9431,6.9431,8.0806,212710_at
7.4259,7.4259,8.8172,212711_at
6.5775,6.5775,7.5379,212712_at
4.305,4.305,4.4159,212713_at
7.4249,7.4249,7.7274,212714_at
6.4407,6.4407,6.8132,212715_s_at
12.7416,12.7416,12.6223,212716_s_at
10.6923,10.6923,10.3025,212718_at
8.2509,8.2509,7.3716,212719_at
6.7199,6.7199,7.7476,212720_at
10.9685,10.9685,10.3959,212721_at
9.4438,9.4438,8.8771,212722_s_at
5.394,5.394,5.5236,212724_at
10.767,10.767,10.8084,212725_s_at
7.9007,7.9007,7.7195,212727_at
6.2976,6.2976,5.1326,212728_at
6.808,6.808,7.1001,212729_at
7.0235,7.0235,6.2153,212730_at
5.7986,5.7986,6.195,212731_at
4.5017,4.5017,5.2433,212732_at
8.5441,8.5441,9.384,212733_at
14.8917,14.8917,14.7894,212734_x_at
8.0941,8.0941,9.0768,212735_at
6.1487,6.1487,4.1737,212736_at
8.7577,8.7577,9.0402,212738_at
9.1397,9.1397,8.803,212739_s_at
5.1044,5.1044,4.4003,212741_at
8.8917,8.8917,9.1183,212742_at
5.2863,5.2863,4.5206,212743_at
5.5686,5.5686,6.3748,212744_at
5.4619,5.4619,6.7361,212745_s_at
8.2041,8.2041,6.3652,212746_s_at
7.4904,7.4904,6.5186,212747_at
6.8749,6.8749,6.5234,212748_at
8.5641,8.5641,8.1583,212749_s_at
9.5895,9.5895,9.3775,212750_at
9.3485,9.3485,8.9916,212751_at
8.9294,8.9294,8.4015,212753_at
7.4119,7.4119,7.0921,212754_s_at
4.3374,4.3374,4.7754,212755_at
8.6775,8.6775,7.4671,212756_s_at
8.3084,8.3084,7.9483,212757_s_at
8.6071,8.6071,8.2109,212758_s_at
7.7791,7.7791,6.3543,212759_s_at
9.4001,9.4001,7.0551,212760_at
11.5294,11.5294,9.0641,212761_at
8.2865,8.2865,6.0326,212762_s_at
5.6385,5.6385,5.8734,212763_at
8.1226,8.1226,7.7737,212764_at
7.9678,7.9678,8.5487,212766_s_at
8.4421,8.4421,8.3703,212767_at
4.4734,4.4734,4.36,212768_s_at
5.6719,5.6719,6.5787,212769_at
8.6658,8.6658,7.8249,212771_at
6.0666,6.0666,6.2475,212772_s_at
11.1352,11.1352,10.967,212773_s_at
11.4145,11.4145,11.0398,212774_at
4.4146,4.4146,4.8359,212775_at
4.4536,4.4536,4.1737,212776_s_at
5.8827,5.8827,5.5575,212777_at
8.3188,8.3188,8.2123,212778_at
8.2444,8.2444,7.1799,212779_at
7.413,7.413,6.9399,212780_at
9.1496,9.1496,9.3746,212781_at
10.4509,10.4509,10.2469,212782_x_at
9.5371,9.5371,6.8704,212784_at
9.2139,9.2139,9.9727,212785_s_at
6.8528,6.8528,6.7945,212786_at
10.836,10.836,9.9708,212787_at
13.7565,13.7565,13.6496,212788_x_at
9.2274,9.2274,8.9509,212789_at
14.9552,14.9552,14.9595,212790_x_at
6.0941,6.0941,7.1306,212791_at
5.6965,5.6965,6.3523,212792_at
4.7459,4.7459,5.1812,212793_at
10.5615,10.5615,8.3857,212794_s_at
7.2737,7.2737,7.5946,212796_s_at
4.7053,4.7053,4.6245,212797_at
9.3767,9.3767,8.1874,212798_s_at
7.3843,7.3843,6.8087,212799_at
5.6987,5.6987,4.325,212800_at
8.4475,8.4475,7.8141,212801_at
8.5431,8.5431,8.3258,212802_s_at
4.7147,4.7147,4.7147,212803_at
7.833,7.833,7.2429,212804_s_at
7.0064,7.0064,6.3954,212805_at
4.1827,4.1827,4.7316,212806_at
5.8625,5.8625,6.76,212807_s_at
8.4186,8.4186,8.2104,212808_at
8.2657,8.2657,9.6646,212809_at
8.0238,8.0238,10.457,212810_s_at
9.657,9.657,8.2804,212812_at
7.0297,7.0297,7.7567,212813_at
6.8068,6.8068,5.8554,212814_at
5.3818,5.3818,6.2116,212816_s_at
6.1356,6.1356,6.3655,212817_at
6.3689,6.3689,6.8147,212818_s_at
4.4921,4.4921,4.8033,212819_at
6.9726,6.9726,4.7551,212820_at
4.3039,4.3039,4.7301,212821_at
7.1124,7.1124,6.1725,212822_at
5.0056,5.0056,5.7551,212823_s_at
7.3313,7.3313,7.2751,212824_at
14.7207,14.7207,14.7283,212826_s_at
14.2406,14.2406,14.4982,212827_at
6.2087,6.2087,6.5928,212828_at
8.6975,8.6975,8.1208,212829_at
5.465,5.465,5.7396,212831_at
8.7024,8.7024,8.943,212832_s_at
7.2938,7.2938,7.4048,212834_at
6.5569,6.5569,7.1461,212835_at
7.3702,7.3702,8.4996,212836_at
7.8334,7.8334,8.7351,212837_at
7.7807,7.7807,8.2985,212838_at
6.1911,6.1911,6.5224,212839_s_at
9.6479,9.6479,8.88,212840_at
4.3449,4.3449,5.8842,212841_s_at
9.9622,9.9622,10.1462,212842_x_at
5.0142,5.0142,4.9073,212843_at
7.866,7.866,8.3286,212844_at
6.8838,6.8838,5.9069,212845_at
9.2153,9.2153,8.5112,212847_at
4.3959,4.3959,5.104,212848_s_at
11.9801,11.9801,11.7827,212852_s_at
5.4691,5.4691,5.4977,212853_at
9.7149,9.7149,9.4968,212854_x_at
7.1593,7.1593,5.6257,212855_at
8.1203,8.1203,7.8157,212856_at
12.9573,12.9573,12.9415,212857_x_at
8.6529,8.6529,8.4682,212858_at
7.5867,7.5867,8.2976,212859_x_at
7.4069,7.4069,7.0222,212860_at
7.6694,7.6694,7.9097,212861_at
8.0057,8.0057,7.2052,212862_at
11.3896,11.3896,11.4418,212863_x_at
9.8169,9.8169,8.6948,212864_at
4.1827,4.1827,4.1738,212865_s_at
7.8078,7.8078,7.0524,212866_at
10.057,10.057,8.2818,212867_at
6.4171,6.4171,5.4584,212868_x_at
14.9845,14.9845,14.9845,212869_x_at
8.6466,8.6466,8.2194,212870_at
11.9425,11.9425,11.1572,212873_at
4.1828,4.1828,4.2906,212874_at
6.7881,6.7881,6.5995,212877_at
7.1427,7.1427,7.3623,212878_s_at
6.7202,6.7202,6.5735,212879_x_at
6.4639,6.4639,6.8746,212881_at
8.1186,8.1186,8.1067,212882_at
4.3234,4.3234,4.2907,212883_at
6.5844,6.5844,6.6038,212884_x_at
7.6682,7.6682,8.1072,212885_at
9.0965,9.0965,10.8113,212886_at
7.0985,7.0985,7.0658,212887_at
8.4648,8.4648,7.8334,212888_at
5.8079,5.8079,5.4468,212889_x_at
8.4323,8.4323,8.287,212890_at
6.4665,6.4665,7.3348,212891_s_at
8.0179,8.0179,7.3702,212892_at
6.5532,6.5532,7.9828,212895_s_at
7.7304,7.7304,7.697,212896_at
7.8868,7.8868,7.7733,212897_at
6.6998,6.6998,7.7555,212898_at
7.0634,7.0634,7.3634,212900_at
7.319,7.319,6.2907,212901_s_at
7.0264,7.0264,7.135,212902_at
10.5603,10.5603,10.8907,212904_at
7.1902,7.1902,7.3907,212905_at
9.0372,9.0372,7.9516,212906_at
7.841,7.841,8.9076,212907_at
7.0904,7.0904,6.1306,212908_at
5.4812,5.4812,4.3183,212909_at
4.5374,4.5374,4.1738,212911_at
5.3019,5.3019,5.7359,212912_at
8.2712,8.2712,7.9766,212913_at
6.2452,6.2452,6.1308,212914_at
4.7355,4.7355,4.1739,212915_at
7.8225,7.8225,7.4767,212916_at
7.4638,7.4638,7.7508,212917_x_at
8.0711,8.0711,8.4084,212918_at
11.1917,11.1917,10.059,212919_at
9.0654,9.0654,6.9027,212920_at
5.3929,5.3929,6.1198,212921_at
8.0028,8.0028,9.875,212922_s_at
5.7499,5.7499,4.5168,212923_s_at
5.6637,5.6637,6.2654,212924_s_at
6.2572,6.2572,6.3766,212925_at
7.61,7.61,8.2925,212926_at
7.7343,7.7343,7.721,212927_at
10.4692,10.4692,10.064,212928_at
9.6224,9.6224,9.1542,212929_s_at
5.3363,5.3363,6.4395,212930_at
7.8575,7.8575,8.1878,212931_at
7.1167,7.1167,6.6629,212932_at
14.7075,14.7075,14.6069,212933_x_at
6.3538,6.3538,5.9814,212934_at
4.4537,4.4537,4.2791,212935_at
7.0277,7.0277,7.0614,212936_at
4.1829,4.1829,4.3433,212937_s_at
5.2559,5.2559,4.4092,212938_at
4.5365,4.5365,4.1739,212939_at
4.1829,4.1829,5.3477,212940_at
5.3657,5.3657,9.3111,212942_s_at
7.1816,7.1816,8.2444,212944_at
6.5462,6.5462,4.3184,212945_s_at
6.9153,6.9153,7.4741,212946_at
7.932,7.932,7.6081,212947_at
7.0651,7.0651,7.289,212948_at
8.2662,8.2662,8.5092,212949_at
5.0569,5.0569,5.28,212950_at
4.183,4.183,4.174,212951_at
7.9353,7.9353,8.2186,212952_at
10.1746,10.1746,9.9737,212953_x_at
6.9347,6.9347,6.4033,212954_at
4.183,4.183,5.4546,212956_at
5.8257,5.8257,5.5503,212957_s_at
7.7563,7.7563,6.3617,212958_x_at
9.8787,9.8787,9.2782,212959_s_at
5.4907,5.4907,5.908,212960_at
9.4891,9.4891,10.4112,212961_x_at
4.1831,4.1831,4.2579,212962_at
4.1832,4.1832,4.4623,212963_at
10.2283,10.2283,8.3823,212964_at
7.638,7.638,6.4056,212965_at
7.4489,7.4489,6.4174,212966_at
14.2887,14.2887,14.371,212967_x_at
7.6601,7.6601,7.8337,212969_x_at
6.4826,6.4826,9.1313,212970_at
10.5977,10.5977,10.6212,212971_at
5.7435,5.7435,6.8544,212972_x_at
6.6513,6.6513,6.9178,212974_at
8.6439,8.6439,7.9184,212975_at
4.9648,4.9648,4.9355,212976_at
4.7921,4.7921,4.9027,212977_at
9.4679,9.4679,8.2999,212978_at
5.7541,5.7541,5.2205,212979_s_at
9.2173,9.2173,7.8017,212980_at
5.3579,5.3579,4.7839,212981_s_at
9.5223,9.5223,8.7605,212982_at
7.4004,7.4004,9.1062,212983_at
7.9159,7.9159,7.1471,212984_at
5.727,5.727,10.1079,212985_at
7.9483,7.9483,7.8165,212986_s_at
14.893,14.893,14.8547,212988_x_at
5.17,5.17,5.0702,212989_at
6.848,6.848,6.441,212990_at
5.6663,5.6663,6.0361,212991_at
5.1958,5.1958,5.4792,212992_at
4.1832,4.1832,4.8269,212993_at
7.9913,7.9913,8.5031,212994_at
12.9813,12.9813,12.5224,212995_x_at
6.1206,6.1206,6.2437,212996_s_at
11.6469,11.6469,10.68,212998_x_at
6.562,6.562,4.2645,212999_x_at
7.9711,7.9711,6.6756,213000_at
4.9412,4.9412,6.2563,213001_at
7.4435,7.4435,7.6319,213002_at
4.1833,4.1833,4.3134,213003_s_at
5.7588,5.7588,6.1669,213004_at
5.9371,5.9371,4.9057,213005_s_at
4.4581,4.4581,4.628,213006_at
9.3287,9.3287,10.1018,213007_at
8.9023,8.9023,9.1932,213008_at
9.1216,9.1216,9.7149,213009_s_at
4.1833,4.1833,5.1473,213010_at
8.9679,8.9679,10.6252,213011_s_at
6.6023,6.6023,5.5834,213012_at
4.798,4.798,6.3129,213013_at
5.0664,5.0664,4.8849,213014_at
10.1799,10.1799,9.1938,213015_at
8.2131,8.2131,7.5483,213016_at
7.8046,7.8046,8.1499,213017_at
5.9098,5.9098,6.4218,213018_at
10.4522,10.4522,9.22,213019_at
6.5207,6.5207,6.923,213020_at
7.2498,7.2498,7.0393,213021_at
7.2131,7.2131,6.5123,213022_s_at
5.8459,5.8459,5.2659,213023_at
7.4299,7.4299,6.9735,213024_at
9.0774,9.0774,8.4569,213025_at
9.3188,9.3188,8.7061,213026_at
7.3634,7.3634,7.8366,213027_at
7.8987,7.8987,7.9883,213028_at
5.6049,5.6049,5.4238,213029_at
6.9506,6.9506,6.3259,213030_s_at
7.739,7.739,7.4296,213031_s_at
4.1834,4.1834,4.1741,213032_at
4.1834,4.1834,4.1741,213033_s_at
8.4117,8.4117,8.5635,213034_at
7.6582,7.6582,6.5075,213035_at
10.4413,10.4413,10.7728,213036_x_at
13.2901,13.2901,13.1521,213037_x_at
5.9347,5.9347,5.6902,213038_at
10.9733,10.9733,11.6169,213039_at
4.1835,4.1835,4.1742,213040_s_at
10.0117,10.0117,10.3435,213041_s_at
4.4736,4.4736,5.382,213042_s_at
8.4981,8.4981,8.9879,213043_s_at
12.5618,12.5618,11.6555,213044_at
7.103,7.103,7.8555,213045_at
8.5133,8.5133,8.4426,213046_at
12.0261,12.0261,12.9773,213047_x_at
12.1671,12.1671,12.3359,213048_s_at
6.9567,6.9567,6.0102,213049_at
6.4544,6.4544,4.6834,213050_at
11.2946,11.2946,9.8313,213051_at
7.5754,7.5754,8.2828,213052_at
7.3197,7.3197,7.8531,213053_at
8.4006,8.4006,7.9512,213054_at
7.2612,7.2612,7.8145,213055_at
6.8986,6.8986,5.5829,213056_at
7.1967,7.1967,6.6066,213057_at
6.1761,6.1761,5.7347,213058_at
6.31,6.31,5.0165,213059_at
6.2952,6.2952,5.7304,213060_s_at
9.4016,9.4016,10.3725,213061_s_at
9.8259,9.8259,10.5603,213062_at
6.3637,6.3637,5.6044,213063_at
7.1511,7.1511,7.0225,213064_at
8.5554,8.5554,8.5579,213065_at
4.6804,4.6804,5.1967,213066_at
4.7433,4.7433,5.4902,213067_at
4.613,4.613,4.2678,213068_at
7.4882,7.4882,6.7593,213069_at
7.1874,7.1874,7.446,213070_at
4.3007,4.3007,4.2646,213071_at
6.64,6.64,6.2136,213072_at
8.0307,8.0307,7.2158,213073_at
12.2031,12.2031,11.8816,213074_at
6.2119,6.2119,5.5635,213075_at
6.8835,6.8835,7.274,213076_at
7.8673,7.8673,8.1468,213077_at
6.2148,6.2148,5.6546,213078_x_at
8.5097,8.5097,8.9436,213079_at
14.9114,14.9114,14.8979,213080_x_at
6.7293,6.7293,6.2423,213081_at
6.2449,6.2449,4.1742,213082_s_at
7.2852,7.2852,5.5011,213083_at
14.961,14.961,14.9454,213084_x_at
5.4601,5.4601,5.9413,213085_s_at
10.0832,10.0832,9.6922,213086_s_at
6.785,6.785,6.9742,213087_s_at
11.9851,11.9851,13.3742,213088_s_at
8.9661,8.9661,8.876,213089_at
7.759,7.759,7.6487,213090_s_at
4.7619,4.7619,4.6046,213091_at
7.9892,7.9892,8.8818,213092_x_at
5.3042,5.3042,6.0511,213093_at
4.8829,4.8829,5.1269,213094_at
8.6953,8.6953,6.8646,213095_x_at
7.5713,7.5713,5.2903,213096_at
10.5758,10.5758,10.9842,213097_s_at
5.9313,5.9313,5.8135,213098_at
6.9059,6.9059,6.4721,213099_at
4.3236,4.3236,5.9844,213100_at
13.2673,13.2673,12.8562,213101_s_at
9.2302,9.2302,9.0933,213102_at
4.4647,4.4647,5.9967,213103_at
7.682,7.682,7.7214,213104_at
8.5589,8.5589,8.331,213105_s_at
9.4619,9.4619,9.5927,213106_at
5.8001,5.8001,5.8295,213107_at
4.7647,4.7647,5.4187,213108_at
5.4249,5.4249,5.7613,213109_at
9.5254,9.5254,9.0149,213111_at
4.3468,4.3468,4.8103,213112_s_at
8.165,8.165,8.4059,213113_s_at
6.1189,6.1189,5.4608,213114_at
7.4561,7.4561,7.3137,213115_at
6.3274,6.3274,6.0112,213116_at
6.4416,6.4416,5.2732,213117_at
5.0639,5.0639,4.3932,213120_at
5.3953,5.3953,6.0239,213121_at
8.7258,8.7258,7.132,213122_at
6.9234,6.9234,6.2236,213123_at
5.2969,5.2969,6.0021,213124_at
5.2074,5.2074,5.0108,213125_at
4.3389,4.3389,4.9088,213126_at
5.3855,5.3855,6.6781,213127_s_at
8.391,8.391,8.1534,213128_s_at
7.9998,7.9998,9.1574,213129_s_at
6.3704,6.3704,6.632,213130_at
4.1836,4.1836,5.1411,213131_at
7.109,7.109,7.8519,213132_s_at
7.3939,7.3939,7.7993,213133_s_at
11.9302,11.9302,11.2249,213134_x_at
9.3586,9.3586,10.0631,213136_at
7.7602,7.7602,9.0902,213137_s_at
11.0046,11.0046,9.6737,213138_at
4.8393,4.8393,4.9651,213139_at
6.5732,6.5732,6.7159,213140_s_at
7.5201,7.5201,7.3176,213141_at
10.6584,10.6584,9.2153,213142_x_at
5.8768,5.8768,4.57,213143_at
5.9156,5.9156,5.1428,213144_at
8.6223,8.6223,8.7221,213145_at
5.6939,5.6939,5.9439,213146_at
7.4803,7.4803,5.6575,213147_at
4.1836,4.1836,4.3446,213148_at
12.4148,12.4148,13.4269,213151_s_at
10.8922,10.8922,10.197,213154_s_at
4.1837,4.1837,4.6026,213155_at
7.4471,7.4471,6.4847,213156_at
4.4856,4.4856,5.8074,213157_s_at
6.688,6.688,5.5505,213158_at
7.4945,7.4945,6.2012,213159_at
11.0903,11.0903,11.7576,213160_at
8.1933,8.1933,8.4851,213161_at
5.7779,5.7779,4.4259,213162_at
7.7879,7.7879,8.6397,213164_at
10.5551,10.5551,9.1249,213165_at
12.8298,12.8298,12.6395,213166_x_at
4.2872,4.2872,5.4896,213167_s_at
8.8104,8.8104,8.3427,213168_at
5.4909,5.4909,5.0861,213169_at
8.0517,8.0517,8.6561,213170_at
4.3508,4.3508,4.4038,213171_s_at
6.3077,6.3077,5.4163,213173_at
5.4029,5.4029,6.0407,213174_at
12.2976,12.2976,13.2809,213175_s_at
4.4953,4.4953,4.1743,213176_s_at
5.8234,5.8234,4.5316,213177_at
9.1614,9.1614,8.0841,213178_s_at
9.4267,9.4267,9.6854,213179_at
6.3646,6.3646,6.6759,213180_s_at
5.1362,5.1362,4.4757,213181_s_at
4.1838,4.1838,6.2537,213182_x_at
4.5003,4.5003,5.9169,213183_s_at
8.4951,8.4951,8.5708,213184_at
8.1543,8.1543,8.3207,213185_at
7.1407,7.1407,7.6425,213186_at
11.2302,11.2302,11.3445,213187_x_at
6.1425,6.1425,6.2728,213188_s_at
6.5973,6.5973,6.6093,213189_at
5.1834,5.1834,4.9172,213192_at
7.1057,7.1057,7.8685,213193_x_at
4.5125,4.5125,5.2294,213194_at
6.6057,6.6057,6.0914,213195_at
4.1838,4.1838,4.1743,213197_at
6.532,6.532,6.803,213198_at
8.6781,8.6781,8.9336,213199_at
5.0651,5.0651,4.5519,213200_at
4.1839,4.1839,4.1744,213201_s_at
7.5231,7.5231,7.3886,213202_at
8.0243,8.0243,8.3455,213203_at
8.2009,8.2009,7.4073,213204_at
7.864,7.864,7.4101,213205_s_at
5.3021,5.3021,5.5335,213206_at
5.9964,5.9964,5.3553,213207_s_at
7.581,7.581,7.2209,213208_at
6.7446,6.7446,6.4123,213209_at
4.1839,4.1839,4.1744,213210_at
5.5621,5.5621,5.4783,213211_s_at
7.6978,7.6978,7.3496,213212_x_at
8.3958,8.3958,8.5853,213213_at
14.9468,14.9468,14.921,213214_x_at
6.0375,6.0375,6.6714,213215_at
8.1637,8.1637,8.3282,213216_at
4.9721,4.9721,4.1745,213217_at
6.1795,6.1795,5.8477,213218_at
4.352,4.352,5.0705,213219_at
7.5653,7.5653,7.9102,213220_at
6.4883,6.4883,5.6803,213221_s_at
8.2555,8.2555,7.75,213222_at
8.6721,8.6721,8.7172,213223_at
6.7509,6.7509,6.0949,213224_s_at
8.8701,8.8701,8.0862,213225_at
9.662,9.662,9.5246,213226_at
7.1922,7.1922,6.985,213227_at
6.1459,6.1459,5.2642,213228_at
9.8695,9.8695,8.7638,213229_at
4.184,4.184,4.1746,213230_at
4.5939,4.5939,6.5257,213231_at
4.1841,4.1841,5.2512,213232_at
7.4389,7.4389,7.1552,213234_at
6.5511,6.5511,6.0337,213235_at
4.3162,4.3162,4.7592,213236_at
5.4833,5.4833,4.9715,213237_at
6.9499,6.9499,6.5681,213238_at
6.8669,6.8669,5.4214,213239_at
4.1841,4.1841,4.2647,213240_s_at
9.1119,9.1119,6.8353,213241_at
6.7011,6.7011,6.0756,213242_x_at
7.6728,7.6728,7.5623,213243_at
5.5224,5.5224,5.202,213244_at
4.4833,4.4833,5.2194,213245_at
5.4621,5.4621,5.7223,213246_at
4.2902,4.2902,4.3341,213247_at
5.2561,5.2561,5.4997,213248_at
4.9663,4.9663,6.08,213249_at
5.7186,5.7186,5.3833,213250_at
10.5822,10.5822,10.2447,213251_at
5.8749,5.8749,6.497,213252_at
7.6479,7.6479,7.2398,213253_at
7.9358,7.9358,7.6441,213254_at
7.4406,7.4406,7.4992,213256_at
6.2003,6.2003,6.4159,213257_at
5.1451,5.1451,5.4123,213258_at
4.5146,4.5146,5.8004,213259_s_at
4.6371,4.6371,6.1775,213260_at
7.2391,7.2391,6.8243,213261_at
6.9127,6.9127,6.1672,213262_at
8.2957,8.2957,8.0932,213263_s_at
8.1539,8.1539,6.5717,213264_at
5.1269,5.1269,5.842,213265_at
9.0149,9.0149,8.0247,213266_at
4.4076,4.4076,4.1746,213267_at
4.1842,4.1842,4.1747,213268_at
4.5559,4.5559,4.9465,213269_at
5.8277,5.8277,6.5239,213270_at
7.7055,7.7055,7.4697,213271_s_at
6.4518,6.4518,7.0232,213272_s_at
4.7036,4.7036,4.2947,213273_at
6.8452,6.8452,6.9985,213274_s_at
7.6036,7.6036,6.6558,213275_x_at
4.1842,4.1842,4.519,213276_at
4.4858,4.4858,5.5642,213277_at
7.3302,7.3302,7.2785,213279_at
7.6297,7.6297,6.1151,213280_at
6.5468,6.5468,6.579,213281_at
7.031,7.031,7.0129,213282_at
7.3744,7.3744,6.8669,213283_s_at
4.1843,4.1843,5.0182,213284_at
4.8395,4.8395,4.7119,213285_at
8.8442,8.8442,7.7141,213286_at
9.5967,9.5967,10.4389,213287_s_at
7.4037,7.4037,7.5405,213288_at
5.5927,5.5927,6.5063,213289_at
5.9001,5.9001,6.1989,213290_at
9.3622,9.3622,8.7699,213291_s_at
11.1169,11.1169,10.5719,213293_s_at
9.911,9.911,9.1268,213294_at
9.4289,9.4289,10.0441,213295_at
6.7458,6.7458,5.9846,213296_at
5.9166,5.9166,6.7134,213297_at
5.6311,5.6311,5.3657,213298_at
4.1844,4.1844,4.1747,213299_at
8.2648,8.2648,8.8464,213300_at
9.143,9.143,8.2363,213301_x_at
8.0167,8.0167,8.2652,213302_at
4.4703,4.4703,4.8526,213303_x_at
7.5483,7.5483,6.4091,213304_at
7.8904,7.8904,8.6056,213305_s_at
4.5055,4.5055,4.2809,213306_at
5.4145,5.4145,6.2377,213307_at
4.9185,4.9185,4.1748,213308_at
9.8952,9.8952,10.3481,213309_at
6.9684,6.9684,7.033,213310_at
10.3423,10.3423,9.164,213311_s_at
6.991,6.991,6.6342,213312_at
8.5801,8.5801,8.2611,213313_at
6.186,6.186,6.5126,213314_at
9.7605,9.7605,9.7381,213315_x_at
5.0323,5.0323,4.9029,213316_at
4.9541,4.9541,4.9155,213317_at
11.8792,11.8792,11.2057,213318_s_at
5.8219,5.8219,4.4299,213319_s_at
6.8595,6.8595,6.7769,213320_at
4.1844,4.1844,4.2603,213321_at
8.2929,8.2929,8.3117,213322_at
6.3824,6.3824,5.7334,213323_s_at
4.8627,4.8627,5.0715,213325_at
9.1839,9.1839,8.8777,213326_at
9.2534,9.2534,8.5238,213327_s_at
6.6717,6.6717,6.7296,213328_at
6.4262,6.4262,6.548,213329_at
6.2349,6.2349,6.8761,213330_s_at
6.1342,6.1342,5.9559,213331_s_at
6.0291,6.0291,6.8726,213332_at
6.9182,6.9182,7.3588,213333_at
7.5245,7.5245,8.3277,213334_x_at
4.1845,4.1845,4.1748,213335_s_at
4.7495,4.7495,4.8618,213336_at
5.428,5.428,5.4804,213337_s_at
4.3553,4.3553,4.1749,213338_at
5.7928,5.7928,4.5422,213339_at
7.9089,7.9089,7.5215,213340_s_at
6.8334,6.8334,5.9352,213341_at
4.1845,4.1845,4.2988,213342_at
6.6136,6.6136,6.9962,213344_s_at
5.6567,5.6567,7.2702,213345_at
7.1647,7.1647,7.7811,213346_at
14.7855,14.7855,14.8023,213347_x_at
6.2674,6.2674,8.2602,213348_at
7.2257,7.2257,5.8821,213349_at
7.4937,7.4937,8.0535,213350_at
6.7637,6.7637,5.7036,213351_s_at
6.6843,6.6843,6.098,213352_at
5.1159,5.1159,6.0694,213353_at
4.1846,4.1846,4.1749,213354_s_at
7.281,7.281,4.175,213355_at
14.8815,14.8815,14.8446,213356_x_at
6.5693,6.5693,7.2862,213357_at
5.6692,5.6692,6.7875,213358_at
12.5918,12.5918,12.0756,213359_at
11.6256,11.6256,11.5335,213360_s_at
8.2671,8.2671,7.8062,213361_at
6.8274,6.8274,4.175,213362_at
4.4461,4.4461,6.2532,213363_at
7.9778,7.9778,7.0701,213364_s_at
7.6751,7.6751,7.7347,213365_at
14.2134,14.2134,13.7294,213366_x_at
6.5982,6.5982,6.7283,213367_at
4.8561,4.8561,4.4172,213368_x_at
5.2519,5.2519,4.1751,213369_at
4.9495,4.9495,5.6394,213371_at
6.865,6.865,6.301,213372_at
7.9736,7.9736,8.2326,213373_s_at
7.0317,7.0317,6.6206,213374_x_at
7.9412,7.9412,6.6158,213375_s_at
11.4068,11.4068,11.4752,213376_at
14.8711,14.8711,14.8905,213377_x_at
8.8041,8.8041,9.4709,213378_s_at
6.76,6.76,7.35,213379_at
6.4369,6.4369,6.5135,213380_x_at
4.1847,4.1847,4.1751,213381_at
4.9187,4.9187,4.9096,213382_at
8.5523,8.5523,8.9023,213383_at
4.2919,4.2919,5.5934,213385_at
5.8692,5.8692,5.8036,213386_at
7.6578,7.6578,7.7504,213387_at
4.1847,4.1847,4.1752,213388_at
8.3159,8.3159,7.9524,213389_at
6.2196,6.2196,5.2803,213391_at
5.7352,5.7352,6.2893,213392_at
6.3886,6.3886,6.5675,213393_at
8.8464,8.8464,8.811,213394_at
5.9509,5.9509,4.5169,213395_at
7.1912,7.1912,7.3429,213396_s_at
4.9118,4.9118,4.5137,213397_x_at
10.7998,10.7998,9.912,213398_s_at
7.7024,7.7024,7.748,213400_s_at
5.2484,5.2484,5.0662,213401_s_at
6.3114,6.3114,6.552,213402_at
4.9707,4.9707,6.2045,213403_at
10.3785,10.3785,10.1244,213404_s_at
7.0791,7.0791,6.8436,213405_at
5.3425,5.3425,5.4271,213406_at
8.3366,8.3366,8.6076,213407_at
12.5453,12.5453,11.8457,213408_s_at
6.0842,6.0842,5.7679,213409_s_at
7.2768,7.2768,7.0854,213410_at
4.9515,4.9515,5.1929,213411_at
4.1848,4.1848,4.1753,213412_at
4.7381,4.7381,5.2022,213413_at
14.9509,14.9509,14.9509,213414_s_at
4.5246,4.5246,4.1753,213415_at
10.0661,10.0661,8.578,213416_at
5.268,5.268,5.6327,213418_at
5.184,5.184,5.1825,213420_at
6.1933,6.1933,6.2446,213421_x_at
6.1843,6.1843,6.3468,213422_s_at
5.0904,5.0904,5.1713,213423_x_at
4.5065,4.5065,4.5294,213424_at
4.9461,4.9461,4.7778,213425_at
4.9267,4.9267,4.3638,213426_s_at
7.2806,7.2806,7.0851,213427_at
4.7149,4.7149,4.7492,213428_s_at
4.3771,4.3771,4.1754,213429_at
6.9435,6.9435,5.7124,213430_at
7.5848,7.5848,7.3861,213431_x_at
4.1848,4.1848,4.1754,213432_at
6.0639,6.0639,5.9143,213433_at
6.8643,6.8643,6.8733,213434_at
4.5743,4.5743,4.897,213435_at
4.9373,4.9373,4.6357,213436_at
7.7756,7.7756,7.1215,213437_at
4.8955,4.8955,4.5891,213438_at
5.4511,5.4511,5.9604,213439_x_at
7.3032,7.3032,7.7918,213440_at
5.3507,5.3507,7.0008,213441_x_at
6.2789,6.2789,5.3533,213442_x_at
4.9194,4.9194,4.3847,213443_at
7.5769,7.5769,5.0282,213444_at
6.1964,6.1964,6.6635,213445_at
10.2337,10.2337,11.0739,213446_s_at
7.7363,7.7363,6.8742,213447_at
6.9638,6.9638,6.6815,213448_at
5.8425,5.8425,4.5879,213449_at
6.9811,6.9811,8.7577,213450_s_at
4.3277,4.3277,5.1931,213451_x_at
7.5594,7.5594,7.7709,213452_at
14.7519,14.7519,14.7608,213453_x_at
8.2948,8.2948,8.9661,213454_at
5.8845,5.8845,6.1857,213455_at
4.1849,4.1849,4.1755,213456_at
7.5897,7.5897,6.7863,213457_at
4.185,4.185,4.1756,213458_at
6.8191,6.8191,6.7737,213459_at
8.2786,8.2786,8.5405,213460_x_at
6.3317,6.3317,7.5171,213461_at
4.185,4.185,4.1756,213462_at
6.9723,6.9723,6.1728,213463_s_at
5.699,5.699,5.9951,213464_at
8.7083,8.7083,9.2444,213465_s_at
4.1851,4.1851,4.1757,213466_at
4.3923,4.3923,5.3167,213467_at
7.006,7.006,6.9667,213468_at
4.3341,4.3341,4.3758,213469_at
6.2643,6.2643,6.8154,213470_s_at
7.3595,7.3595,7.454,213471_at
5.7702,5.7702,5.0312,213472_at
9.7658,9.7658,9.2706,213473_at
6.0803,6.0803,5.9782,213474_at
5.9862,5.9862,6.4298,213475_s_at
9.567,9.567,12.0835,213476_x_at
14.9125,14.9125,14.8841,213477_x_at
5.0879,5.0879,5.424,213478_at
4.3638,4.3638,5.529,213479_at
8.3536,8.3536,8.0884,213480_at
5.7694,5.7694,6.1512,213481_at
4.1851,4.1851,4.2593,213482_at
8.1349,8.1349,8.4495,213483_at
4.344,4.344,5.5522,213484_at
6.8717,6.8717,6.7662,213485_s_at
5.5934,5.5934,5.5292,213486_at
4.5461,4.5461,4.3869,213487_at
5.2103,5.2103,5.1944,213488_at
6.9509,6.9509,7.0097,213489_at
6.7781,6.7781,6.8918,213490_s_at
12.4903,12.4903,12.9573,213491_x_at
4.427,4.427,5.5997,213492_at
4.1852,4.1852,4.1757,213493_at
8.449,8.449,9.4983,213494_s_at
4.3584,4.3584,4.5461,213495_s_at
5.2054,5.2054,5.1868,213496_at
6.9305,6.9305,5.4601,213497_at
4.8044,4.8044,4.3384,213498_at
6.2651,6.2651,6.2156,213499_at
4.6971,4.6971,5.8405,213500_at
5.4767,5.4767,5.9402,213501_at
11.822,11.822,12.1947,213502_x_at
7.8848,7.8848,10.4125,213503_x_at
8.1287,8.1287,8.4564,213504_at
8.4876,8.4876,8.2767,213505_s_at
4.4522,4.4522,5.0912,213506_at
13.7456,13.7456,14.3959,213507_s_at
6.3486,6.3486,6.6277,213508_at
7.8475,7.8475,7.4778,213509_x_at
7.0764,7.0764,6.8325,213510_x_at
10.6477,10.6477,12.0312,213511_s_at
4.5056,4.5056,4.4936,213512_at
11.6063,11.6063,12.28,213513_x_at
6.1187,6.1187,6.1655,213514_s_at
6.1557,6.1557,6.6794,213515_x_at
4.1853,4.1853,4.6425,213516_at
9.4461,9.4461,8.5208,213517_at
6.9978,6.9978,6.6698,213518_at
4.1853,4.1853,4.8433,213519_s_at
7.952,7.952,8.9294,213520_at
7.8442,7.8442,8.7834,213521_at
5.132,5.132,5.2888,213522_s_at
9.5631,9.5631,10.8128,213523_at
5.8438,5.8438,5.7806,213524_s_at
5.8505,5.8505,5.4355,213525_at
6.0988,6.0988,5.7307,213526_s_at
7.0554,7.0554,6.4253,213527_s_at
6.5323,6.5323,7.0528,213528_at
6.5006,6.5006,5.3247,213529_at
6.5012,6.5012,5.9914,213530_at
9.1463,9.1463,8.1357,213532_at
4.6475,4.6475,6.2717,213533_at
7.3822,7.3822,7.791,213534_s_at
12.0597,12.0597,11.9351,213535_s_at
4.9397,4.9397,4.9111,213536_s_at
9.9138,9.9138,11.19,213537_at
12.5718,12.5718,12.0704,213538_at
5.7077,5.7077,5.3081,213539_at
7.6392,7.6392,7.6032,213540_at
10.8346,10.8346,6.401,213541_s_at
7.593,7.593,7.2035,213542_at
4.5906,4.5906,4.1758,213543_at
6.101,6.101,6.8135,213544_at
10.5412,10.5412,12.1726,213545_x_at
12.8714,12.8714,11.5727,213546_at
6.6601,6.6601,6.9929,213547_at
6.4156,6.4156,6.1621,213548_s_at
7.7176,7.7176,6.8477,213549_at
5.5128,5.5128,5.7781,213550_s_at
7.1731,7.1731,7.2056,213551_x_at
4.3409,4.3409,4.5595,213552_at
6.0508,6.0508,5.7031,213553_x_at
8.389,8.389,8.3009,213554_s_at
4.7544,4.7544,5.2273,213555_at
6.4692,6.4692,6.1897,213556_at
7.8354,7.8354,6.6818,213557_at
4.7787,4.7787,5.3455,213558_at
4.4183,4.4183,4.1758,213559_s_at
6.4082,6.4082,6.693,213560_at
6.3129,6.3129,6.2076,213561_at
5.1189,5.1189,5.108,213562_s_at
4.7027,4.7027,5.3975,213563_s_at
14.4623,14.4623,14.4848,213564_x_at
4.7531,4.7531,4.9328,213565_s_at
5.945,5.945,6.393,213566_at
9.3701,9.3701,8.0984,213567_at
4.9414,4.9414,4.9636,213568_at
4.4859,4.4859,5.0377,213569_at
6.5913,6.5913,7.3243,213570_at
9.7423,9.7423,9.3005,213571_s_at
8.3963,8.3963,7.0978,213572_s_at
7.7456,7.7456,7.9778,213573_at
10.3749,10.3749,10.9072,213574_s_at
7.2702,7.2702,6.9916,213575_at
7.9653,7.9653,7.3815,213577_at
4.7745,4.7745,4.7303,213578_at
8.3408,8.3408,8.378,213579_s_at
4.5135,4.5135,4.7431,213580_at
9.2568,9.2568,9.4141,213581_at
4.5497,4.5497,4.1759,213582_at
14.8724,14.8724,14.8561,213583_x_at
6.7196,6.7196,7.1167,213584_s_at
5.1246,5.1246,5.477,213585_s_at
4.8083,4.8083,4.2756,213586_at
9.3775,9.3775,8.7417,213587_s_at
14.6481,14.6481,14.6315,213588_x_at
4.4365,4.4365,4.1759,213589_s_at
6.2182,6.2182,5.6417,213590_at
5.4862,5.4862,4.176,213591_at
4.292,4.292,4.504,213592_at
10.8818,10.8818,10.0126,213593_s_at
11.428,11.428,11.7283,213594_x_at
4.4313,4.4313,4.4194,213595_s_at
5.589,5.589,5.7654,213596_at
4.1854,4.1854,4.1761,213597_s_at
7.7729,7.7729,7.8089,213598_at
6.9873,6.9873,7.9287,213599_at
6.3141,6.3141,6.2671,213600_at
6.5517,6.5517,6.5662,213601_at
4.1854,4.1854,5.1511,213602_s_at
11.8058,11.8058,12.7021,213603_s_at
8.3145,8.3145,8.0141,213604_at
9.5091,9.5091,9.8934,213605_s_at
4.7126,4.7126,4.9442,213606_s_at
5.7396,5.7396,7.404,213607_x_at
7.7484,7.7484,7.8856,213608_s_at
4.1855,4.1855,4.2828,213609_s_at
4.982,4.982,5.4147,213610_s_at
4.1856,4.1856,4.5597,213611_at
11.96,11.96,11.6619,213612_x_at
6.0891,6.0891,6.5371,213613_s_at
14.8905,14.8905,14.8461,213614_x_at
7.5142,7.5142,7.7075,213615_at
7.5268,7.5268,7.5746,213616_at
7.7839,7.7839,7.837,213617_s_at
10.0481,10.0481,7.5264,213618_at
13.8442,13.8442,12.7815,213619_at
8.0663,8.0663,8.1111,213620_s_at
5.5656,5.5656,5.8315,213621_s_at
5.0951,5.0951,6.0977,213622_at
6.0027,6.0027,4.9429,213623_at
4.6122,4.6122,4.1761,213624_at
5.7164,5.7164,4.8013,213625_at
5.827,5.827,6.2079,213626_at
8.0367,8.0367,7.6244,213627_at
5.9705,5.9705,6.244,213628_at
7.1201,7.1201,8.3046,213629_x_at
4.4207,4.4207,4.3797,213630_at
5.8926,5.8926,5.357,213631_x_at
6.1242,6.1242,6.4233,213632_at
4.6046,4.6046,4.6792,213633_at
6.4103,6.4103,5.8577,213634_s_at
4.9899,4.9899,5.5043,213635_s_at
5.1615,5.1615,6.1956,213636_at
9.2526,9.2526,9.0298,213637_at
6.4659,6.4659,7.9537,213638_at
7.2079,7.2079,6.5934,213639_s_at
4.1856,4.1856,4.3266,213640_s_at
6.6564,6.6564,5.4333,213641_at
6.7449,6.7449,6.8691,213642_at
5.036,5.036,5.9954,213643_s_at
6.1112,6.1112,5.6186,213644_at
8.1063,8.1063,7.8904,213645_at
14.8179,14.8179,14.8005,213646_x_at
7.245,7.245,7.974,213647_at
7.185,7.185,7.367,213648_at
11.0189,11.0189,11.378,213649_at
7.993,7.993,8.0307,213650_at
4.6054,4.6054,5.3599,213651_at
4.1857,4.1857,4.4636,213652_at
7.9399,7.9399,7.5829,213653_at
8.0324,8.0324,8.0548,213654_at
12.4999,12.4999,12.7926,213655_at
10.4221,10.4221,9.7797,213656_s_at
9.0081,9.0081,9.0888,213657_s_at
7.4912,7.4912,7.5446,213658_at
7.1242,7.1242,6.2292,213659_at
6.7205,6.7205,6.8303,213660_s_at
4.3563,4.3563,4.4382,213661_at
5.3464,5.3464,4.8496,213662_at
5.0095,5.0095,4.2792,213663_s_at
4.8994,4.8994,4.9174,213664_at
6.2179,6.2179,5.4009,213665_at
10.9486,10.9486,10.9701,213666_at
5.1941,5.1941,4.7273,213667_at
11.5154,11.5154,9.5607,213668_s_at
8.6286,8.6286,7.9723,213670_x_at
8.9258,8.9258,8.9866,213671_s_at
7.01,7.01,6.9818,213672_at
5.285,5.285,4.5716,213673_x_at
9.1326,9.1326,9.1023,213674_x_at
5.1066,5.1066,5.5276,213675_at
6.345,6.345,6.0881,213676_at
7.1467,7.1467,6.9253,213677_s_at
5.346,5.346,6.3143,213678_at
5.0812,5.0812,4.6989,213679_at
5.9302,5.9302,6.2284,213680_at
7.656,7.656,7.4985,213681_at
11.5215,11.5215,11.8671,213682_at
4.3586,4.3586,5.2805,213683_at
4.1857,4.1857,4.1762,213684_s_at
5.4626,5.4626,4.554,213685_at
7.0169,7.0169,6.4844,213686_at
14.6608,14.6608,14.4153,213687_s_at
5.5813,5.5813,6.4147,213688_at
4.6777,4.6777,5.1102,213690_s_at
6.7634,6.7634,5.4961,213691_at
5.715,5.715,5.6083,213692_s_at
4.3278,4.3278,4.3933,213693_s_at
7.305,7.305,6.5204,213694_at
4.8911,4.8911,5.0798,213695_at
5.9983,5.9983,7.5402,213696_s_at
4.6695,4.6695,5.3148,213697_at
5.6212,5.6212,6.0005,213698_at
14.4577,14.4577,14.012,213699_s_at
6.7844,6.7844,7.9044,213700_s_at
5.8508,5.8508,5.315,213701_at
7.5353,7.5353,7.4518,213703_at
7.1929,7.1929,7.3986,213704_at
5.5832,5.5832,4.7091,213705_at
4.1858,4.1858,4.2778,213706_at
4.1859,4.1859,5.0067,213707_s_at
8.1811,8.1811,8.026,213708_s_at
5.0929,5.0929,5.6419,213709_at
5.624,5.624,7.3609,213710_s_at
5.4557,5.4557,4.6607,213711_at
6.7797,6.7797,6.3497,213712_at
5.8707,5.8707,6.9043,213713_s_at
4.5098,4.5098,4.1762,213714_at
5.7581,5.7581,4.2521,213715_s_at
5.3444,5.3444,4.591,213716_s_at
4.5848,4.5848,4.8035,213717_at
8.8607,8.8607,8.7633,213718_at
4.1859,4.1859,4.1763,213719_s_at
4.2967,4.2967,4.4816,213722_at
4.4226,4.4226,4.411,213723_s_at
4.9269,4.9269,5.0505,213724_s_at
8.1672,8.1672,8.1459,213725_x_at
12.094,12.094,13.762,213726_x_at
7.5338,7.5338,9.2254,213727_x_at
7.2052,7.2052,7.1441,213728_at
11.3724,11.3724,11.3111,213729_at
11.2425,11.2425,11.6663,213730_x_at
4.5248,4.5248,4.5604,213731_s_at
5.4357,5.4357,5.6527,213732_at
5.5326,5.5326,7.0465,213733_at
8.492,8.492,8.924,213734_at
11.3297,11.3297,11.7735,213735_s_at
4.7153,4.7153,4.9899,213736_at
9.9167,9.9167,8.7739,213737_x_at
14.4483,14.4483,14.453,213738_s_at
5.504,5.504,5.9479,213739_at
4.2993,4.2993,4.6655,213740_s_at
6.2998,6.2998,6.0816,213741_s_at
10.0561,10.0561,8.7734,213742_at
7.9732,7.9732,7.1061,213743_at
5.0666,5.0666,5.3813,213744_at
4.186,4.186,4.1763,213745_at
6.354,6.354,7.0738,213747_at
6.3384,6.3384,6.4662,213748_at
4.4944,4.4944,5.5552,213749_at
8.1486,8.1486,8.5559,213750_at
4.6898,4.6898,5.1819,213751_at
4.3696,4.3696,5.5815,213752_at
8.2367,8.2367,8.6658,213753_x_at
7.8177,7.8177,7.8507,213754_s_at
4.9543,4.9543,4.8909,213755_s_at
4.8276,4.8276,5.9849,213756_s_at
10.4975,10.4975,10.8013,213757_at
8.7996,8.7996,9.0186,213758_at
4.1861,4.1861,4.3833,213759_at
6.8471,6.8471,5.7349,213760_s_at
7.2681,7.2681,7.1521,213761_at
13.6025,13.6025,13.3224,213762_x_at
5.6649,5.6649,6.1507,213763_at
4.1861,4.1861,4.1764,213764_s_at
4.7538,4.7538,4.2547,213765_at
8.2313,8.2313,8.4876,213766_x_at
4.1862,4.1862,4.8313,213767_at
4.3924,4.3924,4.5192,213768_s_at
4.4087,4.4087,4.1764,213769_at
5.5941,5.5941,5.0321,213770_at
6.145,6.145,5.966,213771_at
9.9036,9.9036,10.2369,213773_x_at
4.5148,4.5148,4.5344,213774_s_at
4.5775,4.5775,4.5005,213776_at
5.2922,5.2922,4.3282,213777_s_at
6.5162,6.5162,5.447,213778_x_at
5.5473,5.5473,4.7989,213779_at
4.1862,4.1862,4.778,213780_at
4.1863,4.1863,4.1765,213781_at
4.1864,4.1864,4.1765,213782_s_at
4.6304,4.6304,5.5818,213783_at
6.4788,6.4788,6.8563,213784_at
8.0759,8.0759,7.7118,213785_at
6.7433,6.7433,5.5601,213786_at
9.3259,9.3259,9.9148,213787_s_at
7.3337,7.3337,7.1276,213788_s_at
7.2505,7.2505,7.5572,213789_at
4.1864,4.1864,4.3395,213790_at
6.4144,6.4144,5.858,213791_at
12.2059,12.2059,11.7804,213792_s_at
4.616,4.616,4.1766,213793_s_at
10.2678,10.2678,10.6147,213794_s_at
7.5413,7.5413,7.5653,213795_s_at
4.1865,4.1865,4.1767,213796_at
5.729,5.729,5.2608,213797_at
11.3593,11.3593,11.4852,213798_s_at
4.9375,4.9375,4.4562,213799_s_at
4.6722,4.6722,4.1767,213800_at
14.7968,14.7968,14.8163,213801_x_at
4.1865,4.1865,4.8483,213802_at
8.0975,8.0975,7.8884,213803_at
7.8305,7.8305,7.595,213804_at
4.7514,4.7514,5.2969,213805_at
4.328,4.328,4.3068,213806_at
5.7517,5.7517,5.657,213807_x_at
4.1866,4.1866,7.1813,213808_at
4.5421,4.5421,5.3193,213809_x_at
4.515,4.515,5.4044,213810_s_at
13.6496,13.6496,13.8832,213811_x_at
8.811,8.811,8.8419,213812_s_at
5.7201,5.7201,4.5807,213813_x_at
5.3427,5.3427,5.3572,213814_s_at
7.7954,7.7954,8.4821,213815_x_at
4.7461,4.7461,5.1683,213816_s_at
6.352,6.352,4.1768,213817_at
5.4084,5.4084,4.4705,213818_x_at
5.0104,5.0104,4.5094,213819_s_at
6.1706,6.1706,7.1194,213820_s_at
4.1867,4.1867,4.1768,213821_s_at
7.3443,7.3443,7.6123,213822_s_at
4.7564,4.7564,5.1636,213823_at
5.0338,5.0338,5.2788,213824_at
5.195,5.195,5.1044,213825_at
6.7035,6.7035,7.0874,213826_s_at
7.6643,7.6643,7.7697,213827_at
14.9064,14.9064,14.9481,213828_x_at
6.5892,6.5892,6.9866,213829_x_at
5.8087,5.8087,4.5171,213830_at
4.5756,4.5756,4.5071,213831_at
5.3481,5.3481,5.7867,213832_at
5.7853,5.7853,5.7106,213833_x_at
5.2865,5.2865,4.3893,213834_at
7.7355,7.7355,7.8149,213835_x_at
4.1867,4.1867,5.5381,213836_s_at
6.5326,6.5326,6.4271,213837_at
6.8188,6.8188,6.308,213838_at
5.2489,5.2489,6.7515,213839_at
5.9871,5.9871,5.8216,213840_s_at
4.339,4.339,4.6106,213841_at
9.477,9.477,9.4461,213842_x_at
5.2401,5.2401,5.4011,213843_x_at
4.1868,4.1868,4.1769,213845_at
9.5356,9.5356,9.4423,213846_at
5.4408,5.4408,6.2503,213847_at
6.4059,6.4059,4.9581,213848_at
5.1702,5.1702,4.7921,213849_s_at
10.4065,10.4065,9.8998,213850_s_at
8.0543,8.0543,8.1107,213852_at
5.9276,5.9276,7.1867,213853_at
8.8818,8.8818,6.7433,213854_at
5.6117,5.6117,5.8845,213855_s_at
6.0585,6.0585,5.61,213856_at
12.72,12.72,12.6986,213857_s_at
4.4209,4.4209,6.2048,213858_at
6.6889,6.6889,6.7349,213859_x_at
10.9455,10.9455,10.8433,213860_x_at
5.5101,5.5101,6.361,213861_s_at
4.1869,4.1869,5.0507,213862_at
4.9636,4.9636,5.3384,213863_s_at
14.4153,14.4153,14.2079,213864_s_at
4.1869,4.1869,4.1769,213865_at
5.3331,5.3331,5.7943,213866_at
14.6732,14.6732,14.863,213867_x_at
4.187,4.187,4.177,213868_s_at
5.0622,5.0622,5.7606,213869_x_at
5.9975,5.9975,5.7578,213870_at
4.6411,4.6411,4.4578,213871_s_at
11.9902,11.9902,11.9376,213872_at
5.606,5.606,6.1473,213873_at
5.8336,5.8336,6.5684,213874_at
8.635,8.635,7.8081,213875_x_at
7.1607,7.1607,6.8694,213877_x_at
6.702,6.702,7.575,213878_at
7.1262,7.1262,6.828,213879_at
4.3298,4.3298,5.8021,213880_at
13.762,13.762,13.7674,213881_x_at
6.3309,6.3309,6.1121,213882_at
8.2449,8.2449,7.6233,213883_s_at
4.187,4.187,4.2764,213884_s_at
6.639,6.639,6.4925,213885_at
7.5709,7.5709,8.74,213887_s_at
7.6966,7.6966,7.0915,213888_s_at
5.9266,5.9266,6.0759,213889_at
14.863,14.863,14.8644,213890_x_at
12.0862,12.0862,9.843,213891_s_at
9.8485,9.8485,9.4914,213892_s_at
8.9776,8.9776,9.6363,213893_x_at
4.6213,4.6213,4.258,213894_at
4.4762,4.4762,4.8583,213895_at
5.418,5.418,6.0544,213896_x_at
9.6233,9.6233,10.2779,213897_s_at
4.9655,4.9655,5.6805,213898_at
7.0601,7.0601,6.8071,213899_at
5.8868,5.8868,6.7572,213900_at
4.3327,4.3327,4.4276,213901_x_at
9.0273,9.0273,8.8493,213902_at
4.1871,4.1871,5.2931,213903_s_at
4.3807,4.3807,4.795,213904_at
5.7437,5.7437,5.2239,213905_x_at
5.6873,5.6873,6.0318,213906_at
6.0177,6.0177,5.4057,213907_at
8.3608,8.3608,6.004,213908_at
5.2521,5.2521,4.617,213909_at
6.1104,6.1104,4.929,213910_at
14.3661,14.3661,14.3202,213911_s_at
4.1872,4.1872,4.84,213912_at
6.3623,6.3623,5.744,213914_s_at
5.7111,5.7111,4.9271,213915_at
4.7435,4.7435,6.3001,213916_at
5.166,5.166,5.6808,213917_at
6.2188,6.2188,6.1871,213919_at
4.879,4.879,4.2739,213920_at
4.9005,4.9005,4.4243,213921_at
7.7452,7.7452,5.9342,213922_at
10.1981,10.1981,9.0736,213923_at
4.5542,4.5542,5.2715,213924_at
4.1872,4.1872,4.8435,213925_at
7.6316,7.6316,6.9713,213926_s_at
5.3872,5.3872,5.9133,213927_at
5.2796,5.2796,5.1136,213928_s_at
5.657,5.657,5.3046,213929_at
5.6269,5.6269,5.4229,213930_at
9.2309,9.2309,8.6834,213931_at
14.7673,14.7673,14.6608,213932_x_at
5.0186,5.0186,4.8528,213933_at
5.4086,5.4086,5.4873,213934_s_at
6.1448,6.1448,6.065,213935_at
6.9146,6.9146,6.8831,213936_x_at
6.3523,6.3523,7.0687,213937_s_at
4.1873,4.1873,4.1771,213938_at
7.6716,7.6716,5.8721,213939_s_at
10.6384,10.6384,9.9309,213940_s_at
14.7403,14.7403,14.7379,213941_x_at
8.3483,8.3483,6.2506,213942_at
4.1874,4.1874,4.1771,213943_at
8.1574,8.1574,8.5477,213944_x_at
6.5904,6.5904,6.4943,213945_s_at
5.2196,5.2196,4.3515,213946_s_at
8.4122,8.4122,9.8768,213947_s_at
5.2867,5.2867,5.3694,213948_x_at
4.1874,4.1874,5.8456,213949_s_at
4.9062,4.9062,4.5096,213950_s_at
6.8277,6.8277,7.5131,213951_s_at
5.6373,5.6373,5.9511,213952_s_at
4.1875,4.1875,4.3283,213953_at
6.5257,6.5257,6.405,213954_at
4.6076,4.6076,4.6756,213955_at
9.4778,9.4778,7.5964,213956_at
7.8257,7.8257,7.4342,213957_s_at
6.1375,6.1375,6.3034,213958_at
5.0424,5.0424,4.2893,213959_s_at
5.5413,5.5413,5.9302,213960_at
4.5727,4.5727,4.2874,213961_s_at
5.7719,5.7719,5.8923,213962_s_at
5.9697,5.9697,5.3601,213963_s_at
4.4674,4.4674,4.1772,213964_x_at
4.6373,4.6373,4.6469,213965_s_at
5.27,5.27,4.62,213966_at
5.4898,5.4898,4.1772,213967_at
5.2244,5.2244,5.0492,213968_at
14.7756,14.7756,14.7875,213969_x_at
6.7572,6.7572,7.2018,213970_at
10.0243,10.0243,10.4197,213971_s_at
4.3255,4.3255,4.1773,213972_at
6.4524,6.4524,6.6424,213973_at
5.0045,5.0045,4.4863,213974_at
4.1875,4.1875,4.1773,213975_s_at
5.2298,5.2298,4.9046,213976_at
7.4188,7.4188,7.427,213977_s_at
4.1876,4.1876,4.2721,213978_at
7.8113,7.8113,7.4098,213979_s_at
10.1294,10.1294,10.001,213980_s_at
6.497,6.497,6.0094,213981_at
9.3709,9.3709,8.8988,213982_s_at
7.7579,7.7579,8.5127,213983_s_at
7.3372,7.3372,7.7673,213984_at
4.1877,4.1877,4.3491,213985_s_at
6.2079,6.2079,5.7925,213986_s_at
4.5067,4.5067,4.1774,213987_s_at
6.6075,6.6075,8.244,213988_s_at
7.0735,7.0735,7.5006,213989_x_at
5.2001,5.2001,4.4504,213990_s_at
4.8009,4.8009,4.9209,213991_s_at
5.5233,5.5233,5.8407,213992_at
4.4539,4.4539,4.1774,213993_at
4.1877,4.1877,4.1775,213994_s_at
7.3829,7.3829,8.1093,213996_at
4.4272,4.4272,4.4112,213997_at
8.182,8.182,6.6121,213998_s_at
5.1371,5.1371,4.3303,213999_at
5.5797,5.5797,4.2658,214000_s_at
6.9405,6.9405,7.1691,214001_x_at
7.8531,7.8531,7.4634,214002_at
14.8854,14.8854,14.795,214003_x_at
10.2239,10.2239,8.059,214004_s_at
8.7226,8.7226,8.8499,214005_at
6.81,6.81,5.9289,214006_s_at
5.432,5.432,5.8886,214007_s_at
4.1878,4.1878,4.1775,214008_at
6.1624,6.1624,6.5608,214009_at
4.4382,4.4382,4.6573,214010_s_at
8.3656,8.3656,8.5163,214011_s_at
7.7638,7.7638,6.5614,214012_at
4.4337,4.4337,5.3944,214013_s_at
4.3926,4.3926,4.525,214014_at
5.1466,5.1466,4.4196,214015_at
13.2046,13.2046,12.1507,214016_s_at
5.1578,5.1578,5.8697,214017_s_at
4.1879,4.1879,4.1776,214018_at
4.6429,4.6429,4.1777,214019_at
4.1879,4.1879,4.1777,214020_x_at
4.188,4.188,4.5927,214021_x_at
8.4431,8.4431,8.7395,214022_s_at
4.188,4.188,4.9224,214023_x_at
4.4712,4.4712,4.6369,214024_s_at
5.7167,5.7167,5.0717,214025_at
4.1881,4.1881,4.1778,214026_s_at
5.4747,5.4747,4.6739,214027_x_at
5.6095,5.6095,4.6531,214028_x_at
4.1882,4.1882,4.5394,214029_at
5.8697,5.8697,5.3512,214030_at
4.1882,4.1882,4.1778,214031_s_at
7.8896,7.8896,7.6361,214032_at
5.0814,5.0814,5.3386,214033_at
4.7831,4.7831,4.5975,214034_at
11.2057,11.2057,10.2491,214035_x_at
6.5817,6.5817,6.5596,214036_at
6.6069,6.6069,5.812,214037_s_at
5.8671,5.8671,4.8823,214038_at
7.7316,7.7316,8.369,214039_s_at
4.4666,4.4666,4.1779,214040_s_at
5.389,5.389,5.143,214041_x_at
14.1359,14.1359,14.2134,214042_s_at
8.0569,8.0569,6.3895,214043_at
4.79,4.79,4.1779,214044_at
5.9761,5.9761,5.5554,214045_at
4.3051,4.3051,4.5037,214046_at
8.798,8.798,8.3131,214047_s_at
5.9935,5.9935,5.7398,214048_at
4.508,4.508,4.5838,214049_x_at
8.4045,8.4045,9.0408,214051_at
7.2519,7.2519,7.0904,214052_x_at
5.4628,5.4628,6.1356,214053_at
5.2622,5.2622,6.274,214054_at
9.7588,9.7588,8.8864,214055_x_at
6.5648,6.5648,6.4733,214056_at
6.4559,6.4559,5.8824,214057_at
5.5892,5.5892,5.8959,214058_at
6.3126,6.3126,4.8274,214059_at
8.4441,8.4441,8.2703,214060_at
5.157,5.157,4.178,214063_s_at
4.6645,4.6645,4.5625,214064_at
5.7659,5.7659,5.2175,214065_s_at
5.1812,5.1812,4.701,214066_x_at
4.3881,4.3881,4.7171,214067_at
5.6517,5.6517,5.2418,214068_at
5.1256,5.1256,5.1316,214069_at
6.4042,6.4042,6.3303,214070_s_at
4.9319,4.9319,4.6384,214071_at
5.5957,5.5957,5.0948,214072_x_at
4.1883,4.1883,4.178,214073_at
7.166,7.166,6.0889,214075_at
6.7392,6.7392,5.827,214076_at
6.6549,6.6549,5.0299,214077_x_at
4.1884,4.1884,4.1781,214078_at
8.6535,8.6535,9.3716,214080_x_at
5.7798,5.7798,5.1341,214081_at
5.8954,5.8954,4.5557,214082_at
7.324,7.324,7.677,214083_at
7.2602,7.2602,8.5765,214084_x_at
7.9233,7.9233,7.4188,214085_x_at
5.1842,5.1842,5.4916,214087_s_at
5.6107,5.6107,5.6472,214088_s_at
4.1884,4.1884,4.7495,214089_at
4.5994,4.5994,4.7965,214090_at
5.7958,5.7958,6.5862,214091_s_at
9.9535,9.9535,10,214092_x_at
11.035,11.035,9.2335,214093_s_at
6.041,6.041,4.3771,214094_at
6.585,6.585,7.9532,214095_at
11.2144,11.2144,11.2675,214097_at
5.1785,5.1785,4.3237,214098_at
4.3312,4.3312,5.4079,214099_s_at
8.6407,8.6407,8.4284,214100_x_at
5.3524,5.3524,5.5342,214101_s_at
9.0838,9.0838,9.0806,214102_at
4.6577,4.6577,4.2693,214103_s_at
5.4544,5.4544,5.4954,214104_at
5.514,5.514,5.2807,214105_at
8.7428,8.7428,8.6154,214107_x_at
7.4133,7.4133,6.7926,214108_at
8.6759,8.6759,8.6975,214109_at
6.3754,6.3754,5.6219,214110_s_at
4.1885,4.1885,4.4847,214111_at
9.0192,9.0192,9.3782,214112_s_at
7.7187,7.7187,7.8933,214113_s_at
8.9282,8.9282,8.1896,214114_x_at
4.1885,4.1885,4.2845,214115_at
5.7968,5.7968,5.7391,214116_at
5.0297,5.0297,5.9916,214117_s_at
7.9167,7.9167,8.4337,214118_x_at
8.116,8.116,8.1169,214119_s_at
4.8705,4.8705,4.6726,214120_at
4.8629,4.8629,5.5356,214121_x_at
4.8997,4.8997,5.4256,214122_at
4.4524,4.4524,4.1782,214123_s_at
6.8236,6.8236,6.7032,214124_x_at
5.1814,5.1814,4.4173,214125_s_at
5.5119,5.5119,6.2145,214126_at
4.3356,4.3356,4.1782,214127_s_at
4.3106,4.3106,5.2222,214128_at
6.1644,6.1644,6.0174,214129_at
5.1473,5.1473,4.3434,214130_s_at
8.4055,8.4055,6.8822,214131_at
7.2671,7.2671,7.1871,214132_at
4.4823,4.4823,5.5459,214133_at
4.1886,4.1886,4.1783,214134_at
5.7826,5.7826,5.8118,214135_at
5.1975,5.1975,5.3206,214136_at
4.5689,4.5689,5.7568,214137_at
4.412,4.412,4.4294,214138_at
6.1173,6.1173,6.3948,214139_at
6.3312,6.3312,5.2469,214140_at
12.6672,12.6672,13.4612,214141_x_at
4.1887,4.1887,4.3037,214142_at
14.8751,14.8751,14.8867,214143_x_at
5.8905,5.8905,6.1442,214144_at
4.84,4.84,4.5977,214145_s_at
5.2668,5.2668,4.5121,214146_s_at
4.6431,4.6431,4.7012,214147_at
6.8608,6.8608,5.8123,214148_at
5.0736,5.0736,5.8433,214149_s_at
9.2464,9.2464,9.0427,214150_x_at
5.6666,5.6666,6.2731,214151_s_at
4.5908,4.5908,5.1785,214152_at
7.5428,7.5428,7.8321,214153_at
4.1887,4.1887,4.2706,214154_s_at
5.5192,5.5192,5.7462,214155_s_at
4.1888,4.1888,4.7192,214156_at
10.9999,10.9999,9.4274,214157_at
4.7155,4.7155,4.3895,214158_s_at
4.9865,4.9865,4.1783,214159_at
4.341,4.341,5.4898,214160_at
4.1889,4.1889,5.7167,214161_at
4.1889,4.1889,4.4464,214162_at
6.3332,6.3332,5.5013,214163_at
5.0119,5.0119,5.8682,214164_x_at
4.189,4.189,4.1784,214165_s_at
6.526,6.526,5.6961,214166_at
14.621,14.621,14.6992,214167_s_at
5.2324,5.2324,5.7616,214168_s_at
8.075,8.075,7.9266,214169_at
9.2914,9.2914,10.0822,214170_x_at
5.1162,5.1162,4.5042,214171_s_at
5.94,5.94,6.6007,214172_x_at
8.8812,8.8812,9.5702,214173_x_at
5.5554,5.5554,4.3049,214174_s_at
4.4167,4.4167,4.274,214175_x_at
7.3567,7.3567,6.6775,214176_s_at
11.1882,11.1882,8.54,214177_s_at
5.7152,5.7152,5.863,214178_s_at
7.6376,7.6376,7.2454,214179_s_at
5.9736,5.9736,6.6311,214180_at
7.6433,7.6433,5.6731,214181_x_at
9.1522,9.1522,8.1982,214182_at
4.189,4.189,4.3453,214183_s_at
5.257,5.257,5.2867,214184_at
6.8934,6.8934,7.5301,214185_at
6.6253,6.6253,7.0648,214186_s_at
4.3194,4.3194,5.7727,214187_x_at
6.2646,6.2646,5.3429,214188_at
5.5395,5.5395,5.7887,214189_s_at
4.1891,4.1891,4.3676,214190_x_at
4.933,4.933,5.3735,214191_at
7.4317,7.4317,7.7559,214192_at
5.5249,5.5249,6.0024,214193_s_at
6.3871,6.3871,7.1346,214194_at
4.6973,4.6973,4.3563,214195_at
6.4835,6.4835,6.5844,214196_s_at
7.0222,7.0222,7.4094,214197_s_at
7.6663,7.6663,7.4234,214198_s_at
4.1892,4.1892,4.3546,214199_at
4.9271,4.9271,4.6515,214200_s_at
8.1829,8.1829,7.4749,214201_x_at
7.1276,7.1276,6.5895,214202_at
4.1892,4.1892,5.8926,214203_s_at
4.8692,4.8692,4.9691,214204_at
6.8093,6.8093,7.3257,214205_x_at
4.1893,4.1893,4.1784,214206_at
4.1894,4.1894,4.1785,214207_s_at
4.1894,4.1894,4.3759,214208_at
5.6627,5.6627,5.7855,214209_s_at
5.8004,5.8004,5.9628,214210_at
8.2082,8.2082,9.0032,214211_at
5.5885,5.5885,5.3122,214212_x_at
6.5641,6.5641,7.7083,214213_x_at
10.1546,10.1546,10.612,214214_s_at
4.9773,4.9773,4.3217,214215_s_at
4.1895,4.1895,4.1786,214216_s_at
4.69,4.69,4.601,214217_at
4.8057,4.8057,5.3497,214218_s_at
9.7675,9.7675,9.7347,214219_x_at
7.5657,7.5657,7.9757,214220_s_at
5.633,5.633,5.814,214222_at
5.6505,5.6505,4.9098,214223_at
9.3111,9.3111,10.2109,214224_s_at
5.236,5.236,4.7553,214225_at
6.5544,6.5544,6.7471,214226_at
5.4424,5.4424,5.6548,214227_at
4.1896,4.1896,6.2449,214228_x_at
5.8118,5.8118,6.1476,214229_at
11.5644,11.5644,11.1813,214230_at
5.6214,5.6214,5.7564,214231_s_at
6.5126,6.5126,5.8814,214232_at
5.9668,5.9668,5.7225,214233_at
4.8024,4.8024,4.8609,214234_s_at
5.5526,5.5526,5.5222,214235_at
5.1034,5.1034,4.7318,214236_at
4.4479,4.4479,4.5482,214237_x_at
4.912,4.912,5.454,214238_at
5.2869,5.2869,5.1006,214239_x_at
4.1896,4.1896,5.1757,214240_at
7.0988,7.0988,6.7352,214241_at
4.7924,4.7924,4.9226,214242_at
5.949,5.949,8.0015,214243_s_at
4.4679,4.4679,4.9118,214244_s_at
5.877,5.877,6.0675,214245_at
7.741,7.741,7.8358,214246_x_at
4.4013,4.4013,4.4425,214247_s_at
4.6227,4.6227,4.1786,214248_s_at
4.1897,4.1897,4.3171,214249_at
6.829,6.829,5.1827,214250_at
5.8876,5.8876,4.4049,214251_s_at
7.3861,7.3861,7.3288,214252_s_at
4.4148,4.4148,4.5929,214253_s_at
5.1889,5.1889,4.7878,214254_at
7.0482,7.0482,4.9955,214255_at
5.2003,5.2003,6.3295,214256_at
9.7252,9.7252,9.2623,214257_s_at
8.3852,8.3852,9.2146,214258_x_at
4.6952,4.6952,5.1638,214260_at
4.8212,4.8212,4.6427,214261_s_at
4.1898,4.1898,4.1787,214262_at
6.7468,6.7468,7.9441,214264_s_at
4.9803,4.9803,5.472,214265_at
4.1898,4.1898,5.2212,214266_s_at
4.1899,4.1899,4.1787,214267_s_at
8.0633,8.0633,8.262,214268_s_at
4.4047,4.4047,4.2722,214269_at
4.19,4.19,4.5019,214270_s_at
14.7496,14.7496,14.8309,214271_x_at
5.8773,5.8773,5.7539,214272_at
7.2384,7.2384,7.0412,214273_x_at
4.5941,4.5941,4.3481,214275_at
6.7349,6.7349,5.9607,214276_at
4.19,4.19,4.6371,214277_at
4.4137,4.4137,4.9741,214278_s_at
5.0496,5.0496,5.4705,214279_s_at
14.1079,14.1079,14.4715,214280_x_at
9.0223,9.0223,8.286,214281_s_at
4.9247,4.9247,4.1788,214282_at
5.3603,5.3603,6.7205,214283_at
5.5822,5.5822,4.4209,214284_s_at
4.4714,4.4714,4.3039,214285_at
5.4348,5.4348,4.5318,214286_at
5.9806,5.9806,5.6939,214287_s_at
13.4367,13.4367,13.7132,214288_s_at
5.5869,5.5869,6.4351,214289_at
11.708,11.708,10.6855,214290_s_at
7.6452,7.6452,7.1004,214291_at
4.1901,4.1901,4.1788,214292_at
6.3506,6.3506,5.4093,214293_at
5.8829,5.8829,5.5589,214294_at
4.1902,4.1902,5.1008,214295_at
4.9829,4.9829,5.4317,214296_x_at
4.773,4.773,4.3218,214297_at
8.8766,8.8766,9.1138,214298_x_at
7.4152,7.4152,7.7351,214299_at
4.3587,4.3587,4.1789,214300_s_at
4.5925,4.5925,5.6733,214301_s_at
4.309,4.309,4.1789,214302_x_at
4.4982,4.4982,4.2594,214303_x_at
4.1902,4.1902,4.179,214304_x_at
10.6705,10.6705,10.992,214305_s_at
6.605,6.605,6.6188,214306_at
4.1903,4.1903,4.6263,214307_at
5.925,5.925,5.8387,214308_s_at
4.1904,4.1904,4.3874,214309_s_at
5.254,5.254,6.4348,214310_s_at
6.4616,6.4616,5.8057,214311_at
4.7094,4.7094,4.8786,214312_at
5.4282,5.4282,5.1834,214313_s_at
6.3031,6.3031,5.9946,214314_s_at
8.5102,8.5102,8.2208,214315_x_at
8.0958,8.0958,7.6612,214316_x_at
14.9015,14.9015,14.9198,214317_x_at
4.9747,4.9747,5.0494,214318_s_at
4.3376,4.3376,4.6836,214319_at
5.3811,5.3811,6.0207,214320_x_at
5.0426,5.0426,4.8788,214321_at
6.1574,6.1574,5.7761,214322_at
11.1607,11.1607,10.767,214323_s_at
4.6413,4.6413,5.6558,214324_at
4.1904,4.1904,4.1791,214325_at
7.8129,7.8129,7.1478,214326_x_at
14.8196,14.8196,14.6246,214327_x_at
14.6992,14.6992,14.7756,214328_s_at
4.7726,4.7726,4.8953,214329_x_at
7.6529,7.6529,6.7392,214330_at
4.1905,4.1905,5.2589,214331_at
5.2601,5.2601,5.7381,214332_s_at
8.4451,8.4451,8.9667,214333_x_at
14.0631,14.0631,14.3458,214334_x_at
7.2876,7.2876,6.8637,214335_at
6.3016,6.3016,6.6589,214336_s_at
5.2032,5.2032,4.9827,214337_at
7.1987,7.1987,6.8198,214338_at
9.6289,9.6289,9.6795,214339_s_at
5.4238,5.4238,5.8367,214340_at
5.1206,5.1206,5.2933,214341_at
5.4194,5.4194,5.7128,214342_at
4.1905,4.1905,4.1791,214343_s_at
5.5156,5.5156,5.839,214344_at
5.897,5.897,6.2884,214345_at
4.1906,4.1906,4.1792,214346_at
4.288,4.288,4.6471,214347_s_at
4.421,4.421,4.4608,214348_at
8.7346,8.7346,8.6986,214349_at
4.6611,4.6611,4.83,214350_at
14.7913,14.7913,14.6965,214351_x_at
10.1916,10.1916,11.1779,214352_s_at
6.3439,6.3439,6.3532,214353_at
6.723,6.723,6.5114,214354_x_at
6.8226,6.8226,7.6217,214355_x_at
8.562,8.562,7.8758,214356_s_at
5.4439,5.4439,6.2895,214357_at
4.4049,4.4049,4.6741,214358_at
8.4956,8.4956,10.9163,214359_s_at
4.3218,4.3218,4.1792,214360_at
4.3843,4.3843,5.3555,214361_s_at
4.1907,4.1907,5.5204,214362_at
13.8887,13.8887,13.8387,214363_s_at
6.0264,6.0264,6.4781,214364_at
5.7257,5.7257,5.7541,214365_at
6.7484,6.7484,7.7293,214366_s_at
4.9064,4.9064,4.6991,214367_at
6.6203,6.6203,5.7581,214368_at
11.014,11.014,9.0927,214369_s_at
4.1907,4.1907,4.1793,214370_at
4.1908,4.1908,4.1793,214371_at
6.3407,6.3407,5.9785,214372_x_at
8.9395,8.9395,7.4396,214373_at
7.0396,7.0396,4.2859,214374_s_at
8.0561,8.0561,5.5638,214375_at
4.4923,4.4923,5.7265,214376_at
7.0641,7.0641,6.2552,214377_s_at
5.0398,5.0398,4.2557,214378_at
4.8847,4.8847,4.8346,214379_at
4.8528,4.8528,4.4466,214380_at
4.8046,4.8046,4.9931,214381_at
4.3129,4.3129,4.8911,214382_at
7.3932,7.3932,7.7839,214383_x_at
6.5344,6.5344,5.7736,214384_s_at
4.313,4.313,4.1794,214385_s_at
4.4619,4.4619,4.5044,214386_at
4.1908,4.1908,4.1795,214387_x_at
5.1176,5.1176,4.1795,214388_at
4.4415,4.4415,4.1796,214389_at
5.7756,5.7756,4.65,214390_s_at
4.8059,4.8059,5.0252,214391_x_at
4.4245,4.4245,5.1672,214392_at
4.7128,4.7128,4.3117,214393_at
14.7797,14.7797,14.7987,214394_x_at
6.2067,6.2067,6.6504,214395_x_at
4.8838,4.8838,4.4817,214396_s_at
5.3044,5.3044,4.9902,214397_at
6.1664,6.1664,6.0418,214398_s_at
4.1909,4.1909,4.1796,214399_s_at
4.191,4.191,4.1797,214400_at
5.9679,5.9679,6.1608,214401_at
6.9544,6.9544,7.2032,214402_s_at
6.548,6.548,6.2887,214403_x_at
7.2886,7.2886,6.354,214405_at
4.191,4.191,4.4093,214406_s_at
4.3132,4.3132,4.4624,214407_x_at
4.7522,4.7522,5.7024,214408_s_at
5.1865,5.1865,5.5559,214409_at
4.1911,4.1911,4.8566,214410_at
5.9479,5.9479,5.8557,214411_x_at
4.5152,4.5152,4.4798,214412_at
4.1912,4.1912,4.1797,214413_at
7.3394,7.3394,6.264,214414_x_at
6.2122,6.2122,5.0942,214415_at
4.1912,4.1912,4.1798,214416_at
5.7901,5.7901,5.9612,214417_s_at
4.1913,4.1913,4.2534,214418_at
6.2053,6.2053,5.3444,214419_s_at
4.5126,4.5126,4.3238,214420_s_at
5.5815,5.5815,6.1498,214421_x_at
5.5378,5.5378,5.1053,214422_at
5.5251,5.5251,4.8234,214423_x_at
4.1914,4.1914,5.0436,214424_s_at
5.9633,5.9633,5.7361,214425_at
9.1509,9.1509,10.1736,214426_x_at
8.6061,8.6061,9.3571,214427_at
6.1256,6.1256,5.7628,214428_x_at
10.9057,10.9057,9.1081,214429_at
8.6631,8.6631,9.7886,214430_at
10.9858,10.9858,11.097,214431_at
5.1089,5.1089,5.4695,214432_at
5.046,5.046,5.7618,214433_s_at
4.1914,4.1914,4.1799,214434_at
4.8927,4.8927,4.3945,214436_at
8.0832,8.0832,9.323,214437_s_at
9.5862,9.5862,7.5635,214438_at
8.9866,8.9866,8.4986,214439_x_at
6.9857,6.9857,7.9163,214440_at
6.3898,6.3898,6.376,214441_at
9.2956,9.2956,9.9507,214442_s_at
5.2246,5.2246,4.8825,214443_at
4.83,4.83,4.4441,214444_s_at
5.2702,5.2702,5.7714,214445_at
4.4497,4.4497,4.3564,214446_at
7.0402,7.0402,7.1235,214448_x_at
7.036,7.036,6.9451,214449_s_at
4.1915,4.1915,4.1799,214450_at
4.1916,4.1916,4.4887,214451_at
6.0158,6.0158,6.566,214452_at
8.1023,8.1023,7.2515,214453_s_at
4.1916,4.1916,4.267,214454_at
7.4828,7.4828,6.7706,214455_at
4.8426,4.8426,5.225,214456_x_at
4.1917,4.1917,5.1072,214457_at
5.4991,5.4991,5.4357,214458_at
14.7817,14.7817,14.8293,214459_x_at
4.1918,4.1918,4.18,214460_at
4.1918,4.1918,4.18,214461_at
5.5575,5.5575,5.465,214462_at
8.1735,8.1735,8.5436,214463_x_at
7.0452,7.0452,6.4467,214464_at
4.3509,4.3509,4.8555,214465_at
4.1919,4.1919,4.2567,214466_at
5.2307,5.2307,5.9825,214467_at
4.192,4.192,4.1801,214468_at
8.2023,8.2023,7.4083,214469_at
5.2951,5.2951,5.2828,214470_at
7.3179,7.3179,6.7954,214471_x_at
7.5102,7.5102,7.8378,214472_at
6.5584,6.5584,6.1641,214474_at
7.5286,7.5286,5.0668,214475_x_at
4.1921,4.1921,4.6088,214476_at
4.1921,4.1921,4.1801,214477_at
6.0743,6.0743,6.2509,214478_at
4.9146,4.9146,4.5484,214479_at
4.1922,4.1922,4.1802,214480_at
7.139,7.139,7.1071,214481_at
7.6338,7.6338,6.8857,214482_at
4.1922,4.1922,5.3646,214483_s_at
6.0283,6.0283,6.9642,214484_s_at
5.8523,5.8523,5.5069,214485_at
7.003,7.003,6.4336,214486_x_at
7.8729,7.8729,7.9694,214487_s_at
4.1923,4.1923,4.1803,214488_at
5.0428,5.0428,5.3017,214489_at
4.3377,4.3377,5.166,214490_at
4.3698,4.3698,4.4686,214491_at
5.2075,5.2075,4.3455,214492_at
4.1924,4.1924,4.1803,214493_s_at
10.1927,10.1927,8.9193,214494_s_at
4.1924,4.1924,5.8014,214495_at
8.4156,8.4156,7.8721,214496_x_at
4.1925,4.1925,4.1804,214497_s_at
5.1978,5.1978,5.0142,214498_at
10.1778,10.1778,9.345,214499_s_at
7.0455,7.0455,6.541,214500_at
13.2136,13.2136,13.3601,214501_s_at
5.198,5.198,4.2632,214502_at
4.1926,4.1926,4.48,214503_x_at
4.1927,4.1927,4.1804,214504_at
8.3919,8.3919,7.9478,214505_s_at
5.8039,5.8039,6.0715,214506_at
4.5996,4.5996,4.716,214507_s_at
6.0318,6.0318,6.2996,214508_x_at
5.9294,5.9294,5.7312,214509_at
4.7451,4.7451,4.3492,214510_at
5.646,5.646,4.2765,214511_x_at
8.9,8.9,8.4446,214512_s_at
7.39,7.39,7.8309,214513_s_at
4.1927,4.1927,4.3157,214514_at
4.7407,4.7407,4.8402,214515_at
5.8656,5.8656,5.128,214516_at
4.3022,4.3022,4.4113,214517_at
5.3182,5.3182,5.9705,214518_at
5.6342,5.6342,5.4499,214519_s_at
4.4184,4.4184,4.7149,214520_at
4.838,4.838,4.3093,214521_at
6.8217,6.8217,5.6164,214522_x_at
4.6306,4.6306,5.897,214523_at
5.1868,5.1868,5.332,214524_at
5.6392,5.6392,6.132,214525_x_at
8.88,8.88,9.6306,214526_x_at
9.4038,9.4038,9.5107,214527_s_at
4.1928,4.1928,4.2846,214528_s_at
6.0908,6.0908,5.9442,214529_at
4.1929,4.1929,4.1805,214530_x_at
6.7187,6.7187,5.8459,214531_s_at
6.1577,6.1577,6.3824,214532_x_at
5.0233,5.0233,4.1805,214533_at
5.9731,5.9731,5.0496,214534_at
5.4911,5.4911,4.3497,214535_s_at
5.2993,5.2993,4.1806,214536_at
8.9673,8.9673,8.5011,214537_at
4.3479,4.3479,4.6122,214538_x_at
5.1672,5.1672,5.3916,214539_at
6.1773,6.1773,5.0323,214540_at
4.1929,4.1929,4.1807,214541_s_at
7.2223,7.2223,7.0005,214542_x_at
6.3193,6.3193,6.7103,214543_x_at
5.5263,5.5263,5.5261,214544_s_at
4.8831,4.8831,5.8936,214545_s_at
4.864,4.864,4.5361,214546_s_at
4.5186,4.5186,4.5363,214547_at
14.795,14.795,14.7673,214548_x_at
6.2836,6.2836,5.6195,214549_x_at
7.0145,7.0145,7.1789,214550_s_at
4.193,4.193,4.1807,214551_s_at
5.9916,5.9916,6.8068,214552_s_at
7.3772,7.3772,6.7175,214553_s_at
6.8522,6.8522,6.4398,214554_at
5.1904,5.1904,4.7014,214555_at
5.0816,5.0816,5.9019,214556_at
5.2154,5.2154,4.8585,214557_at
6.4751,6.4751,6.2102,214558_at
4.1931,4.1931,4.1808,214559_at
5.6587,5.6587,5.5263,214560_at
4.8465,4.8465,5.1138,214561_at
4.1931,4.1931,5.0203,214562_at
4.7982,4.7982,4.6773,214563_at
5.4675,5.4675,5.7131,214564_s_at
4.5463,4.5463,4.3415,214565_s_at
5.3046,5.3046,4.8129,214566_at
4.1932,4.1932,4.1808,214567_s_at
4.5314,4.5314,4.3185,214568_at
4.9053,4.9053,4.4669,214569_at
5.7613,5.7613,4.6947,214570_x_at
4.1933,4.1933,4.1809,214571_at
5.2048,5.2048,5.0462,214572_s_at
8.1392,8.1392,7.0871,214574_x_at
4.1933,4.1933,5.1717,214575_s_at
4.1934,4.1934,4.1809,214576_at
4.5166,4.5166,4.181,214577_at
8.3814,8.3814,9.2596,214578_s_at
4.3357,4.3357,4.7195,214579_at
4.1934,4.1934,4.1811,214580_x_at
6.2657,6.2657,5.9506,214581_x_at
5.5902,5.5902,6.6853,214582_at
5.6695,5.6695,5.4652,214583_at
4.3256,4.3256,4.3105,214584_x_at
4.835,4.835,4.1811,214586_at
4.1935,4.1935,4.5667,214587_at
5.3049,5.3049,4.4426,214588_s_at
4.7761,4.7761,4.1812,214589_at
4.8888,4.8888,4.8796,214590_s_at
4.8513,4.8513,4.324,214591_at
4.1936,4.1936,4.3849,214592_s_at
4.1936,4.1936,4.1812,214593_at
9.3047,9.3047,8.7237,214594_x_at
4.1937,4.1937,4.3902,214595_at
4.1938,4.1938,4.4865,214596_at
4.1938,4.1938,4.7976,214597_at
4.4512,4.4512,4.7822,214598_at
5.8283,5.8283,5.746,214599_at
4.1939,4.1939,4.9938,214600_at
4.3863,4.3863,4.1813,214601_at
4.194,4.194,4.1813,214602_at
4.194,4.194,4.1814,214603_at
5.8477,5.8477,5.2676,214604_at
4.6022,4.6022,5.2003,214605_x_at
4.6284,4.6284,4.1815,214606_at
6.1588,6.1588,6.12,214607_at
4.4554,4.4554,4.9629,214608_s_at
5.4522,5.4522,6.3274,214609_at
6.0461,6.0461,5.585,214610_at
4.1941,4.1941,5.6577,214611_at
4.1942,4.1942,4.6839,214612_x_at
6.9926,6.9926,6.7948,214613_at
5.1017,5.1017,4.3896,214614_at
5.5679,5.5679,5.8288,214615_at
6.1711,6.1711,5.9229,214616_at
5.4128,5.4128,5.124,214617_at
4.6182,4.6182,5.3264,214618_at
6.3957,6.3957,4.4741,214619_at
5.5015,5.5015,5.0953,214620_x_at
4.1942,4.1942,4.5809,214621_at
4.5998,4.5998,4.4491,214622_at
10.7813,10.7813,9.3686,214623_at
5.459,5.459,5.4251,214624_at
4.2922,4.2922,4.3251,214625_s_at
7.915,7.915,8.2832,214626_s_at
5.9612,5.9612,6.1588,214627_at
4.4383,4.4383,4.9358,214628_at
13.034,13.034,11.9253,214629_x_at
4.7292,4.7292,4.9164,214630_at
4.3671,4.3671,4.4743,214631_at
5.4646,5.4646,5.1918,214632_at
4.1943,4.1943,5.1674,214633_at
4.3391,4.3391,4.1815,214634_at
5.2093,5.2093,5.3946,214635_at
5.5103,5.5103,5.5045,214636_at
4.5038,4.5038,5.7287,214637_at
6.3416,6.3416,5.3681,214638_s_at
4.1944,4.1944,4.1816,214639_s_at
4.6533,4.6533,4.1816,214640_at
4.2952,4.2952,4.1817,214641_at
5.6051,5.6051,5.0119,214642_x_at
7.3602,7.3602,7.0399,214643_x_at
4.7111,4.7111,4.1818,214644_at
5.2924,5.2924,5.279,214645_at
5.6375,5.6375,5.6714,214646_at
4.4315,4.4315,4.2595,214647_s_at
4.7416,4.7416,5.5946,214648_at
5.4677,5.4677,6.161,214649_s_at
5.3066,5.3066,5.4165,214650_x_at
8.1645,8.1645,5.6285,214651_s_at
4.6483,4.6483,4.1818,214652_at
4.8188,4.8188,4.43,214655_at
7.6526,7.6526,8.1019,214656_x_at
6.7728,6.7728,6.7794,214657_s_at
6.6992,6.6992,6.8452,214658_at
8.8876,8.8876,8.423,214659_x_at
4.3313,4.3313,4.1819,214660_at
8.3978,8.3978,8.9046,214661_s_at
7.7575,7.7575,7.3457,214662_at
6.8337,6.8337,5.5083,214663_at
4.1944,4.1944,4.8203,214664_at
7.9879,7.9879,10.5655,214665_s_at
4.9399,4.9399,4.7197,214666_x_at
4.1945,4.1945,4.3172,214667_s_at
5.3146,5.3146,4.1819,214668_at
8.2902,8.2902,9.0026,214669_x_at
5.4269,5.4269,5.0509,214670_at
4.6088,4.6088,4.3304,214671_s_at
8.4255,8.4255,8.3112,214672_at
4.1946,4.1946,4.182,214673_s_at
7.3471,7.3471,6.9657,214674_at
4.6849,4.6849,5.2456,214675_at
5.5505,5.5505,5.0329,214676_x_at
12.6567,12.6567,13.9389,214677_x_at
7.1137,7.1137,5.5281,214678_x_at
7.0787,7.0787,7.8999,214679_x_at
4.4232,4.4232,4.3417,214680_at
5.3548,5.3548,5.9809,214681_at
6.4378,6.4378,4.4095,214682_at
11.4087,11.4087,10.568,214683_s_at
8.4663,8.4663,7.4511,214684_at
4.8694,4.8694,4.9552,214685_at
9.9469,9.9469,9.0831,214686_at
12.6395,12.6395,13.4661,214687_x_at
6.0059,6.0059,6.5569,214688_at
5.652,5.652,5.6299,214689_at
4.322,4.322,5.1561,214690_at
4.1946,4.1946,5.1494,214691_x_at
5.9229,5.9229,4.8485,214692_s_at
8.4941,8.4941,8.7488,214693_x_at
6.8198,6.8198,7.1731,214694_at
5.7469,5.7469,5.8664,214695_at
6.2978,6.2978,9.2234,214696_at
7.3063,7.3063,6.9506,214697_s_at
6.0426,6.0426,6.5422,214698_at
6.3851,6.3851,6.5438,214699_x_at
8.6577,8.6577,8.8104,214700_x_at
5.9599,5.9599,6.4532,214701_s_at
4.1947,4.1947,4.1821,214702_at
6.5368,6.5368,7.2025,214703_s_at
7.1306,7.1306,6.4114,214704_at
4.6588,4.6588,4.5637,214705_at
5.2271,5.2271,5.841,214706_at
8.2172,8.2172,8.1199,214707_x_at
4.1948,4.1948,4.1821,214708_at
10.7033,10.7033,9.8521,214709_s_at
6.6167,6.6167,5.3309,214711_at
5.1172,5.1172,4.5232,214712_at
6.436,6.436,5.7717,214713_at
10.259,10.259,9.6322,214714_at
11.2479,11.2479,9.4468,214715_x_at
5.2283,5.2283,5.2196,214716_at
5.5557,5.5557,6.366,214717_at
6.5051,6.5051,6.2256,214718_at
6.0286,6.0286,6.3404,214719_at
4.9416,4.9416,4.1822,214720_x_at
6.506,6.506,6.463,214721_x_at
10.8507,10.8507,10.2746,214722_at
7.0864,7.0864,7.2247,214723_x_at
4.1948,4.1948,4.4287,214724_at
4.973,4.973,4.6164,214725_at
7.9853,7.9853,8.3618,214726_x_at
5.3637,5.3637,5.5427,214727_at
12.9177,12.9177,12.4647,214728_x_at
5.1373,5.1373,4.5257,214729_at
10.3538,10.3538,8.8373,214730_s_at
7.3274,7.3274,7.4224,214731_at
5.5663,5.5663,4.8539,214732_at
8.2123,8.2123,7.9404,214733_s_at
6.1192,6.1192,6.4949,214734_at
4.1949,4.1949,5.1166,214735_at
9.1912,9.1912,9.1332,214736_s_at
13.1695,13.1695,13.9445,214737_x_at
4.195,4.195,4.2581,214738_s_at
6.6905,6.6905,5.9172,214739_at
6.2185,6.2185,6.0729,214740_at
8.0785,8.0785,7.9254,214742_at
11.3705,11.3705,10.9532,214743_at
7.3148,7.3148,7.9627,214744_s_at
5.4256,5.4256,5.5557,214745_at
6.99,6.99,5.6439,214746_s_at
5.4009,5.4009,5.3755,214747_at
6.8426,6.8426,5.0379,214748_at
12.5551,12.5551,12.7889,214749_s_at
4.4925,4.4925,4.5542,214750_at
6.9716,6.9716,6.1538,214751_at
7.4854,7.4854,8.1767,214752_x_at
7.5942,7.5942,7.2021,214753_at
6.6323,6.6323,5.9011,214754_at
5.4324,5.4324,6.7035,214755_at
8.6791,8.6791,9.4371,214756_x_at
4.195,4.195,4.1822,214757_at
6.7224,6.7224,6.3977,214758_at
5.9585,5.9585,5.9941,214759_at
7.6441,7.6441,7.4485,214760_at
6.1038,6.1038,6.4668,214762_at
5.7028,5.7028,6.227,214763_at
5.6834,5.6834,6.2592,214764_at
7.0898,7.0898,6.3567,214765_s_at
8.053,8.053,7.7685,214766_s_at
5.8344,5.8344,6.0661,214767_s_at
6.0242,6.0242,4.956,214768_x_at
4.1951,4.1951,4.7305,214769_at
4.1952,4.1952,4.1823,214770_at
12.039,12.039,11.7036,214771_x_at
4.8171,4.8171,5.5054,214772_at
7.4202,7.4202,7.3299,214773_x_at
4.1952,4.1952,4.1823,214774_x_at
6.8742,6.8742,7.3222,214775_at
4.3067,4.3067,4.1824,214776_x_at
4.3133,4.3133,4.7397,214777_at
5.3955,5.3955,4.1825,214778_at
8.1028,8.1028,8.4886,214779_s_at
8.0362,8.0362,8.4668,214780_s_at
5.0022,5.0022,4.1825,214781_at
4.1953,4.1953,4.6282,214782_at
9.1998,9.1998,8.8223,214783_s_at
9.4612,9.4612,9.2173,214784_x_at
7.1485,7.1485,7.0199,214785_at
4.8061,4.8061,6.7073,214786_at
5.8413,5.8413,5.6594,214787_at
4.6247,4.6247,4.6502,214788_x_at
9.527,9.527,9.4778,214789_x_at
7.455,7.455,6.8046,214790_at
9.8503,9.8503,8.1388,214791_at
6.4419,6.4419,6.488,214792_x_at
4.3393,4.3393,4.1826,214793_at
7.4306,7.4306,7.2688,214794_at
6.566,6.566,5.8323,214795_at
5.1551,5.1551,5.7194,214796_at
6.672,6.672,6.0582,214797_s_at
5.3982,5.3982,5.2622,214798_at
5.0654,5.0654,4.6841,214799_at
12.1398,12.1398,11.6147,214800_x_at
10.2768,10.2768,8.1392,214801_at
6.6194,6.6194,5.4844,214802_at
4.9638,4.9638,5.0069,214803_at
6.0712,6.0712,5.7322,214804_at
8.7884,8.7884,8.9341,214805_at
5.6956,5.6956,4.3649,214806_at
6.2256,6.2256,4.8444,214807_at
6.6664,6.6664,6.289,214808_at
4.1954,4.1954,5.3096,214809_at
4.1954,4.1954,4.8764,214811_at
11.7712,11.7712,11.8912,214812_s_at
5.3796,5.3796,5.5006,214813_at
6.6948,6.6948,6.2119,214814_at
6.7343,6.7343,4.9865,214815_at
6.4805,6.4805,6.529,214816_x_at
4.1955,4.1955,4.3587,214817_at
4.6048,4.6048,5.1838,214818_at
5.1002,5.1002,4.5754,214819_at
6.2784,6.2784,5.4531,214820_at
4.619,4.619,5.6174,214821_at
4.1956,4.1956,4.2535,214822_at
5.468,5.468,4.385,214823_at
4.1956,4.1956,4.1826,214824_at
4.1957,4.1957,4.9678,214825_at
5.2807,5.2807,4.1827,214826_at
4.3533,4.3533,4.1827,214827_at
4.5714,4.5714,4.1828,214828_s_at
6.3573,6.3573,5.3516,214829_at
6.1496,6.1496,5.2777,214830_at
6.1331,6.1331,4.2793,214831_at
4.1958,4.1958,4.1829,214832_at
6.8205,6.8205,5.1969,214833_at
4.1958,4.1958,4.8984,214834_at
5.7938,5.7938,8.4347,214835_s_at
7.6567,7.6567,9.3372,214836_x_at
5.0282,5.0282,4.1829,214837_at
6.6917,6.6917,7.4493,214838_at
4.692,4.692,5.2591,214839_at
4.1959,4.1959,4.4889,214840_at
4.196,4.196,4.4802,214841_at
4.196,4.196,4.183,214842_s_at
8.5395,8.5395,7.8394,214843_s_at
5.6536,5.6536,5.7848,214844_s_at
5.4637,5.4637,5.3275,214845_s_at
4.4648,4.4648,4.183,214846_s_at
5.8285,5.8285,5.6678,214847_s_at
7.3022,7.3022,7.9947,214848_at
6.4606,6.4606,6.6546,214849_at
6.4757,6.4757,5.633,214850_at
5.0308,5.0308,4.5381,214851_at
4.1961,4.1961,4.3666,214852_x_at
10.3342,10.3342,10.434,214853_s_at
4.1962,4.1962,4.1831,214854_at
5.9148,5.9148,5.3359,214855_s_at
6.0034,6.0034,5.2169,214856_at
6.6586,6.6586,6.1959,214857_at
4.5005,4.5005,4.1832,214858_at
4.4689,4.4689,4.3904,214859_at
5.5853,5.5853,5.4698,214860_at
5.9707,5.9707,5.2726,214861_at
5.1091,5.1091,5.1507,214862_x_at
4.3181,4.3181,5.7275,214863_at
10.2612,10.2612,11.1335,214864_s_at
4.1963,4.1963,4.3079,214865_at
6.3593,6.3593,5.4435,214866_at
8.4761,8.4761,7.5376,214867_at
4.1963,4.1963,4.3973,214868_at
8.4618,8.4618,8.219,214869_x_at
12.6291,12.6291,11.6298,214870_x_at
4.5514,4.5514,4.2604,214871_x_at
4.1964,4.1964,4.1832,214872_at
11.0624,11.0624,8.9034,214873_at
5.49,5.49,5.3466,214874_at
6.6899,6.6899,7.8205,214875_x_at
5.2587,5.2587,6.5129,214876_s_at
6.3147,6.3147,6.2309,214877_at
5.382,5.382,4.5335,214878_at
8.1838,8.1838,8.6529,214879_x_at
5.0152,5.0152,4.7433,214880_x_at
5.1426,5.1426,6.0182,214881_s_at
13.5768,13.5768,13.1609,214882_s_at
4.3685,4.3685,5.6288,214883_at
4.1965,4.1965,4.862,214884_at
7.7106,7.7106,7.5476,214885_at
4.7926,4.7926,4.3205,214886_s_at
4.1965,4.1965,4.1833,214887_at
6.0391,6.0391,6.5425,214888_at
4.1966,4.1966,4.1833,214889_at
4.1967,4.1967,4.1834,214890_s_at
6.0574,6.0574,6.7218,214891_at
7.5472,7.5472,7.7234,214892_x_at
4.3511,4.3511,4.1834,214893_x_at
8.5081,8.5081,8.2226,214894_x_at
5.0259,5.0259,5.1576,214895_s_at
4.7649,4.7649,5.3892,214896_at
4.9782,4.9782,4.1835,214897_at
5.4718,5.4718,4.5073,214898_x_at
4.1967,4.1967,4.1836,214899_at
5.7155,5.7155,6.6361,214900_at
8.2703,8.2703,7.776,214901_at
8.5218,8.5218,8.1463,214902_x_at
4.6724,4.6724,4.5279,214903_at
4.5949,4.5949,4.5521,214904_at
4.1968,4.1968,4.3118,214905_at
6.5015,6.5015,6.8103,214906_x_at
5.6932,5.6932,6.2253,214907_at
6.1871,6.1871,6.5529,214908_s_at
8.9058,8.9058,9.6104,214909_s_at
7.3137,7.3137,7.704,214910_s_at
11.5133,11.5133,11.5356,214911_s_at
5.1437,5.1437,4.3651,214912_at
4.8762,4.8762,4.7497,214913_at
4.1969,4.1969,4.1836,214914_at
5.4291,5.4291,5.2946,214915_at
7.7536,7.7536,9.887,214916_x_at
6.2809,6.2809,5.2682,214917_at
6.9657,6.9657,5.5881,214918_at
8.4137,8.4137,7.759,214919_s_at
4.5581,4.5581,4.4958,214920_at
4.9077,4.9077,5.0898,214921_at
5.3303,5.3303,4.5979,214922_at
5.8143,5.8143,6.6701,214923_at
9.7406,9.7406,9.1918,214924_s_at
6.0615,6.0615,6.4838,214925_s_at
4.1969,4.1969,4.3905,214926_at
5.4749,5.4749,5.74,214927_at
5.5721,5.5721,6.4592,214928_at
4.5629,4.5629,5.8059,214929_s_at
4.4451,4.4451,4.1837,214930_at
6.1546,6.1546,6.9496,214931_s_at
4.4433,4.4433,4.9534,214932_at
7.1113,7.1113,6.7355,214933_at
6.3164,6.3164,5.7794,214934_at
4.922,4.922,4.2847,214935_at
7.1779,7.1779,5.7756,214936_at
10.2315,10.2315,9.42,214937_x_at
14.745,14.745,14.6349,214938_x_at
4.197,4.197,4.1838,214939_x_at
5.7536,5.7536,5.0293,214940_s_at
9.0591,9.0591,9.1872,214941_s_at
4.9332,4.9332,5.7751,214942_at
5.8288,5.8288,5.789,214943_s_at
5.4963,5.4963,6.4671,214944_at
4.9334,4.9334,4.6758,214945_at
10.0762,10.0762,10.3229,214946_x_at
5.456,5.456,4.5931,214947_at
9.7175,9.7175,8.8654,214948_s_at
8.1749,8.1749,7.418,214949_at
6.0855,6.0855,6.0142,214950_at
5.84,5.84,5.3648,214951_at
4.3605,4.3605,4.1838,214952_at
8.4112,8.4112,7.1984,214953_s_at
4.1971,4.1971,4.6076,214954_at
6.0345,6.0345,7.0511,214955_at
5.8113,5.8113,5.8163,214956_at
4.5276,4.5276,4.6332,214957_at
6.3848,6.3848,6.323,214958_s_at
7.0159,7.0159,7.1404,214959_s_at
6.904,6.904,7.0452,214960_at
4.1971,4.1971,4.1839,214961_at
6.6124,6.6124,7.3829,214962_s_at
7.1977,7.1977,8.6653,214963_at
5.6431,5.6431,5.2557,214964_at
6.0486,6.0486,6.9153,214965_at
4.7658,4.7658,5.2471,214966_at
4.7169,4.7169,4.4468,214967_at
4.3927,4.3927,4.6386,214968_at
6.0991,6.0991,6.651,214969_at
4.3257,4.3257,4.9305,214970_s_at
4.1972,4.1972,4.1839,214971_s_at
7.2288,7.2288,7.1127,214972_at
6.856,6.856,7.5113,214973_x_at
4.6613,4.6613,4.4359,214974_x_at
4.9784,4.9784,5.6498,214975_s_at
4.7014,4.7014,5.3801,214976_at
4.1973,4.1973,4.184,214977_at
4.3883,4.3883,4.1841,214978_s_at
4.902,4.902,4.9919,214979_at
6.2929,6.2929,6.3576,214980_at
4.6909,4.6909,4.1841,214981_at
6.2818,6.2818,5.8062,214982_at
7.9105,7.9105,8.339,214983_at
5.5085,5.5085,5.2519,214984_at
4.1973,4.1973,4.1842,214985_at
7.5091,7.5091,7.7285,214986_x_at
5.8259,5.8259,6.0394,214987_at
10.6773,10.6773,10.9685,214988_s_at
8.3464,8.3464,6.8847,214989_x_at
4.4463,4.4463,4.1842,214990_at
5.323,5.323,4.2819,214991_s_at
4.3134,4.3134,4.9659,214992_s_at
4.1974,4.1974,4.282,214993_at
4.304,4.304,4.1843,214994_at
4.3119,4.3119,6.045,214995_s_at
6.4121,6.4121,6.2418,214996_at
6.4624,6.4624,5.6332,214997_at
4.7251,4.7251,5.6207,214998_at
5.0656,5.0656,5.8998,214999_s_at
13.4125,13.4125,12.8186,215001_s_at
4.1975,4.1975,4.1844,215002_at
4.6726,4.6726,4.4081,215003_at
7.8954,7.8954,8.1322,215004_s_at
6.0171,6.0171,4.7555,215005_at
8.6097,8.6097,8.6249,215006_at
4.1975,4.1975,4.1844,215008_at
8.7499,8.7499,9.0692,215009_s_at
4.1976,4.1976,4.1845,215010_s_at
5.978,5.978,6.2087,215011_at
6.3965,6.3965,6.2614,215012_at
5.1674,5.1674,4.4234,215013_s_at
4.1977,4.1977,4.1845,215014_at
5.4781,5.4781,4.8557,215015_at
7.5405,7.5405,6.3579,215016_x_at
8.1969,8.1969,5.9193,215017_s_at
5.0974,5.0974,4.1846,215018_at
5.7423,5.7423,5.6295,215019_x_at
4.1977,4.1977,4.1847,215020_at
4.1978,4.1978,4.1847,215021_s_at
6.3277,6.3277,5.4426,215022_x_at
6.7534,6.7534,7.0402,215023_s_at
6.5428,6.5428,5.9729,215024_at
4.1979,4.1979,4.1848,215025_at
5.5943,5.5943,6.4449,215026_x_at
5.8262,5.8262,5.2301,215027_at
6.7656,6.7656,4.495,215028_at
7.0412,7.0412,6.4313,215029_at
6.7128,6.7128,6.2494,215030_at
7.5687,7.5687,7.5904,215031_x_at
7.6882,7.6882,6.6427,215032_at
4.7993,4.7993,5.445,215033_at
4.3378,4.3378,4.1848,215034_s_at
4.1979,4.1979,4.1849,215035_at
5.3023,5.3023,5.3949,215036_at
5.3659,5.3659,5.0745,215037_s_at
9.1011,9.1011,8.626,215038_s_at
4.7732,4.7732,5.9195,215039_at
7.1701,7.1701,7.6839,215040_at
4.198,4.198,4.308,215041_s_at
4.1981,4.1981,4.3342,215042_at
5.2095,5.2095,5.5392,215043_s_at
5.8041,5.8041,6.1846,215044_s_at
4.4764,4.4764,4.5616,215045_at
5.8191,5.8191,4.899,215046_at
4.1982,4.1982,4.9238,215047_at
4.7667,4.7667,4.5233,215048_at
5.5762,5.5762,5.3714,215049_x_at
5.8531,5.8531,6.3204,215050_x_at
10.0782,10.0782,8.0444,215051_x_at
4.1982,4.1982,4.4313,215052_at
5.4788,5.4788,5.5,215053_at
4.7253,4.7253,4.2679,215054_at
6.0685,6.0685,5.2766,215055_at
5.6288,5.6288,6.6735,215056_at
6.1717,6.1717,5.6606,215057_at
4.6807,4.6807,4.6728,215058_at
4.1983,4.1983,4.185,215059_at
4.5327,4.5327,5.1392,215060_at
4.1984,4.1984,4.5669,215061_at
5.561,5.561,5.0881,215062_at
7.0797,7.0797,7.6017,215063_x_at
4.1984,4.1984,4.9007,215064_at
5.6361,5.6361,5.3772,215065_at
4.6024,4.6024,4.6794,215066_at
8.2453,8.2453,7.5609,215067_x_at
5.7971,5.7971,5.6136,215068_s_at
6.4265,6.4265,6.4476,215069_at
5.4579,5.4579,5.1155,215070_x_at
8.9546,8.9546,7.3081,215071_s_at
6.0288,6.0288,6.6821,215072_x_at
4.1985,4.1985,4.6373,215073_s_at
4.1986,4.1986,4.9307,215074_at
7.7594,7.7594,8.2059,215075_s_at
4.9055,4.9055,5.1536,215076_s_at
4.3195,4.3195,5.1193,215077_at
6.1666,6.1666,5.6262,215078_at
5.7393,5.7393,5.2869,215079_at
4.1986,4.1986,4.185,215080_s_at
4.1987,4.1987,4.1851,215081_at
7.2182,7.2182,8.0379,215082_at
8.0112,8.0112,6.8382,215083_at
7.6194,7.6194,7.2066,215084_s_at
4.3884,4.3884,4.7691,215085_x_at
4.1988,4.1988,4.609,215086_at
6.0236,6.0236,7.8892,215087_at
8.7449,8.7449,9.2424,215088_s_at
10.6951,10.6951,10.5706,215089_s_at
9.0057,9.0057,8.7661,215090_x_at
13.536,13.536,13.6706,215091_s_at
6.8103,6.8103,6.3054,215092_s_at
4.7497,4.7497,4.7863,215094_at
5.6697,5.6697,4.5951,215095_at
12.8984,12.8984,11.9131,215096_s_at
4.4139,4.4139,4.1851,215097_at
4.3588,4.3588,4.5941,215098_at
4.1989,4.1989,4.1852,215099_s_at
5.4592,5.4592,6.4094,215100_at
4.1989,4.1989,4.9536,215101_s_at
4.7546,4.7546,4.8834,215102_at
4.5951,4.5951,4.6657,215103_at
4.9672,4.9672,4.3875,215104_at
6.4071,6.4071,6.2113,215105_at
5.1857,5.1857,4.4688,215106_at
4.199,4.199,4.1853,215107_s_at
4.1991,4.1991,4.1853,215108_x_at
6.8612,6.8612,6.9056,215109_at
4.1991,4.1991,4.1854,215110_at
8.873,8.873,8.0049,215111_s_at
4.1992,4.1992,4.1854,215112_x_at
6.8353,6.8353,7.2261,215113_s_at
6.6747,6.6747,6.4922,215114_at
6.6614,6.6614,6.4736,215115_x_at
7.9512,7.9512,6.4565,215117_at
4.8697,4.8697,6.4512,215118_s_at
4.1993,4.1993,4.1855,215119_at
4.1993,4.1993,4.1856,215120_s_at
10.4018,10.4018,11.7372,215121_x_at
4.3147,4.3147,4.5618,215122_at
7.8097,7.8097,7.4198,215123_at
5.0658,5.0658,4.2536,215124_at
4.5107,4.5107,5.2275,215125_s_at
5.815,5.815,5.8382,215126_at
10.144,10.144,8.9763,215127_s_at
6.3818,6.3818,6.4739,215128_at
4.6487,4.6487,4.6448,215129_at
5.6157,5.6157,5.5015,215130_s_at
5.1216,5.1216,5.7277,215131_at
4.9556,4.9556,4.5215,215132_at
4.1994,4.1994,4.5559,215133_s_at
5.055,5.055,5.5577,215134_at
6.7916,6.7916,5.6484,215135_at
7.8971,7.8971,8.7957,215136_s_at
7.2824,7.2824,6.754,215137_at
4.7595,4.7595,4.659,215138_s_at
4.1995,4.1995,4.1856,215139_at
4.4994,4.4994,4.4004,215140_at
4.5654,4.5654,4.8015,215141_at
4.1995,4.1995,4.1857,215142_at
5.689,5.689,5.7364,215143_at
4.5383,4.5383,5.1227,215144_at
4.1996,4.1996,4.1857,215145_s_at
5.7709,5.7709,5.3637,215146_s_at
7.9246,7.9246,6.9185,215147_at
8.0191,8.0191,7.5972,215148_s_at
4.3639,4.3639,4.2622,215149_at
5.629,5.629,5.4377,215150_at
5.6016,5.6016,4.9401,215151_at
6.7274,6.7274,5.5508,215152_at
4.3821,4.3821,4.322,215153_at
4.3366,4.3366,5.6102,215154_at
7.326,7.326,6.9034,215155_at
6.0971,6.0971,6.1798,215156_at
14.8146,14.8146,14.8386,215157_x_at
9.2665,9.2665,8.4396,215158_s_at
5.7981,5.7981,6.3262,215159_s_at
9.943,9.943,9.6007,215160_x_at
4.1997,4.1997,4.1858,215161_at
5.7568,5.7568,5.7148,215162_at
6.0296,6.0296,5.1106,215163_at
8.1037,8.1037,5.9463,215164_at
6.9896,6.9896,7.1806,215165_x_at
4.1997,4.1997,4.1859,215166_at
5.6205,5.6205,6.383,215167_at
4.6535,4.6535,4.4479,215168_at
7.1765,7.1765,5.2054,215169_at
5.725,5.725,5.87,215170_s_at
10.2981,10.2981,10.7757,215171_s_at
4.1998,4.1998,4.1859,215172_at
4.1999,4.1999,4.3149,215173_at
4.9732,4.9732,5.1229,215174_at
7.3986,7.3986,6.6654,215175_at
6.9298,6.9298,7.6724,215176_x_at
5.4031,5.4031,6.2354,215177_s_at
6.1658,6.1658,6.7172,215178_x_at
10.4436,10.4436,9.1752,215179_x_at
5.5617,5.5617,5.9658,215180_at
5.1914,5.1914,4.5718,215181_at
6.5398,6.5398,6.2497,215182_x_at
4.7366,4.7366,5.6072,215183_at
4.1999,4.1999,4.186,215185_at
5.2891,5.2891,4.5217,215186_at
4.6056,4.6056,4.7173,215187_at
6.8411,6.8411,6.8851,215188_at
5.5172,5.5172,6.4955,215189_at
6.6115,6.6115,6.946,215190_at
7.2692,7.2692,6.4913,215191_at
4.3068,4.3068,4.1861,215192_at
13.6866,13.6866,13.8887,215193_x_at
4.2,4.2,4.1861,215194_at
6.4527,6.4527,5.4788,215195_at
5.4229,5.4229,5.8392,215196_at
5.6332,5.6332,4.7017,215197_at
5.0362,5.0362,4.8487,215198_s_at
4.9951,4.9951,4.1862,215199_at
11.8314,11.8314,9.6413,215200_x_at
7.469,7.469,5.3787,215201_at
4.5861,4.5861,4.4537,215202_at
7.3652,7.3652,6.914,215203_at
7.1871,7.1871,5.6062,215204_at
4.5385,4.5385,4.5396,215205_x_at
5.5612,5.5612,6.734,215206_at
6.5769,6.5769,6.6992,215207_x_at
7.6782,7.6782,6.6667,215208_x_at
5.5765,5.5765,5.8244,215209_at
8.2675,8.2675,8.0836,215210_s_at
5.7539,5.7539,5.7009,215211_at
6.7703,6.7703,4.4982,215212_at
6.0272,6.0272,5.245,215213_at
6.5377,6.5377,4.8245,215214_at
7.3116,7.3116,8.3159,215215_s_at
4.2001,4.2001,4.581,215216_at
6.7308,6.7308,6.6203,215217_at
8.6429,8.6429,9.1049,215218_s_at
5.8201,5.8201,4.7662,215219_at
5.7038,5.7038,5.1765,215220_s_at
9.2949,9.2949,9.1203,215221_at
8.1946,8.1946,8.3079,215222_x_at
13.8223,13.8223,12.7272,215223_s_at
7.1525,7.1525,6.1156,215224_at
4.4107,4.4107,4.305,215225_s_at
4.7307,4.7307,5.1632,215226_at
9.3913,9.3913,10.7473,215227_x_at
5.6186,5.6186,5.5399,215228_at
4.2001,4.2001,4.1862,215229_at
13.7186,13.7186,13.9558,215230_x_at
4.3121,4.3121,4.5985,215231_at
6.7734,6.7734,6.9237,215232_at
5.0881,5.0881,4.405,215233_at
5.4733,5.4733,4.1863,215234_at
9.2295,9.2295,10.1799,215235_at
5.2139,5.2139,5.1456,215236_s_at
5.5496,5.5496,4.4443,215237_at
5.1475,5.1475,4.1864,215238_s_at
7.5182,7.5182,7.803,215239_x_at
4.2002,4.2002,4.7107,215240_at
4.2003,4.2003,4.1864,215241_at
4.8252,4.8252,4.6575,215242_at
5.9846,5.9846,5.8283,215244_at
7.9291,7.9291,7.185,215245_x_at
5.6304,5.6304,6.1228,215246_at
4.2004,4.2004,5.4455,215247_at
4.8327,4.8327,4.1865,215248_at
4.2004,4.2004,5.5524,215249_at
5.7067,5.7067,5.0522,215250_at
4.3672,4.3672,4.3285,215251_at
8.6281,8.6281,8.402,215252_at
5.0364,5.0364,5.3816,215253_s_at
5.5839,5.5839,4.2522,215254_at
5.7803,5.7803,6.3951,215255_at
4.8011,4.8011,4.9273,215256_x_at
4.2005,4.2005,4.1865,215257_at
4.2986,4.2986,4.2918,215258_at
4.2006,4.2006,4.6494,215259_s_at
8.2467,8.2467,8.3742,215260_s_at
4.3053,4.3053,4.3369,215261_at
5.219,5.219,5.0205,215262_at
7.0551,7.0551,6.074,215263_at
4.2006,4.2006,4.1866,215264_at
5.2563,5.2563,6.1159,215265_at
5.6721,5.6721,5.6037,215266_at
4.7201,4.7201,5.2495,215267_s_at
4.3845,4.3845,4.1867,215268_at
7.4594,7.4594,8.2916,215269_at
4.4635,4.4635,4.4289,215270_at
5.936,5.936,5.7218,215271_at
6.2483,6.2483,6.3971,215272_at
5.0892,5.0892,7.7819,215273_s_at
5.9048,5.9048,5.3774,215274_at
4.4257,4.4257,5.8847,215275_at
5.3096,5.3096,5.0415,215276_at
4.8369,4.8369,5.9082,215277_at
4.4691,4.4691,4.286,215278_at
5.7766,5.7766,5.6742,215279_at
5.5811,5.5811,6.0505,215280_s_at
6.7147,6.7147,5.2997,215281_x_at
4.2007,4.2007,4.1867,215282_at
6.1231,6.1231,5.7077,215283_at
6.8036,6.8036,6.4129,215284_at
6.3936,6.3936,6.7722,215285_s_at
6.1669,6.1669,6.5793,215286_s_at
6.3722,6.3722,6.2864,215287_at
4.2008,4.2008,4.1868,215288_at
4.7566,4.7566,4.1869,215289_at
4.5422,4.5422,4.1869,215290_at
4.7771,4.7771,4.7446,215291_at
4.4984,4.4984,4.5852,215292_s_at
8.9461,8.9461,8.8824,215293_s_at
4.2008,4.2008,4.187,215294_s_at
4.3196,4.3196,5.5313,215295_at
4.8467,4.8467,5.1394,215296_at
4.2009,4.2009,4.187,215297_at
4.201,4.201,5.432,215298_at
9.2589,9.2589,8.7538,215299_x_at
4.9734,4.9734,4.4524,215300_s_at
4.853,4.853,5.2182,215301_at
5.1604,5.1604,5.114,215302_at
4.5128,4.5128,5.0129,215303_at
5.9315,5.9315,6.0549,215304_at
4.5443,4.5443,4.1871,215305_at
4.8633,4.8633,5.1312,215306_at
6.8557,6.8557,6.6473,215307_at
6.2156,6.2156,5.8265,215308_at
4.2011,4.2011,4.1872,215309_at
6.3335,6.3335,6.7324,215310_at
5.3674,5.3674,4.5881,215311_at
4.9797,4.9797,4.3548,215312_at
14.7426,14.7426,14.5492,215313_x_at
4.615,4.615,4.9921,215314_at
4.2011,4.2011,4.1872,215315_at
4.9126,4.9126,4.6971,215316_at
4.513,4.513,4.5671,215317_at
4.2988,4.2988,4.1873,215318_at
4.8537,4.8537,4.1874,215319_at
4.2012,4.2012,4.1874,215320_at
4.7669,4.7669,4.337,215321_at
7.7524,7.7524,7.1027,215322_at
5.3466,5.3466,4.2848,215323_at
4.2012,4.2012,4.1875,215324_at
4.2013,4.2013,4.1875,215325_x_at
5.5904,5.5904,4.4849,215326_at
4.6598,4.6598,4.483,215327_at
5.8178,5.8178,6.103,215328_at
6.3424,6.3424,6.9798,215329_s_at
5.1967,5.1967,4.8646,215330_at
5.3846,5.3846,5.5265,215331_at
4.2014,4.2014,4.8105,215332_s_at
7.0461,7.0461,7.2841,215333_x_at
4.6138,4.6138,5.3668,215334_at
4.2015,4.2015,5.3859,215335_at
6.3968,6.3968,6.093,215336_at
4.3299,4.3299,5.073,215337_at
9.0236,9.0236,8.2588,215338_s_at
5.5841,5.5841,5.2214,215339_at
4.3359,4.3359,4.2741,215340_at
4.6569,4.6569,4.6202,215341_at
6.1345,6.1345,5.5533,215342_s_at
7.0241,7.0241,7.1296,215343_at
5.114,5.114,5.6745,215344_at
4.7811,4.7811,4.3221,215345_x_at
4.9674,4.9674,5.3766,215346_at
4.2015,4.2015,4.1876,215347_at
5.4794,5.4794,5.5349,215348_at
6.4889,6.4889,6.5189,215349_at
4.51,4.51,4.1877,215350_at
6.2406,6.2406,5.5108,215351_at
4.7876,4.7876,4.1877,215352_at
5.8487,5.8487,6.2264,215353_at
6.7233,6.7233,6.895,215354_s_at
4.2016,4.2016,4.1878,215355_at
4.3281,4.3281,4.1879,215356_at
6.032,6.032,6.6106,215357_s_at
6.1652,6.1652,4.8727,215358_x_at
7.7598,7.7598,8.1318,215359_x_at
4.2017,4.2017,4.1879,215360_at
4.2873,4.2873,4.188,215361_at
4.2018,4.2018,4.188,215362_at
5.2467,5.2467,4.6028,215363_x_at
6.5153,6.5153,5.7691,215364_s_at
4.2018,4.2018,4.3397,215365_at
6.6081,6.6081,6.9775,215366_at
4.6464,4.6464,4.7586,215367_at
5.2625,5.2625,6.3769,215368_at
4.2019,4.2019,4.1881,215369_at
7.1071,7.1071,5.2757,215370_at
6.0104,6.0104,6.3358,215371_at
6.0277,6.0277,5.7583,215372_x_at
9.0155,9.0155,8.298,215373_x_at
5.0035,5.0035,5.0851,215374_at
8.6964,8.6964,7.034,215375_x_at
4.5387,4.5387,5.6625,215376_at
5.971,5.971,6.0481,215377_at
5.5529,5.5529,4.7459,215378_at
9.2893,9.2893,9.3884,215379_x_at
10.6759,10.6759,11.8386,215380_s_at
5.3753,5.3753,4.6636,215381_at
5.1439,5.1439,4.816,215382_x_at
8.5122,8.5122,8.2263,215383_x_at
4.3641,4.3641,5.7267,215384_s_at
7.224,7.224,6.482,215385_at
6.1936,6.1936,6.3378,215386_at
6.7311,6.7311,6.297,215387_x_at
4.202,4.202,4.1882,215388_s_at
4.202,4.202,5.1685,215389_s_at
6.834,6.834,6.7728,215390_at
4.2021,4.2021,4.7175,215391_at
5.899,5.899,6.6364,215392_at
5.0345,5.0345,5.0385,215393_s_at
6.0974,6.0974,6.1683,215394_at
6.5738,6.5738,5.4707,215395_x_at
4.2022,4.2022,4.7542,215396_at
6.1809,6.1809,5.6249,215397_x_at
5.7806,5.7806,6.0623,215398_at
7.1963,7.1963,7.0202,215399_s_at
5.1218,5.1218,4.5493,215400_x_at
7.135,7.135,6.8698,215401_at
4.9996,4.9996,5.0868,215402_at
5.0681,5.0681,4.8175,215403_at
7.3804,7.3804,7.0548,215404_x_at
4.8228,4.8228,5.5295,215405_at
4.2023,4.2023,5.511,215406_at
4.2023,4.2023,4.2908,215408_at
5.2052,5.2052,4.8629,215409_at
5.3412,5.3412,5.6451,215410_at
7.8017,7.8017,8.1833,215411_s_at
6.8373,6.8373,6.9841,215412_x_at
4.3711,4.3711,4.7214,215413_at
5.4433,5.4433,5.461,215414_at
4.9974,4.9974,5.9146,215415_s_at
8.4653,8.4653,9.3658,215416_s_at
4.3642,4.3642,4.4937,215417_at
4.6943,4.6943,5.1687,215418_at
4.5515,4.5515,4.3798,215419_at
5.0436,5.0436,5.08,215420_at
5.2478,5.2478,5.4242,215421_at
5.3561,5.3561,5.1142,215422_at
5.5543,5.5543,4.6577,215423_at
7.8101,7.8101,7.9832,215424_s_at
5.1178,5.1178,4.8472,215425_at
4.2024,4.2024,4.1882,215426_at
6.3795,6.3795,4.3343,215427_s_at
4.8155,4.8155,5.2929,215428_at
6.7831,6.7831,5.008,215429_s_at
5.9429,5.9429,4.9292,215430_at
4.2025,4.2025,4.5235,215431_at
4.3606,4.3606,4.3435,215432_at
4.4273,4.4273,4.1883,215433_at
7.8519,7.8519,7.0238,215434_x_at
5.314,5.314,5.0791,215435_at
4.6809,4.6809,4.8637,215436_at
5.6408,5.6408,5.5133,215437_x_at
8.1978,8.1978,7.7468,215438_x_at
6.4212,6.4212,5.962,215439_x_at
8.847,8.847,8.6802,215440_s_at
4.9786,4.9786,4.3305,215441_at
4.3197,4.3197,4.1884,215442_s_at
4.2025,4.2025,4.8404,215443_at
5.0468,5.0468,4.3328,215444_s_at
6.0413,6.0413,6.1206,215445_x_at
5.5587,5.5587,4.7109,215446_s_at
5.6539,5.6539,4.6596,215447_at
4.3199,4.3199,4.6579,215448_at
5.1676,5.1676,4.4449,215449_at
7.4098,7.4098,7.5464,215450_at
6.5432,6.5432,6.5302,215451_s_at
9.6896,9.6896,9.6803,215452_x_at
5.0906,5.0906,4.5398,215454_x_at
5.7319,5.7319,6.0762,215455_at
6.3948,6.3948,5.785,215456_at
4.8157,4.8157,5.2809,215457_at
5.0976,5.0976,4.8858,215458_s_at
5.0447,5.0447,5.4918,215459_at
9.3738,9.3738,9.4991,215460_x_at
5.4581,5.4581,4.4579,215461_at
6.272,6.272,6.5236,215462_at
5.1906,5.1906,4.736,215463_at
8.1138,8.1138,8.7828,215464_s_at
4.785,4.785,4.673,215465_at
5.5624,5.5624,5.3447,215466_at
6.7125,6.7125,6.8109,215467_x_at
4.8489,4.8489,4.1884,215468_at
4.2026,4.2026,4.3029,215469_at
5.0188,5.0188,5.5864,215470_at
4.2027,4.2027,5.2235,215471_s_at
5.2903,5.2903,5.5783,215472_at
4.2028,4.2028,4.8361,215473_at
4.523,4.523,4.1885,215474_at
4.9144,4.9144,4.8587,215475_at
6.4571,6.4571,7.0323,215476_at
5.7644,5.7644,5.1046,215477_at
5.2627,5.2627,5.0955,215478_at
6.33,6.33,6.4221,215479_at
5.3837,5.3837,4.7333,215480_at
5.0987,5.0987,5.0148,215481_s_at
8.6366,8.6366,8.3408,215482_s_at
6.5895,6.5895,5.6887,215483_at
5.3918,5.3918,5.6198,215484_at
7.2165,7.2165,7.0438,215485_s_at
4.9867,4.9867,5.4178,215486_at
4.6707,4.6707,5.2546,215487_x_at
4.3107,4.3107,4.5685,215488_at
5.3257,5.3257,6.0464,215489_x_at
4.9724,4.9724,4.4707,215490_at
5.2169,5.2169,5.9663,215491_at
7.3383,7.3383,7.7891,215492_x_at
10.4268,10.4268,9.044,215493_x_at
4.2028,4.2028,4.1885,215494_at
5.1477,5.1477,5.3468,215495_s_at
5.1347,5.1347,4.7902,215496_at
9.7849,9.7849,11.9425,215498_s_at
5.6861,5.6861,4.5219,215500_at
6.0464,6.0464,7.1154,215501_s_at
4.2029,4.2029,4.1886,215502_at
4.8352,4.8352,4.6411,215503_at
8.661,8.661,8.1415,215504_x_at
4.4621,4.4621,5.3012,215505_s_at
4.8457,4.8457,4.1887,215506_s_at
5.2736,5.2736,5.6074,215507_x_at
4.4613,4.4613,5.4722,215508_at
5.1627,5.1627,5.8602,215509_s_at
4.7384,4.7384,4.3158,215510_at
6.0587,6.0587,6.3106,215511_at
5.5236,5.5236,5.5085,215512_at
5.5714,5.5714,5.9174,215513_at
4.3024,4.3024,4.1887,215514_at
4.5566,4.5566,4.5687,215515_at
4.203,4.203,4.4302,215516_at
4.7833,4.7833,4.8677,215517_at
5.6849,5.6849,5.8559,215518_at
6.5395,6.5395,7.6369,215519_x_at
4.7418,4.7418,4.3307,215520_at
5.8879,5.8879,6.4327,215521_at
4.2031,4.2031,4.1888,215522_at
5.1164,5.1164,4.1889,215523_at
4.2031,4.2031,5.0569,215524_x_at
5.5915,5.5915,6.0836,215525_at
6.0339,6.0339,5.7639,215526_at
5.3831,5.3831,5.9159,215527_at
8.9946,8.9946,8.4945,215528_at
7.7922,7.7922,7.2131,215529_x_at
6.2964,6.2964,6.6384,215530_at
4.2032,4.2032,4.3575,215531_s_at
5.9682,5.9682,5.2544,215532_x_at
6.6381,6.6381,6.5617,215533_s_at
5.3392,5.3392,4.3516,215534_at
7.5597,7.5597,7.9466,215535_s_at
6.3248,6.3248,5.4758,215536_at
9.3935,9.3935,10.3388,215537_x_at
5.8153,5.8153,5.9956,215538_at
4.2033,4.2033,4.1889,215539_at
4.6571,4.6571,5.918,215540_at
6.9175,6.9175,6.9528,215541_s_at
4.2033,4.2033,4.8178,215542_at
4.3644,4.3644,5.9466,215543_s_at
6.4044,6.4044,6.2392,215544_s_at
6.5587,6.5587,6.559,215545_at
4.3947,4.3947,4.189,215546_at
5.2273,5.2273,4.3359,215547_at
7.4985,7.4985,7.761,215548_s_at
6.7932,6.7932,7.3253,215549_x_at
5.4751,5.4751,6.1549,215550_at
6.2159,6.2159,6.0294,215551_at
4.6467,4.6467,5.2322,215552_s_at
8.2985,8.2985,7.964,215553_x_at
5.5559,5.5559,5.1578,215554_at
4.4788,4.4788,5.0776,215555_at
5.7418,5.7418,5.668,215556_at
6.1046,6.1046,6.654,215557_at
4.5465,4.5465,5.101,215558_at
4.2034,4.2034,4.189,215559_at
7.1181,7.1181,5.7472,215560_x_at
5.1428,5.1428,4.6903,215561_s_at
4.4291,4.4291,4.7841,215562_at
4.5445,4.5445,5.1145,215563_s_at
4.4824,4.4824,4.3907,215564_at
4.2035,4.2035,4.1891,215565_at
8.1526,8.1526,8.5564,215566_x_at
6.5859,6.5859,5.7196,215567_at
7.0878,7.0878,7.8009,215568_x_at
5.7253,5.7253,5.7026,215569_at
4.754,4.754,4.1892,215570_s_at
4.928,4.928,5.4198,215571_at
4.2036,4.2036,4.1892,215572_at
5.122,5.122,4.941,215573_at
4.7192,4.7192,4.3051,215574_at
4.6832,4.6832,4.2605,215575_at
5.7179,5.7179,4.8592,215576_at
8.205,8.205,7.3564,215577_at
4.2036,4.2036,4.6205,215578_at
4.3122,4.3122,5.5725,215579_at
4.6537,4.6537,5.1329,215580_at
5.8062,5.8062,5.6167,215581_s_at
7.0074,7.0074,7.1279,215582_x_at
6.9214,6.9214,5.3083,215583_at
6.6017,6.6017,7.273,215584_at
5.0963,5.0963,5.1231,215585_at
5.1689,5.1689,4.6973,215586_at
6.6607,6.6607,4.936,215587_x_at
9.6015,9.6015,9.1978,215588_x_at
5.8026,5.8026,4.5123,215589_at
4.2953,4.2953,5.6311,215590_x_at
4.2037,4.2037,4.1893,215591_at
9.2492,9.2492,8.7767,215592_at
4.2038,4.2038,4.1894,215593_at
5.7322,5.7322,5.8464,215594_at
5.6541,5.6541,5.965,215595_x_at
7.6077,7.6077,7.3889,215596_s_at
7.1681,7.1681,5.9545,215597_x_at
4.8579,4.8579,5.0302,215598_at
6.8042,6.8042,6.3839,215599_at
10.2623,10.2623,9.1378,215600_x_at
5.1944,5.1944,4.2997,215601_at
5.9016,5.9016,5.6536,215602_at
6.9616,6.9616,6.7302,215603_x_at
8.6839,8.6839,7.2747,215604_x_at
8.2308,8.2308,8.0107,215605_at
7.0281,7.0281,6.5447,215606_s_at
7.3193,7.3193,7.3584,215607_x_at
6.4307,6.4307,6.8027,215608_at
6.5708,6.5708,5.1889,215609_at
5.261,5.261,5.0779,215610_at
7.4897,7.4897,6.8953,215611_at
6.3514,6.3514,6.0853,215612_at
4.4246,4.4246,5.5197,215613_at
4.338,4.338,4.396,215614_at
6.4298,6.4298,5.2668,215615_x_at
5.9133,5.9133,5.716,215616_s_at
4.4996,4.4996,5.4684,215617_at
4.8037,4.8037,4.5768,215618_at
4.2888,4.2888,4.1894,215619_at
5.5723,5.5723,5.369,215620_at
4.6,4.6,6.3506,215621_s_at
6.8347,6.8347,7.3968,215622_x_at
8.3905,8.3905,8.6812,215623_x_at
5.5767,5.5767,4.5173,215624_at
5.1299,5.1299,5.2281,215625_at
4.2039,4.2039,4.1895,215626_at
4.804,4.804,4.8631,215627_at
8.82,8.82,8.3517,215628_x_at
7.1411,7.1411,6.684,215629_s_at
8.0346,8.0346,7.4464,215630_at
8.577,8.577,9.141,215631_s_at
4.2039,4.2039,4.1896,215632_at
7.4988,7.4988,5.2024,215633_x_at
4.204,4.204,4.1896,215634_at
5.2441,5.2441,5.3133,215635_at
5.5122,5.5122,5.9431,215636_at
4.7139,4.7139,4.6958,215637_at
5.8972,5.8972,5.8788,215638_at
6.5374,6.5374,5.9674,215639_at
6.628,6.628,6.9421,215640_at
4.8729,4.8729,4.9049,215641_at
4.2041,4.2041,5.255,215642_at
4.611,4.611,4.8276,215643_at
6.1764,6.1764,5.727,215644_at
5.3833,5.3833,5.3049,215645_at
4.2041,4.2041,4.1897,215646_s_at
4.6152,4.6152,4.6517,215647_at
4.8302,4.8302,5.5238,215648_at
4.2042,4.2042,4.1898,215649_s_at
4.4623,4.4623,4.1898,215650_at
5.744,5.744,6.3678,215651_at
4.2043,4.2043,4.7932,215652_at
4.2044,4.2044,4.1899,215653_at
4.9855,4.9855,4.6638,215654_at
4.2044,4.2044,4.3286,215655_at
4.6903,4.6903,5.1645,215656_at
4.8618,4.8618,4.19,215657_at
5.7206,5.7206,4.4506,215658_at
4.8254,4.8254,5.0944,215659_at
4.2045,4.2045,5.1814,215660_s_at
4.2046,4.2046,4.2937,215661_at
6.0707,6.0707,5.7759,215662_at
4.2046,4.2046,4.19,215663_at
4.9159,4.9159,4.4128,215664_s_at
4.2047,4.2047,4.5252,215665_at
4.2048,4.2048,4.1901,215666_at
8.1914,8.1914,9.0057,215667_x_at
4.6286,4.6286,5.848,215668_s_at
5.5076,5.5076,4.9562,215669_at
4.2048,4.2048,4.4082,215670_s_at
6.3103,6.3103,4.6278,215671_at
4.2049,4.2049,4.5346,215672_s_at
4.205,4.205,4.1902,215673_at
4.6324,4.6324,4.6843,215674_at
4.4323,4.4323,4.1902,215675_at
6.9337,6.9337,6.4865,215676_at
5.4377,5.4377,4.5424,215677_s_at
4.3069,4.3069,4.2757,215678_at
4.8914,4.8914,5.1696,215679_at
4.2051,4.2051,5.4988,215680_at
4.569,4.569,4.3498,215681_at
5.369,5.369,4.7865,215682_at
4.7902,4.7902,6.1854,215683_at
7.6537,7.6537,7.5283,215684_s_at
5.9702,5.9702,5.4406,215685_s_at
4.9206,4.9206,4.4175,215686_x_at
5.788,5.788,5.2743,215687_x_at
5.8612,5.8612,5.8308,215688_at
4.2051,4.2051,4.8327,215689_s_at
9.5513,9.5513,9.166,215690_x_at
11.9575,11.9575,11.6597,215691_x_at
7.5564,7.5564,6.5623,215692_s_at
10.2546,10.2546,10.5822,215693_x_at
4.8498,4.8498,4.1903,215694_at
4.7017,4.7017,5.1509,215695_s_at
8.9454,8.9454,9.7579,215696_s_at
4.6785,4.6785,5.0579,215697_at
6.644,6.644,6.1801,215698_at
7.4457,7.4457,7.7008,215699_x_at
5.6005,5.6005,4.6376,215700_x_at
5.5642,5.5642,5.8623,215701_at
4.2052,4.2052,4.7693,215702_s_at
5.0645,5.0645,4.1904,215703_at
4.8553,4.8553,4.2875,215704_at
5.3236,5.3236,6.4488,215705_at
6.5553,6.5553,6.9392,215706_x_at
6.5796,6.5796,6.9428,215707_s_at
6.7609,6.7609,7.4716,215708_s_at
4.2053,4.2053,5.579,215709_at
5.4966,5.4966,5.1458,215710_at
6.3977,6.3977,6.8979,215711_s_at
5.6124,5.6124,6.3433,215712_s_at
4.3008,4.3008,4.7336,215713_at
11.1505,11.1505,10.599,215714_s_at
4.3608,4.3608,4.5812,215715_at
6.0787,6.0787,6.6639,215716_s_at
4.5303,4.5303,4.2742,215717_s_at
7.3968,7.3968,6.9557,215718_s_at
5.0989,5.0989,4.4689,215719_x_at
6.1747,6.1747,5.6963,215720_s_at
7.4342,7.4342,6.5138,215721_at
9.9961,9.9961,9.7244,215722_s_at
4.2053,4.2053,4.1904,215723_s_at
4.4227,4.4227,4.1905,215724_at
6.3387,6.3387,6.285,215725_at
7.0948,7.0948,7.4108,215726_s_at
5.2695,5.2695,5.5087,215727_x_at
6.5441,6.5441,7.2987,215728_s_at
4.2054,4.2054,4.1905,215729_s_at
5.2738,5.2738,5.3977,215730_at
8.9934,8.9934,9.2025,215731_s_at
5.6281,5.6281,5.6627,215732_s_at
4.2055,4.2055,4.1906,215733_x_at
5.7104,5.7104,5.3607,215734_at
8.3333,8.3333,8.2846,215735_s_at
4.6984,4.6984,4.3398,215736_at
8.8499,8.8499,8.843,215737_x_at
6.0139,6.0139,5.6982,215738_at
7.2285,7.2285,7.2346,215739_s_at
4.2056,4.2056,4.1907,215740_at
5.4524,5.4524,4.3018,215741_x_at
4.2056,4.2056,5.3176,215742_at
6.044,6.044,6.8443,215743_at
6.5407,6.5407,6.4024,215744_at
5.354,5.354,4.5822,215745_at
4.6112,4.6112,4.703,215746_at
6.936,6.936,7.5153,215747_s_at
5.6462,5.6462,6.1582,215748_at
8.268,8.268,7.9064,215749_s_at
5.9997,5.9997,6.2301,215750_at
4.4985,4.4985,4.2743,215751_at
4.2057,4.2057,4.1907,215752_at
4.2058,4.2058,5.0883,215753_at
8.6636,8.6636,7.562,215754_at
5.6577,5.6577,5.7352,215755_at
5.4103,5.4103,6.4928,215756_at
5.3184,5.3184,5.4733,215757_at
7.3666,7.3666,7.8042,215758_x_at
4.2059,4.2059,4.1908,215759_at
5.0709,5.0709,5.7053,215760_s_at
5.364,5.364,6.3904,215761_at
4.3712,4.3712,4.6284,215762_at
4.2059,4.2059,4.2723,215763_at
7.4981,7.4981,7.3169,215764_x_at
5.1407,5.1407,5.1971,215765_at
7.1796,7.1796,7.0541,215766_at
4.206,4.206,4.7664,215767_at
5.5536,5.5536,5.5297,215768_at
5.4311,5.4311,5.1759,215769_at
4.8635,4.8635,5.0345,215770_at
5.4134,5.4134,6.2239,215771_x_at
6.4488,6.4488,8.6455,215772_x_at
8.991,8.991,9.6754,215773_x_at
4.3808,4.3808,5.5027,215774_s_at
5.9004,5.9004,6.0043,215775_at
4.3941,4.3941,4.4597,215776_at
4.9282,4.9282,6.2335,215777_at
6.3777,6.3777,6.0803,215778_x_at
6.9693,6.9693,7.2127,215779_s_at
7.7441,7.7441,8.1807,215780_s_at
5.1193,5.1193,5.3559,215781_s_at
4.2061,4.2061,4.1908,215782_at
5.6496,5.6496,5.4141,215783_s_at
4.2062,4.2062,4.7695,215784_at
13.2718,13.2718,12.4679,215785_s_at
7.3918,7.3918,5.7324,215786_at
5.6249,5.6249,5.3546,215787_at
5.9887,5.9887,6.4568,215788_at
4.7748,4.7748,5.7826,215789_s_at
4.2062,4.2062,4.1909,215790_at
4.2063,4.2063,4.4383,215791_at
7.6145,7.6145,7.5157,215792_s_at
4.2064,4.2064,4.4481,215793_at
7.4292,7.4292,7.793,215794_x_at
4.4568,4.4568,4.191,215795_at
4.85,4.85,5.0082,215796_at
5.5254,5.5254,6.0013,215797_at
6.2012,6.2012,6.1756,215798_at
4.2065,4.2065,4.3222,215799_at
5.4313,5.4313,5.7813,215800_at
5.128,5.128,4.4745,215801_at
7.3215,7.3215,6.4553,215802_at
4.5729,4.5729,4.9972,215803_at
4.2065,4.2065,4.336,215804_at
4.2066,4.2066,4.5867,215805_at
5.4612,5.4612,4.618,215806_x_at
4.8821,4.8821,5.4502,215807_s_at
5.7297,5.7297,5.8503,215808_at
5.5976,5.5976,6.2566,215809_at
5.0991,5.0991,5.5496,215810_x_at
5.4373,5.4373,6.2104,215811_at
5.8247,5.8247,4.7601,215812_s_at
5.9532,5.9532,5.9444,215813_s_at
5.1859,5.1859,5.136,215814_at
5.7524,5.7524,4.2779,215815_at
5.5665,5.5665,6.3942,215816_at
4.7686,4.7686,5.2242,215817_at
4.8085,4.8085,5.7099,215818_at
5.2704,5.2704,4.7258,215819_s_at
4.4064,4.4064,6.0291,215820_x_at
5.5695,5.5695,5.8689,215821_x_at
5.8592,5.8592,4.8363,215822_x_at
14.4248,14.4248,14.381,215823_x_at
4.7368,4.7368,4.9543,215824_at
6.125,6.125,5.476,215825_at
4.2067,4.2067,4.191,215826_x_at
4.4927,4.4927,4.1911,215827_x_at
5.5131,5.5131,5.5976,215828_at
5.531,5.531,5.7065,215829_at
4.2068,4.2068,4.1912,215830_at
4.9739,4.9739,5.2039,215831_at
7.5675,7.5675,7.3626,215832_x_at
6.6809,6.6809,5.9035,215833_s_at
4.5758,4.5758,4.7217,215834_x_at
5.0299,5.0299,4.9332,215835_at
5.291,5.291,5.708,215836_s_at
4.6779,4.6779,5.0167,215837_x_at
5.1093,5.1093,4.9431,215838_at
4.3756,4.3756,4.3616,215839_at
4.4835,4.4835,4.3053,215840_at
6.195,6.195,4.6359,215841_at
4.9033,4.9033,4.9523,215842_s_at
4.4998,4.4998,5.1593,215843_s_at
5.8541,5.8541,5.1615,215844_at
6.6191,6.6191,5.1195,215845_x_at
6.1442,6.1442,4.9816,215846_at
4.5101,4.5101,4.1912,215847_at
5.8881,5.8881,6.5547,215848_at
5.349,5.349,6.8157,215849_x_at
5.6007,5.6007,4.6266,215850_s_at
4.6215,4.6215,4.5953,215851_at
6.3951,6.3951,6.1214,215852_x_at
4.6747,4.6747,4.7991,215853_at
5.4682,5.4682,5.5902,215854_at
7.5131,7.5131,7.2626,215855_s_at
6.8809,6.8809,6.613,215856_at
5.2811,5.2811,5.6556,215857_at
4.6355,4.6355,4.5639,215858_at
6.5171,6.5171,5.62,215859_at
4.2068,4.2068,4.6621,215860_at
5.3483,5.3483,5.519,215861_at
5.4499,5.4499,5.6912,215862_at
6.0566,6.0566,5.7371,215863_at
6.1995,6.1995,6.1781,215864_at
5.886,5.886,5.0284,215865_at
5.957,5.957,5.097,215866_at
6.1278,6.1278,5.8472,215867_x_at
5.334,5.334,4.8304,215868_x_at
4.3282,4.3282,4.2861,215869_at
4.2069,4.2069,4.2623,215870_s_at
4.207,4.207,4.268,215871_at
4.2889,4.2889,4.1913,215872_at
7.197,7.197,7.413,215873_x_at
6.2895,6.2895,4.6429,215874_at
6.2113,6.2113,5.9516,215875_at
4.5215,4.5215,4.5869,215876_at
5.1012,5.1012,5.3225,215877_at
4.9916,4.9916,4.6314,215878_at
4.7878,4.7878,4.5463,215879_at
5.022,5.022,5.2009,215880_at
5.9101,5.9101,5.7199,215881_x_at
5.5626,5.5626,4.9681,215882_at
6.4357,6.4357,6.4742,215883_at
4.396,4.396,4.1914,215885_at
7.3271,7.3271,6.7321,215886_x_at
6.3004,6.3004,6.724,215887_at
7.1833,7.1833,7.3567,215888_at
6.7665,6.7665,6.0925,215889_at
5.529,5.529,5.9609,215890_at
4.7735,4.7735,4.4921,215891_s_at
5.5614,5.5614,5.1343,215892_at
5.3892,5.3892,4.1914,215893_x_at
5.9908,5.9908,4.3947,215894_at
6.6571,6.6571,5.787,215895_x_at
4.9676,4.9676,5.418,215896_at
4.2071,4.2071,4.1915,215897_at
5.9453,5.9453,5.2011,215898_at
6.4934,6.4934,5.9022,215899_at
5.4584,5.4584,5.4727,215900_at
4.9129,4.9129,4.1916,215901_at
5.6527,5.6527,5.2593,215902_at
4.3025,4.3025,5.1203,215904_at
6.4973,6.4973,7.539,215905_s_at
5.6401,5.6401,4.632,215906_at
8.7812,8.7812,8.2953,215907_at
7.4727,7.4727,7.1353,215908_at
6.9053,6.9053,7.0281,215909_x_at
5.8567,5.8567,4.3962,215910_s_at
4.4453,4.4453,4.5702,215911_x_at
4.2874,4.2874,4.422,215912_at
4.2071,4.2071,5.2529,215913_s_at
4.4385,4.4385,5.8939,215914_at
5.3787,5.3787,4.9009,215915_at
5.3749,5.3749,5.4875,215916_at
5.3468,5.3468,4.4638,215917_at
8.2235,8.2235,6.7562,215918_s_at
5.3676,5.3676,4.867,215919_s_at
4.2072,4.2072,4.1916,215920_s_at
4.659,4.659,4.7824,215921_at
4.2073,4.2073,4.1917,215922_at
5.2444,5.2444,4.5737,215923_s_at
4.2074,4.2074,4.3119,215924_at
7.2018,7.2018,8.2077,215925_s_at
7.6198,7.6198,5.5806,215926_x_at
4.4089,4.4089,4.5756,215927_at
5.2852,5.2852,5.184,215928_at
4.737,4.737,4.1918,215929_at
6.1655,6.1655,6.9473,215930_s_at
6.2162,6.2162,6.4757,215931_s_at
4.2075,4.2075,5.3342,215932_at
9.7483,9.7483,7.9732,215933_s_at
4.2075,4.2075,4.3963,215934_at
4.6219,4.6219,5.087,215935_at
8.4554,8.4554,7.0955,215936_s_at
4.2076,4.2076,4.1918,215937_at
6.0726,6.0726,6.7741,215938_s_at
4.2077,4.2077,4.2724,215939_at
5.1305,5.1305,4.9614,215940_at
4.6357,4.6357,5.195,215941_at
7.0383,7.0383,7.4468,215942_s_at
4.2077,4.2077,4.1919,215943_at
5.1096,5.1096,4.192,215944_at
11.4575,11.4575,12.2229,215946_x_at
8.0595,8.0595,8.7034,215947_s_at
9.1489,9.1489,8.0234,215948_x_at
6.4621,6.4621,7.1518,215949_x_at
6.0903,6.0903,6.6856,215951_at
13.0298,13.0298,12.9374,215952_s_at
5.0235,5.0235,4.5641,215953_at
6.6951,6.6951,7.1417,215954_s_at
4.2078,4.2078,4.1921,215955_x_at
5.6572,5.6572,5.5665,215956_at
4.2079,4.2079,4.7804,215957_at
4.3772,4.3772,4.9295,215958_at
5.0462,5.0462,6.2691,215959_at
4.4987,4.4987,5.1816,215960_at
4.208,4.208,4.1921,215961_at
4.3109,4.3109,4.2606,215962_at
14.9259,14.9259,14.9566,215963_x_at
4.208,4.208,4.2766,215964_at
4.2081,4.2081,4.5157,215965_at
5.674,5.674,5.4059,215966_x_at
4.2082,4.2082,4.3588,215967_s_at
4.3442,4.3442,4.7757,215968_at
4.2083,4.2083,4.1922,215969_at
4.2084,4.2084,4.5527,215970_at
4.2084,4.2084,5.359,215971_at
5.1222,5.1222,4.3692,215972_at
5.047,5.047,5.294,215973_at
4.4715,4.4715,4.4177,215974_at
5.276,5.276,5.6951,215975_x_at
4.5692,4.5692,5.3227,215976_at
5.1521,5.1521,5.7836,215977_x_at
10.599,10.599,9.6388,215978_x_at
4.3564,4.3564,4.3908,215979_s_at
5.1108,5.1108,4.1922,215981_at
8.8487,8.8487,8.3833,215982_s_at
6.8841,6.8841,7.5557,215983_s_at
4.2085,4.2085,4.2607,215984_s_at
6.6014,6.6014,5.4099,215985_at
4.3713,4.3713,4.3965,215986_at
6.1428,6.1428,5.6579,215987_at
4.3554,4.3554,5.3322,215988_s_at
4.2086,4.2086,4.3601,215989_at
6.2107,6.2107,7.0678,215990_s_at
4.2087,4.2087,4.6775,215991_s_at
8.233,8.233,6.339,215992_s_at
4.2087,4.2087,4.9683,215993_at
8.8223,8.8223,8.5625,215994_x_at
5.6827,5.6827,4.8692,215995_x_at
5.9305,5.9305,4.7461,215996_at
6.5383,6.5383,6.5641,215997_s_at
4.6682,4.6682,4.3456,215998_at
5.1678,5.1678,5.5485,215999_at
4.4078,4.4078,4.8329,216000_at
4.2088,4.2088,4.6464,216001_at
5.3477,5.3477,5.8587,216002_at
5.7398,5.7398,4.4039,216003_at
4.2089,4.2089,4.1923,216004_s_at
5.0284,5.0284,5.3208,216005_at
6.6908,6.6908,6.7941,216006_at
4.209,4.209,4.1924,216007_at
6.0845,6.0845,5.226,216008_s_at
4.8792,4.8792,4.1924,216009_at
4.209,4.209,4.2608,216010_x_at
4.8957,4.8957,5.3951,216011_at
7.4252,7.4252,7.0116,216012_at
4.4066,4.4066,4.1925,216013_at
5.2828,5.2828,4.3859,216014_s_at
4.2091,4.2091,4.1926,216015_s_at
4.2092,4.2092,4.1927,216016_at
4.2093,4.2093,4.1927,216017_s_at
5.3212,5.3212,5.7796,216018_at
4.6579,4.6579,4.5933,216019_x_at
4.2093,4.2093,4.1928,216020_at
5.3958,5.3958,5.5612,216021_s_at
5.9772,5.9772,5.0195,216022_at
5.229,5.229,5.2811,216023_at
4.2094,4.2094,4.1929,216024_at
6.7753,6.7753,7.1113,216025_x_at
8.8075,8.8075,9.5902,216026_s_at
6.4748,6.4748,5.9707,216027_at
5.8446,5.8446,6.1187,216028_at
5.6025,5.6025,5.6897,216029_at
4.3846,4.3846,4.3935,216030_s_at
4.2095,4.2095,4.1929,216031_x_at
10.3608,10.3608,10.8639,216032_s_at
7.6278,7.6278,5.9313,216033_s_at
5.472,5.472,5.6832,216034_at
9.1732,9.1732,7.3425,216035_x_at
6.1917,6.1917,6.5937,216036_x_at
8.7155,8.7155,7.5457,216037_x_at
6.5862,6.5862,6.7091,216038_x_at
4.7331,4.7331,5.0169,216039_at
5.6934,5.6934,6.1162,216040_x_at
7.2336,7.2336,8.6685,216041_x_at
6.5668,6.5668,6.8854,216042_at
5.7181,5.7181,5.7514,216043_x_at
5.4913,5.4913,5.2706,216044_x_at
4.2096,4.2096,4.193,216045_at
4.5517,4.5517,5.2942,216046_at
5.5399,5.5399,4.8973,216047_x_at
5.6306,5.6306,6.5648,216048_s_at
6.5069,6.5069,6.9454,216049_at
4.4717,4.4717,4.3992,216050_at
6.6856,6.6856,6.9018,216051_x_at
4.3079,4.3079,4.3722,216052_x_at
5.0272,5.0272,4.9765,216053_x_at
6.5741,6.5741,9.1391,216054_x_at
5.4298,5.4298,5.5487,216055_at
5.2841,5.2841,4.1931,216056_at
5.0388,5.0388,4.1931,216057_at
5.6283,5.6283,5.3075,216058_s_at
4.2096,4.2096,4.1932,216059_at
6.8499,6.8499,7.7044,216060_s_at
5.2156,5.2156,6.5308,216061_x_at
4.7019,4.7019,5.4486,216062_at
5.6472,5.6472,5.5658,216063_at
6.7352,6.7352,6.7853,216064_s_at
4.981,4.981,4.4581,216065_at
6.4886,6.4886,5.3436,216066_at
6.1082,6.1082,5.4991,216067_at
4.3609,4.3609,4.3834,216068_at
4.2097,4.2097,4.1933,216069_at
4.7583,4.7583,4.8611,216070_at
7.2605,7.2605,7.1171,216071_x_at
4.2098,4.2098,4.1933,216072_at
4.2099,4.2099,4.1934,216073_at
4.2099,4.2099,4.1934,216074_x_at
4.21,4.21,4.5955,216075_at
5.5644,5.5644,4.6335,216076_at
5.8166,5.8166,5.6904,216077_s_at
5.1046,5.1046,5.1295,216078_at
4.6796,4.6796,4.8622,216079_at
8.8252,8.8252,8.7929,216080_s_at
5.5499,5.5499,6.4333,216081_at
5.0417,5.0417,5.3927,216082_at
4.2101,4.2101,4.1935,216083_s_at
4.8116,4.8116,4.3019,216084_at
4.2102,4.2102,4.9818,216085_at
5.2105,5.2105,5.0683,216086_at
4.2102,4.2102,4.1936,216087_at
7.7114,7.7114,7.7986,216088_s_at
4.7904,4.7904,4.8446,216089_at
5.2424,5.2424,4.4903,216090_x_at
5.7041,5.7041,5.9548,216091_s_at
4.9569,4.9569,6.4823,216092_s_at
5.0498,5.0498,4.7649,216093_at
7.4012,7.4012,6.2409,216094_at
10.3655,10.3655,12.094,216095_x_at
4.9558,4.9558,5.8341,216096_s_at
4.2103,4.2103,4.6134,216097_at
4.2104,4.2104,4.1936,216098_s_at
4.2105,4.2105,4.1937,216099_at
4.8764,4.8764,4.6993,216100_s_at
5.9159,5.9159,6.2207,216101_at
4.5434,4.5434,4.4564,216102_at
4.6986,4.6986,4.3739,216103_at
4.2105,4.2105,4.9601,216104_at
8.0871,8.0871,8.0888,216105_x_at
4.8313,4.8313,5.2262,216106_at
4.9571,4.9571,4.5193,216107_at
4.2106,4.2106,5.1647,216108_at
8.452,8.452,6.3561,216109_at
6.1798,6.1798,6.1678,216110_x_at
7.2141,7.2141,7.3379,216111_x_at
6.4242,6.4242,5.2813,216112_at
4.2107,4.2107,4.2648,216113_at
6.3683,6.3683,6.5504,216114_at
6.0383,6.0383,5.1403,216115_at
4.2108,4.2108,4.1938,216116_at
5.2177,5.2177,5.4837,216117_at
4.5544,4.5544,5.7082,216118_at
5.9615,5.9615,6.3306,216119_s_at
4.2108,4.2108,4.3652,216120_s_at
6.5308,6.5308,6.2944,216121_at
4.2954,4.2954,4.1938,216122_at
4.7813,4.7813,5.4353,216123_x_at
4.2109,4.2109,4.3724,216124_at
7.6502,7.6502,7.6433,216125_s_at
6.1151,6.1151,6.5986,216126_at
4.211,4.211,4.3372,216127_at
5.7933,5.7933,5.931,216128_at
4.561,4.561,4.7366,216129_at
5.0607,5.0607,4.8223,216130_at
4.2111,4.2111,4.1939,216131_at
4.2111,4.2111,4.5035,216132_at
4.8013,4.8013,4.3668,216133_at
4.3411,4.3411,4.6096,216134_at
4.5188,4.5188,4.194,216135_at
4.2112,4.2112,4.7269,216136_at
4.2113,4.2113,4.3054,216137_s_at
4.3221,4.3221,4.2949,216138_at
4.3522,4.3522,4.7032,216139_s_at
4.2114,4.2114,4.194,216140_at
6.3742,6.3742,5.6924,216141_at
4.565,4.565,5.2625,216142_at
4.3658,4.3658,4.6012,216143_at
4.3488,4.3488,4.9176,216144_at
5.9548,5.9548,4.6819,216145_at
5.6875,5.6875,5.1724,216146_at
5.7157,5.7157,5.3746,216147_at
5.2523,5.2523,4.1941,216148_at
5.3774,5.3774,4.9616,216149_at
5.202,5.202,5.5135,216150_at
4.2115,4.2115,4.415,216151_at
6.3253,6.3253,6.7162,216152_at
8.0928,8.0928,8.1309,216153_x_at
6.098,6.098,5.8196,216154_at
4.2115,4.2115,4.1942,216155_at
4.7891,4.7891,4.1942,216156_at
4.2116,4.2116,5.2972,216157_at
4.519,4.519,4.2694,216158_at
5.9744,5.9744,5.5365,216159_s_at
5.2415,5.2415,4.7924,216160_at
5.6136,5.6136,5.7201,216161_at
4.7651,4.7651,4.8594,216162_at
4.4596,4.4596,5.1547,216163_at
6.05,6.05,5.3603,216164_at
4.2117,4.2117,5.2559,216165_at
5.9022,5.9022,6.526,216166_at
4.465,4.465,4.1943,216167_at
4.9594,4.9594,4.8999,216168_at
4.2118,4.2118,4.9179,216169_at
4.8382,4.8382,5.1526,216170_at
4.2119,4.2119,4.1944,216171_at
5.5178,5.5178,5.9109,216172_at
4.7203,4.7203,5.5199,216173_at
6.2006,6.2006,5.6385,216174_at
5.2463,5.2463,5.2452,216175_at
5.4468,5.4468,6.0745,216176_at
7.1572,7.1572,7.2144,216177_at
5.5315,5.5315,4.8718,216178_x_at
4.301,4.301,4.1944,216179_x_at
6.6821,6.6821,6.88,216180_s_at
4.6739,4.6739,4.7667,216181_at
4.3183,4.3183,4.3534,216182_at
6.0307,6.0307,5.0734,216183_at
4.359,4.359,5.509,216184_s_at
4.2119,4.2119,4.1945,216185_at
6.8084,6.8084,6.26,216186_at
13.0216,13.0216,11.3092,216187_x_at
4.5656,4.5656,5.0957,216188_at
4.7475,4.7475,5.0438,216189_at
4.212,4.212,4.9137,216190_x_at
4.8699,4.8699,4.1946,216191_s_at
5.5031,5.5031,5.6233,216192_at
4.5132,4.5132,4.5413,216193_at
10.8375,10.8375,10.2033,216194_s_at
4.3368,4.3368,5.4568,216195_at
5.6783,5.6783,5.5302,216196_at
6.341,6.341,5.831,216197_at
5.74,5.74,4.8729,216198_at
9.3344,9.3344,9.9055,216199_s_at
4.8278,4.8278,5.0197,216200_at
4.7453,4.7453,4.266,216201_at
6.5783,6.5783,6.4766,216202_s_at
5.6902,5.6902,5.5052,216203_at
4.5881,4.5881,4.2794,216204_at
6.1683,6.1683,6.7597,216205_s_at
6.7888,6.7888,6.0431,216206_x_at
7.8342,7.8342,8.8229,216207_x_at
5.6803,5.6803,5.6517,216208_s_at
4.2121,4.2121,4.1946,216209_at
8.5822,8.5822,8.4618,216210_x_at
6.9827,6.9827,7.4996,216211_at
7.7748,7.7748,8.4515,216212_s_at
5.3197,5.3197,5.6642,216213_at
5.5589,5.5589,4.7034,216214_at
6.1638,6.1638,6.109,216215_s_at
4.9545,4.9545,4.7094,216216_at
5.4754,5.4754,5.6941,216217_at
6.9012,6.9012,7.3804,216218_s_at
4.4789,4.4789,5.6304,216219_at
6.2312,6.2312,6.1035,216220_s_at
11.1152,11.1152,10.7628,216221_s_at
5.6742,5.6742,4.1947,216222_s_at
4.8877,4.8877,5.3325,216223_at
4.6078,4.6078,6.041,216224_s_at
4.2122,4.2122,4.5075,216225_at
5.898,5.898,6.2683,216226_at
4.6819,4.6819,4.914,216227_at
6.3338,6.3338,5.49,216228_s_at
7.5972,7.5972,7.0136,216229_x_at
4.2123,4.2123,4.1948,216230_x_at
14.7048,14.7048,14.4937,216231_s_at
7.5304,7.5304,7.7966,216232_s_at
4.2123,4.2123,4.1948,216233_at
4.2124,4.2124,4.3173,216234_s_at
5.7245,5.7245,5.5753,216235_s_at
6.5386,6.5386,6.8576,216236_s_at
12.8828,12.8828,13.6391,216237_s_at
4.7283,4.7283,4.4539,216238_s_at
4.8631,4.8631,5.0388,216240_at
12.1317,12.1317,12.9454,216241_s_at
8.0405,8.0405,8.0958,216242_x_at
6.1708,6.1708,5.9833,216243_s_at
4.2125,4.2125,4.1949,216244_at
4.2126,4.2126,4.195,216245_at
7.672,7.672,7.8567,216246_at
5.4442,5.4442,5.3098,216247_at
6.5547,6.5547,6.9746,216248_s_at
5.9392,5.9392,4.8331,216249_at
8.7633,8.7633,9.1358,216250_s_at
7.3578,7.3578,7.7548,216251_s_at
4.2126,4.2126,4.7531,216252_x_at
5.0818,5.0818,4.6707,216253_s_at
4.7158,4.7158,4.195,216254_at
4.2127,4.2127,4.1951,216255_s_at
5.4346,5.4346,5.3685,216256_at
4.2128,4.2128,4.1952,216257_at
4.3942,4.3942,4.1952,216258_s_at
5.9373,5.9373,5.1581,216259_at
7.3078,7.3078,6.8707,216260_at
5.741,5.741,5.7055,216261_at
5.4018,5.4018,5.542,216263_s_at
5.5633,5.5633,5.8092,216264_s_at
5.4977,5.4977,5.1432,216265_x_at
6.5605,6.5605,6.5287,216266_s_at
6.7973,6.7973,7.1681,216267_s_at
6.4117,6.4117,7.5091,216268_s_at
6.8195,6.8195,6.7196,216269_s_at
4.2129,4.2129,4.1953,216270_at
5.7332,5.7332,5.5445,216271_x_at
5.5047,5.5047,6.1624,216272_x_at
5.7189,5.7189,5.4101,216273_at
9.8677,9.8677,11.6405,216274_s_at
4.9307,4.9307,4.6709,216275_at
4.213,4.213,4.1954,216276_s_at
5.1409,5.1409,4.3617,216277_at
6.8024,6.8024,6.4111,216278_at
5.6188,5.6188,5.3929,216279_at
4.213,4.213,4.1954,216280_s_at
4.3222,4.3222,4.1955,216281_at
7.2831,7.2831,7.3447,216282_x_at
4.2131,4.2131,4.2558,216283_s_at
4.2132,4.2132,4.1956,216284_at
5.7711,5.7711,5.4114,216285_at
4.5232,4.5232,4.988,216286_at
5.4988,5.4988,6.1397,216287_at
4.8149,4.8149,5.321,216288_at
4.362,4.362,4.2633,216289_at
4.8637,4.8637,4.9829,216290_x_at
4.2133,4.2133,4.5902,216291_at
6.0732,6.0732,6.1837,216292_at
5.8796,5.8796,5.4637,216293_at
6.0833,6.0833,6.032,216294_s_at
9.7278,9.7278,10.2076,216295_s_at
6.3054,6.3054,6.2228,216296_at
4.4693,4.4693,4.9773,216297_at
5.539,5.539,4.1956,216298_at
5.5302,5.5302,5.5915,216299_s_at
6.0149,6.0149,6.2589,216300_x_at
6.0218,6.0218,5.5038,216301_at
6.1939,6.1939,6.068,216302_at
4.2133,4.2133,5.8692,216303_s_at
9.7389,9.7389,9.7684,216304_x_at
7.1936,7.1936,6.8201,216305_s_at
12.879,12.879,13.1695,216306_x_at
4.2134,4.2134,4.1957,216307_at
9.474,9.474,10.5412,216308_x_at
6.8366,6.8366,6.957,216309_x_at
8.8217,8.8217,8.3135,216310_at
5.2912,5.2912,4.6743,216311_at
4.7774,4.7774,4.1958,216312_at
4.2135,4.2135,4.1958,216313_at
4.2136,4.2136,4.1959,216314_at
6.3998,6.3998,5.5126,216315_x_at
5.6434,5.6434,5.1656,216316_x_at
4.8803,4.8803,4.3447,216317_x_at
5.7674,5.7674,4.9569,216318_at
4.5883,4.5883,4.7079,216319_at
5.7388,5.7388,5.0753,216320_x_at
4.8118,4.8118,4.8459,216322_at
7.5542,7.5542,7.9382,216323_x_at
4.2137,4.2137,4.2537,216324_at
4.4401,4.4401,4.7327,216325_x_at
8.5493,8.5493,9.1144,216326_s_at
4.5499,4.5499,4.5465,216327_s_at
4.2137,4.2137,4.196,216328_at
4.4464,4.4464,5.0071,216329_at
4.415,4.415,4.629,216330_s_at
4.3591,4.3591,4.196,216331_at
4.5019,4.5019,4.4178,216332_at
4.9709,4.9709,5.0011,216333_x_at
4.2138,4.2138,4.1961,216334_s_at
7.3141,7.3141,7.0981,216336_x_at
4.3091,4.3091,4.1962,216337_at
7.3489,7.3489,7.1963,216338_s_at
4.964,4.964,4.1963,216339_s_at
5.4756,5.4756,4.3808,216340_s_at
5.4815,5.4815,6.0831,216341_s_at
14.3304,14.3304,14.3356,216342_x_at
4.2139,4.2139,5.434,216343_at
5.4225,5.4225,6.3733,216344_at
5.362,5.362,4.1963,216345_at
4.214,4.214,4.1964,216346_at
9.3379,9.3379,9.1496,216348_at
5.8946,5.8946,5.8024,216349_at
6.7866,6.7866,7.2491,216350_s_at
5.274,5.274,5.1108,216351_x_at
5.0024,5.0024,4.4657,216352_x_at
4.214,4.214,4.1965,216353_s_at
6.8243,6.8243,6.7221,216354_at
4.9321,4.9321,5.7337,216355_at
7.2212,7.2212,7.9341,216356_x_at
4.6002,4.6002,4.5486,216357_at
6.2304,6.2304,4.9966,216358_at
4.634,4.634,5.2045,216359_at
5.8105,5.8105,4.6182,216360_x_at
6.5081,6.5081,5.1549,216361_s_at
4.9876,4.9876,4.1965,216362_at
5.402,5.402,5.7211,216363_at
4.3054,4.3054,4.5719,216364_s_at
4.3645,4.3645,5.2633,216365_x_at
7.312,7.312,7.3591,216366_x_at
4.7969,4.7969,4.8914,216367_at
5.1982,5.1982,5.303,216368_s_at
4.2141,4.2141,5.2428,216369_at
4.3565,4.3565,5.8016,216370_s_at
5.3232,5.3232,6.7004,216371_at
5.9628,5.9628,5.9119,216372_at
6.8672,6.8672,5.5707,216373_at
5.173,5.173,5.2026,216374_at
4.9431,4.9431,4.2767,216375_s_at
6.2042,6.2042,6.7631,216376_x_at
6.4389,6.4389,6.359,216377_x_at
4.8063,4.8063,4.7219,216378_at
12.8638,12.8638,12.643,216379_x_at
9.3089,9.3089,9.652,216380_x_at
7.4026,7.4026,7.6601,216381_x_at
4.9086,4.9086,5.2271,216382_s_at
7.8105,7.8105,8.5425,216383_at
13.8498,13.8498,13.6339,216384_x_at
5.0473,5.0473,4.7651,216385_at
4.2142,4.2142,4.8348,216386_at
8.6008,8.6008,8.9817,216387_x_at
5.9318,5.9318,6.5242,216388_s_at
6.488,6.488,6.4808,216389_s_at
4.3621,4.3621,4.3308,216390_at
5.4776,5.4776,5.3855,216391_s_at
5.463,5.463,5.8702,216392_s_at
5.5688,5.5688,5.9098,216393_at
4.948,4.948,5.1689,216394_x_at
5.2394,5.2394,4.496,216395_at
8.307,8.307,8.5076,216396_s_at
7.1215,7.1215,6.8723,216397_s_at
5.6053,5.6053,5.9679,216398_at
6.6723,6.6723,6.8205,216399_s_at
4.2143,4.2143,4.4583,216400_at
6.3427,6.3427,6.864,216401_x_at
5.5799,5.5799,5.8865,216402_at
4.8361,4.8361,4.8672,216403_at
4.3567,4.3567,4.3787,216404_at
4.3799,4.3799,4.8701,216405_at
4.2144,4.2144,4.1966,216406_at
4.591,4.591,4.3135,216407_at
4.4597,4.4597,5.3659,216408_at
5.7191,5.7191,6.0683,216409_at
4.348,4.348,4.1967,216410_at
5.1757,5.1757,5.2859,216411_s_at
4.6098,4.6098,5.2216,216412_x_at
4.3149,4.3149,4.4096,216413_at
4.97,4.97,4.2849,216414_at
4.741,4.741,4.5673,216415_at
4.9799,4.9799,5.5681,216416_at
5.3051,5.3051,4.2998,216417_x_at
4.3469,4.3469,4.1967,216418_at
4.5168,4.5168,5.1852,216419_at
4.4417,4.4417,4.5139,216420_at
5.5054,5.5054,5.1803,216421_at
6.2654,6.2654,6.0059,216422_at
5.6226,5.6226,5.9935,216423_at
4.2144,4.2144,4.1968,216424_at
4.6511,4.6511,4.7993,216425_at
5.7194,5.7194,4.3669,216426_at
4.3026,4.3026,4.2938,216427_at
4.7815,4.7815,4.1969,216428_x_at
5.0908,5.0908,4.2725,216429_at
4.2145,4.2145,4.1969,216430_x_at
4.2146,4.2146,4.3287,216431_at
5.8526,5.8526,5.6712,216432_at
4.2147,4.2147,5.1872,216433_s_at
4.6114,4.6114,4.696,216434_at
4.9196,4.9196,4.5587,216435_at
4.7399,4.7399,4.8278,216436_at
5.3596,5.3596,5.8539,216437_at
14.1581,14.1581,13.2718,216438_s_at
4.2148,4.2148,4.2821,216439_at
5.43,5.43,5.7677,216440_at
4.2148,4.2148,4.197,216441_at
5.5978,5.5978,4.285,216442_x_at
4.6376,4.6376,4.7251,216443_at
4.9919,4.9919,5.0248,216444_at
4.4556,4.4556,4.8226,216445_at
4.4292,4.4292,6.0027,216446_at
4.2149,4.2149,4.1971,216447_at
5.1581,5.1581,5.3212,216448_at
7.8636,7.8636,7.6526,216449_x_at
6.8344,6.8344,7.4356,216450_x_at
6.2343,6.2343,5.9633,216451_at
4.811,4.811,5.8605,216452_at
5.6817,5.6817,5.6932,216453_at
4.3413,4.3413,4.1971,216454_at
6.4829,6.4829,6.1347,216455_at
4.9468,4.9468,4.2829,216456_at
9.6586,9.6586,9.9129,216457_s_at
5.9072,5.9072,5.1019,216458_at
5.0325,5.0325,5.0915,216459_x_at
4.4765,4.4765,5.2309,216460_at
5.4326,5.4326,6.0096,216461_at
4.9107,4.9107,4.8145,216462_at
4.215,4.215,4.3694,216463_at
4.2151,4.2151,4.1972,216464_x_at
4.2923,4.2923,4.1973,216465_at
4.7763,4.7763,4.1973,216466_at
5.7781,5.7781,6.2694,216467_s_at
5.2158,5.2158,5.6707,216468_s_at
4.5583,4.5583,4.1974,216469_at
4.2151,4.2151,4.1975,216470_x_at
4.3342,4.3342,4.5854,216471_x_at
5.7085,5.7085,4.7221,216472_at
6.2515,6.2515,5.9281,216473_x_at
4.6834,4.6834,4.984,216474_x_at
5.3163,5.3163,6.1294,216475_at
5.7606,5.7606,5.3155,216476_at
5.2022,5.2022,4.2919,216477_at
4.3451,4.3451,4.1975,216478_at
6.1378,6.1378,6.1403,216479_at
5.3191,5.3191,5.8516,216480_x_at
6.109,6.109,6.1236,216481_at
5.0207,5.0207,5.1583,216482_x_at
7.9466,7.9466,7.888,216483_s_at
10.5706,10.5706,11.7192,216484_x_at
4.7195,4.7195,4.3639,216485_s_at
6.0688,6.0688,6.3022,216486_x_at
4.2152,4.2152,4.1976,216487_at
5.5922,5.5922,5.1048,216488_s_at
5.1797,5.1797,5.7986,216489_at
5.5124,5.5124,5.8528,216490_x_at
6.1267,6.1267,6.5048,216491_x_at
5.5049,5.5049,6.2397,216492_at
5.7031,5.7031,4.3252,216493_s_at
4.3163,4.3163,4.9412,216494_at
6.4019,6.4019,7.3001,216495_x_at
4.2153,4.2153,4.2681,216496_s_at
6.879,6.879,7.4378,216497_at
4.9906,4.9906,4.1977,216498_at
5.8819,5.8819,5.5178,216499_at
4.609,4.609,4.9732,216500_at
4.2154,4.2154,4.3619,216501_at
4.3962,4.3962,4.9734,216502_at
7.3155,7.3155,6.8214,216503_s_at
4.739,4.739,5.6946,216504_s_at
10.8982,10.8982,10.7348,216505_x_at
6.9357,6.9357,6.7785,216506_x_at
6.7175,6.7175,5.532,216507_at
9.9746,9.9746,10.6265,216508_x_at
6.3085,6.3085,5.729,216509_x_at
6.1088,6.1088,7.0567,216510_x_at
8.5609,8.5609,6.719,216511_s_at
5.2446,5.2446,5.347,216512_s_at
4.2155,4.2155,5.0768,216513_at
5.9474,5.9474,6.2461,216514_at
13.3694,13.3694,14.1525,216515_x_at
5.0853,5.0853,4.7767,216516_at
4.7256,4.7256,4.6565,216517_at
4.488,4.488,4.1977,216518_at
5.8132,5.8132,5.5853,216519_s_at
14.8892,14.8892,14.8229,216520_s_at
5.5256,5.5256,5.8344,216521_s_at
5.4797,5.4797,5.9161,216522_at
9.6946,9.6946,9.0396,216524_x_at
8.728,8.728,8.7379,216525_x_at
14.8041,14.8041,14.7403,216526_x_at
5.178,5.178,4.6877,216527_at
4.8944,4.8944,5.9292,216528_at
4.823,4.823,4.7499,216529_at
5.1969,5.1969,5.7474,216530_at
6.0729,6.0729,6.25,216531_at
6.7546,6.7546,7.5889,216532_x_at
4.2155,4.2155,4.1978,216533_at
4.2156,4.2156,4.1979,216534_at
6.3543,6.3543,4.7329,216535_at
4.6005,4.6005,4.1979,216536_at
6.0773,6.0773,5.239,216537_s_at
7.4137,7.4137,7.1809,216538_at
5.0475,5.0475,4.2989,216539_at
5.4546,5.4546,5.5978,216540_at
5.5265,5.5265,6.4889,216541_x_at
6.8356,6.8356,7.9611,216542_x_at
4.2157,4.2157,4.198,216543_at
4.2158,4.2158,4.418,216544_at
5.5158,5.5158,5.9482,216545_at
5.1038,5.1038,4.3966,216546_s_at
8.1565,8.1565,8.5863,216548_x_at
5.5194,5.5194,5.0336,216549_s_at
8.0128,8.0128,7.2117,216550_x_at
6.3889,6.3889,6.202,216551_x_at
4.8959,4.8959,4.3289,216552_x_at
5.6394,5.6394,5.3653,216553_x_at
6.5018,6.5018,7.5398,216554_s_at
5.6546,5.6546,5.954,216555_at
4.7266,4.7266,4.4866,216556_x_at
6.1423,6.1423,7.4919,216557_x_at
5.3768,5.3768,5.0084,216558_x_at
11.092,11.092,11.0205,216559_x_at
4.2158,4.2158,4.1981,216560_x_at
6,6,5.261,216561_x_at
5.7544,5.7544,5.4258,216562_at
8.4545,8.4545,8.5451,216563_at
4.32,4.32,4.1982,216564_at
6.5177,6.5177,7.3896,216565_x_at
4.6026,4.6026,4.8679,216566_at
4.2159,4.2159,4.1982,216567_at
5.6589,5.6589,4.1983,216568_x_at
4.216,4.216,4.3055,216569_at
10.6531,10.6531,10.2925,216570_x_at
4.5836,4.5836,4.3641,216571_at
4.2161,4.2161,4.1984,216572_at
4.2162,4.2162,5.5242,216573_at
4.962,4.962,5.9593,216574_s_at
4.4403,4.4403,4.5221,216575_at
6.217,6.217,6.2755,216576_x_at
6.321,6.321,5.8158,216577_at
4.2162,4.2162,4.1984,216578_at
5.6958,5.6958,4.5627,216579_at
5.8308,5.8308,6.1137,216580_at
4.4367,4.4367,4.3095,216581_at
5.7988,5.7988,5.6644,216582_at
7.0366,7.0366,7.319,216583_x_at
4.2163,4.2163,4.1985,216584_at
4.867,4.867,5.3412,216585_at
5.7213,5.7213,4.4729,216586_at
4.2164,4.2164,4.1986,216587_s_at
4.3237,4.3237,4.7111,216588_at
6.5535,6.5535,5.3034,216589_at
4.9657,4.9657,4.5739,216590_at
6.4162,6.4162,6.9982,216591_s_at
4.3724,4.3724,4.362,216592_at
6.6418,6.6418,6.6954,216593_s_at
6.6467,6.6467,7.2329,216594_x_at
4.8315,4.8315,5.047,216595_at
5.4196,5.4196,5.022,216596_at
4.4837,4.4837,4.3517,216597_at
4.2165,4.2165,4.2548,216599_x_at
6.7067,6.7067,6.1675,216600_x_at
4.8048,4.8048,4.3678,216601_at
5.2555,5.2555,6.0072,216602_s_at
4.2165,4.2165,5.2612,216603_at
5.4386,5.4386,4.5259,216604_s_at
4.2166,4.2166,4.1986,216605_s_at
7.2035,7.2035,7.5716,216606_x_at
6.5311,6.5311,7.1431,216607_s_at
6.056,6.056,4.9059,216608_at
6.1891,6.1891,6.1297,216609_at
4.2167,4.2167,4.9618,216610_at
4.7984,4.7984,4.4197,216611_s_at
4.2168,4.2168,4.909,216612_x_at
4.6192,4.6192,4.1987,216613_at
5.8222,5.8222,5.6596,216614_at
5.555,5.555,6.798,216615_s_at
4.2169,4.2169,4.1988,216616_at
4.2169,4.2169,4.1989,216617_s_at
5.0517,5.0517,4.6124,216618_at
4.6758,4.6758,4.2661,216619_at
6.7103,6.7103,5.7631,216620_s_at
6.8953,6.8953,6.5009,216621_at
4.5885,4.5885,4.961,216622_at
4.217,4.217,4.577,216623_x_at
4.7867,4.7867,5.2745,216624_s_at
4.3314,4.3314,4.1989,216625_at
5.0366,5.0366,4.5824,216626_at
4.9016,4.9016,5.6441,216627_s_at
5.9376,5.9376,4.6732,216628_at
5.3025,5.3025,4.764,216629_at
4.3736,4.3736,4.3056,216630_at
5.031,5.031,6.025,216631_s_at
4.2171,4.2171,4.199,216632_at
4.2172,4.2172,4.1991,216633_s_at
4.2968,4.2968,4.4804,216634_at
5.5577,5.5577,4.1991,216635_at
4.2172,4.2172,4.1992,216636_at
4.5109,4.5109,4.2671,216637_at
5.2512,5.2512,4.5689,216638_s_at
4.5694,4.5694,4.9079,216639_at
10.1007,10.1007,10.3285,216640_s_at
5.8915,5.8915,6.6862,216641_s_at
5.2078,5.2078,4.6413,216642_at
4.6659,4.6659,5.1952,216643_at
6.9063,6.9063,6.5272,216644_at
7.6255,7.6255,7.7582,216645_at
4.7671,4.7671,4.1993,216646_at
5.962,5.962,6.3909,216647_at
4.9349,4.9349,4.281,216648_s_at
4.2173,4.2173,4.1993,216649_at
6.3314,6.3314,4.9254,216650_at
5.5452,5.5452,4.8212,216651_s_at
8.626,8.626,7.9208,216652_s_at
4.2174,4.2174,4.8568,216653_at
6.0134,6.0134,6.4286,216654_at
5.3394,5.3394,4.7479,216655_s_at
4.4121,4.4121,4.1994,216656_at
5.3215,5.3215,4.426,216657_at
6.1812,6.1812,5.8915,216658_at
4.7621,4.7621,4.1995,216659_at
4.5768,4.5768,4.1995,216660_at
6.3509,6.3509,6.3268,216661_x_at
5.2713,5.2713,5.1596,216662_at
5.1583,5.1583,5.5478,216663_s_at
4.2175,4.2175,5.0355,216664_at
4.4838,4.4838,4.6036,216665_s_at
5.4183,5.4183,5.2816,216666_at
5.9161,5.9161,4.8365,216667_at
5.8884,5.8884,6.428,216668_at
4.8686,4.8686,4.2909,216669_at
4.35,4.35,4.1996,216670_at
4.6851,4.6851,4.4851,216671_x_at
4.2176,4.2176,4.2851,216672_s_at
5.8047,5.8047,5.7681,216673_at
4.2177,4.2177,4.3186,216674_at
5.941,5.941,6.2643,216675_at
4.5202,4.5202,4.5426,216676_x_at
5.641,5.641,5.8562,216677_at
6.9893,6.9893,6.8525,216678_at
4.5069,4.5069,4.6822,216679_at
5.9006,5.9006,5.4624,216680_s_at
5.3995,5.3995,4.1997,216681_at
5.4137,5.4137,5.2207,216682_s_at
4.3471,4.3471,5.0184,216683_at
4.2177,4.2177,4.1997,216684_s_at
4.2178,4.2178,4.8504,216685_s_at
4.2179,4.2179,4.6207,216686_at
5.5238,5.5238,4.381,216687_x_at
5.8469,5.8469,5.8095,216688_at
6.8983,6.8983,6.8274,216689_x_at
5.2635,5.2635,5.3348,216690_at
4.5539,4.5539,4.3058,216691_at
6.0294,6.0294,5.9085,216692_at
8.1455,8.1455,7.4752,216693_x_at
6.1259,6.1259,6.4224,216694_at
4.218,4.218,4.2726,216695_s_at
5.8318,5.8318,6.9863,216696_s_at
5.2657,5.2657,5.5002,216697_at
6.6847,6.6847,7.0664,216698_x_at
6.1417,6.1417,6.8902,216699_s_at
4.8374,4.8374,4.7867,216700_at
4.693,4.693,4.3994,216701_at
6.4479,6.4479,6.2856,216702_x_at
4.9741,4.9741,5.4571,216703_at
4.4928,4.4928,4.6184,216704_at
11.0125,11.0125,9.376,216705_s_at
4.2181,4.2181,4.5957,216706_x_at
4.2181,4.2181,4.1998,216707_at
4.4435,4.4435,4.4278,216708_x_at
4.3929,4.3929,4.6598,216709_at
6.022,6.022,4.5642,216710_x_at
5.6424,5.6424,4.664,216711_s_at
5.5737,5.5737,4.9334,216712_at
6.2389,6.2389,4.3877,216713_at
6.1956,6.1956,6.3989,216715_at
4.3489,4.3489,4.2568,216716_at
4.2182,4.2182,4.1999,216717_at
4.2183,4.2183,4.1999,216718_at
4.614,4.614,4.3695,216719_s_at
4.2184,4.2184,4.2,216720_at
5.118,5.118,5.5071,216721_at
4.8533,4.8533,4.6098,216722_at
4.4259,4.4259,5.2734,216723_at
4.2185,4.2185,5.8474,216724_at
4.2185,4.2185,4.2001,216725_at
4.2186,4.2186,4.2001,216726_at
8.4059,8.4059,7.4814,216727_at
4.4791,4.4791,5.0686,216728_at
4.7568,4.7568,4.7869,216729_at
6.7565,6.7565,7.111,216730_at
4.3787,4.3787,4.2002,216731_s_at
4.2187,4.2187,4.4552,216732_at
5.8272,5.8272,5.7544,216733_s_at
4.2188,4.2188,4.4235,216734_s_at
5.3296,5.3296,5.3392,216735_x_at
5.0594,5.0594,4.7926,216736_at
4.5277,4.5277,4.2003,216737_at
6.1436,6.1436,6.1541,216738_at
6.4967,6.4967,6.1817,216739_at
4.5667,4.5667,4.3267,216740_at
4.2989,4.2989,4.3621,216741_at
4.2189,4.2189,4.2004,216742_at
4.8655,4.8655,4.532,216743_at
4.7689,4.7689,4.2004,216744_at
7.6141,7.6141,7.2298,216745_x_at
5.4218,5.4218,5.1821,216746_at
4.5983,4.5983,4.2005,216747_at
6.0347,6.0347,5.8858,216748_at
4.2189,4.2189,4.2006,216749_at
4.5024,4.5024,5.6735,216750_at
6.4674,6.4674,6.3398,216751_at
4.219,4.219,4.2895,216752_at
5.3931,5.3931,5.5964,216753_at
4.3963,4.3963,4.6905,216754_at
5.8006,5.8006,5.4408,216755_at
7.1478,7.1478,6.3833,216756_at
7.4464,7.4464,6.0328,216757_at
4.4999,4.4999,4.2006,216758_at
5.5317,5.5317,4.3106,216759_at
5.7946,5.7946,4.8929,216760_at
5.6484,5.6484,5.2935,216761_at
5.0783,5.0783,5.8671,216762_at
5.2953,5.2953,4.5704,216763_at
4.3055,4.3055,4.2727,216764_at
4.8263,4.8263,4.2007,216765_at
5.8339,5.8339,4.9786,216766_at
4.2191,4.2191,5.1091,216767_at
4.315,4.315,5.4533,216768_x_at
5.1713,5.1713,5.3101,216769_x_at
4.7776,4.7776,5.1732,216770_at
4.3758,4.3758,4.4361,216771_at
4.2192,4.2192,4.6322,216772_at
5.569,5.569,4.6995,216773_at
6.1467,6.1467,5.9434,216774_at
4.4955,4.4955,4.2008,216775_at
5.6412,5.6412,5.146,216776_at
4.6378,4.6378,4.4315,216777_at
4.3056,4.3056,4.7996,216778_s_at
5.1994,5.1994,6.0563,216779_at
4.649,4.649,4.2008,216780_at
4.2193,4.2193,4.2768,216781_at
4.2193,4.2193,4.2009,216782_at
5.4931,5.4931,5.6723,216783_at
4.6911,4.6911,4.4868,216784_at
4.2194,4.2194,4.2961,216785_at
5.0242,5.0242,4.201,216786_at
5.1654,5.1654,4.5045,216787_at
4.5677,4.5677,4.2831,216788_at
4.5265,4.5265,4.3309,216789_at
4.2195,4.2195,4.2011,216790_at
6.7039,6.7039,7.2103,216791_at
5.0694,5.0694,5.4298,216792_at
5.1496,5.1496,4.8333,216793_x_at
4.4767,4.4767,4.3642,216794_at
4.6028,4.6028,4.2011,216795_at
4.2196,4.2196,4.2012,216796_s_at
4.2197,4.2197,4.2012,216797_at
5.1634,5.1634,5.2685,216798_at
5.7833,5.7833,5.2747,216799_at
4.3472,4.3472,4.359,216800_at
5.542,5.542,5.2405,216801_at
4.2198,4.2198,5.1462,216802_at
4.5398,4.5398,4.9275,216803_at
5.2572,5.2572,4.4221,216804_s_at
4.2198,4.2198,4.3399,216805_at
7.2467,7.2467,7.333,216806_at
5.9143,5.9143,5.8531,216807_at
4.2199,4.2199,4.2013,216808_at
5.3605,5.3605,5.7101,216809_at
4.22,4.22,5.0171,216810_at
4.4029,4.4029,5.1259,216811_at
4.2201,4.2201,4.3401,216812_at
5.0724,5.0724,4.835,216813_at
4.2202,4.2202,4.5076,216814_at
4.2202,4.2202,4.3385,216815_at
6.0388,6.0388,5.4437,216816_at
5.3366,5.3366,4.3679,216817_s_at
4.2203,4.2203,4.2014,216818_s_at
4.766,4.766,4.2939,216819_at
5.2034,5.2034,4.3224,216820_at
5.7559,5.7559,5.0199,216821_at
5.8181,5.8181,5.7012,216822_x_at
7.0284,7.0284,7.0668,216823_at
5.2056,5.2056,4.2015,216824_at
4.2204,4.2204,4.2015,216825_s_at
4.2205,4.2205,4.3836,216826_at
4.3823,4.3823,5.5667,216827_at
4.7673,4.7673,4.2016,216828_at
4.2206,4.2206,4.6324,216829_at
4.4369,4.4369,4.2538,216830_at
4.2207,4.2207,4.2017,216831_s_at
6.4856,6.4856,6.6139,216832_at
5.0919,5.0919,4.912,216833_x_at
7.2903,7.2903,13.2314,216834_at
6.9975,6.9975,7.3793,216835_s_at
5.6723,5.6723,5.6647,216837_at
6.0399,6.0399,6.1359,216838_at
4.2207,4.2207,4.7177,216839_at
5.0821,5.0821,4.2832,216840_s_at
9.1745,9.1745,8.3574,216841_s_at
5.9185,5.9185,6.6902,216842_x_at
8.6302,8.6302,8.8958,216843_x_at
4.8555,4.8555,4.3121,216844_at
4.493,4.493,4.5322,216845_x_at
4.2208,4.2208,4.2018,216846_at
5.3642,5.3642,5.0588,216847_at
5.6097,5.6097,4.7464,216848_at
5.8723,5.8723,6.4461,216849_at
5.4531,5.4531,4.6438,216850_at
4.5339,4.5339,5.387,216851_at
4.7113,4.7113,4.8248,216852_x_at
4.8751,4.8751,4.407,216853_x_at
4.2209,4.2209,4.2833,216854_at
5.7546,5.7546,4.4805,216855_s_at
5.245,5.245,4.2834,216856_s_at
4.3592,4.3592,4.4129,216857_at
9.0032,9.0032,8.5785,216858_x_at
6.7612,6.7612,5.6771,216859_x_at
7.651,7.651,6.7791,216860_s_at
4.221,4.221,4.2018,216861_at
8.2689,8.2689,9.1587,216862_s_at
6.3724,6.3724,6.1739,216863_s_at
4.2211,4.2211,4.2019,216864_at
5.0965,5.0965,4.7978,216865_at
4.2212,4.2212,4.202,216866_s_at
4.5169,4.5169,5.4125,216867_s_at
4.2212,4.2212,4.202,216868_s_at
5.8323,5.8323,5.9423,216869_at
7.1819,7.1819,6.5952,216870_x_at
6.2472,6.2472,5.5206,216871_at
4.2213,4.2213,4.2021,216872_at
6.7847,6.7847,6.2517,216873_s_at
5.4077,5.4077,5.3846,216874_at
4.2214,4.2214,4.3644,216875_x_at
4.2215,4.2215,4.603,216876_s_at
6.0994,6.0994,6.1085,216877_at
4.8418,4.8418,6.0045,216878_x_at
5.8402,5.8402,5.9562,216879_at
4.311,4.311,5.323,216880_at
4.5621,4.5621,4.2022,216881_x_at
4.9042,4.9042,6.0875,216882_s_at
7.0228,7.0228,7.0928,216883_x_at
4.2216,4.2216,4.2023,216884_at
7.5345,7.5345,7.4686,216885_s_at
5.4606,5.4606,4.3468,216886_at
5.7138,5.7138,5.6119,216887_s_at
4.7817,4.7817,4.5078,216888_at
4.3027,4.3027,4.3436,216889_s_at
4.289,4.289,4.2769,216890_at
5.1787,5.1787,5.3918,216891_at
4.5546,4.5546,4.2023,216892_at
4.2216,4.2216,4.6686,216893_s_at
4.3111,4.3111,6.4289,216894_x_at
4.2217,4.2217,5.1027,216895_at
4.2218,4.2218,4.3188,216896_at
4.8215,4.8215,5.9101,216897_s_at
5.2612,5.2612,4.3457,216898_s_at
6.3262,6.3262,5.7988,216899_s_at
4.2219,4.2219,4.2024,216900_s_at
4.3092,4.3092,4.4041,216901_s_at
6.0947,6.0947,7.0215,216902_s_at
8.178,8.178,8.13,216903_s_at
4.393,4.393,4.2025,216904_at
4.222,4.222,5.0838,216905_s_at
4.2221,4.2221,4.2025,216906_at
4.9433,4.9433,5.2148,216907_x_at
7.711,7.711,8.7128,216908_x_at
5.8249,5.8249,4.2026,216909_at
6.3552,6.3552,4.7759,216910_at
4.2221,4.2221,4.2569,216911_s_at
4.2222,4.2222,4.2027,216912_at
4.5026,4.5026,4.6292,216914_at
5.3909,5.3909,4.464,216915_s_at
4.3686,4.3686,4.2559,216916_s_at
4.2223,4.2223,4.4554,216917_s_at
4.3715,4.3715,4.64,216918_s_at
4.2224,4.2224,5.0747,216919_at
5.0993,5.0993,5.4278,216920_s_at
4.2225,4.2225,4.3623,216921_s_at
5.6152,5.6152,4.9789,216922_x_at
4.6868,4.6868,5.5981,216923_at
4.4882,4.4882,4.4444,216924_s_at
4.8384,4.8384,4.6659,216925_s_at
4.2226,4.2226,4.2028,216926_s_at
5.0838,5.0838,5.5614,216927_at
4.7401,4.7401,4.5047,216928_at
6.3992,6.3992,6.6525,216929_x_at
5.5755,5.5755,6.0903,216930_at
4.9831,4.9831,4.7852,216931_at
4.9483,4.9483,6.1375,216932_at
5.5279,5.5279,6.6552,216933_x_at
5.2768,5.2768,5.6281,216934_at
4.2227,4.2227,4.6415,216935_at
5.8975,5.8975,6.0486,216936_at
4.8766,4.8766,4.2695,216937_s_at
5.8811,5.8811,6.1093,216938_x_at
5.2418,5.2418,4.2028,216939_s_at
5.0121,5.0121,6.2734,216940_x_at
6.2523,6.2523,6.8656,216941_s_at
6.0152,6.0152,5.0186,216942_s_at
4.484,4.484,5.1513,216943_at
8.4108,8.4108,6.2295,216944_s_at
7.5446,7.5446,8.0988,216945_x_at
4.6615,4.6615,4.303,216946_at
5.0261,5.0261,4.2029,216947_at
4.2227,4.2227,4.203,216948_at
5.8983,5.8983,4.4362,216949_s_at
5.6119,5.6119,5.7504,216950_s_at
4.8901,4.8901,4.4984,216951_at
8.7572,8.7572,9.4747,216952_s_at
4.2228,4.2228,4.2031,216953_s_at
9.7641,9.7641,10.4425,216954_x_at
6.5483,6.5483,5.9687,216955_at
4.2229,4.2229,4.2031,216956_s_at
4.223,4.223,4.2032,216957_at
6.8704,6.8704,6.0123,216958_s_at
5.8752,5.8752,4.8931,216959_x_at
5.4075,5.4075,5.6344,216960_s_at
5.5561,5.5561,5.2028,216961_s_at
4.2969,4.2969,4.2033,216962_at
5.534,5.534,6.2037,216963_s_at
5.5432,5.5432,5.6695,216964_at
5.0026,5.0026,5.415,216965_x_at
4.5316,4.5316,4.2033,216966_at
5.0058,5.0058,4.9806,216967_at
4.3501,4.3501,5.0615,216968_at
5.745,5.745,6.2781,216969_s_at
4.2231,4.2231,4.8291,216970_at
4.2231,4.2231,4.291,216971_s_at
5.4943,5.4943,4.6661,216972_at
5.2542,5.2542,5.6375,216973_s_at
4.3824,4.3824,4.2034,216974_at
4.3394,4.3394,5.0524,216975_x_at
5.0804,5.0804,5.6666,216976_s_at
11.2909,11.2909,11.4972,216977_x_at
4.7789,4.7789,4.315,216978_x_at
5.8993,5.8993,5.6866,216979_at
5.0609,5.0609,5.0976,216980_s_at
5.4659,5.4659,6.5221,216981_x_at
4.2232,4.2232,4.2035,216982_x_at
6.6109,6.6109,4.7533,216983_s_at
4.2233,4.2233,4.5783,216984_x_at
5.8595,5.8595,4.2036,216985_s_at
6.6387,6.6387,8.404,216986_s_at
4.2234,4.2234,5.1381,216987_at
11.4378,11.4378,10.8952,216988_s_at
5.3204,5.3204,5.4905,216989_at
4.2235,4.2235,4.2036,216990_at
4.9822,4.9822,4.2037,216991_at
4.5887,4.5887,4.2038,216992_s_at
7.1333,7.1333,7.9408,216993_s_at
4.3395,4.3395,4.7826,216994_s_at
4.2236,4.2236,5.0212,216995_x_at
6.6989,6.6989,7.3471,216996_s_at
8.1816,8.1816,6.9292,216997_x_at
5.1364,5.1364,4.3345,216998_s_at
4.2236,4.2236,4.726,216999_at
4.2237,4.2237,4.3483,217000_at
5.2058,5.2058,6.3783,217001_x_at
4.5007,4.5007,4.8681,217002_s_at
5.6878,5.6878,5.6363,217003_s_at
5.3581,5.3581,5.2891,217004_s_at
4.847,4.847,4.5935,217005_at
5.5356,5.5356,5.0827,217006_x_at
5.6207,5.6207,4.2039,217007_s_at
5.0851,5.0851,5.8326,217008_s_at
5.3098,5.3098,5.4417,217009_at
5.248,5.248,4.8992,217010_s_at
4.5111,4.5111,4.4072,217011_at
4.297,4.297,4.9001,217012_at
4.2238,4.2238,4.5428,217013_at
6.3564,6.3564,7.0047,217014_s_at
4.2239,4.2239,4.2039,217015_at
6.396,6.396,5.7228,217016_x_at
4.663,4.663,5.4511,217017_at
5.2141,5.2141,4.8018,217018_at
5.8034,5.8034,5.2154,217019_at
5.4648,5.4648,5.6313,217020_at
4.4861,4.4861,4.204,217021_at
10.0863,10.0863,10.9209,217022_s_at
4.224,4.224,4.2041,217023_x_at
5.3234,5.3234,4.6519,217024_x_at
8.0448,8.0448,7.9328,217025_s_at
5.5438,5.5438,5.267,217026_at
6.9913,6.9913,7.1994,217027_x_at
14.6416,14.6416,14.5768,217028_at
4.2241,4.2241,4.5208,217029_at
5.9219,5.9219,6.7615,217030_at
4.2241,4.2241,4.2896,217031_at
4.308,4.308,4.2041,217032_at
6.476,6.476,6.9939,217033_x_at
5.1647,5.1647,4.8206,217034_at
5.706,5.706,6.4016,217035_at
4.7662,4.7662,4.2042,217036_at
4.7115,4.7115,4.2043,217037_at
4.3071,4.3071,4.487,217038_at
5.0596,5.0596,5.6202,217039_x_at
7.3719,7.3719,7.5814,217040_x_at
6.4316,6.4316,6.3178,217041_at
6.0789,6.0789,5.9334,217042_at
6.662,6.662,6.0166,217043_s_at
5.242,5.242,4.8694,217044_s_at
6.1473,6.1473,6.936,217045_x_at
4.3123,4.3123,4.2044,217046_s_at
6.9866,6.9866,5.6306,217047_s_at
5.5358,5.5358,5.5056,217048_at
5.708,5.708,6.0323,217049_x_at
5.1715,5.1715,4.994,217050_at
6.0003,6.0003,5.4042,217051_s_at
6.8941,6.8941,6.4653,217052_x_at
6.4838,6.4838,5.7495,217053_x_at
6.7496,6.7496,4.8498,217054_at
6.5456,6.5456,5.859,217055_x_at
4.6407,4.6407,4.7501,217056_at
4.4676,4.4676,5.7427,217057_s_at
4.4599,4.4599,4.3624,217058_at
4.3151,4.3151,4.5222,217059_at
4.782,4.782,4.8614,217060_at
5.111,5.111,5.4794,217061_s_at
4.4079,4.4079,4.2044,217062_at
5.3942,5.3942,4.2045,217063_x_at
5.15,5.15,4.9457,217065_at
4.9893,4.9893,6.0209,217066_s_at
4.2242,4.2242,4.2046,217067_s_at
4.6415,4.6415,4.9709,217068_at
4.812,4.812,4.2696,217069_at
4.6492,4.6492,5.1396,217070_at
4.8232,4.8232,4.5467,217071_s_at
4.3594,4.3594,5.6276,217072_at
4.3011,4.3011,4.6777,217073_x_at
4.403,4.403,4.853,217074_at
4.2243,4.2243,4.6078,217075_x_at
4.2244,4.2244,4.2046,217076_s_at
5.5628,5.5628,5.8318,217077_s_at
4.2245,4.2245,4.2047,217078_s_at
4.3461,4.3461,4.3974,217079_at
4.2246,4.2246,4.3909,217081_at
4.8718,4.8718,5.4262,217082_at
4.2246,4.2246,4.2048,217083_at
4.7269,4.7269,4.2048,217084_at
4.9614,4.9614,4.9181,217085_at
4.2247,4.2247,4.2049,217086_at
4.4738,4.4738,4.304,217087_at
4.2248,4.2248,4.2662,217088_s_at
4.7928,4.7928,4.9711,217090_at
4.8234,4.8234,4.6856,217091_at
11.8127,11.8127,11.0015,217092_x_at
4.4186,4.4186,4.205,217093_at
6.6769,6.6769,6.6957,217094_s_at
4.2249,4.2249,4.2051,217095_x_at
4.6741,4.6741,4.6388,217096_at
5.1523,5.1523,5.1774,217097_s_at
4.225,4.225,4.2051,217098_s_at
6.8175,6.8175,7.224,217099_s_at
9.162,9.162,8.6764,217100_s_at
4.3201,4.3201,4.2052,217101_at
5.0368,5.0368,6.2609,217102_at
4.2251,4.2251,4.2053,217103_at
4.3725,4.3725,4.5826,217104_at
4.2251,4.2251,4.3576,217105_at
9.6737,9.6737,8.96,217106_x_at
5.2347,5.2347,5.9927,217107_at
4.2252,4.2252,4.2053,217108_at
4.66,4.66,4.2054,217109_at
4.2253,4.2253,4.676,217110_s_at
4.7038,4.7038,4.5987,217111_at
4.3673,4.3673,4.4073,217112_at
4.2254,4.2254,4.3761,217113_at
5.3247,5.3247,5.7058,217114_at
4.2255,4.2255,4.3059,217115_at
7.2028,7.2028,7.4565,217117_x_at
7.667,7.667,8.8929,217118_s_at
4.2256,4.2256,4.3241,217119_s_at
4.9715,4.9715,5.5299,217120_s_at
4.2256,4.2256,4.278,217121_at
11.3259,11.3259,9.5528,217122_s_at
4.2257,4.2257,4.2055,217123_x_at
4.9953,4.9953,5.639,217124_at
6.9538,6.9538,6.4077,217125_at
4.4541,4.4541,4.2056,217126_at
4.6749,4.6749,5.2156,217127_at
6.1569,6.1569,6.3739,217128_s_at
4.3523,4.3523,5.1434,217129_at
4.7171,4.7171,6.0626,217130_at
6.0811,6.0811,4.9525,217131_at
4.5233,4.5233,4.8307,217132_at
4.9921,4.9921,5.4391,217133_x_at
4.2258,4.2258,4.4985,217134_at
5.8832,5.8832,6.221,217135_x_at
5.063,5.063,4.6623,217136_at
4.9301,4.9301,4.4831,217137_x_at
4.5612,4.5612,4.2056,217138_x_at
6.2045,6.2045,5.9973,217139_at
5.9355,5.9355,5.1297,217141_at
7.7079,7.7079,7.799,217142_at
4.4294,4.4294,5.7517,217143_s_at
9.2872,9.2872,9.7132,217144_at
5.0048,5.0048,4.2057,217145_at
4.2259,4.2259,4.2058,217146_at
4.4387,4.4387,4.2059,217147_s_at
7.4569,7.4569,7.0925,217148_x_at
6.3468,6.3468,6.6741,217149_x_at
5.4274,5.4274,5.8267,217150_s_at
4.226,4.226,4.2059,217151_at
5.7043,5.7043,4.206,217152_at
5.6448,5.6448,4.2061,217153_at
4.2261,4.2261,4.2835,217154_s_at
5.3165,5.3165,4.2062,217155_at
5.8628,5.8628,6.1118,217156_at
5.6458,5.6458,7.1973,217157_x_at
4.8406,4.8406,4.5324,217158_at
4.4275,4.4275,4.3696,217159_x_at
4.2262,4.2262,4.2596,217160_at
5.8736,5.8736,5.5092,217161_x_at
4.2262,4.2262,5.1937,217162_at
4.3568,4.3568,4.2062,217163_at
6.8299,6.8299,6.1552,217164_at
7.6354,7.6354,7.7452,217165_x_at
5.7936,5.7936,6.5904,217166_at
5.6529,5.6529,4.9717,217167_x_at
4.3716,4.3716,4.886,217169_at
4.3992,4.3992,4.306,217170_at
5.4526,5.4526,5.582,217171_at
4.2263,4.2263,4.2852,217172_at
4.3224,4.3224,5.208,217173_s_at
4.2264,4.2264,4.2063,217174_s_at
5.1526,5.1526,4.2064,217175_at
6.5526,6.5526,5.8067,217176_s_at
4.716,4.716,4.798,217177_s_at
5.0855,5.0855,4.4731,217178_at
6.2205,6.2205,6.5859,217179_x_at
4.5953,4.5953,5.7464,217180_at
4.2265,4.2265,4.2065,217181_at
5.9961,5.9961,6.2921,217182_at
4.4454,4.4454,4.295,217183_at
5.516,5.516,6.3167,217184_s_at
6.0226,6.0226,6.6231,217185_s_at
4.2266,4.2266,4.2065,217186_at
6.5096,6.5096,6.2737,217187_at
4.6132,4.6132,4.6038,217188_s_at
6.7452,6.7452,7.0057,217189_s_at
4.4946,4.4946,4.3096,217190_x_at
6.262,6.262,6.4452,217191_x_at
5.2124,5.2124,5.9981,217192_s_at
5.6474,5.6474,5.7554,217193_x_at
4.5519,4.5519,4.2066,217194_at
5.2108,5.2108,5.4666,217195_at
4.5889,4.5889,4.4469,217196_s_at
6.518,6.518,6.3939,217197_x_at
4.9895,4.9895,6.3384,217198_x_at
4.5447,4.5447,5.3182,217199_s_at
6.0691,6.0691,6.6711,217200_x_at
4.2267,4.2267,4.2067,217201_at
7.4417,7.4417,7.6175,217202_s_at
5.0419,5.0419,4.2728,217203_at
5.6968,5.6968,5.4639,217204_at
7.6342,7.6342,7.4871,217205_at
4.9575,4.9575,4.4833,217206_at
6.4165,6.4165,6.9334,217207_s_at
7.6655,7.6655,7.8523,217208_s_at
5.411,5.411,5.5167,217209_at
4.2267,4.2267,5.0048,217210_at
5.2005,5.2005,5.3877,217211_at
5.8785,5.8785,5.8541,217212_s_at
4.2268,4.2268,5.0885,217213_at
4.2269,4.2269,4.4872,217214_s_at
4.4793,4.4793,4.2068,217215_s_at
5.6309,5.6309,6.2242,217216_x_at
4.227,4.227,4.4006,217217_at
4.2271,4.2271,4.9414,217218_at
4.3826,4.3826,4.2068,217219_at
4.7477,4.7477,4.9433,217220_at
9.9195,9.9195,9.7588,217221_x_at
5.3714,5.3714,4.7737,217222_at
9.1759,9.1759,8.1731,217223_s_at
6.2315,6.2315,5.367,217224_at
10.6678,10.6678,11.2354,217225_x_at
4.4884,4.4884,4.4131,217226_s_at
4.8805,4.8805,5.9182,217227_x_at
4.8592,4.8592,4.4747,217228_s_at
4.6263,4.6263,4.2069,217229_at
7.0981,7.0981,6.9522,217230_at
4.2271,4.2271,4.207,217231_s_at
7.7059,7.7059,7.3612,217232_x_at
4.2272,4.2272,4.2071,217233_at
11.3574,11.3574,11.1505,217234_s_at
4.7479,4.7479,6.2838,217235_x_at
5.5563,5.5563,6.7017,217236_x_at
4.2273,4.2273,4.2071,217237_at
4.381,4.381,4.2072,217238_s_at
5.4364,5.4364,6.5051,217239_x_at
5.0302,5.0302,4.4393,217240_at
5.0084,5.0084,4.5383,217242_at
5.0696,5.0696,4.3136,217244_at
4.2274,4.2274,5.0473,217245_at
4.2275,4.2275,4.2073,217246_s_at
4.816,4.816,5.5322,217247_at
4.3774,4.3774,4.2074,217248_s_at
9.0142,9.0142,9.3421,217249_x_at
5.4477,5.4477,5.7046,217250_s_at
4.6822,4.6822,4.4395,217251_x_at
4.576,4.576,5.8547,217252_at
6.2099,6.2099,6.4259,217253_at
5.0747,5.0747,4.4748,217254_s_at
4.7562,4.7562,4.2075,217255_at
11.3371,11.3371,10.7087,217256_x_at
4.2875,4.2875,4.2075,217257_at
4.9209,4.9209,5.7179,217258_x_at
4.8072,4.8072,4.788,217259_at
4.3258,4.3258,5.6366,217260_x_at
6.2537,6.2537,5.7763,217261_at
4.5548,4.5548,5.1147,217262_s_at
4.677,4.677,5.4713,217263_x_at
5.4799,5.4799,4.543,217264_s_at
4.2276,4.2276,4.2076,217265_at
9.5742,9.5742,8.5243,217266_at
4.7852,4.7852,4.2077,217267_s_at
4.2277,4.2277,4.2077,217268_at
6.6393,6.6393,6.797,217269_s_at
4.2278,4.2278,4.6688,217270_s_at
5.0106,5.0106,4.6014,217271_at
4.5838,4.5838,4.9003,217272_s_at
4.2278,4.2278,5.0362,217273_at
6.8179,6.8179,8.2032,217274_x_at
4.8363,4.8363,5.0159,217275_at
4.6823,4.6823,8.0388,217276_x_at
5.077,5.077,5.436,217277_at
4.7427,4.7427,4.2078,217278_x_at
4.3452,4.3452,4.2729,217279_x_at
4.7271,4.7271,4.302,217280_x_at
5.5788,5.5788,6.9227,217281_x_at
5.1816,5.1816,4.7643,217282_at
4.2279,4.2279,4.3174,217283_at
5.0477,5.0477,7.9188,217284_x_at
4.5731,4.5731,4.2079,217285_at
8.6904,8.6904,9.0496,217286_s_at
5.3566,5.3566,5.3038,217287_s_at
4.9258,4.9258,5.2324,217288_at
6.1498,6.1498,6.1336,217289_s_at
4.228,4.228,4.208,217290_at
6.2264,6.2264,5.0295,217291_at
4.2994,4.2994,4.208,217292_at
6.0123,6.0123,6.1132,217293_at
6.957,6.957,7.5047,217294_s_at
4.5001,4.5001,5.6757,217295_at
5.5818,5.5818,5.1768,217296_at
7.0991,7.0991,7.8269,217297_s_at
4.2281,4.2281,4.2081,217298_at
6.2617,6.2617,5.6985,217299_s_at
5.5078,5.5078,5.8395,217300_at
8.7789,8.7789,9.6845,217301_x_at
4.793,4.793,5.2458,217302_at
4.2282,4.2282,4.2082,217303_s_at
5.5929,5.5929,4.7982,217304_at
4.2283,4.2283,4.4923,217305_s_at
4.703,4.703,4.6485,217306_at
5.0304,5.0304,5.4139,217307_at
4.2283,4.2283,4.2083,217308_at
5.5601,5.5601,6.1515,217309_s_at
5.0894,5.0894,5.6868,217310_s_at
4.2938,4.2938,4.257,217311_at
4.3944,4.3944,4.5892,217312_s_at
8.5163,8.5163,8.2372,217313_at
4.3976,4.3976,4.3061,217314_at
5.5363,5.5363,6.0858,217315_s_at
4.2284,4.2284,4.2084,217316_at
8.78,8.78,8.047,217317_s_at
4.6007,4.6007,5.6443,217318_x_at
4.8779,4.8779,4.9603,217319_x_at
4.2285,4.2285,5.3822,217320_at
4.6184,4.6184,4.6294,217321_x_at
7.7285,7.7285,7.8181,217322_x_at
5.021,5.021,4.5021,217323_at
6.754,6.754,6.2472,217324_at
4.9977,4.9977,5.426,217325_at
4.5449,4.5449,4.7806,217326_x_at
4.2286,4.2286,4.2084,217327_at
4.7481,4.7481,5.1564,217328_at
8.315,8.315,7.9816,217329_x_at
6.0544,6.0544,5.7608,217330_at
6.7575,6.7575,7.1397,217331_at
4.2287,4.2287,5.2792,217332_at
4.7173,4.7173,4.2085,217333_at
4.5171,4.5171,4.3138,217334_at
5.0668,5.0668,4.9644,217335_at
7.4712,7.4712,7.2498,217336_at
5.0061,5.0061,5.3705,217337_at
4.2288,4.2288,4.7621,217338_at
4.2289,4.2289,4.3741,217339_x_at
5.0953,5.0953,5.3683,217340_at
4.9767,4.9767,4.316,217341_at
4.9844,4.9844,6.0218,217342_x_at
4.2955,4.2955,4.2086,217343_at
4.3463,4.3463,4.508,217344_at
4.2289,4.2289,4.2087,217345_at
7.8446,7.8446,7.0817,217346_at
7.4861,7.4861,7.795,217347_at
5.9476,5.9476,6.4875,217348_x_at
5.2726,5.2726,4.8994,217349_s_at
4.229,4.229,4.2087,217350_at
4.2291,4.2291,4.2088,217351_at
4.3028,4.3028,4.9459,217352_at
6.6567,6.6567,6.1812,217353_at
5.3857,5.3857,5.191,217354_s_at
5.1284,5.1284,5.8654,217355_at
9.2747,9.2747,9.9746,217356_s_at
4.2292,4.2292,4.256,217357_at
6.0053,6.0053,5.0394,217358_at
4.6647,4.6647,5.9787,217359_s_at
4.2293,4.2293,5.6613,217360_x_at
5.037,5.037,5.3085,217361_at
7.1881,7.1881,8.3934,217362_x_at
5.743,5.743,7.0195,217363_x_at
5.4528,5.4528,5.6582,217364_x_at
5.6837,5.6837,6.2549,217365_at
4.2294,4.2294,4.2089,217366_at
6.5541,6.5541,6.6373,217367_s_at
6.0402,6.0402,6.9995,217368_at
6.1126,6.1126,5.5058,217369_at
7.4619,7.4619,7.6471,217370_x_at
5.448,5.448,4.209,217371_s_at
4.7438,4.7438,4.5758,217372_at
5.8326,5.8326,5.1795,217373_x_at
4.5716,4.5716,4.4769,217374_x_at
5.3333,5.3333,5.5315,217375_at
5.8544,5.8544,5.957,217376_at
6.4318,6.4318,6.5078,217377_x_at
5.2506,5.2506,5.5785,217378_x_at
10.6598,10.6598,11.1865,217379_at
5.4482,5.4482,4.7064,217380_s_at
5.7843,5.7843,5.7598,217381_s_at
4.2295,4.2295,4.3519,217382_at
5.789,5.789,5.8607,217383_at
5.6668,5.6668,6.3666,217384_x_at
4.426,4.426,4.8596,217385_at
4.8491,4.8491,5.2364,217386_at
4.2295,4.2295,4.209,217387_at
4.9812,4.9812,4.4962,217388_s_at
4.5389,4.5389,4.2091,217389_s_at
4.585,4.585,5.4519,217390_x_at
4.3238,4.3238,4.3253,217391_x_at
4.2296,4.2296,4.2092,217392_at
8.8941,8.8941,8.1605,217393_x_at
4.8515,4.8515,4.2093,217394_at
4.2297,4.2297,4.392,217395_at
5.0327,5.0327,4.6626,217396_at
4.5807,4.5807,5.9857,217397_at
6.028,6.028,4.569,217399_s_at
4.5568,4.5568,4.2093,217400_at
4.956,4.956,4.2862,217401_at
4.2298,4.2298,4.5692,217402_at
5.9865,5.9865,5.57,217403_s_at
4.2299,4.2299,4.2094,217404_s_at
6.5744,6.5744,6.3219,217405_x_at
6.4068,6.4068,5.5448,217406_at
7.6897,7.6897,8.0867,217407_x_at
8.101,8.101,8.1138,217408_at
4.3827,4.3827,4.3811,217409_at
5.0711,5.0711,6.1153,217410_at
5.3401,5.3401,4.4132,217411_s_at
4.9336,4.9336,5.242,217412_at
4.6743,4.6743,4.8061,217413_s_at
6.8825,6.8825,5.629,217414_x_at
4.5658,4.5658,5.1271,217415_at
5.3062,5.3062,5.2013,217416_x_at
4.6241,4.6241,4.7872,217417_at
6.7785,6.7785,9.513,217418_x_at
6.0315,6.0315,6.8144,217419_x_at
5.0751,5.0751,4.881,217420_s_at
4.23,4.23,4.2853,217421_at
6.3856,6.3856,7.2419,217422_s_at
5.7452,5.7452,5.5367,217423_at
4.23,4.23,4.2095,217424_at
4.961,4.961,4.2096,217425_at
4.3569,4.3569,5.0121,217426_at
8.1459,8.1459,8.4093,217427_s_at
4.2301,4.2301,4.2096,217428_s_at
4.6292,4.6292,5.0451,217429_at
7.0921,7.0921,7.1922,217430_x_at
4.2302,4.2302,4.2097,217431_x_at
6.0405,6.0405,6.458,217432_s_at
4.2303,4.2303,4.2098,217433_at
4.2304,4.2304,4.2099,217434_at
5.8064,5.8064,6.3593,217435_x_at
11.1185,11.1185,10.4316,217436_x_at
7.2447,7.2447,7.5058,217437_s_at
4.6409,4.6409,4.5254,217438_at
4.2305,4.2305,5.177,217439_at
4.8265,4.8265,4.3921,217440_at
4.61,4.61,5.4311,217441_at
4.2306,4.2306,4.2099,217442_at
4.2306,4.2306,4.21,217443_at
4.8429,4.8429,4.2624,217444_at
4.2307,4.2307,5.0537,217445_s_at
7.431,7.431,7.0861,217446_x_at
4.2308,4.2308,5.1331,217447_at
5.1543,5.1543,5.7646,217448_s_at
5.1984,5.1984,6.345,217449_at
5.2854,5.2854,5.5918,217450_at
4.2309,4.2309,4.2101,217451_at
4.231,4.231,4.2102,217452_s_at
4.8267,4.8267,4.3418,217453_at
4.2311,4.2311,4.2561,217454_at
4.4636,4.4636,4.3878,217455_s_at
12.6156,12.6156,11.9179,217456_x_at
7.9824,7.9824,8.3422,217457_s_at
4.5864,4.5864,5.1829,217458_at
4.504,4.504,4.7739,217459_at
4.7941,4.7941,4.4556,217460_at
5.7324,5.7324,4.2102,217461_x_at
5.1821,5.1821,4.2523,217462_at
4.2312,4.2312,4.2103,217463_s_at
4.3152,4.3152,4.2104,217464_at
5.1986,5.1986,5.043,217465_at
10.5374,10.5374,11.4242,217466_x_at
5.4916,5.4916,5.9051,217467_at
5.5017,5.5017,6.1524,217468_at
4.2996,4.2996,4.8382,217469_at
4.6649,4.6649,4.2562,217470_at
5.2037,5.2037,5.1698,217471_at
6.1381,6.1381,6.2213,217472_at
5.9027,5.9027,6.4642,217473_x_at
4.9833,4.9833,5.6824,217474_at
5.6465,5.6465,5.2095,217475_s_at
4.4499,4.4499,4.8162,217476_at
5.1454,5.1454,6.3813,217477_at
5.2574,5.2574,5.0709,217479_at
7.0077,7.0077,7.5516,217480_x_at
4.2312,4.2312,5.1598,217481_x_at
6.737,6.737,6.5578,217482_at
4.3491,4.3491,5.0002,217483_at
5.7339,5.7339,5.7546,217484_at
8.9246,8.9246,9.0106,217485_x_at
6.339,6.339,5.9585,217486_s_at
6.1364,6.1364,4.8509,217487_x_at
4.2313,4.2313,4.3107,217488_x_at
4.2314,4.2314,4.2105,217489_s_at
6.4796,6.4796,6.4209,217490_at
13.1264,13.1264,12.6637,217491_x_at
10.0681,10.0681,10.0925,217492_s_at
6.1728,6.1728,6.7627,217493_x_at
5.5067,5.5067,4.3976,217494_s_at
4.3534,4.3534,4.331,217495_x_at
5.5365,5.5365,5.2514,217497_at
4.2315,4.2315,4.2105,217498_at
8.2104,8.2104,8.1744,217499_x_at
5.1441,5.1441,4.7882,217500_at
7.613,7.613,7.1558,217501_at
5.8615,5.8615,5.5344,217502_at
6.0618,6.0618,6.7178,217503_at
4.6249,4.6249,4.2106,217504_at
4.2316,4.2316,4.2107,217505_at
6.1297,6.1297,5.8544,217506_at
4.6009,4.6009,4.8659,217507_at
7.7281,7.7281,7.4274,217508_s_at
7.0668,7.0668,7.0884,217509_x_at
5.6907,5.6907,5.298,217510_at
5.3966,5.3966,5.2369,217512_at
6.9046,6.9046,5.7374,217513_at
5.3068,5.3068,5.3907,217514_at
5.2133,5.2133,4.4691,217515_s_at
7.9762,7.9762,5.1899,217516_x_at
5.6745,5.6745,5.6914,217517_x_at
4.2317,4.2317,5.9405,217518_at
4.2924,4.2924,4.2549,217519_at
7.7102,7.7102,6.6296,217520_x_at
4.6202,4.6202,5.9772,217521_at
4.601,4.601,5.0936,217522_at
5.3414,5.3414,6.5599,217523_at
4.6667,4.6667,4.2108,217524_x_at
4.9659,4.9659,5.0396,217525_at
8.7823,8.7823,8.6102,217526_at
10.1111,10.1111,10.3947,217527_s_at
4.2318,4.2318,4.2108,217528_at
6.8582,6.8582,7.8607,217529_at
4.5955,4.5955,4.35,217530_at
4.2319,4.2319,4.2897,217531_at
4.326,4.326,4.3242,217532_x_at
5.2728,5.2728,5.0904,217533_x_at
6.3265,6.3265,5.6228,217534_at
4.9824,4.9824,5.0464,217535_at
4.566,4.566,4.2109,217536_x_at
4.232,4.232,4.211,217537_x_at
5.6596,5.6596,5.4586,217538_at
5.7228,5.7228,5.9713,217539_at
5.1799,5.1799,5.111,217540_at
5.5739,5.5739,6.2219,217541_x_at
4.232,4.232,4.2111,217542_at
6.9166,6.9166,6.8534,217543_s_at
6.0085,6.0085,6.0312,217544_at
4.4295,4.4295,4.2111,217545_at
4.2321,4.2321,4.2112,217546_at
6.1148,6.1148,6.3854,217547_x_at
6.3798,6.3798,5.9471,217548_at
8.405,8.405,8.1951,217549_at
6.79,6.79,5.925,217550_at
5.2173,5.2173,5.2484,217551_at
4.3659,4.3659,4.7128,217552_x_at
5.084,5.084,4.4584,217553_at
5.6159,5.6159,5.2553,217554_at
6.914,6.914,7.1926,217555_at
5.1411,5.1411,5.0987,217556_at
5.2127,5.2127,6.0489,217557_s_at
5.6762,5.6762,4.9571,217558_at
7.2608,7.2608,7.1888,217559_at
4.608,4.608,5.7971,217560_at
4.6552,4.6552,5.4411,217561_at
4.2322,4.2322,4.2113,217562_at
5.3644,5.3644,5.1787,217563_at
4.2323,4.2323,4.2114,217564_s_at
4.2324,4.2324,4.2115,217565_at
4.8092,4.8092,5.1587,217566_s_at
4.3647,4.3647,5.0906,217567_at
4.8672,4.8672,4.8559,217568_at
4.2325,4.2325,4.3373,217569_x_at
4.4123,4.4123,4.2115,217570_x_at
4.2326,4.2326,4.2116,217571_at
4.2327,4.2327,4.5022,217572_at
4.2328,4.2328,4.2117,217573_at
5.3384,5.3384,5.5329,217574_at
4.2328,4.2328,5.0432,217575_s_at
7.6732,7.6732,7.4908,217576_x_at
4.8903,4.8903,4.7399,217577_at
4.603,4.603,4.7645,217578_at
8.8419,8.8419,7.5084,217579_x_at
6.0858,6.0858,6.2657,217580_x_at
4.9498,4.9498,5.5669,217581_at
4.9198,4.9198,4.9584,217582_at
4.4456,4.4456,4.2118,217583_at
5.3027,5.3027,4.2119,217584_at
5.7554,5.7554,5.5147,217585_at
6.2517,6.2517,6.1328,217586_x_at
4.3492,4.3492,4.2744,217587_at
6.3007,6.3007,6.5305,217588_at
4.6205,4.6205,4.2119,217589_at
5.6839,5.6839,5.5737,217590_s_at
8.1677,8.1677,6.8941,217591_at
5.9785,5.9785,5.603,217592_at
7.2799,7.2799,4.9985,217593_at
5.3592,5.3592,4.7368,217594_at
5.0144,5.0144,4.212,217595_at
6.8312,6.8312,7.1161,217596_at
4.474,4.474,5.3518,217597_x_at
4.8731,4.8731,4.7588,217598_at
5.9009,5.9009,4.5544,217599_s_at
5.225,5.225,5.0571,217600_at
4.5071,4.5071,5.8907,217601_at
6.0021,6.0021,5.6273,217602_at
6.0642,6.0642,5.9125,217603_at
6.1801,6.1801,4.9728,217604_at
5.3678,5.3678,4.2121,217605_at
5.8237,5.8237,6.0048,217606_at
4.8448,4.8448,4.3041,217607_x_at
6.6738,6.6738,6.1865,217608_at
5.551,5.551,5.7549,217609_at
7.627,7.627,7.1677,217610_at
5.2682,5.2682,4.2122,217611_at
4.8929,4.8929,6.624,217612_at
4.2329,4.2329,4.9797,217613_at
6.9149,6.9149,6.4979,217614_at
4.233,4.233,4.639,217615_at
5.849,5.849,4.8107,217616_at
4.2331,4.2331,4.2123,217617_at
6.1579,6.1579,6.3361,217618_x_at
4.8879,4.8879,6.969,217619_x_at
5.3859,5.3859,5.2854,217620_s_at
4.361,4.361,4.352,217621_at
6.0645,6.0645,5.699,217622_at
4.2332,4.2332,4.7425,217623_at
4.2333,4.2333,4.3762,217624_at
4.4125,4.4125,4.2123,217625_x_at
4.6617,4.6617,4.4052,217626_at
5.4055,5.4055,4.7835,217627_at
5.019,5.019,5.0041,217628_at
5.9967,5.9967,6.7938,217629_at
5.5381,5.5381,4.8489,217630_at
6.1549,6.1549,5.3661,217631_at
4.8431,4.8431,4.6152,217632_at
6.3068,6.3068,6.3071,217633_at
5.9986,5.9986,4.3021,217634_at
7.0748,7.0748,7.2831,217635_s_at
4.3718,4.3718,4.3042,217636_at
5.7302,5.7302,5.589,217637_at
5.3273,5.3273,4.5348,217638_at
4.5865,4.5865,5.8615,217639_at
5.8328,5.8328,5.3421,217640_x_at
4.7664,4.7664,4.2999,217641_at
4.4886,4.4886,4.6316,217642_at
4.744,4.744,4.9478,217643_x_at
5.1307,5.1307,5.9426,217644_s_at
7.3514,7.3514,8.0094,217645_at
5.4258,5.4258,4.2124,217646_at
4.3443,4.3443,5.246,217647_at
4.2334,4.2334,4.2125,217648_at
5.2316,5.2316,4.8147,217649_at
6.6886,6.6886,7.3475,217650_x_at
5.524,5.524,4.9487,217651_at
5.3217,5.3217,5.4588,217652_at
7.1724,7.1724,6.4144,217653_x_at
5.8803,5.8803,6.1259,217654_at
7.8603,7.8603,4.3948,217655_at
7.0501,7.0501,5.5499,217656_at
5.208,5.208,5.3131,217657_at
5.0739,5.0739,4.7572,217658_at
4.8236,4.8236,5.5469,217659_at
4.2334,4.2334,4.2126,217660_at
4.4015,4.4015,4.2126,217661_x_at
6.4185,6.4185,5.0254,217662_x_at
4.8642,4.8642,5.011,217663_at
4.8931,4.8931,4.2127,217664_at
5.5603,5.5603,5.8435,217665_at
4.8609,4.8609,4.2128,217666_at
5.5292,5.5292,6.1731,217667_at
4.3261,4.3261,4.382,217668_at
4.8539,4.8539,4.2129,217669_s_at
4.6194,4.6194,4.213,217670_at
6.8002,6.8002,5.5568,217671_at
7.1461,7.1461,7.3334,217672_x_at
11.0334,11.0334,10.2645,217673_x_at
4.5943,4.5943,4.7179,217674_at
4.2335,4.2335,4.213,217675_at
5.9135,5.9135,5.9615,217676_at
4.5112,4.5112,6.9674,217677_at
4.8026,4.8026,5.0539,217678_at
11.1252,11.1252,9.1417,217679_x_at
5.4105,5.4105,6.1784,217680_x_at
4.2336,4.2336,4.2131,217681_at
8.2482,8.2482,7.5724,217682_at
4.2337,4.2337,4.2132,217683_at
7.8742,7.8742,8.2495,217684_at
4.4557,4.4557,4.7623,217685_at
4.2338,4.2338,4.7782,217686_at
4.7996,4.7996,5.9747,217687_at
4.2339,4.2339,4.3189,217688_at
4.234,4.234,4.2133,217689_at
8.5031,8.5031,8.33,217690_at
7.0881,7.0881,6.4165,217691_x_at
5.1528,5.1528,5.5094,217692_at
6.4437,6.4437,6.1908,217693_x_at
4.5318,4.5318,4.2133,217694_at
5.7097,5.7097,5.3861,217695_x_at
4.5329,4.5329,4.5644,217696_at
4.8849,4.8849,5.2635,217697_at
4.4388,4.4388,4.4964,217698_at
4.9642,4.9642,5.3499,217699_at
5.9232,5.9232,4.7625,217700_at
5.3193,5.3193,5.2768,217701_x_at
4.2341,4.2341,4.2134,217702_at
8.7029,8.7029,8.4308,217703_x_at
6.803,6.803,6.1272,217704_x_at
4.7347,4.7347,4.388,217705_at
4.4324,4.4324,4.7603,217706_at
9.0578,9.0578,7.5799,217707_x_at
5.903,5.903,5.5936,217708_x_at
4.2342,4.2342,4.4626,217709_at
4.535,4.535,4.3772,217710_x_at
4.3886,4.3886,4.5237,217711_at
4.2342,4.2342,4.2135,217712_at
8.5462,8.5462,8.186,217713_x_at
8.0954,8.0954,8.2579,217714_x_at
7.7942,7.7942,5.3036,217715_x_at
9.119,9.119,8.927,217716_s_at
9.0255,9.0255,9.6679,217717_s_at
13.0796,13.0796,13.3132,217718_s_at
14.0461,14.0461,14.1581,217720_at
6.0955,6.0955,5.8928,217721_at
4.8101,4.8101,4.811,217723_x_at
12.1208,12.1208,12.7164,217724_at
9.4379,9.4379,10.1991,217725_x_at
9.834,9.834,9.9364,217727_x_at
6.175,6.175,6.4242,217728_at
7.7516,7.7516,9.8586,217729_s_at
8.2639,8.2639,6.9919,217730_at
11.4752,11.4752,9.1397,217731_s_at
13.541,13.541,12.5486,217732_s_at
14.7693,14.7693,14.7564,217733_s_at
6.8252,6.8252,6.8369,217735_s_at
8.4495,8.4495,9.2914,217737_x_at
7.0261,7.0261,6.5976,217738_at
7.4836,7.4836,7.4044,217739_s_at
14.9138,14.9138,14.9335,217740_x_at
9.7823,9.7823,9.3209,217741_s_at
11.3129,11.3129,11.43,217742_s_at
8.824,8.824,7.8543,217743_s_at
4.4842,4.4842,5.0475,217744_s_at
9.3507,9.3507,9.9073,217746_s_at
14.6762,14.6762,14.6105,217747_s_at
8.8929,8.8929,9.1646,217748_at
6.7493,6.7493,6.9279,217749_at
9.1157,9.1157,9.4476,217750_s_at
10.4889,10.4889,9.3457,217751_at
9.8028,9.8028,11.4952,217753_s_at
7.7219,7.7219,7.2199,217754_at
7.7926,7.7926,7.601,217755_at
10.7642,10.7642,12.1424,217756_x_at
4.7077,4.7077,4.6887,217757_at
10.2141,10.2141,9.3309,217759_at
8.7013,8.7013,7.8446,217760_at
4.6134,4.6134,5.5755,217762_s_at
5.5154,5.5154,6.0566,217764_s_at
7.3386,7.3386,7.5279,217765_at
4.4624,4.4624,4.4245,217767_at
13.5308,13.5308,14.0178,217768_at
11.3952,11.3952,11.7758,217769_s_at
9.2417,9.2417,9.6063,217770_at
4.2343,4.2343,4.2136,217771_at
11.7125,11.7125,12.7129,217773_s_at
11.7896,11.7896,12.2627,217774_s_at
7.2592,7.2592,7.8852,217775_s_at
8.3056,8.3056,8.5894,217776_at
6.2486,6.2486,6.0296,217778_at
11.8864,11.8864,12.2485,217779_s_at
9.6545,9.6545,10.5048,217780_at
8.3871,8.3871,8.5187,217781_s_at
8.1659,8.1659,8.7694,217782_s_at
14.4201,14.4201,14.0912,217783_s_at
6.5129,6.5129,6.1826,217785_s_at
6.4401,6.4401,7.0192,217787_s_at
10.2568,10.2568,8.4737,217788_s_at
5.0063,5.0063,5.4362,217790_s_at
7.621,7.621,8.9407,217791_s_at
6.5623,6.5623,7.031,217792_at
6.3367,6.3367,6.8185,217793_at
9.2726,9.2726,10.0421,217794_at
7.6813,7.6813,7.9866,217795_s_at
8.9288,8.9288,9.0136,217796_s_at
11.8457,11.8457,12.2031,217797_at
11.3426,11.3426,10.2141,217798_at
7.7327,7.7327,6.3582,217799_x_at
5.6012,5.6012,5.3215,217800_s_at
12.8752,12.8752,12.5652,217801_at
12.5518,12.5518,13.1092,217802_s_at
10.3573,10.3573,9.2417,217803_at
11.0805,11.0805,11.8174,217804_s_at
8.7438,8.7438,8.7549,217805_at
8.7111,8.7111,8.9324,217806_s_at
14.8504,14.8504,14.8416,217807_s_at
7.6013,7.6013,7.9491,217808_s_at
8.7873,8.7873,8.3174,217810_x_at
11.9525,11.9525,11.9851,217811_at
8.8718,8.8718,8.2943,217813_s_at
8.6128,8.6128,7.8966,217814_at
9.9805,9.9805,11.2425,217815_at
12.1479,12.1479,11.1488,217816_s_at
9.8107,9.8107,10.002,217817_at
4.3414,4.3414,4.2745,217818_s_at
10.288,10.288,10.1981,217819_at
4.2344,4.2344,4.962,217820_s_at
9.4089,9.4089,9.943,217821_s_at
12.1424,12.1424,11.2873,217822_at
10.0956,10.0956,8.9655,217823_s_at
9.9157,9.9157,8.1865,217824_at
11.5174,11.5174,9.4097,217826_s_at
9.4664,9.4664,9.7957,217827_s_at
10.2524,10.2524,10.1842,217828_at
8.4505,8.4505,9.2506,217829_s_at
7.9287,7.9287,7.2008,217831_s_at
12.1892,12.1892,11.9776,217833_at
6.797,6.797,7.5219,217834_s_at
12.2947,12.2947,13.2581,217835_x_at
8.5451,8.5451,8.4936,217837_s_at
10.0263,10.0263,9.556,217839_at
9.8205,9.8205,10.495,217840_at
7.1481,7.1481,6.6351,217841_s_at
8.7477,8.7477,7.6259,217842_at
9.0051,9.0051,8.4055,217843_s_at
8.7128,8.7128,8.0901,217844_at
10.0411,10.0411,10.0742,217845_x_at
13.5158,13.5158,13.6972,217846_at
4.3648,4.3648,4.6627,217847_s_at
11.9058,11.9058,13.582,217848_s_at
4.2345,4.2345,5.0304,217849_s_at
8.5273,8.5273,9.7849,217850_at
7.9968,7.9968,7.6954,217851_s_at
9.8286,9.8286,9.5091,217853_at
10.0945,10.0945,10.7799,217854_s_at
9.1866,9.1866,9.8677,217855_x_at
6.3652,6.3652,6.7436,217856_at
5.2893,5.2893,6.0375,217857_s_at
8.5223,8.5223,7.9875,217858_s_at
5.2749,5.2749,5.3414,217859_s_at
8.907,8.907,9.2637,217860_at
6.6639,6.6639,7.2803,217861_s_at
10.7197,10.7197,9.9961,217862_at
8.8453,8.8453,7.6694,217863_at
10.0146,10.0146,9.2651,217864_s_at
7.8153,7.8153,8.141,217865_at
11.2075,11.2075,11.2021,217868_s_at
8.7056,8.7056,9.4438,217869_at
4.2346,4.2346,4.5959,217875_s_at
5.474,5.474,6.5471,217876_at
8.3041,8.3041,8.2199,217877_s_at
8.2091,8.2091,8.4925,217878_s_at
8.2253,8.2253,8.4717,217879_at
8.2514,8.2514,7.2243,217880_at
7.1313,7.1313,7.0169,217881_s_at
9.5662,9.5662,10.41,217882_at
13.3507,13.3507,13.034,217883_at
8.7666,8.7666,9.8705,217884_at
9.4884,9.4884,9.2078,217885_at
7.3525,7.3525,7.2141,217886_at
9.5294,9.5294,9.002,217887_s_at
8.3579,8.3579,8.0371,217888_s_at
4.2347,4.2347,4.2137,217889_s_at
4.2348,4.2348,4.2137,217890_s_at
7.0714,7.0714,6.7668,217891_at
6.4547,6.4547,6.3827,217892_s_at
8.9152,8.9152,8.7728,217893_s_at
6.5681,6.5681,5.795,217894_at
8.8684,8.8684,8.9722,217895_at
7.6487,7.6487,7.9192,217896_s_at
5.0347,5.0347,5.6131,217897_at
10.6147,10.6147,11.1218,217898_at
6.8138,6.8138,6.8379,217899_at
8.6866,8.6866,8.2684,217902_s_at
6.7869,6.7869,7.5461,217903_at
5.0755,5.0755,4.7785,217904_s_at
7.7634,7.7634,7.63,217905_at
7.3958,7.3958,7.2433,217908_s_at
6.3692,6.3692,6.3992,217909_s_at
7.7974,7.7974,7.3903,217910_x_at
9.3139,9.3139,9.0991,217912_at
8.8384,8.8384,9.2582,217913_at
7.0841,7.0841,6.775,217914_at
10.3982,10.3982,10.1285,217915_s_at
10.6732,10.6732,12.3269,217916_s_at
8.7599,8.7599,8.8648,217917_s_at
8.1802,8.1802,7.9412,217918_at
7.274,7.274,7.8778,217919_s_at
5.4779,5.4779,5.365,217920_at
5.377,5.377,5.283,217921_at
9.9941,9.9941,9.6729,217922_at
8.2971,8.2971,8.9305,217923_at
8.1878,8.1878,7.408,217924_at
7.906,7.906,7.7787,217925_s_at
9.2678,9.2678,10.0611,217926_at
11.6426,11.6426,11.8197,217927_at
8.8459,8.8459,9.0965,217928_s_at
4.2349,4.2349,4.2138,217929_s_at
5.9503,5.9503,6.1079,217930_s_at
7.8487,7.8487,8.8742,217932_at
7.1613,7.1613,6.8328,217935_s_at
6.2549,6.2549,5.7674,217936_at
8.2258,8.2258,6.9975,217937_s_at
12.9652,12.9652,12.6672,217938_s_at
9.1482,9.1482,9.853,217939_s_at
8.6233,8.6233,10.27,217940_s_at
10.0904,10.0904,9.4822,217941_s_at
9.545,9.545,10.4209,217942_at
8.4756,8.4756,8.3862,217943_s_at
7.2509,7.2509,6.4188,217944_at
11.8291,11.8291,11.3838,217945_at
10.7376,10.7376,11.7305,217946_s_at
11.8104,11.8104,11.7058,217947_at
5.3903,5.3903,4.9122,217948_at
7.713,7.713,7.45,217949_s_at
8.1252,8.1252,7.5657,217951_s_at
11.2675,11.2675,10.5899,217952_x_at
4.4126,4.4126,4.2139,217953_at
10.1059,10.1059,9.3861,217954_s_at
7.5787,7.5787,7.4252,217955_at
11.5356,11.5356,11.0903,217957_at
7.2268,7.2268,7.5018,217959_s_at
8.8596,8.8596,9.2011,217961_at
9.8961,9.8961,10.1254,217962_at
11.8244,11.8244,11.3241,217963_s_at
10.1842,10.1842,9.9526,217964_at
9.1826,9.1826,9.4244,217965_s_at
6.9687,6.9687,6.3859,217966_s_at
7.6651,7.6651,7.8491,217967_s_at
9.583,9.583,9.1209,217968_at
12.5952,12.5952,11.5894,217969_at
7.2862,7.2862,7.455,217970_s_at
8.8144,8.8144,9.2403,217972_at
8.3376,8.3376,9.4119,217973_at
6.5989,6.5989,5.2657,217974_at
7.5505,7.5505,7.0718,217975_at
7.4547,7.4547,6.9075,217976_s_at
4.4212,4.4212,4.8703,217977_at
10.4582,10.4582,11.4068,217978_s_at
11.2873,11.2873,10.9057,217979_at
10.4497,10.4497,10.4545,217980_s_at
6.3649,6.3649,6.5665,217981_s_at
13.2403,13.2403,12.8335,217982_s_at
8.93,8.93,8.8206,217983_s_at
9.7762,9.7762,8.5837,217984_at
8.454,8.454,8.4001,217985_s_at
8.4584,8.4584,7.613,217986_s_at
10.8997,10.8997,10.9118,217988_at
7.9694,7.9694,8.2961,217990_at
6.2666,6.2666,6.5775,217991_x_at
9.2775,9.2775,10.1599,217992_s_at
9.5576,9.5576,10.2119,217993_s_at
9.3103,9.3103,9.1548,217994_x_at
4.3571,4.3571,4.9498,217996_at
5.1532,5.1532,4.7935,217997_at
5.1961,5.1961,6.2993,217998_at
5.0942,5.0942,5.4245,217999_s_at
4.235,4.235,4.214,218000_s_at
4.2864,4.2864,5.4907,218002_s_at
9.1437,9.1437,9.6249,218003_s_at
10.416,10.416,8.6781,218004_at
11.5873,11.5873,10.5487,218005_at
9.4968,9.4968,8.9563,218006_s_at
10.6518,10.6518,11.7169,218007_s_at
7.5175,7.5175,7.5934,218008_at
12.2144,12.2144,11.8744,218009_s_at
7.2373,7.2373,7.6251,218010_x_at
9.5246,9.5246,9.5014,218012_at
7.1579,7.1579,7.1208,218013_x_at
5.3368,5.3368,5.3266,218015_s_at
8.1833,8.1833,7.6316,218016_s_at
7.6323,7.6323,5.949,218017_s_at
6.823,6.823,7.9233,218018_at
6.7337,6.7337,7.5817,218019_s_at
7.9766,7.9766,8.1401,218020_s_at
8.339,8.339,8.5682,218021_at
9.218,9.218,9.2112,218022_at
10.5797,10.5797,10.794,218023_s_at
8.692,8.692,9.4023,218024_at
7.7118,7.7118,7.1508,218025_s_at
7.7787,7.7787,8.2648,218026_at
8.5708,8.5708,9.0366,218027_at
6.6528,6.6528,7.3637,218028_at
10.0812,10.0812,8.5962,218029_at
6.9101,6.9101,7.3085,218030_at
9.5466,9.5466,9.6136,218031_s_at
10.6345,10.6345,9.8539,218032_at
7.2674,7.2674,6.8401,218033_s_at
5.5206,5.5206,4.933,218035_s_at
6.5847,6.5847,6.4185,218036_x_at
9.1017,9.1017,8.5087,218037_at
8.45,8.45,8.9606,218038_at
8.2629,8.2629,7.9972,218040_at
12.6019,12.6019,11.753,218041_x_at
10.0491,10.0491,10.1831,218042_at
5.2813,5.2813,5.3438,218043_s_at
4.4466,4.4466,4.214,218044_x_at
4.235,4.235,4.3243,218045_x_at
9.5145,9.5145,9.1866,218047_at
9.6257,9.6257,8.5334,218048_at
7.1255,7.1255,7.8888,218049_s_at
8.739,8.739,8.2322,218052_s_at
12.0835,12.0835,11.5644,218053_at
5.7963,5.7963,5.6859,218054_s_at
8.887,8.887,9.4604,218055_s_at
7.3401,7.3401,6.9091,218056_at
9.3351,9.3351,9.8412,218057_x_at
9.2451,9.2451,9.0483,218058_at
11.5979,11.5979,11.9451,218059_at
7.0139,7.0139,7.8917,218060_s_at
10.0175,10.0175,9.6637,218061_at
7.1471,7.1471,6.4817,218062_x_at
4.2351,4.2351,4.2141,218063_s_at
8.5564,8.5564,10.0977,218065_s_at
10.2195,10.2195,8.4112,218066_at
11.3092,11.3092,10.2524,218067_s_at
8.7275,8.7275,10.1213,218069_at
7.0915,7.0915,6.6803,218070_s_at
8.2518,8.2518,7.6744,218071_s_at
8.3207,8.3207,8.8178,218072_at
7.2329,7.2329,8.357,218073_s_at
8.5243,8.5243,10.2012,218074_at
6.9444,6.9444,7.1626,218075_at
8.7335,8.7335,8.3876,218076_s_at
6.4047,6.4047,6.8537,218077_s_at
7.5439,7.5439,7.2391,218078_s_at
11.2566,11.2566,11.2302,218079_s_at
8.9552,8.9552,9.4793,218080_x_at
4.886,4.886,6.272,218081_at
10.1233,10.1233,10.3059,218082_s_at
6.3358,6.3358,6.8828,218083_at
11.6905,11.6905,10.7046,218084_x_at
7.1266,7.1266,7.5487,218085_at
4.2352,4.2352,4.5943,218087_s_at
10.0313,10.0313,10.8743,218088_s_at
8.2,8.2,8.9946,218089_at
7.7437,7.7437,7.7445,218090_s_at
10.2667,10.2667,9.3593,218091_at
8.5899,8.5899,7.9167,218092_s_at
5.0073,5.0073,7.0261,218094_s_at
7.1973,7.1973,6.1046,218095_s_at
7.2962,7.2962,7.9093,218096_at
11.1727,11.1727,10.8275,218097_s_at
9.0242,9.0242,9.3528,218098_at
6.8681,6.8681,6.3546,218099_at
8.2244,8.2244,8.4941,218100_s_at
11.6489,11.6489,12.3568,218101_s_at
8.3775,8.3775,8.6953,218103_at
7.3688,7.3688,7.8539,218105_s_at
8.2458,8.2458,8.645,218106_s_at
10.8743,10.8743,10.1059,218107_at
8.5258,8.5258,7.6104,218109_s_at
6.6651,6.6651,6.306,218110_at
5.8428,5.8428,5.9736,218111_s_at
6.8918,6.8918,8.1326,218112_at
7.9031,7.9031,8.1195,218114_at
8.6626,8.6626,9.8851,218115_at
8.4836,8.4836,8.7895,218116_at
8.8666,8.8666,9.158,218118_s_at
8.3417,8.3417,8.5998,218119_at
5.6219,5.6219,6.7503,218120_s_at
5.97,5.97,6.6648,218121_at
7.0851,7.0851,7.4217,218122_s_at
7.8852,7.8852,9.0515,218123_at
7.2144,7.2144,7.211,218124_at
7.1755,7.1755,7.2865,218125_s_at
8.1116,8.1116,8.3987,218126_at
8.5263,8.5263,8.5493,218127_at
7.2281,7.2281,6.9876,218128_at
6.447,6.447,6.9347,218129_s_at
8.1366,8.1366,6.9221,218130_at
8.2569,8.2569,8.5283,218131_s_at
8.4766,8.4766,8.7013,218132_s_at
7.1854,7.1854,6.9535,218135_at
5.5087,5.5087,5.909,218136_s_at
9.044,9.044,9.9824,218137_s_at
5.2426,5.2426,5.573,218138_at
7.8929,7.8929,7.8317,218139_s_at
7.545,7.545,6.0631,218141_at
8.6217,8.6217,8.6775,218142_s_at
8.4264,8.4264,8.5203,218143_s_at
7.8085,7.8085,7.3997,218144_s_at
6.8455,6.8455,7.4638,218146_at
5.3755,5.3755,5.5762,218147_s_at
7.0505,7.0505,6.6747,218148_at
10.2992,10.2992,10.3702,218150_at
7.4162,7.4162,7.6403,218151_x_at
7.0834,7.0834,7.529,218152_at
9.8714,9.8714,9.4732,218153_at
9.13,9.13,8.3028,218154_at
8.6556,8.6556,8.1579,218155_x_at
6.2301,6.2301,6.8803,218156_s_at
10.706,10.706,9.2719,218157_x_at
7.7016,7.7016,7.6989,218158_s_at
9.3054,9.3054,8.761,218159_at
6.2821,6.2821,6.702,218161_s_at
4.2353,4.2353,4.5828,218162_at
9.3252,9.3252,9.8331,218163_at
7.2226,7.2226,7.512,218164_at
9.3365,9.3365,9.7157,218165_at
6.5165,6.5165,6.3486,218166_s_at
9.0045,9.0045,9.9863,218167_at
6.6902,6.6902,5.3403,218169_at
10.9209,10.9209,11.7417,218171_at
7.6021,7.6021,7.2377,218172_s_at
6.2062,6.2062,5.8897,218173_s_at
5.8303,5.8303,5.3505,218174_s_at
5.067,5.067,7.5069,218176_at
6.6087,6.6087,6.3865,218177_at
7.0975,7.0975,6.8713,218178_s_at
6.2295,6.2295,5.2283,218179_s_at
4.2866,4.2866,4.7809,218180_s_at
8.0358,8.0358,6.6933,218181_s_at
4.3726,4.3726,4.4161,218182_s_at
4.8402,4.8402,5.8369,218183_at
6.3789,6.3789,7.272,218184_at
6.8937,6.8937,7.4598,218185_s_at
9.6729,9.6729,9.662,218187_s_at
9.2248,9.2248,9.0236,218188_s_at
7.9085,7.9085,8.6481,218189_s_at
9.4529,9.4529,9.9223,218191_s_at
11.0756,11.0756,11.6234,218192_at
13.7402,13.7402,11.4595,218194_at
6.8141,6.8141,7.1157,218195_at
5.326,5.326,5.8723,218196_at
5.0528,5.0528,5.4393,218197_s_at
7.1077,7.1077,7.1967,218198_at
7.165,7.165,7.4507,218199_s_at
12.1781,12.1781,13.0547,218200_s_at
8.9879,8.9879,9.3636,218201_at
6.1484,6.1484,5.3879,218202_x_at
10.9842,10.9842,11.8151,218203_at
6.6695,6.6695,5.4254,218204_s_at
14.569,14.569,14.7426,218205_s_at
4.9358,4.9358,4.6247,218207_s_at
8.9264,8.9264,8.2763,218208_at
5.4533,5.4533,5.0711,218209_s_at
9.1786,9.1786,10.2283,218210_at
6.3922,6.3922,6.3474,218211_s_at
5.3912,5.3912,5.3605,218212_s_at
11.8937,11.8937,12.3689,218213_s_at
7.9905,7.9905,8.9347,218214_at
10.1141,10.1141,10.3003,218216_x_at
8.3225,8.3225,9.3103,218217_at
6.5332,6.5332,6.6323,218218_at
9.3018,9.3018,9.7623,218219_s_at
9.2268,9.2268,9.8107,218220_at
5.7472,5.7472,6.0552,218221_at
4.5058,4.5058,4.292,218222_x_at
8.1419,8.1419,7.5242,218223_s_at
7.4525,7.4525,8.1699,218224_at
9.2133,9.2133,8.5177,218225_at
11.1589,11.1589,11.3705,218226_s_at
7.7775,7.7775,8.3193,218227_at
8.0539,8.0539,8.0294,218228_s_at
6.3827,6.3827,6.562,218229_s_at
4.4188,4.4188,4.2142,218230_at
6.9606,6.9606,6.4707,218231_at
4.3225,4.3225,5.1891,218232_at
12.7451,12.7451,12.9255,218233_s_at
6.3576,6.3576,6.1518,218234_at
8.0693,8.0693,8.2299,218235_s_at
8.5785,8.5785,7.7512,218236_s_at
12.378,12.378,12.0782,218237_s_at
9.2099,9.2099,9.6446,218238_at
9.2789,9.2789,9.4544,218239_s_at
8.4279,8.4279,7.8942,218240_at
6.9541,6.9541,7.2695,218241_at
7.5908,7.5908,6.7958,218242_s_at
8.5858,8.5858,8.9534,218243_at
8.1221,8.1221,8.1668,218244_at
7.9163,7.9163,8.2902,218246_at
11.3334,11.3334,10.2869,218247_s_at
10.5771,10.5771,10.2601,218248_at
11.2855,11.2855,11.2602,218250_s_at
7.8697,7.8697,8.4687,218251_at
8.6014,8.6014,8.7561,218252_at
10.7784,10.7784,10.4618,218253_s_at
6.0778,6.0778,5.4833,218254_s_at
10.383,10.383,10.0521,218256_s_at
5.7828,5.7828,6.6488,218257_s_at
12.2341,12.2341,12.102,218258_at
7.9669,7.9669,7.3684,218259_at
7.1751,7.1751,6.6905,218260_at
4.4189,4.4189,4.4733,218261_at
5.9876,5.9876,7.9052,218262_at
11.9228,11.9228,10.3749,218263_s_at
7.5746,7.5746,8.5993,218264_at
9.4657,9.4657,8.6844,218265_at
4.2354,4.2354,4.4364,218266_s_at
7.0251,7.0251,7.2646,218267_at
9.2719,9.2719,8.3771,218269_at
7.7402,7.7402,8.2408,218270_at
4.4887,4.4887,4.9157,218272_at
7.0548,7.0548,6.7618,218273_s_at
6.8541,6.8541,6.6378,218275_at
7.1204,7.1204,6.3613,218276_s_at
10.1672,10.1672,9.7544,218277_s_at
6.9939,6.9939,6.588,218278_at
6.0429,6.0429,5.5369,218279_s_at
11.901,11.901,11.0269,218280_x_at
8.7722,8.7722,9.3586,218281_at
7.2271,7.2271,7.5468,218282_at
9.5591,9.5591,10.3573,218283_at
7.7815,7.7815,7.7063,218284_at
9.0972,9.0972,9.587,218285_s_at
9.7157,9.7157,8.7428,218286_s_at
8.4132,8.4132,8.3018,218287_s_at
9.0685,9.0685,9.2227,218288_s_at
7.3099,7.3099,7.6993,218289_s_at
7.4126,7.4126,7.5253,218291_at
4.7906,4.7906,4.2143,218293_x_at
8.5112,8.5112,9.3033,218294_s_at
6.5632,6.5632,7.0624,218295_s_at
6.8531,6.8531,7.137,218296_x_at
7.5294,7.5294,8.2795,218297_at
8.4678,8.4678,7.4259,218298_s_at
4.4769,4.4769,6.7414,218299_at
6.9447,6.9447,6.9821,218300_at
6.816,6.816,7.1562,218301_at
8.1856,8.1856,7.9324,218302_at
7.6499,7.6499,6.7318,218303_x_at
6.3555,6.3555,6.6305,218304_s_at
7.6017,7.6017,8.0431,218305_at
9.534,9.534,9.6096,218306_s_at
7.539,7.539,7.6221,218307_at
10.9655,10.9655,11.8624,218308_at
5.4351,5.4351,5.3824,218309_at
8.5187,8.5187,7.7741,218310_at
7.9774,7.9774,6.4479,218311_at
8.0689,8.0689,8.1283,218312_s_at
9.0292,9.0292,7.0514,218313_s_at
8.0608,8.0608,7.6897,218314_s_at
9.384,9.384,9.4386,218315_s_at
9.066,9.066,9.6746,218317_x_at
5.4088,5.4088,5.4979,218318_s_at
10.3596,10.3596,10.8818,218319_at
11.1658,11.1658,11.0821,218320_s_at
7.1707,7.1707,7.7367,218321_x_at
6.4724,6.4724,7.2322,218322_s_at
8.0073,8.0073,6.9282,218323_at
8.0906,8.0906,7.3323,218324_s_at
8.7133,8.7133,8.8852,218325_s_at
5.1113,5.1113,4.7724,218326_s_at
8.0011,8.0011,8.6217,218327_s_at
7.4745,7.4745,7.1273,218328_at
8.186,8.186,8.6695,218329_at
5.1443,5.1443,5.2473,218330_s_at
8.1517,8.1517,7.8305,218331_s_at
5.2252,5.2252,6.4689,218332_at
10.1305,10.1305,9.5199,218333_at
9.3658,9.3658,8.8574,218334_at
8.4426,8.4426,9.6454,218335_x_at
9.5215,9.5215,10.753,218336_at
8.1753,8.1753,7.1117,218337_at
8.331,8.331,8.2181,218338_at
9.3855,9.3855,10.0411,218339_at
6.7131,6.7131,5.6056,218340_s_at
6.509,6.509,5.0073,218342_s_at
7.895,7.895,7.5871,218343_s_at
8.5869,8.5869,8.8941,218344_s_at
4.4081,4.4081,4.5261,218345_at
7.5394,7.5394,8.0251,218347_at
9.0267,9.0267,8.6615,218348_s_at
7.3415,7.3415,8.1226,218349_s_at
7.3418,7.3418,8.3417,218351_at
9.0347,9.0347,8.4386,218352_at
4.9596,4.9596,4.6642,218353_at
9.0692,9.0692,9.4185,218354_at
8.3522,8.3522,8.5728,218355_at
7.3605,7.3605,8.1147,218356_at
5.3501,5.3501,6.5678,218359_at
9.4983,9.4983,9.1666,218360_at
5.5545,5.5545,4.2144,218361_at
6.494,6.494,6.0568,218362_s_at
6.2752,6.2752,4.8899,218363_at
7.1191,7.1191,7.0834,218364_at
5.2857,5.2857,6.639,218365_s_at
9.5069,9.5069,10.6133,218366_x_at
7.4572,7.4572,7.4133,218367_x_at
6.6099,6.6099,6.3367,218368_s_at
4.7392,4.7392,4.2144,218369_s_at
8.2299,8.2299,7.8503,218370_s_at
8.3666,8.3666,7.725,218371_s_at
7.3264,7.3264,7.5413,218372_at
6.1383,6.1383,6.7537,218373_at
8.1151,8.1151,9.0316,218374_s_at
10.8404,10.8404,9.6438,218376_s_at
7.2512,7.2512,7.4195,218377_s_at
9.3753,9.3753,9.0014,218378_s_at
8.1771,8.1771,8.0465,218379_at
9.4536,9.4536,9.3607,218380_at
8.7544,8.7544,9.5631,218381_s_at
6.8733,6.8733,5.5209,218382_s_at
10.143,10.143,11.0937,218383_at
7.9939,7.9939,8.4505,218384_at
7.7063,7.7063,8.0358,218385_at
10.1863,10.1863,10.238,218387_s_at
9.6746,9.6746,9.552,218388_at
8.9252,8.9252,9.3068,218389_s_at
5.283,5.283,4.2145,218390_s_at
9.9148,9.9148,9.7123,218391_at
9.7014,9.7014,8.6186,218392_x_at
5.3088,5.3088,6.0255,218393_s_at
7.8701,7.8701,7.6198,218394_at
7.2619,7.2619,7.5784,218395_at
9.8295,9.8295,9.1812,218396_at
9.8805,9.8805,9.7501,218398_at
9.8421,9.8421,8.7682,218401_s_at
11.6597,11.6597,8.5915,218402_s_at
6.4027,6.4027,6.4004,218404_at
8.0397,8.0397,8.7368,218405_at
4.3202,4.3202,4.4134,218406_x_at
7.2754,7.2754,7.1286,218409_s_at
4.525,4.525,4.8437,218410_s_at
7.005,7.005,6.9632,218411_s_at
7.7137,7.7137,7.1333,218412_s_at
6.207,6.207,5.438,218413_s_at
8.7105,8.7105,8.4721,218415_at
6.8851,6.8851,6.0519,218416_s_at
5.0244,5.0244,4.2146,218417_s_at
10.8143,10.8143,11.9302,218418_s_at
7.291,7.291,7.2966,218419_s_at
7.9299,7.9299,8.3296,218420_s_at
9.9699,9.9699,8.9093,218422_s_at
8.4084,8.4084,7.7859,218423_x_at
4.9814,4.9814,6.2873,218424_s_at
8.0204,8.0204,7.6813,218425_at
5.6486,5.6486,6.9315,218426_s_at
6.2418,6.2418,6.3245,218427_at
8.6455,8.6455,8.5609,218428_s_at
9.1932,9.1932,8.0375,218429_s_at
7.2788,7.2788,5.9522,218430_s_at
8.1296,8.1296,7.8133,218431_at
7.5461,7.5461,7.0824,218432_at
6.8815,6.8815,6.8458,218433_at
7.7504,7.7504,8.1717,218434_s_at
6.2136,6.2136,6.637,218436_at
7.8913,7.8913,7.6479,218437_s_at
8.8864,8.8864,8.8695,218438_s_at
6.4387,6.4387,7.2165,218439_s_at
8.8212,8.8212,9.3139,218440_at
7.0674,7.0674,7.4303,218441_s_at
6.4191,6.4191,7.0628,218442_at
8.3244,8.3244,8.072,218443_s_at
6.4253,6.4253,4.2147,218444_at
6.0598,6.0598,5.6796,218445_at
6.3001,6.3001,6.4316,218446_s_at
11.3056,11.3056,11.2461,218447_at
8.244,8.244,9.7841,218448_at
6.679,6.679,6.1217,218449_at
4.7586,4.7586,4.6487,218451_at
5.9559,5.9559,5.7872,218452_at
6.667,6.667,7.6044,218453_s_at
5.3447,5.3447,4.2686,218454_at
6.6342,6.6342,6.956,218455_at
7.2966,7.2966,7.196,218456_at
6.9697,6.9697,7.2526,218458_at
8.1499,8.1499,8.794,218460_at
6.6577,6.6577,7.0428,218461_at
7.6859,7.6859,7.7867,218463_s_at
6.9625,6.9625,7.7606,218464_s_at
7.1231,7.1231,6.9234,218465_at
6.1722,6.1722,4.7199,218466_at
4.7516,4.7516,5.0466,218468_s_at
4.86,4.86,4.2148,218469_at
7.4141,7.4141,6.9331,218470_at
7.3779,7.3779,7.325,218471_s_at
6.9311,6.9311,7.5806,218472_s_at
9.3068,9.3068,10.55,218473_s_at
6.8385,6.8385,6.9913,218475_at
6.9985,6.9985,6.9285,218476_at
8.5076,8.5076,9.3386,218477_at
10.369,10.369,9.8116,218478_s_at
6.4056,6.4056,6.6847,218479_s_at
7.9799,7.9799,7.9399,218480_at
7.4349,7.4349,8.1428,218481_at
10.3195,10.3195,11.4694,218482_at
6.9532,6.9532,7.2813,218483_s_at
5.5566,5.5566,5.6839,218484_at
6.2247,6.2247,6.7233,218485_s_at
6.4392,6.4392,5.9208,218486_at
7.0192,7.0192,7.4916,218487_at
6.361,6.361,7.8795,218488_at
5.3449,5.3449,6.2555,218489_s_at
6.7402,6.7402,5.5169,218490_s_at
7.3588,7.3588,7.5694,218491_s_at
10.163,10.163,11.8314,218493_at
7.0858,7.0858,7.6774,218494_s_at
9.2733,9.2733,9.3075,218496_at
8.8911,8.8911,9.8787,218497_s_at
11.7873,11.7873,10.3446,218499_at
6.337,6.337,4.9694,218500_at
5.8196,5.8196,6.6623,218501_at
6.3924,6.3924,5.7593,218502_s_at
6.7744,6.7744,6.4704,218503_at
7.9278,7.9278,7.7429,218504_at
9.3223,9.3223,8.3949,218505_at
7.7492,7.7492,8.636,218506_x_at
6.6161,6.6161,6.9337,218507_at
10.8128,10.8128,10.2857,218508_at
5.6121,5.6121,4.9142,218509_at
8.5894,8.5894,5.9865,218510_x_at
6.3774,6.3774,7.2086,218511_s_at
7.7336,7.7336,8.6191,218512_at
5.3131,5.3131,5.2139,218513_at
8.0487,8.0487,8.4485,218514_at
9.8467,9.8467,10.0772,218515_at
7.1741,7.1741,6.7838,218516_s_at
10.1462,10.1462,10.1274,218517_at
9.612,9.612,9.2997,218518_at
6.9192,6.9192,6.7311,218519_at
7.223,7.223,9.7692,218520_at
7.134,7.134,6.6657,218521_s_at
7.298,7.298,7.0271,218522_s_at
8.6936,8.6936,8.7812,218524_at
4.6826,4.6826,4.2148,218525_s_at
8.6727,8.6727,9.7227,218526_s_at
6.7296,6.7296,6.8395,218527_at
10.7685,10.7685,10.6437,218528_s_at
6.4381,6.4381,7.1816,218530_at
8.2684,8.2684,7.8475,218531_at
9.8723,9.8723,5.3936,218532_s_at
9.4215,9.4215,9.8393,218533_s_at
6.0261,6.0261,6.3222,218534_s_at
7.9073,7.9073,8.4161,218535_s_at
5.6922,5.6922,4.3438,218536_at
4.8708,4.8708,4.3681,218537_at
5.5181,5.5181,5.4691,218538_s_at
8.3809,8.3809,8.421,218539_at
7.1697,7.1697,6.9192,218540_at
4.2355,4.2355,4.2149,218541_s_at
9.6193,9.6193,9.5442,218543_s_at
8.369,8.369,8.8053,218544_s_at
6.4955,6.4955,6.5413,218545_at
4.3535,4.3535,5.3092,218546_at
7.4817,7.4817,6.9519,218548_x_at
7.4576,7.4576,8.0479,218549_s_at
5.7196,5.7196,6.6528,218550_s_at
7.5987,7.5987,6.2772,218551_at
7.8125,7.8125,8.4122,218552_at
6.41,6.41,6.5021,218553_s_at
6.5651,6.5651,6.5003,218554_s_at
8.0746,8.0746,7.5754,218555_at
7.9283,7.9283,8.3089,218556_at
8.0333,8.0333,9.5168,218558_s_at
4.2356,4.2356,4.3109,218559_s_at
6.3971,6.3971,5.2252,218560_s_at
8.7422,8.7422,9.1971,218561_s_at
7.3504,7.3504,7.1874,218562_s_at
9.2018,9.2018,8.8036,218564_at
6.5696,6.5696,6.9188,218565_at
7.8709,7.8709,8.0183,218566_s_at
7.7689,7.7689,8.9497,218567_x_at
6.8956,6.8956,7.235,218568_at
8.0685,8.0685,8.9479,218570_at
7.3243,7.3243,7.6728,218572_at
7.9052,7.9052,7.5821,218573_at
5.1191,5.1191,5.9397,218574_s_at
9.4023,9.4023,10.1378,218576_s_at
6.1846,6.1846,6.8468,218578_at
8.1195,8.1195,7.8668,218579_s_at
9.9863,9.9863,10.3877,218580_x_at
9.4423,9.4423,9.0572,218582_at
8.2118,8.2118,8.2253,218583_s_at
7.8803,7.8803,7.4774,218586_at
5.5895,5.5895,6.0952,218587_s_at
7.1448,7.1448,6.3643,218589_at
7.2247,7.2247,7.7246,218590_at
4.8433,4.8433,4.4295,218591_s_at
8.9649,8.9649,9.6023,218592_s_at
9.0248,9.0248,8.7242,218593_at
7.63,7.63,8.5138,218594_at
4.6539,4.6539,4.5495,218596_at
7.7887,7.7887,8.0526,218598_at
8.0196,8.0196,8.7406,218599_at
7.3712,7.3712,7.6464,218600_at
7.4919,7.4919,7.3282,218601_at
5.4123,5.4123,5.0995,218602_s_at
9.1554,9.1554,8.0556,218604_at
9.7107,9.7107,9.4171,218605_at
8.9175,8.9175,9.0452,218606_at
7.161,7.161,7.2806,218607_s_at
7.427,7.427,5.6783,218608_at
6.6865,6.6865,6.7141,218609_s_at
4.9616,4.9616,4.8037,218610_s_at
10.5449,10.5449,9.6913,218611_at
9.297,9.297,8.7177,218612_s_at
7.4857,7.4857,5.6387,218613_at
7.9811,7.9811,7.9019,218614_at
7.0185,7.0185,6.9411,218615_s_at
8.3833,8.3833,8.8047,218616_at
7.9589,7.9589,7.875,218617_at
5.832,5.832,5.0603,218618_s_at
7.5991,7.5991,6.9782,218620_s_at
6.5401,6.5401,5.2171,218621_at
7.508,7.508,8.0521,218622_at
4.2357,4.2357,4.215,218623_at
7.5702,7.5702,7.646,218624_s_at
7.3218,7.3218,5.8778,218625_at
8.0914,8.0914,7.8677,218626_at
7.3127,7.3127,5.9384,218627_at
8.7511,8.7511,8.4371,218628_at
6.7172,6.7172,7.1242,218629_at
4.2971,4.2971,5.6956,218630_at
6.24,6.24,7.0584,218631_at
7.288,7.288,7.2481,218632_at
7.7262,7.7262,8.256,218633_x_at
5.7014,5.7014,6.81,218634_at
6.4482,6.4482,6.071,218636_s_at
6.0792,6.0792,5.0978,218637_at
7.2001,7.2001,7.0827,218638_s_at
7.7997,7.7997,8.0638,218639_s_at
10.1514,10.1514,8.6786,218640_s_at
8.3532,8.3532,8.0002,218641_at
5.3299,5.3299,5.2244,218643_s_at
5.0532,5.0532,6.9509,218644_at
7.8398,7.8398,7.7645,218645_at
8.2814,8.2814,8.3866,218646_at
8.0103,8.0103,8.1645,218647_s_at
8.9588,8.9588,8.9734,218649_x_at
8.2735,8.2735,8.1221,218650_at
4.5501,4.5501,4.6762,218651_s_at
9.1542,9.1542,8.3107,218652_s_at
6.9273,6.9273,6.6354,218653_at
8.4737,8.4737,9.3855,218654_s_at
8.3627,8.3627,8.9503,218655_s_at
5.9203,5.9203,4.9592,218656_s_at
4.3165,4.3165,4.255,218657_at
7.8579,7.8579,7.2004,218659_at
5.1606,5.1606,6.0983,218660_at
7.3475,7.3475,7.7717,218661_at
8.9123,8.9123,9.4876,218662_s_at
8.2744,8.2744,8.0513,218663_at
6.2792,6.2792,7.0744,218664_at
5.7855,5.7855,6.0938,218665_at
6.441,6.441,6.2898,218666_s_at
9.0787,9.0787,9.9176,218668_s_at
9.9564,9.9564,11.1917,218669_at
7.2117,7.2117,7.0518,218670_at
10.213,10.213,10.8848,218671_s_at
8.4579,8.4579,9.0578,218672_at
5.9182,5.9182,6.0732,218673_s_at
6.1736,6.1736,5.8534,218674_at
4.2358,4.2358,4.2151,218675_at
6.1453,6.1453,7.0172,218676_s_at
4.6308,4.6308,4.6108,218678_at
8.8847,8.8847,9.2949,218680_x_at
7.1789,7.1789,7.166,218681_s_at
7.6248,7.6248,7.7575,218682_s_at
9.8915,9.8915,9.7355,218683_at
7.9337,7.9337,7.6552,218684_at
5.3696,5.3696,4.2151,218685_s_at
4.667,4.667,4.4492,218686_s_at
5.2527,5.2527,4.2152,218687_s_at
4.4601,4.4601,6.6973,218688_at
6.5263,6.5263,5.8168,218689_at
5.621,5.621,6.0434,218690_at
4.3675,4.3675,4.2153,218691_s_at
5.6489,5.6489,5.4031,218692_at
5.1445,5.1445,4.6533,218693_at
7.7258,7.7258,5.9986,218694_at
11.3278,11.3278,10.5745,218696_at
6.0853,6.0853,6.879,218697_at
8.5248,8.5248,9.5458,218698_at
5.1388,5.1388,6.9069,218699_at
4.3977,4.3977,4.6845,218700_s_at
4.7055,4.7055,5.335,218701_at
7.2764,7.2764,7.559,218702_at
6.0756,6.0756,6.0155,218703_at
5.1312,5.1312,5.5948,218704_at
5.2011,5.2011,5.7729,218705_s_at
5.3451,5.3451,4.2154,218706_s_at
6.8116,6.8116,6.258,218707_at
8.9685,8.9685,10.4999,218708_at
8.1964,8.1964,8.5026,218709_s_at
7.9828,7.9828,8.015,218710_at
5.6704,5.6704,5.0306,218711_s_at
4.8502,4.8502,5.419,218712_at
7.2803,7.2803,7.1407,218713_at
8.3541,8.3541,8.6391,218714_at
8.4851,8.4851,8.7307,218716_x_at
4.3887,4.3887,4.6764,218717_s_at
6.4769,6.4769,5.4192,218718_at
8.2113,8.2113,9.0856,218719_s_at
4.3948,4.3948,4.5263,218720_x_at
7.235,7.235,6.8672,218721_s_at
6.719,6.719,7.3162,218722_s_at
5.5416,5.5416,7.1714,218723_s_at
8.1059,8.1059,7.313,218724_s_at
9.0888,9.0888,9.7965,218726_at
5.4276,5.4276,6.0908,218727_at
8.2551,8.2551,7.659,218728_s_at
6.348,6.348,5.4513,218729_at
4.2359,4.2359,4.2155,218730_s_at
4.6251,4.6251,4.6016,218731_s_at
6.7209,6.7209,7.7343,218732_at
8.7008,8.7008,7.8197,218733_at
7.2011,7.2011,7.1323,218734_at
8.5467,8.5467,7.6709,218735_s_at
4.2359,4.2359,4.6473,218736_s_at
5.9989,5.9989,6.6604,218737_at
11.5748,11.5748,11.2179,218738_s_at
6.1989,6.1989,6.7484,218739_at
11.6,11.6,11.1319,218740_s_at
8.7621,8.7621,9.8686,218741_at
6.3453,6.3453,5.1354,218745_x_at
6.5224,6.5224,6.182,218746_at
6.5778,6.5778,6.2743,218747_s_at
4.236,4.236,5.1299,218748_s_at
9.2227,9.2227,8.0384,218749_s_at
6.9755,6.9755,7.1741,218750_at
8.5016,8.5016,8.2055,218751_s_at
6.2623,6.2623,5.1337,218752_at
7.6123,7.6123,8.2883,218753_at
9.3471,9.3471,9.2362,218754_at
6.308,6.308,6.5769,218756_s_at
9.4178,9.4178,8.9275,218757_s_at
5.4705,5.4705,5.68,218758_s_at
5.3275,5.3275,6.111,218759_at
6.5871,6.5871,6.924,218760_at
7.2813,7.2813,6.8876,218761_at
6.7373,6.7373,6.0933,218762_at
8.5666,8.5666,9.0075,218763_at
11.4614,11.4614,8.7324,218764_at
7.0594,7.0594,5.3221,218765_at
7.1084,7.1084,7.0044,218766_s_at
8.0984,8.0984,7.7402,218767_at
10.1959,10.1959,9.9064,218768_at
8.3347,8.3347,7.5498,218769_s_at
7.3162,7.3162,7.8547,218770_s_at
7.1235,7.1235,7.4184,218771_at
7.5039,7.5039,6.4153,218772_x_at
8.1182,8.1182,7.6924,218773_s_at
6.9844,6.9844,7.7516,218774_at
4.2361,4.2361,4.2155,218775_s_at
8.8053,8.8053,8.8876,218776_s_at
8.2267,8.2267,8.1495,218777_at
4.9377,4.9377,4.4007,218778_x_at
7.6266,7.6266,8.1366,218781_at
8.8304,8.8304,8.9087,218782_s_at
4.2362,4.2362,5.4617,218783_at
7.1054,7.1054,6.1936,218784_s_at
5.5258,5.5258,5.1057,218785_s_at
5.7913,5.7913,5.9739,218786_at
7.3348,7.3348,7.6643,218787_x_at
5.8998,5.8998,6.0765,218789_s_at
4.3203,4.3203,4.3821,218790_s_at
5.9828,5.9828,5.5154,218791_s_at
8.0133,8.0133,6.9088,218792_s_at
7.542,7.542,7.6342,218793_s_at
7.8193,7.8193,7.4846,218795_at
4.3829,4.3829,4.2156,218796_at
8.0888,8.0888,8.6254,218797_s_at
6.9341,6.9341,6.3134,218798_at
7.272,7.272,7.4306,218799_at
4.2363,4.2363,4.2625,218800_at
10.2348,10.2348,10.5399,218802_at
9.0673,9.0673,9.2241,218803_at
5.0806,5.0806,4.2157,218804_at
4.7597,4.7597,6.4814,218805_at
7.4281,7.4281,6.4446,218806_s_at
6.1672,6.1672,5.7087,218808_at
7.1047,7.1047,7.7752,218810_at
5.2349,5.2349,4.2158,218811_at
6.3655,6.3655,6.8005,218812_s_at
5.831,5.831,6.7681,218813_s_at
5.5855,5.5855,5.5061,218814_s_at
5.2469,5.2469,5.4619,218815_s_at
5.924,5.924,6.1803,218816_at
5.3036,5.3036,4.7081,218818_at
6.4114,6.4114,7.0287,218819_at
5.7526,5.7526,5.7213,218820_at
7.5795,7.5795,6.7252,218821_at
6.359,6.359,6.125,218822_s_at
7.5535,7.5535,7.7815,218823_s_at
4.9222,4.9222,4.6136,218824_at
9.0799,9.0799,4.4262,218825_at
7.7222,7.7222,8.4328,218827_s_at
7.0718,7.0718,8.2892,218829_s_at
10.2813,10.2813,10.3115,218830_at
6.7788,6.7788,5.1496,218831_s_at
4.2364,4.2364,4.2158,218832_x_at
5.8448,5.8448,5.6683,218833_at
4.9923,4.9923,5.4062,218834_s_at
4.3865,4.3865,4.562,218835_at
7.9495,7.9495,8.3183,218836_at
5.6221,5.6221,4.2159,218837_s_at
6.9916,6.9916,6.9499,218838_s_at
4.3699,4.3699,4.2973,218839_at
8.7889,8.7889,7.7807,218840_s_at
7.3815,7.3815,7.2394,218841_at
7.2949,7.2949,6.9606,218842_at
4.7197,4.7197,4.809,218843_at
7.7028,7.7028,7.0119,218844_at
7.7126,7.7126,7.9508,218846_at
6.685,6.685,7.6346,218848_at
6.6806,6.6806,6.1386,218849_s_at
5.9271,5.9271,6.8097,218850_s_at
7.4738,7.4738,7.2226,218851_s_at
7.4277,7.4277,7.3063,218853_s_at
7.2792,7.2792,6.6491,218855_at
5.7114,5.7114,7.2557,218857_s_at
5.0874,5.0874,5.1413,218858_at
7.4799,7.4799,7.4335,218859_s_at
7.2377,7.2377,6.9353,218860_at
4.3994,4.3994,4.9362,218861_at
8.0858,8.0858,6.9195,218862_at
4.3112,4.3112,4.7854,218863_s_at
4.5087,4.5087,4.3626,218864_at
4.8365,4.8365,4.9528,218865_at
6.8547,6.8547,8.6371,218866_s_at
7.4605,7.4605,9.7372,218867_s_at
4.975,4.975,5.2531,218868_at
6.1767,6.1767,6.5486,218869_at
8.9181,8.9181,8.9575,218870_at
8.3987,8.3987,8.4623,218871_x_at
6.9328,6.9328,6.4431,218872_at
7.4392,7.4392,7.3046,218873_at
6.6682,6.6682,7.2189,218874_s_at
8.7368,8.7368,8.697,218875_s_at
4.2365,4.2365,4.3788,218876_at
6.9279,6.9279,7.5234,218877_s_at
8.6113,8.6113,8.6866,218878_s_at
6.5513,6.5513,5.6347,218879_s_at
4.6709,4.6709,5.9232,218880_at
5.0464,5.0464,5.6065,218881_s_at
7.0005,7.0005,6.8106,218882_s_at
13.1869,13.1869,13.8442,218883_s_at
5.7818,5.7818,5.5904,218884_s_at
5.8067,5.8067,7.3598,218885_s_at
6.8857,6.8857,6.6421,218886_at
7.2308,7.2308,7.1357,218887_at
4.2366,4.2366,5.3169,218888_s_at
6.538,6.538,6.8373,218889_at
6.8831,6.8831,7.3218,218890_x_at
7.9807,7.9807,8.5258,218891_at
5.4139,5.4139,5.1214,218892_at
6.697,6.697,7.3681,218893_at
5.698,5.698,5.1206,218894_s_at
7.7048,7.7048,7.5773,218895_at
8.646,8.646,8.1659,218896_s_at
4.2367,4.2367,5.1083,218897_at
8.0069,8.0069,4.5814,218899_s_at
7.0574,7.0574,6.1577,218900_at
5.3542,5.3542,4.645,218901_at
6.2697,6.2697,6.848,218903_s_at
5.2557,5.2557,5.6155,218904_s_at
8.6508,8.6508,8.453,218905_at
6.2764,6.2764,5.595,218906_x_at
5.5342,5.5342,4.7036,218907_s_at
7.246,7.246,6.4973,218909_at
7.7799,7.7799,7.5856,218911_at
6.9798,6.9798,7.9449,218913_s_at
4.4932,4.4932,6.79,218914_at
8.1896,8.1896,8.4628,218915_at
10.8332,10.8332,11.2836,218917_s_at
5.379,5.379,4.6452,218918_at
8.4574,8.4574,8.1592,218919_at
8.7521,8.7521,8.8795,218920_at
7.0908,7.0908,6.5651,218921_at
5.4293,5.4293,4.4873,218922_s_at
6.6361,6.6361,5.5351,218923_at
6.9886,6.9886,6.2173,218924_s_at
4.6446,4.6446,4.6344,218925_s_at
7.9424,7.9424,8.1641,218926_at
7.6816,7.6816,7.2855,218927_s_at
6.9344,6.9344,5.8806,218928_s_at
9.7039,9.7039,10.7321,218929_at
5.9588,5.9588,5.599,218930_s_at
5.9641,5.9641,4.3565,218931_at
8.0032,8.0032,8.5677,218932_at
6.7026,6.7026,6.7193,218933_at
4.3661,4.3661,4.5475,218934_s_at
6.4583,6.4583,4.7557,218935_at
9.8063,9.8063,9.2568,218936_s_at
7.0057,7.0057,7.2447,218937_at
8.1169,8.1169,7.8636,218938_at
6.9069,6.9069,6.7474,218939_at
8.7144,8.7144,8.8806,218940_at
7.942,7.942,8.0112,218941_at
5.2262,5.2262,7.2405,218942_at
6.8109,6.8109,6.2245,218943_s_at
4.2368,4.2368,4.216,218944_at
7.8074,7.8074,7.2042,218945_at
8.7717,8.7717,8.8189,218946_at
8.5482,8.5482,8.9995,218947_s_at
9.9261,9.9261,8.9228,218949_s_at
6.1538,6.1538,5.3953,218950_at
8.6238,8.6238,8.3041,218951_s_at
5.4366,5.4366,5.5867,218952_at
6.658,6.658,7.3215,218953_s_at
4.7175,4.7175,5.9498,218954_s_at
8.721,8.721,9.0616,218955_at
7.113,7.113,7.2706,218956_s_at
6.6179,6.6179,6.3155,218957_s_at
7.4749,7.4749,7.3057,218958_at
5.2875,5.2875,5.8229,218959_at
4.2368,4.2368,4.2161,218960_at
7.0327,7.0327,6.0743,218962_s_at
4.3623,4.3623,4.4566,218963_s_at
6.2124,6.2124,7.1717,218964_at
5.2428,5.2428,4.812,218965_s_at
10.9717,10.9717,7.8648,218966_at
6.0822,6.0822,5.6121,218967_s_at
7.8009,7.8009,7.4328,218968_s_at
6.9965,6.9965,7.1792,218969_at
7.9994,7.9994,8.0672,218970_s_at
8.6318,8.6318,7.6636,218972_at
7.7819,7.7819,8.1331,218973_at
5.7007,5.7007,6.0604,218974_at
4.3512,4.3512,4.9867,218975_at
4.5985,4.5985,4.931,218976_at
7.0971,7.0971,7.656,218977_s_at
4.9887,4.9887,6.0196,218978_s_at
7.2713,7.2713,6.8863,218979_at
4.2369,4.2369,4.9345,218980_at
5.337,5.337,5.743,218981_at
7.6839,7.6839,8.3084,218982_s_at
4.9581,4.9581,4.6975,218983_at
6.3344,6.3344,6.4019,218984_at
4.3226,4.3226,4.319,218985_at
6.1462,6.1462,5.3481,218986_s_at
8.6594,8.6594,8.449,218987_at
7.8685,7.8685,7.2564,218988_at
5.7729,5.7729,5.8952,218989_x_at
5.5783,5.5783,4.3654,218990_s_at
7.032,7.032,4.6935,218991_at
6.7603,6.7603,8.0586,218992_at
9.2437,9.2437,9.147,218993_at
6.2927,6.2927,6.7227,218994_s_at
6.6859,6.6859,7.3818,218996_at
7.6327,7.6327,8.1512,218997_at
6.5832,6.5832,6.7656,218998_at
5.5568,5.5568,5.1776,218999_at
8.1512,8.1512,8.8713,219000_s_at
6.2332,6.2332,5.2572,219001_s_at
7.2063,7.2063,6.3312,219002_at
4.237,4.237,4.3501,219003_s_at
7.8689,7.8689,8.4574,219004_s_at
4.7205,4.7205,4.9382,219005_at
7.8515,7.8515,8.1996,219006_at
6.161,6.161,6.8825,219008_at
6.5471,6.5471,6.7894,219009_at
6.225,6.225,5.9689,219010_at
4.2371,4.2371,4.2162,219011_at
5.4502,5.4502,5.1761,219012_s_at
5.5709,5.5709,5.6774,219013_at
11.6084,11.6084,10.1336,219014_at
6.4529,6.4529,6.5117,219015_s_at
6.4609,6.4609,6.2014,219017_at
5.2565,5.2565,4.4263,219018_s_at
9.7788,9.7788,10.0561,219019_at
7.0034,7.0034,6.9935,219020_at
6.8011,6.8011,5.6766,219021_at
6.7076,6.7076,7.3383,219022_at
5.9715,5.9715,5.3749,219023_at
5.4693,5.4693,4.9957,219024_at
6.9114,6.9114,7.0604,219025_at
4.2372,4.2372,4.583,219026_s_at
7.9229,7.9229,7.4576,219027_s_at
5.5531,5.5531,5.6668,219028_at
7.1441,7.1441,6.9379,219029_at
9.2126,9.2126,10.0185,219030_at
7.3581,7.3581,7.3546,219031_s_at
8.803,8.803,10.0531,219032_x_at
6.4033,6.4033,6.7106,219033_at
7.99,7.99,8.3599,219034_at
7.3039,7.3039,7.8125,219035_s_at
6.1714,6.1714,6.6348,219036_at
7.1357,7.1357,7.5735,219037_at
6.2766,6.2766,6.6014,219038_at
4.676,4.676,4.8598,219039_at
7.1711,7.1711,7.7386,219040_at
12.8223,12.8223,11.7509,219041_s_at
4.2373,4.2373,4.2162,219042_at
7.7149,7.7149,7.6357,219043_s_at
5.3646,5.3646,5.3968,219044_at
6.7825,6.7825,7.2674,219045_at
5.7608,5.7608,6.2107,219046_s_at
6.2648,6.2648,6.1423,219047_s_at
5.1971,5.1971,6.0277,219048_at
11.5437,11.5437,7.7484,219049_at
4.9963,4.9963,6.291,219050_s_at
6.97,6.97,7.0942,219052_at
6.0631,6.0631,5.1778,219054_at
7.1296,7.1296,5.9623,219055_at
7.7657,7.7657,8.3555,219056_at
6.8376,6.8376,6.6717,219057_at
4.9035,4.9035,4.611,219058_x_at
4.3481,4.3481,4.5675,219059_s_at
6.5093,6.5093,7.1097,219060_at
9.2478,9.2478,7.2412,219062_s_at
7.9192,7.9192,8.0163,219063_at
5.6126,5.6126,5.8259,219064_at
10.2835,10.2835,10.1535,219065_s_at
6.1367,6.1367,6.5989,219066_at
9.0508,9.0508,9.2119,219067_s_at
7.7618,7.7618,8.2082,219068_x_at
7.1451,7.1451,7.3337,219070_s_at
7.6862,7.6862,7.9068,219071_x_at
7.9491,7.9491,7.9632,219072_at
5.2375,5.2375,5.7938,219073_s_at
6.5507,6.5507,6.5653,219074_at
5.3436,5.3436,5.1726,219075_at
8.2875,8.2875,8.1969,219077_s_at
6.8055,6.8055,6.4238,219078_at
7.9858,7.9858,9.6938,219079_at
6.0514,6.0514,5.7393,219080_s_at
9.2005,9.2005,9.6216,219081_at
7.4871,7.4871,8.178,219083_at
5.9323,5.9323,5.1398,219085_s_at
6.7853,6.7853,6.765,219086_at
4.5435,4.5435,5.0736,219087_at
5.0011,5.0011,4.2163,219088_s_at
6.4452,6.4452,6.2039,219089_s_at
4.2956,4.2956,4.4609,219090_at
5.7272,5.7272,5.1368,219091_s_at
6.857,6.857,7.0587,219092_s_at
4.2374,4.2374,4.9256,219093_at
8.157,8.157,7.5014,219094_at
6.8534,6.8534,6.022,219095_at
6.6351,6.6351,6.0699,219096_at
8.5375,8.5375,9.8512,219097_x_at
7.1905,7.1905,7.1394,219098_at
6.947,6.947,9.0099,219099_at
7.1583,7.1583,6.9402,219100_at
5.1166,5.1166,4.5476,219101_x_at
4.4747,4.4747,4.4098,219102_at
5.2786,5.2786,4.3742,219103_at
6.6635,6.6635,6.6682,219104_at
10.0293,10.0293,9.6871,219105_x_at
4.2375,4.2375,4.2164,219106_s_at
4.54,4.54,4.5945,219107_at
5.8582,5.8582,5.7477,219109_at
10.2469,10.2469,9.8268,219111_s_at
7.4062,7.4062,7.3134,219112_at
6.0718,6.0718,4.5281,219113_x_at
4.7708,4.7708,6.3465,219114_at
4.6989,4.6989,4.4875,219115_s_at
7.2471,7.2471,7.6862,219116_s_at
9.328,9.328,9.8457,219117_s_at
6.9467,6.9467,7.1191,219118_at
7.4123,7.4123,7.3461,219119_at
4.7908,4.7908,6.1264,219120_at
4.324,4.324,4.4396,219121_s_at
6.3022,6.3022,7.1087,219122_s_at
6.5269,6.5269,6.7082,219123_at
7.4723,7.4723,7.2643,219124_at
5.5725,5.5725,5.971,219125_s_at
9.9497,9.9497,10.4006,219126_at
6.6926,6.6926,6.8678,219128_at
8.2722,8.2722,7.8038,219129_s_at
6.1616,6.1616,5.7116,219130_at
7.4367,7.4367,7.7398,219131_at
11.3556,11.3556,10.6638,219132_at
7.6044,7.6044,7.3539,219133_at
4.2376,4.2376,4.2165,219134_at
7.4044,7.4044,6.1829,219135_s_at
7.5742,7.5742,6.8612,219136_s_at
8.5021,8.5021,8.5117,219137_s_at
7.3507,7.3507,7.2924,219138_at
5.5383,5.5383,4.4671,219139_s_at
4.2377,4.2377,4.2165,219140_s_at
8.9781,8.9781,7.6962,219141_s_at
5.6909,5.6909,6.7674,219142_at
5.2999,5.2999,5.4573,219143_s_at
9.503,9.503,6.4826,219144_at
6.1311,6.1311,4.2166,219145_at
6.2458,6.2458,5.9836,219146_at
7.5605,7.5605,6.6812,219147_s_at
7.9225,7.9225,8.8481,219148_at
6.5114,6.5114,6.3856,219149_x_at
5.7916,5.7916,4.8862,219150_s_at
6.4215,6.4215,6.2924,219151_s_at
5.8183,5.8183,5.044,219152_at
5.5635,5.5635,5.4633,219153_s_at
6.3459,6.3459,6.101,219154_at
8.7319,8.7319,8.292,219155_at
5.3599,5.3599,5.6046,219156_at
8.299,8.299,10.3262,219157_at
8.5487,8.5487,8.379,219158_s_at
4.5927,4.5927,4.3469,219159_s_at
5.1149,5.1149,4.9489,219160_s_at
8.6202,8.6202,8.023,219161_s_at
8.378,8.378,8.9181,219162_s_at
8.1534,8.1534,7.549,219163_at
5.265,5.265,4.939,219164_s_at
7.8551,7.8551,6.6986,219165_at
5.0286,5.0286,4.8309,219166_at
5.0883,5.0883,5.6704,219167_at
4.9485,4.9485,4.5082,219168_s_at
6.8752,6.8752,7.1977,219169_s_at
5.997,5.997,5.4535,219171_s_at
4.5916,4.5916,5.2435,219172_at
9.633,9.633,8.4264,219173_at
5.5142,5.5142,5.2779,219174_at
8.0354,8.0354,7.6651,219175_s_at
9.2886,9.2886,8.7166,219176_at
7.0116,7.0116,6.0558,219177_at
7.1626,7.1626,7.6816,219178_at
7.4105,7.4105,6.9726,219179_at
7.2615,7.2615,6.5823,219180_s_at
5.0028,5.0028,5.4183,219181_at
6.0883,6.0883,6.9169,219182_at
6.9002,6.9002,6.913,219183_s_at
6.8065,6.8065,6.8653,219185_at
4.557,4.557,4.3602,219186_at
6.4656,6.4656,5.2082,219187_at
7.2554,7.2554,6.7079,219188_s_at
6.7891,6.7891,7.2519,219189_at
5.8659,5.8659,6.0229,219190_s_at
4.2377,4.2377,4.2167,219191_s_at
9.6413,9.6413,9.5822,219192_at
6.2677,6.2677,6.3669,219194_at
4.2378,4.2378,4.8384,219195_at
4.383,4.383,4.2168,219196_at
6.4943,6.4943,4.2682,219197_s_at
7.1269,7.1269,7.2326,219198_at
5.1823,5.1823,5.9572,219199_at
6.9765,6.9765,7.297,219200_at
5.0577,5.0577,4.4199,219201_s_at
6.6784,6.6784,8.3315,219202_at
7.2474,7.2474,7.6134,219203_at
5.8461,5.8461,6.8752,219204_s_at
7.0415,7.0415,7.6335,219205_at
7.9866,7.9866,7.915,219206_x_at
4.7286,4.7286,6.5535,219207_at
7.0244,7.0244,5.5702,219209_at
6.0266,6.0266,6.368,219210_s_at
6.7593,6.7593,5.9148,219211_at
10.7501,10.7501,12.1047,219212_at
6.468,6.468,6.0514,219213_at
5.688,5.688,6.3512,219214_s_at
5.9011,5.9011,7.3376,219215_s_at
6.2412,6.2412,6.4624,219216_at
7.4671,7.4671,7.0327,219217_at
10.8317,10.8317,9.5639,219218_at
7.6962,7.6962,7.9782,219219_at
9.9008,9.9008,10.7114,219220_x_at
5.9644,5.9644,7.2886,219221_at
6.5048,6.5048,7.0274,219223_at
8.7172,8.7172,8.3675,219224_x_at
4.2379,4.2379,4.2169,219225_at
7.1758,7.1758,7.298,219226_at
4.9878,4.9878,5.4785,219227_at
8.8229,8.8229,8.8718,219228_at
4.238,4.238,4.2169,219229_at
4.8962,4.8962,4.7139,219230_at
7.4612,7.4612,7.8827,219231_at
4.5597,4.5597,5.9753,219232_s_at
4.8733,4.8733,5.2158,219234_x_at
7.6667,7.6667,7.3549,219235_s_at
6.3167,6.3167,6.0574,219236_at
8.2413,8.2413,7.326,219237_s_at
6.8132,6.8132,5.459,219238_at
7.3222,7.3222,6.5738,219239_s_at
5.6851,5.6851,5.5967,219240_s_at
7.0678,7.0678,6.856,219241_x_at
7.662,7.662,7.9176,219242_at
4.2381,4.2381,4.4136,219243_at
7.9204,7.9204,8.1023,219244_s_at
7.0671,7.0671,7.1898,219245_s_at
6.9642,6.9642,7.0071,219246_s_at
4.6592,4.6592,4.9081,219247_s_at
9.3301,9.3301,9.2942,219248_at
4.6632,4.6632,4.7096,219249_s_at
4.7588,4.7588,5.5395,219250_s_at
7.6289,7.6289,6.24,219251_s_at
5.6138,5.6138,5.1261,219252_s_at
6.9667,6.9667,5.876,219253_at
5.409,5.409,5.8103,219254_at
5.267,5.267,5.1954,219255_x_at
12.1128,12.1128,9.4148,219256_s_at
6.6256,6.6256,5.9596,219257_s_at
8.0208,8.0208,8.9205,219258_at
5.5969,5.5969,5.7656,219259_at
9.0812,9.0812,10.7266,219260_s_at
9.6637,9.6637,9.4297,219261_at
4.7357,4.7357,4.8799,219262_at
4.555,4.555,4.6166,219263_at
7.7083,7.7083,7.0945,219264_s_at
5.8227,5.8227,7.4051,219265_at
7.6047,7.6047,6.7653,219266_at
7.3546,7.3546,7.2155,219267_at
6.2878,6.2878,6.6268,219268_at
10.7927,10.7927,9.17,219269_at
9.5975,9.5975,8.3126,219271_at
6.8369,6.8369,6.9906,219272_at
5.7801,5.7801,5.8247,219273_at
4.2382,4.2382,4.3522,219274_at
7.2502,7.2502,6.9593,219275_at
7.8038,7.8038,7.8746,219276_x_at
4.2383,4.2383,4.4181,219277_s_at
6.2219,6.2219,4.7503,219278_at
7.692,7.692,7.3018,219279_at
5.9103,5.9103,5.4046,219280_at
7.6319,7.6319,6.9111,219282_s_at
6.2287,6.2287,6.2122,219283_at
6.8896,6.8896,5.9214,219284_at
5.2396,5.2396,4.2634,219285_s_at
11.1709,11.1709,12.286,219286_s_at
6.559,6.559,7.4238,219287_at
5.0944,5.0944,5.7497,219288_at
5.9798,5.9798,5.274,219289_at
7.6636,7.6636,8.2597,219290_x_at
5.8239,5.8239,5.0032,219291_at
6.1024,6.1024,6.1868,219292_at
4.8088,4.8088,5.203,219294_at
4.7243,4.7243,4.6126,219295_s_at
7.3046,7.3046,6.9053,219296_at
6.855,6.855,6.0064,219297_at
6.6004,6.6004,6.0258,219298_at
7.5829,7.5829,6.9625,219299_at
5.1068,5.1068,4.8975,219300_s_at
4.6991,4.6991,4.9904,219301_s_at
4.9925,4.9925,5.0075,219302_s_at
6.0016,6.0016,6.9376,219303_at
5.4968,5.4968,6.1434,219304_s_at
4.6196,4.6196,5.5192,219305_x_at
9.2444,9.2444,10.1388,219306_at
7.2747,7.2747,7.223,219307_at
5.0123,5.0123,5.8827,219308_s_at
4.5266,4.5266,4.217,219309_at
5.5106,5.5106,5.1273,219310_at
6.7525,6.7525,7.2216,219311_at
8.1326,8.1326,6.1139,219312_s_at
5.1309,5.1309,4.6186,219313_at
6.8014,6.8014,6.287,219314_s_at
5.3724,5.3724,5.9731,219315_s_at
5.2362,5.2362,4.8055,219316_s_at
6.0431,6.0431,5.5215,219317_at
5.2301,5.2301,6.1231,219318_x_at
4.6933,4.6933,4.7351,219319_at
6.1814,6.1814,6.2878,219320_at
5.9753,5.9753,5.8077,219321_at
6.7503,6.7503,6.5778,219322_s_at
4.2384,4.2384,4.3318,219323_s_at
7.9524,7.9524,8.2009,219324_at
5.309,5.309,5.0997,219325_s_at
6.8039,6.8039,6.7869,219326_s_at
4.4405,4.4405,4.7427,219328_at
10.002,10.002,10.6584,219329_s_at
6.7355,6.7355,6.3453,219330_at
5.7893,5.7893,5.2561,219331_s_at
6.1942,6.1942,4.6879,219332_at
6.693,6.693,6.6831,219333_s_at
4.2385,4.2385,4.5488,219334_s_at
6.4562,6.4562,6.6482,219335_at
6.8618,6.8618,6.5456,219336_s_at
6.2259,6.2259,6.2432,219337_at
4.5451,4.5451,5.2326,219338_s_at
5.0896,5.0896,5.7893,219339_s_at
7.2405,7.2405,6.5507,219340_s_at
6.4135,6.4135,5.9053,219341_at
7.2353,7.2353,7.5995,219342_at
6.388,6.388,6.4829,219343_at
5.5227,5.5227,4.8418,219344_at
5.8907,5.8907,5.3724,219345_at
4.2386,4.2386,4.2171,219346_at
8.0137,8.0137,9.3789,219347_at
7.9332,7.9332,7.8389,219348_at
6.4446,6.4446,6.1331,219349_s_at
9.141,9.141,10.3596,219350_s_at
7.8229,7.8229,7.6502,219351_at
6.3393,6.3393,5.7435,219353_at
5.966,5.966,6.7039,219354_at
4.437,4.437,5.0347,219355_at
8.1357,8.1357,7.4569,219356_s_at
9.6536,9.6536,10.288,219357_at
6.4342,6.4342,5.8448,219358_s_at
5.4783,5.4783,5.8549,219359_at
4.2387,4.2387,4.3725,219360_s_at
8.7034,8.7034,8.0517,219361_s_at
6.8774,6.8774,6.5201,219362_at
6.4627,6.4627,4.5024,219364_at
5.7591,5.7591,6.7606,219365_s_at
7.9786,7.9786,8.3694,219366_at
4.9685,4.9685,5.7519,219367_s_at
4.3775,4.3775,4.5365,219368_at
4.3283,4.3283,4.4329,219369_s_at
5.5906,5.5906,6.0748,219370_at
11.3203,11.3203,12.9853,219371_s_at
6.4892,6.4892,6.8787,219372_at
8.5313,8.5313,7.9015,219373_at
7.6399,7.6399,7.8835,219374_s_at
6.9841,6.9841,6.7847,219375_at
5.2097,5.2097,5.0331,219376_at
4.7737,4.7737,5.3337,219377_at
9.5583,9.5583,9.9603,219378_at
7.6134,7.6134,7.1637,219379_x_at
5.3221,5.3221,5.2351,219380_x_at
5.1819,5.1819,4.2172,219381_at
5.4227,5.4227,5.0024,219383_at
5.3077,5.3077,4.8933,219385_at
5.1134,5.1134,5.1956,219386_s_at
7.6709,7.6709,6.8956,219387_at
4.8594,4.8594,5.4033,219388_at
4.2881,4.2881,4.4611,219389_at
4.2387,4.2387,5.0872,219391_at
11.5397,11.5397,10.3912,219392_x_at
5.5281,5.5281,5.4839,219393_s_at
9.0534,9.0534,8.3708,219394_at
4.4468,4.4468,5.0951,219395_at
10.5286,10.5286,10.8788,219396_s_at
8.685,8.685,8.933,219397_at
7.3247,7.3247,7.4623,219398_at
5.3006,5.3006,5.9067,219399_at
6.4668,6.4668,6.5069,219400_at
6.512,6.512,5.2392,219401_at
8.9793,8.9793,9.254,219402_s_at
4.4638,4.4638,5.7828,219403_s_at
5.4727,5.4727,5.3633,219404_at
7.0614,7.0614,7.0794,219405_at
6.9661,6.9661,6.6345,219406_at
5.9684,5.9684,5.606,219407_s_at
5.6774,5.6774,5.9793,219408_at
4.9687,4.9687,5.1958,219410_at
4.8042,4.8042,4.5589,219411_at
4.3154,4.3154,4.2172,219412_at
5.4112,5.4112,4.7653,219413_at
4.5352,4.5352,4.3861,219414_at
4.2388,4.2388,4.2173,219415_at
5.5909,5.5909,5.5969,219416_at
5.4652,5.4652,4.3936,219417_s_at
6.9674,6.9674,7.3504,219418_at
7.969,7.969,8.7105,219419_at
6.6871,6.6871,7.0313,219420_s_at
5.9777,5.9777,4.9416,219421_at
4.6272,4.6272,4.2758,219422_at
4.3262,4.3262,4.3255,219423_x_at
4.2389,4.2389,4.2174,219424_at
4.5137,4.5137,5.8143,219425_at
7.1671,7.1671,7.1878,219426_at
5.5004,5.5004,4.8812,219427_at
7.0968,7.0968,7.616,219428_s_at
4.3493,4.3493,5.7664,219429_at
4.5235,4.5235,4.2175,219430_at
7.5215,7.5215,6.5835,219431_at
4.6082,4.6082,4.2176,219432_at
8.2276,8.2276,8.5533,219433_at
5.3348,5.3348,5.7903,219434_at
7.4774,7.4774,7.3961,219435_at
4.2882,4.2882,4.2177,219436_s_at
7.555,7.555,8.3347,219437_s_at
4.8354,4.8354,4.3823,219438_at
6.7134,6.7134,6.1275,219439_at
5.7304,5.7304,5.6143,219440_at
6.8554,6.8554,5.2916,219441_s_at
6.6007,6.6007,7.6797,219442_at
6.9573,6.9573,6.4674,219443_at
7.4058,7.4058,7.029,219444_at
5.7906,5.7906,5.9959,219446_at
6.2014,6.2014,6.8749,219447_s_at
7.3797,7.3797,6.532,219448_at
9.9526,9.9526,9.8833,219449_s_at
5.5406,5.5406,5.2005,219450_at
6.5799,6.5799,4.6978,219451_at
5.3757,5.3757,4.2177,219452_at
8.1072,8.1072,7.8864,219453_at
5.3155,5.3155,5.4048,219454_at
4.4406,4.4406,4.3032,219455_at
4.239,4.239,4.2178,219456_s_at
4.3866,4.3866,4.2539,219457_s_at
7.137,7.137,7.2402,219458_s_at
6.4123,6.4123,5.6124,219462_at
6.1897,6.1897,9.7022,219463_at
5.1485,5.1485,5.1252,219465_at
4.2391,4.2391,4.2179,219466_s_at
5.9331,5.9331,6.236,219467_at
4.4481,4.4481,4.218,219468_s_at
5.9511,5.9511,6.2569,219469_at
5.2715,5.2715,5.5267,219470_x_at
10.5236,10.5236,12.4428,219471_at
6.3132,6.3132,6.0618,219472_at
6.0963,6.0963,5.6486,219473_at
7.3571,7.3571,9.3259,219474_at
5.1662,5.1662,4.3122,219475_at
4.4811,4.4811,4.3682,219476_at
7.6081,7.6081,8.1151,219477_s_at
4.2392,4.2392,4.2181,219478_at
4.2925,4.2925,4.2877,219479_at
5.9258,5.9258,5.7906,219480_at
6.7181,6.7181,6.5195,219481_at
7.4453,7.4453,7.1283,219482_at
5.5108,5.5108,6.3016,219483_s_at
8.4702,8.4702,8.2141,219484_at
6.5705,6.5705,6.9544,219486_at
4.6384,4.6384,4.7811,219487_at
4.6993,4.6993,4.9228,219488_at
6.5389,6.5389,5.9111,219489_s_at
6.5602,6.5602,6.8595,219490_s_at
4.5502,4.5502,4.3591,219491_at
8.5713,8.5713,9.0698,219493_at
4.2393,4.2393,4.7726,219494_at
6.2731,6.2731,6.1806,219495_s_at
5.177,5.177,5.8972,219496_at
9.0408,9.0408,6.1557,219497_s_at
9.1222,9.1222,6.1917,219498_s_at
4.2394,4.2394,6.6723,219500_at
5.4774,5.4774,5.8443,219501_at
6.9263,6.9263,6.6945,219502_at
6.1217,6.1217,5.497,219503_s_at
6.2575,6.2575,5.5283,219504_s_at
7.7946,7.7946,9.4222,219505_at
8.1842,8.1842,6.19,219506_at
7.3691,7.3691,7.5116,219507_at
5.2878,5.2878,4.8387,219508_at
5.1825,5.1825,6.5459,219509_at
8.1428,8.1428,9.1371,219510_at
4.4681,4.4681,4.5007,219511_s_at
6.8268,6.8268,6.5913,219512_at
4.3285,4.3285,5.4747,219513_s_at
4.736,4.736,5.1859,219514_at
5.9895,5.9895,5.5704,219516_at
6.122,6.122,8.3469,219517_at
4.2395,4.2395,4.3425,219519_s_at
8.0337,8.0337,8.1287,219520_s_at
4.8517,4.8517,4.2181,219521_at
6.675,6.675,4.8092,219522_at
4.2396,4.2396,4.576,219523_s_at
4.3286,4.3286,5.1746,219524_s_at
4.2396,4.2396,4.5762,219525_at
7.3612,7.3612,7.403,219526_at
4.9651,4.9651,4.2182,219527_at
4.8357,4.8357,4.9468,219528_s_at
4.2397,4.2397,4.2183,219529_at
6.7116,6.7116,6.9447,219530_at
6.6763,6.6763,6.5216,219531_at
4.2398,4.2398,4.2184,219532_at
4.2399,4.2399,4.3592,219533_at
4.6811,4.6811,7.0293,219534_x_at
6.1286,6.1286,6.1453,219535_at
4.4418,4.4418,4.3743,219536_s_at
5.1782,5.1782,5.0161,219537_x_at
5.5283,5.5283,5.5739,219538_at
5.6387,5.6387,5.6671,219539_at
6.8474,6.8474,6.8141,219540_at
4.8162,4.8162,5.6791,219541_at
6.2838,6.2838,6.6531,219542_at
6.6106,6.6106,6.2617,219543_at
7.162,7.162,7.4781,219544_at
4.3473,4.3473,4.2951,219545_at
7.6943,7.6943,6.7512,219546_at
7.3071,7.3071,8.3527,219547_at
7.273,7.273,7.545,219548_at
9.2963,9.2963,9.7031,219549_s_at
4.24,4.24,4.2672,219550_at
8.455,8.455,9.8732,219551_at
4.6012,4.6012,4.7514,219552_at
7.0027,7.0027,7.0641,219553_at
4.2401,4.2401,4.2185,219554_at
10.8477,10.8477,11.3744,219555_s_at
6.1328,6.1328,7.2605,219556_at
6.6494,6.6494,7.3514,219557_s_at
6.366,6.366,6.8306,219558_at
7.2189,7.2189,7.7266,219559_at
5.891,5.891,5.1074,219560_at
5.3968,5.3968,4.864,219561_at
6.3733,6.3733,4.741,219562_at
12.4647,12.4647,10.7334,219563_at
4.2402,4.2402,4.5883,219564_at
6.3804,6.3804,6.7421,219565_at
4.3012,4.3012,4.4758,219566_at
5.6349,5.6349,5.5971,219567_s_at
4.5467,4.5467,4.3567,219568_x_at
5.4066,5.4066,5.8816,219569_s_at
6.149,6.149,4.713,219570_at
8.7264,8.7264,7.6978,219571_s_at
4.3788,4.3788,4.9594,219572_at
5.0197,5.0197,4.2185,219574_at
9.2214,9.2214,9.0229,219575_s_at
6.5925,6.5925,6.3364,219576_at
7.0711,7.0711,8.6791,219577_s_at
4.4569,4.4569,4.4507,219578_s_at
6.0334,6.0334,6.3957,219579_at
4.2403,4.2403,4.7243,219580_s_at
8.9581,8.9581,8.7717,219582_at
5.0552,5.0552,4.8164,219583_s_at
4.2404,4.2404,4.2186,219584_at
4.6326,4.6326,4.2187,219585_at
4.7859,4.7859,4.2771,219586_at
4.2405,4.2405,4.2188,219587_at
5.9085,5.9085,4.5912,219589_s_at
9.5107,9.5107,9.8485,219590_x_at
4.8199,4.8199,6.3013,219591_at
4.2877,4.2877,4.2189,219592_at
4.4262,4.4262,4.2974,219593_at
6.8436,6.8436,6.8717,219594_at
9.2065,9.2065,8.7248,219595_at
4.2406,4.2406,5.3971,219597_s_at
11.3502,11.3502,11.1986,219598_s_at
8.0625,8.0625,8.8401,219599_at
7.0353,7.0353,7.3595,219600_s_at
4.2407,4.2407,4.3655,219601_s_at
5.6895,5.6895,5.3995,219602_s_at
7.6932,7.6932,7.5528,219603_s_at
4.8256,4.8256,5.3125,219604_s_at
4.2407,4.2407,4.6552,219605_at
4.8568,4.8568,5.3103,219606_at
4.4583,4.4583,5.1383,219607_s_at
5.2343,5.2343,4.3139,219608_s_at
4.6243,4.6243,5.118,219609_at
5.6675,5.6675,5.2708,219610_at
6.5529,6.5529,7.6108,219611_s_at
4.2408,4.2408,5.1254,219612_s_at
6.9266,6.9266,7.1905,219613_s_at
4.2409,4.2409,4.8208,219614_s_at
4.9189,4.9189,4.2863,219615_s_at
5.5769,5.5769,5.4488,219616_at
5.2364,5.2364,4.7466,219617_at
7.1343,7.1343,6.6923,219618_at
4.241,4.241,4.2189,219619_at
5.6299,5.6299,6.0099,219620_x_at
5.7519,5.7519,5.3696,219621_at
6.0358,6.0358,7.164,219622_at
6.8621,6.8621,6.9108,219624_at
7.9585,7.9585,8.5615,219625_s_at
6.9496,6.9496,7.2168,219626_at
7.2709,7.2709,6.4627,219627_at
4.7778,4.7778,5.8656,219628_at
5.8554,5.8554,6.3207,219629_at
5.4335,5.4335,5.8705,219630_at
4.8472,4.8472,4.219,219631_at
5.2672,5.2672,5.1808,219632_s_at
6.2769,6.2769,6.7023,219633_at
10.4473,10.4473,9.5591,219634_at
6.8392,6.8392,6.5323,219635_at
4.2926,4.2926,4.2191,219636_s_at
4.5745,4.5745,4.2635,219637_at
4.2411,4.2411,4.8649,219638_at
10.6964,10.6964,9.7192,219639_x_at
7.0658,7.0658,6.3877,219641_at
4.2412,4.2412,4.8827,219642_s_at
4.2413,4.2413,4.2192,219643_at
5.1456,5.1456,5.0511,219645_at
6.7747,6.7747,8.9413,219646_at
4.7542,4.7542,5.1874,219647_at
7.8942,7.8942,7.1515,219648_at
8.1709,8.1709,8.4545,219649_at
6.455,6.455,5.4575,219651_at
4.2414,4.2414,4.4009,219652_s_at
5.1808,5.1808,6.1033,219653_at
4.299,4.299,4.2193,219655_at
4.4667,4.4667,4.3594,219656_at
7.5919,7.5919,6.0253,219657_s_at
5.3174,5.3174,5.216,219658_at
5.8415,5.8415,4.2193,219659_at
5.9154,5.9154,4.9336,219660_s_at
4.5521,4.5521,5.6067,219661_at
5.9334,5.9334,6.1289,219662_at
5.9938,5.9938,5.7791,219663_s_at
6.1753,6.1753,5.5156,219665_at
5.6228,5.6228,6.0377,219666_at
8.1937,8.1937,8.0763,219667_s_at
4.988,4.988,4.4246,219668_at
5.5022,5.5022,6.3288,219669_at
7.5735,7.5735,6.9811,219670_at
5.4411,5.4411,5.3062,219671_at
4.9758,4.9758,5.2938,219672_at
8.3131,8.3131,8.3847,219673_at
4.9224,4.9224,5.5571,219674_s_at
9.4907,9.4907,9.0584,219675_s_at
7.5069,7.5069,6.6899,219676_at
5.6726,5.6726,6.0366,219677_at
10.4485,10.4485,10.3319,219678_x_at
7.8668,7.8668,8.691,219679_s_at
7.5856,7.5856,6.9854,219680_at
7.2073,7.2073,9.4672,219681_s_at
4.3287,4.3287,4.2194,219682_s_at
4.8074,4.8074,4.2195,219683_at
5.4231,5.4231,5.9355,219684_at
5.4902,5.4902,5.1986,219685_at
8.8619,8.8619,6.0347,219686_at
6.8602,6.8602,5.9038,219687_at
4.9338,4.9338,4.9831,219688_at
5.2914,5.2914,5.0755,219689_at
6.7054,6.7054,7.7425,219690_at
5.5672,5.5672,5.0633,219691_at
6.2637,6.2637,6.9778,219692_at
5.4328,5.4328,5.4929,219693_at
6.5099,6.5099,4.8814,219694_at
5.2351,5.2351,5.8397,219695_at
7.2629,7.2629,7.0777,219696_at
4.9162,4.9162,5.8415,219697_at
6.4085,6.4085,6.4109,219698_s_at
5.6754,5.6754,4.2922,219699_at
6.2207,6.2207,5.3676,219700_at
4.2415,4.2415,4.2196,219701_at
5.3568,5.3568,5.898,219702_at
8.059,8.059,8.3263,219703_at
4.9401,4.9401,5.5543,219704_at
5.018,5.018,6.5362,219705_at
7.408,7.408,7.3557,219706_at
6.6188,6.6188,7.4015,219707_at
6.0906,6.0906,5.3535,219708_at
6.4428,6.4428,7.9366,219709_x_at
4.2415,4.2415,4.7388,219710_at
4.6386,4.6386,4.5904,219712_s_at
6.8783,6.8783,7.5777,219713_at
4.3029,4.3029,4.2197,219714_s_at
7.8523,7.8523,8.4584,219715_s_at
6.4074,6.4074,4.4586,219716_at
8.7912,8.7912,8.4313,219717_at
5.7529,5.7529,7.1384,219718_at
4.5679,4.5679,4.5026,219719_at
5.9363,5.9363,5.5732,219720_s_at
4.2416,4.2416,4.3097,219721_at
6.6824,6.6824,6.0231,219722_s_at
5.0237,5.0237,5.0696,219723_x_at
5.043,5.043,5.4808,219724_s_at
4.395,4.395,4.5988,219725_at
5.0479,5.0479,5.1498,219726_at
4.2417,4.2417,4.6467,219727_at
4.2418,4.2418,4.2198,219728_at
4.845,4.845,6.575,219729_at
4.2419,4.2419,4.2198,219730_at
6.2589,6.2589,6.3995,219731_at
5.782,5.782,6.3271,219732_at
5.9088,5.9088,6.2276,219733_s_at
7.0425,7.0425,7.0781,219734_at
6.1123,6.1123,6.2697,219735_s_at
4.7273,4.7273,4.3225,219736_at
7.8245,7.8245,10.7417,219737_s_at
4.5523,4.5523,5.5244,219738_s_at
6.19,6.19,5.4577,219739_at
5.6606,5.6606,5.4274,219740_at
5.4573,5.4573,6.0413,219741_x_at
5.2422,5.2422,5.1168,219743_at
4.631,4.631,4.739,219744_at
5.3008,5.3008,5.2832,219745_at
5.6325,5.6325,6.5756,219746_at
5.216,5.216,5.9344,219747_at
4.3093,4.3093,5.3635,219748_at
5.335,5.335,4.5772,219749_at
4.6945,4.6945,4.6048,219750_at
4.9487,4.9487,6.4491,219751_at
6.6455,6.6455,8.8887,219752_at
9.0584,9.0584,7.0448,219753_at
6.0024,6.0024,5.3479,219754_at
5.3779,5.3779,5.3759,219755_at
5.1326,5.1326,4.5729,219756_s_at
6.9392,6.9392,6.737,219757_s_at
9.5647,9.5647,7.8346,219759_at
5.8834,5.8834,6.4645,219760_at
5.107,5.107,6.1644,219761_at
13.7837,13.7837,13.3412,219762_s_at
5.0274,5.0274,5.3405,219764_at
7.533,7.533,7.0495,219765_at
6.068,6.068,6.7131,219766_at
7.2387,7.2387,6.248,219767_s_at
4.242,4.242,4.2199,219768_at
4.3932,4.3932,5.2736,219769_at
5.5126,5.5126,5.5765,219771_at
4.2421,4.2421,4.42,219772_s_at
4.2422,4.2422,5.2199,219773_at
7.8022,7.8022,9.1235,219774_at
4.4082,4.4082,4.551,219775_s_at
4.4889,4.4889,4.4084,219776_s_at
5.424,5.424,4.768,219777_at
4.8657,4.8657,4.3568,219778_at
5.6415,5.6415,5.9135,219779_at
4.2423,4.2423,4.4053,219780_at
6.3675,6.3675,6.3868,219781_s_at
4.7258,4.7258,4.22,219782_s_at
4.4469,4.4469,5.5097,219783_at
6.7389,6.7389,6.6738,219784_at
6.6831,6.6831,6.8986,219785_s_at
4.8409,4.8409,6.3063,219786_at
7.8587,7.8587,7.8767,219787_s_at
5.2345,5.2345,4.8642,219788_at
4.9423,4.9423,4.4352,219789_at
4.343,4.343,4.2201,219790_s_at
4.2424,4.2424,4.2202,219791_s_at
5.5693,5.5693,5.3803,219792_at
5.5681,5.5681,4.8112,219793_at
5.1115,5.1115,5.3286,219794_at
4.4559,4.4559,4.7286,219795_at
4.2425,4.2425,4.2822,219796_s_at
5.1248,5.1248,5.3883,219797_at
8.7728,8.7728,8.2749,219798_s_at
5.707,5.707,4.6663,219799_s_at
4.2426,4.2426,4.2202,219800_s_at
5.9455,5.9455,7.3843,219801_at
6.343,6.343,7.0468,219802_at
4.2427,4.2427,4.8367,219803_at
4.2428,4.2428,4.5175,219804_at
6.2711,6.2711,5.8039,219805_at
7.5957,7.5957,7.4137,219806_s_at
7.2216,7.2216,8.4525,219807_x_at
4.7806,4.7806,5.8446,219808_at
7.4468,7.4468,7.6736,219809_at
7.2302,7.2302,7.01,219810_at
6.1397,6.1397,5.0917,219811_at
7.1401,7.1401,6.6017,219812_at
5.2024,5.2024,5.1242,219813_at
6.7653,6.7653,6.4518,219814_at
7.6866,7.6866,6.8838,219815_at
9.1885,9.1885,9.5176,219816_s_at
7.6774,7.6774,7.9807,219817_at
6.7684,6.7684,6.9289,219818_s_at
6.4961,6.4961,6.5347,219819_s_at
6.715,6.715,4.2203,219820_at
6.9503,6.9503,6.7399,219822_at
4.9998,4.9998,5.077,219823_at
4.4483,4.4483,4.3549,219824_at
4.2429,4.2429,4.2746,219825_at
7.0376,7.0376,6.6467,219826_at
5.1636,5.1636,5.9828,219827_at
7.5716,7.5716,8.1628,219828_at
4.8581,4.8581,4.9444,219829_at
4.5376,4.5376,4.8541,219830_at
4.3241,4.3241,5.0261,219831_at
4.4351,4.4351,5.4846,219832_s_at
8.3446,8.3446,7.5315,219833_s_at
5.2816,5.2816,4.5451,219834_at
4.2429,4.2429,4.2204,219835_at
4.9131,4.9131,5.0834,219836_at
4.6032,4.6032,4.5731,219837_s_at
6.1945,6.1945,5.8413,219838_at
5.0921,5.0921,4.4483,219839_x_at
5.6292,5.6292,6.7634,219840_s_at
4.243,4.243,5.0078,219841_at
4.3058,4.3058,4.5125,219842_at
5.6491,5.6491,6.6574,219843_at
7.1949,7.1949,5.871,219844_at
4.2431,4.2431,5.6264,219845_at
6.4473,6.4473,5.6776,219846_at
4.3155,4.3155,4.5432,219847_at
9.7363,9.7363,8.6212,219848_s_at
6.1359,6.1359,7.0205,219849_at
4.2432,4.2432,4.4115,219850_s_at
4.2433,4.2433,4.761,219851_at
4.4863,4.4863,4.2205,219852_s_at
4.2434,4.2434,4.2206,219853_at
8.4692,8.4692,6.8138,219854_at
8.6786,8.6786,7.113,219855_at
4.2435,4.2435,4.2563,219856_at
4.2436,4.2436,4.5855,219857_at
5.2493,5.2493,4.2207,219858_s_at
5.3416,5.3416,4.2673,219859_at
5.9663,5.9663,5.6747,219860_at
5.7502,5.7502,5.7181,219861_at
9.7287,9.7287,12.0338,219862_s_at
9.8384,9.8384,10.324,219863_at
4.2437,4.2437,5.0624,219864_s_at
4.7932,4.7932,4.8406,219865_at
6.7042,6.7042,6.35,219866_at
4.3624,4.3624,4.5572,219867_at
5.8072,5.8072,5.715,219868_s_at
6.3117,6.3117,6.8528,219869_s_at
8.1726,8.1726,6.8566,219870_at
5.8674,5.8674,4.2207,219871_at
4.7096,4.7096,4.2208,219872_at
4.759,4.759,4.8166,219873_at
4.5631,4.5631,5.9127,219874_at
4.5452,4.5452,4.8072,219875_s_at
6.8074,6.8074,6.8483,219876_s_at
4.3166,4.3166,4.3402,219877_at
9.1036,9.1036,9.3054,219878_s_at
6.3228,6.3228,5.3301,219879_s_at
7.2838,7.2838,6.168,219880_at
4.4614,4.4614,5.2661,219881_s_at
4.409,4.409,5.2663,219882_at
5.2275,5.2275,6.0723,219883_at
6.4509,6.4509,5.5683,219884_at
5.6062,5.6062,6.2766,219885_at
7.5205,7.5205,7.3709,219886_at
5.5464,5.5464,5.9817,219887_at
7.9644,7.9644,7.918,219889_at
4.6762,4.6762,5.6615,219890_at
6.2981,6.2981,5.9652,219891_at
6.3198,6.3198,7.5135,219892_at
6.0669,6.0669,6.7367,219893_at
4.4694,4.4694,4.7984,219894_at
4.2438,4.2438,4.5311,219895_at
4.2439,4.2439,4.2209,219896_at
7.8265,7.8265,7.6407,219897_at
4.244,4.244,4.605,219898_at
4.2441,4.2441,4.3708,219899_x_at
7.2928,7.2928,5.5429,219900_s_at
6.132,6.132,6.0355,219901_at
4.2442,4.2442,5.2122,219902_at
4.2443,4.2443,4.254,219903_s_at
6.209,6.209,5.9509,219904_at
6.4138,6.4138,4.9906,219905_at
8.287,8.287,7.3769,219906_at
5.9978,5.9978,6.3233,219907_at
4.2444,4.2444,4.221,219908_at
6.7302,6.7302,4.2211,219909_at
6.7471,6.7471,7.0133,219910_at
6.0067,6.0067,6.7299,219911_s_at
4.9037,4.9037,5.2371,219912_s_at
6.8628,6.8628,6.8928,219913_s_at
4.2445,4.2445,4.475,219914_at
4.2445,4.2445,4.2212,219915_s_at
6.3271,6.3271,4.3745,219916_s_at
5.2218,5.2218,6.2827,219917_at
9.4229,9.4229,9.7141,219918_s_at
4.4408,4.4408,4.2962,219919_s_at
7.6156,7.6156,7.1572,219920_s_at
4.2446,4.2446,5.7014,219921_s_at
8.6402,8.6402,7.3535,219922_s_at
6.4875,6.4875,6.6543,219923_at
4.5367,4.5367,5.8188,219924_s_at
5.6233,5.6233,6.1686,219925_at
4.2447,4.2447,5.2614,219926_at
4.2448,4.2448,4.2212,219927_at
5.3238,5.3238,6.0634,219928_s_at
4.5793,4.5793,5.039,219929_s_at
5.7442,5.7442,4.2697,219930_at
6.2824,6.2824,6.5314,219931_s_at
4.5912,4.5912,4.732,219932_at
6.9382,6.9382,7.7803,219933_at
4.6854,4.6854,4.6907,219934_s_at
5.0717,5.0717,5.2422,219935_at
4.2449,4.2449,4.2213,219936_s_at
4.5217,4.5217,4.8215,219937_at
5.5981,5.5981,5.4972,219938_s_at
12.4774,12.4774,11.9082,219939_s_at
8.0932,8.0932,8.5415,219940_s_at
5.2706,5.2706,5.6917,219941_at
4.245,4.245,4.2214,219942_at
4.6781,4.6781,4.3081,219943_s_at
5.3148,5.3148,4.947,219944_at
4.4471,4.4471,5.3303,219945_at
5.9447,5.9447,7.3022,219946_x_at
6.0072,6.0072,5.4763,219947_at
4.2451,4.2451,4.4018,219948_x_at
4.7791,4.7791,4.872,219949_at
5.6508,5.6508,6.4994,219950_s_at
6.3625,6.3625,6.8815,219951_s_at
6.3347,6.3347,7.1481,219953_s_at
5.0171,5.0171,4.5177,219954_s_at
4.5114,4.5114,4.7544,219955_at
4.9148,4.9148,5.9801,219956_at
8.6024,8.6024,7.8293,219957_at
5.7618,5.7618,5.6584,219958_at
4.9066,4.9066,5.053,219959_at
7.5054,7.5054,7.5546,219960_s_at
7.6407,7.6407,7.4529,219961_s_at
4.6711,4.6711,4.2215,219962_at
6.1322,6.1322,6.4071,219963_at
4.8459,4.8459,4.2216,219964_at
4.4092,4.4092,4.8287,219965_s_at
9.3478,9.3478,10.1451,219966_x_at
5.722,5.722,6.2363,219967_at
5.7611,5.7611,5.5811,219969_at
4.2452,4.2452,4.737,219970_at
4.2453,4.2453,4.7288,219971_at
6.2898,6.2898,5.3292,219972_s_at
4.6521,4.6521,4.9573,219973_at
6.4833,6.4833,7.5976,219974_x_at
5.0013,5.0013,4.8315,219975_x_at
5.3944,5.3944,5.1182,219976_at
6.5581,6.5581,6.3916,219977_at
10.0471,10.0471,10.4803,219978_s_at
6.5371,6.5371,6.9739,219979_s_at
5.8392,5.8392,5.1876,219980_at
9.6338,9.6338,8.9631,219981_x_at
6.7935,6.7935,6.4464,219982_s_at
4.2454,4.2454,4.7874,219983_at
4.4213,4.4213,4.2216,219984_s_at
4.731,4.731,4.2217,219985_at
7.0084,7.0084,6.9768,219986_s_at
4.3832,4.3832,4.2878,219987_at
8.6679,8.6679,9.0838,219988_s_at
4.2455,4.2455,4.2218,219989_s_at
9.0793,9.0793,10.6869,219990_at
6.5614,6.5614,6.9538,219991_at
6.7255,6.7255,6.5998,219992_at
5.1746,5.1746,5.1464,219993_at
6.4132,6.4132,6.8014,219994_at
4.8287,4.8287,4.401,219995_s_at
6.9768,6.9768,6.968,219996_at
7.7823,7.7823,8.4274,219997_s_at
4.2456,4.2456,5.1159,219998_at
8.2018,8.2018,7.569,219999_at
4.9057,4.9057,5.7953,220000_at
5.332,5.332,5.9363,220001_at
4.3777,4.3777,4.3245,220002_at
5.1225,5.1225,4.2219,220003_at
4.2457,4.2457,4.7741,220004_at
4.2458,4.2458,4.222,220005_at
4.5454,4.5454,4.2221,220006_at
5.1534,5.1534,4.2221,220007_at
4.6634,4.6634,4.6092,220008_at
5.6083,5.6083,6.3683,220009_at
4.3889,4.3889,4.329,220010_at
6.985,6.985,7.1137,220011_at
8.5268,8.5268,7.0891,220012_at
4.2459,4.2459,4.7574,220013_at
4.2459,4.2459,4.2222,220014_at
7.9242,7.9242,8.1212,220015_at
4.477,4.477,4.2223,220016_at
4.7323,4.7323,6.0685,220017_x_at
8.004,8.004,7.4112,220018_at
6.1035,6.1035,6.0061,220019_s_at
5.6786,5.6786,5.5074,220020_at
4.4276,4.4276,5.0781,220021_at
4.246,4.246,4.4365,220022_at
4.4501,4.4501,4.2224,220023_at
5.2659,5.2659,6.8867,220024_s_at
4.862,4.862,4.7952,220025_at
4.2461,4.2461,4.2225,220026_at
4.3595,4.3595,5.4797,220027_s_at
6.6216,6.6216,6.9838,220028_at
5.4435,5.4435,4.8448,220029_at
4.2462,4.2462,4.2226,220030_at
4.2463,4.2463,4.3151,220031_at
5.6912,5.6912,5.8941,220032_at
6.2755,6.2755,6.8899,220033_at
6.9593,6.9593,5.2953,220034_at
6.4895,6.4895,8.0733,220035_at
8.5884,8.5884,8.3216,220036_s_at
4.2464,4.2464,4.2227,220037_s_at
5.0125,5.0125,4.5914,220038_at
4.4473,4.4473,4.6823,220039_s_at
7.7867,7.7867,7.6096,220040_x_at
5.9247,5.9247,5.7991,220041_at
6.647,6.647,7.3939,220042_x_at
4.2465,4.2465,4.7708,220043_s_at
9.8214,9.8214,8.8689,220044_x_at
4.4603,4.4603,4.5646,220045_at
13.4269,13.4269,13.0423,220046_s_at
5.0222,5.0222,4.4342,220047_at
6.4422,6.4422,6.3459,220048_at
4.2466,4.2466,4.2227,220049_s_at
6.77,6.77,6.4059,220050_at
5.9206,5.9206,6.3283,220051_at
7.3976,7.3976,8.2772,220052_s_at
5.4315,5.4315,5.1481,220053_at
4.5891,4.5891,4.5084,220054_at
4.6954,4.6954,4.2228,220055_at
5.2162,5.2162,4.9297,220056_at
4.2467,4.2467,4.2229,220057_at
5.181,5.181,6.2056,220058_at
7.5631,7.5631,8.7974,220059_at
6.3895,6.3895,6.4401,220060_s_at
5.243,5.243,4.6233,220061_at
4.534,4.534,5.6919,220062_s_at
5.04,5.04,4.9882,220063_at
4.3597,4.3597,4.223,220064_at
4.2468,4.2468,4.2836,220065_at
6.9373,6.9373,6.518,220066_at
5.8572,5.8572,6.1189,220067_at
12.7668,12.7668,11.2946,220068_at
5.8211,5.8211,4.4202,220069_at
5.4889,5.4889,6.3552,220070_at
11.0657,11.0657,10.428,220071_x_at
8.0681,8.0681,7.1434,220072_at
6.2073,6.2073,6.2196,220073_s_at
4.5945,4.5945,4.5098,220074_at
4.2469,4.2469,4.2231,220075_s_at
4.247,4.247,4.3191,220076_at
4.5929,4.5929,4.2795,220077_at
6.824,6.824,7.0708,220078_at
4.2471,4.2471,4.3484,220080_at
7.5058,7.5058,7.713,220081_x_at
6.613,6.613,6.6109,220082_at
5.5667,5.5667,6.1694,220083_x_at
4.4705,4.4705,4.2231,220084_at
8.6991,8.6991,9.3869,220085_at
7.418,7.418,7.4363,220086_at
4.6995,4.6995,5.0263,220087_at
4.4234,4.4234,4.4659,220088_at
5.2961,5.2961,6.1242,220089_at
5.7634,5.7634,5.8633,220090_at
5.1072,5.1072,4.2232,220092_s_at
4.2472,4.2472,4.2233,220093_at
5.7714,5.7714,6.1389,220095_at
6.2723,6.2723,6.0996,220096_at
5.8597,5.8597,6.0126,220097_s_at
4.4093,4.4093,4.2234,220098_at
11.2231,11.2231,11.8529,220099_s_at
4.2473,4.2473,4.2571,220100_at
4.7691,4.7691,5.1244,220101_x_at
4.6714,4.6714,4.2235,220102_at
5.0672,5.0672,4.8766,220103_s_at
9.4845,9.4845,7.9711,220104_at
4.2473,4.2473,4.2236,220105_at
4.4067,4.4067,4.2236,220106_at
4.2474,4.2474,4.7928,220107_s_at
5.0798,5.0798,5.0351,220108_at
4.2475,4.2475,4.2237,220109_at
4.3242,4.3242,4.2238,220110_s_at
5.0438,5.0438,4.4628,220111_s_at
5.3277,5.3277,5.728,220112_at
8.1785,8.1785,7.469,220113_x_at
4.8862,4.8862,5.8173,220114_s_at
5.5024,5.5024,4.8843,220115_s_at
4.2476,4.2476,4.2239,220116_at
4.2477,4.2477,4.224,220117_at
4.2478,4.2478,4.2241,220118_at
4.5008,4.5008,4.3862,220119_at
4.3983,4.3983,4.2241,220120_s_at
4.5585,4.5585,4.987,220121_at
4.2479,4.2479,4.2242,220122_at
5.2832,5.2832,5.3777,220123_at
5.2788,5.2788,5.632,220124_at
4.248,4.248,4.6475,220125_at
4.945,4.945,5.9027,220126_at
6.2437,6.2437,6.7996,220128_s_at
5.6498,5.6498,5.3449,220129_at
4.7835,4.7835,4.9105,220130_x_at
5.6805,5.6805,5.3716,220131_at
6.2239,6.2239,5.9692,220132_s_at
5.3109,5.3109,4.2243,220133_at
5.9692,5.9692,5.5792,220134_x_at
5.8933,5.8933,5.304,220135_s_at
4.2481,4.2481,4.2244,220136_s_at
6.7377,6.7377,6.0751,220137_at
5.9365,5.9365,6.1234,220138_at
4.2482,4.2482,4.879,220139_at
4.5777,4.5777,6.0845,220141_at
5.7991,5.7991,4.4055,220142_at
7.8917,7.8917,7.4424,220143_x_at
4.2483,4.2483,4.2245,220144_s_at
5.1498,5.1498,4.8369,220145_at
4.2484,4.2484,4.2246,220146_at
10.927,10.927,11.686,220147_s_at
6.0442,6.0442,4.8736,220148_at
5.8252,5.8252,5.5672,220149_at
5.9919,5.9919,6.2463,220150_s_at
4.7739,4.7739,4.7234,220151_at
4.2484,4.2484,4.2246,220152_at
4.2485,4.2485,4.5114,220153_at
4.7333,4.7333,4.9923,220154_at
8.669,8.669,8.4816,220155_s_at
4.2486,4.2486,4.5085,220156_at
5.3971,5.3971,5.5432,220157_x_at
5.9755,5.9755,6.3807,220158_at
4.7911,4.7911,5.1362,220159_at
4.889,4.889,5.0131,220162_s_at
4.6124,4.6124,6.2775,220163_s_at
4.2487,4.2487,4.2247,220164_s_at
6.4742,6.4742,6.8618,220165_at
4.5456,4.5456,5.277,220166_at
6.4814,6.4814,5.9636,220167_s_at
4.8964,4.8964,4.7085,220168_at
4.7098,4.7098,4.4951,220169_at
4.2488,4.2488,4.3977,220170_at
5.6028,5.6028,5.0626,220171_x_at
5.3223,5.3223,5.6529,220172_at
6.8873,6.8873,7.2285,220173_at
4.9599,4.9599,5.3327,220174_at
7.6506,7.6506,7.7614,220175_s_at
5.6819,5.6819,5.1012,220176_at
5.1375,5.1375,5.6489,220177_s_at
6.4372,6.4372,6.815,220178_at
4.6359,4.6359,4.2248,220179_at
4.2489,4.2489,4.2249,220180_at
5.477,5.477,6.8471,220181_x_at
5.0541,5.0541,4.8792,220182_at
4.2927,4.2927,4.225,220183_s_at
4.249,4.249,4.2251,220184_at
4.5552,4.5552,4.9364,220185_at
6.1176,6.1176,5.5742,220186_s_at
4.2491,4.2491,4.2251,220187_at
4.2492,4.2492,4.3799,220188_at
7.0587,7.0587,7.0235,220189_s_at
4.8173,4.8173,4.4939,220190_s_at
4.617,4.617,4.649,220191_at
4.8519,4.8519,4.5937,220192_x_at
4.8372,4.8372,5.0853,220193_at
5.4918,5.4918,5.5324,220194_at
5.9674,5.9674,5.3157,220195_at
4.2493,4.2493,4.2252,220196_at
5.4661,5.4661,4.9685,220197_at
5.2366,5.2366,5.1753,220198_s_at
7.1194,7.1194,7.163,220199_s_at
5.9833,5.9833,5.5906,220200_s_at
6.5213,6.5213,6.378,220201_at
6.8008,6.8008,6.5883,220202_s_at
4.3453,4.3453,6.3818,220203_at
4.4191,4.4191,4.3683,220204_s_at
4.49,4.49,4.7262,220205_at
5.3353,5.3353,4.6567,220206_at
6.291,6.291,6.506,220207_at
5.7601,5.7601,4.842,220208_at
4.7117,4.7117,4.4752,220209_at
5.9898,5.9898,5.4265,220210_at
4.4561,4.4561,4.7401,220211_at
7.7052,7.7052,7.3186,220212_s_at
4.4719,4.4719,4.521,220213_at
4.2494,4.2494,4.3346,220214_at
8.425,8.425,7.2049,220215_at
5.4048,5.4048,5.8178,220216_at
6.9889,6.9889,6.2003,220217_x_at
5.0353,5.0353,4.7004,220218_at
6.4985,6.4985,6.5024,220219_s_at
6.1403,6.1403,5.9887,220220_at
6.1787,6.1787,6.4425,220221_at
4.2495,4.2495,4.2253,220222_at
6.9522,6.9522,7.9573,220223_at
5.5209,5.5209,5.4035,220224_at
4.2496,4.2496,4.2254,220225_at
4.6554,4.6554,5.4765,220226_at
5.6579,5.6579,5.6396,220227_at
4.2497,4.2497,4.2255,220228_at
4.2498,4.2498,4.2707,220229_s_at
5.3372,5.3372,5.2177,220230_s_at
4.2499,4.2499,4.6286,220231_at
7.9262,7.9262,7.2917,220232_at
4.25,4.25,4.2256,220233_at
4.2997,4.2997,5.2773,220234_at
5.0372,5.0372,4.7535,220235_s_at
4.9226,4.9226,5.8201,220236_at
5.6892,5.6892,4.4987,220237_at
6.071,6.071,6.4044,220238_s_at
8.1776,8.1776,8.9099,220239_at
4.5139,4.5139,5.8829,220240_s_at
4.9689,4.9689,4.2256,220241_at
6.242,6.242,5.6378,220242_x_at
6.6954,6.6954,6.1372,220243_at
6.3695,6.3695,6.4503,220244_at
4.5669,4.5669,4.6858,220245_at
6.2278,6.2278,6.0085,220246_at
4.5525,4.5525,4.2257,220247_at
9.3025,9.3025,8.7449,220248_x_at
5.2205,5.2205,4.4613,220249_at
5.9075,5.9075,4.4451,220250_at
6.7857,6.7857,7.1548,220251_at
7.1861,7.1861,6.7446,220252_x_at
4.2501,4.2501,4.2258,220253_s_at
4.8892,4.8892,4.2259,220254_at
6.8736,6.8736,7.2764,220255_at
5.2576,5.2576,4.6346,220256_s_at
5.99,5.99,6.4301,220257_x_at
7.601,7.601,7.4554,220258_s_at
4.2502,4.2502,4.2564,220259_at
5.4156,5.4156,4.8335,220260_at
6.4147,6.4147,7.4705,220261_s_at
5.9326,5.9326,4.8378,220262_s_at
5.2377,5.2377,5.857,220263_at
6.3503,6.3503,4.3923,220264_s_at
5.5711,5.5711,4.9846,220265_at
4.4109,4.4109,4.9575,220266_s_at
5.426,5.426,4.5049,220267_at
4.2503,4.2503,4.226,220268_at
4.4151,4.4151,4.3,220269_at
5.447,5.447,5.2311,220270_at
4.3041,4.3041,4.4526,220271_x_at
6.0601,6.0601,6.0828,220272_at
4.2504,4.2504,4.2261,220273_at
4.3908,4.3908,4.2975,220274_at
5.7908,5.7908,6.2185,220275_at
4.2505,4.2505,4.2262,220276_at
6.1142,6.1142,4.6711,220277_at
5.6018,5.6018,5.1961,220278_at
4.4948,4.4948,4.2262,220279_at
5.651,5.651,5.0364,220280_s_at
4.9124,4.9124,4.2263,220281_at
4.4502,4.4502,4.9241,220282_at
5.8313,5.8313,6.4036,220283_at
4.2506,4.2506,4.2264,220284_at
8.3051,8.3051,7.2148,220285_at
5.3206,5.3206,6.0029,220286_at
6.503,6.503,6.7932,220287_at
5.6417,5.6417,5.8336,220288_at
4.2506,4.2506,4.8616,220289_s_at
5.3557,5.3557,4.4033,220290_at
4.5614,4.5614,4.9031,220291_at
4.3612,4.3612,6.1995,220292_at
4.2507,4.2507,4.9436,220293_at
4.2508,4.2508,4.2265,220294_at
5.3772,5.3772,5.4592,220295_x_at
5.413,5.413,4.6645,220296_at
5.2751,5.2751,5.4862,220297_at
4.2509,4.2509,4.311,220298_s_at
5.1019,5.1019,5.7999,220299_at
6.2306,6.2306,5.7442,220300_at
4.251,4.251,4.3604,220301_at
4.2511,4.2511,4.5265,220302_at
5.9535,5.9535,4.8955,220303_at
6.254,6.254,4.6326,220304_s_at
6.4455,6.4455,5.7191,220305_at
5.9879,5.9879,6.3774,220306_at
5.5267,5.5267,5.4223,220307_at
4.7608,4.7608,5.2286,220308_at
4.6523,4.6523,4.2266,220309_at
4.2928,4.2928,4.6909,220310_at
4.2512,4.2512,4.2267,220311_at
4.2513,4.2513,4.2267,220312_at
4.2514,4.2514,4.4853,220313_at
4.3431,4.3431,4.2524,220314_at
4.4967,4.4967,4.8422,220315_at
4.9273,4.9273,4.744,220316_at
4.704,4.704,4.7967,220317_at
4.8504,4.8504,4.2898,220318_at
10.2098,10.2098,10.2239,220319_s_at
6.1582,6.1582,5.4621,220320_at
4.6312,4.6312,4.4989,220321_s_at
4.8239,4.8239,4.7375,220322_at
7.0751,7.0751,6.8992,220323_at
5.6924,5.6924,4.4012,220324_at
5.3839,5.3839,4.9183,220325_at
5.8676,5.8676,5.2407,220326_s_at
4.8894,4.8894,4.6962,220327_at
5.7381,5.7381,6.156,220328_at
5.9463,5.9463,6.1123,220329_s_at
5.5844,5.5844,4.7671,220330_s_at
5.4169,5.4169,6.6393,220331_at
4.3759,4.3759,4.2268,220332_at
4.3649,4.3649,4.3774,220333_at
5.3072,5.3072,5.0513,220334_at
6.3028,6.3028,6.6302,220335_x_at
4.9601,4.9601,5.9447,220336_s_at
4.8289,4.8289,4.2269,220337_at
4.9275,4.9275,4.5529,220338_at
4.5192,4.5192,4.4588,220339_s_at
5.9527,5.9527,5.0188,220340_at
6.2901,6.2901,4.5224,220341_s_at
5.8957,5.8957,5.2563,220342_x_at
5.8775,5.8775,5.7596,220343_at
4.3626,4.3626,4.8063,220344_at
4.5437,4.5437,4.4117,220345_at
5.4395,5.4395,5.8064,220346_at
6.1392,6.1392,6.1714,220347_at
4.6116,4.6116,4.227,220348_at
7.5539,7.5539,6.0784,220349_s_at
4.64,4.64,4.6665,220350_at
4.3909,4.3909,4.6296,220351_at
7.3425,7.3425,6.6651,220352_x_at
4.3738,4.3738,5.16,220353_at
4.2515,4.2515,4.9545,220354_at
8.9467,8.9467,8.9823,220355_s_at
4.4905,4.4905,4.2271,220356_at
6.5063,6.5063,6.4562,220357_s_at
4.8123,4.8123,5.7916,220358_at
8.5978,8.5978,6.958,220359_s_at
4.2516,4.2516,4.5367,220360_at
4.2517,4.2517,4.2271,220361_at
4.4339,4.4339,4.4891,220362_at
4.2518,4.2518,4.477,220363_s_at
4.5042,4.5042,4.314,220364_at
5.298,5.298,5.4878,220365_at
6.3219,6.3219,6.5632,220366_at
8.9842,8.9842,10.0701,220367_s_at
8.1248,8.1248,7.6575,220368_s_at
7.3461,7.3461,6.71,220369_at
6.9942,6.9942,6.8414,220370_s_at
7.5168,7.5168,6.9321,220371_s_at
4.6207,4.6207,4.2272,220372_at
4.2519,4.2519,4.2273,220373_at
6.378,6.378,6.1325,220374_at
7.2484,7.2484,7.3208,220375_s_at
4.5082,4.5082,4.4734,220376_at
10.3515,10.3515,8.9419,220377_at
4.8398,4.8398,5.3931,220378_at
5.5061,5.5061,5.1492,220379_at
4.9425,4.9425,4.7769,220380_at
4.8916,4.8916,4.6911,220381_at
4.252,4.252,4.8738,220382_s_at
4.2521,4.2521,4.2274,220383_at
4.2522,4.2522,4.2275,220384_at
4.2523,4.2523,4.2276,220385_at
5.7344,5.7344,6.0677,220386_s_at
5.1772,5.1772,5.5172,220387_s_at
4.8535,4.8535,4.3011,220388_at
7.4242,7.4242,7.679,220389_at
5.2859,5.2859,5.8328,220390_at
4.2524,4.2524,4.9696,220391_at
4.3483,4.3483,4.2277,220392_at
4.6636,4.6636,4.2278,220393_at
5.0598,5.0598,4.2278,220394_at
6.9282,6.9282,7.136,220395_at
4.6314,4.6314,4.9908,220396_at
6.2609,6.2609,7.3193,220397_at
6.4221,6.4221,6.4964,220398_at
5.2452,5.2452,5.5545,220399_at
5.8557,5.8557,5.3805,220400_at
4.9908,4.9908,4.8149,220401_at
4.3135,4.3135,4.2279,220402_at
4.2525,4.2525,4.4316,220403_s_at
5.6351,5.6351,5.4579,220404_at
4.9979,4.9979,5.0398,220405_at
5.5081,5.5081,5.0013,220406_at
5.2895,5.2895,5.0573,220407_s_at
7.5825,7.5825,7.7176,220408_x_at
4.2526,4.2526,4.6,220409_at
4.2527,4.2527,6.5811,220410_s_at
7.3408,7.3408,6.5538,220411_x_at
5.8661,5.8661,4.51,220412_x_at
4.4891,4.4891,4.7066,220413_at
4.2528,4.2528,4.228,220414_at
4.8112,4.8112,4.2636,220415_at
4.7199,4.7199,4.7392,220416_at
8.6567,8.6567,8.0893,220417_s_at
4.2529,4.2529,4.2281,220418_at
9.241,9.241,8.6313,220419_s_at
5.0312,5.0312,4.6018,220420_at
4.253,4.253,4.2855,220421_at
4.5809,4.5809,5.0741,220422_at
4.3455,4.3455,4.3837,220423_at
4.2531,4.2531,4.2282,220424_at
5.4455,5.4455,4.9312,220425_x_at
4.4128,4.4128,4.3471,220426_at
4.2532,4.2532,4.2283,220427_at
4.2532,4.2532,5.3008,220428_at
4.2533,4.2533,4.2283,220429_at
5.2916,5.2916,5.5716,220430_at
4.2534,4.2534,4.3523,220431_at
4.2535,4.2535,4.4925,220432_s_at
5.3716,5.3716,5.1216,220433_at
4.6935,4.6935,4.2837,220434_at
4.2536,4.2536,4.8768,220435_at
5.4595,5.4595,4.6807,220436_at
4.3728,4.3728,4.2284,220437_at
4.6485,4.6485,4.4966,220438_at
5.2835,5.2835,6.0941,220439_at
4.828,4.828,4.4248,220440_at
5.4234,5.4234,5.9323,220441_at
4.2537,4.2537,4.7893,220442_at
5.6854,5.6854,5.8105,220443_s_at
4.2538,4.2538,4.2285,220444_at
4.2539,4.2539,4.2286,220445_s_at
5.5304,5.5304,6.5898,220446_s_at
4.254,4.254,4.2287,220447_at
5.5591,5.5591,6.5102,220448_at
5.4033,5.4033,6.5395,220449_at
9.5199,9.5199,7.103,220450_at
6.1504,6.1504,6.0185,220451_s_at
7.5938,7.5938,7.5675,220452_x_at
5.1127,5.1127,6.0555,220453_at
6.7057,6.7057,5.4167,220454_s_at
5.4729,5.4729,4.5785,220455_at
4.3688,4.3688,5.1475,220456_at
4.2541,4.2541,4.2288,220457_at
6.0672,6.0672,6.1627,220458_at
5.1021,5.1021,5.0894,220459_at
5.0898,5.0898,5.6944,220460_at
4.2542,4.2542,4.2289,220461_at
4.2543,4.2543,4.2289,220462_at
6.1325,6.1325,6.0704,220463_at
6.0927,6.0927,4.7038,220464_at
7.011,7.011,7.2237,220465_at
5.9493,5.9493,5.3388,220466_at
5.7033,5.7033,6.3042,220467_at
4.8483,4.8483,4.229,220468_at
6.3904,6.3904,6.0666,220469_at
4.9789,4.9789,4.2291,220470_at
4.2544,4.2544,4.2626,220471_s_at
4.2545,4.2545,4.2292,220472_at
4.5795,4.5795,5.2502,220473_s_at
4.2546,4.2546,4.2293,220474_at
5.7126,5.7126,6.0508,220475_at
4.5103,4.5103,4.7761,220476_s_at
7.6051,7.6051,7.8101,220477_s_at
4.2547,4.2547,4.3176,220478_at
4.7079,4.7079,4.7468,220479_at
4.8781,4.8781,4.2294,220480_at
5.7885,5.7885,5.2918,220481_at
6.1837,6.1837,5.7709,220482_s_at
7.1221,7.1221,6.7212,220483_s_at
4.2548,4.2548,4.2295,220484_at
4.2549,4.2549,4.2856,220485_s_at
7.8382,7.8382,8.3551,220486_x_at
4.255,4.255,4.2759,220487_at
6.5995,6.5995,6.3945,220488_s_at
5.1617,5.1617,4.9776,220489_s_at
5.1286,5.1286,5.4103,220490_at
6.6249,6.6249,6.5901,220491_at
4.2551,4.2551,4.2295,220492_s_at
4.6294,4.6294,5.2476,220493_at
7.3482,7.3482,6.4665,220494_s_at
7.9611,7.9611,7.6943,220495_s_at
5.492,5.492,5.7571,220496_at
4.8015,4.8015,4.7945,220497_at
4.4372,4.4372,4.3111,220498_at
4.2552,4.2552,4.2796,220499_at
6.2924,6.2924,6.5245,220500_s_at
4.2553,4.2553,4.2296,220501_at
4.5141,4.5141,4.7019,220502_s_at
4.7227,4.7227,4.2964,220503_at
4.2554,4.2554,5.2672,220504_at
4.2555,4.2555,4.3698,220505_at
4.2556,4.2556,4.476,220506_at
4.2557,4.2557,4.3569,220507_s_at
4.411,4.411,4.747,220508_at
5.7334,5.7334,5.9871,220509_at
4.884,4.884,4.7021,220510_at
5.3984,5.3984,6.122,220511_s_at
5.8016,5.8016,5.2224,220512_at
4.9623,4.9623,5.6861,220513_at
4.2558,4.2558,5.2377,220514_at
4.2958,4.2958,4.5296,220515_at
7.5645,7.5645,6.5389,220516_at
5.7696,5.7696,5.5047,220517_at
4.2559,4.2559,4.6454,220518_at
4.5142,4.5142,5.215,220519_s_at
4.8217,4.8217,4.2297,220520_s_at
6.9315,6.9315,7.0601,220521_s_at
4.7162,4.7162,4.3192,220522_at
4.8304,4.8304,4.5606,220523_at
5.7664,5.7664,5.8636,220524_at
9.4141,9.4141,10.2458,220525_s_at
9.1358,9.1358,9.8421,220526_s_at
4.256,4.256,4.4807,220527_at
5.1151,5.1151,4.5894,220528_at
7.3993,7.3993,7.409,220529_at
4.7524,4.7524,4.2298,220530_at
4.2561,4.2561,4.2299,220531_at
4.2562,4.2562,4.5531,220532_s_at
5.1513,5.1513,5.288,220533_at
5.1774,5.1774,5.9723,220534_at
4.3167,4.3167,4.2952,220535_at
5.4586,5.4586,5.3761,220536_at
5.0741,5.0741,5.3818,220537_at
5.9064,5.9064,6.7841,220538_at
4.4865,4.4865,4.23,220539_at
4.6619,4.6619,4.23,220540_at
5.8029,5.8029,5.813,220541_at
5.3079,5.3079,5.6685,220542_s_at
5.0842,5.0842,5.4026,220543_at
5.3374,5.3374,4.8535,220544_at
4.7765,4.7765,5.5515,220545_s_at
7.2758,7.2758,5.4395,220546_at
10.0977,10.0977,10.468,220547_s_at
4.5044,4.5044,4.2582,220548_at
5.3822,5.3822,5.0235,220549_at
4.4969,4.4969,4.6431,220550_at
5.0486,5.0486,4.4204,220551_at
4.7935,4.7935,4.2301,220552_at
7.0884,7.0884,6.9405,220553_s_at
5.357,5.357,5.7445,220554_at
5.9992,5.9992,5.1256,220555_s_at
4.7971,4.7971,4.7969,220556_at
5.879,5.879,4.4784,220557_s_at
6.2366,6.2366,6.9295,220558_x_at
5.039,5.039,4.5885,220559_at
5.1195,5.1195,5.8899,220560_at
4.5173,4.5173,4.3938,220561_at
5.2514,5.2514,4.7223,220562_at
5.5993,5.5993,5.9769,220563_s_at
5.3486,5.3486,4.5832,220564_at
6.3207,6.3207,5.0154,220565_at
6.5281,6.5281,6.7305,220566_at
4.2563,4.2563,4.3403,220567_at
4.2564,4.2564,4.2302,220568_at
5.0086,5.0086,4.6298,220569_at
4.2565,4.2565,5.2717,220570_at
6.1223,6.1223,6.2804,220571_at
5.4444,5.4444,4.9051,220572_at
4.2566,4.2566,4.2303,220573_at
6.2795,6.2795,5.7918,220574_at
5.5434,5.5434,6.2323,220575_at
6.9276,6.9276,4.3493,220576_at
5.8646,5.8646,4.8393,220577_at
5.8528,5.8528,6.362,220578_at
4.2566,4.2566,4.2304,220579_at
5.8788,5.8788,5.5932,220580_at
6.0754,6.0754,4.7435,220581_at
5.596,5.596,4.9075,220582_at
5.1259,5.1259,5.2781,220583_at
4.3042,4.3042,4.4056,220584_at
4.2567,4.2567,4.2305,220585_at
5.0995,5.0995,5.6458,220586_at
7.7183,7.7183,7.2182,220587_s_at
7.6843,7.6843,7.6578,220588_at
4.3613,4.3613,4.499,220589_s_at
5.8666,5.8666,5.9216,220590_at
5.7662,5.7662,5.3997,220591_s_at
5.3111,5.3111,6.4802,220592_at
4.5305,4.5305,5.7983,220593_s_at
5.5034,5.5034,4.8081,220594_at
5.1836,5.1836,4.9185,220595_at
6.3512,6.3512,5.7711,220596_at
9.5115,9.5115,9.5991,220597_s_at
4.2568,4.2568,4.2306,220598_at
5.1963,5.1963,6.0645,220599_s_at
5.6231,5.6231,5.4382,220600_at
4.464,4.464,4.2306,220601_at
5.8564,5.8564,6.2374,220602_s_at
8.1955,8.1955,7.6851,220603_s_at
4.5469,4.5469,4.2525,220604_x_at
8.1793,8.1793,8.4475,220605_s_at
7.9549,7.9549,7.03,220606_s_at
9.552,9.552,10.1223,220607_x_at
5.3738,5.3738,5.3848,220608_s_at
6.7631,6.7631,6.2366,220609_at
7.2921,7.2921,7.1011,220610_s_at
4.5967,4.5967,4.3161,220611_at
6.5907,6.5907,7.1847,220612_at
4.3263,4.3263,4.6328,220613_s_at
4.4866,4.4866,4.9446,220614_s_at
6.2193,6.2193,6.6611,220615_s_at
4.2569,4.2569,5.5547,220616_at
4.5204,4.5204,4.3162,220617_s_at
5.6344,5.6344,4.2307,220618_s_at
5.7564,5.7564,6.047,220619_at
4.5969,4.5969,4.6267,220620_at
4.871,4.871,4.2823,220621_at
4.6448,4.6448,4.2687,220622_at
5.2482,5.2482,5.1185,220623_s_at
4.257,4.257,4.2308,220624_s_at
4.2571,4.2571,5.4169,220625_s_at
4.2572,4.2572,4.2309,220626_at
5.3933,5.3933,5.7739,220627_at
4.7943,4.7943,4.923,220628_s_at
4.2573,4.2573,4.2941,220629_at
4.5696,4.5696,4.3524,220630_s_at
5.1591,5.1591,4.61,220631_at
6.3596,6.3596,6.0421,220632_s_at
7.0617,7.0617,8.2303,220633_s_at
4.5279,4.5279,4.5337,220634_at
4.6361,4.6361,4.6609,220635_at
5.502,5.502,4.3459,220636_at
4.3081,4.3081,4.231,220637_at
4.2574,4.2574,4.2311,220638_s_at
5.1922,5.1922,4.2923,220639_at
5.7072,5.7072,4.4223,220640_at
5.812,5.812,4.9959,220641_at
8.0044,8.0044,7.6805,220642_x_at
4.3965,4.3965,4.4118,220644_at
4.2575,4.2575,4.2312,220645_at
5.2905,5.2905,5.1208,220646_s_at
7.0891,7.0891,7.6667,220647_s_at
4.2576,4.2576,5.0443,220648_at
4.2577,4.2577,4.2312,220649_at
5.9109,5.9109,5.8832,220650_s_at
7.505,7.505,9.1171,220651_s_at
4.7412,4.7412,4.2313,220652_at
6.6623,6.6623,6.4991,220653_at
4.4153,4.4153,4.7911,220654_at
4.2578,4.2578,4.2314,220655_at
4.2579,4.2579,5.0724,220656_at
6.035,6.035,5.9294,220657_at
5.059,5.059,6.4132,220658_s_at
4.936,4.936,5.5338,220659_s_at
5.3281,5.3281,5.3432,220660_at
5.3176,5.3176,4.2708,220662_s_at
5.6707,5.6707,5.2893,220663_at
4.4229,4.4229,4.4367,220664_at
4.6034,4.6034,4.5368,220665_at
4.3433,4.3433,4.2583,220666_at
4.258,4.258,4.7307,220667_at
8.5193,8.5193,9.1345,220668_s_at
6.5563,6.5563,5.7138,220669_at
4.4248,4.4248,4.2315,220670_at
6.2668,6.2668,6.6917,220671_at
4.5237,4.5237,5.04,220672_at
4.2581,4.2581,4.2316,220673_s_at
6.4636,6.4636,6.3372,220674_at
4.3184,4.3184,4.4557,220675_s_at
5.0154,5.0154,5.1356,220676_at
4.4868,4.4868,4.4541,220677_s_at
4.2582,4.2582,4.3775,220678_at
4.2583,4.2583,4.2317,220679_s_at
5.8585,5.8585,4.7122,220680_at
4.3315,4.3315,4.6138,220681_at
4.2584,4.2584,4.2318,220682_s_at
4.501,4.501,4.3789,220683_at
6.2626,6.2626,5.8803,220684_at
6.1694,6.1694,6.4633,220685_at
4.9238,4.9238,5.2504,220686_s_at
6.5976,6.5976,7.3744,220688_s_at
5.2341,5.2341,5.6972,220689_at
5.8778,5.8778,5.2687,220690_s_at
4.8291,4.8291,5.5211,220691_at
7.209,7.209,6.8631,220692_at
4.8644,4.8644,5.4335,220693_at
6.2904,6.2904,4.6868,220694_at
4.5671,4.5671,4.3535,220695_at
5.8108,5.8108,5.9368,220696_at
5.0579,5.0579,5.0628,220697_at
4.4957,4.4957,4.731,220698_at
4.7208,4.7208,4.7673,220699_s_at
4.4934,4.4934,4.2319,220700_at
5.479,5.479,6.0191,220701_at
6.9015,6.9015,6.9873,220702_at
4.6836,4.6836,5.3159,220703_at
6.1289,6.1289,4.232,220704_at
4.8834,4.8834,5.6368,220705_s_at
4.2585,4.2585,4.2663,220706_at
4.5892,4.5892,4.3645,220707_s_at
6.8477,6.8477,6.7637,220708_at
4.2586,4.2586,4.3319,220709_at
6.0437,6.0437,5.7816,220710_at
6.7647,6.7647,6.8363,220711_at
7.7371,7.7371,7.5319,220712_at
4.9341,4.9341,6.1013,220713_at
4.7974,4.7974,4.6172,220714_at
5.3208,5.3208,5.2533,220715_at
6.4763,6.4763,5.8352,220716_at
4.548,4.548,4.686,220717_at
5.1061,5.1061,4.3206,220718_at
6.8701,6.8701,6.7215,220719_at
9.8659,9.8659,8.7199,220720_x_at
6.2139,6.2139,6.1068,220721_at
4.5116,4.5116,4.3571,220722_s_at
5.0758,5.0758,4.232,220723_s_at
4.2587,4.2587,4.2321,220724_at
7.3036,7.3036,7.2443,220725_x_at
4.5281,4.5281,4.2322,220726_at
5.7626,5.7626,5.7162,220727_at
6.0445,6.0445,5.0989,220728_at
4.8506,4.8506,4.5608,220729_at
5.1664,5.1664,5.7694,220730_at
8.4806,8.4806,8.4127,220731_s_at
4.7057,4.7057,5.0635,220732_at
4.2588,4.2588,4.2323,220733_at
4.7141,4.7141,4.704,220734_s_at
4.2973,4.2973,4.814,220735_s_at
4.2589,4.2589,4.9418,220736_at
5.6035,5.6035,5.2905,220737_at
4.259,4.259,4.2324,220738_s_at
8.3996,8.3996,7.5502,220739_s_at
6.9577,6.9577,6.4434,220740_s_at
7.6418,7.6418,7.8398,220741_s_at
13.8332,13.8332,11.7328,220742_s_at
6.0768,6.0768,5.7798,220743_at
8.39,8.39,8.5528,220744_s_at
5.0402,5.0402,5.5138,220745_at
10.4329,10.4329,10.3093,220746_s_at
4.2591,4.2591,5.2711,220747_at
7.7359,7.7359,7.5739,220748_s_at
5.4864,5.4864,5.7499,220749_at
7.7681,7.7681,7.3386,220750_s_at
4.8603,4.8603,4.3881,220751_s_at
5.7667,5.7667,5.4549,220752_at
7.3648,7.3648,7.0731,220753_s_at
4.2592,4.2592,4.2325,220754_at
13.8277,13.8277,13.5461,220755_s_at
4.2593,4.2593,4.2781,220756_s_at
8.1291,8.1291,6.8002,220757_s_at
6.4775,6.4775,6.6806,220758_s_at
4.2594,4.2594,4.2326,220759_at
6.7461,6.7461,7.6506,220760_x_at
8.3866,8.3866,7.7355,220761_s_at
7.3236,7.3236,6.1192,220762_s_at
4.2595,4.2595,4.2327,220763_at
6.3713,6.3713,5.7327,220764_at
6.252,6.252,6.9926,220765_s_at
4.6896,4.6896,4.5694,220766_at
5.3585,5.3585,4.8318,220767_at
7.2454,7.2454,7.4162,220768_s_at
5.2508,5.2508,5.3473,220769_s_at
4.2596,4.2596,4.2328,220770_s_at
4.3415,4.3415,4.7612,220771_at
4.2597,4.2597,4.2328,220772_at
5.5619,5.5619,5.5422,220773_s_at
4.529,4.529,4.8868,220774_at
5.0136,5.0136,5.5063,220775_s_at
5.6162,5.6162,5.7684,220776_at
6.2932,6.2932,5.3161,220777_at
4.6922,4.6922,4.6112,220778_x_at
4.3615,4.3615,4.5385,220779_at
5.7948,5.7948,5.2254,220780_at
4.5797,4.5797,5.0402,220781_at
4.2598,4.2598,5.6076,220782_x_at
5.2781,5.2781,4.8074,220783_at
4.4278,4.4278,4.2329,220784_s_at
5.5344,5.5344,4.3419,220785_at
4.6221,4.6221,4.4354,220786_s_at
4.2599,4.2599,4.233,220787_at
7.1956,7.1956,6.2935,220788_s_at
4.3833,4.3833,4.7449,220789_s_at
4.26,4.26,4.2331,220790_s_at
4.9752,4.9752,4.7843,220791_x_at
6.1863,6.1863,6.3051,220792_at
4.2601,4.2601,5.1301,220793_at
4.2602,4.2602,4.3268,220794_at
6.1334,6.1334,6.5587,220795_s_at
11.6927,11.6927,10.2914,220796_x_at
6.1071,6.1071,6.0861,220797_at
4.8823,4.8823,4.412,220798_x_at
4.2603,4.2603,4.2332,220799_at
5.5646,5.5646,4.9194,220800_s_at
5.9053,5.9053,6.3117,220801_s_at
4.6014,4.6014,5.3894,220802_at
4.8293,4.8293,4.2333,220803_at
4.2604,4.2604,4.2541,220804_s_at
4.5378,4.5378,5.6992,220805_at
5.749,5.749,6.1992,220806_x_at
4.2605,4.2605,4.2334,220807_at
4.757,4.757,4.7669,220808_at
4.8201,4.8201,4.3656,220809_at
4.3778,4.3778,4.5159,220810_at
5.3492,5.3492,4.3939,220811_at
4.4682,4.4682,4.6249,220812_s_at
5.3875,5.3875,5.9371,220813_at
5.7628,5.7628,5.0739,220814_at
4.2606,4.2606,4.2334,220815_at
4.7177,4.7177,5.5517,220816_at
4.2607,4.2607,5.1602,220817_at
4.2608,4.2608,4.2609,220818_s_at
6.061,6.061,6.1745,220819_at
4.8387,4.8387,4.9366,220820_at
4.4032,4.4032,4.2335,220821_at
4.2609,4.2609,4.8352,220822_at
5.9631,5.9631,6.4062,220823_at
6.5802,6.5802,5.5279,220824_at
4.7893,4.7893,4.4344,220825_s_at
5.4817,5.4817,5.6587,220826_at
4.5471,4.5471,4.4568,220827_at
4.8659,4.8659,4.9037,220828_s_at
4.6296,4.6296,4.2336,220829_s_at
5.3622,5.3622,4.2337,220830_at
5.1924,5.1924,5.2839,220831_at
4.261,4.261,4.2338,220832_at
4.2611,4.2611,5.7877,220833_at
4.6102,4.6102,4.9014,220834_at
4.6118,4.6118,4.3386,220835_s_at
4.2612,4.2612,4.5574,220836_at
4.2613,4.2613,4.2339,220837_at
5.1023,5.1023,6.2515,220838_at
5.8275,5.8275,5.4,220839_at
5.8171,5.8171,5.6188,220840_s_at
5.5593,5.5593,5.6738,220841_s_at
4.2614,4.2614,4.7595,220842_at
6.1928,6.1928,5.9895,220843_s_at
4.742,4.742,4.8589,220844_at
4.2615,4.2615,4.234,220845_at
4.2616,4.2616,4.3012,220846_s_at
4.3434,4.3434,4.2341,220847_x_at
4.303,4.303,4.6188,220848_x_at
5.288,5.288,5.7522,220849_at
4.2617,4.2617,4.9314,220850_at
4.9981,4.9981,4.7947,220851_at
4.9846,4.9846,4.5283,220852_at
5.4835,5.4835,5.5825,220853_at
4.2618,4.2618,4.2342,220854_at
5.6129,5.6129,5.1566,220855_at
9.6273,9.6273,9.2451,220856_x_at
5.7791,5.7791,5.42,220857_at
4.2619,4.2619,4.3801,220858_at
5.5946,5.5946,5.3277,220859_at
5.1732,5.1732,4.2953,220860_at
4.7976,4.7976,4.2342,220861_at
4.5268,4.5268,4.4137,220862_s_at
5.7759,5.7759,4.6521,220863_at
11.1369,11.1369,11.554,220864_s_at
7.9841,7.9841,8.044,220865_s_at
4.926,4.926,4.9461,220866_at
5.8739,5.8739,6.3719,220867_s_at
4.3701,4.3701,4.9934,220868_s_at
5.3848,5.3848,5.5247,220869_at
4.472,4.472,5.0278,220870_at
5.1952,5.1952,4.3924,220871_at
5.1487,5.1487,4.5298,220872_at
5.0488,5.0488,5.3329,220873_at
6.3279,6.3279,5.638,220874_at
6.2039,6.2039,5.8272,220875_at
4.262,4.262,4.2797,220876_at
5.6335,5.6335,5.4029,220877_at
4.2621,4.2621,4.4151,220878_at
6.1096,6.1096,6.4443,220879_at
4.2622,4.2622,4.3291,220880_at
4.5527,4.5527,5.0349,220881_at
4.2623,4.2623,4.3448,220882_at
5.1339,5.1339,5.1902,220883_at
4.2624,4.2624,4.2343,220884_at
5.9602,5.9602,6.9059,220885_s_at
5.7075,5.7075,6.3792,220886_at
4.6388,4.6388,5.5304,220887_at
4.2625,4.2625,4.2344,220888_s_at
4.2626,4.2626,4.2345,220889_s_at
4.7987,4.7987,5.084,220891_at
6.1027,6.1027,6.6412,220892_s_at
4.5681,4.5681,4.2346,220893_at
4.3945,4.3945,4.4708,220894_x_at
4.7006,4.7006,4.4099,220895_at
4.991,4.991,4.6798,220896_at
4.6198,4.6198,5.2841,220897_at
5.1749,5.1749,4.8946,220898_at
5.4172,5.4172,4.8066,220899_at
4.2627,4.2627,4.2347,220900_at
4.726,4.726,5.0808,220901_at
4.5073,4.5073,4.3911,220902_at
4.904,4.904,4.8293,220903_at
5.5211,5.5211,4.6862,220904_at
7.1518,7.1518,6.5832,220905_at
5.355,5.355,5.6453,220906_at
4.2628,4.2628,4.9884,220907_at
5.6164,5.6164,5.3794,220908_at
4.723,4.723,4.8651,220909_at
5.9604,5.9604,6.2758,220910_at
4.2629,4.2629,4.8851,220911_s_at
4.9122,4.9122,4.9101,220912_at
5.0392,5.0392,4.2348,220913_at
4.263,4.263,4.2747,220914_at
5.7128,5.7128,5.0554,220915_s_at
4.2883,4.2883,4.8948,220916_at
7.4431,7.4431,7.6655,220917_s_at
7.2305,7.2305,7.3204,220918_at
4.2631,4.2631,4.2349,220919_s_at
4.4652,4.4652,5.17,220920_at
7.0287,7.0287,5.6875,220921_at
7.9632,7.9632,4.4331,220922_s_at
6.2028,6.2028,5.7507,220923_s_at
12.1809,12.1809,11.0109,220924_s_at
7.3334,7.3334,7.0458,220925_at
5.6764,5.6764,4.235,220926_s_at
4.2632,4.2632,4.235,220927_s_at
4.4215,4.4215,4.7516,220928_s_at
4.939,4.939,5.8575,220929_at
4.6036,4.6036,4.2649,220930_s_at
4.8905,4.8905,4.9092,220931_at
4.2633,4.2633,4.2351,220932_at
7.3316,7.3316,7.1538,220933_s_at
7.0935,7.0935,7.3415,220934_s_at
8.3357,8.3357,8.635,220935_s_at
6.935,6.935,5.9666,220936_s_at
7.6628,7.6628,7.6255,220937_s_at
8.5334,8.5334,8.4416,220938_s_at
9.6578,9.6578,8.9152,220940_at
7.5791,7.5791,7.1252,220941_s_at
8.4079,8.4079,9.1515,220942_x_at
4.7059,4.7059,4.5489,220943_s_at
6.1512,6.1512,6.1381,220944_at
4.2634,4.2634,4.4569,220945_x_at
7.9862,7.9862,7.1942,220946_s_at
8.044,8.044,8.6345,220947_s_at
9.5153,9.5153,8.7089,220948_s_at
7.4514,7.4514,7.3779,220949_s_at
4.2635,4.2635,4.3502,220950_s_at
6.0467,6.0467,6.7897,220951_s_at
8.2431,8.2431,6.5365,220952_s_at
7.572,7.572,7.5938,220953_s_at
7.3478,7.3478,6.256,220954_s_at
4.2636,4.2636,4.2352,220955_x_at
7.9947,7.9947,7.7544,220956_s_at
4.8918,4.8918,5.3863,220957_at
5.1891,5.1891,4.3374,220958_at
4.8125,4.8125,4.2353,220959_s_at
14.6937,14.6937,14.7496,220960_x_at
6.202,6.202,4.4693,220961_s_at
6.0074,6.0074,6.4121,220962_s_at
5.7699,5.7699,5.3896,220963_s_at
4.5673,4.5673,6.0032,220965_s_at
13.0671,13.0671,12.2456,220966_x_at
4.487,4.487,4.53,220967_s_at
7.7582,7.7582,6.5266,220968_s_at
5.9873,5.9873,5.5674,220969_s_at
5.4302,5.4302,4.2354,220970_s_at
4.4772,4.4772,4.2355,220971_at
4.2637,4.2637,4.2356,220972_s_at
6.6403,6.6403,6.808,220973_s_at
5.1585,5.1585,4.5706,220974_x_at
5.08,5.08,5.4291,220975_s_at
5.0624,5.0624,5.6716,220976_s_at
5.6941,5.6941,6.5027,220977_x_at
4.6716,4.6716,4.2357,220978_at
4.7837,4.7837,5.1437,220979_s_at
10.3273,10.3273,10.7898,220980_s_at
5.9514,5.9514,6.0547,220981_x_at
4.2638,4.2638,4.2358,220982_s_at
4.3868,4.3868,4.2359,220983_s_at
5.1261,5.1261,4.8372,220984_s_at
4.6573,4.6573,5.5112,220985_s_at
4.2639,4.2639,4.2359,220986_s_at
6.6812,6.6812,8.1164,220987_s_at
7.1942,7.1942,6.3845,220988_s_at
6.3605,6.3605,6.5207,220989_s_at
7.8933,7.8933,7.7464,220990_s_at
4.3317,4.3317,4.236,220991_s_at
5.1314,5.1314,4.2361,220992_s_at
5.0749,5.0749,5.4073,220993_s_at
4.264,4.264,4.2362,220994_s_at
5.6883,5.6883,5.926,220995_at
5.5063,5.5063,4.3926,220996_s_at
4.2641,4.2641,4.951,220997_s_at
4.5252,4.5252,5.1676,220998_s_at
9.843,9.843,10.1714,220999_s_at
7.0212,7.0212,5.7908,221000_s_at
4.4872,4.4872,5.566,221001_at
9.4597,9.4597,7.9849,221002_s_at
4.5117,4.5117,4.3083,221003_s_at
11.064,11.064,11.1538,221004_s_at
6.9998,6.9998,6.4883,221005_s_at
5.8293,5.8293,6.053,221006_s_at
8.8127,8.8127,8.6556,221007_s_at
4.9835,4.9835,4.5648,221008_s_at
4.4352,4.4352,4.6221,221009_s_at
4.9418,4.9418,4.9756,221010_s_at
6.9451,6.9451,7.2274,221011_s_at
10.3819,10.3819,8.7722,221012_s_at
4.7913,4.7913,5.0112,221013_s_at
7.404,7.404,6.4698,221014_s_at
5.8173,5.8173,5.5771,221015_s_at
5.4993,5.4993,5.5224,221016_s_at
4.5402,4.5402,5.4082,221017_s_at
4.8318,4.8318,4.3578,221018_s_at
5.8511,5.8511,4.9942,221019_s_at
8.3574,8.3574,8.1856,221020_s_at
4.3502,4.3502,5.4282,221022_s_at
4.2642,4.2642,5.6138,221023_s_at
4.2643,4.2643,4.2363,221024_s_at
4.2644,4.2644,4.2364,221026_s_at
5.4284,5.4284,5.4172,221027_s_at
5.8451,5.8451,4.8722,221028_s_at
4.2645,4.2645,4.2365,221029_s_at
4.9717,4.9717,5.4491,221030_s_at
5.9543,5.9543,5.7586,221031_s_at
6.1386,6.1386,5.8026,221032_s_at
5.7731,5.7731,5.3561,221033_s_at
5.9994,5.9994,4.5325,221034_s_at
5.4571,5.4571,5.65,221035_s_at
6.3091,6.3091,6.5353,221036_s_at
4.3444,4.3444,4.2366,221037_s_at
4.7336,4.7336,5.2728,221038_at
6.759,6.759,6.1778,221039_s_at
4.4844,4.4844,4.2367,221040_at
5.7347,5.7347,5.9014,221041_s_at
4.3168,4.3168,5.9948,221042_s_at
7.4396,7.4396,7.4389,221043_at
6.4236,6.4236,7.0521,221044_s_at
5.5802,5.5802,5.9177,221045_s_at
4.5012,4.5012,4.2368,221047_s_at
4.5947,4.5947,5.1405,221048_x_at
7.0199,7.0199,7.2928,221050_s_at
4.832,4.832,4.4224,221051_s_at
5.7744,5.7744,5.3064,221052_at
5.2192,5.2192,4.2368,221053_s_at
5.3894,5.3894,4.9463,221054_s_at
6.9739,6.9739,6.6976,221056_x_at
5.1572,5.1572,4.6002,221057_at
8.1269,8.1269,7.5479,221058_s_at
5.9111,5.9111,6.5492,221059_s_at
7.0701,7.0701,4.7813,221061_at
5.6,5.6,5.3982,221062_at
6.8077,6.8077,7.0333,221063_x_at
7.9154,7.9154,7.2387,221064_s_at
5.9125,5.9125,4.4369,221065_s_at
4.2646,4.2646,4.2369,221066_at
6.3471,6.3471,5.1282,221067_s_at
6.1636,6.1636,6.6081,221068_at
7.7012,7.7012,7.3925,221069_s_at
4.2647,4.2647,4.237,221070_s_at
6.6645,6.6645,6.7165,221071_at
5.5006,5.5006,5.1275,221072_at
8.5702,8.5702,7.7055,221073_s_at
4.389,4.389,4.4517,221074_at
4.4169,4.4169,4.7132,221075_s_at
4.2648,4.2648,4.2371,221076_at
5.9357,5.9357,5.914,221077_at
7.6744,7.6744,6.9247,221078_s_at
4.5633,4.5633,4.3421,221079_s_at
6.6118,6.6118,7.4256,221080_s_at
6.5027,6.5027,6.3085,221082_s_at
4.92,4.92,4.346,221083_at
5.4484,5.4484,5.1364,221084_at
5.7808,5.7808,5.098,221085_at
4.2649,4.2649,4.9638,221086_s_at
8.4361,8.4361,7.4292,221087_s_at
4.71,4.71,6.0707,221088_s_at
4.265,4.265,4.2372,221089_at
4.2903,4.2903,4.8474,221091_at
4.4235,4.4235,5.4247,221092_at
4.3651,4.3651,4.2965,221093_at
6.0958,6.0958,6.5039,221094_s_at
5.1536,5.1536,4.2584,221095_s_at
4.4795,4.4795,6.7916,221096_s_at
4.8768,4.8768,6.0302,221097_s_at
4.2651,4.2651,4.2373,221098_x_at
5.1401,5.1401,4.3658,221099_at
5.0505,5.0505,5.4364,221100_at
6.5699,6.5699,6.3436,221101_at
5.1893,5.1893,4.8977,221102_s_at
5.1704,5.1704,5.3014,221103_s_at
6.3954,6.3954,6.2385,221104_s_at
4.4016,4.4016,4.395,221105_at
4.3113,4.3113,5.8298,221106_at
5.4057,5.4057,5.1939,221107_at
4.4326,4.4326,4.2782,221108_at
5.5197,5.5197,5.3135,221109_at
4.6728,4.6728,5.0286,221110_x_at
4.6828,4.6828,4.2374,221111_at
4.9666,4.9666,6.2329,221112_at
6.3283,6.3283,6.4268,221113_s_at
4.2652,4.2652,4.2748,221114_at
4.2653,4.2653,4.6913,221115_s_at
5.6919,5.6919,5.6399,221116_at
4.2654,4.2654,4.2375,221117_at
4.2655,4.2655,4.7042,221118_at
5.8204,5.8204,5.3184,221119_at
5.0745,5.0745,5.8641,221120_at
4.405,4.405,4.5339,221121_at
5.3973,5.3973,4.9974,221122_at
9.9727,9.9727,9.4067,221123_x_at
4.2656,4.2656,4.2376,221124_s_at
7.2134,7.2134,7.9428,221125_s_at
4.4373,4.4373,5.3768,221126_at
4.6661,4.6661,4.2377,221127_s_at
5.5638,5.5638,6.0088,221128_at
5.2145,5.2145,4.4589,221129_at
4.2657,4.2657,4.3002,221130_s_at
5.7845,5.7845,5.9551,221131_at
4.2658,4.2658,4.2377,221132_at
4.266,4.266,4.2378,221133_s_at
4.2661,4.2661,4.2379,221134_at
6.4925,6.4925,6.7528,221135_s_at
5.5669,5.5669,6.4535,221136_at
5.436,5.436,5.2188,221137_at
4.7119,4.7119,4.5126,221138_s_at
6.7737,6.7737,6.7986,221139_s_at
4.5354,4.5354,4.4453,221140_s_at
6.4182,6.4182,6.5441,221141_x_at
6.1686,6.1686,5.6176,221143_at
4.4112,4.4112,4.9925,221144_at
4.2662,4.2662,4.238,221145_at
4.7042,4.7042,5.3458,221146_at
6.1515,6.1515,5.6361,221147_x_at
4.7122,4.7122,5.2328,221148_at
4.2663,4.2663,4.2381,221149_at
4.6154,4.6154,4.2698,221150_at
4.2664,4.2664,5.0372,221151_at
4.5342,4.5342,4.4762,221152_at
4.6253,4.6253,4.9799,221153_s_at
4.899,4.899,4.2382,221154_at
8.0086,8.0086,7.4033,221155_x_at
5.5971,5.5971,5.0417,221156_x_at
4.2665,4.2665,4.7787,221157_s_at
9.8116,9.8116,9.3898,221158_at
4.8295,4.8295,5.0919,221159_at
4.3265,4.3265,4.6433,221160_s_at
5.7016,5.7016,5.5383,221161_at
4.6504,4.6504,5.1197,221162_at
6.193,6.193,4.7225,221163_s_at
5.9307,5.9307,6.7337,221164_x_at
5.9831,5.9831,6.5838,221165_s_at
4.6684,4.6684,4.3627,221166_at
4.9436,4.9436,5.1912,221167_s_at
4.2666,4.2666,4.4519,221168_at
5.2798,5.2798,4.7362,221169_s_at
5.0726,5.0726,4.4446,221170_at
5.4051,5.4051,4.7481,221171_at
4.2667,4.2667,4.2383,221172_at
5.4035,5.4035,5.6235,221173_at
4.2668,4.2668,4.2384,221174_at
4.3343,4.3343,4.265,221175_at
6.7237,6.7237,6.9573,221176_x_at
4.7081,4.7081,4.8829,221177_at
4.2669,4.2669,4.4809,221178_at
4.5635,4.5635,4.5327,221179_at
4.3059,4.3059,4.6052,221180_at
4.267,4.267,4.4835,221181_at
4.814,4.814,4.2385,221182_at
4.3847,4.3847,4.5816,221183_at
5.1329,5.1329,5.1284,221184_at
5.3355,5.3355,6.1563,221185_s_at
4.2671,4.2671,4.4019,221186_at
6.5087,6.5087,5.015,221187_s_at
4.4095,4.4095,6.7964,221188_s_at
6.4268,6.4268,7.2952,221189_s_at
9.2506,9.2506,9.693,221190_s_at
7.6916,7.6916,6.6485,221191_at
7.4734,7.4734,7.005,221192_x_at
9.6712,9.6712,9.7526,221193_s_at
5.3798,5.3798,6.1361,221194_s_at
4.4571,4.4571,4.2386,221195_at
6.1998,6.1998,6.5054,221196_x_at
4.8753,4.8753,6.0188,221197_s_at
4.9164,4.9164,4.2387,221198_at
4.2672,4.2672,4.261,221199_at
4.2673,4.2673,4.2387,221200_at
4.2674,4.2674,4.2388,221201_s_at
4.2675,4.2675,5.1121,221202_at
8.536,8.536,7.7791,221203_s_at
5.7746,5.7746,5.9961,221204_s_at
5.4819,5.4819,5.0622,221205_at
8.0741,8.0741,8.1278,221206_at
6.7941,6.7941,5.6697,221207_s_at
5.9032,5.9032,5.4249,221208_s_at
6.1493,6.1493,6.1018,221209_s_at
4.2676,4.2676,4.5266,221210_s_at
4.8933,4.8933,4.7245,221211_s_at
4.7693,4.7693,4.5774,221212_x_at
5.4633,5.4633,4.8395,221213_s_at
9.2637,9.2637,7.942,221214_s_at
4.3572,4.3572,5.0908,221215_s_at
8.6615,8.6615,8.6828,221216_s_at
5.7009,5.7009,5.0541,221217_s_at
5.579,5.579,6.2403,221218_s_at
8.2059,8.2059,8.1384,221219_s_at
6.018,6.018,6.2489,221220_s_at
7.1654,7.1654,6.7806,221221_s_at
5.5329,5.5329,6.0999,221222_s_at
6.8512,6.8512,6.8258,221224_s_at
4.6947,4.6947,4.2389,221225_at
5.8305,5.8305,5.2124,221226_s_at
4.2677,4.2677,4.3659,221228_s_at
8.8504,8.8504,8.4742,221229_s_at
4.2884,4.2884,4.4346,221231_s_at
5.5872,5.5872,4.3461,221232_s_at
4.2678,4.2678,4.8957,221233_s_at
10.4173,10.4173,10.1788,221234_s_at
11.4535,11.4535,9.4642,221235_s_at
5.422,5.422,6.0453,221236_s_at
4.2679,4.2679,4.5329,221237_s_at
5.3038,5.3038,5.6431,221238_at
5.5331,5.5331,6.3019,221239_s_at
6.0269,6.0269,5.652,221240_s_at
5.8858,5.8858,6.4904,221241_s_at
5.4826,5.4826,5.7314,221242_at
4.95,4.95,5.292,221243_s_at
4.7599,4.7599,5.4105,221244_s_at
7.3528,7.3528,5.5286,221246_x_at
7.1775,7.1775,8.3685,221247_s_at
5.9127,5.9127,5.621,221248_s_at
7.6935,7.6935,6.8688,221249_s_at
9.4119,9.4119,8.0936,221250_s_at
4.7533,4.7533,4.7442,221251_x_at
4.268,4.268,4.2924,221252_s_at
11.2337,11.2337,10.76,221253_s_at
4.2681,4.2681,4.239,221254_s_at
9.36,9.36,8.6302,221255_s_at
6.1507,6.1507,5.4322,221256_s_at
8.088,8.088,7.9378,221257_x_at
6.6501,6.6501,6.1173,221258_s_at
4.4696,4.4696,4.2391,221259_s_at
6.6525,6.6525,5.9056,221260_s_at
8.9491,8.9491,6.2938,221261_x_at
4.9584,4.9584,5.2227,221262_s_at
11.4555,11.4555,11.8338,221263_s_at
9.3181,9.3181,8.7494,221264_s_at
8.4594,8.4594,8.579,221265_s_at
4.3761,4.3761,5.8876,221266_s_at
9.682,9.682,9.3018,221267_s_at
5.2589,5.2589,5.2256,221268_s_at
9.6971,9.6971,9.3089,221269_s_at
6.521,6.521,4.4542,221270_s_at
4.9277,4.9277,5.1445,221271_at
5.0314,5.0314,4.2392,221272_s_at
5.5385,5.5385,5.0793,221273_s_at
5.6757,5.6757,4.9758,221274_s_at
5.3001,5.3001,5.3984,221275_s_at
6.7919,6.7919,5.6455,221276_s_at
6.4494,6.4494,7.1187,221277_s_at
4.306,4.306,4.2393,221278_at
4.336,4.336,4.2394,221279_at
4.2682,4.2682,4.2772,221280_s_at
4.4845,4.4845,4.3084,221281_at
4.2905,4.2905,4.2395,221282_x_at
4.5193,4.5193,5.6927,221283_at
4.6956,4.6956,4.2396,221284_s_at
4.4654,4.4654,4.2396,221285_at
12.4521,12.4521,10.4365,221286_s_at
5.3133,5.3133,4.7789,221287_at
4.8298,4.8298,4.2397,221288_at
4.2683,4.2683,4.2611,221289_at
4.7008,4.7008,5.6145,221290_s_at
4.3446,4.3446,5.2056,221291_at
4.2684,4.2684,4.6209,221292_at
7.3609,7.3609,7.1744,221293_s_at
6.5192,6.5192,5.5909,221294_at
4.612,4.612,4.9987,221295_at
5.5422,5.5422,4.2398,221296_at
6.2694,6.2694,6.871,221297_at
4.3662,4.3662,4.2542,221298_s_at
4.5822,4.5822,5.9436,221299_at
5.4995,5.4995,5.0772,221300_at
5.1468,5.1468,4.4837,221301_at
4.3574,4.3574,5.3483,221302_at
5.0212,5.0212,5.4276,221303_at
5.4891,5.4891,5.6493,221304_at
4.2686,4.2686,4.4642,221305_s_at
5.9281,5.9281,6.4419,221306_at
5.3284,5.3284,5.1333,221307_at
5.4163,5.4163,4.9211,221309_at
4.2687,4.2687,4.4101,221310_at
5.809,5.809,5.9001,221311_x_at
4.2688,4.2688,4.8188,221312_at
4.7372,4.7372,5.1466,221313_at
6.5159,6.5159,5.8918,221314_at
5.488,5.488,6.031,221315_s_at
4.7062,4.7062,4.5764,221316_at
5.5065,5.5065,5.2639,221317_x_at
5.9562,5.9562,6.163,221318_at
4.2689,4.2689,4.8831,221319_at
5.1282,5.1282,4.463,221320_at
4.8736,4.8736,4.2824,221321_s_at
4.269,4.269,4.2526,221322_at
5.0955,5.0955,5.7823,221323_at
5.8495,5.8495,6.3535,221324_at
4.33,4.33,5.1483,221325_at
4.2691,4.2691,4.63,221326_s_at
4.2692,4.2692,4.2798,221327_s_at
4.6328,4.6328,4.8236,221328_at
4.3524,4.3524,5.5029,221329_at
5.2882,5.2882,4.2399,221330_at
4.4484,4.4484,5.2048,221331_x_at
5.7021,5.7021,5.8232,221332_at
4.2693,4.2693,4.561,221333_at
5.0263,5.0263,5.5385,221334_s_at
6.7023,6.7023,6.1392,221335_x_at
4.5075,4.5075,4.4318,221336_at
4.3513,4.3513,4.6477,221337_s_at
4.2959,4.2959,4.24,221338_at
5.1666,5.1666,5.5306,221339_at
4.2694,4.2694,4.3085,221340_at
4.6162,4.6162,4.3043,221341_s_at
5.4251,5.4251,5.5099,221342_at
5.1553,5.1553,4.9018,221343_at
4.7232,4.7232,6.1747,221344_at
4.9166,4.9166,5.0043,221345_at
4.6556,4.6556,5.1965,221346_at
5.2433,5.2433,5.3574,221347_at
4.2695,4.2695,4.2401,221348_at
11.8647,11.8647,11.9327,221349_at
4.2696,4.2696,5.5883,221350_at
4.3243,4.3243,4.2551,221351_at
5.4984,5.4984,5.0477,221352_at
4.2697,4.2697,4.2402,221353_at
4.439,4.439,4.845,221354_s_at
5.1418,5.1418,5.8921,221355_at
4.6905,4.6905,4.6937,221356_x_at
4.6542,4.6542,6.485,221357_at
4.2698,4.2698,5.1515,221358_at
5.3661,5.3661,4.4385,221359_at
4.2699,4.2699,4.2403,221360_s_at
4.4154,4.4154,4.2911,221361_at
4.3345,4.3345,4.2404,221362_at
4.27,4.27,4.2405,221363_x_at
4.2701,4.2701,4.276,221364_at
5.0626,5.0626,5.1946,221365_at
4.2702,4.2702,4.2406,221366_at
5.4844,5.4844,5.7295,221367_at
4.2703,4.2703,4.6714,221368_at
4.3464,4.3464,4.3293,221369_at
5.4801,5.4801,5.5347,221370_at
4.5404,4.5404,4.4941,221371_at
5.139,5.139,5.4428,221372_s_at
4.5779,4.5779,5.0707,221373_x_at
4.4486,4.4486,5.0201,221374_at
4.9502,4.9502,4.5696,221375_at
5.4457,5.4457,5.4945,221376_at
4.3811,4.3811,5.4037,221377_s_at
5.5478,5.5478,6.4212,221378_at
5.0611,5.0611,4.4819,221379_at
4.2704,4.2704,4.4237,221380_at
9.0723,9.0723,9.5967,221381_s_at
6.2335,6.2335,6.1223,221382_at
4.2705,4.2705,4.2651,221383_at
5.1874,5.1874,4.9153,221384_at
4.3933,4.3933,5.1314,221385_s_at
4.9678,4.9678,4.9369,221386_at
6.5678,6.5678,6.3462,221387_at
4.3869,4.3869,4.3777,221388_at
4.2706,4.2706,4.6235,221389_at
4.6058,4.6058,4.6361,221390_s_at
5.3624,5.3624,5.2794,221391_at
4.5411,4.5411,5.7208,221392_at
4.2707,4.2707,4.4085,221393_at
5.4059,5.4059,4.627,221394_at
4.2708,4.2708,4.4905,221395_at
4.2867,4.2867,4.9672,221396_at
4.2709,4.2709,4.5512,221397_at
4.271,4.271,4.2407,221398_at
4.2711,4.2711,4.4454,221399_at
4.2712,4.2712,4.2749,221400_at
5.0613,5.0613,4.4387,221401_at
6.9124,6.9124,7.1827,221402_at
4.2713,4.2713,5.1517,221403_s_at
6.0996,6.0996,5.7447,221404_at
6.0555,6.0555,5.9742,221405_at
4.6839,4.6839,6.1903,221406_s_at
5.6009,5.6009,6.2312,221407_at
4.6164,4.6164,4.6647,221408_x_at
5.1153,5.1153,6.2287,221409_at
4.2715,4.2715,4.3746,221410_x_at
4.2716,4.2716,4.2407,221411_at
4.2717,4.2717,5.4749,221412_at
5.0199,5.0199,5.8983,221413_at
4.938,4.938,5.2379,221414_s_at
5.8755,5.8755,5.4716,221415_s_at
4.9562,4.9562,4.2408,221416_at
4.2718,4.2718,4.2409,221417_x_at
6.0798,6.0798,5.7383,221418_s_at
7.4966,7.4966,8.3413,221419_s_at
4.5355,4.5355,4.68,221420_at
5.7646,5.7646,6.2477,221421_s_at
5.1844,5.1844,5.0123,221422_s_at
5.347,5.347,5.8796,221423_s_at
4.3575,4.3575,4.2864,221424_s_at
7.1014,7.1014,6.8989,221425_s_at
6.3579,6.3579,6.9651,221426_s_at
8.4308,8.4308,8.2381,221427_s_at
6.791,6.791,6.3401,221428_s_at
5.1933,5.1933,5.1218,221429_x_at
5.321,5.321,4.6779,221430_s_at
4.2719,4.2719,4.3671,221431_s_at
8.2472,8.2472,9.1196,221432_s_at
4.5028,4.5028,4.5741,221433_at
9.7797,9.7797,10.9826,221434_s_at
8.1278,8.1278,7.6533,221435_x_at
7.2148,7.2148,6.3602,221436_s_at
7.7001,7.7001,7.6152,221437_s_at
4.272,4.272,4.3062,221438_s_at
4.2721,4.2721,4.7253,221439_at
4.9776,4.9776,4.584,221440_s_at
4.8142,4.8142,4.4644,221441_at
4.8881,4.8881,5.4751,221442_at
5.8405,5.8405,6.0223,221443_x_at
5.3307,5.3307,5.3178,221444_at
4.4192,4.4192,4.241,221445_at
5.5242,5.5242,5.8041,221446_at
4.638,4.638,5.6434,221447_s_at
5.3309,5.3309,5.4152,221448_s_at
4.2722,4.2722,4.7791,221450_x_at
4.8389,4.8389,4.5677,221451_s_at
9.8686,9.8686,9.8961,221452_s_at
5.6174,5.6174,6.165,221453_at
4.2723,4.2723,4.3361,221454_at
4.581,4.581,4.8714,221455_s_at
4.2724,4.2724,4.2411,221456_at
4.8329,4.8329,4.4953,221457_s_at
6.7872,6.7872,5.7649,221458_at
4.3762,4.3762,4.2799,221459_at
5.9151,5.9151,6.6455,221460_at
5.1895,5.1895,5.1172,221461_at
4.976,4.976,5.1823,221462_x_at
4.7403,4.7403,4.2412,221463_at
5.871,5.871,5.7928,221464_at
5.1208,5.1208,6.0637,221465_at
5.4945,5.4945,5.334,221466_at
5.8472,5.8472,5.233,221467_at
4.6084,4.6084,4.5301,221468_at
5.7616,5.7616,5.0026,221469_at
4.2725,4.2725,4.2413,221470_s_at
7.6705,7.6705,7.5583,221471_at
9.3464,9.3464,8.0508,221472_at
10.225,10.225,9.2554,221473_x_at
12.1155,12.1155,12.2684,221474_at
14.8867,14.8867,14.8589,221475_s_at
14.6382,14.6382,14.6032,221476_s_at
8.1305,8.1305,8.0303,221477_s_at
9.6397,9.6397,10.4705,221479_s_at
8.5344,8.5344,8.6572,221480_at
13.063,13.063,13.7837,221481_x_at
10.2162,10.2162,10.5809,221483_s_at
6.5356,6.5356,7.2869,221484_at
4.4354,4.4354,6.1364,221485_at
7.4716,7.4716,8.3613,221486_at
5.8577,5.8577,5.7858,221487_s_at
12.4241,12.4241,12.3121,221488_s_at
5.8374,5.8374,6.628,221489_s_at
8.0659,8.0659,8.7963,221491_x_at
10.1725,10.1725,8.9835,221493_at
13.6601,13.6601,13.4711,221494_x_at
9.8989,9.8989,10.4643,221495_s_at
6.8046,6.8046,7.77,221496_s_at
8.2208,8.2208,7.129,221497_x_at
6.7756,6.7756,6.2927,221498_at
9.8631,9.8631,8.8304,221499_s_at
11.1085,11.1085,10.6992,221500_s_at
12.8448,12.8448,11.5174,221501_x_at
10.3842,10.3842,10.6371,221502_at
9.2907,9.2907,9.7039,221503_s_at
9.7296,9.7296,9.9185,221504_s_at
11.975,11.975,12.0261,221505_at
8.6737,8.6737,8.5097,221506_s_at
6.4958,6.4958,7.1819,221507_at
6.9599,6.9599,6.7144,221508_at
11.5012,11.5012,10.7572,221509_at
7.1809,7.1809,6.4413,221510_s_at
6.4946,6.4946,6.3898,221511_x_at
8.5926,8.5926,8.7505,221512_at
7.4682,7.4682,7.61,221513_s_at
9.333,9.333,9.2754,221515_s_at
7.5572,7.5572,8.7935,221516_s_at
10.1884,10.1884,9.5576,221517_s_at
10.3561,10.3561,9.8205,221518_s_at
7.9845,7.9845,7.9837,221519_at
9.4544,9.4544,10.5797,221520_s_at
10.324,10.324,11.8719,221521_s_at
7.761,7.761,7.5575,221523_s_at
10.2535,10.2535,8.9282,221524_s_at
5.0355,5.0355,4.2637,221525_at
7.4144,7.4144,7.7052,221526_x_at
6.266,6.266,5.1477,221527_s_at
7.2578,7.2578,6.9431,221528_s_at
5.4804,5.4804,5.4442,221529_s_at
4.7217,4.7217,4.2572,221530_s_at
9.9129,9.9129,10.2023,221532_s_at
5.0967,5.0967,6.3517,221533_at
6.7569,6.7569,6.9366,221534_at
9.4371,9.4371,8.8321,221535_at
9.4876,9.4876,8.5538,221536_s_at
6.6729,6.6729,6.8634,221537_at
7.9921,7.9921,4.6826,221538_s_at
7.6544,7.6544,6.7763,221540_x_at
6.0185,6.0185,5.675,221541_at
6.8414,6.8414,6.2326,221542_s_at
7.1768,7.1768,6.0768,221543_s_at
5.5133,5.5133,5.9024,221544_s_at
7.5487,7.5487,7.2876,221545_x_at
6.4007,6.4007,7.142,221546_at
9.9583,9.9583,9.7518,221547_at
6.5753,6.5753,6.5108,221550_at
7.1847,7.1847,7.21,221551_x_at
6.9082,6.9082,6.2059,221553_at
8.2068,8.2068,8.6402,221554_at
5.7292,5.7292,6.388,221555_x_at
5.3703,5.3703,5.0688,221556_at
4.4249,4.4249,4.5195,221557_s_at
10.9625,10.9625,10.1419,221558_s_at
8.05,8.05,7.9853,221559_s_at
6.45,6.45,6.3416,221561_at
7.5705,7.5705,7.7563,221563_at
6.7945,6.7945,6.6253,221564_at
6.2017,6.2017,4.5141,221565_s_at
4.2726,4.2726,4.2414,221566_s_at
8.0875,8.0875,7.7843,221568_s_at
7.3285,7.3285,7.7199,221569_at
9.1371,9.1371,9.6168,221570_s_at
5.7858,5.7858,6.2583,221571_at
6.156,6.156,6.6769,221572_s_at
5.1515,5.1515,5.9269,221573_at
7.3344,7.3344,7.763,221575_at
4.2727,4.2727,4.2415,221576_at
4.2728,4.2728,4.857,221578_at
7.481,7.481,8.2472,221579_s_at
10.8967,10.8967,10.0156,221580_s_at
10.1874,10.1874,9.9574,221581_s_at
4.9303,4.9303,7.7883,221582_at
4.2729,4.2729,5.3486,221583_s_at
4.4826,4.4826,4.515,221584_s_at
4.273,4.273,4.3123,221585_at
7.3762,7.3762,7.1363,221586_s_at
6.6038,6.6038,6.3326,221587_s_at
6.9586,6.9586,7.4719,221588_x_at
6.6753,6.6753,7.1174,221589_s_at
5.5174,5.5174,5.1318,221590_s_at
7.5803,7.5803,8.4146,221591_s_at
4.4391,4.4391,4.2415,221592_at
9.7432,9.7432,8.9989,221593_s_at
4.8541,4.8541,5.443,221594_at
7.4238,7.4238,7.1494,221595_at
6.6197,6.6197,6.7373,221596_s_at
8.2395,8.2395,8.1933,221597_s_at
6.4321,6.4321,7.1444,221598_s_at
8.3117,8.3117,7.6422,221599_at
7.9216,7.9216,7.0113,221600_s_at
9.0876,9.0876,8.0941,221601_s_at
7.4579,7.4579,5.8339,221602_s_at
5.5306,5.5306,6.3184,221603_at
7.2488,7.2488,6.8806,221604_s_at
6.13,6.13,5.0005,221605_s_at
6.8739,6.8739,6.6595,221606_s_at
14.9101,14.9101,14.9003,221607_x_at
4.2998,4.2998,4.2416,221608_at
4.2974,4.2974,4.3405,221609_s_at
6.7621,6.7621,7.312,221611_s_at
5.5487,5.5487,6.6676,221612_at
10.5655,10.5655,11.2443,221613_s_at
5.1954,5.1954,5.1772,221614_s_at
4.6997,4.6997,4.7331,221615_at
7.3698,7.3698,7.4266,221616_s_at
7.0418,7.0418,6.8008,221617_at
5.294,5.294,5.3548,221618_s_at
13.3132,13.3132,13.1049,221619_s_at
8.5498,8.5498,8.7253,221620_s_at
5.1227,5.1227,5.6719,221621_at
8.5682,8.5682,8.8561,221622_s_at
4.3689,4.3689,4.6223,221623_at
5.9844,5.9844,6.254,221624_at
4.8979,4.8979,4.9107,221625_at
6.0524,6.0524,5.8275,221626_at
6.2222,6.2222,6.1165,221627_at
4.417,4.417,4.7559,221628_s_at
7.4693,7.4693,7.7289,221629_x_at
4.2731,4.2731,4.2417,221630_s_at
6.2967,6.2967,6.5566,221631_at
5.6615,5.6615,4.7829,221632_s_at
6.0836,6.0836,7.4609,221633_at
5.8837,5.8837,5.2032,221634_at
6.552,6.552,6.2017,221636_s_at
7.4781,7.4781,8.7688,221637_s_at
5.2061,5.2061,4.3572,221638_s_at
6.2804,6.2804,5.8713,221639_x_at
7.8066,7.8066,8.0543,221640_s_at
5.6671,5.6671,5.8204,221642_at
5.9431,5.9431,6.1134,221643_s_at
5.0037,5.0037,4.6504,221644_s_at
7.5275,7.5275,6.5943,221645_s_at
6.9425,6.9425,5.3563,221646_s_at
8.6056,8.6056,9.8349,221647_s_at
5.7994,5.7994,6.1456,221648_s_at
6.5629,6.5629,6.6598,221649_s_at
5.446,5.446,5.1174,221650_s_at
11.3445,11.3445,14.2242,221651_x_at
8.4289,8.4289,8.0187,221652_s_at
6.5174,6.5174,4.5008,221653_x_at
11.1437,11.1437,11.4891,221654_s_at
5.8559,5.8559,6.2233,221655_x_at
5.7099,5.7099,5.5953,221656_s_at
7.5308,7.5308,8.0608,221657_s_at
5.1288,5.1288,6.0944,221658_s_at
4.4356,4.4356,4.9166,221659_s_at
5.279,5.279,4.8986,221660_at
4.3289,4.3289,5.069,221661_at
4.2732,4.2732,4.2664,221662_s_at
4.8605,4.8605,4.6766,221663_x_at
7.5315,7.5315,7.7456,221664_s_at
4.3169,4.3169,4.6363,221665_s_at
9.0452,9.0452,7.4144,221666_s_at
4.7629,4.7629,4.6691,221667_s_at
4.4316,4.4316,4.2418,221668_s_at
6.8573,6.8573,7.4579,221669_s_at
6.5793,6.5793,6.7989,221670_s_at
11.1335,11.1335,14.1415,221671_x_at
4.2733,4.2733,4.2419,221672_s_at
5.9922,5.9922,5.4668,221673_s_at
5.1004,5.1004,5.1678,221674_s_at
10.8698,10.8698,11.9953,221675_s_at
7.1916,7.1916,9.2589,221676_s_at
8.3498,8.3498,9.5807,221677_s_at
4.3435,4.3435,4.242,221678_at
4.8493,4.8493,4.2421,221679_s_at
6.5808,6.5808,5.7297,221680_s_at
5.7593,5.7593,5.5822,221681_s_at
4.2734,4.2734,4.9872,221682_s_at
6.0239,6.0239,4.825,221683_s_at
5.6558,5.6558,6.4318,221684_s_at
7.2042,7.2042,7.7323,221685_s_at
4.8331,4.8331,5.1763,221686_s_at
5.5582,5.5582,6.3091,221687_s_at
7.4923,7.4923,8.5051,221688_s_at
4.5195,4.5195,6.0781,221690_s_at
13.751,13.751,14.2674,221691_x_at
7.8583,7.8583,7.7394,221692_s_at
6.5916,6.5916,7.4345,221693_s_at
5.5605,5.5605,6.764,221695_s_at
5.3975,5.3975,5.2565,221696_s_at
4.3361,4.3361,4.4153,221697_at
4.2735,4.2735,5.0015,221698_s_at
14.5845,14.5845,14.439,221700_s_at
6.3152,6.3152,6.3728,221701_s_at
8.9922,8.9922,8.9317,221702_s_at
5.0201,5.0201,5.4075,221703_at
9.5536,9.5536,9.5838,221704_s_at
6.6939,6.6939,7.4864,221705_s_at
7.2319,7.2319,7.0901,221706_s_at
4.877,4.877,5.205,221707_s_at
8.3315,8.3315,7.9762,221708_s_at
6.9551,6.9551,5.514,221709_s_at
4.7102,4.7102,4.3824,221710_x_at
9.7684,9.7684,9.9469,221711_s_at
8.8002,8.8002,8.6893,221712_s_at
5.975,5.975,5.9468,221713_s_at
5.277,5.277,5.3986,221714_s_at
4.6469,4.6469,4.6881,221715_at
5.361,5.361,5.6025,221716_s_at
4.9857,4.9857,5.646,221717_at
10.9471,10.9471,9.8277,221718_s_at
4.2737,4.2737,4.2422,221719_s_at
4.2738,4.2738,4.2423,221720_s_at
4.2739,4.2739,4.2424,221721_s_at
4.274,4.274,4.2425,221722_x_at
5.8679,5.8679,6.1526,221723_s_at
4.442,4.442,4.3951,221724_s_at
11.9131,11.9131,11.1185,221725_at
13.6812,13.6812,14.0009,221726_at
11.2964,11.2964,10.6678,221727_at
5.4893,5.4893,5.7686,221728_x_at
4.9284,4.9284,5.1831,221729_at
4.2741,4.2741,4.2426,221730_at
5.3572,5.3572,5.0334,221731_x_at
5.3616,5.3616,6.2523,221733_s_at
7.9553,7.9553,7.1542,221734_at
9.1845,9.1845,9.0267,221735_at
8.5988,8.5988,7.8074,221736_at
8.1556,8.1556,8.5102,221737_at
6.8889,6.8889,6.9942,221738_at
9.1307,9.1307,9.1905,221739_at
5.9946,5.9946,5.885,221740_x_at
8.6045,8.6045,8.0823,221742_at
11.2461,11.2461,10.8157,221743_at
6.3608,6.3608,6.7063,221744_at
6.4937,6.4937,6.8179,221745_at
6.9988,6.9988,7.996,221746_at
6.3184,6.3184,4.2612,221747_at
8.1002,8.1002,5.9755,221748_s_at
10.0611,10.0611,8.8155,221749_at
10.0722,10.0722,9.3507,221751_at
6.4521,6.4521,7.5453,221752_at
6.9217,6.9217,7.4656,221753_at
4.4526,4.4526,4.2427,221754_s_at
7.5036,7.5036,7.8426,221755_at
10.2023,10.2023,7.716,221756_at
6.3815,6.3815,6.7045,221757_at
5.8757,5.8757,7.466,221758_at
4.8807,4.8807,4.7614,221759_at
10.9347,10.9347,9.406,221760_at
7.1926,7.1926,7.1687,221761_at
7.1238,7.1238,6.6886,221762_s_at
7.0561,7.0561,7.7378,221764_at
6.9547,6.9547,5.4947,221765_at
7.2433,7.2433,7.5205,221766_s_at
8.7756,8.7756,8.422,221767_x_at
10.7459,10.7459,9.7675,221768_at
8.1579,8.1579,7.7748,221769_at
6.0077,6.0077,5.8495,221770_at
6.6283,6.6283,7.0811,221771_s_at
6.2583,6.2583,4.5051,221772_s_at
11.0574,11.0574,7.38,221773_at
7.7164,7.7164,8.169,221774_x_at
14.8431,14.8431,14.8892,221775_x_at
9.3636,9.3636,9.7553,221776_s_at
4.9343,4.9343,6.7881,221777_at
8.3742,8.3742,8.0578,221778_at
9.4634,9.4634,9.4514,221780_s_at
7.5575,7.5575,7.2464,221781_s_at
6.5275,6.5275,5.904,221782_at
6.3213,6.3213,5.5955,221783_at
4.5971,4.5971,4.2899,221784_at
4.5021,4.5021,4.9586,221785_at
6.268,6.268,5.5855,221786_at
7.0379,7.0379,6.2051,221787_at
5.4369,5.4369,5.7231,221788_at
8.2095,8.2095,8.2504,221789_x_at
5.8367,5.8367,6.5072,221790_s_at
14.7155,14.7155,14.7075,221791_s_at
6.2489,6.2489,6.2278,221792_at
4.2742,4.2742,4.2428,221793_at
4.7998,4.7998,4.5546,221794_at
4.2743,4.2743,4.2429,221795_at
4.3032,4.3032,4.6734,221796_at
7.1144,7.1144,5.6014,221797_at
14.958,14.958,14.9537,221798_x_at
8.4802,8.4802,7.727,221799_at
7.6346,7.6346,7.476,221800_s_at
4.2744,4.2744,4.2429,221801_x_at
4.2745,4.2745,4.6237,221802_s_at
6.6354,6.6354,6.6685,221803_s_at
8.4721,8.4721,8.9793,221804_s_at
4.2746,4.2746,4.7913,221805_at
10.1079,10.1079,9.4694,221806_s_at
6.6348,6.6348,8.0269,221807_s_at
6.9224,6.9224,6.4191,221809_at
7.8856,7.8856,7.7689,221810_at
6.5102,6.5102,5.8285,221811_at
7.9328,7.9328,8.1274,221812_at
6.5003,6.5003,6.1911,221813_at
4.2747,4.2747,4.6062,221814_at
6.9075,6.9075,6.0177,221815_at
10.8788,10.8788,11.0788,221816_s_at
7.4999,7.4999,8.686,221817_at
7.037,7.037,6.9182,221818_at
8.9637,8.9637,9.1779,221819_at
8.2055,8.2055,7.8925,221820_s_at
10.7431,10.7431,10.9517,221821_s_at
7.9378,7.9378,7.6429,221822_at
6.3201,6.3201,6.8271,221823_at
10.5349,10.5349,9.0622,221824_s_at
7.9433,7.9433,8.3978,221825_at
7.6183,7.6183,7.9416,221826_at
9.6471,9.6471,8.4761,221827_at
5.3535,5.3535,4.243,221828_s_at
13.0382,13.0382,12.5031,221829_s_at
8.0145,8.0145,8.2708,221830_at
7.6951,7.6951,6.8736,221831_at
8.2694,8.2694,7.5586,221832_s_at
7.5047,7.5047,6.5772,221833_at
8.9005,8.9005,7.5383,221834_at
4.4018,4.4018,4.5303,221835_at
7.3081,7.3081,7.291,221836_s_at
4.2748,4.2748,4.2431,221837_at
4.2749,4.2749,5.4693,221838_at
8.5604,8.5604,9.1463,221839_s_at
13.1049,13.1049,11.1675,221840_at
8.2851,8.2851,6.688,221841_s_at
10.3025,10.3025,10.2712,221842_s_at
4.4318,4.4318,5.0468,221843_s_at
10.9639,10.9639,12.3179,221844_x_at
6.14,6.14,6.8896,221845_s_at
5.4097,5.4097,4.3748,221846_s_at
9.4604,9.4604,8.0298,221847_at
6.958,6.958,7.2416,221849_s_at
8.2222,8.2222,8.25,221850_x_at
4.6092,4.6092,5.3116,221851_at
4.275,4.275,4.2432,221852_at
8.7549,8.7549,8.7411,221853_s_at
4.2751,4.2751,4.2674,221854_at
7.4475,7.4475,7.8782,221855_at
7.21,7.21,7.0303,221857_s_at
5.3914,5.3914,5.392,221858_at
6.5009,6.5009,6.7671,221859_at
8.8602,8.8602,8.4791,221860_at
8.21,8.21,6.4117,221861_at
6.2225,6.2225,6.4745,221862_at
4.788,4.788,4.832,221863_at
8.8476,8.8476,8.0024,221864_at
8.3422,8.3422,7.4521,221865_at
7.1727,7.1727,7.0479,221866_at
7.1464,7.1464,5.9138,221867_at
5.6904,5.6904,5.9796,221868_at
6.6219,6.6219,6.106,221869_at
4.3951,4.3951,4.3246,221870_at
6.2351,6.2351,6.7612,221871_s_at
4.6718,4.6718,4.7182,221872_at
7.8767,7.8767,8.6748,221873_at
5.1354,5.1354,5.4477,221874_at
13.7674,13.7674,12.6741,221875_x_at
6.8502,6.8502,6.2623,221876_at
9.0434,9.0434,7.0343,221877_at
7.6388,7.6388,7.4807,221878_at
6.6458,6.6458,4.8272,221880_s_at
5.6363,5.6363,7.2268,221881_s_at
6.1605,6.1605,6.834,221882_s_at
6.3706,6.3706,5.5709,221883_at
5.6436,5.6436,4.2433,221884_at
5.2591,5.2591,4.3207,221885_at
4.2752,4.2752,4.948,221886_at
6.4348,6.4348,6.6053,221888_at
5.2982,5.2982,5.3138,221889_at
8.5117,8.5117,8.5457,221890_at
14.2242,14.2242,13.7026,221891_x_at
5.876,5.876,5.3872,221892_at
7.1823,7.1823,7.0241,221893_s_at
6.0634,6.0634,4.8683,221894_at
6.0353,6.0353,6.6695,221895_at
7.9748,7.9748,9.6273,221896_s_at
6.6676,6.6676,6.1459,221897_at
4.2939,4.2939,5.1051,221898_at
9.9824,9.9824,8.8121,221899_at
4.2753,4.2753,4.818,221900_at
4.2754,4.2754,4.3347,221901_at
4.2756,4.2756,4.9347,221902_at
10.4545,10.4545,10.2958,221903_s_at
6.637,6.637,6.0696,221904_at
8.145,8.145,8.4401,221905_at
6.2253,6.2253,6.0199,221906_at
7.7895,7.7895,7.6119,221907_at
7.6029,7.6029,7.0538,221908_at
8.2149,8.2149,7.3723,221909_at
5.1827,5.1827,5.4473,221910_at
4.2757,4.2757,4.2434,221911_at
6.3613,6.3613,4.4591,221912_s_at
6.2236,6.2236,5.8707,221913_at
5.1846,5.1846,5.8993,221914_at
6.1198,6.1198,6.0456,221915_s_at
5.2674,5.2674,5.5795,221916_at
5.8464,5.8464,6.1591,221917_s_at
9.2561,9.2561,9.1627,221918_at
7.5301,7.5301,7.2629,221919_at
6.2284,6.2284,5.689,221920_s_at
5.0543,5.0543,4.5211,221921_s_at
7.9126,7.9126,7.1597,221922_at
12.4087,12.4087,13.1782,221923_s_at
6.7405,6.7405,6.7224,221924_at
5.7445,5.7445,5.548,221925_s_at
4.2758,4.2758,4.2435,221926_s_at
6.9056,6.9056,7.6093,221927_s_at
6.6268,6.6268,6.8315,221928_at
6.3766,6.3766,5.7016,221929_at
5.2762,5.2762,5.0855,221930_at
8.627,8.627,8.7599,221931_s_at
10.9301,10.9301,12.6291,221932_s_at
4.2759,4.2759,4.2436,221933_at
7.9077,7.9077,8.6476,221934_s_at
6.2415,6.2415,6.7458,221935_s_at
4.2906,4.2906,4.4509,221936_x_at
7.4217,7.4217,6.888,221937_at
7.3292,7.3292,7.3008,221938_x_at
5.6885,5.6885,4.6915,221939_at
7.0087,7.0087,7.3868,221940_at
7.3832,7.3832,7.5372,221941_at
8.8935,8.8935,6.6522,221942_s_at
8.5728,8.5728,8.2851,221943_x_at
6.2,6.2,5.3109,221944_at
6.2577,6.2577,5.8765,221945_at
4.276,4.276,4.2437,221946_at
5.9234,5.9234,4.8959,221947_at
4.532,4.532,4.2438,221948_s_at
5.0157,5.0157,5.4371,221949_at
4.2761,4.2761,4.2439,221950_at
7.8471,7.8471,7.1734,221951_at
14.4848,14.4848,14.5611,221952_x_at
8.3037,8.3037,7.8868,221953_s_at
7.0458,7.0458,7.3719,221954_at
4.2762,4.2762,4.244,221955_at
4.9168,4.9168,4.8151,221956_at
7.3734,7.3734,7.0784,221957_at
4.2763,4.2763,4.2441,221958_s_at
4.2764,4.2764,4.28,221959_at
7.1895,7.1895,7.0152,221960_s_at
6.9486,6.9486,6.2304,221961_at
7.1552,7.1552,6.4197,221962_s_at
7.5616,7.5616,7.5286,221963_x_at
4.2907,4.2907,5.8097,221964_at
8.6244,8.6244,9.3273,221965_at
4.9532,4.9532,5.364,221966_at
5.9564,5.9564,5.9253,221967_at
4.2765,4.2765,4.2442,221968_s_at
13.0547,13.0547,13.3648,221969_at
8.25,8.25,8.1914,221971_x_at
7.1674,7.1674,7.3095,221972_s_at
7.8567,7.8567,8.116,221973_at
6.0745,6.0745,4.9062,221974_at
6.6041,6.6041,5.1719,221975_s_at
5.374,5.374,5.0007,221976_s_at
4.3834,4.3834,4.2443,221977_at
8.191,8.191,7.6229,221978_at
6.6735,6.6735,8.153,221979_at
5.2013,5.2013,5.2719,221980_at
4.3995,4.3995,4.2879,221981_s_at
5.0182,5.0182,4.6693,221982_x_at
9.4808,9.4808,8.2555,221983_at
10.2076,10.2076,9.3913,221984_s_at
11.3876,11.3876,10.0362,221985_at
10.3632,10.3632,9.1132,221986_s_at
6.1848,6.1848,6.9463,221987_s_at
7.3429,7.3429,7.8402,221988_at
8.015,8.015,8.2777,221989_at
6.062,6.062,5.6018,221990_at
4.7423,4.7423,5.9881,221991_at
7.2914,7.2914,6.6225,221992_at
4.2766,4.2766,4.2444,221993_s_at
4.842,4.842,5.1015,221994_at
6.3176,6.3176,6.5729,221995_s_at
4.2767,4.2767,4.4021,221996_s_at
6.1137,6.1137,6.1209,221997_s_at
8.8389,8.8389,8.897,221998_s_at
6.8293,6.8293,6.6726,221999_at
8.2634,8.2634,8.2717,222000_at
8.0767,8.0767,8.0845,222001_x_at
4.5812,4.5812,4.2445,222002_at
4.7349,4.7349,4.4645,222003_s_at
4.2768,4.2768,4.2866,222004_s_at
6.5066,6.5066,6.9021,222005_s_at
8.8947,8.8947,9.3521,222006_at
4.2769,4.2769,4.2445,222007_s_at
4.3266,4.3266,4.2801,222008_at
4.6913,4.6913,4.3098,222009_at
9.8036,9.8036,9.9679,222010_at
8.1847,8.1847,8.6265,222011_s_at
4.5219,4.5219,4.3099,222012_at
4.2975,4.2975,4.288,222013_x_at
7.7332,7.7332,7.6483,222014_x_at
5.2773,5.2773,4.8131,222015_at
4.6363,4.6363,5.211,222016_s_at
9.0502,9.0502,8.4747,222017_x_at
9.1087,9.1087,7.8762,222018_at
5.3705,5.3705,5.1416,222019_at
4.2771,4.2771,4.6682,222020_s_at
10.7742,10.7742,11.0772,222021_x_at
4.7695,4.7695,5.8715,222022_at
6.6611,6.6611,5.7955,222023_at
10.5577,10.5577,8.7346,222024_s_at
5.0581,5.0581,4.8452,222025_s_at
6.5254,6.5254,6.7687,222026_at
8.6249,8.6249,8.8619,222027_at
8.0823,8.0823,8.5441,222028_at
7.6233,7.6233,7.797,222029_x_at
8.5061,8.5061,8.5278,222030_at
4.8028,4.8028,4.2446,222031_at
8.0015,8.0015,7.2962,222032_s_at
4.2772,4.2772,4.2447,222033_s_at
8.8742,8.8742,8.2541,222034_at
11.9776,11.9776,11.6927,222035_s_at
9.0856,9.0856,9.825,222036_s_at
7.4023,7.4023,8.4352,222037_at
5.7571,5.7571,6.0364,222038_s_at
8.5278,8.5278,9.5934,222039_at
10.7656,10.7656,11.3371,222040_at
7.0119,7.0119,7.0159,222041_at
4.6958,4.6958,4.6154,222042_x_at
5.5469,5.5469,5.0174,222043_at
10.6869,10.6869,10.691,222044_at
9.8457,9.8457,9.672,222045_s_at
7.3327,7.3327,7.8929,222046_at
13.2627,13.2627,13.1739,222047_s_at
5.4446,5.4446,5.3738,222048_at
4.2773,4.2773,4.6156,222049_s_at
5.2544,5.2544,5.4444,222050_at
4.9403,4.9403,4.6802,222051_s_at
9.031,9.031,8.4915,222052_at
4.3526,4.3526,4.8461,222053_at
4.5781,4.5781,5.0647,222054_at
4.2774,4.2774,4.4456,222055_at
8.6355,8.6355,7.7579,222056_s_at
7.0624,7.0624,4.8311,222057_at
5.5995,5.5995,5.9339,222058_at
4.2775,4.2775,4.2585,222059_at
5.9187,5.9187,5.5686,222060_at
4.9081,4.9081,4.2448,222061_at
4.2941,4.2941,4.2449,222062_at
4.8864,4.8864,4.889,222063_s_at
7.7843,7.7843,8.161,222064_s_at
8.8315,8.8315,8.7878,222065_s_at
4.7793,4.7793,4.9927,222066_at
9.5991,9.5991,9.5053,222067_x_at
4.3935,4.3935,4.245,222068_s_at
4.2776,4.2776,4.3537,222069_s_at
7.0448,7.0448,6.9541,222070_at
4.5391,4.5391,4.2451,222071_s_at
4.9007,4.9007,5.9852,222072_at
4.2777,4.2777,4.7364,222073_at
6.6424,6.6424,6.621,222074_at
4.5718,4.5718,5.7601,222075_s_at
4.2778,4.2778,4.2638,222076_at
9.3514,9.3514,9.8357,222077_s_at
4.2779,4.2779,4.9316,222078_at
7.5833,7.5833,5.3249,222079_at
4.5393,4.5393,4.9848,222080_s_at
5.5697,5.5697,4.2452,222081_at
5.786,5.786,6.2315,222082_at
4.278,4.278,4.2453,222083_at
4.2781,4.2781,4.6828,222084_s_at
4.3136,4.3136,4.3883,222085_at
4.2782,4.2782,4.2454,222086_s_at
4.5637,4.5637,4.8337,222087_at
6.3532,6.3532,6.0144,222088_s_at
4.3227,4.3227,4.2455,222089_s_at
4.8018,4.8018,4.2456,222090_at
4.5747,4.5747,4.4139,222091_at
4.5529,4.5529,4.8463,222092_at
5.8377,5.8377,5.5149,222093_s_at
5.4355,5.4355,4.5965,222094_at
4.3229,4.3229,4.4821,222095_s_at
4.8435,4.8435,5.7216,222096_x_at
5.4287,5.4287,4.5576,222097_at
4.6764,4.6764,4.902,222098_s_at
9.6812,9.6812,9.5115,222099_s_at
5.3286,5.3286,4.8661,222100_at
6.221,6.221,5.2861,222101_s_at
5.1681,5.1681,4.6064,222102_at
7.198,7.198,7.6608,222104_x_at
8.2417,8.2417,7.3155,222105_s_at
4.6975,4.6975,4.991,222106_at
5.5475,5.5475,5.6503,222107_x_at
5.1263,5.1263,5.3032,222108_at
6.7063,6.7063,6.5711,222109_at
6.1775,6.1775,6.6464,222110_at
6.2173,6.2173,5.5617,222111_at
4.2783,4.2783,4.2613,222112_at
6.2267,6.2267,6.7609,222113_s_at
4.3813,4.3813,4.3709,222114_x_at
5.6651,5.6651,5.181,222115_x_at
5.8145,5.8145,5.924,222116_s_at
4.3527,4.3527,4.31,222117_s_at
7.409,7.409,8.1055,222118_at
9.2187,9.2187,8.0217,222119_s_at
7.0817,7.0817,6.8515,222120_at
4.2785,4.2785,4.2457,222121_at
9.7718,9.7718,9.1879,222122_s_at
4.7275,4.7275,4.8864,222123_s_at
4.6342,4.6342,4.3826,222124_at
6.8931,6.8931,5.9889,222126_at
8.831,8.831,8.1397,222127_s_at
6.2494,6.2494,5.8079,222128_at
8.0078,8.0078,7.7642,222129_at
6.299,6.299,7.508,222130_s_at
7.5912,7.5912,8.2458,222131_x_at
7.5368,7.5368,8.2413,222132_s_at
7.3295,7.3295,6.7797,222133_s_at
5.8135,5.8135,4.4103,222134_at
4.4584,4.4584,5.1371,222135_at
8.3785,8.3785,7.3015,222136_x_at
5.273,5.273,5.5688,222137_at
10.1419,10.1419,8.4707,222138_s_at
7.9698,7.9698,6.1184,222139_at
7.1491,7.1491,6.4527,222140_s_at
5.3997,5.3997,5.0338,222141_at
8.4303,8.4303,8.4142,222142_at
8.5863,8.5863,8.6663,222143_s_at
4.5599,4.5599,4.2458,222144_at
6.8634,6.8634,7.6062,222145_at
12.073,12.073,10.3761,222146_s_at
6.764,6.764,6.8944,222147_s_at
8.2045,8.2045,7.8946,222148_s_at
7.4649,7.4649,6.1378,222149_x_at
10.2055,10.2055,8.4981,222150_s_at
6.6995,6.6995,6.7906,222151_s_at
6.9133,6.9133,6.3489,222152_at
4.8966,4.8966,4.2459,222153_at
7.8467,7.8467,9.2376,222154_s_at
5.7631,5.7631,6.13,222155_s_at
5.1649,5.1649,4.7518,222156_x_at
7.6373,7.6373,8.5329,222157_s_at
8.54,8.54,9.0749,222158_s_at
6.3489,6.3489,5.1734,222159_at
7.4108,7.4108,7.3734,222160_at
4.2786,4.2786,4.2459,222161_at
4.2787,4.2787,4.332,222162_s_at
8.1081,8.1081,8.5462,222163_s_at
7.697,7.697,6.7116,222164_at
7.8503,7.8503,8.3272,222165_x_at
5.4289,5.4289,5.2366,222166_at
5.6897,5.6897,6.175,222167_at
4.5424,4.5424,4.5434,222168_at
6.5221,6.5221,6.5099,222169_x_at
4.2788,4.2788,4.9371,222170_at
4.3302,4.3302,4.246,222171_s_at
5.0885,5.0885,4.2461,222172_at
4.6066,4.6066,4.3141,222173_s_at
4.3124,4.3124,4.8322,222174_at
9.5364,9.5364,9.2214,222175_s_at
4.7915,4.7915,5.1933,222176_at
4.8712,4.8712,4.2462,222177_s_at
4.2789,4.2789,4.9267,222178_s_at
5.5932,5.5932,6.299,222179_at
7.0607,7.0607,5.1749,222180_at
4.4279,4.4279,5.3105,222181_at
10.6571,10.6571,9.5153,222182_s_at
4.687,4.687,4.8374,222183_x_at
5.2529,5.2529,4.4428,222184_at
6.1789,6.1789,6.7048,222185_at
7.837,7.837,8.0255,222186_at
6.959,6.959,6.9965,222187_x_at
4.4194,4.4194,4.2463,222188_at
5.2792,5.2792,5.6401,222189_at
5.9344,5.9344,4.599,222190_s_at
6.6139,6.6139,6.7243,222191_s_at
6.1781,6.1781,6.1406,222192_s_at
6.2961,6.2961,6.0483,222193_at
4.279,4.279,4.2699,222194_at
8.0171,8.0171,7.3947,222195_s_at
4.7572,4.7572,4.2614,222196_at
5.6639,5.6639,4.5967,222197_s_at
4.2791,4.2791,4.3472,222198_at
8.3235,8.3235,7.1532,222200_s_at
6.624,6.624,6.2648,222201_s_at
4.4129,4.4129,4.2464,222202_at
8.2349,8.2349,8.1455,222203_s_at
7.8632,7.8632,7.5036,222204_s_at
5.5948,5.5948,5.2955,222205_x_at
7.4756,7.4756,7.0142,222206_s_at
8.9443,8.9443,8.3164,222207_x_at
5.8115,5.8115,6.0226,222208_s_at
7.0337,7.0337,6.4701,222209_s_at
4.2792,4.2792,5.276,222210_at
4.4328,4.4328,4.6066,222211_x_at
9.1144,9.1144,9.2369,222212_s_at
4.6621,4.6621,5.1589,222213_x_at
7.9023,7.9023,7.109,222214_at
5.8387,5.8387,6.3448,222215_at
7.0107,7.0107,7.1803,222216_s_at
6.3398,6.3398,5.8985,222218_s_at
5.3187,5.3187,5.428,222219_s_at
5.4537,5.4537,5.8638,222220_s_at
7.9395,7.9395,7.9433,222221_x_at
4.2793,4.2793,4.2465,222222_s_at
4.5221,4.5221,4.6506,222223_s_at
5.0203,5.0203,4.6302,222224_at
4.8077,4.8077,5.067,222225_at
4.2794,4.2794,4.2466,222226_at
4.6266,4.6266,4.7793,222227_at
6.3859,6.3859,6.343,222228_s_at
11.884,11.884,11.9155,222229_x_at
9.6249,9.6249,9.4178,222230_s_at
10.5719,10.5719,11.4931,222231_s_at
8.0629,8.0629,8.4712,222233_s_at
5.2381,5.2381,5.5591,222234_s_at
8.835,8.835,8.9081,222235_s_at
4.7464,4.7464,4.9392,222236_s_at
4.9816,4.9816,4.3003,222237_s_at
6.1178,6.1178,5.5808,222238_s_at
6.1554,6.1554,5.6224,222239_s_at
6.5183,6.5183,7.5054,222240_s_at
4.7978,4.7978,6.1203,222241_at
5.8513,5.8513,6.4357,222242_s_at
6.4713,6.4713,6.8809,222243_s_at
12.2598,12.2598,11.8985,222244_s_at
5.6476,5.6476,5.3066,222245_s_at
4.2795,4.2795,4.273,222246_at
4.7351,4.7351,4.8491,222247_at
4.2796,4.2796,4.4013,222248_s_at
5.0015,5.0015,4.7711,222249_at
6.6744,6.6744,5.2086,222250_s_at
7.3397,7.3397,7.035,222252_x_at
5.4295,5.4295,4.729,222253_s_at
4.689,4.689,5.2982,222254_at
4.2797,4.2797,4.2467,222255_at
6.5438,6.5438,6.2412,222256_s_at
4.2798,4.2798,5.7621,222257_s_at
8.1552,8.1552,7.8974,222258_s_at
4.6581,4.6581,5.3938,222259_s_at
5.5596,5.5596,4.2709,222260_at
4.7064,4.7064,4.2468,222261_at
5.7867,5.7867,5.6114,222262_s_at
6.5245,6.5245,6.809,222263_at
7.2032,7.2032,6.7181,222264_at
4.3997,4.3997,4.3827,222265_at
7.7551,7.7551,7.1269,222266_at
4.3729,4.3729,5.6088,222267_at
4.2799,4.2799,4.4333,222268_x_at
6.1115,6.1115,5.9284,222269_at
7.3172,7.3172,7.0182,222270_at
5.9349,5.9349,5.7119,222271_at
6.323,6.323,5.5869,222272_x_at
5.548,5.548,5.3361,222273_at
5.4866,5.4866,5.793,222274_at
6.4695,6.4695,6.8195,222275_at
5.4093,5.4093,5.2354,222276_at
5.6673,5.6673,5.9553,222277_at
4.633,4.633,4.4429,222278_at
7.8713,7.8713,7.6392,222279_at
7.8999,7.8999,8.0772,222280_at
5.1935,5.1935,5.3835,222281_s_at
9.8778,9.8778,8.3991,222282_at
5.3946,5.3946,6.0916,222283_at
6.2475,6.2475,7.1414,222284_at
6.9334,6.9334,6.27,222285_at
5.3648,5.3648,5.0983,222286_at
4.28,4.28,4.2469,222287_at
4.2801,4.2801,4.247,222288_at
4.4748,4.4748,4.4838,222289_at
5.124,5.124,5.6104,222290_at
4.6068,4.6068,4.4356,222291_at
6.1049,6.1049,5.6212,222292_at
5.187,5.187,4.9483,222293_at
7.3493,7.3493,7.4227,222294_s_at
4.2942,4.2942,4.3226,222295_x_at
4.4669,4.4669,4.2573,222296_at
8.3613,8.3613,8.3699,222297_x_at
4.2943,4.2943,4.2471,222298_at
4.8981,4.8981,4.602,222299_x_at
4.809,4.809,5.2152,222300_at
6.4271,6.4271,6.9341,222301_at
6.5787,6.5787,6.538,222302_at
9.5838,9.5838,8.6721,222303_at
6.3158,6.3158,5.6436,222304_x_at
4.6783,4.6783,5.1358,222305_at
5.4304,5.4304,6.0461,222306_at
7.569,7.569,7.417,222307_at
5.3403,5.3403,5.7354,222308_x_at
8.6882,8.6882,7.7336,222309_at
7.3005,7.3005,7.39,222310_at
8.1923,8.1923,7.9345,222311_s_at
5.2593,5.2593,4.2472,222312_s_at
8.6545,8.6545,7.6445,222313_at
4.4797,4.4797,4.2473,222314_x_at
8.8777,8.8777,9.4999,222315_at
5.3318,5.3318,5.7634,222316_at
4.4542,4.4542,5.0424,222317_at
6.0563,6.0563,6.1764,222318_at
6.3745,6.3745,5.1528,222319_at
5.5804,5.5804,5.446,222320_at
5.5707,5.5707,4.7134,222321_at
6.053,6.053,5.027,222322_at
5.5483,5.5483,4.3329,222323_at
4.2802,4.2802,4.9124,222324_at
4.2804,4.2804,4.2473,222325_at
6.9402,6.9402,5.4893,222326_at
6.5251,6.5251,6.9198,222327_x_at
4.2805,4.2805,5.4015,222328_x_at
6.5626,6.5626,4.6158,222329_x_at
4.4656,4.4656,4.9395,222330_at
4.9691,4.9691,4.2474,222331_at
4.7854,4.7854,4.2475,222332_at
6.9635,6.9635,7.2422,222333_at
6.7674,6.7674,6.3549,222334_at
5.9551,5.9551,5.2071,222335_at
4.9362,4.9362,5.0222,222336_at
6.4707,6.4707,5.3933,222337_at
7.5095,7.5095,7.8754,222338_x_at
6.6685,6.6685,5.4626,222339_x_at
5.129,5.129,4.614,222340_at
4.6915,4.6915,5.0959,222341_x_at
4.2806,4.2806,4.2476,222342_at
5.5229,5.5229,8.5263,222343_at
6.3927,6.3927,5.953,222344_at
4.2807,4.2807,5.4397,222345_at
4.323,4.323,4.4811,222346_at
4.6672,4.6672,5.4373,222347_at
4.2808,4.2808,4.2477,222348_at
5.0306,5.0306,5.6133,222349_x_at
4.2809,4.2809,5.3042,222350_at
4.8342,4.8342,5.0314,222351_at
6.4862,6.4862,6.8049,222352_at
5.3167,5.3167,4.5842,222353_at
4.281,4.281,4.2478,222354_at
5.1356,5.1356,4.3363,222355_at
5.4099,5.4099,5.6297,222356_at
6.5078,6.5078,4.437,222357_at
6.588,6.588,6.2338,222358_x_at
4.2811,4.2811,4.2479,222359_x_at
6.4727,6.4727,5.9639,222360_at
5.301,5.301,4.6225,222361_at
5.532,5.532,4.8217,222362_at
4.673,4.673,6.2632,222363_at
5.9647,5.9647,4.248,222364_at
4.4329,4.4329,4.2481,222365_at
8.2386,8.2386,7.8221,222366_at
6.6287,6.6287,6.3637,222367_at
7.0801,7.0801,7.5803,222368_at
6.5841,6.5841,6.6501,222369_at
6.1156,6.1156,6.5183,222370_x_at
8.4235,8.4235,7.0814,222371_at
4.2812,4.2812,4.4786,222372_at
4.3072,4.3072,4.2482,222373_at
5.3438,5.3438,4.2627,222374_at
5.9857,5.9857,5.6841,222375_at
5.6271,5.6271,5.9455,222376_at
5.0507,5.0507,4.8169,222377_at
5.4426,5.4426,5.4522,222378_at
4.3953,4.3953,4.484,222379_at
8.7433,8.7433,8.0061,222380_s_at
5.6747,5.6747,5.2303,222381_at
5.6982,5.6982,6.3491,222382_x_at
4.2813,4.2813,4.2483,222383_s_at
5.4614,5.4614,5.1468,222384_at
8.5543,8.5543,8.0875,243_g_at
9.4156,9.4156,9.0118,266_s_at
7.1245,7.1245,7.2664,31637_s_at
4.8574,4.8574,4.5268,31799_at
9.3665,9.3665,9.2065,31807_at
8.1265,8.1265,7.7179,31826_at
5.3807,5.3807,5.669,31835_at
8.9829,8.9829,8.8058,31837_at
8.5983,8.5983,9.8641,31845_at
7.5342,7.5342,8.2244,31846_at
8.2005,8.2005,8.3713,31861_at
5.8049,5.8049,5.301,31874_at
6.7706,6.7706,6.9684,320_at
8.2911,8.2911,8.4811,32029_at
9.1476,9.1476,8.3376,32032_at
5.8821,5.8821,5.113,32042_at
7.2585,7.2585,6.7147,32062_at
8.5538,8.5538,7.0534,32069_at
4.2814,4.2814,4.3579,32088_at
8.6519,8.6519,8.0781,32091_at
5.1301,5.1301,5.5017,32094_at
8.3028,8.3028,8.577,32099_at
4.4527,4.4527,4.802,32128_at
7.0925,7.0925,6.9098,32137_at
8.1825,8.1825,8.6577,32209_at
8.1851,8.1851,7.4503,32259_at
5.8824,5.8824,5.527,32402_s_at
5.7216,5.7216,6.0478,32502_at
6.0894,6.0894,6.2557,32540_at
8.1041,8.1041,6.9596,32541_at
4.6104,4.6104,4.5128,32625_at
5.511,5.511,6.3193,32699_s_at
5.8669,5.8669,5.83,32723_at
7.3836,7.3836,8.5738,32811_at
8.2326,8.2326,8.5498,32836_at
8.0828,8.0828,8.7616,32837_at
10.8245,10.8245,10.3423,33132_at
7.3539,7.3539,6.7559,33148_at
6.5986,6.5986,6.1311,33197_at
12.2115,12.2115,10.8892,33304_at
8.1951,8.1951,8.2758,33307_at
8.9353,8.9353,10.2348,33322_i_at
7.1252,7.1252,7.0185,33323_r_at
5.4896,5.4896,5.9048,33494_at
5.9439,5.9439,6.7424,33579_i_at
5.6808,5.6808,5.1418,33646_g_at
6.8097,6.8097,5.7329,33736_at
6.5335,6.5335,5.6827,33760_at
4.4774,4.4774,4.9767,33767_at
7.3067,7.3067,8.1887,33768_at
8.3502,8.3502,8.3756,33778_at
6.6741,6.6741,6.9276,33814_at
7.5028,7.5028,7.2059,33850_at
5.8295,5.8295,4.999,34031_i_at
5.7497,5.7497,5.7253,34063_at
5.0785,5.0785,5.1123,34187_at
7.0238,7.0238,7.288,34206_at
12.0623,12.0623,12.1371,34210_at
8.029,8.029,7.7414,34221_at
8.4856,8.4856,8.6669,34225_at
8.0521,8.0521,7.7871,34260_at
8.3718,8.3718,7.7187,34406_at
6.1063,6.1063,6.5626,34449_at
5.4079,5.4079,4.2484,34471_at
4.2815,4.2815,4.8916,34478_at
8.0281,8.0281,8.7067,34689_at
5.0932,5.0932,5.4595,34697_at
7.5494,7.5494,6.062,34726_at
6.4016,6.4016,6.2199,34764_at
6.7819,6.7819,7.0787,34846_at
8.1628,8.1628,8.4069,34858_at
8.3075,8.3075,8.0175,34868_at
6.9557,6.9557,5.986,35147_at
4.4936,4.4936,4.2484,35148_at
7.3997,7.3997,7.5472,35150_at
9.4672,9.4672,8.7045,35156_at
8.3823,8.3823,7.8673,35160_at
6.9991,6.9991,6.9998,35179_at
9.8998,9.8998,10.5887,35201_at
7.5886,7.5886,7.1779,35254_at
6.8128,6.8128,7.1657,35265_at
7.1283,7.1283,7.0988,35436_at
7.5453,7.5453,7.4785,35617_at
6.4283,6.4283,7.4116,35626_at
6.4604,6.4604,6.9932,35666_at
8.2186,8.2186,8.5157,35671_at
8.7161,8.7161,8.5147,35685_at
7.1384,7.1384,6.7603,35776_at
6.7537,6.7537,8.746,35820_at
6.5123,6.5123,6.7857,35846_at
9.6786,9.6786,10.2723,35974_at
7.8273,7.8273,8.1565,36004_at
9.1594,9.1594,8.9781,36019_at
8.1668,8.1668,7.2356,36030_at
6.903,6.903,6.1168,36084_at
10.1182,10.1182,10.0068,36129_at
6.6111,6.6111,7.4536,36475_at
5.663,5.663,6.2973,36499_at
8.2073,8.2073,7.5863,36545_s_at
8.2353,8.2353,8.3661,36552_at
9.7858,9.7858,9.6712,36553_at
7.7289,7.7289,8.3905,36554_at
5.9482,5.9482,5.609,36564_at
7.0938,7.0938,6.9599,36566_at
5.9174,5.9174,5.7667,36612_at
7.212,7.212,9.3464,36711_at
4.5197,4.5197,4.8755,36742_at
10.7321,10.7321,8.6997,36829_at
6.1065,6.1065,7.0801,36830_at
6.728,6.728,6.3503,36865_at
9.7939,9.7939,10.6055,36888_at
8.3771,8.3771,8.5988,36907_at
5.993,5.993,5.2041,36920_at
9.9853,9.9853,9.4453,36994_at
4.3676,4.3676,5.2058,37004_at
6.5653,6.5653,7.4055,37005_at
9.3891,9.3891,10.1693,37012_at
4.2816,4.2816,4.2485,37020_at
5.829,5.829,5.975,37022_at
9.5734,9.5734,9.4664,37028_at
4.8474,4.8474,5.3172,37079_at
5.2277,5.2277,4.8506,37117_at
4.3537,4.3537,4.3661,37145_at
6.1817,6.1817,5.3434,37170_at
8.2463,8.2463,6.8052,37201_at
7.1597,7.1597,7.5672,37226_at
5.3977,5.3977,6.3605,37232_at
6.1678,6.1678,5.5878,37254_at
8.6674,8.6674,7.8823,37278_at
9.4134,9.4134,7.7879,37384_at
7.0182,7.0182,6.9143,37408_at
7.1474,7.1474,7.4663,37424_at
6.987,6.987,6.8252,37425_g_at
5.2354,5.2354,4.8836,37433_at
10.5629,10.5629,10.5136,37462_i_at
4.4616,4.4616,5.0675,37512_at
4.9618,4.9618,4.2486,37547_at
6.4077,6.4077,6.2028,37549_g_at
4.802,4.802,4.7937,37566_at
8.0163,8.0163,8.7183,37577_at
7.5025,7.5025,7.3285,37586_at
8.4357,8.4357,8.4255,37590_g_at
8.2263,8.2263,7.6828,37652_at
6.188,6.188,5.6618,37793_r_at
9.1023,9.1023,8.2267,37796_at
4.2817,4.2817,4.2487,37802_r_at
5.9545,5.9545,5.9151,37831_at
7.7238,7.7238,7.1694,37860_at
6.8483,6.8483,7.1014,37872_at
4.2819,4.2819,4.2488,37892_at
7.0621,7.0621,6.6926,37943_at
6.842,6.842,6.5553,37950_at
4.2944,4.2944,4.4104,37953_s_at
5.6262,5.6262,5.9798,37965_at
6.4931,6.4931,6.0115,37966_at
4.282,4.282,5.2775,37986_at
6.6271,6.6271,6.7919,37996_s_at
6.4174,6.4174,6.8033,38037_at
7.4209,7.4209,6.9224,38043_at
10.0352,10.0352,9.0174,38069_at
7.8479,7.8479,9.1706,38149_at
8.2611,8.2611,8.8602,38157_at
10.6185,10.6185,11.0253,38158_at
6.7996,6.7996,5.4963,38241_at
12.1919,12.1919,12.516,38269_at
5.7231,5.7231,5.4267,38290_at
10.8863,10.8863,11.7942,38340_at
8.9734,8.9734,8.1116,38398_at
7.9537,7.9537,8.5365,38447_at
5.2972,5.2972,5.2332,38487_at
9.875,9.875,8.8442,38671_at
5.7383,5.7383,5.9271,38691_s_at
8.8269,8.8269,8.3919,38703_at
8.5303,8.5303,9.6241,38707_r_at
10.6651,10.6651,11.1118,38710_at
6.5198,6.5198,6.849,38766_at
7.8145,7.8145,7.2921,38892_at
4.8773,4.8773,4.471,38918_at
5.4397,5.4397,5.4941,39248_at
5.3488,5.3488,5.1568,39249_at
5.4,5.4,5.394,39313_at
7.4116,7.4116,13.5614,39318_at
6.706,6.706,6.0814,39402_at
4.6787,4.6787,5.1519,39548_at
4.2821,4.2821,4.2489,39549_at
8.1874,8.1874,8.3394,39582_at
7.422,7.422,7.9528,396_f_at
5.9378,5.9378,6.2182,39650_s_at
7.1604,7.1604,6.8417,39705_at
7.7226,7.7226,10.8625,39729_at
4.8269,4.8269,5.0479,39763_at
7.5814,7.5814,8.3666,39817_s_at
8.9234,8.9234,8.3431,39835_at
9.7779,9.7779,10.3561,39854_r_at
6.482,6.482,6.1082,39891_at
4.8999,4.8999,5.6179,39966_at
6.6507,6.6507,5.5974,40016_g_at
5.9881,5.9881,6.3695,40020_at
5.57,5.57,5.4433,40093_at
4.5504,4.5504,8.7188,40148_at
7.4198,7.4198,7.2336,40149_at
12.9255,12.9255,13.3507,40189_at
11.5852,11.5852,10.7998,40225_at
7.9366,7.9366,8.0569,40255_at
7.2086,7.2086,6.9211,40273_at
4.6841,4.6841,4.9743,40284_at
7.6066,7.6066,7.7258,40359_at
8.6855,8.6855,8.3604,40420_at
10.3971,10.3971,10.9225,40446_at
7.2568,7.2568,7.6006,40465_at
4.6918,4.6918,4.2802,40472_at
4.5987,4.5987,5.0207,40489_at
4.2822,4.2822,4.249,40524_at
5.0554,5.0554,4.432,40560_at
8.6893,8.6893,7.8237,40569_at
5.8536,5.8536,4.2731,40612_at
6.9735,6.9735,7.4981,40640_at
4.2823,4.2823,4.6523,40665_at
4.2824,4.2824,4.2867,40687_at
4.606,4.606,7.2788,40837_at
4.7083,4.7083,4.6435,40850_at
5.0509,5.0509,5.6058,41037_at
8.8172,8.8172,9.2977,41047_at
7.0432,7.0432,6.2042,41113_at
14.5611,14.5611,14.1637,41220_at
6.1361,6.1361,5.706,41329_at
7.0001,7.0001,8.3121,41386_i_at
6.4898,6.4898,6.9476,41387_r_at
7.356,7.356,7.2467,41397_at
5.4095,5.4095,4.9277,41469_at
8.6669,8.6669,8.0316,41512_at
5.2235,5.2235,6.0847,41553_at
9.4514,9.4514,9.0985,41577_at
6.3361,6.3361,6.4227,41644_at
6.2603,6.2603,6.7402,41657_at
4.6288,4.6288,6.1005,41660_at
6.8685,6.8685,6.6555,41856_at
8.9479,8.9479,8.8041,41858_at
6.2497,6.2497,5.2957,42361_g_at
6.1883,6.1883,6.6516,43427_at
9.1958,9.1958,7.1017,43511_s_at
7.987,7.987,7.4926,43544_at
5.4389,5.4389,5.9326,43934_at
8.7946,8.7946,8.591,43977_at
7.6801,7.6801,7.8771,44040_at
6.7624,6.7624,7.1892,44065_at
8.4821,8.4821,8.5193,44111_at
7.8241,7.8241,7.2723,44120_at
10.7487,10.7487,11.2747,44146_at
9.7321,9.7321,9.9941,44563_at
7.7398,7.7398,7.8326,44617_at
7.289,7.289,7.4882,44654_at
5.8518,5.8518,6.7405,44669_at
6.0626,6.0626,5.8747,44673_at
7.3109,7.3109,7.2278,44696_at
6.0919,6.0919,6.3477,44702_at
5.3627,5.3627,6.0494,44783_s_at
9.3651,9.3651,10.6358,44790_s_at
7.2394,7.2394,6.7094,44822_s_at
4.2825,4.2825,4.2491,45288_at
4.6267,4.6267,4.537,45297_at
9.672,9.672,9.8888,45526_g_at
11.6126,11.6126,11.6749,45572_s_at
7.4752,7.4752,8.1045,45633_at
5.6167,5.6167,5.0115,45653_at
9.0711,9.0711,9.4702,45687_at
7.1187,7.1187,6.791,45714_at
11.5234,11.5234,10.1111,45749_at
9.7235,9.7235,9.9336,45828_at
7.8414,7.8414,6.9156,46142_at
7.1178,7.1178,7.2771,46167_at
11.5194,11.5194,11.0317,46256_at
8.7232,8.7232,8.6508,46270_at
7.9849,7.9849,7.7122,46323_at
6.128,6.128,4.2804,46665_at
6.0229,6.0229,5.4641,46947_at
7.4231,7.4231,7.0209,47069_at
9.29,9.29,9.4552,47083_at
6.1865,6.1865,6.3529,47105_at
7.7717,7.7717,7.5687,47530_at
4.2826,4.2826,4.6667,47550_at
4.2827,4.2827,4.2492,47553_at
6.4808,6.4808,5.5158,47560_at
6.7106,6.7106,7.2076,47571_at
8.4727,8.4727,8.3512,47608_at
8.3098,8.3098,8.101,47773_at
7.9615,7.9615,9.0255,48030_i_at
5.4141,5.4141,5.2409,48031_r_at
7.2295,7.2295,6.1038,48106_at
7.8652,7.8652,7.8595,48117_at
7.4288,7.4288,8.5133,48531_at
10.71,10.71,10.5312,48580_at
9.056,9.056,9.2823,48612_at
8.0798,8.0798,8.493,48659_at
9.7904,9.7904,10.4185,48808_at
6.835,6.835,6.7725,48825_at
4.7632,4.7632,4.565,49049_at
5.174,5.174,5.1973,49051_g_at
7.3954,7.3954,7.7496,49077_at
8.3507,8.3507,6.364,49111_at
5.1078,5.1078,5.0929,49306_at
7.4321,7.4321,7.0878,49327_at
7.2339,7.2339,7.4901,49329_at
6.6711,6.6711,6.9457,49452_at
7.2588,7.2588,7.7087,49485_at
7.977,7.977,7.6985,49679_s_at
8.5806,8.5806,8.6307,49878_at
7.7571,7.7571,7.4627,50221_at
11.4126,11.4126,11.6948,50277_at
6.4177,6.4177,7.0661,50314_i_at
8.2961,8.2961,7.1218,50374_at
8.1055,8.1055,7.6388,50376_at
7.445,7.445,7.5098,50400_at
5.9787,5.9787,6.2686,50965_at
5.7504,5.7504,4.2493,51146_at
6.6213,6.6213,5.0045,51158_at
8.6942,8.6942,8.5056,51176_at
6.9185,6.9185,5.5593,51192_at
9.7304,9.7304,9.0723,51200_at
5.2309,5.2309,4.9596,51226_at
6.0459,6.0459,5.3881,51228_at
8.023,8.023,8.3094,51774_s_at
7.3641,7.3641,7.1303,52005_at
8.7867,8.7867,9.2526,52078_at
7.6889,7.6889,6.7998,52159_at
5.3861,5.3861,6.6152,52164_at
8.6076,8.6076,9.1404,52169_at
5.848,5.848,5.6093,52255_s_at
6.5272,6.5272,7.1881,52285_f_at
5.8562,5.8562,4.527,52651_at
7.3889,7.3889,7.0418,52731_at
6.5671,6.5671,6.9955,52741_at
5.2809,5.2809,5.0921,52837_at
8.1548,8.1548,7.7634,52940_at
7.7378,7.7378,7.4313,52975_at
7.2646,7.2646,7.6055,53071_s_at
7.529,7.529,7.2578,53076_at
4.2828,4.2828,4.8962,53202_at
8.0496,8.0496,7.4245,53720_at
7.9056,7.9056,9.6695,53912_at
7.2536,7.2536,7.0994,53968_at
7.4948,7.4948,8.0281,53987_at
4.9472,4.9472,4.4154,53991_at
10.3104,10.3104,7.437,54037_at
5.742,5.742,4.8476,54051_at
7.9594,7.9594,7.2761,54632_at
9.9092,9.9092,8.7002,54970_at
8.448,8.448,7.4374,55065_at
8.3427,8.3427,7.7772,55081_at
8.6492,8.6492,8.0595,55093_at
5.1848,5.1848,5.47,55583_at
7.7386,7.7386,7.741,55616_at
6.9072,6.9072,6.6963,55662_at
7.8389,7.8389,6.7878,55692_at
10.1991,10.1991,10.5938,55705_at
9.1502,9.1502,7.8109,55872_at
8.4791,8.4791,7.9474,56256_at
7.2083,7.2083,7.4803,564_at
4.7219,4.7219,5.0481,56748_at
6.8331,6.8331,6.7781,56821_at
8.2495,8.2495,8.3103,56829_at
9.4237,9.4237,8.8521,56919_at
6.815,6.815,8.0341,57082_at
7.3008,7.3008,7.6066,57163_at
7.1687,7.1687,6.3706,57516_at
8.2422,8.2422,8.6133,57532_at
7.6639,7.6639,7.4438,57539_at
5.5425,5.5425,4.8663,57540_at
4.3538,4.3538,4.5497,57588_at
7.0994,7.0994,5.6039,57715_at
7.6659,7.6659,7.3698,57739_at
7.512,7.512,7.7532,58308_at
7.8892,7.8892,8.2073,58367_s_at
5.716,5.716,6.252,58696_at
6.0533,6.0533,5.132,58780_s_at
7.6901,7.6901,8.1503,58900_at
5.1927,5.1927,4.7045,58916_at
7.1017,7.1017,7.004,58994_at
9.2322,9.2322,8.2036,59375_at
6.6485,6.6485,6.7712,59433_at
5.1098,5.1098,5.3305,59437_at
5.0108,5.0108,5.0774,59625_at
5.2292,5.2292,4.7998,59631_at
7.7891,7.7891,7.0684,59644_at
8.6265,8.6265,7.9495,59697_at
5.3178,5.3178,4.887,59705_at
6.4841,6.4841,6.5275,59999_at
8.3479,8.3479,8.539,60084_at
6.0694,6.0694,5.8726,60471_at
4.2829,4.2829,4.2494,60474_at
8.5324,8.5324,8.6899,60528_at
6.0096,6.0096,5.4154,60794_f_at
5.9763,5.9763,5.2835,60815_at
4.7032,4.7032,4.2495,61297_at
4.7711,4.7711,4.5197,61732_r_at
4.3789,4.3789,4.4106,61734_at
7.391,7.391,8.2583,61874_at
6.9883,6.9883,7.1427,62212_at
6.1013,6.1013,6.3248,62987_r_at
6.7722,6.7722,7.1721,63009_at
7.5528,7.5528,7.7914,632_at
5.3081,5.3081,5.6987,63305_at
5.8453,5.8453,4.7837,635_s_at
6.8707,6.8707,6.8973,63825_at
6.5578,6.5578,6.2452,64064_at
7.2952,7.2952,6.8774,64371_at
5.4037,5.4037,4.7697,64408_s_at
7.367,7.367,6.6461,64418_at
6.5811,6.5811,7.1667,64432_at
6.926,6.926,7.2093,64438_at
6.5314,6.5314,6.769,64440_at
7.0854,7.0854,6.9988,64474_g_at
7.5739,7.5739,7.9216,64486_at
7.8133,7.8133,6.2603,64488_at
5.4198,5.4198,6.6549,64883_at
4.4529,4.4529,4.804,64899_at
4.2831,4.2831,4.7023,64900_at
7.3893,7.3893,7.2744,64942_at
5.5792,5.5792,4.8114,65086_at
6.1613,6.1613,5.7126,65133_i_at
4.7179,4.7179,4.535,65438_at
6.7327,6.7327,5.9903,65472_at
6.5556,6.5556,6.2952,65493_at
6.5952,6.5952,7.0771,65521_at
4.2976,4.2976,4.5721,65585_at
9.073,9.073,9.3493,65588_at
8.357,8.357,8.3656,65591_at
6.2938,6.2938,5.7853,65630_at
8.8373,8.8373,8.5172,65635_at
5.143,5.143,5.5471,65718_at
8.8019,8.8019,8.907,65770_at
7.1535,7.1535,6.8246,65884_at
6.7478,6.7478,6.5635,66053_at
7.9266,7.9266,7.7067,71933_at
8.2953,8.2953,8.2313,74694_s_at
4.6651,4.6651,5.4943,76897_s_at
7.5583,7.5583,8.2367,77508_r_at
8.2976,8.2976,8.4342,78047_s_at
5.8741,5.8741,6.4597,78330_at
7.1094,7.1094,7.6475,78383_at
6.2403,6.2403,6.2976,78495_at
7.5635,7.5635,7.7649,79005_at
6.0407,6.0407,6.6871,81737_at
7.5784,7.5784,7.5561,81811_at
5.0193,5.0193,5.2424,823_at
4.2832,4.2832,4.4279,87100_at
9.9299,9.9299,10.0935,89948_at
5.1683,5.1683,5.9103,89977_at
6.5236,6.5236,6.823,90265_at
4.872,4.872,4.4614,91580_at
7.7772,7.7772,7.3712,91617_at
6.5961,6.5961,7.4641,91682_at
6.4094,6.4094,6.5141,91684_g_at
7.843,7.843,8.5543,91703_at
4.7375,4.7375,5.6157,91816_f_at
4.4375,4.4375,4.4431,91826_at
6.6957,6.6957,7.3109,91920_at
7.2274,7.2274,7.3993,91952_at
4.5783,4.5783,4.5818,AFFX-DapX-3_at
4.2833,4.2833,4.4388,AFFX-DapX-5_at
4.7697,4.7697,4.5969,AFFX-DapX-M_at
14.2781,14.2781,14.6908,AFFX-HSAC07/X00351_3_at
10.2869,10.2869,12.4334,AFFX-HSAC07/X00351_5_at
12.9454,12.9454,14.2834,AFFX-HSAC07/X00351_M_at
14.9361,14.9361,14.915,AFFX-hum_alu_at
14.7736,14.7736,14.7776,AFFX-HUMGAPDH/M33197_3_at
12.5354,12.5354,13.2855,AFFX-HUMGAPDH/M33197_5_at
14.5113,14.5113,14.6639,AFFX-HUMGAPDH/M33197_M_at
8.2795,8.2795,8.2643,AFFX-HUMISGF3A/M97935_3_at
4.4937,4.4937,4.2496,AFFX-HUMISGF3A/M97935_5_at
5.9884,5.9884,5.6505,AFFX-HUMISGF3A/M97935_MA_at
5.3142,5.3142,5.3307,AFFX-HUMISGF3A/M97935_MB_at
13.379,13.379,12.2115,AFFX-HUMRGE/M10098_3_at
12.91,12.91,11.8127,AFFX-HUMRGE/M10098_5_at
11.8719,11.8719,10.7913,AFFX-HUMRGE/M10098_M_at
4.2834,4.2834,4.2497,AFFX-LysX-3_at
4.2835,4.2835,4.2498,AFFX-LysX-5_at
4.2836,4.2836,4.8801,AFFX-LysX-M_at
6.0029,6.0029,4.9833,AFFX-M27830_3_at
13.4318,13.4318,12.9334,AFFX-M27830_5_at
11.0302,11.0302,11.1302,AFFX-M27830_M_at
5.365,5.365,4.5452,AFFX-PheX-3_at
4.2837,4.2837,4.2499,AFFX-PheX-5_at
4.2838,4.2838,4.25,AFFX-PheX-M_at
4.2839,4.2839,4.2501,AFFX-r2-Bs-dap-3_at
4.284,4.284,4.2502,AFFX-r2-Bs-dap-5_at
4.2841,4.2841,4.2503,AFFX-r2-Bs-dap-M_at
5.0146,5.0146,5.3407,AFFX-r2-Bs-lys-3_at
4.6674,4.6674,4.9791,AFFX-r2-Bs-lys-5_at
4.2843,4.2843,4.7713,AFFX-r2-Bs-lys-M_at
4.3061,4.3061,5.5892,AFFX-r2-Bs-phe-3_at
4.2844,4.2844,5.0581,AFFX-r2-Bs-phe-5_at
4.2845,4.2845,4.2504,AFFX-r2-Bs-phe-M_at
4.2846,4.2846,4.2505,AFFX-r2-Bs-thr-3_s_at
5.3537,5.3537,5.6837,AFFX-r2-Bs-thr-5_s_at
5.315,5.315,5.3698,AFFX-r2-Bs-thr-M_s_at
4.5413,4.5413,5.5526,AFFX-r2-Ec-bioB-3_at
4.2847,4.2847,4.2506,AFFX-r2-Ec-bioB-5_at
4.8164,4.8164,4.2506,AFFX-r2-Ec-bioB-M_at
4.3346,4.3346,5.0237,AFFX-r2-Ec-bioC-3_at
4.2848,4.2848,4.8454,AFFX-r2-Ec-bioC-5_at
4.7895,4.7895,4.6768,AFFX-r2-Ec-bioD-3_at
4.2849,4.2849,4.2507,AFFX-r2-Ec-bioD-5_at
4.285,4.285,4.2508,AFFX-r2-P1-cre-3_at
4.2851,4.2851,4.2509,AFFX-r2-P1-cre-5_at
4.2852,4.2852,4.3711,AFFX-ThrX-3_at
4.5785,4.5785,4.251,AFFX-ThrX-5_at
4.527,4.527,4.7577,AFFX-ThrX-M_at
4.2853,4.2853,4.2511,AFFX-TrpnX-3_at
4.645,4.645,4.2512,AFFX-TrpnX-5_at
4.2855,4.2855,4.2513,AFFX-TrpnX-M_at
