seqnames,start,end,width,strand,V4,V5,annotation,geneChr,geneStart,geneEnd,geneLength,geneStrand,geneId,transcriptId,distanceToTSS,state
NC_000067.7,12727657,12727920,264,*,CBD2vsMODEL2_cond2_1,6.92265,Distal Intergenic,1,12737787,12743314,5528,1,Gm17644,NR_045297.1,-9867,down
NC_000067.7,23595258,23595597,340,*,CBD2vsMODEL2_cond2_2,10.9917,Distal Intergenic,1,23613668,23635745,22078,1,Gm28822,NR_151529.1,-18071,down
NC_000067.7,44591095,44591495,401,*,CBD2vsMODEL2_cond2_3,12.1546,Promoter (<=1kb),1,44591059,44835998,244940,1,Gulp1,XM_011238599.3,36,down
NC_000067.7,55091970,55092267,298,*,CBD2vsMODEL2_cond2_4,4.65785,Promoter (<=1kb),1,55091929,55111861,19933,1,Coq10b,NM_026424.3,41,down
NC_000067.7,59276508,59276856,349,*,CBD2vsMODEL2_cond2_5,4.34674,Promoter (<=1kb),1,59276514,59278181,1668,1,Gm33667,NR_168353.1,0,down
NC_000067.7,59440004,59440467,464,*,CBD2vsMODEL2_cond2_6,6.41717,"Intron (XR_865453.1/Gm33724, intron 2 of 2)",1,59432405,59458086,25682,2,Gm33724,XR_865453.1,17619,down
NC_000067.7,74123760,74124072,313,*,CBD2vsMODEL2_cond2_7,4.92051,"Intron (NM_001413787.1/Tns1, intron 1 of 32)",1,73949391,74130468,181078,2,Tns1,NM_001413787.1,6396,down
NC_000067.7,75101331,75101651,321,*,CBD2vsMODEL2_cond2_8,4.18527,Promoter (<=1kb),1,75006505,75101870,95366,2,Nhej1,NM_029342.4,219,down
NC_000067.7,75293843,75294384,542,*,CBD2vsMODEL2_cond2_9,6.58842,Promoter (<=1kb),1,75285209,75293980,8772,2,Dnpep,XM_006496406.1,0,down
NC_000067.7,85087365,85087699,335,*,CBD2vsMODEL2_cond2_10,5.82082,Promoter (<=1kb),1,85065860,85087574,21715,2,A530032D15Rik,NM_213615.2,0,down
NC_000067.7,85247957,85248223,267,*,CBD2vsMODEL2_cond2_11,4.31273,Promoter (<=1kb),1,85224065,85248287,24223,2,C130026I21Rik,NM_001037909.3,64,down
NC_000067.7,86196538,86197155,618,*,CBD2vsMODEL2_cond2_12,7.42876,3' UTR,1,86173939,86184507,10569,2,Gm46098,XR_001779053.2,-12031,down
NC_000067.7,87201521,87201785,265,*,CBD2vsMODEL2_cond2_13,3.79092,"Intron (NM_028889.3/Efhd1, intron 1 of 3)",1,87192075,87238563,46489,1,Efhd1,NR_151447.1,9446,down
NC_000067.7,88997780,88998077,298,*,CBD2vsMODEL2_cond2_14,4.55634,Promoter (<=1kb),1,88998061,89082790,84730,1,Sh3bp4,XM_030243890.2,0,down
NC_000067.7,90950832,90951134,303,*,CBD2vsMODEL2_cond2_15,4.07469,"Intron (XM_006529209.4/Lrrfip1, intron 1 of 25)",1,90926449,91056666,130218,1,Lrrfip1,NM_001111312.1,24383,down
NC_000067.7,125488312,125488693,382,*,CBD2vsMODEL2_cond2_16,3.95747,Promoter (<=1kb),1,125488332,125523571,35240,1,Slc35f5,NM_001356294.1,0,down
NC_000067.7,126250509,126250861,353,*,CBD2vsMODEL2_cond2_17,3.94783,"Intron (NM_172484.3/Nckap5, intron 3 of 14)",1,125841375,126383531,542157,2,Nckap5,XM_030252628.2,132670,down
NC_000067.7,131637695,131638272,578,*,CBD2vsMODEL2_cond2_18,9.82862,"Intron (XM_036163929.1/Rab7b, intron 6 of 6)",1,131624101,131643175,19075,1,Rab7b,XM_006529430.3,13594,down
NC_000067.7,151219684,151220265,582,*,CBD2vsMODEL2_cond2_19,4.06441,Promoter (<=1kb),1,151220237,151240195,19959,1,Ivns1abp,NM_001359262.1,0,down
NC_000067.7,151220391,151220690,300,*,CBD2vsMODEL2_cond2_20,4.40785,Promoter (<=1kb),1,151220415,151240169,19755,1,Ivns1abp,XM_030243144.1,0,down
NC_000067.7,152967516,152967841,326,*,CBD2vsMODEL2_cond2_21,7.17845,"Intron (XR_387163.4/Nmnat2, intron 7 of 11)",1,152960123,152995012,34890,1,Nmnat2,NM_001418103.1,7393,down
NC_000067.7,153941228,153941730,503,*,CBD2vsMODEL2_cond2_22,8.3154,Promoter (1-2kb),1,153939444,153988655,49212,1,Gm46165,XR_001779496.2,1784,down
NC_000067.7,161128737,161129366,630,*,CBD2vsMODEL2_cond2_23,17.1665,Distal Intergenic,1,161067682,161078780,11099,2,Prdx6,NR_130150.1,-49957,down
NC_000067.7,162620177,162620472,296,*,CBD2vsMODEL2_cond2_24,6.62722,Distal Intergenic,1,162621452,162640118,18667,2,Fmo4,NM_144878.1,19646,down
NC_000067.7,165288289,165288686,398,*,CBD2vsMODEL2_cond2_25,5.24823,Promoter (<=1kb),1,165157069,165288475,131407,2,Dcaf6,XM_030243204.1,0,down
NC_000067.7,169312899,169313167,269,*,CBD2vsMODEL2_cond2_26,20.2072,Promoter (<=1kb),1,169300082,169313036,12955,2,Gm53643,XR_004936681.1,0,down
NC_000067.7,172116718,172117045,328,*,CBD2vsMODEL2_cond2_27,5.99842,Promoter (<=1kb),1,172115459,172116861,1403,2,Gm39704,XR_865733.1,0,down
NC_000067.7,172317927,172318265,339,*,CBD2vsMODEL2_cond2_28,3.77564,"Exon (XM_036154500.1/Igsf9, exon 5 of 21)",1,172309884,172326444,16561,1,Igsf9,NM_033608.3,8043,down
NC_000067.7,176842357,176842647,291,*,CBD2vsMODEL2_cond2_29,5.0595,"Intron (NM_029756.3/Sdccag8, intron 17 of 17)",1,176735589,176768568,32980,2,Gm15423,XR_003948787.1,-73789,down
NC_000067.7,178196682,178196983,302,*,CBD2vsMODEL2_cond2_30,5.06998,Distal Intergenic,1,178218384,178218489,106,1,Gm24919,XR_004936720.1,-21401,down
NC_000067.7,178646160,178646496,337,*,CBD2vsMODEL2_cond2_31,5.29415,"Intron (NM_001161665.1/Kif26b, intron 4 of 14)",1,178622531,178766765,144235,1,Kif26b,XM_006496865.4,23629,down
NC_000067.7,183078885,183079341,457,*,CBD2vsMODEL2_cond2_32,5.91767,Promoter (<=1kb),1,183057916,183078839,20924,2,Brox,XR_389720.5,-46,down
NC_000067.7,185051747,185052006,260,*,CBD2vsMODEL2_cond2_33,3.87922,"Intron (NM_198653.3/Iars2, intron 9 of 22)",1,185045778,185045889,112,1,Mir215,NR_029908.1,5969,down
NC_000067.7,186409251,186409674,424,*,CBD2vsMODEL2_cond2_34,16.2373,Promoter (<=1kb),1,186408939,186409073,135,1,Gm26169,XR_004936755.1,312,down
NC_000067.7,186462259,186464543,2285,*,CBD2vsMODEL2_cond2_35,10.1089,"Intron (NM_026041.2/Rrp15, intron 4 of 4)",1,186481020,186489266,8247,1,A430105J06Rik,XR_003948551.1,-16477,down
NC_000067.7,186464805,186465264,460,*,CBD2vsMODEL2_cond2_36,5.33191,"Intron (NM_026041.2/Rrp15, intron 4 of 4)",1,186481020,186489266,8247,1,A430105J06Rik,XR_003948551.1,-15756,down
NC_000067.7,187085305,187085624,320,*,CBD2vsMODEL2_cond2_37,4.97858,"Intron (XM_006497199.5/Gpatch2, intron 8 of 8)",1,187005574,187017819,12246,1,Gm51737,XR_003948552.2,79731,down
NC_000067.7,187086153,187088065,1913,*,CBD2vsMODEL2_cond2_38,6.01695,"Intron (XM_006497199.5/Gpatch2, intron 8 of 8)",1,187005574,187017819,12246,1,Gm51737,XR_003948552.2,80579,down
NC_000067.7,190915573,190915905,333,*,CBD2vsMODEL2_cond2_39,4.34631,Promoter (<=1kb),1,190902493,190915530,13038,2,Atf3,NM_007498.3,-43,down
NC_000068.8,3284862,3285326,465,*,CBD2vsMODEL2_cond2_40,5.39892,Promoter (<=1kb),2,3285249,3329914,44666,1,Nmt2,NM_001290368.1,0,down
NC_000068.8,4485106,4485416,311,*,CBD2vsMODEL2_cond2_41,4.43583,"Intron (XM_006497439.4/Frmd4a, intron 4 of 23)",2,4473709,4518477,44769,2,Gm39751,XR_004940825.1,33061,down
NC_000068.8,5619912,5620248,337,*,CBD2vsMODEL2_cond2_42,6.0391,"Intron (NM_001290376.1/Camk1d, intron 1 of 10)",2,5299056,5606259,307204,2,Camk1d,XM_011238973.4,-13653,down
NC_000068.8,5641715,5642160,446,*,CBD2vsMODEL2_cond2_43,9.31706,"Intron (NM_001290376.1/Camk1d, intron 1 of 10)",2,5299056,5606259,307204,2,Camk1d,XM_011238973.4,-35456,down
NC_000068.8,9469600,9469901,302,*,CBD2vsMODEL2_cond2_44,4.29234,"Intron (NR_168281.1/Gm13219, intron 2 of 2)",2,9357071,9472125,115055,1,Gm13219,NR_168281.1,112529,down
NC_000068.8,9519083,9519522,440,*,CBD2vsMODEL2_cond2_45,7.2911,Distal Intergenic,2,9596029,9597749,1721,2,Dreg1,XR_001783609.1,78227,down
NC_000068.8,10558891,10559162,272,*,CBD2vsMODEL2_cond2_46,7.71367,"Intron (XM_006497491.4/Sfmbt2, intron 16 of 24)",2,10522966,10523090,125,1,Mir669h,NR_035418.1,35925,down
NC_000068.8,11434240,11434524,285,*,CBD2vsMODEL2_cond2_47,4.6732,"Intron (XR_865971.1/Gm31990, intron 2 of 2)",2,11427338,11452258,24921,2,Gm31990,XR_865971.1,17734,down
NC_000068.8,21305107,21305478,372,*,CBD2vsMODEL2_cond2_48,13.7853,Distal Intergenic,2,21272532,21295615,23084,1,Gm54105,XR_004940843.1,32575,down
NC_000068.8,21925722,21926065,344,*,CBD2vsMODEL2_cond2_49,19.1909,"Intron (XR_866004.1/Gm39767, intron 3 of 5)",2,21883644,21968978,85335,2,Gm39767,XR_866004.1,42913,down
NC_000068.8,24076329,24076589,261,*,CBD2vsMODEL2_cond2_50,16.1359,Promoter (<=1kb),2,24076488,24083579,7092,1,Il36g,NM_153511.3,0,down
NC_000068.8,26335290,26335919,630,*,CBD2vsMODEL2_cond2_51,4.51188,Promoter (<=1kb),2,26299443,26335303,35861,2,Sec16a,XM_006497911.4,0,down
NC_000068.8,28414253,28414519,267,*,CBD2vsMODEL2_cond2_52,9.06498,"Intron (XM_006497798.5/Ralgds, intron 1 of 17)",2,28423447,28443085,19639,1,Ralgds,XM_006497797.5,-8928,down
NC_000068.8,28493060,28493396,337,*,CBD2vsMODEL2_cond2_53,4.69736,Distal Intergenic,2,28485139,28485242,104,1,Gm22675,XR_004941151.1,7921,down
NC_000068.8,30871978,30872591,614,*,CBD2vsMODEL2_cond2_54,4.99166,Promoter (<=1kb),2,30862845,30872225,9381,2,BC005624,XM_006497943.5,0,down
NC_000068.8,32605049,32605348,300,*,CBD2vsMODEL2_cond2_55,7.03582,Promoter (2-3kb),2,32602912,32602984,73,2,Mir3960,NR_039536.1,-2065,down
NC_000068.8,59579672,59579961,290,*,CBD2vsMODEL2_cond2_56,11.7141,"Intron (XM_017319203.3/Tanc1, intron 4 of 26)",2,59609856,59676061,66206,1,Tanc1,XM_006500039.3,-29895,down
NC_000068.8,66920169,66920701,533,*,CBD2vsMODEL2_cond2_57,4.13509,Distal Intergenic,2,67004178,67016556,12379,1,Gm1322,NM_001033477.3,-83477,down
NC_000068.8,73722631,73723153,523,*,CBD2vsMODEL2_cond2_58,4.27067,Promoter (<=1kb),2,73646853,73722983,76131,2,Atf2,NM_001025093.2,0,down
NC_000068.8,79465536,79465804,269,*,CBD2vsMODEL2_cond2_59,3.88037,Promoter (<=1kb),2,79465769,79503310,37542,1,Itprid2,NM_080558.4,0,down
NC_000068.8,80976615,80976988,374,*,CBD2vsMODEL2_cond2_60,9.72446,Distal Intergenic,2,80814427,80814533,107,2,Gm23452,XR_004941255.1,-162082,down
NC_000068.8,84954116,84954396,281,*,CBD2vsMODEL2_cond2_61,6.94768,Distal Intergenic,2,84966704,84970267,3564,1,Aplnr,NM_011784.3,-12308,down
NC_000068.8,92581305,92581751,447,*,CBD2vsMODEL2_cond2_62,4.33331,"Intron (XR_866546.3/Gm13816, intron 1 of 1)",2,92572575,92594031,21457,1,Gm13816,XR_866546.3,8730,down
NC_000068.8,92778682,92779372,691,*,CBD2vsMODEL2_cond2_63,5.09258,"Intron (NM_030725.5/Syt13, intron 4 of 5)",2,92745446,92786403,40958,1,Syt13,NM_030725.5,33236,down
NC_000068.8,95443006,95443316,311,*,CBD2vsMODEL2_cond2_64,14.569,Distal Intergenic,2,95224587,95399948,175362,1,Gm13794,XR_374816.1,218419,down
NC_000068.8,101611840,101612260,421,*,CBD2vsMODEL2_cond2_65,5.67859,"Intron (XM_006500241.5/Prr5l, intron 1 of 8)",2,101544630,101628052,83423,2,Prr5l,NM_001083810.2,15792,down
NC_000068.8,102554935,102555326,392,*,CBD2vsMODEL2_cond2_66,13.3766,"Intron (XM_030248894.1/Slc1a2, intron 1 of 10)",2,102536783,102621129,84347,1,Slc1a2,NM_001077515.2,18152,down
NC_000068.8,102703572,102704062,491,*,CBD2vsMODEL2_cond2_67,6.018,"Intron (NM_001039150.1/Cd44, intron 1 of 13)",2,102728305,102728411,107,1,Gm23731,XR_004941252.1,-24243,down
NC_000068.8,102903918,102904302,385,*,CBD2vsMODEL2_cond2_68,4.25656,Promoter (<=1kb),2,102904020,102922994,18975,1,Apip,NM_001355473.1,0,down
NC_000068.8,103310712,103311149,438,*,CBD2vsMODEL2_cond2_69,6.86545,"Intron (NM_009804.2/Cat, intron 1 of 12)",2,103284249,103315498,31250,2,Cat,NM_009804.2,4349,down
NC_000068.8,103858102,103858635,534,*,CBD2vsMODEL2_cond2_70,5.71156,Promoter (<=1kb),2,103858144,103885472,27329,1,Fbxo3,NM_020593.2,0,down
NC_000068.8,118275277,118275649,373,*,CBD2vsMODEL2_cond2_71,7.19264,"Intron (XM_017318909.3/Eif2ak4, intron 18 of 37)",2,118306324,118310177,3854,2,Srp14,NM_009273.4,34528,down
NC_000068.8,122199193,122199699,507,*,CBD2vsMODEL2_cond2_72,6.46261,Promoter (<=1kb),2,122179373,122199399,20027,2,Shf,NM_001013829.2,0,down
NC_000068.8,122507383,122507984,602,*,CBD2vsMODEL2_cond2_73,6.38487,Distal Intergenic,2,122482723,122482801,79,1,Mir147,NR_030547.1,24660,down
NC_000068.8,124690616,124691173,558,*,CBD2vsMODEL2_cond2_74,15.1318,Distal Intergenic,2,124642072,124646372,4301,1,Gm52495,NA,48544,down
NC_000068.8,127635466,127635821,356,*,CBD2vsMODEL2_cond2_75,3.90826,Promoter (1-2kb),2,127633302,127634408,1107,2,Mtln,NM_001384135.1,-1058,down
NC_000068.8,128271400,128271660,261,*,CBD2vsMODEL2_cond2_76,5.13391,Promoter (<=1kb),2,128214026,128271271,57246,2,Morrbid,NR_028591.1,-129,down
NC_000068.8,128573671,128574051,381,*,CBD2vsMODEL2_cond2_77,14.4978,"Intron (NM_008587.2/Mertk, intron 2 of 18)",2,128546496,128645082,98587,1,Mertk,XM_006498860.4,27175,down
NC_000068.8,128659881,128660162,282,*,CBD2vsMODEL2_cond2_78,4.20943,Promoter (<=1kb),2,128659991,128694546,34556,1,Tmem87b,XR_004940742.1,0,down
NC_000068.8,132054053,132054537,485,*,CBD2vsMODEL2_cond2_79,11.3781,Promoter (2-3kb),2,132056873,132057249,377,2,Gm29720,XR_004691329.1,2712,down
NC_000068.8,149686637,149686896,260,*,CBD2vsMODEL2_cond2_80,8.27386,"Intron (NM_001085521.2/Syndig1, intron 1 of 3)",2,149672991,149846260,173270,1,Syndig1,NM_001409845.1,13646,down
NC_000068.8,151002431,151002770,340,*,CBD2vsMODEL2_cond2_81,4.0195,Distal Intergenic,2,150969384,150984416,15033,1,Gm30478,NR_168336.1,33047,down
NC_000068.8,151947347,151947781,435,*,CBD2vsMODEL2_cond2_82,4.07566,Promoter (<=1kb),2,151947444,151953296,5853,1,Srxn1,NM_029688.5,0,down
NC_000068.8,153583104,153583417,314,*,CBD2vsMODEL2_cond2_83,6.10572,Promoter (<=1kb),2,153583131,153600321,17191,1,Mapre1,XM_036158139.1,0,down
NC_000068.8,154412067,154412340,274,*,CBD2vsMODEL2_cond2_84,5.1382,Promoter (<=1kb),2,154401320,154411812,10493,2,E2f1,NM_007891.5,-255,down
NC_000068.8,164227949,164228676,728,*,CBD2vsMODEL2_cond2_85,8.26412,Promoter (2-3kb),2,164195990,164231086,35097,2,Slpi,NM_001412601.1,2410,down
NC_000068.8,165031423,165031744,322,*,CBD2vsMODEL2_cond2_86,6.83802,"Intron (XM_006498536.5/Cdh22, intron 1 of 11)",2,165050220,165058961,8742,1,Gm36803,XR_003954091.2,-18476,down
NC_000068.8,165697796,165698162,367,*,CBD2vsMODEL2_cond2_87,5.45639,Promoter (1-2kb),2,165626086,165700088,74003,2,Zmynd8,XM_036161681.1,1926,down
NC_000068.8,166079604,166079970,367,*,CBD2vsMODEL2_cond2_88,6.5663,Distal Intergenic,2,166115828,166136751,20924,1,Gm11468,NR_033467.1,-35858,down
NC_000068.8,166091469,166091829,361,*,CBD2vsMODEL2_cond2_89,13.5178,Distal Intergenic,2,166115828,166136751,20924,1,Gm11468,NR_033467.1,-23999,down
NC_000068.8,166509877,166510185,309,*,CBD2vsMODEL2_cond2_90,4.36901,"Intron (NM_177782.3/Prex1, intron 1 of 39)",2,166542873,166544819,1947,2,Gm50596,XR_001783554.3,34634,down
NC_000068.8,167530362,167530703,342,*,CBD2vsMODEL2_cond2_91,4.76902,Promoter (<=1kb),2,167530835,167532352,1518,1,Cebpb,NM_001287738.1,-132,down
NC_000068.8,167619306,167619748,443,*,CBD2vsMODEL2_cond2_92,5.84368,Promoter (<=1kb),2,167619411,167625419,6009,1,Gm14321,NR_166468.1,0,down
NC_000068.8,167900544,167900822,279,*,CBD2vsMODEL2_cond2_93,6.19167,Distal Intergenic,2,167822081,167892809,70729,2,Ripor3,XM_006500139.3,-7735,down
NC_000068.8,168708427,168708807,381,*,CBD2vsMODEL2_cond2_94,9.08646,Distal Intergenic,2,168723960,168724088,129,2,Gm25214,XR_004941215.1,15281,down
NC_000068.8,171091950,171092243,294,*,CBD2vsMODEL2_cond2_95,4.83596,Distal Intergenic,2,171057417,171059916,2500,2,Gm46779,XR_001783589.2,-32034,down
NC_000068.8,171232283,171232709,427,*,CBD2vsMODEL2_cond2_96,12.3939,Distal Intergenic,2,171198160,171205643,7484,1,Gm35434,XR_375335.2,34123,down
NC_000068.8,173419723,173420028,306,*,CBD2vsMODEL2_cond2_97,24.8895,Promoter (<=1kb),2,173410451,173420066,9616,2,Ankrd60,NM_027303.2,38,down
NC_000068.8,173500981,173502012,1032,*,CBD2vsMODEL2_cond2_98,8.20311,Promoter (<=1kb),2,173421113,173501332,80220,2,Ppp4r1l-ps,NR_027957.1,0,down
NC_000068.8,178608092,178608605,514,*,CBD2vsMODEL2_cond2_99,10.6642,Distal Intergenic,2,178633561,178642766,9206,1,Gm54096,XR_004940818.1,-24956,down
NC_000068.8,179202878,179203215,338,*,CBD2vsMODEL2_cond2_100,19.3714,"Intron (NM_001316723.2/Cdh4, intron 2 of 5)",2,179085776,179541014,455239,1,Cdh4,XM_036157900.1,117102,down
NC_000068.8,179666463,179666745,283,*,CBD2vsMODEL2_cond2_101,5.22843,Promoter (<=1kb),2,179666770,179677254,10485,1,Lsm14b,NM_001372364.2,-25,down
NC_000068.8,179866855,179867171,317,*,CBD2vsMODEL2_cond2_102,13.5111,Promoter (<=1kb),2,179818166,179867652,49487,2,Lama5,NM_001081171.2,481,down
NC_000069.7,10323425,10323694,270,*,CBD2vsMODEL2_cond2_103,15.9843,"Intron (NM_001357159.1/Fabp12, intron 1 of 4)",3,10310958,10327528,16571,2,Fabp12,XM_036163371.1,3834,down
NC_000069.7,21878597,21878874,278,*,CBD2vsMODEL2_cond2_104,4.2398,Distal Intergenic,3,21807772,21854935,47164,2,7530428D23Rik,NR_166473.1,-23662,down
NC_000069.7,27494741,27495082,342,*,CBD2vsMODEL2_cond2_105,4.15561,"Intron (NM_001356953.1/Fndc3b, intron 23 of 26)",3,27536648,27538392,1745,1,Gm32738,NR_168344.1,-41566,down
NC_000069.7,27653228,27653489,262,*,CBD2vsMODEL2_cond2_106,10.4811,"Intron (NM_001356953.1/Fndc3b, intron 4 of 26)",3,27639049,27639144,96,2,Mir3092,NR_037275.1,-14084,down
NC_000069.7,29629253,29629663,411,*,CBD2vsMODEL2_cond2_107,15.1891,"Intron (XM_006535559.5/Egfem1, intron 5 of 14)",3,29636034,29745207,109174,1,Egfem1,XM_017319790.2,-6371,down
NC_000069.7,32550653,32550970,318,*,CBD2vsMODEL2_cond2_108,16.5337,"Intron (XM_011249654.4/Kcnmb3, intron 1 of 3)",3,32526470,32546118,19649,2,Kcnmb3,NM_001195074.1,-4535,down
NC_000069.7,32762679,32762942,264,*,CBD2vsMODEL2_cond2_109,3.83683,Promoter (<=1kb),3,32762695,32781120,18426,1,Actl6a,NM_019673.2,0,down
NC_000069.7,38178978,38179369,392,*,CBD2vsMODEL2_cond2_110,14.5534,Distal Intergenic,3,38206055,38213297,7243,1,Gm36680,XR_389702.2,-26686,down
NC_000069.7,40903887,40904192,306,*,CBD2vsMODEL2_cond2_111,4.38963,Promoter (<=1kb),3,40904198,40994636,90439,1,Larp1b,XM_036163009.1,-6,down
NC_000069.7,50390857,50391127,271,*,CBD2vsMODEL2_cond2_112,21.0834,"Intron (NM_011990.2/Slc7a11, intron 2 of 11)",3,50319385,50398062,78678,2,Slc7a11,NM_011990.2,6935,down
NC_000069.7,52446199,52446472,274,*,CBD2vsMODEL2_cond2_113,16.0653,"Intron (NR_153344.1/Gm30173, intron 1 of 4)",3,52424385,52457640,33256,1,Gm30173,NR_153344.1,21814,down
NC_000069.7,55261681,55261949,269,*,CBD2vsMODEL2_cond2_114,19.473,"Intron (XM_006500982.3/Dclk1, intron 3 of 6)",3,55284875,55310640,25766,2,Gm9831,NR_165824.1,48691,down
NC_000069.7,64078918,64079177,260,*,CBD2vsMODEL2_cond2_115,4.41032,Promoter (<=1kb),3,64023151,64078348,55198,2,Vmn2r2,XM_017319413.2,-570,down
NC_000069.7,65349419,65349930,512,*,CBD2vsMODEL2_cond2_116,9.62514,Distal Intergenic,3,65356853,65387235,30383,1,Gm34576,XR_867344.4,-6923,down
NC_000069.7,68483742,68484009,268,*,CBD2vsMODEL2_cond2_117,4.11051,"Intron (NM_001113419.2/Iqschfp, intron 5 of 10)",3,68479701,68533815,54115,1,Schip1,NM_013928.5,4041,down
NC_000069.7,90373433,90373702,270,*,CBD2vsMODEL2_cond2_118,3.94019,Promoter (<=1kb),3,90366711,90373235,6525,2,Npr1,XM_006501114.1,-198,down
NC_000069.7,90448162,90448653,492,*,CBD2vsMODEL2_cond2_119,10.2752,Promoter (<=1kb),3,90448453,90450458,2006,1,S100a16,NM_001356609.1,0,down
NC_000069.7,91988333,91988845,513,*,CBD2vsMODEL2_cond2_120,9.59449,Promoter (1-2kb),3,91987578,91990447,2870,2,Lor,NM_008508.3,1602,down
NC_000069.7,92187944,92188317,374,*,CBD2vsMODEL2_cond2_121,5.51063,Distal Intergenic,3,92192611,92196571,3961,1,Sprr2a3,NM_001309382.1,-4294,down
NC_000069.7,95200980,95201265,286,*,CBD2vsMODEL2_cond2_122,6.17019,"Exon (XM_006502219.4/Mindy1, exon 9 of 12)",3,95190846,95203477,12632,1,Mindy1,XM_030252860.1,10134,down
NC_000069.7,96749750,96750144,395,*,CBD2vsMODEL2_cond2_123,4.2232,"Intron (XM_017319675.2/Pdzk1, intron 2 of 9)",3,96740547,96778238,37692,1,Pdzk1,XM_011240178.3,9203,down
NC_000069.7,96967276,96967609,334,*,CBD2vsMODEL2_cond2_124,14.9845,"Intron (NR_152120.1/4930573H18Rik, intron 1 of 3)",3,96981469,96983336,1868,1,Gm31120,XR_375878.1,-13860,down
NC_000069.7,102381882,102382227,346,*,CBD2vsMODEL2_cond2_125,5.42781,"Intron (NM_001112698.2/Ngf, intron 1 of 2)",3,102377235,102428329,51095,1,Ngf,NM_013609.3,4647,down
NC_000069.7,107730596,107731221,626,*,CBD2vsMODEL2_cond2_126,7.58452,"Intron (XR_004941631.1/LOC118568636, intron 2 of 2)",3,107720321,107736979,16659,2,LOC118568636,XR_004941631.1,5758,down
NC_000069.7,113566160,113566445,286,*,CBD2vsMODEL2_cond2_127,6.02311,Distal Intergenic,3,113398716,113423798,25083,2,Rnpc3,NM_026043.3,-142362,down
NC_000069.7,115681251,115681728,478,*,CBD2vsMODEL2_cond2_128,7.46524,Promoter (<=1kb),3,115675227,115681708,6482,2,A930005H10Rik,NR_027894.1,0,down
NC_000069.7,115709766,115710440,675,*,CBD2vsMODEL2_cond2_129,8.98433,"Intron (XR_003954378.2/Dph5, intron 5 of 8)",3,115699663,115702718,3056,2,Gm54180,XM_036163490.1,-7048,down
NC_000069.7,115801121,115801428,308,*,CBD2vsMODEL2_cond2_130,3.97791,Promoter (<=1kb),3,115801101,115822666,21566,1,Extl2,XM_030252739.1,20,down
NC_000069.7,116629527,116629792,266,*,CBD2vsMODEL2_cond2_131,8.21202,"Exon (XR_867574.1/Gm40128, exon 3 of 3)",3,116629006,116635162,6157,2,Gm40128,XR_867574.1,5370,down
NC_000069.7,122777936,122778315,380,*,CBD2vsMODEL2_cond2_132,4.9876,Promoter (<=1kb),3,122725142,122778115,52974,2,Usp53,NM_001411523.1,0,down
NC_000069.7,126625069,126625602,534,*,CBD2vsMODEL2_cond2_133,9.10153,"Intron (XM_017319422.2/Camk2d, intron 15 of 17)",3,126715256,126737035,21780,2,Ank2,NM_001034168.1,111433,down
NC_000069.7,130878645,130879068,424,*,CBD2vsMODEL2_cond2_134,4.87645,Distal Intergenic,3,130895226,130901624,6399,2,Gm36603,XR_376077.4,22556,down
NC_000069.7,137329098,137329499,402,*,CBD2vsMODEL2_cond2_135,5.03839,Promoter (<=1kb),3,137329433,137334093,4661,1,Ddit4l,NM_030143.4,0,down
NC_000069.7,145591392,145592034,643,*,CBD2vsMODEL2_cond2_136,4.2349,"Intron (NM_026993.3/Ddah1, intron 4 of 5)",3,145581953,145596434,14482,2,Gm35187,XR_001784024.2,4400,down
NC_000069.7,145806831,145807629,799,*,CBD2vsMODEL2_cond2_137,4.88273,"Intron (XM_006501083.5/Mcoln3, intron 1 of 12)",3,145746281,145813791,67511,2,Dnai3,NM_172864.3,6162,down
NC_000069.7,151663081,151663411,331,*,CBD2vsMODEL2_cond2_138,16.3661,Promoter (1-2kb),3,151664822,151665302,481,1,Gm2939,NA,-1411,down
NC_000069.7,152020380,152020786,407,*,CBD2vsMODEL2_cond2_139,5.38545,Promoter (<=1kb),3,151979471,152020280,40810,2,Miga1,XM_036163015.1,-100,down
NC_000070.7,3175773,3176199,427,*,CBD2vsMODEL2_cond2_140,8.7198,Distal Intergenic,4,3172083,3173003,921,1,Vmn1r2,NM_001167534.1,3690,down
NC_000070.7,3176619,3176881,263,*,CBD2vsMODEL2_cond2_141,4.42394,Distal Intergenic,4,3172083,3173003,921,1,Vmn1r2,NM_001167534.1,4536,down
NC_000070.7,14048644,14048972,329,*,CBD2vsMODEL2_cond2_142,13.5528,Distal Intergenic,4,14079809,14079940,132,2,Gm24068,XR_004942355.1,30968,down
NC_000070.7,17309369,17309791,423,*,CBD2vsMODEL2_cond2_143,6.92486,Distal Intergenic,4,17487627,17514003,26377,2,Gm42257,XR_881139.1,204212,down
NC_000070.7,22488763,22489042,280,*,CBD2vsMODEL2_cond2_144,4.55596,Promoter (<=1kb),4,22482095,22488366,6272,2,Pou3f2,NM_008899.2,-397,down
NC_000070.7,33338145,33338470,326,*,CBD2vsMODEL2_cond2_145,5.57025,"Intron (XM_030253517.1/Rngtt, intron 8 of 12)",4,33310311,33502614,192304,1,Rngtt,NM_011884.3,27834,down
NC_000070.7,42949705,42950511,807,*,CBD2vsMODEL2_cond2_146,5.11064,Promoter (<=1kb),4,42949866,42959417,9552,1,Dnajb5,XM_036164265.1,0,down
NC_000070.7,53011894,53012426,533,*,CBD2vsMODEL2_cond2_147,5.4124,Promoter (<=1kb),4,53011932,53022060,10129,1,Nipsnap3b,NM_001347099.2,0,down
NC_000070.7,53853606,53853890,285,*,CBD2vsMODEL2_cond2_148,4.24572,"Intron (XM_006538083.2/Tmem38b, intron 3 of 4)",4,53860652,53860770,119,1,n-R5s185,XR_004942283.1,-6762,down
NC_000070.7,55349820,55350097,278,*,CBD2vsMODEL2_cond2_149,4.96386,Promoter (<=1kb),4,55350042,55392237,42196,1,Rad23b,NM_009011.4,0,down
NC_000070.7,57956326,57957325,1000,*,CBD2vsMODEL2_cond2_150,7.74408,Promoter (<=1kb),4,57956752,57968149,11398,1,Gm35344,XR_881303.4,0,down
NC_000070.7,59422302,59422692,391,*,CBD2vsMODEL2_cond2_151,21.3785,"Intron (XM_006538146.5/Susd1, intron 3 of 12)",4,59314683,59438633,123951,2,Susd1,NM_001163288.2,15941,down
NC_000070.7,60198124,60198415,292,*,CBD2vsMODEL2_cond2_152,14.6912,Distal Intergenic,4,60218620,60222540,3921,2,Mup8,NM_001347131.1,24125,down
NC_000070.7,61221141,61221441,301,*,CBD2vsMODEL2_cond2_153,11.7679,Distal Intergenic,4,61180307,61184238,3932,2,Mup13,XM_030252989.2,-36903,down
NC_000070.7,62278934,62279252,319,*,CBD2vsMODEL2_cond2_154,4.99077,Promoter (<=1kb),4,62278938,62310006,31069,1,Slc31a1,NM_175090.4,0,down
NC_000070.7,63234456,63234729,274,*,CBD2vsMODEL2_cond2_155,6.97792,"Intron (XM_030253629.1/Col27a1, intron 41 of 60)",4,63244225,63262707,18483,2,Gm52743,XR_003955430.2,27978,down
NC_000070.7,63267002,63267388,387,*,CBD2vsMODEL2_cond2_156,9.23784,Distal Intergenic,4,63262793,63266400,3608,1,Orm1,NM_008768.2,4209,down
NC_000070.7,65077725,65077989,265,*,CBD2vsMODEL2_cond2_157,13.969,"Intron (NM_021362.2/Pappa, intron 2 of 21)",4,65041993,65276776,234784,1,Pappa,NM_021362.2,35732,down
NC_000070.7,81247827,81248736,910,*,CBD2vsMODEL2_cond2_158,9.62055,"Intron (NM_001305284.1/Mpdz, intron 23 of 47)",4,81256511,81256641,131,2,Gm25803,XR_004942358.1,7905,down
NC_000070.7,84391669,84391938,270,*,CBD2vsMODEL2_cond2_159,4.84793,"Intron (NM_001369083.2/Bnc2, intron 2 of 5)",4,84185041,84474141,289101,2,Bnc2,NM_001369083.2,82203,down
NC_000070.7,105082996,105083360,365,*,CBD2vsMODEL2_cond2_160,5.90541,"Intron (NM_080555.2/Plpp3, intron 5 of 5)",4,105118362,105129440,11079,1,Gm54244,XR_004942141.1,-35002,down
NC_000070.7,107110448,107110825,378,*,CBD2vsMODEL2_cond2_161,3.98883,Promoter (<=1kb),4,107090711,107110530,19820,2,Lrrc42,XM_036164551.1,0,down
NC_000070.7,107660730,107661199,470,*,CBD2vsMODEL2_cond2_162,5.10624,Promoter (<=1kb),4,107660082,107734035,73954,1,Lrp8,NM_001369052.1,648,down
NC_000070.7,114243200,114243763,564,*,CBD2vsMODEL2_cond2_163,6.32807,Distal Intergenic,4,114263394,114457155,193762,1,Trabd2b,XR_004941947.1,-19631,down
NC_000070.7,116158198,116158475,278,*,CBD2vsMODEL2_cond2_164,6.9939,3' UTR,4,116163959,116170987,7029,2,Mast2,XM_006502839.1,12512,down
NC_000070.7,118404262,118405926,1665,*,CBD2vsMODEL2_cond2_165,40.9146,Promoter (<=1kb),4,118404336,118405453,1118,1,Gm40237,XR_001784414.1,0,down
NC_000070.7,118870243,118870505,263,*,CBD2vsMODEL2_cond2_166,5.04871,Distal Intergenic,4,118840895,118855234,14340,2,Gm12865,XR_868062.2,-15009,down
NC_000070.7,118982841,118983143,303,*,CBD2vsMODEL2_cond2_167,5.72755,"Intron (NM_011400.3/Slc2a1, intron 2 of 9)",4,118987485,118989365,1881,2,Gm12867,NR_165264.1,6222,down
NC_000070.7,124602596,124602942,347,*,CBD2vsMODEL2_cond2_168,3.69724,Promoter (<=1kb),4,124602966,124626234,23269,1,Sf3a3,XM_036164510.1,-24,down
NC_000070.7,126004405,126004665,261,*,CBD2vsMODEL2_cond2_169,4.59048,"Intron (XM_006503441.5/Stk40, intron 1 of 11)",4,125998248,126034820,36573,1,Stk40,XM_036164495.1,6157,down
NC_000070.7,127657486,127657796,311,*,CBD2vsMODEL2_cond2_170,10.2475,Distal Intergenic,4,127512538,127513646,1109,1,Gm40255,XR_868171.1,144948,down
NC_000070.7,128277051,128277504,454,*,CBD2vsMODEL2_cond2_171,4.52339,"Intron (XM_036164198.1/Csmd2, intron 17 of 44)",4,128262677,128461459,198783,1,Csmd2,XR_003954975.2,14374,down
NC_000070.7,130006195,130006754,560,*,CBD2vsMODEL2_cond2_172,10.5799,Promoter (<=1kb),4,129999248,130005790,6543,2,Gm40258,XR_868200.4,-405,down
NC_000070.7,132710301,132710672,372,*,CBD2vsMODEL2_cond2_173,8.9586,"Intron (NM_010208.4/Fgr, intron 1 of 12)",4,132704356,132728080,23725,1,Fgr,XM_006538545.5,5945,down
NC_000070.7,133341356,133342686,1331,*,CBD2vsMODEL2_cond2_174,17.2567,"Exon (XM_017320305.3/Zdhhc18, exon 3 of 9)",4,133327867,133329163,1297,2,Sfn,NM_018754.3,-12193,down
NC_000070.7,133638055,133638317,263,*,CBD2vsMODEL2_cond2_175,3.48198,Distal Intergenic,4,133574601,133615466,40866,2,Rps6ka1,XM_036163924.1,-22589,down
NC_000070.7,134431805,134432123,319,*,CBD2vsMODEL2_cond2_176,4.69391,Promoter (<=1kb),4,134289001,134431601,142601,2,Man1c1,NM_207237.3,-204,down
NC_000070.7,135000108,135000482,375,*,CBD2vsMODEL2_cond2_177,4.4165,Promoter (<=1kb),4,134941280,135000071,58792,2,Clic4,NM_013885.2,-37,down
NC_000070.7,139326321,139326631,311,*,CBD2vsMODEL2_cond2_178,6.1928,"Intron (NM_183148.3/Iffo2, intron 4 of 11)",4,139348404,139372267,23864,1,Aldh4a1,XM_006538693.5,-21773,down
NC_000070.7,141656355,141656767,413,*,CBD2vsMODEL2_cond2_179,4.56481,"Exon (XR_390916.4/Gm35295, exon 2 of 3)",4,141648232,141660109,11878,1,Gm35295,XR_390916.4,8123,down
NC_000070.7,143025658,143026082,425,*,CBD2vsMODEL2_cond2_180,5.19237,Promoter (<=1kb),4,142993979,143026134,32156,2,Pdpn,NM_001290822.1,52,down
NC_000070.7,148224641,148224937,297,*,CBD2vsMODEL2_cond2_181,3.63758,Promoter (<=1kb),4,148224947,148230161,5215,1,Mad2l2,NM_027985.3,-10,down
NC_000070.7,148244438,148244937,500,*,CBD2vsMODEL2_cond2_182,5.46018,Promoter (<=1kb),4,148244605,148250874,6270,1,Fbxo2,NM_001419437.1,0,down
NC_000070.7,149133998,149134396,399,*,CBD2vsMODEL2_cond2_183,4.55441,"Intron (NM_019781.3/Pex14, intron 2 of 8)",4,149081473,149089457,7985,2,Gm42351,XR_881580.4,-44541,down
NC_000070.7,149255003,149255395,393,*,CBD2vsMODEL2_cond2_184,9.21407,Distal Intergenic,4,149234448,149251162,16715,2,Pgd,NM_001081274.2,-3841,down
NC_000070.7,149255529,149255984,456,*,CBD2vsMODEL2_cond2_185,6.92834,Distal Intergenic,4,149234448,149251162,16715,2,Pgd,NM_001081274.2,-4367,down
NC_000070.7,150038876,150039155,280,*,CBD2vsMODEL2_cond2_186,4.50002,Promoter (<=1kb),4,149980740,150039494,58755,2,Spsb1,NM_001419256.1,339,down
NC_000070.7,151313194,151313513,320,*,CBD2vsMODEL2_cond2_187,4.19793,Promoter (<=1kb),4,151313510,151320285,6776,1,Gm53227,XR_003953415.2,0,down
NC_000070.7,151360591,151361190,600,*,CBD2vsMODEL2_cond2_188,5.52797,"Intron (XM_030253021.2/Camta1, intron 1 of 16)",4,151143980,151374568,230589,2,Camta1,XM_030253021.2,13378,down
NC_000070.7,151827837,151828129,293,*,CBD2vsMODEL2_cond2_189,12.9401,"Exon (XR_003955313.2/Gm52710, exon 3 of 3)",4,151820253,151839278,19026,1,Gm52710,XR_003955315.2,7584,down
NC_000070.7,151946330,151947022,693,*,CBD2vsMODEL2_cond2_190,7.54493,Promoter (<=1kb),4,151875029,151946225,71197,2,Camta1,NM_001195565.1,-105,down
NC_000070.7,152978219,152978549,331,*,CBD2vsMODEL2_cond2_191,5.36093,Distal Intergenic,4,152935522,152943748,8227,2,Gm30911,XR_390997.4,-34471,down
NC_000070.7,153172263,153172818,556,*,CBD2vsMODEL2_cond2_192,8.9013,Distal Intergenic,4,153233105,153249584,16480,2,Gm31055,XR_391000.3,76766,down
NC_000070.7,153806345,153806941,597,*,CBD2vsMODEL2_cond2_193,5.33815,Distal Intergenic,4,153865052,153870107,5056,2,Gm54272,XR_004942245.1,63166,down
NC_000070.7,153961591,153961860,270,*,CBD2vsMODEL2_cond2_194,5.51414,Promoter (<=1kb),4,153960841,153960972,132,1,Gm25880,XR_004942372.1,750,down
NC_000070.7,154927563,154927829,267,*,CBD2vsMODEL2_cond2_195,3.99186,"Intron (XM_017320227.3/Ttc34, intron 2 of 6)",4,154921873,154951582,29710,1,Ttc34,NM_172878.4,5690,down
NC_000070.7,154930000,154930316,317,*,CBD2vsMODEL2_cond2_196,5.68396,"Intron (XM_017320227.3/Ttc34, intron 2 of 6)",4,154921873,154951582,29710,1,Ttc34,NM_172878.4,8127,down
NC_000070.7,156367645,156368487,843,*,CBD2vsMODEL2_cond2_197,11.4089,Distal Intergenic,4,156390105,156409719,19615,1,Dhrsx,XM_006535901.4,-21618,down
NC_000071.7,4580313,4580577,265,*,CBD2vsMODEL2_cond2_198,13.2695,Distal Intergenic,5,4712374,4716859,4486,1,Gm54299,XR_004942636.1,-131797,down
NC_000071.7,31787393,31787975,583,*,CBD2vsMODEL2_cond2_199,6.55797,"Intron (XR_004942733.1/Gm38424, intron 2 of 5)",5,31771295,31779988,8694,1,Mrpl33,NM_025796.3,16098,down
NC_000071.7,34692874,34693292,419,*,CBD2vsMODEL2_cond2_200,5.99162,Promoter (<=1kb),5,34694231,34720970,26740,1,Sh3bp2,XM_006503954.3,-939,down
NC_000071.7,57872722,57873002,281,*,CBD2vsMODEL2_cond2_201,4.96374,Promoter (<=1kb),5,57873487,58074240,200754,1,Pcdh7,XM_006504025.4,-485,down
NC_000071.7,75057875,75058152,278,*,CBD2vsMODEL2_cond2_202,6.10313,Distal Intergenic,5,75101788,75104948,3161,2,Gm52779,XR_003955748.1,46796,down
NC_000071.7,103791927,103792193,267,*,CBD2vsMODEL2_cond2_203,17.6812,Distal Intergenic,5,103796449,103803168,6720,2,1700016H13Rik,XM_011249580.1,10975,down
NC_000071.7,105940778,105941073,296,*,CBD2vsMODEL2_cond2_204,3.99483,"Intron (XM_011249436.2/Lrrc8d, intron 3 of 3)",5,105945611,105963076,17466,1,Lrrc8d,XM_036165074.1,-4538,down
NC_000071.7,109698316,109699092,777,*,CBD2vsMODEL2_cond2_205,4.66799,Promoter (2-3kb),5,109694975,109701413,6439,2,Gm8493,XR_880565.4,2321,down
NC_000071.7,109703344,109703954,611,*,CBD2vsMODEL2_cond2_206,6.25338,Promoter (1-2kb),5,109694975,109701852,6878,2,Gm8493,XR_880564.3,-1492,down
NC_000071.7,109704236,109705253,1018,*,CBD2vsMODEL2_cond2_207,6.47084,Promoter (1-2kb),5,109702575,109706859,4285,2,Crlf2,NM_001164735.1,1606,down
NC_000071.7,114046927,114047309,383,*,CBD2vsMODEL2_cond2_208,4.24022,Promoter (<=1kb),5,113980500,114046767,66268,2,Coro1c,NM_011779.3,-160,down
NC_000071.7,114829073,114829409,337,*,CBD2vsMODEL2_cond2_209,4.30626,Promoter (<=1kb),5,114807551,114828996,21446,2,Gltp,NM_019821.2,-77,down
NC_000071.7,120812551,120812860,310,*,CBD2vsMODEL2_cond2_210,6.05205,"Exon (XM_006530210.2/Rasal1, exon 18 of 23)",5,120792617,120817662,25046,1,Rasal1,XM_006530208.3,19934,down
NC_000071.7,124233628,124234108,481,*,CBD2vsMODEL2_cond2_211,7.1131,Promoter (<=1kb),5,124199920,124233861,33942,2,Abcb9,NM_019875.2,0,down
NC_000071.7,128361671,128361953,283,*,CBD2vsMODEL2_cond2_212,14.7311,"Intron (NM_172885.2/Tmem132d, intron 1 of 8)",5,127860555,128510141,649587,2,Tmem132d,NM_172885.2,148188,down
NC_000071.7,134137118,134137435,318,*,CBD2vsMODEL2_cond2_213,19.5907,"Intron (NM_030719.3/Castor2, intron 1 of 8)",5,134128587,134170621,42035,1,Castor2,NM_030719.3,8531,down
NC_000071.7,134580353,134580613,261,*,CBD2vsMODEL2_cond2_214,3.5281,Promoter (<=1kb),5,134518237,134581288,63052,2,Clip2,NM_001039162.2,675,down
NC_000071.7,135908452,135908871,420,*,CBD2vsMODEL2_cond2_215,9.44663,Distal Intergenic,5,135904511,135904617,107,1,Gm22450,XR_004942878.1,3941,down
NC_000071.7,136273800,136274184,385,*,CBD2vsMODEL2_cond2_216,3.62871,Promoter (<=1kb),5,136247002,136273803,26802,2,Sh2b2,XM_030254494.2,0,down
NC_000071.7,137131637,137132255,619,*,CBD2vsMODEL2_cond2_217,6.1268,Distal Intergenic,5,137140140,137145061,4922,2,Trim56,NM_201373.4,12806,down
NC_000071.7,139721589,139722102,514,*,CBD2vsMODEL2_cond2_218,6.34056,Promoter (<=1kb),5,139692448,139722088,29641,2,Micall2,NM_174850.3,0,down
NC_000071.7,140424741,140425238,498,*,CBD2vsMODEL2_cond2_219,4.97392,"Intron (NM_133916.2/Eif3b, intron 13 of 18)",5,140431206,140482011,50806,1,Kif19b,NM_001378679.1,-5968,down
NC_000071.7,142507129,142507480,352,*,CBD2vsMODEL2_cond2_220,12.0266,"Intron (NM_001310752.1/Radil, intron 2 of 14)",5,142513495,142515831,2337,2,Papolb,NM_019943.2,8351,down
NC_000071.7,143399479,143400859,1381,*,CBD2vsMODEL2_cond2_221,26.3647,"Intron (NM_025841.4/Kdelr2, intron 2 of 4)",5,143389575,143407659,18085,1,Kdelr2,NM_025841.4,9904,down
NC_000071.7,143608239,143608518,280,*,CBD2vsMODEL2_cond2_222,7.00596,Promoter (<=1kb),5,143608210,143696005,87796,1,Cyth3,XM_017320729.3,29,down
NC_000071.7,144294975,144295378,404,*,CBD2vsMODEL2_cond2_223,5.4564,Promoter (<=1kb),5,144295335,144297815,2481,1,Dmrt1i,NR_102372.1,0,down
NC_000072.7,3853879,3854381,503,*,CBD2vsMODEL2_cond2_224,4.90231,Distal Intergenic,6,3685720,3764713,78994,2,Calcr,NM_007588.2,-89166,down
NC_000072.7,11748529,11749143,615,*,CBD2vsMODEL2_cond2_225,13.3618,Distal Intergenic,6,11900371,11907449,7079,2,Ndufa4,NM_010886.3,158306,down
NC_000072.7,34182221,34182508,288,*,CBD2vsMODEL2_cond2_226,15.9457,"Intron (XR_377527.3/Gm32533, intron 4 of 7)",6,34174124,34191154,17031,1,Gm32533,XR_868965.4,8097,down
NC_000072.7,42326026,42326854,829,*,CBD2vsMODEL2_cond2_227,5.60651,Promoter (<=1kb),6,42326507,42335372,8866,1,Zyx,XM_030255327.2,0,down
NC_000072.7,47662147,47662415,269,*,CBD2vsMODEL2_cond2_228,4.75112,Promoter (<=1kb),6,47661166,47663878,2713,1,Gm40363,XM_017321856.3,981,down
NC_000072.7,51409762,51410028,267,*,CBD2vsMODEL2_cond2_229,8.27886,Promoter (<=1kb),6,51409649,51435752,26104,1,Nfe2l3,NM_010903.2,113,down
NC_000072.7,52802504,52802830,327,*,CBD2vsMODEL2_cond2_230,6.03253,"Intron (XM_036166036.1/Jazf1, intron 1 of 3)",6,52762025,52775814,13790,2,Gm52904,XR_003956439.1,-26690,down
NC_000072.7,52939204,52939469,266,*,CBD2vsMODEL2_cond2_231,4.10663,"Intron (NM_001411537.1/Jazf1, intron 2 of 5)",6,52942143,52953534,11392,2,Gm33219,XR_377681.3,14065,down
NC_000072.7,53263647,53264046,400,*,CBD2vsMODEL2_cond2_232,6.46394,Promoter (<=1kb),6,53264154,53673025,408872,1,Creb5,XM_036166039.1,-108,down
NC_000072.7,55298022,55298367,346,*,CBD2vsMODEL2_cond2_233,3.65758,Distal Intergenic,6,55302621,55305380,2760,2,Gm38819,XR_869121.3,7013,down
NC_000072.7,72539711,72540035,325,*,CBD2vsMODEL2_cond2_234,11.8563,3' UTR,6,72526630,72539966,13337,1,Capg,NM_001271395.1,13081,down
NC_000072.7,73269521,73269834,314,*,CBD2vsMODEL2_cond2_235,4.40197,Promoter (2-3kb),6,73264586,73266819,2234,2,Gm40378,XM_011241550.1,-2702,down
NC_000072.7,82728009,82728343,335,*,CBD2vsMODEL2_cond2_236,17.1424,Promoter (1-2kb),6,82702004,82729912,27909,2,Hk2,XM_036165880.1,1569,down
NC_000072.7,83590851,83591130,280,*,CBD2vsMODEL2_cond2_237,15.4501,Promoter (<=1kb),6,83590855,83590995,141,1,LOC115490483,XR_004933905.1,0,down
NC_000072.7,88819021,88819374,354,*,CBD2vsMODEL2_cond2_238,7.82192,Promoter (<=1kb),6,88812896,88819334,6439,2,Abtb1,NM_001411474.1,0,down
NC_000072.7,90581551,90581883,333,*,CBD2vsMODEL2_cond2_239,5.59042,Promoter (<=1kb),6,90581705,90623394,41690,1,Slc41a3,XM_006506625.3,0,down
NC_000072.7,90965894,90966174,281,*,CBD2vsMODEL2_cond2_240,5.33988,Promoter (<=1kb),6,90636578,90965766,329189,2,Iqsec1,XM_036166051.1,-128,down
NC_000072.7,91465679,91466066,388,*,CBD2vsMODEL2_cond2_241,10.2869,Promoter (1-2kb),6,91467236,91476109,8874,1,Gm52912,XR_003956468.2,-1170,down
NC_000072.7,97282094,97282405,312,*,CBD2vsMODEL2_cond2_242,5.80275,"Exon (XM_006506006.1/Frmd4b, exon 7 of 13)",6,97263828,97289336,25509,2,Frmd4b,XM_006506006.1,6931,down
NC_000072.7,112865653,112865921,269,*,CBD2vsMODEL2_cond2_243,11.5826,"Intron (NM_080448.4/Srgap3, intron 1 of 21)",6,112694932,112924227,229296,2,Srgap3,NM_080448.4,58306,down
NC_000072.7,112865990,112866266,277,*,CBD2vsMODEL2_cond2_244,4.16921,"Intron (NM_080448.4/Srgap3, intron 1 of 21)",6,112694932,112924227,229296,2,Srgap3,NM_080448.4,57961,down
NC_000072.7,122851332,122851818,487,*,CBD2vsMODEL2_cond2_245,4.21265,Promoter (<=1kb),6,122851516,122865902,14387,1,Necap1,NM_026267.3,0,down
NC_000072.7,125331444,125332006,563,*,CBD2vsMODEL2_cond2_246,8.42726,"Intron (NM_011609.4/Tnfrsf1a, intron 1 of 9)",6,125326686,125339446,12761,1,Tnfrsf1a,NM_011609.4,4758,down
NC_000072.7,128120581,128120848,268,*,CBD2vsMODEL2_cond2_247,3.50647,Promoter (<=1kb),6,127938362,128120541,182180,2,Tspan9,NM_175414.6,-40,down
NC_000072.7,132415872,132416149,278,*,CBD2vsMODEL2_cond2_248,4.08787,Promoter (2-3kb),6,132415494,132418687,3194,2,Gm5154,XM_055019523.1,2538,down
NC_000072.7,135229244,135229710,467,*,CBD2vsMODEL2_cond2_249,4.85273,Promoter (1-2kb),6,135214327,135231334,17008,2,Gsg1,NM_001080553.1,1624,down
NC_000072.7,136447567,136447842,276,*,CBD2vsMODEL2_cond2_250,4.52491,"Exon (NR_168025.1/Gm36897, exon 2 of 2)",6,136440673,136448406,7734,1,Gm36897,NR_168025.1,6894,down
NC_000072.7,140564064,140564367,304,*,CBD2vsMODEL2_cond2_251,4.66651,Distal Intergenic,6,140567480,140601207,33728,1,Aebp2,XM_006506909.4,-3113,down
NC_000072.7,145691508,145691810,303,*,CBD2vsMODEL2_cond2_252,6.75324,Promoter (<=1kb),6,145692292,145766805,74514,1,Rassf8,XM_011241599.3,-482,down
NC_000073.7,12487462,12487727,266,*,CBD2vsMODEL2_cond2_253,14.6356,Distal Intergenic,7,12427787,12468785,40999,2,Vmn2r56,XM_036153321.1,-18677,down
NC_000073.7,16020067,16020874,808,*,CBD2vsMODEL2_cond2_254,8.24639,Promoter (<=1kb),7,16005938,16020713,14776,2,Ccdc9,XM_006539926.5,0,down
NC_000073.7,19362453,19362972,520,*,CBD2vsMODEL2_cond2_255,4.54296,Promoter (<=1kb),7,19340142,19362744,22603,2,Relb,XM_011250459.4,0,down
NC_000073.7,19564847,19565190,344,*,CBD2vsMODEL2_cond2_256,7.28866,Promoter (<=1kb),7,19563919,19581530,17612,1,Gm34891,XR_881881.3,928,down
NC_000073.7,19565274,19565540,267,*,CBD2vsMODEL2_cond2_257,4.8324,Promoter (1-2kb),7,19563919,19581530,17612,1,Gm34891,XR_881881.3,1355,down
NC_000073.7,19565607,19566238,632,*,CBD2vsMODEL2_cond2_258,23.4378,Promoter (1-2kb),7,19563919,19581530,17612,1,Gm34891,XR_881881.3,1688,down
NC_000073.7,19667207,19667633,427,*,CBD2vsMODEL2_cond2_259,4.28358,Distal Intergenic,7,19637503,19655068,17566,2,Pvr,NM_027514.2,-12139,down
NC_000073.7,24158892,24159525,634,*,CBD2vsMODEL2_cond2_260,16.7578,Promoter (<=1kb),7,24158052,24160348,2297,1,Gm53353,XR_004934264.1,840,down
NC_000073.7,27147036,27147307,272,*,CBD2vsMODEL2_cond2_261,3.65252,Promoter (<=1kb),7,27055808,27147128,91321,2,Sptbn4,XM_006540437.3,0,down
NC_000073.7,27207818,27208182,365,*,CBD2vsMODEL2_cond2_262,15.3409,Promoter (<=1kb),7,27201710,27207377,5668,2,Gm15541,XR_881907.4,-441,down
NC_000073.7,28080576,28080961,386,*,CBD2vsMODEL2_cond2_263,4.21176,Promoter (1-2kb),7,28076208,28078680,2473,2,Zfp36,NM_011756.5,-1896,down
NC_000073.7,28081157,28081524,368,*,CBD2vsMODEL2_cond2_264,5.38539,Promoter (2-3kb),7,28076208,28078680,2473,2,Zfp36,NM_011756.5,-2477,down
NC_000073.7,29113176,29113981,806,*,CBD2vsMODEL2_cond2_265,42.0905,"Intron (XM_011250732.4/Sipa1l3, intron 2 of 21)",7,29023174,29103764,80591,2,Sipa1l3,XM_006540403.3,-9412,down
NC_000073.7,37784329,37784634,306,*,CBD2vsMODEL2_cond2_266,7.05168,"Intron (XR_001778085.2/Gm30771, intron 3 of 3)",7,37769297,37791906,22610,1,Gm30771,XR_001778086.2,15032,down
NC_000073.7,44465386,44465739,354,*,CBD2vsMODEL2_cond2_267,4.13089,Promoter (<=1kb),7,44465512,44481260,15749,1,Nup62,NM_053074.2,0,down
NC_000073.7,49212243,49212578,336,*,CBD2vsMODEL2_cond2_268,5.22375,Promoter (1-2kb),7,49210815,49213439,2625,1,Gm32694,XR_004934415.1,1428,down
NC_000073.7,59418144,59418464,321,*,CBD2vsMODEL2_cond2_269,6.28214,Promoter (<=1kb),7,59418886,59418979,94,2,Gm25210,XR_004934662.1,515,down
NC_000073.7,66127316,66127785,470,*,CBD2vsMODEL2_cond2_270,12.9526,Promoter (<=1kb),7,66125941,66127708,1768,2,Gm53392,XR_004934427.1,0,down
NC_000073.7,66191199,66191588,390,*,CBD2vsMODEL2_cond2_271,13.6576,Distal Intergenic,7,66231605,66235276,3672,1,Gm33570,XR_391553.4,-40017,down
NC_000073.7,67134626,67134910,285,*,CBD2vsMODEL2_cond2_272,7.34257,Promoter (2-3kb),7,67137759,67193335,55577,1,Gm34079,XR_004934432.1,-2849,down
NC_000073.7,68398650,68398971,322,*,CBD2vsMODEL2_cond2_273,3.93264,Promoter (<=1kb),7,68386742,68398986,12245,2,Arrdc4,NM_001042592.2,15,down
NC_000073.7,80478112,80478382,271,*,CBD2vsMODEL2_cond2_274,15.6668,Distal Intergenic,7,80362411,80453288,90878,2,Iqgap1,XR_001785567.3,-24824,down
NC_000073.7,94727444,94727720,277,*,CBD2vsMODEL2_cond2_275,6.53377,"Intron (NR_175859.1/Gm32647, intron 4 of 5)",7,95091558,95091664,107,2,Gm25684,XR_004934726.1,363944,down
NC_000073.7,98954034,98954510,477,*,CBD2vsMODEL2_cond2_276,5.08978,Promoter (<=1kb),7,98949481,98954449,4969,2,Gm40449,XR_003946838.1,0,down
NC_000073.7,101899476,101899747,272,*,CBD2vsMODEL2_cond2_277,5.89864,Promoter (<=1kb),7,101888330,101899325,10996,2,Rhog,NM_019566.3,-151,down
NC_000073.7,110386093,110387038,946,*,CBD2vsMODEL2_cond2_278,6.29131,"Intron (NM_001276301.2/Ampd3, intron 2 of 14)",7,110378473,110382581,4109,2,Gm39069,XR_869867.3,-3512,down
NC_000073.7,110396783,110397530,748,*,CBD2vsMODEL2_cond2_279,10.1113,"Intron (NM_001276301.2/Ampd3, intron 6 of 14)",7,110378473,110382581,4109,2,Gm39069,XR_869867.3,-14202,down
NC_000073.7,112072991,112073258,268,*,CBD2vsMODEL2_cond2_280,9.45834,"Intron (NM_020606.6/Parva, intron 1 of 12)",7,112037650,112065116,27467,1,Gm45998,XR_001778261.3,35341,down
NC_000073.7,113112744,113113021,278,*,CBD2vsMODEL2_cond2_281,4.51128,Promoter (<=1kb),7,113113008,113170713,57706,1,Far1,XM_030242932.2,0,down
NC_000073.7,116202586,116202959,374,*,CBD2vsMODEL2_cond2_282,12.5919,Distal Intergenic,7,116206624,116220055,13432,1,Gm53368,XR_004934307.1,-3665,down
NC_000073.7,117069493,117069775,283,*,CBD2vsMODEL2_cond2_283,3.74212,"Intron (NM_175645.3/Xylt1, intron 1 of 11)",7,116980214,117266853,286640,1,Xylt1,NM_175645.3,89279,down
NC_000073.7,118410948,118411392,445,*,CBD2vsMODEL2_cond2_284,5.79469,"Exon (XM_006508212.2/Vps35l, exon 24 of 30)",7,118431788,118431901,114,1,Gm26147,XR_004934672.1,-20396,down
NC_000073.7,122977165,122977553,389,*,CBD2vsMODEL2_cond2_285,3.79561,Promoter (<=1kb),7,122977205,123029581,52377,1,Lcmt1,NM_025304.3,0,down
NC_000073.7,126607559,126608217,659,*,CBD2vsMODEL2_cond2_286,4.55469,"Intron (NM_080638.3/Mvp, intron 1 of 14)",7,126586036,126602959,16924,2,Mvp,XM_011241952.3,-4600,down
NC_000073.7,126807122,126807388,267,*,CBD2vsMODEL2_cond2_287,3.99824,Promoter (<=1kb),7,126796631,126807640,11010,2,Tbc1d10b,NM_144522.5,252,down
NC_000073.7,131012249,131012515,267,*,CBD2vsMODEL2_cond2_288,4.07803,Promoter (<=1kb),7,131012330,131047940,35611,1,Acadsb,NM_025826.4,0,down
NC_000073.7,133395272,133395758,487,*,CBD2vsMODEL2_cond2_289,4.13488,"Intron (NM_001418758.1/Fank1, intron 1 of 9)",7,133322671,133384514,61844,2,Dhx32,NM_001286031.2,-10758,down
NC_000073.7,133826248,133826522,275,*,CBD2vsMODEL2_cond2_290,13.5494,Promoter (<=1kb),7,133484928,133826826,341899,2,Adam12,NM_007400.2,304,down
NC_000073.7,134375398,134376081,684,*,CBD2vsMODEL2_cond2_291,3.8226,"Intron (NM_001033420.2/Dock1, intron 18 of 51)",7,134272416,134775376,502961,1,Dock1,NM_001033420.2,102982,down
NC_000073.7,140972033,140972942,910,*,CBD2vsMODEL2_cond2_292,7.77569,Promoter (<=1kb),7,140972073,140982889,10817,1,Taldo1,NM_011528.4,0,down
NC_000073.7,140973091,140973378,288,*,CBD2vsMODEL2_cond2_293,5.79342,Promoter (1-2kb),7,140972073,140982889,10817,1,Taldo1,NM_011528.4,1018,down
NC_000073.7,144023007,144023307,301,*,CBD2vsMODEL2_cond2_294,4.42194,Promoter (1-2kb),7,143989468,144024488,35021,2,Cttn,NM_001252572.2,1181,down
NC_000073.7,144238288,144238894,607,*,CBD2vsMODEL2_cond2_295,7.03597,"Intron (XM_006508464.4/Ano1, intron 1 of 27)",7,144142286,144232658,90373,2,Ano1,XM_011241973.4,-5630,down
NC_000073.7,144660018,144660425,408,*,CBD2vsMODEL2_cond2_296,9.70873,Distal Intergenic,7,144622737,144623754,1018,1,Gm46023,XR_001778359.2,37281,down
NC_000074.7,4729037,4729362,326,*,CBD2vsMODEL2_cond2_297,3.30207,"Intron (XR_378684.4/Gm6410, intron 1 of 1)",8,4724840,4738740,13901,1,Gm6410,XR_378684.4,4197,down
NC_000074.7,4729522,4729967,446,*,CBD2vsMODEL2_cond2_298,4.74939,"Intron (XR_378684.4/Gm6410, intron 1 of 1)",8,4724840,4738740,13901,1,Gm6410,XR_378684.4,4682,down
NC_000074.7,18817838,18818126,289,*,CBD2vsMODEL2_cond2_299,4.83693,"Intron (XM_030243531.1/Mcph1, intron 12 of 12)",8,18740279,18791578,51300,2,Angpt2,NM_007426.4,-26260,down
NC_000074.7,20509408,20509843,436,*,CBD2vsMODEL2_cond2_300,4.90138,"Intron (XM_030243910.1/9530057J20Rik, intron 10 of 11)",8,20518431,20518866,436,2,Gm20786,NA,9023,down
NC_000074.7,24718068,24718345,278,*,CBD2vsMODEL2_cond2_301,5.36409,Distal Intergenic,8,24647720,24647859,140,1,LOC115487055,XR_004935239.1,70348,down
NC_000074.7,26784406,26784683,278,*,CBD2vsMODEL2_cond2_302,3.38185,Distal Intergenic,8,26788414,26802491,14078,2,Gm31784,XR_378835.3,17808,down
NC_000074.7,32499304,32499596,293,*,CBD2vsMODEL2_cond2_303,3.83202,Promoter (<=1kb),8,32299493,32499532,200040,2,Nrg1,NM_001364421.2,0,down
NC_000074.7,35282440,35282707,268,*,CBD2vsMODEL2_cond2_304,4.05293,Promoter (<=1kb),8,35282545,35289106,6562,1,Dusp4,NM_001411584.1,0,down
NC_000074.7,39473106,39473395,290,*,CBD2vsMODEL2_cond2_305,3.77749,Promoter (<=1kb),8,39472999,39620091,147093,1,Tusc3,NM_030254.4,107,down
NC_000074.7,61771379,61771934,556,*,CBD2vsMODEL2_cond2_306,6.90649,"Intron (XM_011242231.2/Sh3rf1, intron 2 of 11)",8,61761572,61766460,4889,1,Gm40499,XR_870456.3,9807,down
NC_000074.7,65178836,65179532,697,*,CBD2vsMODEL2_cond2_307,15.3049,"Intron (NM_025436.3/Msmo1, intron 2 of 5)",8,65171157,65186612,15456,2,Msmo1,NM_025436.3,7080,down
NC_000074.7,68515129,68515447,319,*,CBD2vsMODEL2_cond2_308,4.44243,Promoter (<=1kb),8,68141735,68515523,373789,2,Psd3,XM_017312702.2,76,down
NC_000074.7,70991241,70991555,315,*,CBD2vsMODEL2_cond2_309,4.75051,Promoter (<=1kb),8,70984456,70992235,7780,2,Gm51534,XR_003947400.2,680,down
NC_000074.7,71112791,71113076,286,*,CBD2vsMODEL2_cond2_310,4.45439,Promoter (<=1kb),8,71099087,71113067,13981,2,Pgpep1,XM_030243722.2,0,down
NC_000074.7,71249762,71250144,383,*,CBD2vsMODEL2_cond2_311,4.66258,Promoter (<=1kb),8,71230761,71249653,18893,2,Mast3,NM_001402975.1,-109,down
NC_000074.7,72889040,72889454,415,*,CBD2vsMODEL2_cond2_312,4.58917,Promoter (<=1kb),8,72889132,72906986,17855,1,Tpm4,NM_001001491.2,0,down
NC_000074.7,81465786,81466150,365,*,CBD2vsMODEL2_cond2_313,5.17289,Promoter (<=1kb),8,81426572,81466088,39517,2,Smarca5,NM_053124.2,0,down
NC_000074.7,82087240,82087524,285,*,CBD2vsMODEL2_cond2_314,5.88988,"Intron (XM_006530855.3/Inpp4b, intron 1 of 26)",8,82060588,82069292,8705,2,Gm51582,XM_030243908.2,-17948,down
NC_000074.7,85712273,85712532,260,*,CBD2vsMODEL2_cond2_315,4.44244,Promoter (2-3kb),8,85715402,85729981,14580,1,Hook2,XM_030243323.2,-2870,down
NC_000074.7,89373838,89374203,366,*,CBD2vsMODEL2_cond2_316,4.37475,Promoter (<=1kb),8,89373943,89397122,23180,1,Nod2,XM_036154051.1,0,down
NC_000074.7,94897955,94898222,268,*,CBD2vsMODEL2_cond2_317,8.56847,Promoter (<=1kb),8,94892752,94897936,5185,2,Gm39227,XR_879107.3,-19,down
NC_000074.7,94898869,94899148,280,*,CBD2vsMODEL2_cond2_318,3.98688,Promoter (<=1kb),8,94899246,94900195,950,1,Mt2,NM_008630.2,-98,down
NC_000074.7,94908894,94909396,503,*,CBD2vsMODEL2_cond2_319,6.75569,Promoter (<=1kb),8,94910301,94915027,4727,1,LOC118567560,XR_004934969.1,-905,down
NC_000074.7,96174162,96174433,272,*,CBD2vsMODEL2_cond2_320,7.54816,3' UTR,8,96146867,96161716,14850,2,Cfap20,XM_036153763.1,-12446,down
NC_000074.7,100173294,100173560,267,*,CBD2vsMODEL2_cond2_321,10.8133,"Intron (NR_132435.1/A330008L17Rik, intron 1 of 4)",8,99752586,100144298,391713,2,Cdh8,XM_030243274.1,-28996,down
NC_000074.7,105067069,105067496,428,*,CBD2vsMODEL2_cond2_322,3.61961,Promoter (<=1kb),8,105067142,105074304,7163,1,Cmtm3,XM_006531328.2,0,down
NC_000074.7,105357660,105358172,513,*,CBD2vsMODEL2_cond2_323,5.36219,Promoter (<=1kb),8,105358034,105362473,4440,1,Gm33023,XR_387973.3,0,down
NC_000074.7,108129727,108130526,800,*,CBD2vsMODEL2_cond2_324,5.57705,Promoter (<=1kb),8,108114857,108129837,14981,2,Nqo1,NM_008706.5,0,down
NC_000074.7,112667608,112667878,271,*,CBD2vsMODEL2_cond2_325,5.53512,Promoter (<=1kb),8,112667335,112679547,12213,1,Gabarapl2,NM_026693.5,273,down
NC_000074.7,117287175,117287540,366,*,CBD2vsMODEL2_cond2_326,13.2253,Distal Intergenic,8,117254624,117256140,1517,2,Gm39258,XR_879226.1,-31035,down
NC_000074.7,117288516,117288901,386,*,CBD2vsMODEL2_cond2_327,10.0539,Distal Intergenic,8,117254624,117256140,1517,2,Gm39258,XR_879226.1,-32376,down
NC_000074.7,120369086,120369377,292,*,CBD2vsMODEL2_cond2_328,5.1125,"Intron (XR_001778666.3/Gm46054, intron 2 of 2)",8,120362554,120373608,11055,1,Gm46054,XR_001778667.3,6532,down
NC_000074.7,121290742,121291014,273,*,CBD2vsMODEL2_cond2_329,4.34808,"Intron (XM_006531145.5/Gse1, intron 4 of 16)",8,121308005,121315814,7810,2,Gins2,NM_178856.1,24800,down
NC_000074.7,121914185,121914880,696,*,CBD2vsMODEL2_cond2_330,4.89443,Distal Intergenic,8,121899063,121910142,11080,1,Gm42046,XR_879267.1,15122,down
NC_000074.7,123008142,123008667,526,*,CBD2vsMODEL2_cond2_331,5.1768,Promoter (<=1kb),8,123000617,123008245,7629,2,Gm39269,XR_879286.4,0,down
NC_000074.7,124264230,124264501,272,*,CBD2vsMODEL2_cond2_332,6.89324,Promoter (1-2kb),8,124265523,124265643,121,2,n-R5s100,NR_046118.1,1142,down
NC_000074.7,124267929,124268191,263,*,CBD2vsMODEL2_cond2_333,5.51653,Promoter (<=1kb),8,124267232,124267350,119,2,n-R5s101,XR_004935274.1,-579,down
NC_000074.7,124279377,124279720,344,*,CBD2vsMODEL2_cond2_334,3.68774,Promoter (<=1kb),8,124279101,124279221,121,2,n-R5s108,NR_046123.1,-156,down
NC_000074.7,124285038,124285325,288,*,CBD2vsMODEL2_cond2_335,7.7293,Promoter (<=1kb),8,124284227,124284347,121,2,n-R5s111,NR_046125.1,-691,down
NC_000074.7,124305081,124305355,275,*,CBD2vsMODEL2_cond2_336,3.9408,Promoter (<=1kb),8,124304492,124304612,121,2,n-R5s123,NR_046132.1,-469,down
NC_000074.7,124312006,124312284,279,*,CBD2vsMODEL2_cond2_337,3.62184,Promoter (<=1kb),8,124311274,124311392,119,2,n-R5s127,NA,-614,down
NC_000074.7,124315508,124315815,308,*,CBD2vsMODEL2_cond2_338,6.1689,Promoter (<=1kb),8,124314698,124314816,119,2,n-R5s129,XR_004935275.1,-692,down
NC_000074.7,124338269,124338570,302,*,CBD2vsMODEL2_cond2_339,4.37987,Promoter (<=1kb),8,124338452,124338572,121,2,n-R5s143,NR_046150.1,2,down
NC_000074.7,124444468,124444767,300,*,CBD2vsMODEL2_cond2_340,4.18428,Promoter (<=1kb),8,124442970,124445185,2216,2,Gm36059,XR_388160.1,418,down
NC_000074.7,127266219,127266750,532,*,CBD2vsMODEL2_cond2_341,5.45963,Distal Intergenic,8,127293847,127299379,5533,2,Gm39286,XR_879365.4,32629,down
NC_000074.7,127576603,127576862,260,*,CBD2vsMODEL2_cond2_342,4.91328,Promoter (<=1kb),8,127539381,127576916,37536,2,Gm31718,XR_004935167.1,54,down
NC_000075.7,4376037,4376380,344,*,CBD2vsMODEL2_cond2_343,8.41645,Promoter (<=1kb),9,4376552,4386890,10339,1,Msantd4,NM_145609.2,-172,down
NC_000075.7,9626062,9626426,365,*,CBD2vsMODEL2_cond2_344,5.47351,Distal Intergenic,9,9579342,9619789,40448,2,Gm46102,XR_001779091.1,-6273,down
NC_000075.7,20723793,20724437,645,*,CBD2vsMODEL2_cond2_345,8.30984,Promoter (1-2kb),9,20681353,20726363,45011,2,Col5a3,NM_001317388.1,1926,down
NC_000075.7,21075230,21075500,271,*,CBD2vsMODEL2_cond2_346,3.98799,Promoter (1-2kb),9,21071634,21076964,5331,2,Gm36118,XR_004935643.1,1464,down
NC_000075.7,21278949,21279270,322,*,CBD2vsMODEL2_cond2_347,3.70723,Promoter (<=1kb),9,21273906,21278984,5079,2,Gm36198,XR_379180.5,0,down
NC_000075.7,40712158,40712536,379,*,CBD2vsMODEL2_cond2_348,6.15878,Promoter (<=1kb),9,40712572,40716498,3927,1,Hspa8,NM_001364480.1,-36,down
NC_000075.7,42926358,42926809,452,*,CBD2vsMODEL2_cond2_349,36.2842,"Intron (NM_001359232.1/Arhgef12, intron 11 of 40)",9,42875142,42991314,116173,2,Arhgef12,XM_011242598.4,64505,down
NC_000075.7,48574166,48574537,372,*,CBD2vsMODEL2_cond2_350,4.56109,"Intron (NM_001033324.3/Zbtb16, intron 5 of 6)",9,48581383,48585989,4607,1,Gm32280,XM_030244764.1,-6846,down
NC_000075.7,48896340,48897039,700,*,CBD2vsMODEL2_cond2_351,6.64652,Promoter (<=1kb),9,48885818,48896463,10646,2,Gm51673,XR_003948157.2,0,down
NC_000075.7,49394664,49394996,333,*,CBD2vsMODEL2_cond2_352,4.14158,Promoter (2-3kb),9,49348261,49397525,49265,2,Ttc12,NM_172770.3,2529,down
NC_000075.7,56277813,56278128,316,*,CBD2vsMODEL2_cond2_353,16.242,"Intron (NM_172924.3/Peak1, intron 2 of 6)",9,56108410,56325334,216925,2,Peak1,NM_172924.3,47206,down
NC_000075.7,57744015,57744601,587,*,CBD2vsMODEL2_cond2_354,7.94702,Promoter (<=1kb),9,57697636,57744062,46427,2,Arid3b,NM_001379353.1,0,down
NC_000075.7,60906196,60906514,319,*,CBD2vsMODEL2_cond2_355,5.05235,"Intron (XR_003948176.1/Gm51680, intron 1 of 2)",9,60920712,60923271,2560,1,LOC115487176,XR_003948175.1,-14198,down
NC_000075.7,69365314,69365755,442,*,CBD2vsMODEL2_cond2_356,4.40449,Promoter (1-2kb),9,69364226,69364313,88,1,Mir3109,NR_037296.1,1088,down
NC_000075.7,70191712,70192127,416,*,CBD2vsMODEL2_cond2_357,20.3773,"Intron (NM_181072.3/Myo1e, intron 1 of 27)",9,70202094,70205976,3883,2,Gm40531,XR_870895.4,13849,down
NC_000075.7,70299353,70299663,311,*,CBD2vsMODEL2_cond2_358,14.6066,"Intron (NM_181072.3/Myo1e, intron 26 of 27)",9,70312976,70313035,60,2,Mir5626,NR_049200.1,13372,down
NC_000075.7,78137018,78137499,482,*,CBD2vsMODEL2_cond2_359,16.5234,Promoter (<=1kb),9,78137951,78149965,12015,1,Gsta1,NM_008181.3,-452,down
NC_000075.7,78163176,78163667,492,*,CBD2vsMODEL2_cond2_360,11.2258,Promoter (<=1kb),9,78164411,78176448,12038,1,Gm3776,NM_001243092.1,-744,down
NC_000075.7,78255481,78255773,293,*,CBD2vsMODEL2_cond2_361,15.7257,Promoter (1-2kb),9,78238300,78254474,16175,2,Gsta2,XM_006510814.2,-1007,down
NC_000075.7,89751449,89751745,297,*,CBD2vsMODEL2_cond2_362,12.6509,Distal Intergenic,9,89791565,89909032,117468,1,Rasgrf1,XR_001778822.3,-39820,down
NC_000075.7,93317575,93317845,271,*,CBD2vsMODEL2_cond2_363,4.97603,Distal Intergenic,9,93055814,93056510,697,2,Gm53545,NA,-261065,down
NC_000075.7,96246502,96246805,304,*,CBD2vsMODEL2_cond2_364,5.50041,Promoter (<=1kb),9,96214708,96246368,31661,2,Atp1b3,NM_007502.6,-134,down
NC_000075.7,101129042,101129333,292,*,CBD2vsMODEL2_cond2_365,3.76804,Promoter (<=1kb),9,100982188,101129031,146844,2,Ppp2r3a,NM_001161362.3,-11,down
NC_000075.7,101739436,101739744,309,*,CBD2vsMODEL2_cond2_366,14.2224,Distal Intergenic,9,101861592,101874748,13157,1,Gm31326,XR_003948211.1,-121848,down
NC_000075.7,103547782,103548367,586,*,CBD2vsMODEL2_cond2_367,5.65996,"Intron (NM_001359465.1/Tmem108, intron 1 of 4)",9,103360135,103570006,209872,2,Tmem108,NM_001359465.1,21639,down
NC_000075.7,106353662,106354037,376,*,CBD2vsMODEL2_cond2_368,5.35552,Promoter (<=1kb),9,106347826,106353601,5776,2,Parp3,XM_006511719.4,-61,down
NC_000075.7,108888361,108888664,304,*,CBD2vsMODEL2_cond2_369,4.89808,Promoter (<=1kb),9,108887000,108888319,1320,2,Trex1,NM_001012236.1,-42,down
NC_000075.7,114784962,114785286,325,*,CBD2vsMODEL2_cond2_370,9.26605,Distal Intergenic,9,114728407,114763055,34649,2,Gpd1l,NM_175380.5,-21907,down
NC_000075.7,115433740,115434031,292,*,CBD2vsMODEL2_cond2_371,3.93187,Distal Intergenic,9,115455668,115455786,119,2,n-R5s92,NA,21755,down
NC_000075.7,118899834,118900115,282,*,CBD2vsMODEL2_cond2_372,7.17398,"Exon (XM_006512061.2/Vill, exon 19 of 20)",9,118904139,118905734,1596,1,Gm51697,XR_003948272.1,-4024,down
NC_000075.7,120659768,120660090,323,*,CBD2vsMODEL2_cond2_373,11.9083,Distal Intergenic,9,120663435,120672995,9561,1,Gm39459,XR_871371.2,-3345,down
NC_000075.7,121547541,121547802,262,*,CBD2vsMODEL2_cond2_374,3.60759,Promoter (<=1kb),9,121548196,121585903,37708,1,Nktr,XM_030244114.2,-394,down
NC_000075.7,124194386,124194732,347,*,CBD2vsMODEL2_cond2_375,3.78468,Promoter (<=1kb),9,124195310,124202493,7184,1,Ppp2r3d,XR_004935343.1,-578,down
NC_000075.7,124197766,124198161,396,*,CBD2vsMODEL2_cond2_376,7.16388,Promoter (<=1kb),9,124195125,124198447,3323,2,4930526I15Rik,NR_015516.3,286,down
NC_000075.7,124198973,124199296,324,*,CBD2vsMODEL2_cond2_377,4.56802,Promoter (<=1kb),9,124195125,124198447,3323,2,4930526I15Rik,NR_102721.2,-526,down
NC_000076.7,5609216,5609497,282,*,CBD2vsMODEL2_cond2_378,14.5856,Distal Intergenic,10,5589218,5597617,8400,1,Vip,NM_011702.3,19998,down
NC_000076.7,13708614,13708944,331,*,CBD2vsMODEL2_cond2_379,5.53105,Promoter (2-3kb),10,13711621,13718138,6518,1,Gm53614,XR_004936455.1,-2677,down
NC_000076.7,13924419,13924687,269,*,CBD2vsMODEL2_cond2_380,4.50689,"Intron (NM_001358783.1/Hivep2, intron 2 of 12)",10,13988274,14003038,14765,2,Gm51759,XR_003948830.1,78351,down
NC_000076.7,15501409,15501732,324,*,CBD2vsMODEL2_cond2_381,9.97177,"Intron (NA/Gm46188, intron 1 of 1)",10,15424539,15547133,122595,1,Gm46188,NA,76870,down
NC_000076.7,18890422,18890823,402,*,CBD2vsMODEL2_cond2_382,8.31728,Promoter (<=1kb),10,18876658,18890332,13675,2,Tnfaip3,XM_006512702.4,-90,down
NC_000076.7,21705144,21705466,323,*,CBD2vsMODEL2_cond2_383,16.1613,Distal Intergenic,10,21709910,21722641,12732,2,Platr6,XR_004936470.1,17175,down
NC_000076.7,25334579,25334955,377,*,CBD2vsMODEL2_cond2_384,4.32792,"Intron (XM_006512506.2/Epb41l2, intron 3 of 21)",10,25312870,25399413,86544,1,Epb41l2,NM_001404829.1,21709,down
NC_000076.7,40472979,40473469,491,*,CBD2vsMODEL2_cond2_385,6.65353,"Intron (XM_006512850.4/Slc22a16, intron 6 of 6)",10,40446358,40480128,33771,1,Slc22a16,NM_027572.1,26621,down
NC_000076.7,41101022,41101408,387,*,CBD2vsMODEL2_cond2_386,4.32108,"Intron (NM_133999.1/Fig4, intron 21 of 22)",10,41092041,41092172,132,1,Gm25526,XR_004936589.1,8981,down
NC_000076.7,57209359,57209691,333,*,CBD2vsMODEL2_cond2_387,10.7876,Distal Intergenic,10,57359862,57388966,29105,1,Hsf2,XM_006512564.4,-150171,down
NC_000076.7,57982070,57982661,592,*,CBD2vsMODEL2_cond2_388,3.82949,Distal Intergenic,10,57976722,57978758,2037,2,Gm53587,NA,-3312,down
NC_000076.7,58817670,58818004,335,*,CBD2vsMODEL2_cond2_389,4.04755,"Intron (NM_172788.3/Sh3rf3, intron 1 of 9)",10,58742089,58974736,232648,1,Sh3rf3,XM_006513617.4,75581,down
NC_000076.7,59414070,59414348,279,*,CBD2vsMODEL2_cond2_390,7.17368,Promoter (2-3kb),10,59411484,59418229,6746,1,Gm40671,XR_871744.4,2586,down
NC_000076.7,60588613,60588884,272,*,CBD2vsMODEL2_cond2_391,17.6786,Promoter (<=1kb),10,60547851,60588624,40774,2,Slc29a3,XM_006514119.4,0,down
NC_000076.7,60721366,60721917,552,*,CBD2vsMODEL2_cond2_392,13.1036,Promoter (2-3kb),10,60724386,60726265,1880,1,Gm36750,XR_003948874.1,-2469,down
NC_000076.7,61288585,61288871,287,*,CBD2vsMODEL2_cond2_393,6.58866,Promoter (<=1kb),10,61268276,61288448,20173,2,Eif4ebp2,NM_010124.2,-137,down
NC_000076.7,62135821,62136567,747,*,CBD2vsMODEL2_cond2_394,5.24444,"Intron (NM_001146100.1/Hk1, intron 3 of 17)",10,62104880,62163560,58681,2,Hk1,XM_006513247.2,26993,down
NC_000076.7,62322839,62323106,268,*,CBD2vsMODEL2_cond2_395,5.46338,Promoter (<=1kb),10,62290622,62322584,31963,2,Vps26a,NM_133672.3,-255,down
NC_000076.7,66764085,66764466,382,*,CBD2vsMODEL2_cond2_396,4.60594,Distal Intergenic,10,66747969,66756163,8195,2,1110002J07Rik,NR_138561.1,-7922,down
NC_000076.7,71843867,71844146,280,*,CBD2vsMODEL2_cond2_397,15.3431,Distal Intergenic,10,71815715,71816535,821,2,1700049L16Rik,NR_003644.2,-27332,down
NC_000076.7,76484695,76485008,314,*,CBD2vsMODEL2_cond2_398,3.92182,"Intron (XR_003948911.1/Gm51774, intron 1 of 1)",10,76478892,76488162,9271,1,Gm51774,XR_003948911.1,5803,down
NC_000076.7,76797379,76798047,669,*,CBD2vsMODEL2_cond2_399,6.51598,Promoter (<=1kb),10,76797975,76798436,462,1,Gm35664,XR_380584.1,0,down
NC_000076.7,77046962,77047283,322,*,CBD2vsMODEL2_cond2_400,3.83664,Promoter (<=1kb),10,77046854,77047769,916,1,Gm40704,XR_871848.1,108,down
NC_000076.7,77442091,77442360,270,*,CBD2vsMODEL2_cond2_401,3.49478,Promoter (<=1kb),10,77442432,77454165,11734,1,Sumo3,NM_001301671.1,-72,down
NC_000076.7,77738633,77738976,344,*,CBD2vsMODEL2_cond2_402,4.50909,Promoter (<=1kb),10,77733409,77738370,4962,2,Lrrc3,NM_145152.4,-263,down
NC_000076.7,79477100,79477647,548,*,CBD2vsMODEL2_cond2_403,4.04308,"Intron (XM_036155876.1/Odf3l2, intron 2 of 2)",10,79453768,79473752,19985,2,Shc2,NM_001024539.1,-3348,down
NC_000076.7,79763030,79763294,265,*,CBD2vsMODEL2_cond2_404,4.54187,Promoter (<=1kb),10,79763175,79790852,27678,1,Arid3a,NM_001288625.1,0,down
NC_000076.7,79889708,79890060,353,*,CBD2vsMODEL2_cond2_405,4.61483,Promoter (<=1kb),10,79889845,79892273,2429,1,Gpx4,NM_001037741.4,0,down
NC_000076.7,79906638,79906944,307,*,CBD2vsMODEL2_cond2_406,3.96018,"Intron (NM_001359635.1/Sbno2, intron 5 of 31)",10,79898250,79911273,13024,2,Sbno2,NM_001359636.1,4329,down
NC_000076.7,79995696,79996267,572,*,CBD2vsMODEL2_cond2_407,5.50965,Distal Intergenic,10,80001824,80007489,5666,1,Cirbp,NM_001379422.1,-5557,down
NC_000076.7,80003372,80003655,284,*,CBD2vsMODEL2_cond2_408,4.12392,Promoter (<=1kb),10,80003673,80007489,3817,1,Cirbp,NM_001379421.1,-18,down
NC_000076.7,80165035,80165645,611,*,CBD2vsMODEL2_cond2_409,4.33608,Promoter (<=1kb),10,80157117,80165307,8191,2,Pcsk4,NM_008793.2,0,down
NC_000076.7,80413119,80413814,696,*,CBD2vsMODEL2_cond2_410,7.11169,Promoter (<=1kb),10,80402955,80413130,10176,2,Klf16,NM_078477.2,0,down
NC_000076.7,80537880,80538341,462,*,CBD2vsMODEL2_cond2_411,3.93619,Promoter (<=1kb),10,80537963,80540952,2990,1,Izumo4,XM_006514138.3,0,down
NC_000076.7,80578059,80578342,284,*,CBD2vsMODEL2_cond2_412,4.34834,Promoter (<=1kb),10,80542790,80578109,35320,2,Ap3d1,NM_007460.2,0,down
NC_000076.7,81156092,81156559,468,*,CBD2vsMODEL2_cond2_413,8.06475,Promoter (<=1kb),10,81156937,81162085,5149,1,Cactin,NM_027381.2,-378,down
NC_000076.7,82630955,82631255,301,*,CBD2vsMODEL2_cond2_414,5.28469,"Intron (XM_030245241.1/Hcfc2, intron 14 of 14)",10,82647957,82660076,12120,1,1700028I16Rik,NR_038042.1,-16702,down
NC_000076.7,82650029,82650386,358,*,CBD2vsMODEL2_cond2_415,5.30241,Promoter (2-3kb),10,82647957,82660076,12120,1,1700028I16Rik,NR_038042.1,2072,down
NC_000076.7,82694738,82695210,473,*,CBD2vsMODEL2_cond2_416,7.6079,Promoter (<=1kb),10,82681049,82694842,13794,2,Gm38560,NR_156010.1,0,down
NC_000076.7,84276649,84276946,298,*,CBD2vsMODEL2_cond2_417,4.6637,Promoter (<=1kb),10,84206764,84276532,69769,2,Nuak1,NM_001004363.2,-117,down
NC_000076.7,93907482,93907790,309,*,CBD2vsMODEL2_cond2_418,14.6958,"Intron (XR_004936096.1/Fgd6, intron 2 of 20)",10,93871865,93978093,106229,1,Fgd6,XM_036155592.1,35617,down
NC_000076.7,95418144,95418403,260,*,CBD2vsMODEL2_cond2_419,10.4218,Distal Intergenic,10,95382869,95400008,17140,2,Nudt4,NM_027722.5,-18136,down
NC_000076.7,96452349,96452635,287,*,CBD2vsMODEL2_cond2_420,3.86892,Promoter (<=1kb),10,96452863,96458675,5813,1,Btg1,NM_007569.2,-228,down
NC_000076.7,96464443,96464731,289,*,CBD2vsMODEL2_cond2_421,10.2133,Distal Intergenic,10,96452863,96458675,5813,1,Btg1,NM_007569.2,11580,down
NC_000076.7,98779514,98780045,532,*,CBD2vsMODEL2_cond2_422,9.79687,"Intron (XM_011243549.4/Atp2b1, intron 1 of 20)",10,98776302,98861449,85148,1,Atp2b1,XM_030245244.1,3212,down
NC_000076.7,121414869,121415489,621,*,CBD2vsMODEL2_cond2_423,4.85813,"Intron (NM_019786.4/Tbk1, intron 2 of 20)",10,121382360,121422699,40340,2,Tbk1,NM_019786.4,7210,down
NC_000076.7,121739760,121740105,346,*,CBD2vsMODEL2_cond2_424,4.81057,"Intron (NM_001081037.2/Srgap1, intron 3 of 21)",10,121813986,121818340,4355,1,Gm51787,XR_003948978.1,-73881,down
NC_000076.7,126736899,126737201,303,*,CBD2vsMODEL2_cond2_425,4.22999,Promoter (<=1kb),10,126704296,126737240,32945,2,Atp23,NM_026858.3,39,down
NC_000076.7,127432850,127433321,472,*,CBD2vsMODEL2_cond2_426,7.89753,Promoter (1-2kb),10,127431279,127442008,10730,1,Gm16217,XR_003949047.2,1571,down
NC_000076.7,127503624,127504713,1090,*,CBD2vsMODEL2_cond2_427,5.78771,Promoter (<=1kb),10,127502992,127504720,1729,1,1700012D01Rik,NR_045171.1,632,down
NC_000076.7,128584306,128584738,433,*,CBD2vsMODEL2_cond2_428,4.50707,Promoter (<=1kb),10,128584324,128602437,18114,1,Pym1,NM_001170869.2,0,down
NC_000077.7,7454429,7454872,444,*,CBD2vsMODEL2_cond2_429,8.85057,Distal Intergenic,11,7378876,7382935,4060,1,Gm36720,XR_381035.3,75553,down
NC_000077.7,8961004,8961266,263,*,CBD2vsMODEL2_cond2_430,5.06649,Promoter (<=1kb),11,8943137,8961191,18055,2,Hus1,NM_001303532.1,0,down
NC_000077.7,19869946,19870332,387,*,CBD2vsMODEL2_cond2_431,4.10304,Distal Intergenic,11,19874442,19972597,98156,1,Spred2,NM_033523.4,-4110,down
NC_000077.7,20581678,20581941,264,*,CBD2vsMODEL2_cond2_432,3.67431,Promoter (<=1kb),11,20581977,20603023,21047,1,Sertad2,NM_001038625.1,-36,down
NC_000077.7,29642193,29642754,562,*,CBD2vsMODEL2_cond2_433,17.5714,Promoter (<=1kb),11,29642898,29694414,51517,1,Rtn4,NM_194052.3,-144,down
NC_000077.7,32325083,32325413,331,*,CBD2vsMODEL2_cond2_434,3.95118,"Intron (XM_006514712.3/Sh3pxd2b, intron 2 of 13)",11,32297840,32378189,80350,1,Sh3pxd2b,NM_177364.4,27243,down
NC_000077.7,32656296,32656622,327,*,CBD2vsMODEL2_cond2_435,7.45048,"Intron (XM_006514433.4/Fbxw11, intron 3 of 14)",11,32592758,32696816,104059,1,Fbxw11,NM_134015.4,63538,down
NC_000077.7,46394874,46395291,418,*,CBD2vsMODEL2_cond2_436,4.28247,Distal Intergenic,11,46415078,46428983,13906,1,Gm12169,NM_001163357.1,-19787,down
NC_000077.7,48865296,48865585,290,*,CBD2vsMODEL2_cond2_437,9.65775,"Intron (NM_001114679.1/9930111J21Rik1, intron 2 of 3)",11,48869406,48884383,14978,1,Gm42074,XR_003949668.2,-3821,down
NC_000077.7,48937141,48937481,341,*,CBD2vsMODEL2_cond2_438,18.5109,"Intron (NM_173434.1/9930111J21Rik2, intron 2 of 2)",11,48928487,48942069,13583,2,9930111J21Rik2,NM_173434.1,4588,down
NC_000077.7,48945819,48946221,403,*,CBD2vsMODEL2_cond2_439,6.77089,Distal Intergenic,11,48928487,48942069,13583,2,9930111J21Rik2,NM_173434.1,-3750,down
NC_000077.7,54208339,54208637,299,*,CBD2vsMODEL2_cond2_440,4.21191,Promoter (2-3kb),11,54205762,54255582,49821,1,Acsl6,XM_036156539.1,2577,down
NC_000077.7,57817986,57818275,290,*,CBD2vsMODEL2_cond2_441,5.22983,Distal Intergenic,11,57802935,57814124,11190,1,Gm33078,XR_388679.1,15051,down
NC_000077.7,58967326,58967683,358,*,CBD2vsMODEL2_cond2_442,5.83185,"Exon (NM_001171512.2/Obscn, exon 29 of 104)",11,58885082,59027201,142120,2,Obscn,NM_001171512.2,59518,down
NC_000077.7,61093836,61094129,294,*,CBD2vsMODEL2_cond2_443,4.94625,"Exon (XR_879911.2/Gm42080, exon 3 of 3)",11,61099336,61109244,9909,1,Aldh3a1,XM_006532024.3,-5207,down
NC_000077.7,61967501,61967917,417,*,CBD2vsMODEL2_cond2_444,4.50021,Promoter (<=1kb),11,61967812,62032553,64742,1,Specc1,XM_030246109.1,0,down
NC_000077.7,68985492,68985896,405,*,CBD2vsMODEL2_cond2_445,3.65093,Promoter (<=1kb),11,68985934,69000791,14858,1,Per1,XM_006532480.4,-38,down
NC_000077.7,69301317,69301636,320,*,CBD2vsMODEL2_cond2_446,8.10681,Promoter (<=1kb),11,69290338,69301722,11385,2,Kdm6b,XM_030245822.2,86,down
NC_000077.7,75064025,75064397,373,*,CBD2vsMODEL2_cond2_447,4.10547,Promoter (<=1kb),11,75064214,75064304,91,1,Mir212,NR_029794.1,0,down
NC_000077.7,75274347,75275019,673,*,CBD2vsMODEL2_cond2_448,14.6425,"Intron (NM_001102611.1/Smyd4, intron 3 of 10)",11,75191174,75239478,48305,2,Rpa1,XM_006534051.3,-34869,down
NC_000077.7,75350741,75352041,1301,*,CBD2vsMODEL2_cond2_449,9.75182,Promoter (<=1kb),11,75352365,75357516,5152,1,Mir22hg,NR_030711.1,-324,down
NC_000077.7,75352110,75352443,334,*,CBD2vsMODEL2_cond2_450,7.34484,Promoter (<=1kb),11,75352365,75357516,5152,1,Mir22hg,NR_030711.1,0,down
NC_000077.7,75353286,75353944,659,*,CBD2vsMODEL2_cond2_451,9.4788,Promoter (<=1kb),11,75354542,75354636,95,1,Mir22,NR_029739.1,-598,down
NC_000077.7,78588372,78588721,350,*,CBD2vsMODEL2_cond2_452,4.60194,Promoter (<=1kb),11,78457994,78588251,130258,2,Nlk,NM_008702.3,-121,down
NC_000077.7,79115531,79115906,376,*,CBD2vsMODEL2_cond2_453,3.95429,Promoter (<=1kb),11,79115511,79139272,23762,1,Gm30470,XR_880030.2,20,down
NC_000077.7,86477578,86478429,852,*,CBD2vsMODEL2_cond2_454,5.65657,Promoter (2-3kb),11,86474893,86474984,92,2,Mir21a,NR_029738.1,-2594,down
NC_000077.7,86648541,86648982,442,*,CBD2vsMODEL2_cond2_455,4.66494,Promoter (<=1kb),11,86585436,86648637,63202,2,Cltc,XM_006533983.3,0,down
NC_000077.7,86811003,86811363,361,*,CBD2vsMODEL2_cond2_456,6.25846,Distal Intergenic,11,86778074,86782109,4036,1,Gm46290,XM_036157129.1,32929,down
NC_000077.7,88525224,88525799,576,*,CBD2vsMODEL2_cond2_457,5.31429,"Intron (XM_030246417.1/Msi2, intron 1 of 9)",11,88230208,88535747,305540,2,Msi2,XM_030246417.1,9948,down
NC_000077.7,96210105,96210368,264,*,CBD2vsMODEL2_cond2_458,17.1918,Promoter (1-2kb),11,96209093,96212464,3372,1,Hoxb4,NM_010459.7,1012,down
NC_000077.7,97200479,97200763,285,*,CBD2vsMODEL2_cond2_459,18.9788,Promoter (<=1kb),11,97192157,97201138,8982,2,Gm31005,XR_004937076.1,375,down
NC_000077.7,97325751,97326133,383,*,CBD2vsMODEL2_cond2_460,5.17992,"Intron (XM_006533867.3/Arhgap23, intron 1 of 23)",11,97331005,97393228,62224,1,Arhgap23,XM_006533861.5,-4872,down
NC_000077.7,102640526,102640824,299,*,CBD2vsMODEL2_cond2_461,7.1502,Distal Intergenic,11,102652261,102671088,18828,1,Adam11,NM_001110778.2,-11437,down
NC_000077.7,103137329,103137683,355,*,CBD2vsMODEL2_cond2_462,7.34338,"Intron (NM_016896.3/Map3k14, intron 1 of 15)",11,103128426,103129587,1162,1,Gm34823,XR_389061.5,8903,down
NC_000077.7,103272977,103273272,296,*,CBD2vsMODEL2_cond2_463,4.92518,"Intron (NM_183034.2/Plekhm1, intron 5 of 11)",11,103250198,103254518,4321,2,Arhgap27,NM_183288.3,-18459,down
NC_000077.7,109246527,109246786,260,*,CBD2vsMODEL2_cond2_464,5.35464,"Exon (NR_038097.1/Gm11696, exon 2 of 2)",11,109253620,109292195,38576,1,Gna13,NM_010303.3,-6834,down
NC_000077.7,109502281,109502782,502,*,CBD2vsMODEL2_cond2_465,4.9429,Promoter (<=1kb),11,109464347,109502215,37869,2,Wipi1,NM_145940.2,-66,down
NC_000077.7,116327755,116328106,352,*,CBD2vsMODEL2_cond2_466,5.54295,Promoter (2-3kb),11,116324920,116329903,4984,1,Ubald2,NM_176902.3,2835,down
NC_000077.7,117448607,117448905,299,*,CBD2vsMODEL2_cond2_467,4.72457,"Intron (XR_004937119.1/Gm51933, intron 1 of 3)",11,117438794,117459473,20680,2,Gm51933,XR_004937119.1,10568,down
NC_000077.7,117854436,117854702,267,*,CBD2vsMODEL2_cond2_468,6.8528,Distal Intergenic,11,117856905,117860192,3288,2,Socs3,NM_007707.3,5490,down
NC_000077.7,118139413,118139791,379,*,CBD2vsMODEL2_cond2_469,5.07722,Promoter (<=1kb),11,118054996,118139452,84457,2,Cyth1,XR_003949350.2,0,down
NC_000077.7,120463727,120464174,448,*,CBD2vsMODEL2_cond2_470,9.20957,Promoter (<=1kb),11,120451124,120464079,12956,2,P4hb,NM_011032.3,0,down
NC_000078.7,25160473,25160880,408,*,CBD2vsMODEL2_cond2_471,7.59532,Distal Intergenic,12,25143798,25146091,2294,2,Id2,NM_010496.3,-14382,down
NC_000078.7,25290232,25290778,547,*,CBD2vsMODEL2_cond2_472,6.35388,Distal Intergenic,12,25257601,25259600,2000,2,Gm36441,XR_381347.3,-30632,down
NC_000078.7,44571734,44572250,517,*,CBD2vsMODEL2_cond2_473,7.65917,"Intron (XM_036157477.1/Nrcam, intron 3 of 31)",12,44375668,44648629,272962,1,Nrcam,NM_176930.4,196066,down
NC_000078.7,54757627,54757918,292,*,CBD2vsMODEL2_cond2_474,3.67983,Promoter (<=1kb),12,54757088,54757251,164,1,Gm22634,XR_004937846.1,539,down
NC_000078.7,55513325,55513781,457,*,CBD2vsMODEL2_cond2_475,5.80751,Distal Intergenic,12,55536194,55539432,3239,2,Nfkbia,NM_010907.2,25651,down
NC_000078.7,58167277,58167603,327,*,CBD2vsMODEL2_cond2_476,5.09272,Distal Intergenic,12,58109633,58124212,14580,1,Gm46329,XR_004937607.1,57644,down
NC_000078.7,59266346,59266701,356,*,CBD2vsMODEL2_cond2_477,4.40549,Promoter (<=1kb),12,59247441,59266269,18829,2,Fbxo33,NM_001033156.4,-77,down
NC_000078.7,69655199,69655601,403,*,CBD2vsMODEL2_cond2_478,6.0835,"Intron (NM_001135559.1/Sos2, intron 13 of 22)",12,69669083,69672070,2988,2,Gm31679,NR_164313.1,16469,down
NC_000078.7,72132222,72132619,398,*,CBD2vsMODEL2_cond2_479,5.21764,Promoter (<=1kb),12,72132348,72148301,15954,1,Jkamp,XM_030246494.2,0,down
NC_000078.7,76062928,76063209,282,*,CBD2vsMODEL2_cond2_480,12.236,"Intron (NM_001005510.2/Syne2, intron 66 of 115)",12,75955877,75955959,83,1,Mir5101,NR_039560.1,107051,down
NC_000078.7,80156307,80156577,271,*,CBD2vsMODEL2_cond2_481,4.7481,3' UTR,12,80154534,80159787,5254,2,Zfp36l1,NM_007564.5,3210,down
NC_000078.7,81688977,81689294,318,*,CBD2vsMODEL2_cond2_482,5.60779,"Intron (NM_001033149.3/Ttc9, intron 1 of 2)",12,81678023,81714331,36309,1,Ttc9,NM_001033149.3,10954,down
NC_000078.7,84625048,84625426,379,*,CBD2vsMODEL2_cond2_483,13.2178,"Intron (NM_001301427.1/Vsx2, intron 3 of 4)",12,84616602,84642231,25630,1,Vsx2,NM_007701.3,8446,down
NC_000078.7,86833920,86834225,306,*,CBD2vsMODEL2_cond2_484,4.22852,Distal Intergenic,12,86847956,86849686,1731,1,Gm53733,XR_004937664.1,-13731,down
NC_000078.7,86837317,86837677,361,*,CBD2vsMODEL2_cond2_485,4.17584,Distal Intergenic,12,86847956,86849686,1731,1,Gm53733,XR_004937664.1,-10279,down
NC_000078.7,86848200,86848508,309,*,CBD2vsMODEL2_cond2_486,4.03787,Promoter (<=1kb),12,86847956,86849686,1731,1,Gm53733,XR_004937664.1,244,down
NC_000078.7,105520551,105520898,348,*,CBD2vsMODEL2_cond2_487,5.00364,Distal Intergenic,12,105529431,105559330,29900,1,Bdkrb2,NM_009747.2,-8533,down
NC_000078.7,107460635,107461225,591,*,CBD2vsMODEL2_cond2_488,6.47646,Distal Intergenic,12,107579260,107580104,845,1,Gm9006,NA,-118035,down
NC_000078.7,108145694,108146036,343,*,CBD2vsMODEL2_cond2_489,4.56032,Promoter (<=1kb),12,108145825,108170250,24426,1,Ccnk,XM_006515445.3,0,down
NC_000078.7,108300231,108300620,390,*,CBD2vsMODEL2_cond2_490,7.85277,Promoter (<=1kb),12,108300568,108328497,27930,1,Cyp46a1,XM_030246535.2,0,down
NC_000078.7,110413113,110413517,405,*,CBD2vsMODEL2_cond2_491,4.7769,Promoter (<=1kb),12,110413532,110538124,124593,1,Ppp2r5c,XM_030246738.2,-15,down
NC_000078.7,112744584,112744936,353,*,CBD2vsMODEL2_cond2_492,5.23816,"Exon (NM_001378499.1/Ahnak2, exon 7 of 7)",12,112738631,112759362,20732,2,Ahnak2,NM_001378499.1,14426,down
NC_000078.7,112761173,112761935,763,*,CBD2vsMODEL2_cond2_493,5.74951,Promoter (1-2kb),12,112738631,112759362,20732,2,Ahnak2,NM_001378499.1,-1811,down
NC_000078.7,113226304,113226769,466,*,CBD2vsMODEL2_cond2_494,17.0058,Promoter (2-3kb),12,113219824,113223856,4033,2,Igha,NA,-2448,down
NC_000078.7,113388014,113388522,509,*,CBD2vsMODEL2_cond2_495,6.44504,Promoter (1-2kb),12,113382446,113386350,3905,2,Ighm,NA,-1664,down
NC_000078.7,117358122,117358512,391,*,CBD2vsMODEL2_cond2_496,5.6968,Distal Intergenic,12,117309182,117311615,2434,1,Gm39559,XR_004937821.1,48940,down
NC_000079.7,5852962,5853374,413,*,CBD2vsMODEL2_cond2_497,12.2465,Promoter (<=1kb),13,5852781,5853528,748,2,Gm35413,XR_004938190.1,154,down
NC_000079.7,5920476,5920768,293,*,CBD2vsMODEL2_cond2_498,6.09462,Downstream (<=300bp),13,5911488,5920392,8905,1,Klf6,NM_011803.2,8988,down
NC_000079.7,6243226,6243600,375,*,CBD2vsMODEL2_cond2_499,18.6338,Distal Intergenic,13,6330414,6339462,9049,2,Gm35615,XR_382030.2,95862,down
NC_000079.7,7064657,7064921,265,*,CBD2vsMODEL2_cond2_500,4.33055,"Intron (XR_873113.1/Gm40662, intron 2 of 3)",13,7045690,7126233,80544,2,Gm40662,XR_873113.1,61312,down
NC_000079.7,12580461,12580821,361,*,CBD2vsMODEL2_cond2_501,4.53023,Promoter (<=1kb),13,12580701,12624422,43722,1,Ero1b,XM_006516731.5,0,down
NC_000079.7,21029403,21029762,360,*,CBD2vsMODEL2_cond2_502,4.45057,"Intron (XM_036158062.1/Aoah, intron 3 of 11)",13,21024266,21220787,196522,1,Aoah,XM_011244311.1,5137,down
NC_000079.7,29115385,29115872,488,*,CBD2vsMODEL2_cond2_503,5.87563,Distal Intergenic,13,29129371,29134068,4698,1,Gm46406,XR_001780883.2,-13499,down
NC_000079.7,34346885,34347280,396,*,CBD2vsMODEL2_cond2_504,6.14883,Promoter (<=1kb),13,34346947,34362155,15209,1,Psmg4,NM_001101430.2,0,down
NC_000079.7,34592168,34592448,281,*,CBD2vsMODEL2_cond2_505,5.07058,Distal Intergenic,13,34577702,34578532,831,2,Gm6129,NA,-13636,down
NC_000079.7,35924875,35925366,492,*,CBD2vsMODEL2_cond2_506,5.15751,Promoter (<=1kb),13,35925385,36058047,132663,1,Cdyl,NM_001123386.1,-19,down
NC_000079.7,39436786,39437081,296,*,CBD2vsMODEL2_cond2_507,19.1631,Distal Intergenic,13,39116281,39144855,28575,2,Slc35b3,XR_004937924.1,-291931,down
NC_000079.7,43838040,43838446,407,*,CBD2vsMODEL2_cond2_508,4.70311,Distal Intergenic,13,43840984,43859863,18880,2,Gm52070,XR_003950720.2,21417,down
NC_000079.7,48699729,48700412,684,*,CBD2vsMODEL2_cond2_509,4.63683,"Exon (XM_036158292.1/LOC118568094, exon 2 of 2)",13,48688999,48704244,15246,2,LOC118568094,XM_036158292.1,3832,down
NC_000079.7,49358984,49359289,306,*,CBD2vsMODEL2_cond2_510,6.64199,"Intron (NM_001418541.1/Card19, intron 2 of 4)",13,49356426,49369471,13046,2,Card19,NM_001418541.1,10182,down
NC_000079.7,52388260,52388616,357,*,CBD2vsMODEL2_cond2_511,4.79351,Promoter (<=1kb),13,52388513,52399070,10558,1,Gm33116,XR_001780948.1,0,down
NC_000079.7,52498710,52498973,264,*,CBD2vsMODEL2_cond2_512,16.424,Distal Intergenic,13,52388513,52399070,10558,1,Gm33116,XR_001780948.1,110197,down
NC_000079.7,53817029,53817597,569,*,CBD2vsMODEL2_cond2_513,13.0277,Distal Intergenic,13,53802621,53804117,1497,1,4930555G21Rik,NR_131010.1,14408,down
NC_000079.7,54248756,54249076,321,*,CBD2vsMODEL2_cond2_514,10.2019,"Intron (XR_003950425.1/Sfxn1, intron 7 of 11)",13,54225913,54262365,36453,1,Sfxn1,XR_004937939.1,22843,down
NC_000079.7,54835653,54835993,341,*,CBD2vsMODEL2_cond2_515,4.63787,Promoter (<=1kb),13,54827212,54835927,8716,2,Rnf44,XM_030247091.1,0,down
NC_000079.7,54841667,54841950,284,*,CBD2vsMODEL2_cond2_516,4.57728,Promoter (<=1kb),13,54827212,54841738,14527,2,Rnf44,XM_030247099.1,0,down
NC_000079.7,54842029,54842310,282,*,CBD2vsMODEL2_cond2_517,3.82592,Promoter (<=1kb),13,54827212,54841889,14678,2,Rnf44,XM_030247093.1,-140,down
NC_000079.7,54936772,54937363,592,*,CBD2vsMODEL2_cond2_518,7.06753,Promoter (<=1kb),13,54936915,54944588,7674,1,Tspan17,XM_006517414.3,0,down
NC_000079.7,55658304,55658960,657,*,CBD2vsMODEL2_cond2_519,7.83786,Promoter (2-3kb),13,55646225,55656082,9858,2,Pdlim7,XM_011244558.3,-2222,down
NC_000079.7,56669920,56670225,306,*,CBD2vsMODEL2_cond2_520,4.69357,Promoter (<=1kb),13,56670201,56685608,15408,1,Fbxl21,XM_011244506.4,0,down
NC_000079.7,56730107,56730398,292,*,CBD2vsMODEL2_cond2_521,5.21641,Promoter (1-2kb),13,56731618,56750857,19240,1,2010203P06Rik,XR_004938129.1,-1220,down
NC_000079.7,56730578,56730875,298,*,CBD2vsMODEL2_cond2_522,5.70511,Promoter (<=1kb),13,56731618,56750857,19240,1,2010203P06Rik,XR_004938129.1,-743,down
NC_000079.7,58802315,58802605,291,*,CBD2vsMODEL2_cond2_523,4.28773,Distal Intergenic,13,58831486,58837280,5795,2,Gm34058,XR_382519.4,34675,down
NC_000079.7,59541284,59541547,264,*,CBD2vsMODEL2_cond2_524,18.9966,Distal Intergenic,13,59553825,59559336,5512,2,Gm34721,XR_001780971.2,17789,down
NC_000079.7,60157151,60157638,488,*,CBD2vsMODEL2_cond2_525,5.9974,Distal Intergenic,13,60138482,60146355,7874,1,Gm35143,XR_382539.2,18669,down
NC_000079.7,63401017,63401382,366,*,CBD2vsMODEL2_cond2_526,5.28322,"Intron (NM_001289924.1/Aopep, intron 13 of 16)",13,63387843,63473910,86068,1,Aopep,NR_110521.1,13174,down
NC_000079.7,68964034,68964409,376,*,CBD2vsMODEL2_cond2_527,5.33989,"Intron (NM_153534.2/Adcy2, intron 3 of 24)",13,68768162,69147660,379499,2,Adcy2,NM_153534.2,183251,down
NC_000079.7,69759873,69760152,280,*,CBD2vsMODEL2_cond2_528,5.38258,Promoter (<=1kb),13,69760135,69783899,23765,1,Nsun2,NM_145354.5,0,down
NC_000079.7,71167529,71168659,1131,*,CBD2vsMODEL2_cond2_529,7.61698,Promoter (<=1kb),13,71166445,71168540,2096,2,Gm36734,XR_382641.3,0,down
NC_000079.7,71383615,71384009,395,*,CBD2vsMODEL2_cond2_530,9.82157,Distal Intergenic,13,71255208,71255328,121,1,Mir466f-4,NR_130325.1,128407,down
NC_000079.7,72093211,72094578,1368,*,CBD2vsMODEL2_cond2_531,13.1904,Distal Intergenic,13,72106351,72109831,3481,2,Irx1,XM_036157861.1,15253,down
NC_000079.7,74678194,74678488,295,*,CBD2vsMODEL2_cond2_532,3.41127,Distal Intergenic,13,74626602,74642132,15531,2,Zfp825,XM_036158036.1,-36062,down
NC_000079.7,75942095,75942428,334,*,CBD2vsMODEL2_cond2_533,4.49044,Distal Intergenic,13,75916174,75916316,143,1,Gm23127,XR_004938271.1,25921,down
NC_000079.7,85337667,85337965,299,*,CBD2vsMODEL2_cond2_534,4.63075,Promoter (<=1kb),13,85337505,85361477,23973,1,Ccnh,XM_006517325.4,162,down
NC_000079.7,98593013,98593353,341,*,CBD2vsMODEL2_cond2_535,6.15966,Distal Intergenic,13,98560618,98571573,10956,2,2310005E17Rik,NR_045498.1,-21440,down
NC_000079.7,104114919,104115232,314,*,CBD2vsMODEL2_cond2_536,12.7759,Distal Intergenic,13,103955294,104057094,101801,2,Erbin,NM_001289475.1,-57825,down
NC_000079.7,108509592,108509887,296,*,CBD2vsMODEL2_cond2_537,12.0943,"Intron (NM_001418947.1/Depdc1b, intron 6 of 10)",13,108538601,108549489,10889,1,Gm41056,XR_873943.3,-28714,down
NC_000079.7,112600202,112600539,338,*,CBD2vsMODEL2_cond2_538,4.0398,Promoter (<=1kb),13,112600604,112643394,42791,1,Il6st,NM_010560.3,-65,down
NC_000079.7,120061311,120061940,630,*,CBD2vsMODEL2_cond2_539,5.67927,"Intron (NM_001039244.4/Tmem267, intron 2 of 2)",13,120085355,120115895,30541,1,Ccl28,NM_020279.3,-23415,down
NC_000079.7,120062947,120063210,264,*,CBD2vsMODEL2_cond2_540,5.38791,"Intron (NM_001039244.4/Tmem267, intron 2 of 2)",13,120085355,120115895,30541,1,Ccl28,NM_020279.3,-22145,down
NC_000080.7,6220221,6220500,280,*,CBD2vsMODEL2_cond2_541,3.80628,Promoter (<=1kb),14,6157837,6220449,62613,2,Ngly1,NM_021504.3,0,down
NC_000080.7,8118584,8119056,473,*,CBD2vsMODEL2_cond2_542,5.31192,"Exon (XM_006517942.4/Il3ra, exon 5 of 10)",14,8114270,8123230,8961,2,Il3ra,XM_006517942.4,4174,down
NC_000080.7,8121337,8122425,1089,*,CBD2vsMODEL2_cond2_543,6.09671,Promoter (<=1kb),14,8114270,8123230,8961,2,Il3ra,XM_006517942.4,805,down
NC_000080.7,8123158,8124103,946,*,CBD2vsMODEL2_cond2_544,6.39837,Promoter (<=1kb),14,8114270,8123230,8961,2,Il3ra,XM_006517942.4,0,down
NC_000080.7,8828574,8828927,354,*,CBD2vsMODEL2_cond2_545,4.74654,Distal Intergenic,14,8786615,8798887,12273,2,Sntn,NM_177624.3,-29687,down
NC_000080.7,9877718,9878056,339,*,CBD2vsMODEL2_cond2_546,19.3954,"Intron (XM_006518024.5/Cadps, intron 6 of 32)",14,9646684,10097203,450520,1,Cadps,NM_001359921.1,231034,down
NC_000080.7,14451356,14452104,749,*,CBD2vsMODEL2_cond2_547,4.95629,"Intron (XM_006518073.4/Abhd6, intron 1 of 8)",14,14413000,14464898,51899,2,Abhd6,XM_006518073.4,12794,down
NC_000080.7,40624488,40624762,275,*,CBD2vsMODEL2_cond2_548,3.91506,Promoter (<=1kb),14,40533478,40624294,90817,2,Sh2d4b,XR_383190.3,-194,down
NC_000080.7,40688817,40689246,430,*,CBD2vsMODEL2_cond2_549,7.50071,Promoter (<=1kb),14,40628384,40688835,60452,2,Tspan14,XM_036158755.1,0,down
NC_000080.7,42408341,42408656,316,*,CBD2vsMODEL2_cond2_550,7.23161,"Intron (XR_003951232.1/Gm8032, intron 7 of 7)",14,42416462,42421837,5376,2,Gm17124,NM_001378735.1,13181,down
NC_000080.7,43224828,43225207,380,*,CBD2vsMODEL2_cond2_551,3.73049,"Intron (NA/Gm9597, intron 2 of 6)",14,43199841,43205268,5428,2,1700001F09Rik,NM_027940.2,-19560,down
NC_000080.7,46324283,46324608,326,*,CBD2vsMODEL2_cond2_552,15.4963,Promoter (2-3kb),14,46321484,46322414,931,1,Ubb-ps,NR_002875.3,2799,down
NC_000080.7,55967799,55968124,326,*,CBD2vsMODEL2_cond2_553,4.32865,Distal Intergenic,14,55953321,55959720,6400,2,Rabggta,NM_001360387.1,-8079,down
NC_000080.7,57295295,57295642,348,*,CBD2vsMODEL2_cond2_554,5.12802,Promoter (<=1kb),14,57271917,57295487,23571,2,Gja3,NM_016975.3,0,down
NC_000080.7,60229759,60230875,1117,*,CBD2vsMODEL2_cond2_555,7.19749,"Intron (NM_015803.3/Atp8a2, intron 23 of 35)",14,59884980,60324363,439384,2,Atp8a2,NM_015803.3,93488,down
NC_000080.7,60231328,60231960,633,*,CBD2vsMODEL2_cond2_556,6.35608,"Intron (NM_015803.3/Atp8a2, intron 23 of 35)",14,59884980,60324363,439384,2,Atp8a2,NM_015803.3,92403,down
NC_000080.7,60232496,60232771,276,*,CBD2vsMODEL2_cond2_557,8.36665,"Intron (NM_015803.3/Atp8a2, intron 23 of 35)",14,59884980,60324363,439384,2,Atp8a2,NM_015803.3,91592,down
NC_000080.7,63585358,63585894,537,*,CBD2vsMODEL2_cond2_558,25.8905,Distal Intergenic,14,63576961,63583111,6151,1,Gm4151,NR_176806.1,8397,down
NC_000080.7,66138068,66138338,271,*,CBD2vsMODEL2_cond2_559,10.7916,Promoter (1-2kb),14,66140320,66151703,11384,1,Gm41181,XR_874726.3,-1982,down
NC_000080.7,69192241,69192749,509,*,CBD2vsMODEL2_cond2_560,17.1015,Distal Intergenic,14,69266738,69278850,12113,1,Stc1,NM_009285.3,-73989,down
NC_000080.7,70567204,70567717,514,*,CBD2vsMODEL2_cond2_561,6.27588,"Intron (NM_001135152.1/Slc39a14, intron 2 of 9)",14,70540916,70564187,23272,2,Slc39a14,XM_030247716.1,-3017,down
NC_000080.7,74970521,74971033,513,*,CBD2vsMODEL2_cond2_562,16.8706,Promoter (<=1kb),14,74969737,74988205,18469,1,Esd,NM_016903.5,784,down
NC_000080.7,84680972,84681363,392,*,CBD2vsMODEL2_cond2_563,5.69099,Promoter (<=1kb),14,84681003,84774500,93498,1,Pcdh17,NM_001013753.2,0,down
NC_000080.7,99985630,99985902,273,*,CBD2vsMODEL2_cond2_564,8.43195,Distal Intergenic,14,100011059,100011244,186,2,Gm22970,XR_004938751.1,25342,down
NC_000080.7,104081030,104081349,320,*,CBD2vsMODEL2_cond2_565,13.9844,Promoter (<=1kb),14,104052051,104081137,29087,2,Ednrb,NM_001276296.1,0,down
NC_000080.7,106134586,106134966,381,*,CBD2vsMODEL2_cond2_566,4.424,Promoter (<=1kb),14,106129381,106134899,5519,2,Spry2,XM_006519016.5,0,down
NC_000080.7,114024055,114024327,273,*,CBD2vsMODEL2_cond2_567,13.0212,Distal Intergenic,14,114138438,114140181,1744,1,Gm5209,NA,-114111,down
NC_000080.7,118248970,118249279,310,*,CBD2vsMODEL2_cond2_568,4.3504,Distal Intergenic,14,118250202,118289658,39457,2,Dct,NM_010024.3,40379,down
NC_000080.7,118336850,118337206,357,*,CBD2vsMODEL2_cond2_569,3.65979,Distal Intergenic,14,118326937,118327009,73,2,n-TFgaa5,NA,-9841,down
NC_000080.7,118988171,118988478,308,*,CBD2vsMODEL2_cond2_570,10.9512,"Intron (XR_001781464.2/Gm46484, intron 2 of 2)",14,118985632,118993257,7626,2,Gm46484,XR_001781464.2,4779,down
NC_000080.7,119049337,119050363,1027,*,CBD2vsMODEL2_cond2_571,7.09588,Promoter (1-2kb),14,119045912,119047799,1888,2,Gm41248,XR_874964.1,-1538,down
NC_000080.7,119091437,119091703,267,*,CBD2vsMODEL2_cond2_572,19.1273,Promoter (<=1kb),14,119092362,119111937,19576,1,Cldn10,NM_001160099.1,-659,down
NC_000080.7,120449360,120450133,774,*,CBD2vsMODEL2_cond2_573,14.1379,Distal Intergenic,14,120370164,120408767,38604,2,Gm4681,XR_004938569.1,-40593,down
NC_000080.7,120714948,120715640,693,*,CBD2vsMODEL2_cond2_574,5.41223,Promoter (<=1kb),14,120715873,120744606,28734,1,Rap2a,NM_029519.3,-233,down
NC_000080.7,122475551,122475849,299,*,CBD2vsMODEL2_cond2_575,6.09742,"Intron (XM_036158840.1/Clybl, intron 1 of 7)",14,122467317,122471050,3734,2,1700108J01Rik,NR_015532.1,-4501,down
NC_000081.7,4025233,4025505,273,*,CBD2vsMODEL2_cond2_576,4.74064,Promoter (<=1kb),15,4011517,4025228,13712,2,Rimoc1,NM_145930.3,-5,down
NC_000081.7,6640519,6641020,502,*,CBD2vsMODEL2_cond2_577,6.0072,"Intron (XM_011245328.3/Fyb, intron 2 of 18)",15,6610534,6695089,84556,1,Fyb,XM_006519986.1,29985,down
NC_000081.7,7907528,7907819,292,*,CBD2vsMODEL2_cond2_578,7.90646,"Intron (XM_017316701.2/Wdr70, intron 17 of 17)",15,7845031,7867061,22031,1,Gdnf,NM_001301357.1,62497,down
NC_000081.7,9086977,9087404,428,*,CBD2vsMODEL2_cond2_579,10.4121,"Intron (NM_001286253.1/Nadk2, intron 4 of 10)",15,9071340,9110584,39245,1,Nadk2,NM_001286255.1,15637,down
NC_000081.7,22799947,22800315,369,*,CBD2vsMODEL2_cond2_580,3.64537,"Intron (XM_006520095.4/Cdh18, intron 2 of 13)",15,22789749,23477577,687829,1,Cdh18,XM_036159468.1,10198,down
NC_000081.7,25762196,25762525,330,*,CBD2vsMODEL2_cond2_581,5.57037,"Intron (NM_019472.2/Myo10, intron 19 of 40)",15,25758749,25813759,55011,1,Myo10,XM_006520025.5,3447,down
NC_000081.7,27997447,27997936,490,*,CBD2vsMODEL2_cond2_582,4.41747,Promoter (1-2kb),15,27730737,27995461,264725,2,Trio,XM_006520050.5,-1986,down
NC_000081.7,31092215,31092529,315,*,CBD2vsMODEL2_cond2_583,5.08702,Promoter (<=1kb),15,31092366,31118154,25789,1,Gm32011,XR_383899.2,0,down
NC_000081.7,31342548,31342854,307,*,CBD2vsMODEL2_cond2_584,5.86816,"Intron (XM_036159549.1/Ankrd33b, intron 1 of 4)",15,31291625,31367905,76281,2,Ankrd33b,NM_001164441.1,25051,down
NC_000081.7,35686357,35686729,373,*,CBD2vsMODEL2_cond2_585,8.1002,"Intron (NM_177151.4/Vps13b, intron 33 of 61)",15,35661116,35661193,78,2,Mir875,NR_030606.1,-25164,down
NC_000081.7,36472324,36472784,461,*,CBD2vsMODEL2_cond2_586,8.82493,Distal Intergenic,15,36453395,36456729,3335,2,Gm34316,XR_875145.1,-15595,down
NC_000081.7,36609172,36609552,381,*,CBD2vsMODEL2_cond2_587,3.96958,Promoter (<=1kb),15,36595902,36609217,13316,2,Pabpc1,NM_008774.3,0,down
NC_000081.7,51455920,51456248,329,*,CBD2vsMODEL2_cond2_588,8.20228,Promoter (<=1kb),15,51441305,51455672,14368,2,Gm34503,XR_384084.3,-248,down
NC_000081.7,59671129,59671429,301,*,CBD2vsMODEL2_cond2_589,18.0405,Distal Intergenic,15,59660266,59666808,6543,2,Gm19510,NR_045076.1,-4321,down
NC_000081.7,61951124,61951411,288,*,CBD2vsMODEL2_cond2_590,4.76502,"Intron (NR_003368.2/Pvt1, intron 1 of 8)",15,61956837,61971374,14538,2,Gm53890,XR_004938956.1,19963,down
NC_000081.7,73293341,73293610,270,*,CBD2vsMODEL2_cond2_591,5.40106,Promoter (1-2kb),15,73076951,73294975,218025,2,Ptk2,XM_036159143.1,1365,down
NC_000081.7,78588787,78589072,286,*,CBD2vsMODEL2_cond2_592,6.41176,"Intron (XM_036159292.1/Elfn2, intron 1 of 1)",15,78551533,78595002,43470,2,Elfn2,NM_001416409.1,5930,down
NC_000081.7,97684442,97684988,547,*,CBD2vsMODEL2_cond2_593,9.45396,Promoter (2-3kb),15,97682246,97690573,8328,1,Slc48a1,NM_026353.4,2196,down
NC_000081.7,99192978,99193309,332,*,CBD2vsMODEL2_cond2_594,6.24019,Promoter (<=1kb),15,99193006,99214899,21894,1,Prpf40b,XM_006521188.3,0,down
NC_000081.7,100125233,100125543,311,*,CBD2vsMODEL2_cond2_595,4.65821,Promoter (<=1kb),15,100125729,100159129,33401,1,Atf1,NM_007497.4,-186,down
NC_000081.7,101351130,101351447,318,*,CBD2vsMODEL2_cond2_596,3.51406,"Exon (XM_006521258.4/Krt88, exon 6 of 6)",15,101345626,101351790,6165,1,Krt88,NM_025487.3,5504,down
NC_000081.7,102314243,102314708,466,*,CBD2vsMODEL2_cond2_597,4.57526,Promoter (<=1kb),15,102314751,102344839,30089,1,Sp1,NM_013672.2,-43,down
NC_000081.7,102314905,102315378,474,*,CBD2vsMODEL2_cond2_598,6.2625,Promoter (<=1kb),15,102314751,102344839,30089,1,Sp1,NM_013672.2,154,down
NC_000082.7,4461965,4462267,303,*,CBD2vsMODEL2_cond2_599,7.11918,"Intron (NM_139307.3/Vasn, intron 1 of 1)",16,4457809,4469030,11222,1,Vasn,NM_139307.3,4156,down
NC_000082.7,4983858,4984461,604,*,CBD2vsMODEL2_cond2_600,14.5174,"Intron (XR_001781850.3/Sec14l5, intron 3 of 15)",16,4964840,5005135,40296,1,Sec14l5,NM_001417651.1,19018,down
NC_000082.7,8647677,8648002,326,*,CBD2vsMODEL2_cond2_601,5.16358,Promoter (<=1kb),16,8647964,8676788,28825,1,Hapstr1,NM_001081400.3,0,down
NC_000082.7,14170630,14170899,270,*,CBD2vsMODEL2_cond2_602,15.7911,Distal Intergenic,16,14179317,14276972,97656,1,Abcc1,XM_017316888.2,-8418,down
NC_000082.7,15801955,15802246,292,*,CBD2vsMODEL2_cond2_603,12.162,"Intron (XM_017316946.3/Spidr, intron 8 of 19)",16,15705150,15707409,2260,1,Cebpd,NM_007679.4,96805,down
NC_000082.7,17625183,17625529,347,*,CBD2vsMODEL2_cond2_604,6.14719,3' UTR,16,17616211,17626158,9948,1,Scarf2,XM_036159885.1,8972,down
NC_000082.7,17765323,17765637,315,*,CBD2vsMODEL2_cond2_605,18.3844,Distal Intergenic,16,17753974,17762153,8180,1,Gm41427,XR_875938.1,11349,down
NC_000082.7,24002028,24002302,275,*,CBD2vsMODEL2_cond2_606,17.1592,Distal Intergenic,16,24004807,24012711,7905,2,Gm31814,XR_875983.3,10409,down
NC_000082.7,24057051,24057446,396,*,CBD2vsMODEL2_cond2_607,8.32782,"Intron (XR_384780.4/Gm31814, intron 1 of 7)",16,24004807,24074397,69591,2,Gm31814,XR_384780.4,16951,down
NC_000082.7,55795128,55795445,318,*,CBD2vsMODEL2_cond2_608,3.91591,Promoter (<=1kb),16,55793631,55794980,1350,2,Zbtb11os1,NR_027965.1,-148,down
NC_000082.7,64671776,64672037,262,*,CBD2vsMODEL2_cond2_609,3.98979,Promoter (<=1kb),16,64600710,64672086,71377,2,Zfp654,NM_001347245.1,49,down
NC_000082.7,70110346,70110915,570,*,CBD2vsMODEL2_cond2_610,5.44444,Promoter (<=1kb),16,70110837,70366608,255772,1,Gbe1,NM_028803.4,0,down
NC_000082.7,91151735,91152034,300,*,CBD2vsMODEL2_cond2_611,3.73967,Distal Intergenic,16,91146520,91146672,153,2,Gm24695,NA,-5063,down
NC_000082.7,92405210,92405742,533,*,CBD2vsMODEL2_cond2_612,10.6982,"Intron (NM_001111023.2/Runx1, intron 5 of 5)",16,92380297,92393036,12740,2,Gm30224,NR_168718.1,-12174,down
NC_000082.7,92406282,92406599,318,*,CBD2vsMODEL2_cond2_613,7.96381,"Intron (NM_001111023.2/Runx1, intron 5 of 5)",16,92380297,92393036,12740,2,Gm30224,NR_168718.1,-13246,down
NC_000082.7,92417492,92418184,693,*,CBD2vsMODEL2_cond2_614,14.6785,"Intron (NM_001111023.2/Runx1, intron 4 of 5)",16,92380297,92393036,12740,2,Gm30224,NR_168718.1,-24456,down
NC_000082.7,93479095,93479638,544,*,CBD2vsMODEL2_cond2_615,12.026,Promoter (<=1kb),16,93480107,93487879,7773,1,Cbr3,NM_173047.3,-469,down
NC_000082.7,93508125,93509022,898,*,CBD2vsMODEL2_cond2_616,8.35363,Promoter (<=1kb),16,93508795,93537166,28372,1,Dop1b,NM_026700.2,0,down
NC_000082.7,94171390,94171695,306,*,CBD2vsMODEL2_cond2_617,5.26128,Promoter (<=1kb),16,94165311,94171409,6099,2,Pigp,NM_001159618.1,0,down
NC_000082.7,95542277,95542735,459,*,CBD2vsMODEL2_cond2_618,8.11236,Distal Intergenic,16,95555490,95555945,456,1,Gm6599,NA,-12755,down
NC_000082.7,95542806,95543078,273,*,CBD2vsMODEL2_cond2_619,5.33168,Distal Intergenic,16,95555490,95555945,456,1,Gm6599,NA,-12412,down
NC_000082.7,95615796,95616070,275,*,CBD2vsMODEL2_cond2_620,4.96447,Distal Intergenic,16,95565429,95603544,38116,2,Gm32130,XR_876302.2,-12252,down
NC_000082.7,96209309,96209576,268,*,CBD2vsMODEL2_cond2_621,4.89015,"Intron (XM_011246151.4/Igsf5, intron 9 of 9)",16,96223498,96244814,21317,2,Itgb2l,NM_008405.3,35238,down
NC_000083.7,6696806,6697477,672,*,CBD2vsMODEL2_cond2_622,8.25202,Promoter (<=1kb),17,6697511,6703695,6185,1,Dynlt1b,NM_009342.2,-34,down
NC_000083.7,7200065,7200802,738,*,CBD2vsMODEL2_cond2_623,6.61119,"Intron (NM_001083945.1/Rsph3b, intron 2 of 7)",17,7172115,7215755,43641,2,Rsph3b,NM_001083945.1,14953,down
NC_000083.7,7201397,7203243,1847,*,CBD2vsMODEL2_cond2_624,7.37625,"Intron (NM_001083945.1/Rsph3b, intron 2 of 7)",17,7172115,7215755,43641,2,Rsph3b,NM_001083945.1,12512,down
NC_000083.7,7203569,7205104,1536,*,CBD2vsMODEL2_cond2_625,10.4923,"Intron (NM_001083945.1/Rsph3b, intron 2 of 7)",17,7172115,7215755,43641,2,Rsph3b,NM_001083945.1,10651,down
NC_000083.7,8174917,8176093,1177,*,CBD2vsMODEL2_cond2_626,12.6746,"Intron (NM_025789.5/Rsph3a, intron 2 of 7)",17,8099935,8165258,65324,2,Gm1604a,NR_168939.1,-9659,down
NC_000083.7,11546799,11548158,1360,*,CBD2vsMODEL2_cond2_627,5.11772,"Intron (XM_030249894.2/Prkn, intron 4 of 6)",17,11520069,12282257,762189,1,Prkn,XM_017317573.2,26730,down
NC_000083.7,12494657,12494954,298,*,CBD2vsMODEL2_cond2_628,4.20169,"Intron (XM_036160622.1/Map3k4, intron 2 of 26)",17,12485177,12490290,5114,1,Gm46605,XR_004939667.1,9480,down
NC_000083.7,13525689,13526029,341,*,CBD2vsMODEL2_cond2_629,5.46115,"Intron (XR_385245.5/Gm36684, intron 1 of 1)",17,13540183,13548124,7942,2,Gm36589,XR_876419.3,22095,down
NC_000083.7,13660715,13661017,303,*,CBD2vsMODEL2_cond2_630,8.57813,Distal Intergenic,17,13652295,13652401,107,2,Rnu6,NR_003027.2,-8314,down
NC_000083.7,13771294,13771572,279,*,CBD2vsMODEL2_cond2_631,4.55249,Promoter (2-3kb),17,13707283,13774356,67074,2,2700054A10Rik,NR_045436.2,2784,down
NC_000083.7,23412303,23412628,326,*,CBD2vsMODEL2_cond2_632,16.491,Promoter (<=1kb),17,23392843,23412226,19384,2,Zfp40,NM_009555.3,-77,down
NC_000083.7,24896695,24896957,263,*,CBD2vsMODEL2_cond2_633,4.93451,Promoter (<=1kb),17,24896067,24900990,4924,1,Zfp598,XM_006524000.1,628,down
NC_000083.7,27774571,27774917,347,*,CBD2vsMODEL2_cond2_634,6.8383,Promoter (<=1kb),17,27774798,27782649,7852,1,Hmga1,NM_001412718.1,0,down
NC_000083.7,27780650,27781313,664,*,CBD2vsMODEL2_cond2_635,5.69826,Promoter (2-3kb),17,27782743,27783641,899,2,Smim29,XM_030249422.2,2328,down
NC_000083.7,28455415,28455789,375,*,CBD2vsMODEL2_cond2_636,5.68472,"Intron (NM_001411509.1/Ppard, intron 1 of 7)",17,28451728,28520443,68716,1,Ppard,NM_001411522.1,3687,down
NC_000083.7,28499382,28499693,312,*,CBD2vsMODEL2_cond2_637,4.15968,Promoter (<=1kb),17,28499262,28520443,21182,1,Ppard,NM_001411510.1,120,down
NC_000083.7,32725120,32725408,289,*,CBD2vsMODEL2_cond2_638,4.17326,Promoter (<=1kb),17,32725404,32748688,23285,1,Cyp4f17,XM_011246339.2,0,down
NC_000083.7,34340019,34340395,377,*,CBD2vsMODEL2_cond2_639,5.07985,Promoter (<=1kb),17,34330997,34339995,8999,2,Brd2,XM_036160321.1,-24,down
NC_000083.7,34822745,34823028,284,*,CBD2vsMODEL2_cond2_640,4.18657,Promoter (<=1kb),17,34823164,34832392,9229,1,Agpat1,NM_001414236.1,-136,down
NC_000083.7,35520871,35521135,265,*,CBD2vsMODEL2_cond2_641,3.92346,Distal Intergenic,17,35539503,35544077,4575,1,H2-Q1,XM_006523688.5,-18368,down
NC_000083.7,47375982,47376519,538,*,CBD2vsMODEL2_cond2_642,13.4029,Distal Intergenic,17,47393793,47395604,1812,2,Gm54009,XM_036160900.1,19085,down
NC_000083.7,48662993,48663327,335,*,CBD2vsMODEL2_cond2_643,6.32542,Distal Intergenic,17,48666944,48674204,7261,1,Treml1,NM_001289451.1,-3617,down
NC_000083.7,56573127,56573408,282,*,CBD2vsMODEL2_cond2_644,5.08798,Distal Intergenic,17,56563793,56570608,6816,1,Fem1a,NM_010192.4,9334,down
NC_000083.7,57463183,57463938,756,*,CBD2vsMODEL2_cond2_645,5.18536,"Intron (XR_004939745.1/Gm33566, intron 1 of 6)",17,57452997,57456777,3781,2,Cd70,NM_011617.2,-6406,down
NC_000083.7,64908038,64908431,394,*,CBD2vsMODEL2_cond2_646,4.51434,Promoter (<=1kb),17,64908644,65062105,153462,1,Man2a1,NM_008549.2,-213,down
NC_000083.7,65955195,65955499,305,*,CBD2vsMODEL2_cond2_647,5.31423,Promoter (<=1kb),17,65944502,65955871,11370,2,Txndc2,XM_011246354.4,372,down
NC_000083.7,71054760,71055065,306,*,CBD2vsMODEL2_cond2_648,5.5044,"Intron (NM_001347411.1/Dlgap1, intron 9 of 14)",17,70969763,71024902,55140,2,Gm36746,XR_003952404.2,-29858,down
NC_000083.7,84419318,84419949,632,*,CBD2vsMODEL2_cond2_649,10.462,Distal Intergenic,17,84340172,84391055,50884,2,Gm35551,XR_001782271.3,-28263,down
NC_000083.7,84770785,84771324,540,*,CBD2vsMODEL2_cond2_650,4.94481,Promoter (2-3kb),17,84497484,84773636,276153,2,Thada,NM_183021.3,2312,down
NC_000083.7,87516651,87517086,436,*,CBD2vsMODEL2_cond2_651,5.03831,Promoter (2-3kb),17,87513376,87514405,1030,2,Gm41647,XR_877092.2,-2246,down
NC_000083.7,88717067,88717366,300,*,CBD2vsMODEL2_cond2_652,4.19762,Distal Intergenic,17,88700254,88700360,107,2,Gm23947,XR_004939791.1,-16707,down
NC_000084.7,3116953,3117215,263,*,CBD2vsMODEL2_cond2_653,6.00186,Distal Intergenic,18,3122492,3123412,921,2,Vmn1r238,NM_001167539.1,6197,down
NC_000084.7,4266317,4266595,279,*,CBD2vsMODEL2_cond2_654,12.0025,Distal Intergenic,18,4244121,4250779,6659,2,Gm41657,XR_877152.1,-15538,down
NC_000084.7,4291881,4292214,334,*,CBD2vsMODEL2_cond2_655,12.538,Distal Intergenic,18,4244121,4250779,6659,2,Gm41657,XR_877152.1,-41102,down
NC_000084.7,5510194,5510532,339,*,CBD2vsMODEL2_cond2_656,8.39964,"Intron (NR_033552.1/Gm10125, intron 6 of 6)",18,5570548,5575055,4508,1,Gm52340,XR_003952606.2,-60016,down
NC_000084.7,10934804,10935172,369,*,CBD2vsMODEL2_cond2_657,4.36391,"Intron (XR_386047.4/Gm35814, intron 2 of 3)",18,10915787,10997808,82022,1,Gm35814,XR_003952550.1,19017,down
NC_000084.7,12585397,12585907,511,*,CBD2vsMODEL2_cond2_658,4.44084,"Intron (XM_006525691.5/Lama3, intron 18 of 39)",18,12610776,12716066,105291,1,Lama3,XM_006525687.5,-24869,down
NC_000084.7,13080396,13080662,267,*,CBD2vsMODEL2_cond2_659,4.40381,Distal Intergenic,18,12890719,13074933,184215,2,Osbpl1a,XR_004939876.1,-5463,down
NC_000084.7,13106300,13106979,680,*,CBD2vsMODEL2_cond2_660,7.3665,Promoter (<=1kb),18,13107517,13126007,18491,1,Impact,NM_001357396.1,-538,down
NC_000084.7,15046694,15046983,290,*,CBD2vsMODEL2_cond2_661,4.10142,Distal Intergenic,18,15027149,15032421,5273,2,4930543D07Rik,XR_877197.3,-14273,down
NC_000084.7,21135074,21135339,266,*,CBD2vsMODEL2_cond2_662,4.6158,Promoter (<=1kb),18,21135014,21161281,26268,1,Rnf138,NM_207623.2,60,down
NC_000084.7,21432705,21433150,446,*,CBD2vsMODEL2_cond2_663,4.55238,Promoter (<=1kb),18,21260399,21433196,172798,2,Garem1,NM_001033445.2,46,down
NC_000084.7,21433230,21433608,379,*,CBD2vsMODEL2_cond2_664,4.45287,Promoter (<=1kb),18,21260399,21433196,172798,2,Garem1,NM_001033445.2,-34,down
NC_000084.7,25681313,25681870,558,*,CBD2vsMODEL2_cond2_665,4.40054,"Intron (NM_001362337.1/Celf4, intron 2 of 12)",18,25715664,25736876,21213,1,Gm3227,XR_003952587.2,-33794,down
NC_000084.7,36625950,36626407,458,*,CBD2vsMODEL2_cond2_666,9.81723,Distal Intergenic,18,36648246,36651036,2791,1,Gm41698,XR_877319.2,-21839,down
NC_000084.7,38068181,38068460,280,*,CBD2vsMODEL2_cond2_667,4.06834,Promoter (<=1kb),18,37976654,38068529,91876,2,Diaph1,NM_001305980.2,69,down
NC_000084.7,38088632,38088959,328,*,CBD2vsMODEL2_cond2_668,6.98561,Promoter (<=1kb),18,38088612,38092232,3621,1,Rell2,NM_153793.2,20,down
NC_000084.7,38517763,38518145,383,*,CBD2vsMODEL2_cond2_669,5.59644,Distal Intergenic,18,38493841,38500918,7078,2,Gm41703,XR_877331.3,-16845,down
NC_000084.7,40062825,40063410,586,*,CBD2vsMODEL2_cond2_670,15.7886,Promoter (<=1kb),18,40038916,40062503,23588,2,Gm41708,XR_877348.3,-322,down
NC_000084.7,43493143,43493441,299,*,CBD2vsMODEL2_cond2_671,10.4869,"Intron (NM_001136086.2/Dpysl3, intron 3 of 13)",18,43454044,43506337,52294,2,Dpysl3,NM_001136086.2,12896,down
NC_000084.7,54307843,54308169,327,*,CBD2vsMODEL2_cond2_672,6.83609,Distal Intergenic,18,54342886,54353436,10551,2,Gm41729,XR_877410.3,45267,down
NC_000084.7,55051162,55051421,260,*,CBD2vsMODEL2_cond2_673,5.91472,"Exon (XR_004939961.1/Gm54030, exon 2 of 2)",18,55039972,55061689,21718,1,Gm54030,XR_004939961.1,11190,down
NC_000084.7,60742487,60743063,577,*,CBD2vsMODEL2_cond2_674,12.8384,Promoter (<=1kb),18,60733278,60743176,9899,2,Synpo,NM_001109975.1,113,down
NC_000084.7,64649101,64649533,433,*,CBD2vsMODEL2_cond2_675,6.37467,Promoter (<=1kb),18,64632726,64649586,16861,2,Nars,NM_001142950.2,53,down
NC_000084.7,74911787,74912152,366,*,CBD2vsMODEL2_cond2_676,3.98333,Promoter (<=1kb),18,74910961,74912167,1207,2,Gm41774,XR_877549.3,15,down
NC_000084.7,75943682,75944055,374,*,CBD2vsMODEL2_cond2_677,4.59586,Distal Intergenic,18,75949714,75952852,3139,2,Gm33703,XR_003952668.2,8797,down
NC_000084.7,78644203,78644469,267,*,CBD2vsMODEL2_cond2_678,5.05754,Distal Intergenic,18,78226456,78640165,413710,2,Slc14a2,NM_030683.3,-4038,down
NC_000084.7,81295571,81296290,720,*,CBD2vsMODEL2_cond2_679,15.7112,Distal Intergenic,18,81307889,81373343,65455,1,Gm30192,XR_386392.1,-11599,down
NC_000084.7,82205349,82205728,380,*,CBD2vsMODEL2_cond2_680,3.8655,Distal Intergenic,18,82035225,82035295,71,2,Mir5127,NR_039589.1,-170054,down
NC_000085.7,3699031,3699570,540,*,CBD2vsMODEL2_cond2_681,4.94205,"Exon (NM_008513.3/Lrp5, exon 4 of 23)",19,3634825,3736564,101740,2,Lrp5,NM_008513.3,36994,down
NC_000085.7,4095651,4096332,682,*,CBD2vsMODEL2_cond2_682,8.47963,Distal Intergenic,19,4090288,4092221,1934,2,Gstp2,NM_181796.2,-3430,down
NC_000085.7,4263648,4264537,890,*,CBD2vsMODEL2_cond2_683,8.43264,Promoter (<=1kb),19,4264479,4273548,9070,1,Clcf1,NM_001310038.3,0,down
NC_000085.7,5395572,5396116,545,*,CBD2vsMODEL2_cond2_684,8.94049,3' UTR,19,5394733,5399602,4870,2,Cst6,NM_028623.5,3486,down
NC_000085.7,5498607,5499060,454,*,CBD2vsMODEL2_cond2_685,6.27654,Promoter (<=1kb),19,5497726,5505966,8241,1,Fosl1,NM_010235.2,881,down
NC_000085.7,5560258,5560519,262,*,CBD2vsMODEL2_cond2_686,3.39726,Promoter (<=1kb),19,5545302,5560545,15244,2,Snx32,NM_001024560.3,26,down
NC_000085.7,5891766,5892036,271,*,CBD2vsMODEL2_cond2_687,9.88126,"Exon (NR_131212.1/Neat1, exon 1 of 1)",19,5874736,5895506,20771,2,Neat1,NR_131212.1,3470,down
NC_000085.7,5898239,5898832,594,*,CBD2vsMODEL2_cond2_688,4.26587,Promoter (2-3kb),19,5895978,5901400,5423,1,Frmd8os,XR_004940242.1,2261,down
NC_000085.7,6595840,6596502,663,*,CBD2vsMODEL2_cond2_689,4.98813,Promoter (2-3kb),19,6585884,6593100,7217,2,Slc22a12,NM_009203.3,-2740,down
NC_000085.7,6957280,6957562,283,*,CBD2vsMODEL2_cond2_690,4.95072,Promoter (<=1kb),19,6955105,6957454,2350,2,Fkbp2,NM_001360286.1,0,down
NC_000085.7,8960168,8960853,686,*,CBD2vsMODEL2_cond2_691,6.79034,Distal Intergenic,19,8966640,8996560,29921,1,Ahnak,XM_006527256.5,-5787,down
NC_000085.7,21055218,21055825,608,*,CBD2vsMODEL2_cond2_692,3.98248,Distal Intergenic,19,21082074,21082902,829,1,4930554I06Rik,NR_126458.1,-26249,down
NC_000085.7,23112537,23112808,272,*,CBD2vsMODEL2_cond2_693,6.63872,Promoter (<=1kb),19,23111859,23114475,2617,1,2410080I02Rik,XR_386610.4,678,down
NC_000085.7,25314244,25314659,416,*,CBD2vsMODEL2_cond2_694,7.02736,"Intron (NM_001404570.1/Kank1, intron 3 of 13)",19,25323773,25324585,813,2,Gm34432,NA,9926,down
NC_000085.7,25348458,25348960,503,*,CBD2vsMODEL2_cond2_695,5.31015,"Intron (NM_001404570.1/Kank1, intron 3 of 13)",19,25340281,25411861,71581,1,Kank1,XM_036161391.1,8177,down
NC_000085.7,25349054,25349491,438,*,CBD2vsMODEL2_cond2_696,3.83104,"Intron (NM_001404570.1/Kank1, intron 3 of 13)",19,25340281,25411861,71581,1,Kank1,XM_036161391.1,8773,down
NC_000085.7,28655526,28656004,479,*,CBD2vsMODEL2_cond2_697,4.67678,Promoter (<=1kb),19,28655624,28697427,41804,1,D930032P07Rik,NR_045330.1,0,down
NC_000085.7,36612373,36612688,316,*,CBD2vsMODEL2_cond2_698,10.8061,"Intron (NR_033510.1/Hectd2os, intron 3 of 4)",19,36565580,36598392,32813,1,Hectd2,XM_017318159.3,46793,down
NC_000085.7,41443423,41443896,474,*,CBD2vsMODEL2_cond2_699,9.25974,Distal Intergenic,19,41431821,41433521,1701,2,Gm33951,XR_386711.2,-9902,down
NC_000085.7,53409588,53409927,340,*,CBD2vsMODEL2_cond2_700,4.88923,Distal Intergenic,19,53367823,53379122,11300,2,Smndc1,XM_006527442.5,-30466,down
NC_000085.7,56103845,56104129,285,*,CBD2vsMODEL2_cond2_701,9.84843,Distal Intergenic,19,56069932,56096283,26352,2,Gm52387,XR_003952892.2,-7562,down
NC_000085.7,56814602,56814967,366,*,CBD2vsMODEL2_cond2_702,9.60178,Promoter (<=1kb),19,56814603,56858444,43842,1,Tdrd1,XM_006527473.1,0,down
NC_000085.7,58967167,58967460,294,*,CBD2vsMODEL2_cond2_703,4.52708,"Intron (NM_001114312.1/Shtn1, intron 16 of 16)",19,58943556,58959853,16298,1,Eno4,XM_030250922.1,23611,down
NC_000085.7,61213816,61214428,613,*,CBD2vsMODEL2_cond2_704,5.20409,Promoter (2-3kb),19,61212840,61216856,4017,2,Csf2ra,NM_009970.2,2428,down
NC_000085.7,61214542,61215010,469,*,CBD2vsMODEL2_cond2_705,4.41987,Promoter (1-2kb),19,61212840,61216856,4017,2,Csf2ra,NM_009970.2,1846,down
NC_000085.7,61215818,61216334,517,*,CBD2vsMODEL2_cond2_706,8.62468,Promoter (<=1kb),19,61212840,61216856,4017,2,Csf2ra,NM_009970.2,522,down
NC_000086.8,6085500,6085849,350,*,CBD2vsMODEL2_cond2_707,10.8865,Promoter (<=1kb),20,6080750,6085321,4572,2,Nudt10,XM_006527546.4,-179,down
NC_000086.8,14436968,14437279,312,*,CBD2vsMODEL2_cond2_708,4.08386,Distal Intergenic,20,14568855,14568926,72,2,n-TPtgg3,NA,131647,down
NC_000086.8,47297373,47297735,363,*,CBD2vsMODEL2_cond2_709,3.48288,Promoter (<=1kb),20,47260848,47297579,36732,2,Zdhhc9,NM_172465.4,0,down
NC_000086.8,69791764,69792089,326,*,CBD2vsMODEL2_cond2_710,8.51979,Distal Intergenic,20,69814397,69815324,928,1,Gm8410,NA,-22308,down
NC_000086.8,73468047,73468874,828,*,CBD2vsMODEL2_cond2_711,5.80099,Promoter (<=1kb),20,73468204,73498013,29810,1,Ikbkg,XM_006527847.5,0,down
NC_000086.8,99669585,99669952,368,*,CBD2vsMODEL2_cond2_712,12.1409,Promoter (<=1kb),20,99669693,99770878,101186,1,Kif4,NM_008446.3,0,down
NC_000086.8,115998519,115998840,322,*,CBD2vsMODEL2_cond2_713,4.27523,Distal Intergenic,20,115924454,115924801,348,1,H2ab1,NM_001102665.1,74065,down
NC_000086.8,117110267,117110545,279,*,CBD2vsMODEL2_cond2_714,17.6936,Distal Intergenic,20,117336924,117337955,1032,1,Tgif2lx2,NM_001142750.1,-226379,down
NC_000086.8,151125602,151125881,280,*,CBD2vsMODEL2_cond2_715,3.87006,Promoter (<=1kb),20,151119847,151125480,5634,2,Tspyl2,NM_029836.4,-122,down
NC_000086.8,168856113,168856497,385,*,CBD2vsMODEL2_cond2_716,4.19978,3' UTR,20,168793522,168801793,8272,1,Erdr1x,NR_137282.1,62591,down
NC_000086.8,168910367,168910783,417,*,CBD2vsMODEL2_cond2_717,6.87842,"Exon (NM_009293.1/Sts, exon 6 of 11)",20,168856332,169015037,158706,2,Sts,NM_009293.1,104254,down
NC_000086.8,169015679,169016083,405,*,CBD2vsMODEL2_cond2_718,5.72785,Promoter (<=1kb),20,168856332,169015037,158706,2,Sts,NM_009293.1,-642,down
NC_000086.8,169071366,169072222,857,*,CBD2vsMODEL2_cond2_719,12.3501,"Intron (XM_036162148.1/Nlgn4l, intron 5 of 6)",20,169066273,169085755,19483,2,Nlgn4l,XM_036162150.1,13533,down
NC_000086.8,169073092,169073377,286,*,CBD2vsMODEL2_cond2_720,4.36001,"Exon (XM_036162148.1/Nlgn4l, exon 4 of 7)",20,169066273,169085755,19483,2,Nlgn4l,XM_036162150.1,12378,down
NC_000086.8,169092197,169094935,2739,*,CBD2vsMODEL2_cond2_721,11.3711,"Exon (XM_036162156.1/2510022D24Rik, exon 2 of 7)",20,169066273,169089058,22786,2,Nlgn4l,XM_036162149.1,-3139,down
NC_000086.8,169096952,169098143,1192,*,CBD2vsMODEL2_cond2_722,17.483,Promoter (<=1kb),20,169098201,169105547,7347,1,Akap17a,NM_001418372.1,-58,down
NC_000086.8,169098526,169099557,1032,*,CBD2vsMODEL2_cond2_723,12.7738,Promoter (<=1kb),20,169090871,169098529,7659,2,2510022D24Rik,XM_036162156.1,0,down
NC_000086.8,169100665,169101675,1011,*,CBD2vsMODEL2_cond2_724,7.97011,Promoter (2-3kb),20,169090871,169098529,7659,2,2510022D24Rik,XM_036162156.1,-2136,down
NC_000086.8,169101847,169102219,373,*,CBD2vsMODEL2_cond2_725,4.59968,3' UTR,20,169090871,169098529,7659,2,2510022D24Rik,XM_036162156.1,-3318,down
NC_000086.8,169103637,169104258,622,*,CBD2vsMODEL2_cond2_726,5.65772,Promoter (2-3kb),20,169106379,169111787,5409,1,Asmt,NM_001308488.2,-2121,down
NC_000086.8,169108077,169108873,797,*,CBD2vsMODEL2_cond2_727,9.0611,Promoter (1-2kb),20,169106379,169111787,5409,1,Asmt,NM_001308488.2,1698,down
NC_000086.8,169109130,169109627,498,*,CBD2vsMODEL2_cond2_728,4.16854,Promoter (2-3kb),20,169106379,169111787,5409,1,Asmt,NM_001308488.2,2751,down
NC_000086.8,169288873,169289148,276,*,CBD2vsMODEL2_cond2_729,5.68614,Distal Intergenic,20,169106379,169111787,5409,1,Asmt,NM_001308488.2,182494,down
NC_000087.8,12544735,12545011,277,*,CBD2vsMODEL2_cond2_730,16.0151,Distal Intergenic,21,12688110,12690067,1958,1,Gm21379,NM_001293057.1,-143099,down
NC_005089.1,1729,2256,528,*,CBD2vsMODEL2_cond2_731,7.04577,Promoter (<=1kb),22,2676,2750,75,1,TrnL1,NA,-420,down
NC_005089.1,12464,12741,278,*,CBD2vsMODEL2_cond2_732,6.04152,Promoter (<=1kb),22,11742,13565,1824,1,ND5,NA,722,down
NC_005089.1,14347,15022,676,*,CBD2vsMODEL2_cond2_733,17.8657,Promoter (<=1kb),22,14145,15288,1144,1,CYTB,NA,202,down
NC_005089.1,15394,16167,774,*,CBD2vsMODEL2_cond2_734,71.8296,Promoter (<=1kb),22,15356,15422,67,2,TrnP,NA,0,down
NT_166281.1,147375,147644,270,*,CBD2vsMODEL2_cond2_735,17.3683,"Intron (NR_131981.1/LOC100041034, intron 10 of 11)",26,152643,196905,44263,1,LOC100041057,XM_006535865.3,-4999,down
NT_166456.1,27214,27485,272,*,CBD2vsMODEL2_cond2_736,17.2391,Distal Intergenic,32,12041,14096,2056,2,LOC102639428,XR_390023.4,-13118,down
NT_187055.1,18,802,785,*,CBD2vsMODEL2_cond2_737,4.6241,Promoter (<=1kb),37,48,1475,1428,2,Cd99,NM_025584.2,673,down
NT_187055.1,997,1289,293,*,CBD2vsMODEL2_cond2_738,5.34449,Promoter (<=1kb),37,48,1475,1428,2,Cd99,NM_025584.2,186,down
NT_187059.1,454140,454505,366,*,CBD2vsMODEL2_cond2_739,11.8385,Distal Intergenic,41,468921,480774,11854,1,Gm16367,NM_001031622.2,-14416,down
NT_187064.1,53754,54182,429,*,CBD2vsMODEL2_cond2_740,3.89093,"Exon (NR_003518.3/Pisd-ps3, exon 7 of 7)",43,52674,59689,7016,2,Pisd-ps3,NR_003518.3,5507,down
NT_187064.1,54606,55129,524,*,CBD2vsMODEL2_cond2_741,4.88598,"Exon (NR_003518.3/Pisd-ps3, exon 5 of 7)",43,52674,59689,7016,2,Pisd-ps3,NR_003518.3,4560,down
