,ENTREZID,SYMBOL
1,100,ADA
2,1000,CDH2
3,100033413,SNORD116-1
4,100038246,TLX1NB
5,10006,ABI1
6,10007,GNPDA1
7,100101490,MCTS2
8,100101938,ANKRD26P3
9,100113382,SNORD105B
10,100113403,LIN28B-AS1
11,100126299,VTRNA2-1
12,100126325,MIR935
13,100126341,MIR891A
14,100126348,MIR760
15,100128071,FAM229A
16,100128098,ST8SIA6-AS1
17,100128164,FHL1P1
18,100128252,ZNF667-AS1
20,100128398,ZNF606-AS1
21,100128554,LINC02347
22,100128731,OST4
23,100128788,SRRM2-AS1
24,100128927,ZBTB42
25,100129075,KTN1-AS1
26,100129515,ETDB
27,100129583,FAM47E
28,100129620,PLPPR5-AS1
29,100129716,ARRDC3-AS1
30,100129961,CCNT2-AS1
31,100129973,CERNA1
32,100130197,EFCAB14-AS1
33,100130275,TFAP2A-AS1
34,100130311,C17orf107
35,100130691,LOC100130691
36,100130717,HDHD5-AS1
37,100130855,USP3-AS1
39,100130934,ZNF663P
40,100130950,ZNF594-DT
41,100130958,SYCE1L
42,100131060,JUN-DT
43,100131067,CKMT2-AS1
44,100131117,ZBTB20-AS1
45,100131390,SP9
46,100131454,DBIL5P
47,100131655,ZNF236-DT
48,100131691,MZF1-AS1
49,100131814,AHI1-DT
50,100132273,NDUFA6-DT
51,100132526,FGD5P1
52,100132677,BSN-DT
53,100132891,MSC-AS1
54,100133612,LINC01134
55,100133941,CD24
56,100133957,UXT-AS1
57,100134229,KDM7A-DT
58,100134368,LOC100134368
59,100134713,NDUFB2-AS1
60,100144595,GALNT13-AS1
61,100144597,LINC01056
62,100144603,CHKB-DT
63,100144748,KLLN
64,10016,PDCD6
65,100169752,TEX36-AS1
66,100190939,TPT1-AS1
67,100190949,C5orf52
68,100192386,FLJ16779
69,1002,CDH4
70,100216001,MANCR
71,100216545,KMT2E-AS1
72,100271702,LINC00940
73,100271832,LOC100271832
74,100271927,RASA4B
75,100272217,LOC100272217
76,100272228,EOLA2-DT
77,100287015,MCPH1-DT
78,100287029,DDX11L10
79,100287042,MIF4GD-DT
80,100287102,DDX11L1
81,100287114,LINC00421
84,100287482,SMKR1
85,100287596,DDX11L5
86,100287765,LINC00630
87,100287902,LGALS8-AS1
88,100287932,TIMM23
89,100287944,LOC100287944
90,100288069,LOC100288069
91,100288486,DDX11L9
92,100288842,B3GALT9
93,100288846,MIA2-AS1
94,100289092,ATP2A1-AS1
95,100289230,LOC100289230
96,100289341,MAN1B1-DT
97,100289373,UBAC2-AS1
98,100289388,KCTD21-AS1
99,100289495,LOC100289495
100,100292680,LINC00942
101,100294362,RNF213-AS1
102,100302119,MIR1538
103,100302121,MIR1276
104,100302138,MIR1292
105,100302153,MIR1298
106,100302213,MIR1181
107,100302224,MIR2110
108,100302229,MIR1250
109,100302257,MIR1539
110,100302640,LINC00882
111,100302650,BABAM2-AS1
112,100302691,LINC00184
113,100303453,TSNAX-DISC1
114,100303728,SLC25A5-AS1
115,100306951,PITPNA-AS1
116,100316868,HOTTIP
117,100316904,SAP25
118,10036,CHAF1A
119,10039,PARP3
120,100422842,MIR3074
121,100422879,MIR3124
122,100422900,MIR3158-1
123,100422952,MIR4271
124,100422974,MIR3178
125,100422983,MIR4314
126,100422984,MIR4308
127,100422995,MIR3175
128,100423019,MIR4307
129,100423042,MIR4276
130,10048,RANBP9
131,10049,DNAJB6
132,100499177,THAP9-AS1
133,100499227,USP2-AS1
135,100500901,MIR3928
136,100500914,MIR3610
137,100505624,GTF3C2-AS1
138,100505648,RAD51-AS1
139,100505679,UBE2Q2P16
140,100505681,NAPA-AS1
141,100505738,MIR4458HG
142,100505782,LOC100505782
143,100505783,OSER1-DT
144,100505806,SNHG18
145,100505854,APTR
146,100506012,PPP5D1P
147,100506033,PTOV1-AS1
148,100506049,LRRC72
149,100506054,RNASEH1-DT
150,100506083,DDX19A-DT
151,100506207,LOC100506207
152,100506211,MIR210HG
153,100506215,PAXBP1-AS1
154,100506311,HOTAIRM1
155,100506394,GAS6-DT
156,100506475,EGFLAM-AS2
157,100506660,DDX11-AS1
158,100506696,PCAT6
159,100506714,NUP50-DT
160,100506746,AFF1-AS1
161,100506804,TMEM30A-DT
162,100506844,GIHCG
163,100506874,LINC00933
164,100506930,LINC00665
165,100506963,ELOA-AS1
166,100507032,TMCC1-DT
167,100507043,TUNAR
168,100507086,DLG1-AS1
169,100507135,SPART-AS1
170,100507218,RNF157-AS1
171,100507266,STX18-AS1
172,100507299,SMC5-DT
173,100507433,ZNF571-AS1
174,100507462,CCDC28A-AS1
175,100507466,DPH6-DT
176,100507500,EGFR-AS1
177,100507501,LINC01569
178,100507564,MAGOH-DT
179,100507605,LINC00837
180,100508120,GMDS-DT
181,100526831,SLX1B-SULT1A4
182,100526832,PHOSPHO2-KLHL23
183,100526833,SEPT5-GP1BB
184,100526836,BLOC1S5-TXNDC5
185,100527963,PMF1-BGLAP
186,100528031,FKBP1A-SDCBP2
187,100528064,NEDD8-MDP1
188,100529211,TMEM256-PLSCR3
189,100529215,ZNF559-ZNF177
190,100529239,RPS10-NUDT3
191,100529251,CKLF-CMTM1
192,100532731,COMMD3-BMI1
193,100532735,INO80B-WBP1
194,100533105,C8orf44-SGK3
195,100533107,RTEL1-TNFRSF6B
196,100533179,UBE2F-SCLY
197,100533184,ARHGAP19-SLIT1
198,100533496,TVP23C-CDRT4
199,100533952,RBAK-RBAKDN
200,100533955,SENP3-EIF4A1
201,100533975,SLMO2-ATP5E
202,100534611,TM4SF19-DYNLT2B
203,100616122,MIR4523
204,100616138,MIR4787
205,100616139,MIR4741
206,100616154,MIR4466
207,100616203,MIR4734
208,100616231,MIR4519
209,100616277,MIR4522
210,100616292,MIR4690
211,100616300,MIR4710
212,100616301,MIR4674
213,100616307,MIR4757
214,100616381,MIR4456
215,100616401,MIR4520-1
216,100616419,MIR4434
218,100616467,MIR4767
219,100616477,MIR4442
220,100616480,MIR4479
221,100616484,MIR4470
222,100616530,CFAP418-AS1
223,100616668,TPTE2P5
224,100628307,DIO2-AS1
225,100630918,PARTICL
226,100631383,FAM47E-STBD1
227,100652739,RAET1E-AS1
228,100750325,RCAN3AS
229,10076,PTPRU
230,10078,TSSC4
231,10079,ATP9A
232,10083,USH1C
233,10084,PQBP1
234,100847022,MIR5093
235,100847023,MIR5091
236,100852409,NEGR1-IT1
237,100861519,GDNF-AS1
238,100862704,RB1-DT
239,100874021,MAGI2-AS2
240,100874051,LZTS1-AS1
241,100874083,KCNAB1-AS2
242,100874107,MTUS2-AS1
243,100874123,ZNRF3-AS1
244,100874127,LINC00332
245,100874195,DIAPH3-AS1
246,100874208,NDFIP2-AS1
247,100874286,NRG1-IT3
248,10097,ACTR2
249,10098,TSPAN5
250,100996255,LINC02256
251,100996331,POTEB
252,10101,NUBP2
253,101060200,ZNF891
254,10109,ARPC2
255,101101772,LINC00601
256,10113,PREB
257,10120,ACTR1B
258,10131,TRAP1
259,10135,NAMPT
260,10138,YAF2
261,101410533,YTHDF3-DT
262,101410534,DLGAP1-AS4
263,101410535,LAMTOR5-AS1
264,10144,FAM13A
265,10150,MBNL2
266,10153,CEBPZ
267,101559451,PELP1-DT
268,10157,AASS
269,10159,ATP6AP2
270,10179,RBM7
271,10184,LHFPL2
272,10188,TNK2
273,10189,ALYREF
274,10196,PRMT3
275,10197,PSME3
276,10198,MPHOSPH9
277,10199,MPHOSPH10
278,10200,MPHOSPH6
279,10208,USPL1
280,10215,OLIG2
281,10217,CTDSPL
282,1022,CDK7
283,10221,TRIB1
284,10226,PLIN3
285,10227,MFSD10
286,10238,DCAF7
287,10240,MRPS31
288,10247,RIDA
289,10248,POP7
290,10254,STAM2
291,10257,ABCC4
292,10265,IRX5
293,10274,STAG1
294,10278,EFS
295,1028,CDKN1C
296,10284,SAP18
297,10285,SMNDC1
298,10286,BCAS2
299,10289,EIF1B
300,10291,SF3A1
301,10293,TRAIP
302,10296,MAEA
303,10297,APC2
304,10299,MARCHF6
305,103,ADAR
306,10301,DLEU1
307,10307,APBB3
308,10311,VPS26C
309,1032,CDKN2D
310,10320,IKZF1
311,10324,KLHL41
312,10328,EMC8
313,10333,TLR6
314,10347,ABCA7
315,10350,ABCA9
316,10362,HMG20B
317,10365,KLF2
318,10370,CITED2
319,10389,SCML2
320,103910,MYL12B
321,104,ADARB1
322,1040,CDS1
323,10403,NDC80
324,10413,YAP1
325,10418,SPON1
326,10421,CD2BP2
327,10422,UBAC1
328,10425,ARIH2
329,10426,TUBGCP3
330,10430,TMEM147
331,10444,ZER1
332,10451,VAV3
333,10454,TAB1
334,10456,HAX1
335,10463,SLC30A9
336,10468,FST
337,10483,SEC23B
338,10490,VTI1B
339,10492,SYNCRIP
340,10498,CARM1
341,1050,CEBPA
342,10501,SEMA6B
343,10513,APPBP2
344,10514,MYBBP1A
345,10522,DEAF1
346,10523,CHERP
347,10525,HYOU1
348,10534,ZNRD2
349,10535,RNASEH2A
350,10552,ARPC1A
351,10562,OLFM4
352,10565,ARFGEF1
353,10566,AKAP3
354,10567,RABAC1
355,10568,SLC34A2
356,10573,MRPL28
357,10575,CCT4
358,1059,CENPB
359,10591,DNPH1
360,10597,TRAPPC2B
361,10602,CDC42EP3
362,10605,PAIP1
363,10607,TBL3
364,10608,MXD4
365,10611,PDLIM5
366,10613,ERLIN1
367,10615,SPAG5
368,1062,CENPE
369,10656,KHDRBS3
370,10657,KHDRBS1
371,10660,LBX1
372,10664,CTCF
373,10668,CGRRF1
374,10669,CGREF1
375,10672,GNA13
376,1068,CETN1
377,1069,CETN2
378,10726,NUDC
379,10728,PTGES3
380,10734,STAG3
381,10743,RAI1
382,10749,KIF1C
383,10755,GIPC1
384,10762,NUP50
385,10765,KDM5B
386,10768,AHCYL1
387,10769,PLK2
388,10775,POP4
389,10788,IQGAP2
390,10795,ZNF268
391,108,ADCY2
392,10802,SEC24A
393,10809,STARD10
394,1081,CGA
395,10810,WASF3
396,10811,NOXA1
397,10817,FRS3
398,10827,FAM114A2
399,10848,PPP1R13L
400,10858,CYP46A1
401,10861,SLC26A1
402,10868,USP20
403,10874,NMU
404,10875,FGL2
405,10884,MRPS30
406,10888,GPR83
407,10891,PPARGC1A
408,10898,CPSF4
409,10907,TXNL4A
410,10912,GADD45G
411,10914,PAPOLA
412,10915,TCERG1
413,10943,MSL3
414,10949,HNRNPA0
415,10950,BTG3
416,10953,TOMM34
417,10957,PNRC1
418,10960,LMAN2
419,10961,ERP29
420,10970,CKAP4
421,10973,ASCC3
422,10975,UQCR11
423,10992,SF3B2
424,10999,SLC27A4
425,11004,KIF2C
426,11009,IL24
427,11010,GLIPR1
428,11019,LIAS
429,11021,RAB35
430,11023,VAX1
431,11041,B4GAT1
432,11043,MID2
433,11044,TENT4A
434,11047,ADRM1
435,11059,WWP1
436,11063,SOX30
437,11064,CNTRL
438,11065,UBE2C
439,11068,CYB561D2
440,11072,DUSP14
441,11073,TOPBP1
442,11076,TPPP
443,11077,HSF2BP
444,11079,RER1
445,11092,SPACA9
446,11103,KRR1
447,11107,PRDM5
448,11108,PRDM4
449,11122,PTPRT
450,11124,FAF1
451,11130,ZWINT
452,11132,CAPN10
453,11140,CDC37
454,11149,BVES
455,11152,WDR45
456,11153,FICD
457,11160,ERLIN2
458,11165,NUDT3
459,11166,SOX21
460,11169,WDHD1
461,11171,STRAP
462,11172,INSL6
463,11180,WDR6
464,11182,SLC2A6
465,1119,CHKA
466,1120,CHKB
467,11211,FZD10
468,11214,AKAP13
469,11215,AKAP11
470,11218,DDX20
471,11219,TREX2
472,11228,RASSF8
473,1123,CHN1
474,11230,PRAF2
475,11231,SEC63
476,11232,POLG2
477,11234,HPS5
478,11235,PDCD10
479,11236,RNF139
480,112399,EGLN3
481,11240,PADI2
482,11243,PMF1
483,112464,CAVIN3
484,11248,NXPH3
485,11249,NXPH2
486,112495,GTF3C6
487,11253,MAN1B1
488,112574,SNX18
489,11258,DCTN3
490,112597,CYTOR
491,112609,MRAP2
492,11261,CHP1
493,11267,SNF8
494,11275,KLHL2
495,11276,SYNRG
496,112840,WDR89
497,112858,TP53RK
498,112869,SGF29
499,112937,GLB1L3
500,113000,RPUSD1
501,11309,SLCO2B1
502,113091,PTH2
503,113115,MTFR2
504,113130,CDCA5
505,11316,COPE
506,113178,SCAMP4
507,113179,ADAT3
508,113189,CHST14
509,11320,MGAT4A
510,113235,SLC46A1
511,11331,PHB2
512,11336,EXOC3
513,11338,U2AF2
514,113402,SFT2D1
515,11344,TWF2
516,11345,GABARAPL2
517,113452,TMEM54
518,113457,TUBA3D
519,113612,CYP2U1
520,113675,SDSL
521,113691,TUBA3FP
522,1137,CHRNA4
523,113878,DTX2
524,114041,B3GALT5-AS1
525,114049,BUD23
526,114134,SLC2A13
527,114327,EFHC1
528,114609,TIRAP
529,114659,LRRC37B
530,1147,CHUK
531,114757,CYGB
532,114781,BTBD9
533,114787,GPRIN1
534,114791,TUBGCP5
535,114792,KLHL32
536,114799,ESCO1
537,114815,SORCS1
538,114818,KLHL29
539,114822,RHPN1
540,114826,SMYD4
541,114882,OSBPL8
542,114907,FBXO32
543,115,ADCY9
544,115123,MARCHF3
545,115201,ATG4A
546,115207,KCTD12
547,1153,CIRBP
548,115399,LRRC56
549,115560,ZNF501
550,115572,TENT5B
551,115749,C12orf56
552,115817,DHRS1
553,115827,RAB3C
554,115939,TSR3
555,115992,RNF166
556,116028,RMI2
557,116039,OSR2
558,116064,LRRC58
559,116068,LYSMD3
560,116150,NUS1
561,116211,TM4SF19
562,116224,PABIR1
563,116225,ZMYND19
564,116254,GINM1
565,116349,EXOC3-AS1
566,1164,CKS2
567,116412,ZNF837
568,116729,PPP1R27
569,116840,CNTROB
570,116931,MED12L
571,116984,ARAP2
572,116985,ARAP1
573,116987,AGAP1
574,117246,FTSJ3
575,1174,AP1S1
576,117584,RFFL
577,1176,AP3S1
578,1182,CLCN3
579,118471,PRAP1
580,118472,ZNF511
581,118487,CHCHD1
582,1185,CLCN6
583,118813,ZFYVE27
584,118980,SFXN2
585,118987,PDZD8
586,1193,CLIC2
587,119391,GSTO2
588,119392,SFR1
589,119559,SFXN4
590,119692,OR51S1
591,119765,OR4B1
592,120863,DEPDC4
593,1212,CLTB
594,121227,LRIG3
595,1213,CLTC
596,121441,NEDD1
597,121457,IKBIP
598,1215,CMA1
599,121536,AEBP2
600,121601,ANO4
601,121793,TEX29
602,121952,METTL21EP
603,122402,TDRD9
604,122416,ANKRD9
605,122525,C14orf28
606,122769,LRR1
607,122953,JDP2
608,123096,SLC25A29
609,123346,HIGD2B
610,123355,LRRC28
611,123591,TMEM266
612,1236,CCR7
613,123872,DNAAF1
614,124044,SPATA2L
615,124045,SPATA33
616,124093,CCDC78
617,124149,ANKRD26P1
618,124222,PAQR4
619,124245,ZC3H18
620,124359,CDYL2
621,124402,UBALD1
622,124404,SEPTIN12
623,124512,METTL23
624,124602,KIF19
625,124626,ZPBP2
626,124641,OVCA2
627,124751,KRBA2
628,124808,CCDC43
629,124842,TMEM132E
630,124936,CYB5D2
631,124995,MRPL10
632,125144,SNHG29
633,125150,ZSWIM7
634,125170,MIEF2
635,125228,FAM210A
636,125919,ZNF543
637,125972,CALR3
638,126014,OSCAR
639,126075,CCDC159
640,126119,JOSD2
641,1262,CNGA4
642,126231,ZNF573
643,126272,EID2B
644,126282,TNFAIP8L1
645,126298,IRGQ
646,126308,MOB3A
647,126321,MFSD12
648,126374,WTIP
649,126393,HSPB6
650,126626,GABPB2
651,126668,TDRD10
652,126669,SHE
653,126792,B3GALT6
654,1268,CNR1
655,126820,DNAI3
656,127003,CFAP276
657,1271,CNTFR
658,127262,TPRG1L
659,127428,TCEANC2
660,127544,RNF19B
661,128338,DRAM2
662,1284,COL4A2
663,128408,BHLHE23
664,128637,TBC1D20
665,128674,PROKR2
666,1287,COL4A5
667,128989,TANGO2
668,129025,ZNF280A
669,129285,PPP1R21
670,129303,TMEM150A
672,129852,C2orf73
673,129880,BBS5
674,130026,ICA1L
675,130074,FAM168B
676,130106,CIB4
677,130502,TTC32
678,130507,UBR3
679,130557,ZNF513
680,130617,ZFAND2B
681,130872,AHSA2P
682,130916,MTERF4
683,131408,FAM131A
684,131566,DCBLD2
685,131578,LRRC15
686,1316,KLF6
687,1317,SLC31A1
688,132001,TAMM41
689,132141,IQCF1
690,132321,C4orf33
691,1327,COX4I1
692,132864,CPEB2
693,132949,AASDH
694,133396,IL31RA
695,133619,PRRC1
696,133746,JMY
697,133874,C5orf58
698,134353,LSM11
699,134526,ACOT12
700,134549,SHROOM1
701,134637,ADAT2
702,134701,RIPPLY2
703,134957,STXBP5
704,1350,COX7C
705,1352,COX10
706,135228,CD109
707,1353,COX11
708,135892,TRIM50
709,136259,KLF14
710,136288,C7orf57
711,1363,CPE
712,1364,CLDN4
713,136647,MPLKIP
714,1368,CPM
715,136895,SPMIP4
716,137392,CIBAR1
717,1374,CPT1A
718,137492,VPS37A
719,137695,TMEM68
720,137964,GPAT4
721,137970,UNC5D
722,137994,LETM2
723,138050,HGSNAT
724,138065,RNF183
725,138199,CARNMT1
726,138311,DIPK1B
727,1384,CRAT
728,1385,CREB1
729,138639,PTPDC1
730,1387,CREBBP
731,1390,CREM
732,139411,PTCHD1
733,1398,CRK
734,139818,DOCK11
735,139886,SPIN4
736,1399,CRKL
737,14,AAMP
738,140432,RNF113B
739,140453,MUC17
740,140459,ASB6
741,140545,RNF32
742,140685,ZBTB46
743,140686,WFDC3
744,1407,CRY1
745,140707,BRI3BP
746,140710,MTCL2
747,140730,RIMS4
748,140738,TMEM37
749,140739,UBE2F
750,140838,NANP
751,1409,CRYAA
752,140901,STK35
753,1412,CRYBA2
754,1416,CRYBB2P1
755,1419,CRYGB
756,142678,MIB2
757,142891,SAMD8
758,143279,HECTD2
759,143471,PSMA8
760,143501,C11orf40
761,143570,XRRA1
762,143684,FAM76B
763,143872,ARHGAP42
764,143888,POGLUT3
765,144097,SPINDOC
766,144108,SPTY2D1
767,144110,TMEM86A
768,144165,PRICKLE1
769,144233,BCDIN3D
770,144245,ALG10B
771,144363,ETFRF1
772,144406,CFAP251
773,144455,E2F7
774,144486,CEP83-DT
775,144571,A2M-AS1
776,144577,KICS2
777,144811,LACC1
778,1452,CSNK1A1
779,145389,SLC38A6
780,1455,CSNK1G2
781,145741,C2CD4A
782,145773,FAM81A
783,145783,TCF12-DT
784,145788,PIERCE2
785,1459,CSNK2A2
786,146,ADRA1D
787,146057,TTBK2
788,146279,TEKT5
789,146325,PRR35
790,146330,FBXL16
791,1465,CSRP1
792,146512,FLJ30679
793,146513,LINC02135
794,146664,MGAT5B
795,1468,SLC25A10
796,146880,ARHGAP27P1
797,146909,KIF18B
798,147,ADRA1B
799,147007,TMEM199
800,147184,KRT10-AS1
801,147463,ANKRD29
802,147525,LINC00526
803,147658,ZNF534
804,147660,ZNF578
805,147686,ZNF418
806,147727,ILF3-DT
807,147807,ZNF524
808,147837,ZNF563
809,147841,SPC24
810,147872,KASH5
811,1479,CSTF3
812,147906,DACT3
813,147948,ZNF582
814,147949,ZNF583
815,147965,FAM98C
816,147991,DPY19L3
817,148022,TICAM1
818,148156,ZNF558
819,148223,C19orf25
820,148304,C1orf74
821,148413,MRPL20-AS1
822,148641,SLC35F3
823,1487,CTBP1
824,148789,B3GALNT2
825,148824,GCSAML-AS1
826,1490,CCN2
827,149018,LELP1
828,149076,ZNF362
829,1491,CTH
830,149371,EXOC8
831,149685,ADIG
832,149986,LSM14B
833,149992,ANKRD30BP2
834,15,AANAT
835,1500,CTNND1
836,150082,LCA5L
837,150094,SIK1
838,1501,CTNND2
839,150365,MEI1
840,150379,PNPLA5
841,150383,CDPF1
842,150384,GTSE1-DT
843,150465,TTL
844,150468,CKAP2L
845,150590,C2orf15
846,150678,COPS9
847,150709,ANKAR
848,150864,FAM117B
849,151126,ZNF385B
850,151194,METTL21A
851,1512,CTSH
852,151313,FAHD2B
853,151354,LRATD1
854,151393,RMDN2
855,151613,TTC14
856,151651,EFHB
857,151987,PPP4R2
858,152002,XXYLT1
859,152006,RNF38
860,152065,C3orf22
861,152100,CMC1
862,152110,NEK10
863,152206,CCDC13
864,152217,NCBP2AS2
865,152330,CNTN4
866,152405,TEX55
867,1525,CXADR
868,152559,PAQR3
869,152641,WWC2-AS2
870,152877,FAM53A
871,152926,PPM1K
872,152940,SPMIP2
873,153,ADRB1
874,153090,DAB2IP
875,153163,MGC32805
876,153364,MBLAC2
877,153443,SRFBP1
878,153562,MARVELD2
879,153642,ARSK
880,1537,CYC1
881,154043,CNKSR3
882,154064,RAET1L
883,154214,RNF217
884,154215,NKAIN2
885,154442,BVES-AS1
886,155051,CRYGN
887,155435,RBM33
888,157,GRK3
889,157313,CDCA2
890,157567,ANKRD46
891,157657,CFAP418
892,157773,C8orf48
893,158160,HSD17B7P2
894,158228,FAM201A
895,158314,LINC00475
896,158399,ZNF483
897,158405,KIAA1958
898,158427,TSTD2
899,158521,FMR1NB
900,158586,ZXDB
901,158747,MOSPD2
902,158787,RIBC1
903,158798,AKAP14
904,158866,ZDHHC15
905,158931,TCEAL6
906,159,ADSS2
907,16,AARS1
908,160,AP2A1
909,1601,DAB2
910,1603,DAD1
911,160492,LMNTD1
912,160518,DENND5B
913,160762,CCDC63
914,1608,DGKG
915,161,AP2A2
916,1611,DAP
917,161159,ACTN1-DT
918,161247,FITM1
919,1613,DAPK3
920,161424,NOP9
921,1615,DARS1
922,161725,OTUD7A
923,161779,PGBD4
924,1618,DAZL
925,161835,FSIP1
926,161882,ZFPM1
927,1620,BRINP1
928,1622,DBI
929,162494,RHBDL3
930,162979,ZNF296
931,163049,ZNF791
932,163081,ZNF567
933,163126,EID2
934,163183,SYNE4
935,163351,GBP6
936,1635,DCTD
937,163590,TOR1AIP2
938,163859,SDE2
939,164,AP1G1
940,165324,UBXN2A
941,165530,CLEC4F
942,1662,DDX10
943,1665,DHX15
944,1673,DEFB4A
945,1674,DES
946,1676,DFFA
947,167691,LCA5
948,167838,TXLNB
949,168400,DDX53
950,168451,THAP5
951,169200,TMEM64
952,169270,ZNF596
953,169834,ZNF883
954,170261,ZCCHC12
955,170394,PWWP2B
956,170591,S100Z
957,170685,NUDT10
958,170960,ZNF721
959,171017,ZNF384
960,171546,SPTSSA
961,1727,CYB5R3
962,1729,DIAPH1
963,1745,DLX1
964,1749,DLX5
965,1759,DNM1
966,1762,DMWD
967,1778,DYNC1H1
968,1783,DYNC1LI2
969,1805,DPT
970,1809,DPYSL3
971,1820,ARID3A
972,1827,RCAN1
973,1832,DSP
974,1839,HBEGF
975,1843,DUSP1
976,1845,DUSP3
977,1846,DUSP4
978,1848,DUSP6
979,1849,DUSP7
980,1850,DUSP8
981,1857,DVL3
982,1869,E2F1
983,1870,E2F2
984,1875,E2F5
985,189,AGXT
986,19,ABCA1
987,190,NR0B1
988,1908,EDN3
989,1912,PHC2
990,192111,PGAM5
991,1936,EEF1D
992,1938,EEF2
993,1943,EFNA2
994,1946,EFNA5
995,1948,EFNB2
996,1950,EGF
997,1955,MEGF9
998,195827,PRXL2C
999,195828,ZNF367
1000,196,AHR
1001,1961,EGR4
1002,196264,MPZL3
1003,1964,EIF1AX
1004,196410,TMT1B
1005,196477,CCER1
1006,196549,EEF1DP3
1007,196951,FAM227B
1008,196993,CT62
1009,197003,MGC15885
1010,197021,LCTL
1011,197187,SNAI3-AS1
1012,197322,ACSF3
1013,197342,EME2
1014,197370,NSMCE1
1015,1982,EIF4G2
1016,1983,EIF5
1017,1994,ELAVL1
1018,1995,ELAVL3
1019,199745,THAP8
1020,199870,FAM76A
1021,199899,LINC00466
1022,199953,TMEM201
1023,2001,ELF5
1024,2002,ELK1
1025,200407,CREG2
1026,200765,TIGD1
1027,200844,CFAP20DC
1028,200895,DHFR2
1029,200933,FBXO45
1030,200959,GABRR3
1031,2010,EMD
1032,2011,MARK2
1033,201134,CEP112
1034,201158,TVP23C
1035,201283,AMZ2P1
1036,201292,TRIM65
1037,201501,ZBTB7C
1038,201514,ZNF584
1039,2016,EMX1
1040,201627,DENND6A
1041,2017,CTTN
1042,2020,EN2
1043,202018,TAPT1
1044,202020,TAPT1-AS1
1045,202243,CCDC125
1046,202500,TCTE1
1047,203062,TSNARE1
1048,203069,R3HCC1
1049,203197,TMEM268
1050,203238,CCDC171
1051,203245,NAIF1
1052,203259,FAM219A
1053,203286,ANKS6
1054,203447,NRK
1055,203547,VMA21
1056,2037,EPB41L2
1057,2046,EPHA8
1058,2051,EPHB6
1059,2055,CLN8
1060,205717,USF3
1061,2066,ERBB4
1062,2067,ERCC1
1063,2068,ERCC2
1064,207,AKT1
1065,2072,ERCC4
1066,2073,ERCC5
1067,2074,ERCC6
1068,2077,ERF
1069,2101,ESRRA
1070,2108,ETFA
1071,2110,ETFDH
1072,2116,ETV2
1073,2117,ETV3
1074,2130,EWSR1
1075,2131,EXT1
1076,2137,EXTL3
1077,2145,EZH1
1078,2146,EZH2
1079,2150,F2RL1
1080,2152,F3
1081,2157,F8
1082,2167,FABP4
1083,217,ALDH2
1084,2176,FANCC
1085,2177,FANCD2
1086,2182,ACSL4
1087,2189,FANCG
1088,2191,FAP
1089,219347,TMEM254-AS1
1090,2194,FASN
1091,2195,FAT1
1092,219927,MRPL21
1093,219983,OR4D6
1094,220,ALDH1A3
1095,220002,CYB561A3
1096,220047,CCDC83
1097,220108,FAM124A
1098,220134,SKA1
1099,220213,OTUD1
1100,220359,TIGD3
1101,220729,SDHAP4
1102,220832,FABP5P3
1103,220930,ZEB1-AS1
1104,220980,TMEM72-AS1
1105,220988,HNRNPA3
1106,221002,RASGEF1A
1107,221037,JMJD1C
1108,221061,FAM171A1
1109,221078,NSUN6
1110,221079,ARL5B
1111,221150,SKA3
1112,221294,NT5DC1
1113,221322,TBC1D32
1114,221336,BEND6
1115,221424,LRRC73
1116,221443,OARD1
1117,221656,KDM1B
1118,221662,RBM24
1119,221830,POLR1F
1120,221833,SP8
1121,221935,SDK1
1122,221960,CCZ1B
1123,2220,FCN2
1124,222008,VSTM2A
1125,222029,DKFZp434L192
1126,222068,TMED4
1127,222166,MTURN
1128,222229,LRWD1
1129,222389,BEND7
1130,222537,HS3ST5
1131,222553,SLC35F1
1132,222611,ADGRF2
1133,222659,PXT1
1134,222662,LHFPL5
1135,222696,ZSCAN23
1136,2235,FECH
1137,2239,GPC4
1138,2254,FGF9
1139,2258,FGF13
1140,226,ALDOA
1141,2262,GPC5
1142,2263,FGFR2
1143,2280,FKBP1A
1144,22802,CLCA4
1145,22803,XRN2
1146,22806,IKZF3
1147,22807,IKZF2
1148,22820,COPG1
1149,22824,HSPA4L
1150,22827,PUF60
1151,22828,SCAF8
1152,22835,ZFP30
1153,22841,RAB11FIP2
1154,22844,FRMPD1
1155,22845,DOLK
1156,22849,CPEB3
1157,22850,ADNP2
1158,22856,CHSY1
1159,22864,R3HDM2
1160,22866,CNKSR2
1161,22868,FASTKD2
1162,22872,SEC31A
1163,22873,DZIP1
1164,22877,MLXIP
1165,22884,WDR37
1166,22890,ZBTB1
1167,22893,BAHD1
1168,22907,DHX30
1169,22908,SACM1L
1170,22919,MAPRE1
1171,22927,HABP4
1172,22928,SEPHS2
1173,22932,POMZP3
1174,22934,RPIA
1175,22937,SCAP
1176,2296,FOXC1
1177,22976,PAXIP1
1178,22977,AKR7A3
1179,22978,NT5C2
1180,22980,TCF25
1181,22982,DIP2C
1182,22984,PDCD11
1183,22992,KDM2A
1184,22994,CEP131
1185,22997,IGSF9B
1186,22998,LIMCH1
1187,23017,FAIM2
1188,23023,TMCC1
1189,23025,UNC13A
1190,23030,KDM4B
1191,23035,PHLPP2
1192,23039,XPO7
1193,23047,PDS5B
1194,2305,FOXM1
1195,23051,ZHX3
1196,23059,CLUAP1
1197,23061,TBC1D9B
1198,23063,WAPL
1199,23064,SETX
1200,23065,EMC1
1201,23067,SETD1B
1202,23075,SWAP70
1203,23085,ERC1
1204,2309,FOXO3
1205,23092,ARHGAP26
1206,23095,KIF1B
1207,23096,IQSEC2
1208,23098,SARM1
1209,23099,ZBTB43
1210,231,AKR1B1
1211,23102,TBC1D2B
1212,23105,FSTL4
1213,23113,CUL9
1214,23122,CLASP2
1215,23131,GPATCH8
1216,23136,EPB41L3
1217,23137,SMC5
1218,23138,N4BP3
1219,23139,MAST2
1220,23140,ZZEF1
1221,23141,ANKLE2
1222,23144,ZC3H3
1223,23148,NACAD
1224,23150,FRMD4B
1225,2316,FLNA
1226,23162,MAPK8IP3
1227,23164,MPRIP
1228,23167,EFR3A
1229,23179,RGL1
1230,2318,FLNC
1231,23180,RFTN1
1232,23181,DIP2A
1233,23185,LARP4B
1234,23192,ATG4B
1235,23195,MDN1
1236,23197,FAF2
1237,23198,PSME4
1238,23203,PMPCA
1239,23204,ARL6IP1
1240,23210,JMJD6
1241,23211,ZC3H4
1242,23214,XPO6
1243,23217,ZFR2
1244,2322,FLT3
1245,23224,SYNE2
1246,23233,EXOC6B
1247,23235,SIK2
1248,23239,PHLPP1
1249,23240,TMEM131L
1250,23241,PACS2
1251,23246,BOP1
1252,23247,KATNIP
1253,23250,ATP11A
1254,23253,ANKRD12
1255,23268,DNMBP
1256,23269,MGA
1257,23275,POFUT2
1258,23276,KLHL18
1259,23287,AGTPBP1
1260,23291,FBXW11
1261,23293,SMG6
1262,23295,MGRN1
1263,23303,KIF13B
1264,23307,FKBP15
1265,23313,KIAA0930
1266,23315,SLC9A8
1267,23316,CUX2
1268,2332,FMR1
1269,23321,TRIM2
1270,23322,RPGRIP1L
1271,23331,TTC28
1272,23332,CLASP1
1273,23333,DPY19L1
1274,23334,SZT2
1275,23335,WDR7
1276,23347,SMCHD1
1277,23350,U2SURP
1278,23352,UBR4
1279,23354,HAUS5
1280,23358,USP24
1281,23359,ENTREP2
1282,23362,PSD3
1283,23365,ARHGEF12
1284,23373,CRTC1
1285,23376,UFL1
1286,23378,RRP8
1287,23383,MAU2
1288,23384,SPECC1L
1289,23389,MED13L
1290,23394,ADNP
1291,23396,PIP5K1C
1292,23399,CTDNEP1
1293,23401,FRAT2
1294,23406,COTL1
1295,23408,SIRT5
1296,23410,SIRT3
1297,23411,SIRT1
1298,23412,COMMD3
1299,23414,ZFPM2
1300,23417,MLYCD
1301,23418,CRB1
1302,23424,TDRD7
1303,23426,GRIP1
1304,23431,AP4E1
1305,23451,SF3B1
1306,23461,ABCA5
1307,23462,HEY1
1308,23466,CBX6
1309,23468,CBX5
1310,23469,PHF3
1311,23471,TRAM1
1312,23476,BRD4
1313,23480,SEC61G
1314,23484,LEPROTL1
1315,23492,CBX7
1316,23499,MACF1
1317,23500,DAAM2
1318,23506,BICRAL
1319,23507,LRRC8B
1320,23508,TTC9
1321,23509,POFUT1
1322,23512,SUZ12
1323,23513,SCRIB
1324,23521,RPL13A
1325,23523,CABIN1
1326,23527,ACAP2
1327,23531,MMD
1328,2354,FOSB
1329,23543,RBFOX2
1330,23545,ATP6V0A2
1331,23546,SYNGR4
1332,23548,TTC33
1333,23560,GTPBP4
1334,23567,ZNF346
1335,23569,PADI4
1336,23580,CDC42EP4
1337,23590,PDSS1
1338,23596,OPN3
1339,23597,ACOT9
1340,23604,DAPK2
1341,23607,CD2AP
1342,23612,PHLDA3
1343,23626,SPO11
1344,23636,NUP62
1345,23639,DNAAF11
1346,23642,SNHG1
1347,23645,PPP1R15A
1348,23647,ARFIP2
1349,23649,POLA2
1350,23657,SLC7A11
1351,23670,CEMIP2
1352,23673,STX12
1353,23710,GABARAPL1
1354,23741,EID1
1355,23743,BHMT2
1356,23760,PITPNB
1357,23786,BCL2L13
1358,24137,KIF4A
1359,24138,IFIT5
1360,24140,FTSJ1
1361,24144,TFIP11
1362,24145,PANX1
1363,24148,PRPF6
1364,24149,ZNF318
1365,245929,DEFB115
1366,245972,ATP6V0D2
1367,246184,CDC26
1368,2483,FRG1
1369,252839,TMEM9
1370,253314,EIF4E1B
1371,253430,IPMK
1372,253558,LCLAT1
1373,253714,MMS22L
1374,253943,YTHDF3
1375,253959,RALGAPA1
1376,254048,UBN2
1377,254100,ZNRD2-DT
1378,254128,NIFK-AS1
1379,254158,CXorf58
1380,254170,FBXO33
1381,2542,SLC37A4
1382,254240,BPIFC
1383,254427,PROSER2
1384,254439,C11orf86
1385,2548,GAA
1386,254863,TMEM256
1387,2549,GAB1
1388,254956,MORN5
1389,255082,CASC2
1390,255220,TXNDC8
1391,255252,LRRC57
1392,2553,GABPB1
1393,255426,RASGEF1C
1394,255480,TBX5-AS1
1395,255512,TOLLIP-DT
1396,255812,SDHAP1
1397,256126,SYCE2
1398,256223,CDRT15L2
1399,256302,NATD1
1400,256356,GK5
1401,256435,ST6GALNAC3
1402,256714,MAP7D2
1403,256880,H2AZ1-DT
1404,257,ALX3
1405,257019,FRMD3
1406,257062,CATSPERD
1407,257068,PLCXD2
1408,257236,CCDC96
1409,257240,KLHL34
1410,257358,LINC01366
1411,257396,MOCS2-DT
1412,25759,SHC2
1413,25771,TBC1D22A
1414,25776,CBY1
1415,25778,DSTYK
1416,25792,CIZ1
1417,25793,FBXO7
1418,25799,ZNF324
1419,2580,GAK
1420,25800,SLC39A6
1421,25804,LSM4
1422,25812,POM121L1P
1423,25813,SAMM50
1424,25817,TAFA5
1425,25819,NOCT
1426,2582,GALE
1427,25820,ARIH1
1428,25825,BACE2
1429,25829,TMEM184B
1430,25830,SULT4A1
1431,25836,NIPBL
1432,25841,ABTB2
1433,25845,SLC9A3-OT1
1434,25847,ANAPC13
1435,25851,TECPR1
1436,25861,WHRN
1437,2588,GALNS
1438,25880,TMEM186
1439,25884,CHRDL2
1440,25886,POC1A
1441,2589,GALNT1
1442,25896,INTS7
1443,25897,RNF19A
1444,25898,RCHY1
1445,259,AMBP
1446,25906,ANAPC15
1447,25907,TMEM158
1448,25909,AHCTF1
1449,25911,DPCD
1450,25914,RTTN
1451,25921,ZDHHC5
1452,25925,ZNF521
1453,25926,NOL11
1454,259282,BOD1L1
1455,2593,GAMT
1456,25930,PTPN23
1457,259307,IL4I1
1458,25936,NSL1
1459,25948,KBTBD2
1460,2595,GANC
1461,25950,RWDD3
1462,25966,C2CD2
1463,25972,UNC50
1464,25973,PARS2
1465,25977,NECAP1
1466,25989,ULK3
1467,25992,SNED1
1468,26002,MOXD1
1469,26012,NSMF
1470,26018,LRIG1
1471,26024,PTCD1
1472,26034,IPCEF1
1473,26039,SS18L1
1474,260425,MAGI3
1475,26046,LTN1
1476,26048,ZNF500
1477,26054,SENP6
1478,26060,APPL1
1479,26073,POLDIP2
1480,26077,GNAO1-AS1
1481,26091,HERC4
1482,26118,WSB1
1483,26119,LDLRAP1
1484,26135,SERBP1
1485,26146,TRAF3IP1
1486,26147,PHF19
1487,26150,RIBC2
1488,26151,NAT9
1489,26152,ZNF337
1490,26153,KIF26A
1491,26160,IFT172
1492,26164,MTG2
1493,26168,SENP3
1494,261726,TIPRL
1495,261734,NPHP4
1496,26184,OR1F2P
1497,2619,GAS1
1498,26205,GMEB2
1499,2621,GAS6
1500,26225,ARL5A
1501,26229,B3GAT3
1502,26232,FBXO2
1503,26234,FBXL5
1504,26259,FBXW8
1505,26260,FBXO25
1506,26277,TINF2
1507,26289,AK5
1508,2630,GBA1LP
1509,26330,GAPDHS
1510,26354,GNL3
1511,2649,NR6A1
1512,26503,SLC17A5
1513,26511,CHIC2
1514,26512,INTS6
1515,26515,TIMM10B
1516,26528,DAZAP1
1517,26574,AATF
1518,26578,OSTF1
1519,2661,GDF9
1520,266697,POM121L4P
1521,2669,GEM
1522,2672,GFI1
1523,26747,NUFIP1
1524,26751,SH3YL1
1525,2676,GFRA3
1526,2686,GGT7
1527,27,ABL2
1528,2700,GJA3
1529,27013,CNPPD1
1530,27031,NPHP3
1531,27037,TRMT2A
1532,27042,UTP25
1533,27063,ANKRD1
1534,27069,GHITM
1535,27076,LYPD3
1536,27086,FOXP1
1537,27092,CACNG4
1538,27097,TAF5L
1539,2710,GK
1540,27112,NALF2
1541,27127,SMC1B
1542,27131,SNX5
1543,27136,MORC1
1544,27143,PALD1
1545,27160,INGX
1546,27161,AGO2
1547,27164,SALL3
1548,27166,PRELID1
1549,27185,DISC1
1550,2720,GLB1
1551,27233,SULT1C4
1552,27242,TNFRSF21
1553,27243,CHMP2A
1554,27248,ERLEC1
1555,27254,CSDC2
1556,27257,LSM1
1557,27258,LSM3
1558,27286,SRPX2
1559,27289,RND1
1560,27293,SMPDL3B
1561,27294,DHDH
1562,2730,GCLM
1563,27300,ZNF544
1564,27301,APEX2
1565,27314,RAB30
1566,27315,PGAP2
1567,27327,TNRC6A
1568,27335,EIF3K
1569,27338,UBE2S
1570,27339,PRPF19
1571,27341,RRP7A
1572,27345,KCNMB4
1573,27346,TMEM97
1574,27347,STK39
1575,27349,MCAT
1576,2737,GLI3
1577,2738,GLI4
1578,2739,GLO1
1579,27433,TOR2A
1580,27436,EML4
1581,27439,TMEM121B
1582,2745,GLRX
1583,2746,GLUD1
1584,2762,GMDS
1585,2766,GMPR
1586,2767,GNA11
1587,2775,GNAO1
1588,2781,GNAZ
1589,2782,GNB1
1590,2787,GNG5
1591,2788,GNG7
1592,2799,GNS
1593,2800,GOLGA1
1594,2803,GOLGA4
1595,2806,GOT2
1596,280658,SSX7
1597,2824,GPM6B
1598,2827,GPR3
1599,282966,C10orf53
1600,282991,BLOC1S2
1601,282997,PDCD4-AS1
1602,283011,FLJ37201
1603,283050,ZMIZ1-AS1
1604,283078,MKX
1605,2831,NPBWR1
1606,283129,MAJIN
1607,283159,OR8D1
1608,283214,DGAT2-DT
1609,283232,TMEM80
1610,283237,TTC9C
1611,283248,RCOR2
1612,283335,TNS2-AS1
1613,283377,SPRYD4
1614,283416,LINC01465
1615,283431,GAS2L3
1616,283459,GATC
1617,283480,FGF14-IT1
1618,283483,ARGLU1-DT
1619,283487,PRECSIT
1620,283489,CHAMP1
1621,283507,SUGT1P3
1622,283578,TMED8
1623,283579,C14orf178
1624,283638,CEP170B
1625,283683,LOC283683
1626,283692,CPEB1-AS1
1627,283726,SAXO2
1628,283755,HERC2P3
1629,283870,BRICD5
1630,283899,INO80E
1631,283922,PDPR2P
1632,284001,CCDC57
1633,284018,C17orf58
1634,284023,RNF227
1635,284047,CCDC144BP
1636,284098,PIGW
1637,284116,KRT42P
1638,284124,FLJ36000
1639,284131,ENDOV
1640,284207,METRNL
1641,284276,LINC00908
1642,284294,LINC01924
1643,284306,ZNF547
1644,284312,ZSCAN1
1645,284325,ACTMAP
1646,284352,PPP1R37
1647,284361,EMC10
1648,284403,WDR62
1649,284408,ZNF790-AS1
1650,284412,LOC284412
1651,2846,LPAR4
1652,284654,RSPO1
1653,284661,LINC01777
1654,284716,RIMKLA
1655,284798,LOC284798
1656,284801,MIR663AHG
1657,285016,ALKAL2
1658,285033,STARD7-AS1
1659,285051,STPG4
1660,285074,ANAPC1P2
1661,28512,NKIRAS1
1662,28514,DLL1
1663,285148,IAH1
1664,285154,CYP1B1-AS1
1665,285331,CCDC66
1666,285335,SLC9C1
1667,285381,DPH3
1668,285382,C3orf70
1669,285407,ALG1L9P
1670,285440,CYP4V2
1671,285521,COX18
1672,285550,FAM200B
1673,285577,LINC01019
1674,285605,DTWD2
1675,285629,LINC02159
1676,285671,RNF180
1677,285761,DCBLD1
1678,285955,SPDYE1
1679,285958,SNHG15
1680,285961,SEPTIN7P9
1681,285962,WEE2-AS1
1682,286,ANK1
1683,286075,ZNF707
1684,286077,FAM83H
1685,286097,MICU3
1686,286177,LOC286177
1687,286187,PPP1R42
1688,2862,MLNR
1689,2863,GPR39
1690,286336,FAM78A
1691,286464,CFAP47
1692,2868,GRK4
1693,286826,LIN9
1694,286827,TRIM59
1695,2872,MKNK2
1696,2879,GPX4
1697,2887,GRB10
1698,2889,RAPGEF1
1699,28952,CCDC22
1700,28956,LAMTOR2
1701,28962,OSTM1
1702,28966,SNX24
1703,28968,SLC6A16
1704,28970,C11orf54
1705,28972,SPCS1
1706,28976,ACAD9
1707,28981,IFT81
1708,28982,FLVCR1
1709,28984,RGCC
1710,28999,KLF15
1711,2900,GRIK4
1712,2902,GRIN1
1713,29058,TMEM230
1714,29066,ZC3H7A
1715,29068,ZBTB44
1716,29071,C1GALT1C1
1717,29072,SETD2
1718,29078,NDUFAF4
1719,29081,METTL5
1720,29089,UBE2T
1721,29091,STXBP6
1722,29092,LINC00339
1723,29099,COMMD9
1724,29101,SSU72
1725,29102,DROSHA
1726,29110,TBK1
1727,29115,SAP30BP
1728,29122,PRSS50
1729,29123,ANKRD11
1730,29127,RACGAP1
1731,2915,GRM5
1732,2917,GRM7
1733,2920,CXCL2
1734,2928,GSC2
1735,2931,GSK3A
1736,2935,GSPT1
1737,2957,GTF2A1
1738,2959,GTF2B
1739,2961,GTF2E2
1740,2962,GTF2F1
1741,2965,GTF2H1
1742,2966,GTF2H2
1743,2967,GTF2H3
1744,2969,GTF2I
1745,2970,GTF2IP1
1746,2975,GTF3C1
1747,2976,GTF3C2
1748,29761,USP25
1749,29774,POM121L9P
1750,29777,ABT1
1751,29781,NCAPH2
1752,29797,POM121L8P
1753,29799,YPEL1
1754,29800,ZDHHC1
1755,29841,GRHL1
1756,29842,TFCP2L1
1757,29844,TFPT
1758,2987,GUK1
1759,29880,ALG5
1760,29882,ANAPC2
1761,29883,CNOT7
1762,29886,SNX8
1763,29889,GNL2
1764,29890,RBM15B
1765,29919,RMC1
1766,29923,HILPDA
1767,29924,EPN1
1768,29925,GMPPB
1769,29927,SEC61A1
1770,29928,TIMM22
1771,29942,PURG
1772,29966,STRN3
1773,29985,SLC39A3
1774,29986,SLC39A2
1775,2999,GZMH
1776,29995,LMCD1
1777,30001,ERO1A
1778,3002,GZMB
1779,302,ANXA2
1780,3020,H3-3A
1781,3021,H3-3B
1782,3064,HTT
1783,3069,HDLBP
1784,30812,SOX8
1785,30837,SOCS7
1786,30844,EHD4
1787,30851,TAX1BP3
1788,3092,HIP1
1789,3096,HIVEP1
1790,30968,STOML2
1791,31,ACACA
1792,3110,MNX1
1793,3131,HLF
1794,3151,HMGN2
1795,3157,HMGCS1
1796,3161,HMMR
1797,3163,HMOX2
1798,3167,HMX2
1799,3169,FOXA1
1800,317649,EIF4E3
1801,317662,FAM149B1
1802,317761,C14orf39
1803,317762,CCDC85C
1804,317781,DDX51
1805,3178,HNRNPA1
1806,3181,HNRNPA2B1
1807,3182,HNRNPAB
1808,3189,HNRNPH3
1809,3190,HNRNPK
1810,3192,HNRNPU
1811,3198,HOXA1
1812,320,APBA1
1813,3203,HOXA6
1814,3205,HOXA9
1815,321,APBA2
1816,3219,HOXB9
1817,3221,HOXC4
1818,3222,HOXC5
1819,3223,HOXC6
1820,3224,HOXC8
1821,3226,HOXC10
1822,3237,HOXD11
1823,3242,HPD
1824,326,AIRE
1825,3269,HRH1
1826,3276,PRMT1
1827,329,BIRC2
1828,3293,HSD17B3
1829,3297,HSF1
1830,3309,HSPA5
1831,3311,HSPA7
1832,3313,HSPA9
1833,3329,HSPD1
1834,3337,DNAJB1
1835,3339,HSPG2
1836,3363,HTR7
1837,337873,H2BC20P
1838,337876,CHSY3
1839,337960,KRTAP13-3
1840,337971,KRTAP19-4
1841,337972,KRTAP19-5
1842,338005,LINC00221
1843,338069,ST7-OT4
1844,338651,KRTAP5-AS1
1845,338707,B4GALNT4
1846,338739,CSTF3-DT
1847,339,APOBEC1
1848,339123,JMJD8
1849,339230,CCDC137
1850,339231,ARL16
1851,339318,ZNF181
1852,339398,LINGO4
1853,3394,IRF8
1854,339665,SLC35E4
1855,3398,ID2
1856,339803,C2orf74-DT
1857,339804,C2orf74
1858,3400,ID4
1859,340024,SLC6A19
1860,340037,PRR7-AS1
1861,340146,SLC35D3
1862,340152,ZC3H12D
1863,340260,UNCX
1864,340385,ZNF517
1865,340578,DCAF12L2
1866,340719,NANOS1
1867,341208,HEPHL1
1868,341359,SYT10
1869,341676,NEK5
1870,341880,SLC35F4
1871,341883,LRRC9
1872,3420,IDH3B
1873,3421,IDH3G
1874,3422,IDI1
1875,3425,IDUA
1876,342574,KRT27
1877,343099,CCDC18
1878,3434,IFIT1
1879,343521,DYNLT4
1880,343637,RSPO4
1881,344167,FOXI3
1882,344595,DUBR
1883,344875,COL6A4P1
1884,344887,NMRAL2P
1885,345456,PFN3
1886,345630,FBLL1
1887,345643,MCIDAS
1888,345757,FAM174A
1889,347240,KIF24
1890,347252,IGFBPL1
1891,347344,ZNF81
1892,347411,MPC1L
1893,347475,CCDC160
1894,3475,IFRD1
1895,347730,LRRTM1
1896,347734,SLC35B2
1897,347862,GATD1
1898,347902,AMIGO2
1899,348093,RBPMS2
1900,348180,CTU2
1901,348254,CCDC144CP
1902,3483,IGFALS
1903,3485,IGFBP2
1904,3487,IGFBP4
1905,348793,WDR53
1906,348808,NPHP3-AS1
1907,348840,ANKRD18DP
1908,348980,HCN1
1909,3490,IGFBP7
1910,3491,CCN1
1911,3516,RBPJ
1912,353,APRT
1913,353116,RILPL1
1914,353139,LCE2A
1915,353497,POLN
1916,3556,IL1RAP
1917,3572,IL6ST
1918,3576,CXCL8
1919,3589,IL11
1920,359948,IRF2BP2
1921,36,ACADSB
1922,3607,FOXK2
1923,3609,ILF3
1924,3611,ILK
1925,3615,IMPDH2
1926,362,AQP5
1927,3624,INHBA
1928,3626,INHBC
1929,3631,INPP4A
1930,3632,INPP5A
1931,3638,INSIG1
1932,3654,IRAK1
1933,3658,IREB2
1934,3659,IRF1
1935,3664,IRF6
1936,3679,ITGA7
1937,3680,ITGA9
1938,3687,ITGAX
1939,3688,ITGB1
1940,369,ARAF
1941,3691,ITGB4
1942,3717,JAK2
1943,3726,JUNB
1944,3727,JUND
1945,3728,JUP
1946,3737,KCNA2
1947,3739,KCNA4
1948,374291,NDUFS7
1949,374378,GALNT18
1950,374393,FAM111B
1951,374395,TMEM179B
1952,374654,KIF7
1953,374864,CCDC178
1954,374868,ATP9B
1955,374887,YJEFN3
1956,374897,SBSN
1957,374899,ZNF829
1958,374918,IGFL1
1959,374928,ZNF773
1960,375057,STUM
1961,375189,PFN4
1962,375196,LOC375196
1963,375323,LHFPL4
1964,375341,C3orf62
1965,375387,NRROS
1966,375484,SIMC1
1967,375513,GUSBP4
1968,375593,TRIM73
1969,375607,NAT16
1970,375690,WASH5P
1971,375704,ENHO
1972,375743,PTAR1
1973,375757,SWI5
1974,376267,RAB15
1975,3764,KCNJ8
1976,376497,SLC27A1
1977,3768,KCNJ12
1978,377047,PRSS45P
1979,3775,KCNK1
1980,378,ARF4
1981,3783,KCNN4
1982,3786,KCNQ3
1983,3788,KCNS2
1984,378805,LINC-PINT
1985,378884,NHLRC1
1986,378938,MALAT1
1987,379,ARL4D
1988,379013,RNF138P1
1989,3795,KHK
1990,3800,KIF5C
1991,382,ARF6
1992,3831,KLC1
1993,3835,KIF22
1994,3836,KPNA1
1995,3838,KPNA2
1996,3839,KPNA3
1997,384,ARG2
1998,3840,KPNA4
1999,3842,TNPO1
2000,3853,KRT6A
2001,3856,KRT8
2002,386593,CHKB-CPT1B
2003,3866,KRT15
2004,386607,ZFP91-CNTF
2005,386627,SAP30L-AS1
2006,386676,KRTAP10-9
2007,386679,KRTAP10-2
2008,386758,ZNF582-DT
2009,3868,KRT16
2010,387032,ZKSCAN4
2011,387066,SNHG5
2012,387103,CENPW
2013,387263,C6orf120
2014,387509,GPR153
2015,387521,PEDS1
2016,387522,PEDS1-UBE2V1
2017,387597,ILDR2
2018,387723,C10orf143
2019,387763,C11orf96
2020,387775,SLC22A10
2021,387893,KMT5A
2022,387921,NHLRC3
2023,387923,SERP2
2024,387990,TOMM20L
2025,388,RHOB
2026,388021,TMEM179
2027,388182,SPATA41
2028,388228,SBK1
2029,388272,C16orf87
2030,388282,LOC388282
2031,388336,SHISA6
2032,388372,CCL4L1
2033,388403,YPEL2
2034,388468,POTEC
2035,388531,RGS9BP
2036,388552,BLOC1S3
2037,388581,C1QTNF12
2038,388585,HES5
2039,388610,TRNP1
2040,388650,DIPK1A
2041,3887,KRT81
2042,389023,DPP10-AS1
2043,389118,CDHR4
2044,389152,PRR23C
2045,389289,ANXA2R
2046,389337,ARHGEF37
2047,389432,SAMD5
2048,3895,KTN1
2049,389538,CCZ1P-OR7E38P
2050,389541,LAMTOR4
2051,389641,TNFRSF10A-DT
2052,389668,XKR9
2053,389677,RBM12B
2054,389692,MAFA
2055,3898,LAD1
2056,389831,LOC389831
2057,389840,MAP3K15
2058,389860,PAGE2B
2059,389874,ZCCHC13
2060,389895,HAPSTR2
2061,390205,LRRC10B
2062,390637,GDPGP1
2063,390874,ONECUT3
2064,3909,LAMA3
2065,3912,LAMB1
2066,3925,STMN1
2067,393046,OR2A5
2068,394,ARHGAP5
2069,3948,LDHC
2070,3978,LIG1
2071,398,ARHGDIG
2072,3983,ABLIM1
2073,3988,LIPA
2074,3996,LLGL1
2075,399697,CTXN2
2076,399706,LINC00200
2077,399821,EDRF1-DT
2078,399979,SNX19
2079,400221,LINC03033
2080,400236,FOXN3-AS1
2081,400322,HERC2P2
2082,400359,LINC02694
2083,4004,LMO1
2084,400506,KNOP1
2085,400566,LIAT1
2086,400617,KCNJ2-AS1
2087,400629,TEX19
2088,400658,ZNF516-DT
2089,400680,LINC00664
2090,400684,DPY19L3-DT
2091,400710,ZNF473CR
2092,400761,LRRC8C-DT
2093,400798,C1orf220
2094,400804,LINC02817
2095,400891,LRRC74B
2096,400927,TPTEP2
2097,400940,LOC400940
2098,401022,HAGLR
2099,401089,FOXL2NB
2100,401097,C3orf80
2101,401106,ATP13A3-DT
2102,401124,DTHD1
2103,401320,GARS1-DT
2104,401331,RASA4CP
2105,401397,SMIM30
2106,401399,PRRT4
2107,401494,HACD4
2108,401505,TOMM5
2109,401535,LINC02872
2110,401548,SNX30
2111,401588,ZNF674-AS1
2112,401612,SLC25A53
2114,402055,SRRD
2115,402160,CFAP99
2116,403341,ZBTB34
2117,4035,LRP1
2118,4036,LRP2
2119,4040,LRP6
2120,404093,CUEDC1
2121,4041,LRP5
2122,404550,C16orf74
2123,404734,ANKHD1-EIF4EBP3
2124,406891,MIRLET7I
2125,406909,MIR124-3
2126,406918,MIR129-2
2127,406921,MIR132
2128,406934,MIR142
2129,406994,MIR212
2130,407000,MIR218-1
2131,407041,MIR34B
2132,4071,TM4SF1
2133,407977,TNFSF12-TNFSF13
2134,4082,MARCKS
2135,4086,SMAD1
2136,4087,SMAD2
2137,4088,SMAD3
2138,4091,SMAD6
2139,4097,MAFG
2140,410,ARSA
2141,4113,MAGEB2
2142,4121,MAN1A1
2143,4130,MAP1A
2144,4131,MAP1B
2145,4133,MAP2
2146,4135,MAP6
2147,4140,MARK3
2148,414245,DNAJC9-AS1
2149,4144,MAT2A
2150,4149,MAX
2151,414918,DENND6B
2152,414919,C8orf82
2153,415,ARSL
2154,4163,MCC
2155,4172,MCM3
2156,4175,MCM6
2157,4189,DNAJB9
2158,4191,MDH2
2159,4193,MDM2
2160,4201,MEA1
2161,4204,MECP2
2162,421,ARVCF
2163,4212,MEIS2
2164,4216,MAP3K4
2165,4233,MET
2166,4236,MFAP1
2167,4237,MFAP2
2168,4238,MFAP3
2169,4240,MFGE8
2170,4255,MGMT
2171,4289,MKLN1
2172,4298,MLLT1
2173,43,ACHE
2174,4301,AFDN
2175,4312,MMP1
2176,4314,MMP3
2177,4318,MMP9
2178,4322,MMP13
2179,4326,MMP17
2180,439921,MXRA7
2181,439927,LINC01555
2182,439931,THAP7-AS1
2183,440026,TMEM41B
2184,440081,DDX12P
2185,440119,FZD10-AS1
2186,440138,ALG11
2187,440145,MZT1
2188,440275,EIF2AK4
2189,440288,UBL7-DT
2190,440518,GOLGA2P9
2191,440925,LINC01124
2192,441058,LINC01667
2193,441061,MARCHF11
2194,441242,LINC03006
2195,441308,OR4F21
2196,441381,LRRC24
2197,441389,LINC01239
2198,441455,LOC441455
2199,441457,NUTM2G
2200,441478,NRARP
2201,441549,CDNF
2202,441601,SEPTIN7P11
2203,442590,SPDYE5
2204,442903,MIR331
2205,4430,MYO1B
2206,4436,MSH2
2207,4437,MSH3
2208,444,ASPH
2209,445815,PALM2AKAP2
2210,4489,MT1A
2211,4490,MT1B
2212,4495,MT1G
2213,4499,MT1M
2214,4500,MT1L
2215,4501,MT1X
2216,4502,MT2A
2217,4504,MT3
2218,4522,MTHFD1
2219,4528,MTIF2
2220,4543,MTNR1A
2221,4552,MTRR
2222,4597,MVD
2223,4599,MX1
2224,4600,MX2
2225,4602,MYB
2226,463,ZFHX3
2227,4638,MYLK
2228,4643,MYO1E
2229,4649,MYO9A
2230,466,ATF1
2231,4670,HNRNPM
2232,4674,NAP1L2
2233,4676,NAP1L4
2234,468,ATF4
2235,4685,NCAM2
2236,4686,NCBP1
2237,4690,NCK1
2238,4691,NCL
2239,4692,NDN
2240,4694,NDUFA1
2241,4700,NDUFA6
2242,4701,NDUFA7
2243,4706,NDUFAB1
2244,4710,NDUFB4
2245,4711,NDUFB5
2246,4715,NDUFB9
2247,472,ATM
2248,4726,NDUFS6
2249,4731,NDUFV3
2250,4733,DRG1
2251,4734,NEDD4
2252,4738,NEDD8
2253,4741,NEFM
2254,4751,NEK2
2255,4763,NF1
2256,4773,NFATC2
2257,4774,NFIA
2258,478,ATP1A3
2259,4780,NFE2L2
2260,4783,NFIL3
2261,4784,NFIX
2262,4790,NFKB1
2263,4793,NFKBIB
2264,4796,TONSL
2265,4799,NFX1
2266,4803,NGF
2267,4815,NINJ2
2268,4817,NIT1
2269,4820,NKTR
2270,4830,NME1
2271,4839,NOP2
2272,4846,NOS3
2273,4849,CNOT3
2274,4851,NOTCH1
2275,4861,NPAS1
2276,4863,NPAT
2277,488,ATP2A2
2278,4880,NPPC
2279,4884,NPTX1
2280,4885,NPTX2
2281,4889,NPY5R
2282,4899,NRF1
2283,4908,NTF3
2284,4913,NTHL1
2285,4915,NTRK2
2286,4923,NTSR1
2287,492307,PPDPFL
2288,4928,NUP98
2289,493753,COA5
2290,493856,CISD2
2291,493911,PHOSPHO2
2292,494325,MIR376A1
2293,4946,OAZ1
2294,497661,C18orf32
2295,49854,ZBTB21
2296,49855,SCAPER
2297,4987,OPRL1
2298,4998,ORC1
2299,5001,ORC5
2300,5010,CLDN11
2301,5017,OVOL1
2302,5029,P2RY2
2303,503693,LOH12CR2
2304,5042,PABPC3
2305,5047,PAEP
2306,50485,SMARCAL1
2307,50488,MINK1
2308,5051,PAFAH2
2309,50512,PODXL2
2310,50515,CHST11
2311,50628,GEMIN4
2312,5066,PAM
2313,5071,PRKN
2314,5074,PAWR
2315,5077,PAX3
2316,5080,PAX6
2317,50805,IRX4
2318,50807,ASAP1
2319,50809,HP1BP3
2320,50814,NSDHL
2321,50853,VILL
2322,50855,PARD6A
2323,5090,PBX3
2324,5091,PC
2325,5095,PCCA
2326,5098,PCDHGC3
2327,50999,TMED5
2328,51001,MTERF3
2329,51005,AMDHD2
2330,51006,SLC35C2
2331,51009,DERL2
2332,51012,PRELID3B
2333,51015,ISOC1
2334,51028,VPS36
2335,51031,GLOD4
2336,51042,ZNF593
2337,51056,LAP3
2338,51061,TXNDC11
2339,51067,YARS2
2340,51069,MRPL2
2341,51078,THAP4
2342,51079,NDUFA13
2343,51084,CRYL1
2344,51088,KLHL5
2345,51095,TRNT1
2346,51099,ABHD5
2347,5110,PCMT1
2348,51105,PHF20L1
2349,51106,TFB1M
2350,51108,METTL9
2351,5111,PCNA
2352,51111,KMT5B
2353,51114,ZDHHC9
2354,51119,SBDS
2355,51122,COMMD2
2356,51123,ZNF706
2357,51125,GOLGA7
2358,51132,RLIM
2359,51134,CEP83
2360,51136,RNFT1
2361,51141,INSIG2
2362,51142,CHCHD2
2363,51143,DYNC1LI1
2364,51144,HSD17B12
2365,51150,SDF4
2366,51154,MRTO4
2367,51155,JPT1
2368,51157,ZNF580
2369,5116,PCNT
2370,51160,VPS28
2371,51167,CYB5R4
2372,51175,TUBE1
2373,51179,HAO2
2374,51182,HSPA14
2375,51184,GPN3
2376,51188,SS18L2
2377,5119,CHMP1A
2378,51191,HERC5
2379,51192,CKLF
2380,51196,PLCE1
2381,51199,NIN
2382,51203,NUSAP1
2383,51206,GP6
2384,51207,DUSP13B
2385,51227,PIGP
2386,51228,GLTP
2387,51230,PHF20
2388,51239,ANKRD39
2389,51241,COX16
2390,51246,SHISA5
2391,51247,PAIP2
2392,51248,PDZD11
2393,51252,FAM178B
2394,51257,MARCHF2
2395,5126,PCSK2
2396,51263,MRPL30
2397,51270,TFDP3
2398,51274,KLF3
2399,51276,ZNF571
2400,51277,DNAJC27
2401,51279,C1RL
2402,51281,ANKMY1
2403,51287,COA4
2404,51290,ERGIC2
2405,51299,NRN1
2406,513,ATP5F1D
2407,5130,PCYT1A
2408,51304,ZDHHC3
2409,51312,SLC25A37
2410,51315,KRCC1
2411,51317,PHF21A
2412,51322,WAC
2413,51334,PRR16
2414,51337,THEM6
2415,51343,FZR1
2416,51366,UBR5
2417,5137,PDE1C
2418,51385,ZNF589
2419,5140,PDE3B
2420,5141,PDE4A
2421,51426,POLK
2422,51428,DDX41
2423,51429,SNX9
2424,5143,PDE4C
2425,51435,SCARA3
2426,51455,REV1
2427,51458,RHCG
2428,51465,UBE2J1
2429,51466,EVL
2430,51474,LIMA1
2431,51478,HSD17B7
2432,51504,TRMT112
2433,51507,RTF2
2434,51514,DTL
2435,51517,NCKIPSD
2436,5152,PDE9A
2437,51520,LARS1
2438,51523,CXXC5
2439,51526,OSER1
2440,51527,GSKIP
2441,51529,ANAPC11
2442,51534,VTA1
2443,51540,SCLY
2444,51548,SIRT6
2445,51555,PEX5L
2446,51560,RAB6B
2447,51564,HDAC7
2448,51567,TDP2
2449,51571,CYRIB
2450,51574,LARP7
2451,51575,ESF1
2452,5158,PDE6B
2453,51586,MED15
2454,51588,PIAS4
2455,51592,TRIM33
2456,51593,SRRT
2457,51602,NOP58
2458,51619,UBE2D4
2459,51629,SLC25A39
2460,51631,LUC7L2
2461,51633,OTUD6B
2462,51634,RBMX2
2463,51647,CIAO2B
2464,51652,CHMP3
2465,51659,GINS2
2466,51660,MPC1
2467,51661,FKBP7
2468,51663,ZFR
2469,51665,ASB1
2470,51667,NUB1
2471,51668,IFT25
2472,51678,PALS2
2473,51684,SUFU
2474,5169,ENPP3
2475,51690,LSM7
2476,51696,HECA
2477,51700,CYB5R2
2478,51714,SELENOT
2479,51719,CAB39
2480,51720,UIMC1
2481,51744,CD244
2482,5175,PECAM1
2483,51750,RTEL1
2484,51759,C9orf78
2485,51762,RAB8B
2486,51768,TM7SF3
2487,5189,PEX1
2488,5192,PEX10
2489,5205,ATP8B1
2490,521,ATP5ME
2491,5211,PFKL
2492,5216,PFN1
2493,5217,PFN2
2494,5223,PGAM1
2495,5226,PGD
2496,5230,PGK1
2497,5250,SLC25A3
2498,5253,PHF2
2499,5256,PHKA2
2500,5257,PHKB
2501,5261,PHKG2
2502,5268,SERPINB5
2503,527,ATP6V0C
2504,5277,PIGA
2505,5283,PIGH
2506,5289,PIK3C3
2507,5296,PIK3R2
2508,5305,PIP4K2A
2509,5306,PITPNA
2510,5311,PKD2
2511,5324,PLAG1
2512,5326,PLAGL2
2513,5327,PLAT
2514,5328,PLAU
2515,533,ATP6V0B
2516,5335,PLCG1
2517,5339,PLEC
2518,53407,STX18
2519,5347,PLK1
2520,535,ATP6V0A1
2521,53616,ADAM22
2522,5362,PLXNA2
2523,5366,PMAIP1
2524,5378,PMS1
2525,539,ATP5PO
2526,53917,RAB24
2527,53942,CNTN5
2528,54039,PCBP3
2529,54059,YBEY
2530,54069,MIS18A
2531,54090,LINC00111
2532,54101,RIPK4
2533,54108,CHRAC1
2534,541473,FKBP6P2
2535,54148,MRPL39
2536,541578,EOLA2
2537,54205,CYCS
2538,54206,ERRFI1
2539,54207,KCNK10
2540,5422,POLA1
2541,5429,POLH
2542,5432,POLR2C
2543,5434,POLR2E
2544,5439,POLR2J
2545,54433,GAR1
2546,5444,PON1
2547,54454,ATAD2B
2548,54455,FBXO42
2549,54456,MOV10L1
2550,5446,PON3
2551,54460,MRPS21
2552,54464,XRN1
2553,54468,MIOS
2554,5447,POR
2555,54472,TOLLIP
2556,54477,PLEKHA5
2557,54478,PIMREG
2558,54480,CHPF2
2559,54487,DGCR8
2560,54494,C11orf71
2561,54495,TMX3
2562,54496,PRMT7
2563,54497,HEATR5B
2564,54499,TMCO1
2565,545,ATR
2566,54507,ADAMTSL4
2567,54512,EXOSC4
2568,54517,PUS7
2569,54520,CCDC93
2570,54521,WDR44
2571,54522,ANKRD16
2572,54531,MIER2
2573,54532,USP53
2574,54537,SHLD2
2575,54543,TOMM7
2576,5455,POU3F3
2577,54550,NECAB2
2578,54552,GNL3L
2579,54553,MIR4453HG
2580,54554,WDR5B
2581,54556,ING3
2582,54558,SPATA6
2583,5457,POU4F1
2584,5459,POU4F3
2585,54602,NDFIP2
2586,54625,PARP14
2587,54626,HES2
2588,54629,MINDY2
2589,5465,PPARA
2590,54662,TBC1D13
2591,54665,RSBN1
2592,5467,PPARD
2593,54680,ZNHIT6
2594,54681,P4HTM
2595,547,KIF1A
2596,54704,PDP1
2597,54707,GPN2
2598,54708,MARCHF5
2599,54715,RBFOX1
2600,54737,MPHOSPH8
2601,54742,LY6K
2602,54754,NUTM2F
2603,54757,FAM20A
2604,54763,ROPN1
2605,54765,TRIM44
2606,54776,PPP1R12C
2607,54777,CFAP46
2608,54778,RNF111
2609,5478,PPIA
2610,54784,ALKBH4
2611,5479,PPIB
2612,54796,BNC2
2613,54808,DYM
2614,5481,PPID
2615,54812,AFTPH
2616,54815,GATAD2A
2617,54816,ZNF280D
2618,54820,NDE1
2619,54821,ERCC6L
2620,54822,TRPM7
2621,54823,SWT1
2622,54832,VPS13C
2623,54853,WDR55
2624,54858,PGPEP1
2625,548593,SLX1A
2626,54862,CC2D1A
2627,54872,PIGG
2628,54873,PALMD
2629,54875,CNTLN
2630,54878,DPP8
2631,54882,ANKHD1
2632,54883,CWC25
2633,54887,BLTP3A
2634,54893,MTMR10
2635,54896,SLC66A1
2636,54897,CASZ1
2637,549,AUH
2638,54901,CDKAL1
2639,54904,NSD3
2640,54915,YTHDF1
2641,54935,DUSP23
2642,54938,SARS2
2643,54949,SDHAF2
2644,54951,COMMD8
2645,54956,PARP16
2646,5496,PPM1G
2647,54960,GEMIN8
2648,54963,UCKL1
2649,54965,PIGX
2650,54968,TMEM70
2651,54973,INTS11
2652,54976,ADISSP
2653,54978,SLC35F6
2654,54981,NMRK1
2655,54984,PINX1
2656,54991,C1orf159
2657,54994,GID8
2658,54995,OXSM
2659,54997,TESC
2660,54998,AURKAIP1
2661,5500,PPP1CB
2662,55000,TUG1
2663,55001,TTC22
2664,55004,LAMTOR1
2665,55005,RMND1
2666,55006,TRMT61B
2667,55012,PPP2R3C
2668,55016,MARCHF1
2669,5502,PPP1R1A
2670,55020,TTC38
2671,55028,C17orf80
2672,55036,CCDC40
2673,55038,CDCA4
2674,5504,PPP1R2
2675,55048,VPS37C
2676,55052,MRPL20
2677,55061,SUSD4
2678,55063,ZCWPW1
2679,55068,ENOX1
2680,55069,TMEM248
2681,55071,C9orf40
2682,55079,FEZF2
2683,55082,ARGLU1
2684,55083,KIF26B
2685,55086,RADX
2686,55093,NTAQ1
2687,55095,SAMD4B
2688,55100,WDR70
2689,55102,ATG2B
2690,55103,RALGPS2
2691,55114,ARHGAP17
2692,55122,AKIRIN2
2693,55127,HEATR1
2694,55135,WRAP53
2695,55142,HAUS2
2696,5516,PPP2CB
2697,55160,ARHGEF10L
2698,55164,SHQ1
2699,55165,CEP55
2700,55167,MSL2
2701,55178,MRM3
2702,5518,PPP2R1A
2703,55183,RIF1
2704,55186,SLC25A36
2705,55193,PBRM1
2706,55196,RESF1
2707,55197,RPRD1A
2708,55210,ATAD3A
2709,55215,FANCI
2710,5522,PPP2R2C
2711,55222,LRRC20
2712,55231,CCDC87
2713,55233,MOB1A
2714,5524,PTPA
2715,5525,PPP2R5A
2716,55252,ASXL2
2717,55255,WDR41
2718,55260,TMEM143
2719,55268,ECHDC2
2720,55269,PSPC1
2721,55274,PHF10
2722,55276,PGM2
2723,55277,FGGY
2724,55278,QRSL1
2725,55282,LRRC36
2726,55286,C4orf19
2727,55288,RHOT1
2728,5531,PPP4C
2729,55311,ZNF444
2730,55315,SLC29A3
2731,55320,MIS18BP1
2732,55322,C5orf22
2733,55324,ABCF3
2734,55325,UFSP2
2735,5533,PPP3CC
2736,55330,BLOC1S4
2737,55334,SLC39A9
2738,55339,WDR33
2739,5534,PPP3R1
2740,55341,LSG1
2741,55342,STRBP
2742,55346,TCP11L1
2743,55352,COPRS
2744,55362,TMEM63B
2745,554,AVPR2
2746,554236,DPY19L2P1
2747,55425,GPALPP1
2748,55435,AP1AR
2749,55450,CAMK2N1
2750,55454,CSGALNACT2
2751,5550,PREP
2752,55502,HES6
2753,55508,SLC35E3
2754,55534,MAML3
2755,55539,KCNQ1DN
2756,55556,ENOSF1
2757,55568,GALNT10
2758,5557,PRIM1
2759,55571,CNOT11
2760,55577,NAGK
2761,55591,VEZT
2762,55602,CDKN2AIP
2763,5562,PRKAA1
2764,55625,ZDHHC7
2765,55632,G2E3
2766,55636,CHD7
2767,55646,LYAR
2768,55650,PIGV
2769,55651,NHP2
2770,55654,TMEM127
2771,55656,INTS8
2772,55657,ZNF692
2773,55658,RNF126
2774,5566,PRKACA
2775,55660,PRPF40A
2776,55666,NPLOC4
2777,55667,DENND4C
2778,5567,PRKACB
2779,55671,PPP4R3A
2780,55681,SCYL2
2781,55683,KANSL3
2782,55690,PACS1
2783,55693,KDM4D
2784,5570,PKIB
2785,55700,MAP7D1
2786,55701,ARHGEF40
2787,55704,CCDC88A
2788,5571,PRKAG1
2789,55714,TENM3
2790,55723,ASF1B
2791,55727,BTBD7
2792,55734,ZFP64
2793,55735,DNAJC11
2794,55738,ARFGAP1
2795,55743,CHFR
2796,55744,COA1
2797,55746,NUP133
2798,55748,CNDP2
2799,55749,CCAR1
2800,55751,TMEM184C
2801,55754,TMEM30A
2802,55757,UGGT2
2803,55758,RCOR3
2804,5576,PRKAR2A
2805,55760,DHX32
2806,55764,IFT122
2807,55765,INAVA
2808,55768,NGLY1
2809,5577,PRKAR2B
2810,55776,SAYSD1
2811,55785,FGD6
2812,55789,DEPDC1B
2813,55793,MINDY1
2814,55802,DCP1A
2815,55823,VPS11
2816,55825,PECR
2817,55829,SELENOS
2818,55830,GLT8D1
2819,55831,EMC3
2820,55835,CENPJ
2821,55840,EAF2
2822,55841,WWC3
2823,55845,BRK1
2824,55851,PSENEN
2825,55852,TEX2
2826,55854,ZC3H15
2827,55856,ACOT13
2828,55859,BEX1
2829,55860,ACTR10
2830,55872,PBK
2831,55884,WSB2
2832,55891,LENEP
2833,55920,RCC2
2834,55922,NKRF
2835,55924,INKA2
2836,5594,MAPK1
2837,55964,SEPTIN3
2838,55966,AJAP1
2839,55969,RAB5IF
2840,5597,MAPK6
2841,55972,SLC25A40
2842,55974,SLC50A1
2843,55975,KLHL7
2844,5599,MAPK8
2845,56005,MYDGF
2846,56006,SMG9
2847,5604,MAP2K1
2848,56061,UBFD1
2849,56063,TMEM234
2850,5607,MAP2K5
2851,5608,MAP2K6
2852,5609,MAP2K7
2853,56098,PCDHGC4
2854,5611,DNAJC3
2855,56159,TEX11
2856,56160,NSMCE3
2857,56164,STK31
2858,56171,DNAH7
2859,56204,ATOSA
2860,56254,RNF20
2861,56255,TMX4
2862,56256,SERTAD4
2863,56259,CTNNBL1
2864,56260,C8orf44
2865,56261,GPCPD1
2866,56262,LRRC8A
2867,56287,GKN1
2868,56339,METTL3
2869,56475,RPRM
2870,5649,RELN
2871,56547,MMP26
2872,5660,PSAP
2873,56650,CLDND1
2874,56652,TWNK
2875,56655,POLE4
2876,56659,KCNK13
2877,56662,VTRNA1-3
2878,56663,VTRNA1-2
2879,56664,VTRNA1-1
2880,56666,PANX2
2881,56675,NRIP3
2882,56681,SAR1A
2883,56731,SLC2A4RG
2884,5682,PSMA1
2885,56848,SPHK2
2886,56851,EMC7
2887,5688,PSMA7
2888,56888,KCMF1
2889,56889,TM9SF3
2890,56894,AGPAT3
2891,56895,AGPAT4
2892,56897,WRNIP1
2893,56899,ANKS1B
2894,56900,TMEM167B
2895,56903,PAPOLB
2896,56904,SH3GLB2
2897,56907,SPIRE1
2898,5691,PSMB3
2899,56913,C1GALT1
2900,56915,EXOSC5
2901,56926,NCLN
2902,56927,GPR108
2903,56928,SPPL2B
2904,56940,DUSP22
2905,56950,SMYD2
2906,56953,NT5M
2907,56957,OTUD7B
2908,56963,RGMA
2909,56984,PSMG2
2910,56986,DTWD1
2911,56992,KIF15
2912,56994,CHPT1
2913,56999,ADAMTS9
2914,5700,PSMC1
2915,5702,PSMC3
2916,57020,VPS35L
2917,57038,RARS2
2918,57057,TBX20
2919,57089,ENTPD7
2920,57092,PCNP
2921,57094,CPA6
2922,57099,AVEN
2923,571,BACH1
2924,57106,NAT14
2925,5711,PSMD5
2926,57110,PLAAT1
2927,57111,RAB25
2928,57117,INTS12
2929,5713,PSMD7
2930,57132,CHMP1B
2931,57140,RNPEPL1
2932,57148,RALGAPB
2933,5715,PSMD9
2934,57152,SLURP1
2935,57154,SMURF1
2936,57168,ASPHD2
2937,57169,ZNFX1
2938,57178,ZMIZ1
2939,57189,DENND11
2940,57194,ATP10A
2941,57205,ATP10D
2942,57211,ADGRG6
2943,57221,ARFGEF3
2944,57231,SNX14
2945,57332,CBX8
2946,57335,ZNF286A
2947,57343,ZNF304
2948,57396,CLK4
2949,574029,DUSP5P1
2950,57406,ABHD6
2951,57409,MIF4GD
2952,57415,CEP15
2953,57449,PLEKHG5
2954,57451,TENM2
2955,57452,GALNT16
2956,57456,KIAA1143
2957,57463,AMIGO1
2958,57464,STRIP2
2959,57466,SCAF4
2960,5747,PTK2
2961,57473,ZNF512B
2962,57474,ZNF490
2963,57478,USP31
2964,57481,KIAA1210
2965,57488,ESYT2
2966,57496,MRTFB
2967,57497,LRFN2
2968,57506,MAVS
2969,57510,XPO5
2970,57515,SERINC1
2971,57520,HECW2
2972,57524,CASKIN1
2973,57531,HACE1
2974,57535,ELAPOR1
2975,57537,SORCS2
2976,57539,WDR35
2977,57540,DISP3
2978,57542,KLHL42
2979,57552,NCEH1
2980,57560,IFT80
2981,57561,ARRDC3
2982,57563,KLHL8
2983,5757,PTMA
2984,57570,TRMT5
2985,57573,ZNF471
2986,57575,PCDH10
2987,57577,CCDC191
2988,57578,UNC79
2989,57591,MRTFA
2990,57592,ZNF687
2991,57597,BAHCC1
2992,576,ADGRB2
2993,57602,USP36
2994,57605,PITPNM2
2995,57616,TSHZ3
2996,57620,STIM2
2997,57621,ZBTB2
2998,57623,ZFAT
2999,57634,EP400
3000,57643,ZSWIM5
3001,57644,MYH7B
3002,57645,POGK
3003,57646,USP28
3004,57648,NHSL3
3005,57649,PHF12
3006,57650,CIP2A
3007,57654,UVSSA
3008,57655,GRAMD1A
3009,57659,ZBTB4
3010,57666,FBRSL1
3011,57669,EPB41L5
3012,57674,RNF213
3013,57683,ZDBF2
3014,57688,ZSWIM6
3015,57695,USP37
3016,5770,PTPN1
3017,57708,MIER1
3018,5771,PTPN2
3019,57711,ZNF529
3020,57716,PRX
3021,57720,GPR107
3022,57724,EPG5
3023,57727,NCOA5
3024,57732,ZFYVE28
3025,5774,PTPN3
3026,57763,ANKRA2
3027,57794,SUGP1
3028,57799,RAB40C
3029,5780,PTPN9
3030,57801,HES4
3031,57834,CYP4F11
3032,57862,ZNF410
3033,5793,PTPRG
3034,5795,PTPRJ
3035,5796,PTPRK
3036,5797,PTPRM
3037,5802,PTPRS
3038,581,BAX
3039,5813,PURA
3040,5814,PURB
3041,5818,NECTIN1
3042,58191,CXCL16
3043,5820,PVT1
3044,5825,ABCD3
3045,5830,PEX5
3046,5831,PYCR1
3047,58476,TP53INP2
3048,58478,ENOPH1
3049,58480,RHOU
3050,58485,TRAPPC1
3051,58487,CREBZF
3052,58490,RPRD1B
3053,58493,INIP
3054,58497,PRUNE1
3055,58506,SCAF1
3056,58515,SELENOK
3057,58516,SINHCAF
3058,58517,RBM25
3059,58525,WIZ
3060,58528,RRAGD
3061,5861,RAB1A
3062,5865,RAB3B
3063,5874,RAB27B
3064,5875,RABGGTA
3065,5878,RAB5C
3066,5879,RAC1
3067,5883,RAD9A
3068,5886,RAD23A
3069,5887,RAD23B
3070,58985,IL22RA1
3071,5901,RAN
3072,5902,RANBP1
3073,5903,RANBP2
3074,5905,RANGAP1
3075,5925,RB1
3076,5927,KDM5A
3077,59271,EVA1C
3078,59274,TLNRD1
3079,5928,RBBP4
3080,5931,RBBP7
3081,59338,PLEKHA1
3082,59345,GNB4
3083,5950,RBP4
3084,5955,RCN2
3085,5971,RELB
3086,5976,UPF1
3087,5978,REST
3088,5980,REV3L
3089,5989,RFX1
3090,5990,RFX2
3091,5991,RFX3
3092,5993,RFX5
3093,5994,RFXAP
3094,5997,RGS2
3095,60,ACTB
3096,6006,RHCE
3097,6018,RLF
3098,6036,RNASE2
3099,6037,RNASE3
3100,60370,AVPI1
3101,6045,RNF2
3102,60468,BACH2
3103,6047,RNF4
3104,60492,CCDC90B
3105,60496,AASDHPPT
3106,60509,AGBL5
3107,60526,LDAH
3108,60559,SPCS3
3109,60673,ATG101
3110,60674,GAS5
3111,60675,PROK2
3112,60685,ZFAND3
3113,6095,RORA
3114,6100,RP9
3115,6117,RPA1
3116,6118,RPA2
3117,613209,DEFB135
3118,6133,RPL9
3119,6136,RPL12
3120,6137,RPL13
3121,6150,MRPL23
3122,6152,RPL24
3123,6155,RPL27
3124,6158,RPL28
3125,6166,RPL36AL
3126,6167,RPL37
3127,6170,RPL39
3128,6181,RPLP2
3129,6182,MRPL12
3130,619208,FAM229B
3132,619553,MIR484
3133,619571,SNORD96A
3134,6198,RPS6KB1
3135,6201,RPS7
3136,6202,RPS8
3137,6204,RPS10
3138,6207,RPS13
3139,6209,RPS15
3140,6217,RPS16
3141,6227,RPS21
3142,6234,RPS28
3143,6235,RPS29
3144,6237,RRAS
3145,6249,CLIP1
3146,6259,RYK
3147,627,BDNF
3148,6272,SORT1
3149,6277,S100A6
3150,6284,S100A13
3151,6294,SAFB
3152,6305,SBF1
3153,6307,MSMO1
3154,6309,SC5D
3155,6317,SERPINB3
3156,6322,SCML1
3157,6324,SCN1B
3158,6334,SCN8A
3159,6351,CCL4
3160,6358,CCL14
3161,636,BICD1
3162,63826,SRR
3163,63875,MRPL17
3164,6388,SDF2
3165,6389,SDHA
3166,63892,THADA
3167,63893,UBE2O
3168,63894,VIPAS39
3169,63897,HEATR6
3170,63899,NSUN3
3171,63915,BLOC1S5
3172,63917,GALNT11
3173,6392,SDHD
3174,63922,CHTF18
3175,63929,XPNPEP3
3176,63933,MCUR1
3177,63934,ZNF667
3178,63939,FAM217B
3179,63971,KIF13A
3180,63976,PRDM16
3181,6400,SEL1L
3182,6405,SEMA3F
3183,64061,TSPYL2
3184,64078,SLC28A3
3185,64083,GOLPH3
3186,64084,CLSTN2
3187,64087,MCCC2
3188,64105,CENPK
3189,64112,MOAP1
3190,64115,VSIR
3191,64118,DUS1L
3192,64122,FN3K
3193,641367,CCNYL6
3194,64145,RBSN
3195,64146,PDF
3196,64147,KIF9
3197,641649,TMEM91
3198,64175,P3H1
3199,641977,SEPTIN7P2
3200,64207,IRF2BPL
3201,64208,POPDC3
3202,6422,SFRP1
3203,64224,HERPUD2
3204,64225,ATL2
3205,642366,ISL1-DT
3206,642597,AKAIN1
3207,6426,SRSF1
3208,642658,SCX
3209,6427,SRSF2
3210,6428,SRSF3
3211,642852,LINC00205
3212,642938,INSYN2A
3213,642946,FLVCR1-DT
3214,6431,SRSF6
3215,643161,FAM25A
3216,64318,NOC3L
3217,643180,CCT6P3
3218,643201,CEP192P1
3219,643253,CCT6P1
3220,64326,COP1
3221,64327,LMBR1
3222,64328,XPO4
3224,643332,RNASE2CP
3225,64342,HS1BP3
3226,643641,ZNF862
3227,643650,LINC00842
3228,643669,CCER2
3229,643723,LYPLAL1-DT
3230,643749,TRAF3IP2-AS1
3231,64377,CHST8
3232,643770,LINC02453
3233,64395,GMCL1
3234,64398,PALS1
3235,643988,FNDC10
3236,64403,CDH24
3237,64409,GALNT17
3238,644096,SDHAF1
3239,64412,GZF1
3240,644168,DRGX
3241,64426,SUDS3
3242,64428,CIAO3
3243,64432,MRPS25
3244,64434,NOM1
3245,644554,LOC644554
3246,644656,LOC644656
3247,644694,CDRT15P2
3248,644815,FAM83G
3249,644838,LINC01829
3250,644873,SLC12A2-DT
3251,6449,SGTA
3252,64499,TPSB2
3253,6450,SH3BGR
3254,64518,TEKT3
3255,645191,LINGO3
3256,645212,EIF3J-DT
3257,645249,MNX1-AS1
3258,645431,FUT8-AS1
3259,6455,SH3GL1
3260,645513,SEPTIN7P14
3261,645784,ANKRD36BP2
3262,64579,NDST4
3263,64581,CLEC7A
3264,64582,GPR135
3265,64598,MOSPD3
3266,645996,NAP1L6P
3267,646,BNC1
3268,646019,CBY3
3269,646074,POM121L10P
3270,646324,LINC00607
3271,646603,C4orf51
3272,646626,BCL10-AS1
3273,646719,NIPBL-DT
3274,646903,LOC646903
3275,64693,CTAGE1
3276,64699,TMPRSS3
3277,647087,STMP1
3278,64710,NUCKS1
3279,64714,PDIA2
3280,647310,TEX22
3281,64755,RUSF1
3282,64764,CREB3L2
3283,64766,S100PBP
3284,64768,IPPK
3285,64769,MEAF6
3286,64771,ILRUN
3287,64772,ENGASE
3288,64777,RMND5B
3289,64779,MTHFSD
3290,6478,SIAH2
3291,64781,CERK
3292,64792,IFT22
3293,64793,CEP85
3294,64795,RMND5A
3295,64799,IQCH
3296,64800,EFCAB6
3297,64839,FBXL17
3298,64840,PORCN
3299,64843,ISL2
3300,64848,YTHDC2
3301,64852,TUT1
3302,64858,DCLRE1B
3303,64863,METTL4
3304,6489,ST8SIA1
3305,6491,STIL
3306,64927,TTC23
3307,64968,MRPS6
3308,6497,SKI
3309,64975,MRPL41
3310,64979,MRPL36
3311,6498,SKIL
3312,6500,SKP1
3313,65009,NDRG4
3314,6502,SKP2
3315,65057,ACD
3316,65059,RAPH1
3317,65078,RTN4R
3318,650794,MIPEPP3
3319,6508,SLC4A3
3320,65084,TMEM135
3321,65094,JMJD4
3322,65095,KRI1
3323,65124,SOWAHC
3324,651430,FLJ38576
3325,6521,SLC4A1
3326,6522,SLC4A2
3327,65244,SPATS2
3328,6526,SLC5A3
3329,65260,COA7
3330,65263,PYCR3
3331,65265,C8orf33
3332,65266,WNK4
3333,653238,GTF2H2B
3334,6533,SLC6A6
3335,653308,ASAH2B
3336,653479,MRPL45P2
3337,653483,AFDN-DT
3338,653489,RGPD3
3339,653499,LGALS7B
3340,653513,LOC653513
3341,653784,MZT2A
3342,6541,SLC7A1
3343,654254,ZNF732
3344,654342,LSP1P4
3345,654364,NME1-NME2
3346,654463,FER1L6
3347,6545,SLC7A4
3348,6557,SLC12A1
3349,6558,SLC12A2
3350,6566,SLC16A1
3351,6572,SLC18A3
3352,6574,SLC20A1
3353,6585,SLIT1
3354,6586,SLIT3
3355,6588,SLN
3356,659,BMPR2
3357,6595,SMARCA2
3358,6597,SMARCA4
3359,65983,GRAMD2B
3360,6599,SMARCC1
3361,65990,ANTKMT
3362,65991,FUNDC2
3363,65997,RASL11B
3364,65998,ZFTA
3365,66037,BOLL
3366,661,POLR3D
3367,6610,SMPD2
3368,6611,SMS
3369,6612,SUMO3
3370,6613,SUMO2
3371,6616,SNAP25
3372,6617,SNAPC1
3373,6627,SNRPA1
3374,6633,SNRPD2
3375,664,BNIP3
3376,6643,SNX2
3377,6647,SOD1
3378,665,BNIP3L
3379,6650,CAPN15
3380,6653,SORL1
3381,6654,SOS1
3382,6655,SOS2
3383,6660,SOX5
3384,6666,SOX12
3385,6668,SP2
3386,667,DST
3387,6675,UAP1
3388,6676,SPAG4
3389,668,FOXL2
3390,6683,SPAST
3391,6687,SPG7
3392,6695,SPOCK1
3393,6708,SPTA1
3394,6709,SPTAN1
3395,6713,SQLE
3396,6715,SRD5A1
3397,6717,SRI
3398,6718,AKR1D1
3399,6721,SREBF2
3400,6723,SRM
3401,6729,SRP54
3402,6738,RO60
3403,6744,ITPRID2
3404,6745,SSR1
3405,6747,SSR3
3406,675,BRCA2
3407,6752,SSTR2
3408,6754,SSTR4
3409,6764,DENND2B
3410,6772,STAT1
3411,6773,STAT2
3412,6777,STAT5B
3413,677769,SCARNA17
3414,677779,LINC00488
3415,677805,SNORA18
3416,677842,SNORA50C
3417,677844,SNORA78
3418,678,ZFP36L2
3419,6785,ELOVL4
3420,6786,STIM1
3421,6789,STK4
3422,6791,AURKAP1
3423,6792,CDKL5
3424,6793,STK10
3425,6794,STK11
3426,6810,STX4
3427,6814,STXBP3
3428,6830,SUPT6H
3429,6834,SURF1
3430,6838,SURF6
3431,6843,VAMP1
3432,6844,VAMP2
3433,6853,SYN1
3434,6855,SYP
3435,686,BTD
3436,6862,TBXT
3437,6869,TACR1
3438,6874,TAF4
3439,6875,TAF4B
3440,6879,TAF7
3441,6881,TAF10
3442,6883,TAF12
3443,6884,TAF13
3444,6886,TAL1
3445,6888,TALDO1
3446,6894,TARBP1
3447,6904,TBCD
3448,6905,TBCE
3449,6907,TBL1X
3450,6911,TBX6
3451,6916,TBXAS1
3452,692094,MSMP
3453,693133,MIR550A1
3454,693134,MIR550A2
3455,693160,MIR575
3456,693176,MIR591
3457,693181,MIR596
3458,693217,MIR632
3459,693221,MIR636
3460,693222,MIR637
3461,693235,MIR92B
3462,6935,ZEB1
3463,6936,GCFC2
3464,6988,TCTA
3465,699,BUB1
3466,6991,DYNLT2
3467,7001,PRDX2
3468,7003,TEAD1
3469,7007,TECTA
3470,7012,TERC
3471,7023,TFAP4
3472,7027,TFDP1
3473,7046,TGFBR1
3474,7048,TGFBR2
3475,7072,TIA1
3476,708,C1QBP
3477,7082,TJP1
3478,7088,TLE1
3479,7102,TSPAN7
3480,7107,GPR137B
3481,7109,TRAPPC10
3482,7110,TMF1
3483,7112,TMPO
3484,713,C1QB
3485,714,C1QC
3486,7150,TOP1
3487,7155,TOP2B
3488,7159,TP53BP2
3489,7163,TPD52
3490,7165,TPD52L2
3491,7167,TPI1
3492,7168,TPM1
3493,7172,TPMT
3494,7177,TPSAB1
3495,7178,TPT1
3496,7182,NR2C2
3497,7185,TRAF1
3498,7187,TRAF3
3499,7204,TRIO
3500,7205,TRIP6
3501,7220,TRPC1
3502,7227,TRPS1
3503,724102,SNHG4
3504,7249,TSC2
3505,7257,TSNAX
3506,7264,GFUS
3507,7265,TTC1
3508,7267,TTC3
3509,7274,TTPA
3510,727866,FAM156B
3511,727936,GXYLT2
3512,7280,TUBB2A
3513,728012,MCHR2-AS1
3515,728194,RSPH10B2
3516,728233,PI4KAP1
3517,728323,LINC01881
3518,728340,GTF2H2C
3519,7284,TUFM
3521,728407,PARGP1
3522,728489,DNLZ
3523,728558,ENTPD1-AS1
3524,728613,PDCD6P1
3525,728621,CCDC30
3526,728642,CDK11A
3527,728743,LOC728743
3528,729013,ZBED5-AS1
3529,729082,OIP5-AS1
3530,729092,AGAP5
3531,729096,BMS1P4
3532,729121,RGPD4-AS1
3533,729156,GTF2IRD1P1
3534,729420,LMO7DN
3535,729438,CASTOR2
3536,729614,SPEN-AS1
3537,729627,PRR23A
3538,7297,TYK2
3539,729852,UMAD1
3540,729920,CRPPA
3541,729966,CIST1
3542,729975,LINC01530
3543,730091,LINC00886
3544,730092,RRN3P1
3545,7301,TYRO3
3546,730102,CRYZL2P
3547,730198,MEIS1-AS3
3548,7307,U2AF1
3549,7311,UBA52
3550,731223,LINC01220
3551,731275,LINC01347
3552,7319,UBE2A
3553,7323,UBE2D3
3554,7325,UBE2E2
3555,7326,UBE2G1
3556,7327,UBE2G2
3557,7328,UBE2H
3558,7329,UBE2I
3559,7334,UBE2N
3560,7336,UBE2V2
3561,7345,UCHL1
3562,7347,UCHL3
3563,7351,UCP2
3564,7358,UGDH
3565,7375,USP4
3566,7378,UPP1
3567,7384,UQCRC1
3568,7388,UQCRH
3569,7392,USF2
3570,7398,USP1
3571,7403,KDM6A
3572,741,ZNHIT2
3573,7415,VCP
3574,7424,VEGFC
3575,7436,VLDLR
3576,7453,WARS1
3577,7458,EIF4H
3578,7465,WEE1
3579,7468,NSD2
3580,7469,NELFA
3581,747,DAGLA
3582,7473,WNT3
3583,7477,WNT7B
3584,7481,WNT11
3585,7485,GET1
3586,7494,XBP1
3587,751071,CSKMT
3588,7515,XRCC1
3589,7516,XRCC2
3590,7517,XRCC3
3591,7520,XRCC5
3592,7528,YY1
3593,7531,YWHAE
3594,7533,YWHAH
3595,7539,ZFP37
3596,754,PTTG1IP
3597,7542,ZFPL1
3598,7543,ZFX
3599,7545,ZIC1
3600,7547,ZIC3
3601,7552,ZNF711
3602,7555,CNBP
3603,7556,ZNF10
3604,7567,ZNF19
3605,7569,ZNF182
3606,7571,ZNF23
3607,7582,ZNF33B
3608,7593,MZF1
3609,7625,ZNF74
3610,7627,ZNF75A
3611,767,CA8
3612,7675,ZNF121
3613,7678,ZNF124
3614,768097,HAR1B
3615,768212,MIR758
3616,7691,ZNF132
3617,7697,ZNF138
3618,7702,ZNF143
3619,7707,ZNF148
3620,7712,ZNF157
3621,7727,ZNF174
3622,7728,ZNF175
3623,7738,ZNF184
3624,7743,ZNF189
3625,7753,ZNF202
3626,7756,ZNF207
3627,7761,ZNF214
3628,7762,ZNF215
3629,7763,ZFAND5
3630,7776,ZNF236
3631,7780,SLC30A2
3632,7782,SLC30A4
3633,780776,TVP23A
3634,7813,EVI5
3635,783,CACNB2
3636,7840,ALMS1
3637,7850,IL1R2
3638,7871,SLMAP
3639,7874,USP7
3640,78996,CYREN
3641,78998,RHPN1-AS1
3642,79000,AUNIP
3643,79003,MIS12
3644,79006,METRN
3645,79018,GID4
3646,79022,TMEM106C
3647,79023,NUP37
3648,79033,ERI3
3649,79048,SECISBP2
3650,79050,NOC4L
3651,79053,ALG8
3652,79072,FASTKD3
3653,79074,C2orf49
3654,79075,DSCC1
3655,79088,ZNF426
3656,79089,TMUB2
3657,79094,CHAC1
3658,79101,TAF1D
3659,7913,DEK
3660,79134,TMEM185B
3661,79137,RETREG2
3662,79139,DERL1
3663,7915,ALDH5A1
3664,79156,PLEKHF1
3665,79169,C1orf35
3666,79171,RBM42
3667,79172,CENPO
3668,79173,BRME1
3669,79177,ZNF576
3670,79180,EFHD2
3671,79192,IRX1
3672,79364,ZXDC
3673,79369,B3GNT4
3674,79411,GLB1L
3675,79415,CYBC1
3676,79441,HAUS3
3677,79446,WDR25
3678,79447,PAGR1
3679,79571,GCC1
3680,79577,CDC73
3681,79581,SLC52A2
3682,79583,TMEM231
3683,79587,CARS2
3684,79595,SAP130
3685,796,CALCA
3686,79600,TCTN1
3687,79602,ADIPOR2
3688,79608,RIC3
3689,79609,VCPKMT
3690,79612,NAA16
3691,79631,EFL1
3692,79637,ARMC7
3693,79643,CHMP6
3694,79644,SRD5A3
3695,79648,MCPH1
3696,79657,RPAP3
3697,79673,ZNF329
3698,79682,CENPU
3699,79683,ZDHHC14
3700,79684,MSANTD2
3701,797,CALCB
3702,79705,LRRK1
3703,79709,COLGALT1
3704,79710,MORC4
3705,79712,GTDC1
3706,79717,PPCS
3707,79718,TBL1XR1
3708,79720,VPS37B
3709,79723,SUV39H2
3710,79726,WDR59
3711,79728,PALB2
3712,79746,ECHDC3
3713,79750,ZNF385D
3714,79754,ASB13
3715,7976,FZD3
3716,79762,C1orf115
3717,79768,KATNBL1
3718,79777,ACBD4
3719,79789,CLMN
3720,79791,FBXO31
3721,79794,SPRING1
3722,79807,GSTCD
3723,79811,SLTM
3724,79813,EHMT1
3725,79829,NAA40
3726,79833,GEMIN6
3727,79834,PEAK1
3728,79837,PIP4K2C
3729,79839,CCDC102B
3730,79843,FAM124B
3731,79847,MFSD13A
3732,79850,TLCD3A
3733,79854,LINC00115
3734,79857,FLJ13224
3735,79862,ZNF669
3736,79863,RBFA
3737,79866,BORA
3738,79869,CPSF7
3739,79874,RABEP2
3740,79886,CAAP1
3741,79906,MORN1
3742,79913,ACTR5
3743,79932,KIAA0319L
3744,79934,COQ8B
3745,79937,CNTNAP3
3746,79939,SLC35E1
3747,79954,NOL10
3748,79955,PDZD7
3749,79956,ERMP1
3750,79957,PAQR6
3751,79962,DNAJC22
3752,79966,SCD5
3753,79970,ZNF767P
3754,79980,DSN1
3755,80000,GREB1L
3756,80007,C10orf88
3757,8001,GLRA3
3758,80010,RMI1
3759,80018,NAA25
3760,80071,CCDC15
3761,80072,HEXA-AS1
3762,801,CALM1
3763,80110,ZNF614
3764,80114,BICC1
3765,80117,ARL14
3766,80127,BBOF1
3767,80129,CCDC170
3768,8013,NR4A3
3769,80139,ZNF703
3770,80145,THOC7
3771,80146,UXS1
3772,80148,SLC66A2
3773,80149,ZC3H12A
3774,80164,PRR36
3775,80167,ABHD18
3776,80176,SPSB1
3777,80179,MYO19
3778,80184,CEP290
3779,8019,BRD3
3780,80196,RNF34
3781,8021,NUP214
3782,80213,TM2D3
3783,80215,RUNX1-IT1
3784,80219,COQ10B
3785,80228,ORAI2
3786,80230,RUFY1
3787,80235,PIGZ
3788,80243,PREX2
3789,80262,PHAF1
3790,80263,TRIM45
3791,80271,ITPKC
3792,8028,MLLT10
3793,80298,MTERF2
3794,80303,EFHD1
3795,80316,PPP1R2C
3796,80325,ABTB1
3797,80326,WNT10A
3798,80328,ULBP2
3799,80329,ULBP1
3800,80335,WDR82
3801,80349,SKIC8
3802,80351,TNKS2
3803,8038,ADAM12
3804,805,CALM2
3805,8050,PDHX
3806,80724,ACAD10
3807,80725,SRCIN1
3808,80728,ARHGAP39
3809,80746,TSEN2
3810,80764,THAP7
3811,80772,CPTP
3812,80778,ZNF34
3813,808,CALM3
3814,80816,ASXL3
3815,80823,GPRASP3
3816,80824,DUSP16
3817,80829,ZFP91
3818,80853,KDM7A
3819,80854,SETD7
3820,80856,LNPK
3821,8099,CDK2AP1
3822,81,ACTN4
3823,81037,CLPTM1L
3824,8115,TCL1A
3825,8128,ST8SIA2
3826,813,CALU
3827,8131,NPRL3
3828,8139,GAN
3829,81399,OR4F16
3830,81502,HM13
3831,81533,ITFG1
3832,81544,GDPD5
3833,81550,TDRD3
3834,81552,VOPP1
3835,81558,FAM117A
3836,81559,TRIM11
3837,81565,NDEL1
3838,81567,TXNDC5
3839,81602,CDADC1
3840,81606,LBH
3841,81610,FAM83D
3842,81614,NIPA2
3843,81618,ITM2C
3844,81620,CDT1
3845,81629,TSSK3
3846,8165,AKAP1
3847,81669,CCNL2
3848,8175,SF3A2
3849,8178,ELL
3850,81790,RNF170
3851,81794,ADAMTS10
3852,81831,NETO2
3853,81832,NETO1
3854,81833,SPACA1
3855,81839,VANGL1
3856,8187,ZNF239
3857,81875,ISG20L2
3858,81876,RAB1B
3859,81887,LAS1L
3860,81889,FAHD1
3861,81928,CABLES2
3862,81929,SEH1L
3863,8193,DPF1
3864,81930,KIF18A
3865,8195,MKKS
3866,821,CANX
3867,8220,ESS2
3868,8226,PUDP
3869,8243,SMC1A
3870,8260,NAA10
3871,8266,UBL4A
3872,827,CAPN6
3873,8273,SLC10A3
3874,8303,SNN
3875,8310,ACOX3
3876,8312,AXIN1
3877,8315,BRAP
3878,8317,CDC7
3879,832,CAPZB
3880,8321,FZD1
3881,833,CARS1
3882,83401,ELOVL3
3883,8342,H2BC14
3884,83444,INO80B
3885,83446,CCDC70
3886,83447,SLC25A31
3887,83452,RAB33B
3888,83460,EMC6
3889,83463,MXD3
3890,83473,KATNAL2
3891,8349,H2BC21
3892,83538,ODAD4
3893,83541,FAM110A
3894,83546,RTBDN
3895,83550,GPR101
3896,83595,SOX7
3897,83606,GUCD1
3898,83607,AMMECR1L
3899,83636,C19orf12
3900,8364,H4C3
3901,83642,SELENOO
3902,83648,FAM167A
3903,8365,H4C8
3904,8366,H4C2
3905,83667,SESN2
3906,8367,H4C5
3907,83693,HSDL1
3908,837,CASP4
3909,83715,ESPN
3910,83746,L3MBTL2
3911,83759,RBM4B
3912,83786,FRMD8
3913,8379,MAD1L1
3914,83850,ESYT3
3915,83853,ROPN1L
3916,83855,KLF16
3917,83858,ATAD3B
3918,83861,RSPH3
3919,83869,TTTY14
3920,83877,TM2D2
3921,83889,WDR87
3922,83903,HASPIN
3923,83932,SPRTN
3924,83939,EIF2A
3925,83940,TATDN1
3926,83941,TM2D1
3927,8395,PIP5K1B
3928,83985,SPNS1
3929,83992,CTTNBP2
3930,840,CASP7
3931,84000,TMPRSS13
3932,84002,B3GNT5
3933,84058,WDR54
3934,84067,FHIP1B
3935,84068,SLC10A7
3936,84079,ANKRD27
3937,84085,FBXO30
3938,8411,EEA1
3939,84124,ZNF394
3940,84126,ATRIP
3941,84132,USP42
3942,84133,ZNRF3
3943,84138,SLC7A6OS
3944,84154,RPF2
3945,84167,C19orf44
3946,84174,SLA2
3947,84188,FAR1
3948,84190,METTL25
3949,84191,CIAO2A
3950,84196,USP48
3951,842,CASP9
3952,84206,MEX3B
3953,84216,TMEM117
3954,84223,IQCG
3955,84225,ZMYND15
3956,84230,LRRC8C
3957,84231,TRAF7
3958,84232,MAF1
3959,84247,RTL6
3960,84254,CAMKK1
3961,84256,FLYWCH1
3962,84262,PSMG3
3963,84263,HSDL2
3964,84268,RPAIN
3965,84269,CHCHD5
3966,84274,COQ5
3967,84275,SLC25A33
3968,84277,DNAJC30
3969,84278,MFSD14CP
3970,84284,NTPCR
3971,84286,TMEM175
3972,84289,ING5
3973,84294,UTP23
3974,84301,DDI2
3975,84303,CHCHD6
3976,84304,NUDT22
3977,84309,NUDT16L1
3978,84311,MRPL45
3979,84314,TMEM107
3980,84320,ACBD6
3981,84327,ZBED3
3982,84333,PCGF5
3983,84334,COA8
3984,84337,ELOF1
3985,84342,COG8
3986,84365,NIFK
3987,84376,HOOK3
3988,8439,NSMAF
3989,8440,NCK2
3990,84419,C15orf48
3991,84436,ZNF528
3992,84437,MSANTD4
3993,8444,DYRK3
3994,8445,DYRK2
3995,84455,EFCAB7
3996,84457,PHYHIPL
3997,84458,LCOR
3998,84460,ZMAT1
3999,84461,NEURL4
4000,84464,SLX4
4001,84466,MEGF10
4002,8447,DOC2B
4003,84498,FAM120B
4004,84503,ZNF527
4005,84504,NKX6-2
4006,8451,CUL4A
4007,84520,GON7
4008,84536,LINC01547
4009,84549,MAK16
4010,8455,ATRN
4011,84553,FAXC
4012,84569,LYZL1
4013,84570,COL25A1
4014,8460,TPST1
4015,84612,PARD6B
4016,84614,ZBTB37
4017,84616,KRTAP4-4
4018,84617,TUBB6
4019,84619,ZGPAT
4020,8462,KLF11
4021,84622,ZNF594
4022,8464,SUPT3H
4023,84645,C22orf23
4024,84656,GLYR1
4025,84669,USP32
4026,8467,SMARCA5
4027,8468,FKBP6
4028,84705,GTPBP3
4029,84706,GPT2
4030,84717,HDGFL2
4031,84725,PLEKHA8
4032,84726,PRRC2B
4033,8473,OGT
4034,84733,CBX2
4035,84735,CNDP1
4036,84771,DDX11L2
4037,8481,OFD1
4038,84823,LMNB2
4039,84833,ATP5MK
4040,84866,TMEM25
4041,84872,ZC3H10
4042,84876,ORAI1
4043,84888,SPPL2A
4044,84889,SLC7A3
4045,84893,FBH1
4046,84896,ATAD1
4047,84899,TMTC4
4048,8490,RGS5
4049,8491,MAP4K3
4050,84912,SLC35B4
4051,84916,UTP4
4052,84919,PPP1R15B
4053,84924,ZNF566
4054,84925,SLC49A4
4055,84929,FIBCD1
4056,8493,PPM1D
4057,84935,MEDAG
4058,84939,PWWP3A
4059,84944,MAEL
4060,84946,LTV1
4061,84948,TIGD5
4062,84957,RELT
4063,84967,LSM10
4064,84973,SNHG7
4065,84976,DISP1
4066,8498,RANBP3
4067,84986,ARHGAP19
4068,84987,COX14
4069,84993,UBL7
4070,8500,PPFIA1
4071,85009,MGC16025
4072,8501,SLC43A1
4073,85026,ARRDC1-AS1
4074,85028,SNHG12
4075,8506,CNTNAP1
4076,8517,IKBKG
4077,8518,ELP1
4078,8520,HAT1
4079,8522,GAS7
4080,8530,CST7
4081,85302,FBF1
4082,8531,YBX3
4083,85313,PPIL4
4084,85315,PAQR8
4085,8532,CPZ
4086,8535,CBX4
4087,85352,SHISAL1
4088,85358,SHANK3
4089,85360,SYDE1
4090,85378,TUBGCP6
4091,8538,BARX2
4092,85395,SLX9
4093,8540,AGPS
4094,85416,ZIC5
4095,85437,ZCRB1
4096,85453,TSPYL5
4097,85457,CIPC
4098,85459,CEP295
4099,85460,ZNF518B
4100,85461,TANC1
4101,85465,SELENOI
4102,85474,LBX2
4103,8555,CDC14B
4104,8562,DENR
4105,8565,YARS1
4106,8566,PDXK
4107,8568,RRP1
4108,8602,NOP14
4109,8604,SLC25A12
4110,8614,STC2
4111,862,RUNX1T1
4112,8622,PDE8B
4113,8624,PSMG1
4114,8625,RFXANK
4115,8636,SSNA1
4116,864,RUNX3
4117,865,CBFB
4118,8650,NUMB
4119,8655,DYNLL1
4120,8658,TNKS
4121,8659,ALDH4A1
4122,866,SERPINA6
4123,8660,IRS2
4124,8661,EIF3A
4125,8664,EIF3D
4126,8667,EIF3H
4127,867,CBL
4128,8671,SLC4A4
4129,8672,EIF4G3
4130,8674,VAMP4
4131,8676,STX11
4132,8720,MBTPS1
4133,8721,EDF1
4134,8724,SNX3
4135,8727,CTNNAL1
4136,873,CBR1
4137,8731,RNMT
4138,8732,RNGTT
4139,874,CBR3
4140,8742,TNFSF12
4141,8744,TNFSF9
4142,8745,ADAM23
4143,875,CBS
4144,8751,ADAM15
4145,8754,ADAM9
4146,8760,CDS2
4147,8761,PABPC4
4148,8773,SNAP23
4149,8786,RGS11
4150,8788,DLK1
4151,8789,FBP2
4152,8803,SUCLA2
4153,8816,DCAF5
4154,8819,SAP30
4155,8824,CES2
4156,8828,NRP2
4157,883,KYAT1
4158,8844,KSR1
4159,8851,CDK5R1
4160,8853,ASAP2
4161,8861,LDB1
4162,8863,PER3
4163,88745,RRP36
4164,8878,SQSTM1
4165,8884,SLC5A6
4166,8892,EIF2B2
4167,8894,EIF2S2
4168,8896,BUD31
4169,8905,AP1S2
4170,8908,GYG2
4171,8912,CACNA1H
4172,8913,CACNA1G
4173,8916,HERC3
4174,8924,HERC2
4175,8927,BSN
4176,8938,BAIAP3
4177,8939,FUBP3
4178,8943,AP3D1
4179,8973,CHRNA6
4180,8975,USP13
4181,89758,LINC01621
4182,8976,WASL
4183,89765,RSPH1
4184,89781,HPS4
4185,89782,LMLN
4186,89845,ABCC10
4187,89848,FCHSD1
4188,8986,RPS6KA4
4189,89866,SEC16B
4190,8988,HSPB3
4191,89884,LHX4
4192,89886,SLAMF9
4193,89887,ZNF628
4194,8989,TRPA1
4195,89894,TMEM116
4196,89941,RHOT2
4197,89978,DPH6
4198,90,ACVR1
4199,9001,HAP1
4200,90120,TMEM250
4201,90135,BTBD6
4202,9016,SLC25A14
4203,90203,SNX21
4204,90204,ZSWIM1
4205,9021,SOCS3
4206,90226,UCN2
4207,9023,CH25H
4208,90249,UNC5A
4209,90268,OTULIN
4210,9028,RHBDL1
4211,90313,TP53I13
4212,90316,TGIF2LX
4213,90321,ZNF766
4214,90378,SAMD1
4215,90379,DCAF15
4216,9040,UBE2M
4217,90427,BMF
4218,9043,SPAG9
4219,9044,BTAF1
4220,9045,RPL14
4221,90485,ZNF835
4222,905,CCNT2
4223,9050,PSTPIP2
4224,90525,SHF
4225,9054,NFS1
4226,9055,PRC1
4227,9057,SLC7A6
4228,9061,PAPSS1
4229,90624,LYRM7
4230,90632,LINC00473
4231,90637,ZFAND2A
4232,90668,CARMIL3
4233,90678,LRSAM1
4234,9076,CLDN1
4235,90768,TENM3-AS1
4236,90780,PYGO2
4237,90799,CEP95
4238,908,CCT6A
4239,90809,PIP4P1
4240,90826,PRMT9
4241,90850,ZNF598
4242,90861,JPT2
4243,90864,SPSB3
4244,9088,PKMYT1
4245,9092,SART1
4246,9093,DNAJA3
4247,90933,TRIM41
4248,9096,TBX18
4249,90987,ZNF251
4250,90990,KIFC2
4251,91,ACVR1B
4252,9101,USP8
4253,9112,MTA1
4254,91151,TIGD7
4255,9118,INA
4256,9125,CNOT9
4257,91252,SLC39A13
4258,91272,BOD1
4259,91283,MSANTD3
4260,9134,CCNE2
4261,9135,RABEP1
4262,91369,ANKRD40
4263,9139,CBFA2T2
4264,91404,SESTD1
4265,9145,SYNGR1
4266,91450,LOC91450
4267,91452,ACBD5
4268,9148,NEURL1
4269,9150,CTDP1
4270,91526,ANKRD44
4271,9156,EXO1
4272,91574,MTRFR
4273,91603,ZNF830
4274,91614,DEPDC7
4275,91647,ATPAF2
4276,91694,LONRF1
4277,91695,RRP7BP
4278,9170,LPAR2
4279,91748,MIDEAS
4280,9175,MAP3K13
4281,9179,AP4M1
4282,9183,ZW10
4283,92,ACVR2A
4284,9200,HACD1
4285,9201,DCLK1
4286,92014,SLC25A51
4287,92017,SNX29
4288,92070,CTBP1-DT
4289,92104,IFT70A
4290,92105,INTS4
4291,92106,OXNAD1
4292,92126,DSEL
4293,92154,MTSS2
4294,9221,NOLC1
4295,92211,CDHR1
4296,9223,MAGI1
4297,92255,LMBRD2
4298,9227,LRAT
4299,9229,DLGAP1
4300,92305,TMEM129
4301,92345,NAF1
4302,92370,PXYLP1
4303,9240,PNMA1
4304,9249,DHRS3
4305,9252,RPS6KA5
4306,9254,CACNA2D2
4307,92558,BICDL1
4308,92565,FANK1
4309,9258,MFHAS1
4310,92595,ZNF764
4311,92610,TIFA
4312,92659,MILIP
4313,92703,TMEM183A
4314,92715,DPH7
4315,9282,MED14
4316,92912,UBE2Q2
4317,92935,MARS2
4318,9296,ATP6V1F
4319,93,ACVR2B
4320,93081,TEX30
4321,93099,DMKN
4322,9313,MMP20
4323,9319,TRIP13
4324,9320,TRIP12
4325,9334,B4GALT5
4326,93343,MVB12A
4327,9352,TXNL1
4328,9361,LONP1
4329,93622,MRFAP1L2
4330,93624,TADA2B
4331,93664,CADPS2
4332,9372,ZFYVE9
4333,9375,TM9SF2
4334,9380,GRHPR
4335,9382,COG1
4336,9388,LIPG
4337,9391,CIAO1
4338,93953,GCNA
4339,93986,FOXP2
4340,9400,RECQL5
4341,9401,RECQL4
4342,94026,POM121L2
4343,9403,SELENOF
4344,94032,CAMK2N2
4345,94033,FTMT
4346,9404,LPXN
4347,94056,SYAP1
4348,94081,SFXN1
4349,94103,ORMDL3
4350,94107,TMEM203
4351,94158,CDRT15P1
4352,9416,DDX23
4353,9422,ZNF264
4354,9423,NTN1
4355,94241,TP53INP1
4356,943,TNFRSF8
4357,9441,MED26
4358,9447,AIM2
4359,9453,GGPS1
4360,9456,HOMER1
4361,9475,ROCK2
4362,9486,CHST10
4363,949,SCARB1
4364,9493,KIF23
4365,9509,ADAMTS2
4366,9522,SCAMP1
4367,9529,BAG5
4368,954,ENTPD2
4369,9550,ATP6V1G1
4370,9553,MRPL33
4371,957,ENTPD5
4372,9575,CLOCK
4373,9576,SPAG6
4374,9582,APOBEC3B
4375,9583,ENTPD4
4376,9585,KIF20B
4377,9587,MAD2L1BP
4378,961,CD47
4379,9611,NCOR1
4380,9612,NCOR2
4381,9616,RNF7
4382,9625,AATK
4383,9632,SEC24C
4384,9644,SH3PXD2A
4385,9650,MTFR1
4386,9657,IQCB1
4387,9658,ZNF516
4388,96610,BMS1P20
4389,9667,SAFB2
4390,9668,ZNF432
4391,9669,EIF5B
4392,9672,SDC3
4393,9675,TTI1
4394,9683,N4BP1
4395,9684,LRRC14
4396,9690,UBE3C
4397,9694,EMC2
4398,9698,PUM1
4399,9700,ESPL1
4400,9702,CEP57
4401,9703,BLTP2
4402,9709,HERPUD1
4403,971,CD72
4404,9711,RUBCN
4405,9712,USP6NL
4406,9718,ECE2
4407,9720,CCDC144A
4408,9723,SEMA3E
4409,9724,UTP14C
4410,9726,ZNF646
4411,9727,RAB11FIP3
4412,9730,DCAF1
4413,9734,HDAC9
4414,9739,SETD1A
4415,9742,IFT140
4416,9748,SLK
4417,9755,TBKBP1
4418,9759,HDAC4
4419,9765,ZFYVE16
4420,9766,SUSD6
4421,9775,EIF4A3
4422,9778,KIAA0232
4423,9780,PIEZO1
4424,9782,MATR3
4425,9785,DHX38
4426,9788,MTSS1
4427,9789,SPCS2
4428,9804,TOMM20
4429,9807,IP6K1
4430,9810,RNF40
4431,9812,DELE1
4432,9813,EFCAB14
4433,9816,URB2
4434,9825,SPATA2
4435,9831,ZNF623
4436,984,CDK11B
4437,9846,GAB2
4438,9847,C2CD5
4439,9848,MFAP3L
4440,9851,KIAA0753
4441,9853,RUSC2
4442,9855,FARP2
4443,9856,KIAA0319
4444,9858,PPP1R26
4445,9860,LRIG2
4446,987,LRBA
4447,9873,FCHSD2
4448,9879,DDX46
4449,988,CDC5L
4450,9881,TRANK1
4451,9885,OSBPL2
4452,9889,ZBED4
4453,989,SEPTIN7
4454,9897,WASHC5
4455,9899,SV2B
4456,9902,MRC2
4457,9903,KLHL21
4458,9905,SGSM2
4459,9907,AP5Z1
4460,9908,G3BP2
4461,9910,RABGAP1L
4462,9912,ARHGAP44
4463,9915,ARNT2
4464,9918,NCAPD2
4465,9919,SEC16A
4466,9922,IQSEC1
4467,9924,PAN2
4468,9925,ZBTB5
4469,9929,JOSD1
4470,9935,MAFB
4471,994,CDC25B
4472,9942,XYLB
4473,9943,OXSR1
4474,9948,WDR1
4475,9950,GOLGA5
4476,9955,HS3ST3A1
4477,996,CDC27
4478,9967,THRAP3
4479,997,CDC34
4480,9970,NR1I3
4481,9972,NUP153
4482,9973,CCS
4483,998,CDC42
4484,9984,THOC1
4485,9986,RCE1
4486,9988,DMTF1
4487,9989,PPP4R1
4488,9990,SLC12A6
4489,1,A1BG
4490,100033433,SNORD116-22
4491,10009,ZBTB33
4492,100125556,FAM86JP
4493,100126333,MIR708
4494,100127983,C8orf88
4495,100128126,STAU2-AS1
4496,100128191,TMPO-AS1
4497,100128292,DLG5-AS1
4498,100128385,FAM225B
4499,100128511,NEBL-AS1
4500,100128593,LOC100128593
4501,100128822,LINC01003
4502,100129196,MATN1-AS1
4503,100129361,SMIM10L1
4504,100129387,GABPB1-AS1
4505,100129424,RPL19P12
4506,100129654,TCF24
4508,100130557,NFYC-AS1
4509,100130987,LOC100130987
4510,100131089,SRP14-DT
4511,100131213,ZNF503-AS2
4512,100131244,ANKRD63
4513,100131378,C11orf91
4514,100132077,LOC100132077
4515,100132406,NBPF10
4516,100132618,ZRANB2-AS1
4517,100133234,SBF1P1
4518,100137047,JMJD7
4519,10014,HDAC5
4520,10015,PDCD6IP
4521,10018,BCL2L11
4522,10019,SH2B3
4523,100190938,RAMP2-AS1
4524,10026,PIGK
4525,100270746,LARRPM
4526,100271722,LINC00899
4527,100271836,SMG1P3
4528,100287227,TIPARP-AS1
4529,100288198,HMGN3-AS1
4530,100288748,LINC02894
4531,100288974,BMS1P21
4532,100289635,ZNF605
4533,100289678,ZNF783
4534,100302145,MIR1247
4535,100302174,MIR1307
4536,100302240,MIR1304
4537,100302258,MIR1469
4538,100302274,MIR1178
4539,100302280,MIR1237
4540,100302281,MIR1208
4541,100310812,SPDYE2B
4542,100313778,MIR759
4543,100313781,MIR718
4544,100313887,MIR2277
4545,10038,PARP2
4546,100422858,MIR4285
4547,100422909,MIR4295
4548,100422915,MIR3065
4549,100422925,MIR4322
4550,100422962,MIR4281
4551,100422993,MIR3130-1
4552,100423023,MIR3197
4553,100499405,LINC00987
4554,100499467,LINC00673
4555,100500819,MIR3609
4556,100500843,MIR3922
4557,100500852,MIR3180-4
4558,100500860,MIR3618
4559,100500861,MIR3665
4560,100500862,MIR3648-1
4561,100500880,MIR3662
4562,100500900,MIR3691
4563,100500916,MIR3180-5
4564,100505549,ATP8B1-AS1
4565,100505636,MALINC1
4566,100505687,SNHG33
4567,100505702,LINC01094
4568,100505845,ROPN1L-AS1
4569,100505933,ADD3-AS1
4570,100506023,LOC100506023
4571,100506144,TMEM35B
4572,100506334,LINC00649
4573,100506343,INKA2-AS1
4574,100506409,ELOVL2-AS1
4575,100506585,PTPRN2-AS1
4576,100506639,LOC100506639
4577,100506710,EBLN3P
4578,100506840,IQCF4P
4579,100507050,TPBGL
4580,100507057,MELTF-AS1
4581,100507096,GIMD1
4582,100507297,TMEM44-AS1
4583,100507300,ALKBH3-AS1
4584,100507321,ERVK13-1
4585,100507373,ADGRL1-AS1
4586,100507527,LINC03103
4587,100507557,EPM2A-DT
4588,100507589,NAGPA-AS1
4589,100507634,LOC100507634
4590,100526737,RBM14-RBM4
4591,100526739,CENPS-CORT
4592,100526760,ABHD14A-ACY1
4593,100526767,RNF103-CHMP3
4594,100526783,ARPIN-AP3S2
4595,100527950,GJA9-MYCBP
4596,100528007,BORCS7-ASMT
4597,100528016,TMX2-CTNND1
4598,100528018,ARL2-SNX15
4599,100528062,ARMCX5-GPRASP2
4600,100529067,SERF2-C15ORF63
4601,100529097,RPL36A-HNRNPH2
4602,100529241,HSPE1-MOB4
4603,100529261,CHURC1-FNTB
4604,100529264,RAB4B-EGLN2
4605,100529855,ZNF625-ZNF20
4606,100532724,NPHP3-ACAD11
4607,100533183,ZNF664-RFLNA
4608,100533464,PRH1-PRR4
4609,100534595,HNRNPUL2-BSCL2
4610,100534599,ISY1-RAB43
4611,10055,SAE1
4612,100616115,MIR4469
4613,100616133,MIR4699
4614,100616163,MIR4530
4615,100616210,MIR4737
4616,100616215,MIR548AL
4617,100616229,MIR4473
4618,100616258,MIR4516
4619,100616314,MIR4750
4620,100616364,MIR4785
4621,100616376,MIR4492
4622,100616409,MIR4711
4623,100616432,MIR4714
4624,100616436,MIR4449
4625,100616459,MIR4745
4626,100616470,MIR4488
4627,10063,COX17
4628,100652781,SNX29P1
4629,100750326,HTT-AS
4630,100820829,MYZAP
4631,100846991,MIR5197
4632,100847015,MIR5691
4633,100847053,MIR5702
4634,100847081,MIR5703
4635,100873922,ZFX-AS1
4636,100873945,HLTF-AS1
4637,100873982,ABCC5-AS1
4638,100874058,COX10-DT
4639,100874236,COL18A1-AS2
4640,100874342,RNF216-IT1
4641,100874366,HOXC13-AS
4642,10090,UST
4643,100913187,APOBEC3A_B
4644,10092,ARPC5
4645,10105,PPIF
4646,10116,FEM1B
4647,10137,RBM12
4648,10139,ARFRP1
4649,101409258,OSGEPL1-AS1
4650,10142,AKAP9
4651,10147,SUGP2
4652,10149,ADGRG2
4653,10152,ABI2
4654,10154,PLXNC1
4655,10155,TRIM28
4656,10163,WASF2
4657,10164,CHST4
4658,10165,SLC25A13
4659,10168,ZNF197
4660,10172,ZNF256
4661,10174,SORBS3
4662,10186,LHFPL6
4663,10195,ALG3
4664,10209,EIF1
4665,10210,TOPORS
4666,10212,DDX39A
4667,10213,PSMD14
4668,10229,COQ7
4669,10233,LRRC23
4670,10236,HNRNPR
4671,10239,AP3S2
4672,10250,SRRM1
4673,10260,DENND4A
4674,10267,RAMP1
4675,10268,RAMP3
4676,1027,CDKN1B
4677,10270,AKAP8
4678,10287,RGS19
4679,10294,DNAJA2
4680,10295,BCKDK
4681,10298,PAK4
4682,1030,CDKN2B
4683,10302,SNAPC5
4684,10313,RTN3
4685,10319,LAMC3
4686,10329,RXYLT1
4687,1033,CDKN3
4688,10336,PCGF3
4689,10342,TFG
4690,10376,TUBA1B
4691,1039,CDR2
4692,10391,CORO2B
4693,10392,NOD1
4694,10397,NDRG1
4695,10399,RACK1
4696,10419,PRMT5
4697,10420,TESK2
4698,10428,CFDP1
4699,10432,RBM14
4700,10434,LYPLA1
4701,10435,CDC42EP2
4702,10436,EMG1
4703,10446,LRRN2
4704,10464,PIBF1
4705,10469,TIMM44
4706,1047,CLGN
4707,10472,ZBTB18
4708,10477,UBE2E3
4709,10480,EIF3M
4710,10482,NXF1
4711,10487,CAP1
4712,10488,CREB3
4713,10489,LRRC41
4714,10491,CRTAP
4715,10493,VAT1
4716,10499,NCOA2
4717,10500,SEMA6C
4718,10509,SEMA4B
4719,10519,CIB1
4720,10524,KAT5
4721,10526,IPO8
4722,10528,NOP56
4723,10529,NEBL
4724,10531,PITRM1
4725,10533,ATG7
4726,1054,CEBPG
4727,10541,ANP32B
4728,10549,PRDX4
4729,10550,ARL6IP5
4730,10555,AGPAT2
4731,10557,RPP38
4732,10564,ARFGEF2
4733,10569,SLU7
4734,10570,DPYSL4
4735,10572,SIVA1
4736,10580,SORBS1
4737,10585,POMT1
4738,10587,TXNRD2
4739,10588,MTHFS
4740,10589,DRAP1
4741,10594,PRPF8
4742,1060,CENPC
4743,10616,RBCK1
4744,10621,POLR3F
4745,10622,POLR3G
4746,10625,IVNS1ABP
4747,10630,PDPN
4748,10633,RASL10A
4749,10637,LEFTY1
4750,10640,EXOC5
4751,10641,NPRL2
4752,10642,IGF2BP1
4753,10647,SCGB1D2
4754,10651,MTX2
4755,10655,DMRT2
4756,10658,CELF1
4757,10663,CXCR6
4758,10678,B3GNT2
4759,10693,CCT6B
4760,107,ADCY1
4761,10713,USP39
4762,10718,NRG3
4763,10723,SLC12A7
4764,10732,TCFL5
4765,10733,PLK4
4766,10736,SIX2
4767,10742,RAI2
4768,10773,ZBTB6
4769,10776,ARPP19
4770,10781,ZNF266
4771,10797,MTHFD2
4772,10799,RPP40
4773,10804,GJB6
4774,10807,ENTR1
4775,10815,CPLX1
4776,10847,SRCAP
4777,10867,TSPAN9
4778,10869,USP19
4779,10885,WDR3
4780,10887,PROKR1
4781,10894,LYVE1
4782,10897,YIF1A
4783,10905,MAN1A2
4784,10923,SUB1
4785,10927,SPIN1
4786,10933,MORF4L1
4787,10936,GPR75
4788,10939,AFG3L2
4789,10947,AP3M2
4790,10948,STARD3
4791,10959,TMED2
4792,10963,STIP1
4793,10979,FERMT2
4794,10980,COPS6
4795,10981,RAB32
4796,10982,MAPRE2
4797,10984,KCNQ1OT1
4798,10989,IMMT
4799,11001,SLC27A2
4800,11014,KDELR2
4801,11015,KDELR3
4802,11030,RBPMS
4803,11031,RAB31
4804,11033,ADAP1
4805,11034,DSTN
4806,11046,SLC35D2
4807,11051,NUDT21
4808,11054,OGFR
4809,11056,DDX52
4810,11060,WWP2
4811,1108,CHD4
4812,11083,DIDO1
4813,11091,WDR5
4814,11093,ADAMTS13
4815,11096,ADAMTS5
4816,11097,NUP42
4817,111,ADCY5
4818,11101,ATE1
4819,11104,KATNA1
4820,11112,HIBADH
4821,11116,CEP43
4822,1112,FOXN3
4823,11128,POLR3A
4824,11133,KPTN
4825,11135,CDC42EP1
4826,11143,KAT7
4827,11154,AP4S1
4828,11158,RABL2B
4829,11168,PSIP1
4830,11173,ADAMTS7
4831,11183,MAP4K5
4832,11188,NISCH
4833,11190,CEP250
4834,11194,ABCB8
4835,11196,SEC23IP
4836,11200,CHEK2
4837,11201,POLI
4838,11213,IRAK3
4839,11222,MRPL3
4840,11224,RPL35
4841,11237,RNF24
4842,112398,EGLN2
4843,112476,PRRT2
4844,11260,XPOT
4845,11264,PXMP4
4846,11266,DUSP12
4847,112714,TUBA3E
4848,112752,IFT43
4849,112849,L3HYPDH
4850,1129,CHRM2
4851,112970,KTI12
4852,113146,AHNAK2
4853,11315,PARK7
4854,113174,SAAL1
4855,11319,ECD
4856,11325,DDX42
4857,113263,GLCCI1
4858,11329,STK38
4859,11333,PDAP1
4860,11337,GABARAP
4861,113419,TEX261
4862,11343,MGLL
4863,113451,AZIN2
4864,113540,CMTM1
4865,1138,CHRNA5
4866,113802,HENMT1
4867,114038,LINC00313
4868,114044,MCM3AP-AS1
4869,114112,TXNRD3
4870,114569,MAL2
4871,114788,CSMD3
4872,114789,SLC25A25
4873,114801,TMEM200A
4874,114836,SLAMF6
4875,114881,OSBPL7
4876,114908,TMEM123
4877,114926,SMIM19
4878,114991,ZNF618
4879,1152,CKB
4880,115209,OMA1
4881,115416,MALSU1
4882,115548,FCHO2
4883,115703,ARHGAP33
4884,116092,DNTTIP1
4885,116113,FOXP4
4886,116138,KLHDC3
4887,116154,PHACTR3
4888,116238,TLCD1
4889,116328,C8orf34
4890,116442,RAB39B
4891,116541,MRPL54
4892,116832,RPL39L
4893,117,ADCYAP1R1
4894,117143,TADA1
4895,117145,THEM4
4896,117177,RAB3IP
4897,1181,CLCN2
4898,1184,CLCN5
4899,118426,BORCS5
4900,118442,GPR62
4901,118460,EXOSC6
4902,1186,CLCN7
4903,118881,COMTD1
4904,118932,ANKRD22
4905,119,ADD2
4906,119032,BORCS7
4907,1191,CLU
4908,1195,CLK1
4909,119710,IFTAP
4910,1203,CLN5
4911,120400,NXPE1
4912,120935,CCDC38
4913,121053,NOPCHAP1
4914,121260,SLC15A4
4915,121268,RHEBL1
4916,121391,KRT74
4917,121456,SLC9A7P1
4918,121504,H4C16
4919,121642,ALKBH2
4920,121665,SPPL3
4921,122060,SLAIN1
4922,122622,ADSS1
4923,122773,KLHDC1
4924,122809,SOCS4
4925,1232,CCR3
4926,1235,CCR6
4927,123606,NIPA1
4928,1238,ACKR2
4929,123920,CMTM3
4930,124221,PRSS30P
4931,124401,ANKS3
4932,124491,TMEM170A
4933,124583,CANT1
4934,124935,SLC43A2
4935,124961,ZFP3
4936,124976,SPNS2
4937,124997,WDR81
4938,125931,CEACAM20
4939,125950,RAVER1
4940,126003,TRAPPC5
4941,126133,ALDH16A1
4942,126299,ZNF428
4943,1263,PLK3
4944,126375,ZNF792
4945,126526,C19orf47
4946,126567,C2CD4C
4947,126917,IFFO2
4948,127002,ATXN7L2
4949,127018,LYPLAL1
4950,127077,OR2T11
4951,127602,DNAH14
4952,127687,C1orf122
4953,127703,C1orf216
4954,127833,SYT2
4955,1280,COL2A1
4956,128209,KLF17
4957,128414,NKAIN4
4958,128439,SNHG11
4959,128866,CHMP4B
4960,128869,PIGU
4961,1289,COL5A1
4962,129049,SGSM1
4963,129138,ANKRD54
4964,1292,COL6A2
4965,129450,TYW5
4966,129563,DIS3L2
4967,129642,MBOAT2
4968,129685,TAF8
4969,129787,TMEM18
4970,129831,RBM45
4971,129881,CFAP210
4972,130132,RFTN2
4973,130367,SGPP2
4974,130535,KCTD18
4975,1306,COL15A1
4976,130752,MDH1B
4977,1310,COL19A1
4978,1312,COMT
4979,1315,COPB1
4980,131583,FAM43A
4981,131601,TPRA1
4982,131616,TMEM42
4983,1318,SLC31A2
4984,132204,SYNPR
4985,132430,PABPC4L
4986,1326,MAP3K8
4987,132660,LIN54
4988,132724,TMPRSS11B
4989,132789,GNPDA2
4990,132851,SPATA4
4991,132989,C4orf36
4992,133522,PPARGC1B
4993,133686,NADK2
4994,133957,CCDC127
4995,134111,UBE2QL1
4996,134218,DNAJC21
4997,134285,TMEM171
4998,134359,POC5
4999,134466,ZNF300P1
5000,135458,HUS1B
5001,136051,ZNF786
5002,1362,CPD
5003,1365,CLDN3
5004,137814,NKX2-6
5005,137872,ADHFE1
5006,137886,UBXN2B
5007,1381,CRABP1
5008,138151,NACC2
5009,138474,TAF1L
5010,1386,ATF2
5011,138716,RPP25L
5012,139170,DCAF12L1
5013,140,ADORA3
5014,140465,MYL6B
5015,140606,SELENOM
5016,140612,ZFP28
5017,140688,NOL4L
5018,140689,CBLN4
5019,140735,DYNLL2
5020,1408,CRY2
5021,140823,ROMO1
5022,140828,LINC00261
5023,140862,ISM1
5024,140886,PABPC5
5025,140890,SREK1
5026,1413,CRYBA4
5027,142,PARP1
5028,142940,TRUB1
5029,143384,CACUL1
5030,1434,CSE1L
5031,143458,LDLRAD3
5032,143666,LOC143666
5033,144100,PLEKHA7
5034,144193,AMDHD1
5035,144348,ZNF664
5036,144404,TMEM120B
5037,144423,GLT1D1
5038,144453,BEST3
5039,144717,PHETA1
5040,145216,PPP1R13B-DT
5041,145258,GSC
5042,145282,MIPOL1
5043,1453,CSNK1D
5044,145482,PTGR2
5045,145501,ISM2
5046,145748,LYSMD4
5047,145781,GCOM1
5048,145853,C15orf61
5049,145957,NRG4
5050,146059,CDAN1
5051,146223,CMTM4
5052,146562,DNAAF8
5053,1466,CSRP2
5054,146802,SLC47A2
5055,147040,KCTD11
5056,147179,WIPF2
5057,147381,CBLN2
5058,1474,CST6
5059,147495,APCDD1
5060,1476,CSTB
5061,147694,ZNF548
5062,1478,CSTF2
5063,147947,ZNF542P
5064,148066,ZNRF4
5065,148398,SAMD11
5066,148418,SAMD13
5067,148423,C1orf52
5068,1486,CTBS
5069,148696,LOC148696
5070,148867,SLC30A7
5071,149069,DCDC2B
5072,149111,CNIH3
5073,149175,MANEAL
5074,149420,PDIK1L
5075,149499,LRRC71
5076,149603,RNF187
5077,149620,CHIAP2
5078,149773,APCDD1L-DT
5079,150223,YDJC
5080,150274,HSCB
5081,150291,MORC2-AS1
5082,150472,ZNG1B
5083,1509,CTSD
5084,151009,LINC01106
5085,151011,SEPTIN10
5086,151050,KANSL1L
5087,151195,CCNYL1
5088,1514,CTSL
5089,151507,MSL3P1
5090,151647,TAFA4
5091,151742,PPM1L
5092,1519,CTSO
5093,152007,GLIPR2
5094,152687,ZNF595
5095,1528,CYB5A
5096,152815,THAP6
5097,152992,TRMT44
5098,153241,CEP120
5099,153328,SLC25A48
5100,1534,CYB561
5101,153572,IRX2
5102,153768,PRELID2
5103,153910,LOC153910
5104,154,ADRB2
5105,154141,MBOAT1
5106,154313,CFAP206
5107,154467,CCDC167
5108,154661,RUNDC3B
5109,154810,AMOTL1
5110,154881,KCTD7
5111,155060,LOC155060
5112,155370,SBDSP1
5113,155382,VPS37D
5114,1557,CYP2C19
5115,156,GRK2
5116,157378,TMEM65
5117,157506,RDH10
5118,157695,TDRP
5119,158358,KIAA2026
5120,158471,PRUNE2
5121,158763,ARHGAP36
5122,158809,MAGEB6
5123,158833,AWAT1
5124,159296,NKX2-3
5125,159989,DEUP1
5126,1600,DAB1
5127,160418,TMTC3
5128,160428,ALDH1L2
5129,160622,TAMALIN
5130,160760,PPTC7
5131,160857,CCDC122
5132,161145,TMEM229B
5133,161176,SYNE3
5134,161436,EML5
5135,161753,CIMAP1C
5136,162333,MARCHF10
5137,1627,DBN1
5138,162968,ZNF497
5139,163115,ZNF781
5140,1632,ECI1
5141,1633,DCK
5142,1636,ACE
5143,164781,DAW1
5144,1650,DDOST
5145,165140,OXER1
5146,165257,C1QL2
5147,1655,DDX5
5148,1657,DMXL1
5149,165918,RNF168
5150,1660,DHX9
5151,1663,DDX11
5152,166336,PRICKLE2
5153,166793,ZBTB49
5154,1670,DEFA5
5155,167555,FAM151B
5156,1678,TIMM8A
5157,168455,CCDC71L
5158,168544,ZNF467
5159,169166,SNX31
5160,169714,QSOX2
5161,169841,ZNF169
5162,170082,TCEANC
5163,170463,SSBP4
5164,170690,ADAMTS16
5165,170850,KCNG3
5166,171019,ADAMTS19
5167,171023,ASXL1
5168,171024,SYNPO2
5169,171425,CLYBL
5170,171568,POLR3H
5171,171586,ABHD3
5172,1718,DHCR24
5173,1720,DHFRP3
5174,1725,DHPS
5175,1736,DKC1
5176,1742,DLG4
5177,175,AGA
5178,1770,DNAH9
5179,1780,DYNC1I1
5180,1786,DNMT1
5181,1789,DNMT3B
5182,1793,DOCK1
5183,1806,DPYD
5184,1810,DR1
5185,1814,DRD3
5186,1815,DRD4
5187,1819,DRG2
5188,182,JAG1
5189,1821,DRP2
5190,1836,SLC26A2
5191,1838,DTNB
5192,1841,DTYMK
5193,1847,DUSP5
5194,185,AGTR1
5195,1852,DUSP9
5196,1854,DUT
5197,1855,DVL1
5198,1856,DVL2
5199,1859,DYRK1A
5200,1876,E2F6
5201,1877,E4F1
5202,1891,ECH1
5203,1903,S1PR3
5204,1917,EEF1A2
5205,192670,AGO4
5206,192683,SCAMP5
5207,1956,EGFR
5208,196074,METTL15
5209,1962,EHHADH
5210,196394,AMN1
5211,196441,ZFC3H1
5212,196463,PLBD2
5213,196483,EEF2KMT
5214,196528,ARID2
5215,1967,EIF2B1
5216,197320,ZNF778
5217,1975,EIF4B
5218,1979,EIF4EBP2
5219,1981,EIF4G1
5220,1992,SERPINB1
5221,199857,ALG14
5222,2000,ELF4
5223,200185,KRTCAP2
5224,200186,CRTC2
5225,200315,APOBEC3A
5226,200373,CFAP221
5227,200403,VWA3B
5228,2005,ELK4
5229,2006,ELN
5230,200772,UICLM
5231,200894,ARL13B
5232,200916,RPL22L1
5233,200942,KLHDC8B
5234,201161,CENPV
5235,201475,RAB12
5236,201595,STT3B
5237,201626,PDE12
5238,201725,C4orf46
5239,201780,SLC10A4
5240,201965,RWDD4
5241,202181,SIMC1P1
5242,2026,ENO2
5243,203102,ADAM32
5244,2033,EP300
5245,2040,STOM
5246,2048,EPHB2
5247,205,AK4
5248,2052,EPHX1
5249,205327,C2orf69
5250,205564,SENP5
5251,2058,EPRS1
5252,2059,EPS8
5253,2063,NR2F6
5254,2065,ERBB3
5255,2078,ERG
5256,2081,ERN1
5257,2091,FBL
5258,2103,ESRRB
5259,2107,ETF1
5260,2119,ETV5
5261,2120,ETV6
5262,2149,F2R
5263,2166,FAAH
5264,2170,FABP3
5265,2178,FANCE
5266,2180,ACSL1
5267,2181,ACSL3
5268,2184,FAH
5269,2192,FBLN1
5270,219285,SAMD9L
5271,219445,OR7E5P
5272,219699,UNC5B
5273,2197,FAU
5274,219736,STOX1
5275,219743,TYSND1
5276,219931,TPCN2
5277,22,ABCB7
5278,220001,VWCE
5279,220032,GDPD4
5280,220042,DDIAS
5281,220074,LRTOMT
5282,220164,DOK6
5283,220323,OAF
5284,220929,ZNF438
5285,220972,MARCHF8
5286,221060,RPP38-DT
5287,221092,HNRNPUL2
5288,221154,MICU2
5289,221400,TDRD6
5290,221491,SMIM29
5291,221749,PXDC1
5292,221785,ZSCAN25
5293,221786,FAM200A
5294,221823,PRPS1L1
5295,221914,GPC2
5296,221955,DAGLB
5297,222194,RSBN1L
5298,222223,ELAPOR2
5299,222234,FAM185A
5300,222236,NAPEPLD
5301,222255,ATXN7L1
5302,2224,FDPS
5303,222826,FAM217A
5304,222865,TMEM130
5305,2230,FDX1
5306,2247,FGF2
5307,2256,FGF11
5308,2261,FGFR3
5309,2271,FH
5310,2275,FHL3
5311,22794,CASC3
5312,22809,ATF5
5313,22834,ZNF652
5314,22838,RNF44
5315,22839,DLGAP4
5316,22853,LMTK2
5317,2286,FKBP2
5318,22862,FNDC3A
5319,22870,PPP6R1
5320,22876,INPP5F
5321,22878,TRAPPC8
5322,2288,FKBP4
5323,22888,UBOX5
5324,22894,DIS3
5325,2290,FOXG1
5326,22903,BTBD3
5327,22905,EPN2
5328,22911,WDR47
5329,22916,NCBP2
5330,22921,MSRB2
5331,22924,MAPRE3
5332,22929,SEPHS1
5333,22933,SIRT2
5334,22938,SNW1
5335,2294,FOXF1
5336,22943,DKK1
5337,22948,CCT5
5338,22981,NINL
5339,22983,MAST1
5340,22986,SORCS3
5341,23001,WDFY3
5342,23005,MAPKBP1
5343,23008,KLHDC10
5344,23014,FBXO21
5345,23020,SNRNP200
5346,23028,KDM1A
5347,23043,TNIK
5348,23046,KIF21B
5349,23048,FNBP1
5350,23049,SMG1
5351,23054,NCOA6
5352,23057,NMNAT2
5353,23070,CMTR1
5354,23072,HECW1
5355,23077,MYCBP2
5356,23080,AVL9
5357,23087,TRIM35
5358,23094,SIPA1L3
5359,2310,FOXO3B
5360,23119,HIC2
5361,23129,PLXND1
5362,23155,CLCC1
5363,23161,SNX13
5364,23168,RTF1
5365,23170,TTLL12
5366,23176,SEPTIN8
5367,23177,CEP68
5368,23184,MESD
5369,23190,UBXN4
5370,23191,CYFIP1
5371,23193,GANAB
5372,23207,PLEKHM2
5373,23215,PRRC2C
5374,23223,RRP12
5375,23225,NUP210
5376,23230,VPS13A
5377,2324,FLT4
5378,23242,COBL
5379,23244,PDS5A
5380,23251,MINAR1
5381,23252,OTUD3
5382,23254,KAZN
5383,23256,SCFD1
5384,23261,CAMTA1
5385,23271,CAMSAP2
5386,23274,CLEC16A
5387,23279,NUP160
5388,23283,CSTF2T
5389,23301,EHBP1
5390,23304,UBR2
5391,23341,DNAJC16
5392,23348,DOCK9
5393,23360,FNBP4
5394,23368,PPP1R13B
5395,23369,PUM2
5396,23379,ICE1
5397,23386,NUDCD3
5398,23397,NCAPH
5399,23398,PPWD1
5400,23416,KCNH3
5401,2342,FNTB
5402,23421,ITGB3BP
5403,23433,RHOQ
5404,23435,TARDBP
5405,23446,SLC44A1
5406,23463,ICMT
5407,23464,GCAT
5408,23475,QPRT
5409,23479,ISCU
5410,23483,TGDS
5411,23505,TMEM131
5412,23514,SPIDR
5413,23524,SRRM2
5414,2353,FOS
5415,23536,ADAT1
5416,23542,MAPK8IP2
5417,2355,FOSL2
5418,23552,CDK20
5419,23566,LPAR3
5420,23568,ARL2BP
5421,23587,ELP5
5422,23588,KLHDC2
5423,23595,ORC3
5424,23598,PATZ1
5425,23608,MKRN1
5426,23609,MKRN2
5427,23619,ZIM2
5428,23630,KCNE5
5429,23637,RABGAP1
5430,23644,EDC4
5431,23646,PLD3
5432,23648,SSBP3
5433,23677,SH3BP4
5434,23731,TMEM245
5435,23759,PPIL2
5436,23764,MAFF
5437,23768,FLRT2
5438,23769,FLRT1
5439,23774,BRD1
5440,23788,MTCH2
5441,24142,NAA80
5442,24146,CLDN15
5443,245806,VGLL2
5444,245812,CNPY4
5445,245938,DEFB125
5446,245973,ATP6V1C2
5447,246175,CNOT6L
5448,246181,AKR7L
5449,246243,RNASEH1
5450,246721,POLR2J2
5451,2495,FTH1
5452,2517,FUCA1
5453,2519,FUCA2
5454,2526,FUT4
5455,252983,STXBP4
5456,253039,CUTALP
5457,253152,EPHX4
5458,2535,FZD2
5459,253639,ZNF620
5460,253738,EBF3
5461,253769,WDR27
5462,253832,ZDHHC20
5463,253868,CRMA
5464,2539,G6PD
5465,253980,KCTD13
5466,254042,METAP1D
5467,254102,EHBP1L1
5468,254225,RNF169
5469,254251,LCORL
5470,254268,AKNAD1
5471,254312,LINC00710
5472,254359,ZDHHC24
5473,254394,MCM9
5474,254552,NUDT8
5475,2547,XRCC6
5476,254887,ZDHHC23
5477,255057,CBARP
5478,255130,IGFBP7-AS1
5479,255231,MCOLN2
5480,255403,ZNF718
5481,255928,SYT14
5482,255967,PAN3
5483,256051,ZNF549
5484,256281,NUDT14
5485,2563,GABRD
5486,256309,CCDC110
5487,256380,SCML4
5488,256472,TMEM151A
5489,256536,TCERG1L
5490,2567,GABRG3
5491,257000,TINCR
5492,2571,GAD1
5493,257169,C9orf43
5494,2572,GAD2
5495,257218,SHPRH
5496,257407,C2orf72
5497,257415,FAM133B
5498,25789,TMEM59L
5499,25796,PGLS
5500,25801,GCA
5501,25806,VAX2
5502,25807,RHBDD3
5503,25816,TNFAIP8
5504,25821,MTO1
5505,25822,DNAJB5
5506,25827,FBXL2
5507,25831,HECTD1
5508,25839,COG4
5509,2584,GALK1
5510,25853,DCAF12
5511,25855,BRMS1
5512,25864,ABHD14A
5513,25871,NEPRO
5514,25878,MXRA5
5515,25879,DCAF13
5516,25903,OLFML2B
5517,25912,C1orf43
5518,25913,POT1
5519,25917,THUMPD3
5520,259173,ALS2CL
5521,2592,GALT
5522,25920,NELFB
5523,259285,TAS2R39
5524,25934,NIPSNAP3A
5525,25945,NECTIN3
5526,25963,TMEM87A
5527,2597,GAPDH
5528,25974,MMACHC
5529,25976,TIPARP
5530,25978,CHMP2B
5531,25996,REXO2
5532,26000,TBC1D10B
5533,26007,TKFC
5534,26011,TENM4
5535,26031,OSBPL3
5536,26033,ATRNL1
5537,26035,GLCE
5538,26036,ZNF451
5539,26040,SETBP1
5540,26056,RAB11FIP5
5541,26057,ANKRD17
5542,26058,GIGYF2
5543,26061,HACL1
5544,26065,LSM14A
5545,26071,RTL8A
5546,26074,CFAP61
5547,26086,GPSM1
5548,26088,GGA1
5549,26093,CCDC9
5550,26094,DCAF4
5551,26097,CHTOP
5552,26098,EDRF1
5553,26100,WIPI2
5554,26108,PYGO1
5555,26121,PRPF31
5556,26128,KIFBP
5557,26130,GAPVD1
5558,26136,TES
5559,26166,RGS22
5560,26173,INTS1
5561,26175,LYSET
5562,26190,FBXW2
5563,262,AMD1
5564,2622,GAS8
5565,26223,FBXL21P
5566,26235,FBXL4
5567,26251,KCNG2
5568,26258,BLOC1S6
5569,26272,FBXO4
5570,26275,HIBCH
5571,26286,ARFGAP3
5572,26297,SERGEF
5573,26301,GBGT1
5574,2632,GBE1
5575,26343,OR5E1P
5576,2637,GBX2
5577,2642,GCGR
5578,26468,LHX6
5579,26472,PPP1R14B
5580,26502,NARF
5581,26504,CNNM4
5582,26517,TIMM13
5583,26533,OR10G3
5584,2657,GDF1
5585,26577,PCOLCE2
5586,26585,GREM1
5587,26586,CKAP2
5588,26608,TBL2
5589,26610,ELP4
5590,2662,GDF10
5591,266655,BRD3OS
5592,266727,MDGA1
5593,266743,NPAS4
5594,267002,PGBD2
5595,267010,RNU12
5596,2671,GFER
5597,26765,SNORD12C
5598,26785,SNORD63
5599,26811,SNORD55
5600,26814,SNORD36B
5601,2693,GHSR
5602,26959,HBP1
5603,27006,FGF22
5604,27010,TPK1
5605,27022,FOXD3
5606,27036,SIGLEC7
5607,27043,PELP1
5608,2706,GJB2
5609,27091,CACNG5
5610,27095,TRAPPC3
5611,27102,EIF2AK1
5612,27106,ARRDC2
5613,27107,ZBTB11
5614,2712,GK2
5615,27120,DKKL1
5616,27125,AFF4
5617,27132,CPNE7
5618,27141,CIDEB
5619,27154,BRPF3
5620,27158,NDOR1
5621,2717,GLA
5622,27175,TUBG2
5623,27180,SIGLEC9
5624,27183,VPS4A
5625,272,AMPD3
5626,27201,GPR78
5627,27229,TUBGCP4
5628,27238,GPKOW
5629,27246,RNF115
5630,27247,NFU1
5631,27249,MMADHC
5632,27288,RBMXL2
5633,2729,GCLC
5634,27291,R3HCC1L
5635,27297,CRCP
5636,273,AMPH
5637,27304,MOCS3
5638,27332,ZNF638
5639,27336,HTATSF1
5640,2734,GLG1
5641,27342,RABGEF1
5642,27352,SGSM3
5643,2742,GLRA2
5644,27434,POLM
5645,2744,GLS
5646,2747,GLUD2
5647,2760,GM2A
5648,2764,GMFB
5649,2774,GNAL
5650,2783,GNB2
5651,2786,GNG4
5652,2802,GOLGA3
5653,2804,GOLGB1
5654,2817,GPC1
5655,28231,SLCO4A1
5656,28232,SLCO3A1
5657,282617,IFNL3
5658,2828,GPR4
5659,283149,BCL9L
5660,283208,P4HA3
5661,283212,KLHL35
5662,283373,ANKRD52
5663,283417,DPY19L2
5664,283481,FGF14-AS2
5665,283537,SLC46A3
5666,283659,PRTG
5667,283847,TERB1
5668,283867,LINC00922
5669,283871,PGP
5670,283927,NUDT7
5671,283970,PDXDC2P-NPIPB14P
5672,283991,UBALD2
5673,284,ANGPT1
5674,284004,HEXD
5675,284069,FAM171A2
5676,284106,CISD3
5677,284340,CXCL17
5678,284348,LYPD5
5679,284359,IZUMO1
5680,284406,ZFP82
5681,284415,VSTM1
5682,284417,TMEM150B
5683,284434,NWD1
5684,284612,SYPL2
5685,284695,ZNF326
5686,284697,BTBD8
5687,284751,LINC01270
5688,2849,GPR26
5689,284900,TTC28-AS1
5690,284996,RNF149
5691,2850,GPR27
5692,285190,RGPD4
5693,285203,EOGT
5694,285266,ENTPD3-AS1
5695,285352,KIF9-AS1
5696,285441,F11-AS1
5697,285489,DOK7
5698,285596,FAM153A
5699,285696,BASP1-AS1
5700,286183,NKAIN3
5701,286190,LACTB2-AS1
5702,286257,PAXX
5703,286333,FAM225A
5704,286451,YIPF6
5705,286887,KRT6C
5706,287,ANK2
5707,2870,GRK6
5708,2877,GPX2
5709,28951,TRIB2
5710,28957,MRPS28
5711,28986,MAGEH1
5712,28988,DBNL
5713,28989,NTMT1
5714,28991,COMMD5
5715,29018,FOXN3-AS2
5716,2907,GRINA
5717,29070,CCDC113
5718,29079,MED4
5719,29086,BABAM1
5720,291,SLC25A4
5721,29104,N6AMT1
5722,29105,CFAP20
5723,29107,NXT1
5724,29109,FHOD1
5725,29118,DDX25
5726,29128,UHRF1
5727,2918,GRM8
5728,2936,GSR
5729,2950,GSTP1
5730,2958,GTF2A2
5731,2971,GTF3A
5732,29767,TMOD2
5733,2977,GUCY1A2
5734,29775,CARD10
5735,29789,OLA1
5736,29803,REPIN1
5737,29855,UBN1
5738,29887,SNX10
5739,29893,PSMC3IP
5740,29901,SAC3D1
5741,29916,SNX11
5742,2992,GYG1
5743,29920,PYCR2
5744,29941,PKN3
5745,29953,TRHDE
5746,29957,SLC25A24
5747,29965,CDIP1
5748,29968,PSAT1
5749,29979,UBQLN1
5750,29984,RHOD
5751,30,ACAA1
5752,3005,H1-0
5753,3013,H2AC7
5754,3014,H2AX
5755,3015,H2AZ1
5756,3017,H2BC5
5757,3024,H1-1
5758,3029,HAGH
5759,3033,HADH
5760,3049,HBQ1
5761,3052,HCCS
5762,3065,HDAC1
5763,308,ANXA5
5764,30811,HUNK
5765,30832,ZNF354C
5766,30833,NT5C
5767,30846,EHD2
5768,3087,HHEX
5769,309,ANXA6
5770,3093,UBE2K
5771,3097,HIVEP2
5772,3145,HMBS
5773,3149,HMGB3
5774,3162,HMOX1
5775,3170,FOXA2
5776,3171,FOXA3
5777,317701,VN1R2
5778,3185,HNRNPF
5779,3187,HNRNPH1
5780,3188,HNRNPH2
5781,3202,HOXA5
5782,322,APBB1
5783,323,APBB2
5784,3234,HOXD8
5785,3241,HPCAL1
5786,3251,HPRT1
5787,3267,AGFG1
5788,3281,HSBP1
5789,3295,HSD17B4
5790,3298,HSF2
5791,3299,HSF4
5792,33,ACADL
5793,3300,DNAJB2
5794,3301,DNAJA1
5795,3310,HSPA6
5796,3312,HSPA8
5797,3336,HSPE1
5798,334,APLP2
5799,3364,HUS1
5800,3376,IARS1
5801,337867,UBAC2
5802,337875,H2BP1
5803,3383,ICAM1
5804,338323,NLRP14
5805,338442,HCAR2
5806,3386,ICAM4
5807,338645,LUZP2
5808,338758,ATP2B1-AS1
5809,338917,VSX2
5810,338963,LOC338963
5811,339005,WHAMMP3
5812,339044,PKD1P1
5813,339105,PRSS53
5814,339201,ASB16-AS1
5815,339324,ZNF260
5816,339448,C1orf174
5817,339451,KLHL17
5818,339541,ARMH1
5819,339822,LINC01115
5820,339896,GADL1
5821,339929,LPP-AS2
5822,340120,ANKRD34B
5823,340168,DPPA5
5824,340277,FAM221A
5825,340351,AGBL3
5826,340515,LINC01501
5827,340526,RTL5
5828,341276,OR10A2
5829,3416,IDE
5830,342035,GLDN
5831,343069,HNRNPCL1
5832,344558,SH3RF3
5833,345462,ZNF879
5834,3455,IFNAR2
5835,346157,ZNF391
5836,347127,SPATA31D5P
5837,347733,TUBB2B
5838,347736,NME9
5839,347741,OTOP3
5840,347918,EP400P1
5841,348110,ARPIN
5842,3486,IGFBP3
5843,348645,MIR3667HG
5844,348654,GEN1
5845,348995,NUP43
5846,349075,ZNF713
5847,349152,DPY19L2P2
5848,349633,PLET1
5849,3508,IGHMBP2
5850,352954,CASTOR3P
5851,353142,LCE3A
5852,353324,SPATA12
5853,353355,ZNF233
5854,353500,BMP8A
5855,356,FASLG
5856,3570,IL6R
5857,3580,CXCR2P1
5858,3592,IL12A
5859,3603,IL16
5860,3604,TNFRSF9
5861,3622,ING2
5862,3628,INPP1
5863,3652,IPP
5864,3675,ITGA3
5865,3685,ITGAV
5866,3690,ITGB3
5867,3705,ITPK1
5868,3714,JAG2
5869,3732,CD82
5870,3742,KCNA6
5871,3746,KCNC1
5872,374900,ZNF568
5873,375035,SFT2D2
5874,375133,PI4KAP2
5875,375287,RBM43
5876,375298,CERKL
5877,375316,RBM44
5878,375337,TOPAZ1
5879,375611,SLC26A5
5880,3757,KCNH2
5881,375790,AGRN
5882,3761,KCNJ4
5883,376132,LRRC10
5884,3767,KCNJ11
5885,3769,KCNJ13
5886,3777,KCNK3
5887,378708,CENPS
5888,3799,KIF5B
5889,381,ARF5
5890,3832,KIF11
5891,3848,KRT1
5892,3854,KRT6B
5893,386617,KCTD8
5894,387,RHOA
5895,387097,C6orf147
5896,387254,SLC7A5P2
5897,387787,LIPT2
5898,387856,CCDC184
5899,388152,GOLGA2P7
5900,3882,KRT32
5901,388341,LRRC75A
5902,388381,SPMAP1
5903,388523,ZNF728
5904,388564,TMEM238
5905,388591,RNF207
5906,388662,SLC6A17
5907,388677,NOTCH2NLA
5908,388753,COA6
5909,388796,SNHG17
5910,388965,FUNDC2P2
5911,389136,VGLL3
5912,389170,LEKR1
5914,389549,FEZF1
5915,389791,PTGES2-AS1
5916,389792,IER5L
5917,390110,ACCSL
5918,390439,OR11G2
5919,3908,LAMA2
5920,3911,LAMA5
5921,391365,SULT6B1
5922,3915,LAMC1
5923,3916,LAMP1
5924,3918,LAMC2
5925,3920,LAMP2
5926,393,ARHGAP4
5927,3930,LBR
5928,3939,LDHA
5929,396,ARHGDIA
5930,3973,LHCGR
5931,3992,FADS1
5932,3995,FADS3
5933,399694,SHC4
5934,3998,LMAN1
5935,399818,EEF1AKMT2
5936,399949,HOATZ
5937,4001,LMNB1
5938,400456,LETR1
5939,400508,CRYM-AS1
5940,400569,MED11
5941,400713,ZNF880
5942,400954,EML6
5943,400957,REL-DT
5944,400960,PCBP1-AS1
5945,401103,LINC01994
5946,401115,NICOL1
5947,401207,C5orf63
5948,4013,VWA5A
5949,401431,ATP6V0E2-AS1
5950,401474,SAMD12
5951,4017,LOXL2
5952,401720,FIGNL2
5953,401898,ZNF833P
5954,402,ARL2
5955,404037,HAPLN4
5956,404217,CTXN1
5957,4054,LTBP3
5958,406,BMAL1
5959,406913,MIR126
5960,406917,MIR129-1
5961,406920,MIR130B
5962,406944,MIR153-1
5963,406945,MIR153-2
5964,406947,MIR155
5965,406984,MIR200B
5966,406986,MIR203A
5967,406987,MIR204
5968,406997,MIR215
5969,407037,MIR320A
5970,4072,EPCAM
5971,4076,CAPRIN1
5972,4085,MAD2L1
5973,409,ARRB2
5974,4090,SMAD5
5975,4093,SMAD9
5976,41,ASIC1
5977,4116,MAGOH
5978,4124,MAN2A1
5979,4125,MAN2B1
5980,4134,MAP4
5981,4139,MARK1
5982,414059,TBC1D3B
5983,414060,TBC1D3C
5984,4141,MARS1
5985,4142,MAS1
5986,414208,ZNF32-AS2
5987,414212,GLUD1P2
5988,4147,MATN2
5989,414927,MGC34796
5990,415116,PIM3
5991,4152,MBD1
5992,4162,MCAM
5993,4171,MCM2
5994,4194,MDM4
5995,4199,ME1
5996,4205,MEF2A
5997,4214,MAP3K1
5998,4217,MAP3K5
5999,4218,RAB8A
6000,4232,MEST
6001,4245,MGAT1
6002,4247,MGAT2
6003,4254,KITLG
6004,4282,MIF
6005,4285,MIPEP
6006,4286,MITF
6007,4291,MLF1
6008,4299,AFF1
6009,4330,MN1
6010,435,ASL
6011,4354,MPP1
6012,440,ASNS
6013,440193,CCDC88C
6014,440253,WHAMMP2
6015,440278,CATSPER2P1
6016,440452,TBC1D3P2
6017,440465,BAIAP2-DT
6018,440498,HSBP1L1
6019,440563,HNRNPCL2
6020,440567,UQCRHL
6021,440584,SLC2A1-DT
6022,440799,P2RX6P
6023,440829,SHISA8
6024,440900,LINC01191
6025,440952,EIF1B-AS1
6026,440957,UQCC5
6027,441072,IL6ST-DT
6028,441108,IRF1-AS1
6029,441150,C6orf226
6030,441155,ZC3H11C
6031,441191,RNF216P1
6032,441204,LINC02981
6033,441250,TYW1B
6034,441355,MIR2052HG
6035,441518,RTL8B
6036,441531,PGAM4
6037,441631,TSPAN11
6038,442425,FOXB2
6039,442523,DPY19L2P4
6040,442578,STAG3L3
6041,442582,STAG3L2
6042,4440,MSI1
6043,4478,MSN
6044,4488,MSX2
6045,4493,MT1E
6046,4544,MTNR1B
6047,4548,MTR
6048,4591,TRIM37
6049,4605,MYBL2
6050,4610,MYCL
6051,4616,GADD45B
6052,4637,MYL6
6053,4645,MYO5B
6054,4646,MYO6
6055,4666,NACA
6056,4677,NARS1
6057,4681,NBL1
6058,4683,NBN
6059,4698,NDUFA5
6060,4704,NDUFA9
6061,4705,NDUFA10
6062,4708,NDUFB2
6063,4712,NDUFB6
6064,4723,NDUFV1
6065,4725,NDUFS5
6066,4744,NEFH
6067,4747,NEFL
6068,475,ATOX1
6069,4760,NEUROD1
6070,4771,NF2
6071,4772,NFATC1
6072,4782,NFIC
6073,4792,NFKBIA
6074,48,ACO1
6075,4804,NGFR
6076,4809,SNU13
6077,4810,NHS
6078,4824,NKX3-1
6079,483,ATP1B3
6080,4848,CNOT2
6081,4860,PNP
6082,4862,NPAS2
6083,489,ATP2A3
6084,4893,NRAS
6085,4897,NRCAM
6086,4898,NRDC
6087,4901,NRL
6088,4916,NTRK3
6089,493,ATP2B4
6090,4931,NVL
6091,493754,RABGEF1P1
6092,493861,EID3
6093,493900,TMEM9B-AS1
6094,493901,RNASE12
6095,494115,RBMXL1
6096,4942,OAT
6097,4943,TBC1D25
6098,494514,TYMSOS
6099,4948,OCA2
6100,4952,OCRL
6101,4953,ODC1
6102,4986,OPRK1
6103,4999,ORC2
6104,5007,OSBP
6105,5034,P4HB
6106,503542,SPRN
6107,5046,PCSK6
6108,5048,PAFAH1B1
6109,5049,PAFAH1B2
6110,50618,ITSN2
6111,50624,CUZD1
6112,50632,CALY
6113,50650,ARHGEF3
6114,5073,PARN
6115,5079,PAX5
6116,50810,HDGFL3
6117,50813,COPS7A
6118,5083,PAX9
6119,5093,PCBP1
6120,5094,PCBP2
6121,5096,PCCB
6122,5099,PCDH7
6123,51002,TPRKB
6124,51003,MED31
6125,51008,ASCC1
6126,51013,EXOSC1
6127,51016,EMC9
6128,51023,MRPS18C
6129,51025,PAM16
6130,51026,GOLT1B
6131,51035,UBXN1
6132,51053,GMNN
6133,51075,TMX2
6134,51076,CUTC
6135,5108,PCM1
6136,51085,MLXIPL
6137,51093,METTL25B
6138,51096,UTP18
6139,51100,SH3GLB1
6140,51110,LACTB2
6141,51116,MRPS2
6142,51126,NAA20
6143,51129,ANGPTL4
6144,51130,ASB3
6145,51193,ZNF639
6146,51194,IPO11
6147,51202,DDX47
6148,51209,RAB9B
6149,51214,IGF2-AS
6150,5125,PCSK5
6151,51253,MRPL37
6152,51266,CLEC1B
6153,51272,BET1L
6154,51278,IER5
6155,5128,CDK17
6156,51286,CEND1
6157,51292,GMPR2
6158,51303,FKBP11
6159,51305,KCNK9
6160,51306,FAM13B
6161,51319,RSRC1
6162,51330,TNFRSF12A
6163,51335,NGRN
6164,5134,PDCD2
6165,51341,ZBTB7A
6166,51368,TEX264
6167,51379,CRLF3
6168,51380,CSAD
6169,51382,ATP6V1D
6170,51388,NIP7
6171,514,ATP5F1E
6172,51421,AMOTL2
6173,5144,PDE4D
6174,51444,RNF138
6175,51450,PRRX2
6176,51460,SFMBT1
6177,51493,RTCB
6178,51497,NELFCD
6179,51510,CHMP5
6180,51512,GTSE1
6181,51513,ETV7
6182,51528,JKAMP
6183,51533,PHF7
6184,51547,SIRT7
6185,5156,PDGFRA
6186,51585,PCF11
6187,51601,LIPT1
6188,51621,KLF13
6189,51637,RTRAF
6190,51639,SF3B6
6191,51642,MRPL48
6192,51654,CDK5RAP1
6193,51669,SARAF
6194,5167,ENPP1
6195,51686,OAZ3
6196,51691,LSM8
6197,5170,PDPK1
6198,51725,FBXO40
6199,51727,CMPK1
6200,51734,MSRB1
6201,51741,WWOX
6202,51747,LUC7L3
6203,51754,TMEM8B
6204,51763,INPP5K
6205,51776,MAP3K20
6206,5178,PEG3
6207,5179,PENK
6208,51808,PHAX
6209,5188,GATB
6210,5191,PEX7
6211,5196,PF4
6212,5198,PFAS
6213,52,ACP1
6214,5202,PFDN2
6215,5203,PFDN4
6216,5209,PFKFB3
6217,5213,PFKM
6218,5229,PGGT1B
6219,5270,SERPINE2
6220,528,ATP6V1C1
6221,5290,PIK3CA
6222,5293,PIK3CD
6223,5310,PKD1
6224,5316,PKNOX1
6225,5325,PLAGL1
6226,5332,PLCB4
6227,53342,IL17D
6228,53345,TM6SF2
6229,53353,LRP1B
6230,53354,PANK1
6231,53358,SHC3
6232,53371,NUP54
6233,53373,TPCN1
6234,5355,PLP2
6235,537,ATP6AP1
6236,53840,TRIM34
6237,53916,RAB4B
6238,5393,EXOSC9
6239,53981,CPSF2
6240,54014,BRWD1
6241,54103,GSAP
6242,54107,POLE3
6243,5411,PNN
6244,5412,UBL3
6245,54149,C21orf91
6246,541565,C8orf58
6247,54187,NANS
6248,54221,SNTG2
6249,5424,POLD1
6250,5427,POLE2
6251,5428,POLG
6252,5433,POLR2D
6253,54345,SOX18
6254,5435,POLR2F
6255,5438,POLR2I
6256,54407,SLC38A2
6257,54441,STAG3L1
6258,54458,PRR13
6259,54465,ETAA1
6260,54469,ZFAND6
6261,54475,NLE1
6262,54476,RNF216
6263,54492,NEURL1B
6264,5450,POU2AF1
6265,54511,HMGCLL1
6266,54516,MTRF1L
6267,54529,ASNSD1
6268,5454,POU3F2
6269,54540,FAM193B
6270,54542,RC3H2
6271,54551,MAGEL2
6272,54566,EPB41L4B
6273,54584,GNB1L
6274,54587,MXRA8
6275,54617,INO80
6276,54619,CCNJ
6277,54664,TMEM106B
6278,54682,MANSC1
6279,54700,RRN3
6280,54758,KLHDC4
6281,54769,DIRAS2
6282,54780,NSMCE4A
6283,5480,PPIC
6284,54806,AHI1
6285,54807,ZNF586
6286,54826,GIN1
6287,54834,GDAP2
6288,54840,APTX
6289,54843,SYTL2
6290,54849,DEF8
6291,54861,SNRK
6292,54867,TMEM214
6293,54877,ZCCHC2
6294,54879,ST7L
6295,54881,TEX10
6296,54888,NSUN2
6297,54890,ALKBH5
6298,54898,ELOVL2
6299,54906,TASOR2
6300,54913,RPP25
6301,54918,CMTM6
6302,54921,CHTF8
6303,54925,ZSCAN32
6304,54928,BPNT2
6305,54929,TMEM161A
6306,5493,PPL
6307,54942,ABITRAM
6308,54957,TXNL4B
6309,54958,TMEM160
6310,550,AUP1
6311,55009,FAM174C
6312,55010,PARPBP
6313,55013,MCUB
6314,55022,PID1
6315,55023,PHIP
6316,55027,HEATR3
6317,55030,FBXO34
6318,55034,MOCOS
6319,55049,REX1BD
6320,55054,ATG16L1
6321,55056,GABPB1-IT1
6322,55062,WIPI1
6323,550631,CCDC157
6324,55074,OXR1
6325,55075,UACA
6326,55081,IFT57
6327,55084,SOBP
6328,5510,PPP1R7
6329,55101,DMAC2
6330,55108,BSDC1
6331,55110,MAGOHB
6332,55111,PLEKHJ1
6333,55116,TMEM39B
6334,55129,ANO10
6335,55130,ODAD2
6336,55131,RBM28
6337,55132,LARP1B
6338,55139,ANKZF1
6339,55148,UBR7
6340,5515,PPP2CA
6341,55150,C19orf73
6342,55151,TMEM38B
6343,55163,PNPO
6344,55168,MRPS18A
6345,55170,PRMT6
6346,55179,FAIM
6347,55207,ARL8B
6348,55208,DCUN1D2
6349,55212,BBS7
6350,55224,ETNK2
6351,55227,LRRC1
6352,55229,PANK4
6353,55240,STEAP3
6354,55244,SLC47A1
6355,55246,CCDC25
6356,55251,PCMTD2
6357,55253,TYW1
6358,55254,TMEM39A
6359,55256,ADI1
6360,55258,THNSL2
6361,55262,TRAPPC14
6362,55266,TMEM19
6363,5527,PPP2R5C
6364,55270,NUDT15
6365,55272,IMP3
6366,5528,PPP2R5D
6367,55280,CWF19L1
6368,55283,MCOLN3
6369,55295,KLHL26
6370,55308,DDX19A
6371,553103,MIR3936HG
6372,55312,RFK
6373,553158,PRR5-ARHGAP8
6374,55317,AP5S1
6375,55319,TMA16
6376,55326,AGPAT5
6377,55328,RNLS
6378,55331,ACER3
6379,55332,DRAM1
6380,55340,GIMAP5
6381,55343,SLC35C1
6382,55345,ZGRF1
6383,55347,ABHD10
6384,55349,CHDH
6385,55353,LAPTM4B
6386,5536,PPP5C
6387,5537,PPP6C
6388,55379,LRRC59
6389,5538,PPT1
6390,55388,MCM10
6391,554201,CCDC148-AS1
6392,554206,LOC554206
6393,554251,FBXO48
6394,55437,STRADB
6395,5546,PRCC
6396,55471,NDUFAF7
6397,55509,BATF3
6398,55521,TRIM36
6399,55536,CDCA7L
6400,55544,RBM38
6401,55545,MSX2P1
6402,55552,ZNF823
6403,55558,PLXNA3
6404,55565,ZNF821
6405,55572,FOXRED1
6406,55582,KIF27
6407,55588,MED29
6408,55593,OTUD5
6409,55608,ANKRD10
6410,55623,THUMPD1
6411,55629,PNRC2
6412,5563,PRKAA2
6413,55634,KRBOX4
6414,55635,DEPDC1
6415,5564,PRKAB1
6416,55643,BTBD2
6417,55659,ZNF416
6418,55661,DDX27
6419,55670,PEX26
6420,55672,NBPF1
6421,55676,SLC30A6
6422,55684,RABL6
6423,55686,MREG
6424,55689,YEATS2
6425,55698,RADIL
6426,55703,POLR3B
6427,55711,FAR2
6428,55715,DOK4
6429,55719,SLF2
6430,55728,N4BP2
6431,55729,ATF7IP
6432,55739,NAXD
6433,55742,PARVA
6434,55750,AGK
6435,55753,OGDHL
6436,55766,H2AJ
6437,55769,ZNF83
6438,5578,PRKCA
6439,55780,ERMARD
6440,55781,RIOK2
6441,55783,CMTR2
6442,55787,TXLNG
6443,55788,LMBRD1
6444,55795,PCID2
6445,55798,METTL2B
6446,55799,CACNA2D3
6447,5580,PRKCD
6448,55837,EAPP
6449,55847,CISD1
6450,55858,TMEM165
6451,55870,ASH1L
6452,55871,ZNG1A
6453,55888,ZKSCAN7
6454,55890,GPRC5C
6455,55898,UNC45A
6456,5590,PRKCZ
6457,55900,ZNF302
6458,55904,KMT2E
6459,55905,RNF114
6460,55915,LANCL2
6461,5592,PRKG1
6462,5593,PRKG2
6463,5596,MAPK4
6464,55970,GNG12
6465,55971,BAIAP2L1
6466,5601,MAPK9
6467,5603,MAPK13
6468,56033,BARX1
6469,5605,MAP2K2
6470,56052,ALG1
6471,5606,MAP2K3
6472,56172,ANKH
6473,5621,PRNP
6474,56252,YLPM1
6475,56257,MEPCE
6476,56267,KYAT3
6477,56270,WDR45B
6478,56288,PARD3
6479,56301,SLC7A10
6480,5638,PRRG1
6481,5663,PSEN1
6482,56648,EIF5A2
6483,56654,NPDC1
6484,5681,PSKH1
6485,5686,PSMA5
6486,5689,PSMB1
6487,56890,MDM1
6488,56892,TCIM
6489,56896,DPYSL5
6490,56901,NDUFA4L2
6491,56902,PNO1
6492,56919,DHX33
6493,5692,PSMB4
6494,56929,FEM1C
6495,56941,HMCES
6496,56942,CMC2
6497,56947,MFF
6498,56951,C5orf15
6499,56954,NIT2
6500,5699,PSMB10
6501,56993,TOMM22
6502,57002,YAE1
6503,57003,CCDC47
6504,57026,PDXP
6505,57037,ANKMY2
6506,57048,PLSCR3
6507,57050,UTP3
6508,57060,PCBP4
6509,57062,DDX24
6510,5707,PSMD1
6511,5708,PSMD2
6512,5709,PSMD3
6513,57095,PITHD1
6514,57118,CAMK1D
6515,57120,GOPC
6516,57128,LYRM4
6517,57136,APMAP
6518,57142,RTN4
6519,57156,TMEM63C
6520,5716,PSMD10
6521,57161,PELI2
6522,5717,PSMD11
6523,5718,PSMD12
6524,57180,ACTR3B
6525,57181,SLC39A10
6526,57185,NIPAL3
6527,57188,ADAMTSL3
6528,5719,PSMD13
6529,57192,MCOLN1
6530,57210,SLC45A4
6531,57214,CEMIP
6532,57215,THAP11
6533,57222,ERGIC1
6534,57223,PPP4R3B
6535,57226,LYRM2
6536,57228,SMAGP
6537,5725,PTBP1
6538,5728,PTEN
6539,573,BAG1
6540,5733,PTGER3
6541,5737,PTGFR
6542,57403,RAB22A
6543,57412,AS3MT
6544,57419,SLC24A3
6545,57446,NDRG3
6546,57448,BIRC6
6547,574514,MIR509-1
6548,57458,TMCC3
6549,57459,GATAD2B
6550,5746,PTH2R
6551,57461,ISY1
6552,57469,PNMA8B
6553,57475,PLEKHH1
6554,57484,RNF150
6555,57489,ODF2L
6556,57493,HEG1
6557,57495,NWD2
6558,57498,KIDINS220
6559,57504,MTA3
6560,57526,PCDH19
6561,5754,PTK7
6562,57556,SEMA6A
6563,5756,TWF1
6564,57569,ARHGAP20
6565,57584,ARHGAP21
6566,57587,CFAP97
6567,57593,EBF4
6568,57600,FNIP2
6569,57606,SLAIN2
6570,57630,SH3RF1
6571,57661,PHRF1
6572,57665,RDH14
6573,57677,ZFP14
6574,5768,QSOX1
6575,57697,FANCM
6576,57700,FHIP2A
6577,57706,DENND1A
6578,57707,MEAK7
6579,57713,SFMBT2
6580,57719,ANO8
6581,57722,IGDCC4
6582,57728,WDR19
6583,57731,SPTBN4
6584,57758,SCUBE2
6585,57805,CCAR2
6586,5781,PTPN11
6587,57820,CCNB1IP1
6588,57864,SLC46A2
6589,579,NKX3-2
6590,5791,PTPRE
6591,580,BARD1
6592,58155,PTBP2
6593,5819,NECTIN2
6594,5822,PWP2
6595,5829,PXN
6596,583,BBS2
6597,5832,ALDH18A1
6598,5834,PYGB
6599,58500,ZNF250
6600,58509,CACTIN
6601,58524,DMRT3
6602,58531,PRM3
6603,58533,SNX6
6604,5860,QDPR
6605,5862,RAB2A
6606,5868,RAB5A
6607,5870,RAB6A
6608,5871,MAP4K2
6609,5877,RABIF
6610,5881,RAC3
6611,5888,RAD51
6612,5900,RALGDS
6613,5908,RAP1B
6614,59084,ENPP5
6615,5912,RAP2B
6616,5915,RARB
6617,5923,RASGRF1
6618,59284,CACNG7
6619,5932,RBBP8
6620,59336,PRDM13
6621,5934,RBL2
6622,5935,RBM3
6623,5937,RBMS1
6624,595,CCND1
6625,595098,SNORD18A
6626,595099,SNORD18B
6627,595101,SMG1P5
6628,5962,RDX
6629,5970,RELA
6630,5973,RENBP
6631,5979,RET
6632,5984,RFC4
6633,6002,RGS12
6634,6009,RHEB
6635,6016,RIT1
6636,6023,RMRP
6637,60386,SLC25A19
6638,60401,EDA2R
6639,60412,EXOC4
6640,60436,TGIF2
6641,60481,ELOVL5
6642,60485,SAV1
6643,6049,RNF6
6644,60491,NIF3L1
6645,60493,FASTKD5
6646,6050,RNH1
6647,60528,ELAC2
6648,60529,ALX4
6649,60560,NAA35
6650,6059,ABCE1
6651,60598,KCNK15
6652,60626,RIC8A
6653,606551,UBE2MP1
6654,60672,MIIP
6655,60678,EEFSEC
6656,6093,ROCK1
6657,610,HCN2
6658,6103,RPGR
6659,6132,RPL8
6660,6134,RPL10
6661,6138,RPL15
6662,6141,RPL18
6663,6147,RPL23A
6664,6154,RPL26
6665,6159,RPL29
6666,6173,RPL36A
6667,6183,MRPS12
6668,6184,RPN1
6669,6187,RPS2
6670,6188,RPS3
6671,6189,RPS3A
6672,619498,SNORD74
6673,6195,RPS6KA1
6674,619505,SNORA21
6675,6203,RPS9
6676,6224,RPS20
6677,6229,RPS24
6678,6238,RRBP1
6679,6239,RREB1
6680,6240,RRM1
6681,6248,RSC1A1
6682,6251,RSU1
6683,6252,RTN1
6684,6258,RXRG
6685,6299,SALL1
6686,63027,SLC22A23
6687,6303,SAT1
6688,631,BFSP1
6689,6311,ATXN2
6690,6338,SCNN1B
6691,6341,SCO1
6692,6342,SCP2
6693,6355,CCL8
6694,6386,SDCBP
6695,6387,CXCL12
6696,63877,FAM204A
6697,63898,SH2D4A
6698,6390,SDHB
6699,63905,MANBAL
6700,63925,ZNF335
6701,63932,STEEP1
6702,63935,PCIF1
6703,63950,DMRTA2
6704,6396,SEC13
6705,6397,SEC14L1
6706,63977,PRDM15
6707,6398,SECTM1
6708,6399,TRAPPC2
6709,64065,PERP
6710,64072,CDH23
6711,64077,LHPP
6712,64089,SNX16
6713,64091,POPDC2
6714,64097,EPB41L4A
6715,641,BLM
6716,64123,ADGRL4
6717,641298,SMG1P1
6718,64131,XYLT1
6719,641339,ZNF674
6720,64151,NCAPG
6721,6416,MAP2K4
6722,641638,SNHG6
6723,6419,SETMAR
6724,642,BLMH
6725,6421,SFPQ
6726,64219,PJA1
6727,64223,MLST8
6728,642280,ZNF876P
6729,6423,SFRP2
6730,64282,TENT4B
6731,642846,LOC642846
6732,6429,SRSF4
6733,642968,FAM163B
6734,643,CXCR5
6735,6432,SRSF7
6736,6433,SFSWAP
6737,6434,TRA2B
6738,643542,DSEL-AS1
6739,64376,IKZF5
6740,643836,ZFP62
6741,643837,LINC01128
6742,643853,TMPPE
6743,64393,ZMAT3
6744,64399,HHIP
6745,644,BLVRA
6746,644019,ZNG1F
6747,64405,CDH22
6748,64410,KLHL25
6749,644128,RPL23AP53
6750,644150,WIPF3
6751,64418,TMEM168
6752,64430,PCNX4
6753,644353,ZCCHC18
6754,644538,SMIM10
6755,64493,LINC00235
6756,64506,CPEB1
6757,645121,CCNI2
6758,6452,SH3BP2
6759,645206,LINC00693
6760,6453,ITSN1
6761,6456,SH3GL2
6762,6457,SH3GL3
6763,6461,SHB
6764,646113,LINC00643
6765,646243,CXADRP2
6766,646396,REREP3
6767,64645,MFSD14A
6768,646450,ARIH2OS
6769,64651,CSRNP1
6770,646627,LYPD8
6771,646658,SYNDIG1L
6772,646762,LOC646762
6773,646851,FAM227A
6774,6469,SHH
6775,6470,SHMT1
6776,64711,HS3ST6
6777,64718,UNKL
6778,6472,SHMT2
6779,64747,MFSD1
6780,64754,SMYD3
6781,64759,TNS3
6782,64760,FHIP2B
6783,64770,CCDC14
6784,64776,CFAP68
6785,64782,AEN
6786,64784,CRTC3
6787,64786,TBC1D15
6788,64787,EPS8L2
6789,647946,MIR924HG
6790,6483,ST3GAL2
6791,6484,ST3GAL4
6792,64844,MARCHF7
6793,64859,NABP1
6794,64866,CDCP1
6795,64895,PAPOLG
6796,649,BMP1
6797,64924,SLC30A5
6798,64925,CCDC71
6799,64946,CENPH
6800,64965,MRPS9
6801,64976,MRPL40
6802,650,BMP2
6803,65005,MRPL9
6804,65010,SLC26A6
6805,6505,SLC1A1
6806,65062,TMEM237
6807,65082,VPS33A
6808,6509,SLC1A4
6809,65109,UPF3B
6810,65110,UPF3A
6811,65117,RSRC2
6812,6513,SLC2A1
6813,651746,ANKRD33B
6814,6520,SLC3A2
6815,6524,SLC5A2
6816,65243,ZFP69B
6817,6525,SMTN
6818,65250,CPLANE1
6819,65258,MPPE1
6820,65264,UBE2Z
6821,65267,WNK3
6822,65268,WNK2
6823,6529,SLC6A1
6824,652991,SKOR2
6825,653113,FAM86FP
6826,653121,ZBTB8A
6827,653160,GPR199P
6828,6532,SLC6A4
6829,653319,MATCAP1
6830,653333,FAM86B2
6831,6534,SLC6A7
6832,6535,SLC6A8
6833,653604,H3C13
6834,653645,TBC1D3P1-DHX40P1
6835,653653,LOC653653
6836,653687,FAM226B
6837,6538,SLC6A11
6838,653820,FAM72B
6840,6547,SLC8A3
6841,6548,SLC9A1
6842,6550,SLC9A3
6843,656,BMP8B
6844,657,BMPR1A
6845,6571,SLC18A2
6846,6576,SLC25A1
6847,6578,SLCO2A1
6848,658,BMPR1B
6849,6581,SLC22A3
6850,6583,SLC22A4
6851,6584,SLC22A5
6852,6591,SNAI2
6853,6596,HLTF
6854,65975,STK33
6855,65977,PLEKHA3
6856,65982,ZSCAN18
6857,65992,DDRGK1
6858,65993,MRPS34
6859,66000,TMEM108
6860,6601,SMARCC2
6861,6602,SMARCD1
6862,6605,SMARCE1
6863,6606,SMN1
6864,6607,SMN2
6865,6618,SNAPC2
6866,6620,SNCB
6867,6625,SNRNP70
6868,663,BNIP2
6869,6641,SNTB1
6870,664614,MIR545
6871,6658,SOX3
6872,6667,SP1
6873,6691,SPINK2
6874,673,BRAF
6875,6731,SRP72
6876,6732,SRPK1
6877,6734,SRPRA
6878,6746,SSR2
6879,6748,SSR4
6880,6750,SST
6881,677766,SCARNA2
6882,677795,SNORA5B
6883,677833,SNORA54
6884,6787,NEK4
6885,6804,STX1A
6886,6811,STX5
6887,6812,STXBP1
6888,682,BSG
6889,6835,SURF2
6890,6836,SURF4
6891,6839,SUV39H1
6892,6861,SYT5
6893,6871,TADA2A
6894,6877,TAF5
6895,6878,TAF6
6896,6899,TBX1
6897,6901,TAFAZZIN
6898,6913,TBX15
6899,6917,TCEA1
6900,692085,SNORD45C
6901,6921,ELOC
6902,692111,SNORD71
6903,692225,SNORD94
6904,692227,SNORD104
6905,6924,ELOA
6906,693149,MIR564
6907,693177,MIR592
6908,693183,MIR598
6909,693187,MIR602
6910,6932,TCF7
6911,693207,MIR622
6912,693223,MIR638
6913,693224,MIR639
6914,6939,TCF15
6915,6940,ZNF354A
6916,6947,TCN1
6917,6954,TCP11
6918,7014,TERF2
6919,7016,TESK1
6920,7022,TFAP2C
6921,7029,TFDP2
6922,7030,TFE3
6923,7037,TFRC
6924,7039,TGFA
6925,7045,TGFBI
6926,7058,THBS2
6927,7059,THBS3
6928,7068,THRB
6929,7077,TIMP2
6930,7086,TKT
6931,7093,TLL2
6932,7097,TLR2
6933,71,ACTG1
6934,7105,TSPAN6
6935,7106,TSPAN4
6936,711,ERC2-IT1
6937,7128,TNFAIP3
6938,7133,TNFRSF1B
6939,7156,TOP3A
6940,7181,NR2C1
6941,7188,TRAF5
6942,724028,MIR658
6943,724030,MIR660
6944,7247,TSN
6945,7260,EIPR1
6946,7262,PHLDA2
6947,7270,TTF1
6948,7277,TUBA4A
6949,728040,LINC02499
6950,728116,ZBTB8B
6951,728294,D2HGDH
6952,7283,TUBG1
6953,728431,LITATS1
6954,728464,METTL24
6955,7286,TUFT1
6956,728609,SDHAP3
6957,728661,SLC35E2B
6958,729080,LOC729080
6959,729230,CCR2
6960,729234,FAHD2CP
6961,729264,TP53TG3D
6962,729288,ZNF286B
6963,7295,TXN
6964,729506,LINC02226
6965,729515,TMEM242
6966,729582,DIRC3
6967,729723,DNAJC27-AS1
6968,729747,ZNF878
6969,7316,UBC
6970,731779,LINC01300
6971,7322,UBE2D2
6972,7337,UBE3A
6973,7341,SUMO1
6974,735,C9
6975,735301,SNHG9
6976,7357,UGCG
6977,7368,UGT8
6978,7372,UMPS
6979,7374,UNG
6980,7381,UQCRB
6981,7386,UQCRFS1
6982,7390,UROS
6983,7399,USH2A
6984,740,MRPL49
6985,7419,VDAC3
6986,7428,VHL
6987,7443,VRK1
6988,745,MYRF
6989,7456,WIPF1
6990,7464,CORO2A
6991,7466,WFS1
6992,7471,WNT1
6993,7472,WNT2
6994,7476,WNT7A
6995,7483,WNT9A
6996,7504,XK
6997,7507,XPA
6998,7508,XPC
6999,7511,XPNPEP1
7000,7525,YES1
7001,7544,ZFY
7002,755,CFAP410
7003,7553,ZNF7
7004,7561,ZNF14
7005,7565,ZNF17
7006,7566,ZNF18
7007,7576,ZNF28
7008,7580,ZNF32
7009,7581,ZNF33A
7010,7592,ZNF41
7011,7594,ZNF43
7012,7597,ZBTB25
7013,7633,ZNF79
7014,768211,RELL1
7015,7700,ZNF141
7016,7709,ZBTB17
7017,773,CACNA1A
7018,7733,ZNF180
7019,7737,RNF113A
7020,7746,ZSCAN9
7021,776,CACNA1D
7022,7764,ZNF217
7023,7770,ZNF227
7024,7772,ZNF229
7025,7773,ZNF230
7026,7779,SLC30A1
7027,7798,LUZP1
7028,7799,PRDM2
7029,7804,LRP8
7030,781,CACNA2D1
7031,7818,DAP3
7032,7852,CXCR4
7033,7855,FZD5
7034,7857,SCG2
7035,7862,BRPF1
7036,7867,MAPKAPK3
7037,7873,MANF
7038,7884,SLBP
7039,78986,DUSP26
7040,78990,OTUB2
7041,78991,PCYOX1L
7042,78997,GDAP1L1
7043,790,CAD
7044,79001,VKORC1
7045,79002,TRIR
7046,79007,DBNDD1
7047,79012,CAMKV
7048,79036,KXD1
7049,79038,ZFYVE21
7050,79039,DDX54
7051,79042,TSEN34
7052,79047,KCTD15
7053,7905,REEP5
7054,79058,ASPSCR1
7055,79078,C1orf50
7056,79080,CCDC86
7057,79081,LBHD1
7058,79086,SMIM7
7059,79095,BBLN
7060,790955,UQCC3
7061,79135,APOO
7062,79149,ZSCAN5A
7063,79154,DHRS11
7064,79158,GNPTAB
7065,79165,LENG1
7066,79190,IRX6
7067,79269,DCAF10
7068,79345,OR51B2
7069,79365,BHLHE41
7070,79414,LRFN3
7071,79443,FYCO1
7072,79465,ULBP3
7073,79570,NKAIN1
7074,79594,MUL1
7075,79605,PGBD5
7076,79607,FAM118B
7077,79621,RNASEH2B
7078,79635,CCDC121
7079,79642,ARSJ
7080,79656,BEND5
7081,79658,ARHGAP10
7082,79660,PPP1R3B
7083,79664,ICE2
7084,79665,DHX40
7085,79666,PLEKHF2
7086,79680,RTL10
7087,79685,SAP30L
7088,79693,YRDC
7089,79695,GALNT12
7090,79706,PRKRIP1
7091,79719,AAGAB
7092,79725,THAP9
7093,79731,NARS2
7094,79744,ZNF419
7095,7975,MAFK
7096,79758,DHRS12
7097,79778,MICALL2
7098,79792,GSDMD
7099,7980,TFPI2
7100,79809,TTC21B
7101,79814,AGMAT
7102,79818,ZNF552
7103,7982,ST7
7104,79825,EFCC1
7105,79828,METTL8
7106,79830,ZMYM1
7107,79831,KDM8
7108,79836,LONRF3
7109,79848,CSPP1
7110,79868,ALG13
7111,79870,BAALC
7112,79873,NUDT18
7113,79882,ZC3H14
7114,79884,MAP9
7115,79887,PLBD1
7116,79888,LPCAT1
7117,79890,RIN3
7118,79892,MCMBP
7119,79893,GGNBP2
7120,79905,TMC7
7121,79915,ATAD5
7122,79918,SETD6
7123,79929,MAP6D1
7124,79940,LINC00472
7125,79943,ZNF696
7126,79947,DHDDS
7127,79959,CEP76
7128,79973,ZNF442
7129,79982,DNAJB14
7130,79993,ELOVL7
7131,80003,PCNX2
7132,80004,ESRP2
7133,80005,DOCK5
7134,80014,WWC2
7135,80020,FOXRED2
7136,80021,TMEM62
7137,80022,MYO15B
7138,80028,FBXL18
7139,80031,SEMA6D
7140,80036,TRPM3
7141,80045,GPR157
7142,80063,ATF7IP2
7143,80067,DCAF17
7144,80069,LINC00574
7145,80086,TUBA4B
7146,80144,FRAS1
7147,80150,ASRGL1
7148,80173,IFT74
7149,80183,RUBCNL
7150,80195,TMEM254
7151,80207,OPA3
7152,80217,CFAP43
7153,80218,NAA50
7154,80224,NUBPL
7155,80227,PAAF1
7156,80233,FAAP100
7157,80255,SLC35F5
7158,80301,PLEKHO2
7159,80305,TRABD
7160,80309,SPHKAP
7161,80310,PDGFD
7162,80312,TET1
7163,80313,LRRC27
7164,80315,CPEB4
7165,80331,DNAJC5
7166,80339,PNPLA3
7167,8034,SLC25A16
7168,80344,DCAF11
7169,8045,RASSF7
7170,8061,FOSL1
7171,80704,SLC19A3
7172,80714,PBX4
7173,80727,TTYH3
7174,8073,PTP4A2
7175,80755,AARSD1
7176,80775,TMEM177
7177,8082,SSPN
7178,80820,EEPD1
7179,80821,DDHD1
7180,8086,AAAS
7181,8089,YEATS4
7182,80895,ILKAP
7183,80896,NPL
7184,8091,HMGA2
7185,8100,IFT88
7186,81034,SLC25A32
7187,81035,COLEC12
7188,81285,OR51E2
7189,814,CAMK4
7190,8140,SLC7A5
7191,8148,TAF15
7192,81490,PTDSS2
7193,81491,GPR63
7194,81537,SGPP1
7195,81556,INTS14
7196,81563,C1orf21
7197,81572,PDRG1
7198,81573,ANKRD13C
7199,81575,APOLD1
7200,81579,PLA2G12A
7201,816,CAMK2B
7202,81605,URM1
7203,81608,FIP1L1
7204,81609,SNX27
7205,8161,COIL
7206,81611,ANP32E
7207,81619,TSPAN14
7208,81622,UNC93B1
7209,81624,DIAPH3
7210,81627,TRMT1L
7211,81631,MAP1LC3B
7212,81789,TIGD6
7213,81796,SLCO5A1
7214,818,CAMK2G
7215,81847,RNF146
7216,81848,SPRY4
7217,81873,ARPC5L
7218,81888,HYI
7219,81893,SLC7A5P1
7220,819,CAMLG
7221,8192,CLPP
7222,8202,NCOA3
7223,8204,NRIP1
7224,8208,CHAF1B
7225,8224,SYN3
7226,8237,USP11
7227,8239,USP9X
7228,826,CAPNS1
7229,8269,TMEM187
7230,8270,LAGE3
7231,8284,KDM5D
7232,8290,H3-4
7233,8291,DYSF
7234,8293,SERF1A
7235,8294,H4C9
7236,8314,BAP1
7237,8322,FZD4
7238,8335,H2AC4
7239,8336,H2AC17
7240,83394,PITPNM3
7241,83439,TCF7L1
7242,83440,ADPGK
7243,83443,SF3B5
7244,83449,PMFBP1
7245,83450,DRC3
7246,83464,APH1B
7247,83475,DOHH
7248,83482,SCRT1
7249,8350,H3C1
7250,8351,H3C4
7251,8352,H3C3
7252,8353,H3C6
7253,83540,NUF2
7254,83548,COG3
7255,8355,H3C8
7256,8356,H3C12
7257,8358,H3C2
7258,83592,AKR1E2
7259,83593,RASSF5
7260,8360,H4C4
7261,83605,CCM2
7262,8361,H4C6
7263,8362,H4C12
7264,8363,H4C11
7265,83639,TEX101
7266,83660,TLN2
7267,83666,PARP9
7268,83690,CRISPLD1
7269,83692,CD99L2
7270,83707,TRPT1
7271,83716,CRISPLD2
7272,8372,HYAL3
7273,83732,RIOK1
7274,83734,ATG10
7275,83737,ITCH
7276,83743,GRWD1
7277,83856,FSD1L
7278,83930,STARD3NL
7279,83933,HDAC10
7280,83937,RASSF4
7281,83955,NACA4P
7282,83957,FRMD8P1
7283,83959,SLC4A11
7284,8398,PLA2G6
7285,83989,ARB2A
7286,8402,SLC25A11
7287,8405,SPOP
7288,84056,KATNAL1
7289,8406,SRPX
7290,84062,DTNBP1
7291,84073,MYCBPAP
7292,84078,KBTBD7
7293,84108,PCGF6
7294,8412,BCAR3
7295,84148,KAT8
7296,84172,POLR1B
7297,84186,ZCCHC7
7298,84187,TMEM164
7299,84193,SETD3
7300,84217,ZMYND12
7301,84233,TMEM126A
7302,84236,RHBDD1
7303,84240,ZCCHC9
7304,84243,ZDHHC18
7305,84259,DCUN1D5
7306,84260,TCHP
7307,84261,FBXW9
7308,84264,HAGHL
7309,84271,POLDIP3
7310,84272,YIPF4
7311,84279,PRADC1
7312,84300,UQCC2
7313,84312,BRMS1L
7314,84319,CMSS1
7315,84326,METTL26
7316,84330,ZNF414
7317,84364,ARFGAP2
7318,84418,CYSTM1
7319,84440,RAB11FIP4
7320,84451,MAP3K21
7321,8446,DUSP11
7322,8452,CUL3
7323,84545,MRPL43
7324,84548,TMEM185A
7325,84572,GNPTG
7326,846,CASR
7327,84624,FNDC1
7328,84628,NTNG2
7329,84640,USP38
7330,84641,MFSD14B
7331,84658,ADGRE3
7332,84671,ZNF347
7333,84679,SLC9A7
7334,84684,INSM2
7335,84698,CAPS2
7336,84701,COX4I2
7337,84707,BEX2
7338,84747,UNC119B
7339,84766,CRACR2A
7340,84769,MPV17L2
7341,84791,LINC00467
7342,84792,FAM220A
7343,84798,C19orf48P
7344,8480,RAE1
7345,84811,BUD13
7346,84817,TXNDC17
7347,84820,POLR2J4
7348,84836,ABHD14B
7349,84838,ZNF496
7350,84879,MFSD2A
7351,84883,AIFM2
7352,84890,ADO
7353,84901,NFATC2IP
7354,84905,ZNF341
7355,84909,AOPEP
7356,84918,LRP11
7357,84920,ALG10
7358,84933,C8orf76
7359,84937,ZNRF1
7360,84958,SYTL1
7361,84981,MIR22HG
7362,84991,RBM17
7363,85004,RERG
7364,85015,USP45
7365,8504,PEX3
7366,8509,NDST2
7367,8514,KCNAB2
7368,8516,ITGA8
7369,85236,H2BC12
7370,8526,DGKE
7371,8527,DGKD
7372,85301,COL27A1
7373,8533,COPS3
7374,85359,DGCR6L
7375,85364,ZCCHC3
7376,8539,API5
7377,85407,NKD1
7378,85409,NKD2
7379,85414,SLC45A3
7380,85415,RHPN2
7381,85440,DOCK7
7382,85444,LRRCC1
7383,85456,TNKS1BP1
7384,8546,AP3B1
7385,85463,ZC3H12C
7386,85464,SSH2
7387,85477,SCIN
7388,8554,PIAS1
7389,8573,CASK
7390,8574,AKR7A2
7391,8575,PRKRA
7392,8577,TMEFF1
7393,86,ACTL6A
7394,8607,RUVBL1
7395,8612,PLPP2
7396,8634,RTCA
7397,8642,DCHS1
7398,8645,KCNK5
7399,8649,LAMTOR3
7400,8662,EIF3B
7401,8666,EIF3G
7402,8669,EIF3J
7403,8681,JMJD7-PLA2G4B
7404,8682,PEA15
7405,8683,SRSF9
7406,8694,DGAT1
7407,87,ACTN1
7408,8702,B4GALT4
7409,8706,B3GALNT1
7410,8729,GBF1
7411,8755,ADAM6
7412,8763,CD164
7413,8767,RIPK2
7414,8772,FADD
7415,8775,NAPA
7416,8792,TNFRSF11A
7417,8795,TNFRSF10B
7418,8797,TNFRSF10A
7419,8798,DYRK4
7420,88,ACTN2
7421,8804,CREG1
7422,8813,DPM1
7423,8817,FGF18
7424,8821,INPP4B
7425,8836,GGH
7426,8843,HCAR3
7427,8862,APLN
7428,8874,ARHGEF7
7429,8876,VNN1
7430,8886,DDX18
7431,8891,EIF2B3
7432,89122,TRIM4
7433,8914,TIMELESS
7434,8915,BCL10
7435,892,CCNC
7436,8925,HERC1
7437,8926,SNURF
7438,8930,MBD4
7439,8932,MBD2
7440,8933,RTL8C
7441,8940,TOP3B
7442,8969,H2AC11
7443,8970,H2BC11
7444,8974,P4HA2
7445,898,CCNE1
7446,89801,PPP1R3F
7447,89832,CHRFAM7A
7448,89849,ATG16L2
7449,89858,SIGLEC12
7450,89874,SLC25A21
7451,89890,KBTBD6
7452,89891,DYNC2I2
7453,899,CCNF
7454,89944,GLB1L2
7455,8996,NOL3
7456,90102,PHLDB2
7457,9014,TAF1B
7458,90187,EMILIN3
7459,902,CCNH
7460,9020,MAP3K14
7461,9024,BRSK2
7462,90246,LOC90246
7463,9031,BAZ1B
7464,90333,ZNF468
7465,90381,TICRR
7466,9039,UBA3
7467,90407,TMEM41A
7468,90410,IFT20
7469,90411,MCFD2
7470,90459,ERI1
7471,9047,SH2D2A
7472,9049,AIP
7473,90522,YIF1B
7474,90550,MCU
7475,9056,SLC7A7
7476,90589,ZNF625
7477,9060,PAPSS2
7478,90639,COX19
7479,90665,TBL1Y
7480,90736,VCF2
7481,9077,DIRAS3
7482,9095,TBX19
7483,90952,ESAM
7484,90957,DHX57
7485,9097,USP14
7486,9099,USP2
7487,9100,USP10
7488,91010,FMNL3
7489,91039,DPP9
7490,9108,MTMR7
7491,9110,MTMR4
7492,91107,TRIM47
7493,91120,ZNF682
7494,9113,LATS1
7495,91133,L3MBTL4
7496,9114,ATP6V0D1
7497,91181,NUP210L
7498,9127,P2RX6
7499,9128,PRPF4
7500,9129,PRPF3
7501,91298,RLIG1
7502,9130,FAM50A
7503,91304,TMEM259
7504,91316,GUSBP11
7505,91373,UAP1L1
7506,9140,ATG12
7507,91409,CCDC74B
7508,9143,SYNGR3
7509,9144,SYNGR2
7510,9146,HGS
7511,915,CD3D
7512,9158,FIBP
7513,91612,CHURC1
7514,9166,EBAG9
7515,9169,SCAF11
7516,91775,NXPE3
7517,9180,OSMR
7518,9184,BUB3
7519,91966,EOLA1
7520,91978,TPGS1
7521,9205,ZMYM5
7522,9208,LRRFIP1
7523,92086,GGTLC1
7524,9214,FCMR
7525,92140,MTDH
7526,9217,VAPB
7527,92170,MTG1
7528,9218,VAPA
7529,92259,MRPS36
7530,92293,TMEM132C
7531,9230,RAB11B
7532,9236,CCPG1
7533,9241,NOG
7534,9242,MSC
7535,9244,CRLF1
7536,9245,GCNT3
7537,9247,GCM2
7538,92482,BBIP1
7539,92521,SPECC1
7540,9255,AIMP1
7541,9267,CYTH1
7542,92675,DTD1
7543,92691,TMEM169
7544,92714,ARRDC1
7545,92737,DNER
7546,9275,BCL7B
7547,92815,H2AC25
7548,9310,ZNF235
7549,93100,NAPRT
7550,93109,TMEM44
7551,9314,KLF4
7552,93166,PRDM6
7553,9321,TRIP11
7554,93233,ODAD1
7555,9326,ZNHIT3
7556,93380,MMGT1
7557,9341,VAMP3
7558,9342,SNAP29
7559,9343,EFTUD2
7560,93436,ARMC6
7561,9348,NDST3
7562,93487,MAPK1IP1L
7563,93492,TPTE2
7564,9354,UBE4A
7565,93550,ZFAND4
7566,93594,TBC1D31
7567,93611,FBXO44
7568,93649,MYOCD
7569,93653,ST7-AS1
7570,9373,PLAA
7571,9377,COX5A
7572,9394,HS6ST1
7573,93974,ATP5IF1
7574,94086,HSPB9
7575,94104,PAXBP1
7576,9413,ENTREP1
7577,94134,ARHGAP12
7578,94239,H2AZ2
7579,9427,ECEL1
7580,9435,CHST2
7581,9437,NCR1
7582,9444,QKI
7583,9448,MAP4K4
7584,9451,EIF2AK3
7585,9454,HOMER3
7586,9463,PICK1
7587,9469,CHST3
7588,9474,ATG5
7589,9478,CABP1
7590,9482,STX8
7591,9488,PIGB
7592,9497,SLC4A7
7593,95,ACY1
7594,950,SCARB2
7595,9512,PMPCB
7596,9513,FXR2
7597,9524,TECR
7598,9526,MPDU1
7599,9542,NRG2
7600,9543,IGDCC3
7601,9546,APBA3
7602,9547,CXCL14
7603,9554,SEC22B
7604,9559,VPS26A
7605,9563,H6PD
7606,9577,BABAM2
7607,9578,CDC42BPB
7608,9588,PRDX6
7609,9601,PDIA4
7610,9609,RAB36
7611,9622,KLK4
7612,9628,RGS6
7613,9633,TESMIN
7614,9639,ARHGEF10
7615,9646,CTR9
7616,9654,TTLL4
7617,9662,CEP135
7618,9665,MARF1
7619,9671,WSCD2
7620,968,CD68
7621,9681,DEPDC5
7622,9685,CLINT1
7623,9686,VGLL4
7624,9688,NUP93
7625,9689,BZW1
7626,9695,EDEM1
7627,9696,CROCC
7628,9697,TRAM2
7629,9706,ULK2
7630,9732,DOCK4
7631,9736,USP34
7632,975,CD81
7633,9757,KMT2B
7634,9764,KIAA0513
7635,9767,JADE3
7636,9774,BCLAF1
7637,9779,TBC1D5
7638,9781,RNF144A
7639,9792,SERTAD2
7640,9794,MAML1
7641,9802,DAZAP2
7642,9805,SCRN1
7643,9815,GIT2
7644,9818,NUP58
7645,9820,CUL7
7646,9827,RGP1
7647,9829,DNAJC6
7648,9841,ZBTB24
7649,9859,CEP170
7650,9865,TRIL
7651,9867,PJA2
7652,9875,URB1
7653,9894,TELO2
7654,9904,RBM19
7655,9906,SLC35E2A
7656,9909,DENND4B
7657,9911,TMCC2
7658,9914,ATP2C2
7659,9917,FAM20B
7660,9927,MFN2
7661,9934,P2RY14
7662,9936,CD302
7663,9937,DCLRE1A
7664,9941,EXOG
7665,9960,USP3
7666,9963,SLC23A1
7667,9978,RBX1
7668,9987,HNRNPDL
7669,9997,SCO2
7670,9063,PIAS2
