,Var1,Freq
2,0610009L18Rik,2
3,0610010K14Rik,1
4,0610025J13Rik,2
5,0610030E20Rik,1
6,0610031O16Rik,1
8,0610040J01Rik,2
9,0610042G04Rik,1
10,0610043K17Rik,1
11,1110002E22Rik,1
13,1110002O04Rik,1
15,1110006O24Rik,1
16,1110017D15Rik,2
17,1110018N20Rik,2
19,1110032F04Rik,1
20,1110036E04Rik,1
21,1110038B12Rik,1
22,1110046J04Rik,1
25,1190005I06Rik,1
27,1500004A13Rik,1
31,1500035N22Rik,1
33,1600015H23Rik,1
34,1600020E01Rik,1
36,1700001C19Rik,1
37,1700001F09Rik,2
38,1700001G01Rik,1
39,1700001G17Rik,1
40,1700001J03Rik,2
41,1700001J04Rik,1
42,1700001K23Rik,1
44,1700001O22Rik,1
45,1700001P01Rik,1
46,1700003E16Rik,1
47,1700003F12Rik,1
48,1700003H04Rik,1
49,1700003M07Rik,1
50,1700006H20Rik,1
51,1700007F19Rik,1
53,1700007P06Rik,1
54,1700008C04Rik,1
55,1700008J07Rik,1
56,1700008K24Rik,1
57,1700009C05Rik,1
58,1700009J07Rik,1
59,1700010B08Rik,1
60,1700010I14Rik,1
61,1700010L04Rik,2
62,1700012A03Rik,1
63,1700012C14Rik,1
64,1700012D01Rik,1
65,1700012D16Rik,1
66,1700013N06Rik,1
68,1700016B01Rik,1
69,1700016K05Rik,1
71,1700017J07Rik,1
72,1700018A23Rik,1
73,1700018B08Rik,1
74,1700018F24Rik,1
77,1700020G17Rik,1
78,1700020L24Rik,2
79,1700020N01Rik,1
80,1700020N18Rik,1
81,1700021F02Rik,1
82,1700021F07Rik,1
83,1700021N21Rik,1
84,1700022A21Rik,1
85,1700022A22Rik,2
87,1700023C21Rik,1
88,1700024J04Rik,1
89,1700025G04Rik,2
90,1700025J12Rik,1
91,1700025K04Rik,1
92,1700025N21Rik,1
93,1700025N23Rik,1
95,1700028I16Rik,1
96,1700028P15Rik,1
98,1700029M03Rik,1
100,1700030C14Rik,1
102,1700034B16Rik,1
103,1700034G24Rik,1
104,1700034J05Rik,1
105,1700036A12Rik,1
106,1700037C18Rik,1
107,1700040P09Rik,1
108,1700041B01Rik,1
111,1700044C05Rik,1
112,1700048M11Rik,2
113,1700048O20Rik,2
114,1700049E17Rik2,1
115,1700049E22Rik,1
116,1700051K13Rik,1
117,1700052I22Rik,1
122,1700055K11Rik,1
124,1700060C20Rik,1
125,1700060J05Rik,1
126,1700063D05Rik,1
127,1700064F23Rik,1
128,1700064J06Rik,1
129,1700064M15Rik,1
130,1700065D16Rik,1
131,1700066B17Rik,1
132,1700066C05Rik,1
133,1700066J03Rik,2
134,1700066M21Rik,1
135,1700067G17Rik,1
136,1700069L16Rik,1
137,1700071G01Rik,1
138,1700071M16Rik,1
139,1700072F12Rik,1
140,1700073E17Rik,3
141,1700074H08Rik,1
145,1700086D15Rik,1
146,1700086L19Rik,1
150,1700091J24Rik,1
151,1700092K14Rik,1
153,1700094J05Rik,1
154,1700095A21Rik,1
155,1700095J07Rik,1
156,1700095J12Rik,1
157,1700096J18Rik,2
158,1700096K18Rik,1
159,1700101I11Rik,2
161,1700108I11Rik,1
162,1700110C19Rik,1
163,1700110I01Rik,1
164,1700110K17Rik,1
168,1700121C08Rik,1
169,1700121C10Rik,1
170,1700121L16Rik,1
172,1700123J17Rik,2
174,1700125G02Rik,1
175,1700126G02Rik,1
176,1700128F08Rik,1
177,1810007D17Rik,1
178,1810008I18Rik,1
179,1810009A15Rik,1
180,1810010H24Rik,1
183,1810019N24Rik,1
185,1810021M19Rik,1
187,1810034E14Rik,1
190,1810044D09Rik,1
191,1810049I09Rik,1
194,1810073O08Rik,1
195,2010001A14Rik,1
196,2010009K17Rik,1
197,2010010A06Rik,1
198,2010109A12Rik,1
199,2010203P06Rik,1
200,2010204K13Rik,1
201,2010310C07Rik,1
204,2010320O07Rik,1
205,2200002D01Rik,1
209,2210409D07Rik,1
210,2210418O10Rik,1
211,2300002M23Rik,1
213,2310005A03Rik,1
215,2310011J03Rik,2
217,2310015D24Rik,1
218,2310016D03Rik,1
219,2310016G11Rik,1
220,2310022B05Rik,1
221,2310030G06Rik,1
222,2310033P09Rik,1
223,2310034C09Rik,1
226,2310040G24Rik,1
227,2310043L19Rik,1
230,2310065F04Rik,1
232,2310075C17Rik,1
235,2410004B18Rik,1
236,2410004P03Rik,1
237,2410006H16Rik,1
238,2410017I17Rik,1
239,2410018L13Rik,1
240,2410080I02Rik,1
241,2410137M14Rik,1
242,2500004C02Rik,1
244,2510003B16Rik,1
245,2510009E07Rik,1
246,2510039O18Rik,2
249,2610016A17Rik,1
250,2610017A05Rik,1
252,2610024D14Rik,1
253,2610027F03Rik,1
254,2610028H24Rik,1
257,2610042L04Rik,1
258,2610044O15Rik8,1
259,2610203C22Rik,1
260,2610316D01Rik,1
264,2700003A03Rik,3
267,2700049A03Rik,1
268,2700054A10Rik,1
270,2700089I24Rik,2
272,2810001G20Rik,1
275,2810025M15Rik,1
277,2810032G03Rik,1
278,2810039B14Rik,1
279,2810048H02Rik,1
281,2810433D01Rik,1
282,2810442N19Rik,1
283,2810459M11Rik,1
285,2900024J01Rik,1
286,2900026A02Rik,4
289,2900052N01Rik,1
294,3100003L05Rik,1
296,3110039M20Rik,1
297,3110040M04Rik,1
299,3110053B16Rik,1
303,3110082J24Rik,1
304,3300002A11Rik,2
305,3300005D01Rik,1
306,3425401B19Rik,1
307,3632454L22Rik,1
308,3830406C13Rik,1
309,3830408C21Rik,1
310,3930402G23Rik,2
311,4632404H12Rik,1
312,4632415L05Rik,1
313,4632428C04Rik,1
315,4732416N19Rik,1
316,4732419C18Rik,1
317,4732465J04Rik,1
319,4732491K20Rik,1
321,4831440E17Rik,1
322,4833407H14Rik,1
323,4833411C07Rik,1
324,4833412C05Rik,1
325,4833415N18Rik,1
326,4833418N02Rik,1
327,4833420G17Rik,1
328,4833427F10Rik,1
329,4833428L15Rik,1
330,4833439F03Rik,1
333,4921504A21Rik,1
336,4921508D12Rik,1
337,4921511I17Rik,1
338,4921513I03Rik,1
339,4921515E04Rik,1
340,4921517D16Rik,2
341,4921517D22Rik,1
343,4921531C22Rik,1
344,4921536K21Rik,1
345,4922502B01Rik,3
346,4922502N22Rik,1
347,4930401O10Rik,1
349,4930403D09Rik,1
350,4930404H24Rik,2
351,4930405D01Rik,1
352,4930405H06Rik,1
353,4930405O22Rik,1
354,4930407I02Rik,2
357,4930413E20Rik,1
359,4930417O22Rik,1
360,4930420G21Rik,1
361,4930422M22Rik,1
362,4930423B08Rik,1
363,4930426D05Rik,2
364,4930428G15Rik,1
365,4930429F24Rik,1
366,4930429H19Rik,1
367,4930429P21Rik,1
368,4930430E12Rik,1
369,4930431F10Rik,1
370,4930431P22Rik,1
371,4930432J09Rik,1
372,4930432M17Rik,1
373,4930439A04Rik,2
374,4930440I19Rik,1
375,4930443O20Rik,1
378,4930445K14Rik,1
379,4930445N18Rik,1
380,4930447F24Rik,1
381,4930447K03Rik,1
383,4930449E01Rik,2
384,4930449E18Rik,1
385,4930449I24Rik,1
387,4930452A19Rik,1
388,4930452N14Rik,1
389,4930453N24Rik,1
390,4930455C13Rik,1
392,4930461G14Rik,1
393,4930463O16Rik,1
394,4930465K10Rik,1
395,4930467K11Rik,1
396,4930470P17Rik,1
397,4930471G03Rik,1
398,4930473A02Rik,1
399,4930474M22Rik,1
400,4930474N09Rik,1
401,4930479H17Rik,1
404,4930483J18Rik,1
405,4930483K19Rik,1
406,4930484H19Rik,1
407,4930487H11Rik,2
408,4930488L21Rik,1
409,4930488N24Rik,1
410,4930500A05Rik,2
411,4930500L23Rik,1
412,4930502C15Rik,1
413,4930503F20Rik,1
415,4930504D19Rik,1
416,4930505A04Rik,1
417,4930505K14Rik,1
418,4930509E16Rik,1
419,4930512H18Rik,1
421,4930515B02Rik,1
422,4930517G24Rik,1
423,4930517M08Rik,1
424,4930519H02Rik,1
425,4930519K11Rik,1
428,4930520P13Rik,1
429,4930521O17Rik,1
433,4930524J08Rik,1
434,4930524O05Rik,1
435,4930524O08Rik,1
436,4930525G20Rik,1
437,4930526I15Rik,2
438,4930527A07Rik,1
439,4930527J03Rik,1
440,4930528D03Rik,1
441,4930528G23Rik,1
442,4930529C04Rik,1
443,4930532M18Rik,1
444,4930533I22Rik,1
446,4930538L07Rik,1
447,4930539J05Rik,1
448,4930541O19Rik,1
449,4930542M03Rik,1
450,4930543E12Rik,1
451,4930543I03Rik,1
452,4930545E07Rik,1
453,4930545L08Rik,1
454,4930546K05Rik,1
455,4930547E08Rik,1
456,4930547H16Rik,1
458,4930552P06Rik,1
459,4930553P18Rik,1
460,4930554H23Rik,1
461,4930554I06Rik,1
465,4930556J02Rik,1
467,4930557J02Rik,1
468,4930558F17Rik,1
472,4930563F08Rik,1
473,4930563H07Rik,1
474,4930565D16Rik,1
475,4930565N06Rik,1
476,4930567H17Rik,1
477,4930567J20Rik,1
478,4930568E12Rik,1
479,4930568G15Rik,1
480,4930571K23Rik,1
481,4930572G02Rik,1
482,4930572O03Rik,2
483,4930572O13Rik,1
484,4930577N17Rik,1
485,4930578G10Rik,2
487,4930578M01Rik,2
488,4930579D09Rik,1
489,4930579G18Rik,1
490,4930579G24Rik,1
492,4930584F24Rik,1
493,4930590J08Rik,1
494,4930596I21Rik,1
495,4930597O21Rik,1
496,4930599N23Rik,1
497,4931403G20Rik,1
499,4931406H21Rik,2
500,4931408C20Rik,2
501,4931408D14Rik,2
502,4931414P19Rik,2
503,4931415C17Rik,1
504,4931428L18Rik,2
505,4931429P17Rik,1
506,4931431B13Rik,1
509,4932413F04Rik,1
510,4932414N04Rik,1
511,4932416K20Rik,1
512,4932431P20Rik,1
514,4932437C15Rik,1
515,4932438H23Rik,1
516,4932443L11Rik,1
517,4932702P03Rik,1
518,4933402D24Rik,1
519,4933404O12Rik,1
521,4933406F09Rik,1
522,4933407G14Rik,1
523,4933407K13Rik,1
526,4933408J17Rik,1
527,4933408N05Rik,1
528,4933409K07Rik,1
529,4933411K16Rik,2
531,4933416M06Rik,1
532,4933416M07Rik,1
534,4933421O10Rik,1
535,4933422A05Rik,1
537,4933424G05Rik,2
538,4933424G06Rik,1
539,4933424M12Rik,1
540,4933425B07Rik,1
542,4933427I22Rik,2
543,4933428C19Rik,1
544,4933428G20Rik,3
545,4933430I17Rik,1
546,4933430M04Rik,1
547,4933431E20Rik,1
548,4933431G14Rik,1
549,4933432I03Rik,1
551,4933433N18Rik,1
552,4933436E23Rik,1
553,4933438K21Rik,1
554,4933439K11Rik,1
555,5031410I06Rik,1
556,5031425F14Rik,1
557,5031426D15Rik,1
559,5033403F01Rik,1
560,5033406O09Rik,1
561,5033417F24Rik,1
563,5330411J11Rik,1
565,5330434G04Rik,1
566,5330439A09Rik,1
567,5430400D12Rik,1
568,5430402O13Rik,1
570,5430405H02Rik,1
572,5430431A17Rik,2
574,5430440P10Rik,1
581,5730460C07Rik,1
582,5730522E02Rik,1
583,5730552O08Rik,1
584,5830418P13Rik,2
585,5830428M24Rik,1
586,5830444B04Rik,1
588,5930403N24Rik,1
590,5930438M14Rik,1
591,6030407O03Rik,1
592,6030440G07Rik,1
594,6030468B19Rik,1
595,6030469F06Rik,1
596,6330403K07Rik,1
599,6330418K02Rik,2
600,6330537M06Rik,1
603,6430562O15Rik,2
606,6530402F18Rik,1
608,6530409C15Rik,2
609,6530411M01Rik,1
610,6720432D03Rik,1
611,6720468P15Rik,1
613,6820408C15Rik,3
615,7530416G11Rik,1
616,8030423F21Rik,1
617,8030423J24Rik,1
618,8030451A03Rik,1
619,8030453O22Rik,2
620,8430415O14Rik,1
621,8430423G03Rik,1
622,8430429K09Rik,1
623,8430430B14Rik,1
624,9030404E10Rik,1
625,9030607L20Rik,1
626,9030612E09Rik,1
627,9030616G12Rik,1
628,9030622O22Rik,1
629,9030624G23Rik,1
630,9130002K18Rik,1
631,9130019O22Rik,2
632,9130019P16Rik,1
633,9130023H24Rik,1
634,9130204K15Rik,1
635,9130213A22Rik,1
636,9130214F15Rik,1
637,9130221H12Rik,1
638,9130401M01Rik,1
639,9230009I02Rik,1
641,9230117E06Rik,1
642,9330104G04Rik,1
644,9330151L19Rik,1
647,9330162B11Rik,1
648,9330175M20Rik,1
649,9330179D12Rik,1
653,9430041J12Rik,2
654,9430053O09Rik,1
656,9430085M18Rik,1
658,9530026F06Rik,1
659,9530026P05Rik,1
660,9530027J09Rik,1
661,9530036M11Rik,1
662,9530051G07Rik,1
664,9530052E02Rik,1
667,9630001P10Rik,1
669,9630013K17Rik,1
671,9630028I04Rik,1
676,9930104L06Rik,1
677,9930111H07Rik,2
681,A230001M10Rik,1
682,A230004M16Rik,1
683,A230028O05Rik,1
685,A230056J06Rik,1
686,A230056P14Rik,1
689,A230083G16Rik,1
690,A230087F16Rik,1
693,A2ml1,1
694,A330009N23Rik,1
695,A330023F24Rik,1
696,A330032B11Rik,2
698,A330033J07Rik,1
699,A330040F15Rik,1
700,A330041J22Rik,1
702,A330070K13Rik,1
703,A330074K22Rik,2
704,A330076H08Rik,1
710,A430048G15Rik,1
711,A430085M09Rik,1
713,A4galt,1
715,A530010L16Rik,1
716,A530032D15Rik,2
717,A530040E14Rik,1
718,A530058N18Rik,1
719,A530065N20Rik,1
720,A530095I07Rik,1
721,A630001O12Rik,1
723,A630034I12Rik,1
724,A630039O03Rik,1
725,A630066F11Rik,1
726,A630072L19Rik,3
727,A630076J17Rik,1
729,A730009L09Rik,1
732,A730018C14Rik,1
733,A730032A03Rik,1
734,A730036I17Rik,1
735,A730043L09Rik,1
736,A730049H05Rik,1
737,A730060N03Rik,3
740,A730090N16Rik,1
741,A830011K09Rik,1
742,A830012C17Rik,1
744,A830019L24Rik,1
746,A830031A19Rik,1
747,A830036E02Rik,1
748,A830082N09Rik,2
749,A930001C03Rik,1
754,A930007I19Rik,1
757,A930016O22Rik,1
759,A930024E05Rik,1
760,A930028N01Rik,1
762,AA414768,1
764,AA467197,1
765,AA543401,1
766,AA623943,1
770,Aamp,1
772,Aard,1
775,Aarsd1,1
779,AB124611,1
781,Abca1,2
782,Abca14,1
783,Abca15,2
786,Abca4,3
787,Abca7,1
790,Abcb1b,2
791,Abcb4,1
797,Abcc10,1
798,Abcc12,3
799,Abcc3,1
800,Abcc4,2
803,Abcc9,1
806,Abcd4,2
807,Abcf2,1
809,Abcg1,1
814,Abhd11,1
815,Abhd11os,1
819,Abhd15,1
822,Abhd17b,1
823,Abhd17c,1
828,Abi1,1
829,Abi2,1
830,Abi3bp,1
831,Abitram,1
841,Abraxas2,1
842,Abt1,1
844,Abtb2,1
845,Abtb3,2
854,Acads,1
856,Acap2,1
860,Acat3,2
862,Acbd4,1
864,Acbd6,1
865,Acbd7,1
867,Accsl,2
868,Acd,1
869,Ace,1
874,Ackr1,1
876,Ackr4,3
883,Acot2,1
884,Acot4,2
885,Acot5,1
886,Acot6,1
893,Acp4,2
894,Acp5,2
896,Acp7,1
897,Acr,1
898,Acrbp,1
899,Acsbg1,1
900,Acsf2,1
901,Acsf3,1
903,Acsl3,1
905,Acsl5,1
906,Acsl6,2
907,Acsm3,1
908,Acsm5,1
910,Acss2os,1
911,Acta1,1
912,Acta2,2
913,Actb,1
914,Actc1,1
915,Actg2,1
922,Actr1a,1
924,Actr2,1
930,Acvr1c,2
932,Acvr2b,1
934,Acy3,1
936,Acyp2,1
937,Ada,1
941,Adam12,1
945,Adam1a,1
948,Adam3,1
949,Adam32,1
953,Adamts12,1
954,Adamts14,1
955,Adamts15,1
956,Adamts16,1
958,Adamts18,1
959,Adamts19,1
960,Adamts2,1
961,Adamts20,1
962,Adamts3,2
963,Adamts5,1
964,Adamts6,2
965,Adamts7,2
966,Adamts8,1
970,Adamtsl5,1
971,Adap1,1
973,Adar,2
974,Adarb1,2
975,Adarb2,1
976,Adat1,1
981,Adcy1,1
982,Adcy2,1
984,Adcy4,1
985,Adcy5,3
986,Adcy6,1
987,Adcy7,3
988,Adcy8,1
990,Adcyap1,1
991,Adcyap1r1,1
993,Add2,2
995,Adgb,2
998,Adgra3,1
999,Adgrb1,4
1000,Adgrb2,3
1001,Adgrb3,2
1002,Adgrf2,1
1004,Adgrg1,5
1005,Adgrg3,1
1006,Adgrl1,1
1010,Adgrv1,2
1012,Adh6-ps1,1
1013,Adh6b,2
1014,Adh7,2
1015,Adi1,1
1016,Adig,1
1019,Adissp,1
1021,Adnp,2
1023,Ado,1
1025,Adora2b,1
1026,Adora3,1
1028,Adprh,1
1029,Adprhl1,2
1030,Adprm,1
1032,Adra1a,2
1034,Adra1d,1
1035,Adra2a,1
1036,Adra2b,1
1038,Adrb1,1
1039,Adrb3,1
1040,Adrm1,1
1043,Adssl1,1
1046,Aen,1
1047,Afap1,1
1048,Afap1l1,1
1049,Afap1l2,4
1052,Aff3,1
1057,Afmid,2
1061,Agap2,2
1062,Agap3,5
1063,Agbl2,2
1065,Agbl4,1
1072,Agmat,1
1073,Ago1,1
1074,Ago2,2
1076,Ago4,1
1083,Agtpbp1,2
1084,Agtr1a,1
1085,Agtr1b,1
1088,Ahcyl,1
1089,Ahcyl2,2
1093,Ahnak2,1
1096,Ahsa1,1
1098,AI115009,2
1100,AI314278,1
1102,AI463229,1
1104,AI504432,1
1105,AI506816,1
1107,AI662270,1
1108,AI839979,1
1109,AI854703,2
1112,Aif1,2
1113,Aifm2,3
1114,Aifm3,1
1116,Aip,1
1118,Airn,1
1119,Ajap1,3
1121,Ajuba,1
1122,Ak1,3
1126,Ak6,1
1128,Akain1,1
1129,Akap1,1
1130,Akap10,1
1131,Akap11,1
1132,Akap12,1
1134,Akap17a,1
1135,Akap17b,1
1136,Akap5,2
1137,Akap6,3
1141,Akap9,1
1144,Akirin2,1
1146,Akp3,1
1150,Akr1b8,2
1151,Akr1c21,1
1153,Akr7a5,1
1154,Akt1,2
1155,Akt1s1,1
1160,Alas1,1
1161,Albfm1,2
1163,Aldh18a1,1
1164,Aldh1a2,1
1166,Aldh1l1,2
1169,Aldh3a1,1
1171,Aldh3b1,1
1172,Aldh3b2,2
1176,Aldh8a1,1
1178,Aldoa,1
1184,Alg5,1
1189,Alkal1,1
1193,Alkbh4,1
1198,Allc,1
1199,Alms1,1
1200,Alox12b,1
1202,Alox15,1
1203,Alox5ap,2
1205,Aloxe3,1
1206,Alpk1,2
1207,Alpk3,1
1208,Alpl,3
1209,Alppl2,1
1211,Altre,1
1212,Alyref,1
1213,Alyref2,1
1220,Amer2,1
1222,Amfr,1
1223,Amh,2
1224,Amhr2,2
1225,Amigo1,1
1226,Ammecr1,1
1227,Ammecr1l,1
1228,Amn,1
1229,Amn1,1
1231,Amotl1,4
1232,Amotl2,1
1233,Ampd2,2
1235,Amph,1
1243,Anapc4,1
1246,Ang,1
1247,Ang5,1
1250,Angpt1,1
1253,Angptl4,1
1254,Angptl6,1
1255,Ank,2
1256,Ank1,6
1260,Ankdd1b,1
1262,Ankfy1,1
1263,Ankhd1,1
1265,Ankle1,1
1268,Ankmy2,1
1269,Ankra2,1
1271,Ankrd11,2
1272,Ankrd12,1
1273,Ankrd13a,1
1274,Ankrd13b,1
1278,Ankrd17,1
1279,Ankrd2,1
1282,Ankrd27,1
1285,Ankrd33b,2
1286,Ankrd34a,1
1287,Ankrd34b,1
1288,Ankrd34c,2
1291,Ankrd39,1
1292,Ankrd40,1
1293,Ankrd42,1
1294,Ankrd44,1
1295,Ankrd45,1
1298,Ankrd52,1
1302,Ankrd61,1
1303,Ankrd63,2
1304,Ankrd65,2
1305,Ankrd66,1
1306,Ankrd7,1
1307,Ankrd9,1
1311,Anks4b,1
1312,Anks6,1
1313,Ano10,1
1315,Ano3,1
1319,Anp32a,1
1322,Anpep,1
1323,Antkmt,1
1324,Antxr2,1
1325,Antxrl,1
1326,Anxa11,1
1328,Anxa4,3
1329,Anxa5,1
1332,Anxa8,1
1334,Aoah,1
1335,Aoc1,1
1339,Aox3,1
1340,Aox4,3
1341,Ap1ar,1
1344,Ap1g2,2
1348,Ap1s3,1
1349,Ap2a1,1
1351,Ap2b1,1
1357,Ap3m2,1
1358,Ap3s1,1
1361,Ap4s1,2
1362,Ap5b1,1
1363,Ap5m1,1
1364,Ap5s1,1
1367,Apba1,2
1368,Apba2,3
1370,Apbb1ip,1
1374,Apc2,3
1378,Aph1b,1
1379,Aph1c,1
1382,Aplf,1
1383,Apln,1
1384,Aplnr,1
1385,Aplp1,3
1386,Aplp2,1
1388,Apoa1,1
1389,Apoa2,1
1390,Apoa4,1
1391,Apobec1,1
1393,Apobec4,2
1394,Apoc1,1
1396,Apod,1
1397,Apoe,1
1398,Apol10b,1
1399,Apol11b,1
1401,Apold1,1
1403,App,1
1407,Aprt,1
1409,Aqp1,1
1411,Aqp6,1
1412,Aqp7,1
1413,Aqp8,1
1415,Ar,2
1417,Arap1,4
1420,Arcn1,1
1421,Areg,1
1426,Arf5,1
1427,Arf6,1
1434,Arg2,1
1435,Arhgap1,1
1436,Arhgap10,2
1439,Arhgap15,1
1442,Arhgap19,2
1443,Arhgap20,1
1444,Arhgap20os,1
1446,Arhgap22,2
1449,Arhgap25,3
1451,Arhgap27,1
1452,Arhgap27os3,1
1453,Arhgap28,1
1460,Arhgap40,1
1461,Arhgap42,1
1462,Arhgap44,1
1463,Arhgap45,1
1464,Arhgap5,1
1466,Arhgap9,1
1467,Arhgdia,1
1471,Arhgef10l,3
1474,Arhgef15,1
1475,Arhgef16,1
1476,Arhgef17,1
1480,Arhgef26,1
1484,Arhgef39,1
1486,Arhgef40,2
1487,Arhgef5,1
1489,Arhgef7,6
1490,Arhgef9,2
1493,Arid3a,1
1495,Arid4a,1
1500,Ark2c,2
1503,Arl11,1
1506,Arl15,3
1514,Arl5c,2
1516,Arl6ip1,1
1517,Arl6ip6,1
1518,Arl8a,1
1522,Armc3,1
1527,Armcx2,1
1528,Armcx3,1
1530,Armcx6,2
1531,Armh2,1
1533,Armh4,1
1535,Arnt2,3
1537,Arpc1b,1
1540,Arpc4,1
1543,Arpin,1
1551,Arrdc4,1
1552,Arsb,1
1555,Art2a,1
1556,Art3,4
1557,Art4,2
1558,Artn,2
1559,Arv1,1
1560,Arvcf,1
1561,Arx,1
1562,Arxes1,1
1563,Arxes2,1
1567,Asap2,1
1571,Asb14,2
1572,Asb2,5
1573,Asb3,1
1574,Asb4,1
1579,Ascl1,1
1580,Ascl2,1
1581,Ascl3,1
1582,Ascl4,1
1583,Ascl5,1
1584,Asdurf,1
1586,Asgr1,1
1587,Ash2l,1
1588,Asic1,1
1590,Asic3,1
1592,Asmt,2
1594,Aspg,1
1596,Asphd1,1
1598,Aspm,2
1602,Aste1,1
1603,Astn1,1
1604,Astn2,3
1605,Asxl2,1
1606,Atad1,1
1609,Atad3a,2
1613,Atcayos,1
1615,Atf2,1
1617,Atf4,1
1618,Atf6,2
1624,Atg13,1
1627,Atg16l2,1
1636,Atl2,1
1639,Atn1,2
1640,Atoh1,1
1641,Atoh7,1
1644,Atox1,1
1645,Atp10a,1
1647,Atp11a,1
1648,Atp11b,1
1651,Atp13a2,2
1652,Atp13a3,1
1653,Atp13a4,2
1655,Atp1a2,1
1657,Atp1a4,1
1659,Atp1b3,1
1661,Atp2a2,2
1663,Atp2b2,5
1666,Atp2c2,2
1668,Atp5c1,1
1669,Atp5d,1
1673,Atp5g3,1
1675,Atp5k,1
1676,Atp5l,1
1677,Atp5mpl,1
1678,Atp5o,1
1685,Atp6v0c-ps2,1
1686,Atp6v0d2,1
1691,Atp6v1c1,1
1692,Atp6v1c2,1
1696,Atp6v1fnb,1
1700,Atp7b,1
1705,Atp8b4,1
1706,Atp8b5,1
1708,Atp9b,1
1710,Atpif1,1
1711,Atrip,1
1713,Atrx,1
1715,Atxn10,1
1717,Atxn2,3
1722,Atxn7l2,1
1725,AU016765,1
1726,AU019990,1
1727,AU020206,1
1728,AU021063,1
1731,AU040972,1
1734,Aunip,1
1736,Aurkaip1,1
1737,Aurkb,1
1738,Auts2,2
1739,AV205837,1
1740,Aven,2
1743,Avpr1a,1
1744,Avpr1b,1
1745,AW046200,1
1746,AW047730,1
1747,AW121686,2
1748,AW146154,1
1750,AW551984,1
1751,AW554918,1
1753,Awat2,2
1754,Axdnd1,1
1758,AY512931,1
1759,AY702102,1
1761,Azin1,2
1763,B020018J22Rik,2
1764,B020031M17Rik,1
1767,B230110G15Rik,1
1769,B230206L02Rik,1
1771,B230217C12Rik,2
1774,B230303A05Rik,1
1778,B330016D10Rik,2
1779,B3galnt1,1
1782,B3galt2,1
1787,B3gat2,1
1788,B3gat3,1
1791,B3gnt3,1
1793,B3gnt5,1
1794,B3gnt7,1
1795,B3gnt9,1
1797,B430212C06Rik,1
1798,B430306N03Rik,1
1799,B430319F04Rik,1
1802,B4galnt4,2
1804,B4galt2,1
1807,B4galt5,1
1809,B4galt7,1
1810,B630019K06Rik,1
1811,B930025P03Rik,1
1815,Baalc,2
1817,Bace1,2
1818,Bace2,1
1820,Bach2,2
1821,Bach2os,2
1823,Bag1,1
1824,Bag2,1
1825,Bag3,1
1826,Bag5,2
1829,Bahd1,2
1830,Baiap2l1,1
1832,Bak1,2
1833,Bambi,1
1836,Banf2os,1
1837,Bank1,1
1839,Bard1,1
1840,Barx1,1
1841,Barx2,1
1842,Basp1,1
1844,Baz1a,1
1845,Baz1b,2
1847,Baz2b,1
1848,BB019430,1
1850,Bbc3,3
1851,Bbln,1
1852,Bbof1,1
1853,Bbs1,2
1856,Bbs2,1
1864,BC005537,1
1866,BC016579,1
1867,BC023719,2
1868,BC024063,1
1869,BC024139,1
1870,BC024386,1
1871,BC025920,1
1872,BC028471,1
1875,BC034090,2
1877,BC042761,1
1879,BC061237,1
1880,BC065403,1
1881,BC106179,1
1882,Bcan,1
1883,Bcap29,1
1885,Bcar1,1
1887,Bcas1,1
1888,Bcas1os1,1
1891,Bcas3os1,1
1893,Bcat2,2
1894,Bcdin3d,1
1896,Bckdk,1
1901,Bcl2a1d,1
1906,Bcl3,1
1907,Bcl6,2
1908,Bcl6b,1
1910,Bcl7b,1
1913,Bcl9l,3
1916,Bco1,1
1918,Bcorl1,1
1919,Bcr,2
1920,Bdh2,2
1921,Bdkrb1,1
1923,Bdnf,4
1925,BE949265,1
1928,Becn2,1
1929,Begain,1
1930,Bend3,1
1931,Bend4,1
1933,Bend6,1
1934,Best1,1
1935,Best2,2
1937,Bet1l,1
1938,Bex1,1
1942,Bex6,1
1943,Bglap,1
1944,Bglap3,1
1945,Bgn,1
1946,Bhlha15,1
1947,Bhlha9,1
1949,Bhlhe22,1
1950,Bhlhe40,1
1951,Bhlhe41,2
1952,Bhmt2,1
1953,Bicc1,1
1956,Bicdl1,2
1957,Bicra,2
1960,Bik,1
1965,Birc5,1
1970,Blnk,2
1973,Bloc1s4,1
1976,Bloodlinc,1
1980,Bltp3b,1
1981,Blvra,1
1982,Bmal1,5
1985,Bmi1,1
1986,Bmncr,1
1988,Bmp10,1
1989,Bmp15,1
1990,Bmp2,2
1992,Bmp6,2
1997,Bmpr2,1
1999,Bmt2,1
2001,Bnip1,1
2002,Bnip2,1
2003,Bnip3,1
2005,Bnip5,1
2006,Boc,1
2009,Bok,2
2010,Bola1,1
2012,Bola3,1
2013,Bop1,1
2015,Borcs6,1
2016,Borcs7,1
2019,Bpi,1
2020,Bpifa5,1
2021,Bpifa6,1
2022,Bpifb1,1
2023,Bpifb3,1
2024,Bpifb6,2
2026,Bpnt2,1
2028,Braf,1
2030,Brca2,1
2031,Brcc3dc,1
2032,Brd1,2
2040,Bri3bp,1
2041,Brinp1,1
2047,Brms1,1
2052,Brsk2,1
2054,Brwd3,1
2056,Bsdc1,1
2058,Bsn,3
2059,Bspry,1
2060,Bst1,1
2061,Bst2,1
2062,Bsx,1
2066,Btbd16,1
2067,Btbd17,1
2068,Btbd18,1
2070,Btbd2,2
2078,Btf3l4,1
2079,Btg1,2
2080,Btg1c,1
2083,Btn2a2,1
2084,Btnl4,1
2085,Btnl6,1
2086,Btnl9,1
2088,Bub1b,1
2092,Bves,1
2093,Bvht,2
2097,C030004G16Rik,2
2099,C030034I22Rik,1
2100,C030034L19Rik,1
2102,C030037F17Rik,1
2103,C130026I21Rik,2
2104,C130026L21Rik,1
2105,C130036L24Rik,1
2107,C130050O18Rik,2
2110,C130083M11Rik,1
2116,C1qtnf2,2
2119,C1qtnf9,1
2120,C1s1,1
2122,C230034O21Rik,1
2125,C230057A21Rik,1
2126,C230057M02Rik,1
2129,C2cd4a,1
2130,C2cd4b,2
2132,C2cd5,1
2134,C330004P14Rik,1
2136,C330016L05Rik,1
2137,C330018D20Rik,1
2138,C330026H20Rik,1
2139,C430002N11Rik,1
2141,C530005A16Rik,1
2142,C530044C16Rik,1
2144,C630004L07Rik,1
2145,C630043F03Rik,1
2146,C730036E19Rik,1
2149,C8g,1
2151,C920009B18Rik,1
2154,Caap1,1
2157,Cabcoco1,1
2159,Cables2,2
2160,Cabp1,2
2161,Cabs1,1
2164,Cachd1,1
2167,Cacna1c,4
2168,Cacna1d,1
2169,Cacna1e,5
2170,Cacna1g,3
2171,Cacna1h,1
2172,Cacna2d1,1
2173,Cacna2d3,1
2174,Cacna2d4,1
2179,Cacng3,1
2181,Cactin,1
2183,Cacybp,1
2187,Cadm3,2
2188,Cadm4,2
2189,Cadps,1
2190,Cadps2,2
2194,Calcb,1
2195,Calcoco1,1
2196,Cald1,1
2197,Calhm2,1
2198,Calhm5,1
2199,Calhm6,1
2201,Calm2,1
2202,Calm3,1
2204,Calr,1
2209,Camk1,2
2211,Camk1g,2
2213,Camk2b,4
2214,Camk2d,1
2216,Camk2n1,1
2217,Camk2n2,2
2219,Camkk1,3
2220,Camkk2,2
2222,Camkv,3
2226,Camsap3,1
2228,Camta2,1
2229,Cand1,1
2230,Cand2,1
2233,Cap1,1
2235,Capg,1
2238,Capn11,1
2240,Capn3,1
2244,Capns2,2
2247,Caps2,1
2249,Capzb,1
2252,Car14,1
2253,Car2,1
2254,Car3,1
2258,Card14,1
2259,Card19,2
2260,Card6,1
2262,Carhsp1,2
2263,Carlr,1
2264,Carm1,1
2265,Carmil1,3
2266,Carmil2,1
2267,Carmil3,2
2268,Carmn,1
2270,Carns1,2
2276,Caskin1,2
2280,Casp8ap2,1
2282,Casq1,1
2284,Cass4,1
2287,Casz1,1
2289,Catip,2
2292,Catspere1,1
2293,Catspere2,1
2294,Catsperg1,1
2297,Cav3,1
2299,Cavin2,1
2300,Cavin3,1
2301,Cavin4,2
2304,Cbfa2t3,3
2308,Cbln2,2
2309,Cbln4,1
2310,Cbr1,1
2311,Cbr3,1
2315,Cbx2,2
2316,Cbx4,3
2320,Cby1,1
2321,Cc2d1b,1
2323,Cc2d2b,1
2326,Ccbe1,2
2333,Ccdc116,2
2336,Ccdc121rt2,1
2337,Ccdc124,1
2338,Ccdc125,1
2342,Ccdc136,1
2344,Ccdc141,2
2345,Ccdc142,2
2346,Ccdc144b,1
2349,Ccdc150,2
2350,Ccdc154,1
2354,Ccdc162,1
2356,Ccdc166,1
2358,Ccdc169,2
2361,Ccdc177,1
2363,Ccdc184,2
2364,Ccdc185,1
2366,Ccdc188,1
2369,Ccdc192,1
2370,Ccdc200,1
2371,Ccdc22,1
2374,Ccdc28b,1
2375,Ccdc3,1
2377,Ccdc32,1
2386,Ccdc57,2
2388,Ccdc60,1
2389,Ccdc61,1
2391,Ccdc63,1
2392,Ccdc65,1
2394,Ccdc69,2
2396,Ccdc71l,1
2397,Ccdc74a,1
2398,Ccdc8,1
2399,Ccdc80,2
2403,Ccdc85c,1
2406,Ccdc88b,1
2409,Ccdc9,1
2412,Ccdc92,1
2415,Ccdc97,2
2419,Cckar,1
2420,Cckbr,1
2421,Ccl1,1
2422,Ccl17,1
2423,Ccl19,1
2424,Ccl19-ps1,1
2425,Ccl19-ps2,3
2426,Ccl2,2
2427,Ccl21a,2
2428,Ccl21b,3
2430,Ccl22,1
2431,Ccl25,2
2432,Ccl26,1
2433,Ccl27a,1
2434,Ccl27b,1
2437,Ccl5,1
2440,Ccn3,1
2441,Ccn4,3
2442,Ccn6,2
2443,Ccna2,1
2445,Ccnb2,1
2448,Ccnd2,1
2449,Ccnd3,1
2453,Ccnf,1
2455,Ccng2,1
2457,Ccni,1
2459,Ccnjl,2
2460,Ccnl1,1
2461,Ccnl2,1
2462,Ccno,1
2463,Ccnq,1
2464,Ccnt1,1
2468,Ccr1,1
2471,Ccs,1
2476,Cct5,1
2479,Cd109,2
2480,Cd14,1
2482,Cd160,2
2483,Cd164,1
2484,Cd164l2,1
2486,Cd2,1
2488,Cd200l2,1
2489,Cd200r1,2
2490,Cd207,1
2491,Cd209c,1
2492,Cd209f,1
2493,Cd22,1
2495,Cd248,1
2496,Cd276,1
2498,Cd2bp2,1
2499,Cd300c2,2
2500,Cd300e,2
2501,Cd300ld5,1
2502,Cd300lf,2
2503,Cd302,1
2505,Cd33,1
2508,Cd3g,1
2510,Cd46,1
2512,Cd5,1
2516,Cd63,4
2517,Cd7,2
2518,Cd72,2
2520,Cd81,1
2521,Cd82,2
2523,Cd86,1
2527,Cda,1
2530,Cdc123,1
2531,Cdc14a,3
2532,Cdc14b,1
2535,Cdc23,1
2536,Cdc25a,1
2537,Cdc25b,1
2540,Cdc34,1
2546,Cdc42ep1,1
2548,Cdc42ep3,1
2550,Cdc42ep5,1
2553,Cdc5l,1
2554,Cdc5lrt8,1
2555,Cdc5lrt9,1
2556,Cdc6,1
2558,Cdc73,1
2559,Cdca2,2
2563,Cdcp1,1
2564,Cdh11,2
2566,Cdh13,1
2568,Cdh2,3
2569,Cdh20,2
2571,Cdh23,3
2573,Cdh3,1
2575,Cdh5,1
2576,Cdh6,2
2578,Cdh8,2
2579,Cdh9,1
2580,Cdhr1,2
2581,Cdhr4,1
2582,Cdhr5,1
2585,Cdiptos,1
2586,Cdk1,1
2588,Cdk11b,1
2589,Cdk12,1
2594,Cdk19,1
2595,Cdk20,1
2596,Cdk2ap1,1
2597,Cdk2ap2,1
2600,Cdk5r2,1
2601,Cdk5rap1,1
2604,Cdk6,1
2606,Cdk8,1
2607,Cdkal1,1
2612,Cdkl5,1
2613,Cdkn1a,1
2615,Cdkn2a,1
2619,Cdkn2c,1
2622,Cdnf,1
2623,Cdo1,1
2626,Cdr2,1
2627,Cdr2l,2
2632,Cdx2,2
2635,Ceacam1,1
2636,Ceacam15,1
2637,Ceacam16,1
2638,Ceacam18,1
2639,Ceacam19,1
2640,Ceacam9,1
2641,Cebpa,1
2642,Cebpb,1
2644,Cebpe,1
2645,Cebpg,1
2648,Cela1,1
2649,Cela3a,1
2654,Celf4,1
2657,Celrr,1
2662,Cenpa,1
2667,Cenph,1
2668,Cenpj,1
2669,Cenpl,1
2671,Cenpn,1
2676,Cenpu,1
2687,Cep162,1
2689,Cep170b,2
2696,Cep295nl,2
2697,Cep350,1
2700,Cep55,1
2703,Cep68,1
2705,Cep76,1
2709,Cep85l,2
2713,Cerk,2
2714,Cerkl,1
2715,Cerox1,1
2717,Cers5,1
2719,Cert1,1
2722,Ces2a,1
2723,Cetn2,1
2724,Cetn3,1
2727,Cfap126,1
2728,Cfap161,2
2730,Cfap206,1
2732,Cfap210,1
2733,Cfap221,2
2734,Cfap251,2
2735,Cfap298,1
2736,Cfap299,1
2740,Cfap418,1
2745,Cfap47,1
2746,Cfap53,1
2749,Cfap58,1
2751,Cfap69,1
2752,Cfap70,2
2753,Cfap73,1
2754,Cfap74,1
2755,Cfap90,1
2760,Cfl1,1
2761,Cfl2,1
2763,Cga,1
2765,Cgnl1,3
2767,Cgrrf1,2
2768,Ch25h,1
2771,Chaf1a,1
2773,Champ1,1
2774,Chaserr,1
2776,Chchd10,2
2785,Chd1l,1
2787,Chd4,1
2788,Chd5,3
2790,Chd7,1
2793,Chdh,1
2799,Chia1,1
2801,Chic2,2
2802,Chid1,1
2803,Chit1,1
2805,Chkb,1
2807,Chm,1
2808,Chmp1b,1
2809,Chmp1b2,1
2814,Chn1os3,1
2816,Chodl,1
2820,Chpf2,2
2822,Chrac1,1
2823,Chrd,1
2824,Chrm2,2
2825,Chrm4,1
2826,Chrm5,2
2827,Chrna1os,1
2828,Chrna2,1
2829,Chrna4,1
2830,Chrna5,1
2831,Chrna7,1
2832,Chrna9,1
2833,Chrnb1,1
2835,Chrnb4,2
2836,Chst1,1
2841,Chst5,1
2842,Chst8,2
2843,Chst9,1
2844,Chsy1,2
2847,Chtop,1
2854,Cib2,2
2855,Cib3,1
2856,Cibar1,1
2859,Cidea,1
2860,Ciita,3
2863,Cirop,1
2867,Cish,1
2868,Cistr,1
2870,Cited1,1
2871,Cited2,1
2874,CJ186046Rik,1
2876,Ckap4,3
2879,Cklf,1
2881,Ckmt2,1
2882,Cks2,1
2886,Clba1,1
2887,Clca2,1
2888,Clca3a1,1
2890,Clcn2,1
2891,Clcn3,2
2893,Clcn7,1
2895,Clcnkb,1
2896,Cldn1,1
2898,Cldn11,1
2900,Cldn13,2
2901,Cldn15,1
2902,Cldn17,1
2903,Cldn19,1
2904,Cldn22,1
2905,Cldn23,1
2906,Cldn24,1
2907,Cldn3,1
2908,Cldn34-ps,1
2910,Cldn5,1
2911,Cldn7,1
2912,Cldn9,1
2914,Clec10a,1
2915,Clec11a,1
2921,Clec2m,1
2922,Clec3b,1
2925,Clic1,1
2926,Clic4,1
2930,Clip3,1
2932,Clk1,1
2934,Clk4,1
2935,Clmn,1
2936,Clmp,4
2938,Cln5,1
2941,Clnk,2
2944,Clptm1,1
2947,Clrn1,1
2948,Clstn1,4
2951,Clta,1
2953,Cltc,1
2958,Clxn,2
2960,Cma2,3
2961,Cmas,1
2968,Cmpk1,1
2970,Cmss1,1
2971,Cmtm3,1
2972,Cmtm4,2
2975,Cmtm7,1
2977,Cmtr1,1
2983,Cnfn,1
2984,Cnga3,4
2985,Cngb1,3
2987,Cnih2,1
2988,Cnih3,3
2990,Cnksr1,1
2991,Cnksr2,2
2992,Cnn1,1
2993,Cnn3,2
2994,Cnnm1,2
2995,Cnnm2,2
2997,Cnnm4,1
2998,Cnot1,1
3007,Cnp,1
3008,Cnppd1,1
3011,Cnpy4,1
3014,Cnst,1
3015,Cntfr,3
3017,Cntn1,3
3023,Cntnap2,3
3024,Cntnap5b,1
3027,Cntrob,1
3028,Coa3,1
3029,Coa4,1
3031,Coa6,1
3034,Cobl,3
3037,Cog1,2
3039,Cog3,1
3040,Cog4,1
3041,Cog6,1
3042,Cog8,1
3044,Col11a1,1
3045,Col11a2,1
3046,Col12a1,2
3047,Col13a1,1
3048,Col14a1,1
3049,Col15a1,1
3051,Col19a1,1
3052,Col1a1,1
3053,Col1a2,1
3054,Col20a1,2
3055,Col22a1,1
3056,Col23a1,1
3058,Col25a1,1
3060,Col27a1,1
3061,Col2a1,1
3063,Col4a3,1
3064,Col4a4,1
3065,Col5a3,2
3067,Col6a4,4
3068,Col8a1,2
3069,Col8a2,1
3070,Col9a2,1
3071,Col9a3,1
3076,Colq,1
3083,Commd7,1
3085,Commd9,1
3087,Cop1,1
3088,Copb1,1
3091,Coprs,1
3092,Cops2,1
3098,Cops9,1
3102,Coq2,2
3104,Coq4,1
3105,Coq5,1
3109,Coq9,1
3110,Corin,1
3116,Coro6,1
3118,Cort,2
3119,Cotl1,1
3120,Cox10,1
3128,Cox5b,1
3131,Cox6b2,2
3132,Cox6c,1
3133,Cox7a1,1
3136,Cox7c,1
3137,Cox8a,1
3138,Cpa2,1
3139,Cpa4,1
3140,Cpa5,2
3143,Cpe,1
3145,Cpeb2,2
3147,Cpeb4,1
3149,Cplane2,1
3150,Cplx1,2
3151,Cplx2,4
3153,Cpne1,1
3154,Cpne3,1
3155,Cpne4,1
3156,Cpne5,6
3158,Cpne7,1
3159,Cpne8,2
3167,Cpsf6,1
3169,Cpt1a,2
3173,Cpvl,1
3175,Cpxm2,3
3176,Cr2,1
3177,Crabp2,1
3182,Cramp1,1
3184,Crb1,1
3185,Crb2,1
3196,Creg1,1
3201,Crhr2,1
3204,Cript,1
3206,Crispld2,3
3207,Crk,1
3209,Crlf2,1
3212,Crmp1,2
3215,Crocc2,2
3217,Crp,1
3218,Crppa,1
3220,Crtap,1
3222,Crtc2,1
3223,Crtc3,3
3224,Crxos,1
3225,Cry1,1
3228,Cryba1,2
3230,Crybb1,2
3232,Crybg1,2
3233,Crybg2,2
3238,Csad,1
3243,Csf2ra,1
3244,Csf2rb,1
3247,Csk,5
3248,Csl,2
3250,Csmd2,1
3254,Csnk1e,2
3258,Csnk2a2,2
3259,Cspg5,2
3261,Csrnp1,3
3265,Csrp2,1
3266,Csrp3,1
3268,Cst6,1
3269,Cst7,2
3270,Cstad,1
3272,Cstdc2,1
3275,Cstf2t,1
3277,Ctag2l2,2
3281,Ctc1,2
3282,Ctcf,3
3285,Ctdspl,4
3286,Cth,1
3289,Ctla2a,1
3293,Ctnna3,1
3298,Ctnnd1,1
3303,Ctrb1,1
3304,Ctrl,1
3305,Ctsa,1
3306,Ctsb,1
3307,Ctsc,1
3309,Ctsf,1
3310,Ctsg,1
3313,Ctso,1
3314,Ctsz,1
3318,Ctxn1,2
3319,Ctxn2,1
3320,Ctxn3,1
3322,Cuedc1,2
3324,Cul1,1
3328,Cul9,1
3335,Cwc25,1
3336,Cwc27,1
3338,Cwf19l2,1
3340,Cx3cl1,1
3341,Cx3cr1,1
3345,Cxcl16,1
3346,Cxcl3,1
3347,Cxcl5,2
3348,Cxcr2,1
3349,Cxcr3,1
3350,Cxcr4,1
3351,Cxcr5,1
3353,Cxxc4,2
3354,Cxxc5,2
3360,Cyb5d2,1
3361,Cyb5r1,1
3362,Cyb5r2,1
3367,Cybrd1,1
3369,Cyct,1
3371,Cyfip2,1
3373,Cyp11a1,2
3374,Cyp1a1,2
3375,Cyp1a2,1
3376,Cyp1b1,1
3378,Cyp26b1,2
3379,Cyp26c1,1
3381,Cyp27b1,2
3382,Cyp2ab1,2
3383,Cyp2b23,1
3384,Cyp2c55,1
3385,Cyp2d22,1
3386,Cyp2j13,1
3388,Cyp2j9,1
3392,Cyp2w1,1
3393,Cyp3a41b,1
3395,Cyp4f13,1
3396,Cyp4f15,1
3397,Cyp4f16,1
3401,Cyp4x1os,1
3407,Cys1,1
3408,Cysrt1,1
3413,Cyth4,1
3416,D030024E09Rik,1
3417,D030028A08Rik,1
3418,D030055H07Rik,1
3419,D030056L22Rik,1
3420,D030074P21Rik,1
3421,D130017N08Rik,1
3424,D130079A08Rik,1
3428,D330023K18Rik,1
3431,D430019H16Rik,1
3434,D5Ertd615e,1
3435,D630023F18Rik,2
3436,D630024D03Rik,1
3438,D630039A03Rik,1
3439,D630045J12Rik,3
3440,D6Ertd527e,1
3441,D6Wsu163e,1
3442,D730003I15Rik,1
3443,D730003K21Rik,1
3444,D830014E11Rik,2
3447,D830035M03Rik,1
3448,D830039M14Rik,1
3450,D930020B18Rik,1
3451,D930032P07Rik,1
3457,Dach1,1
3458,Dach2,1
3460,Dact2,1
3462,Dad1,1
3464,Dagla,5
3465,Daglb,1
3467,Dand5,2
3468,Dao,1
3471,Dapk1,3
3472,Dapk2,2
3474,Dapp1,3
3476,Daw1,2
3479,Dazap2,1
3480,Dazl,1
3481,Dbh,2
3483,Dbn1,3
3484,Dbndd1,1
3488,Dbpht2,1
3489,Dbr1,1
3490,Dbt,1
3492,Dcaf10,1
3495,Dcaf12l1,1
3496,Dcaf12l2,1
3497,Dcaf15,1
3499,Dcaf5,2
3501,Dcaf7,1
3503,Dcakd,2
3506,Dcc,2
3508,Dcdc2c,3
3513,Dclk3,1
3517,Dcp2,1
3519,Dcst2,1
3520,Dct,2
3523,Dctn2,2
3527,Dctn6,2
3529,Dcun1d1,1
3530,Dcun1d2,1
3531,Dcun1d3,1
3534,Dcxr,1
3537,Ddah2,1
3538,Ddb1,1
3543,Ddi1,1
3544,Ddi2,1
3546,Ddit4,1
3547,Ddit4l,1
3548,Ddn,1
3549,Ddo,1
3551,Ddr1,3
3552,Ddr2,1
3554,Ddt,2
3557,Ddx11,1
3561,Ddx19b,1
3569,Ddx39b,1
3571,Ddx3y,1
3573,Ddx43,1
3575,Ddx47,1
3579,Ddx51,2
3580,Ddx52,1
3584,Ddx6,2
3586,Decr1,1
3587,Decr2,1
3589,Dedd2,1
3591,Defa-ps8,1
3592,Defa27,1
3593,Defa29,1
3594,Defa30,1
3595,Defb14,1
3596,Defb25,1
3597,Defb3,1
3598,Defb36,1
3599,Defb45,1
3600,Defb47,1
3602,Degs1l,1
3603,Dek,1
3605,Dennd11,1
3608,Dennd1c,1
3609,Dennd2a,3
3612,Dennd2d,1
3614,Dennd4b,1
3616,Dennd5a,2
3619,Dennd6b,1
3621,Depdc1a,1
3622,Depdc1b,1
3625,Deptor,1
3627,Derl1,1
3628,Derl2,1
3630,Des,1
3633,Deup1,2
3635,Dffa,1
3636,Dffb,1
3639,Dgcr2,1
3643,Dgkb,1
3647,Dgkh,8
3652,Dguok,2
3653,Dhcr24,1
3656,Dhdh,2
3657,Dhh,1
3659,Dhps,2
3661,Dhrs11,2
3662,Dhrs13,1
3663,Dhrs2,1
3664,Dhrs3,1
3668,Dhrs7c,1
3670,Dhtkd1,1
3680,Dhx37,1
3683,Dhx58,1
3686,Diablo,1
3693,Dip2a,2
3696,Dipk1a,1
3698,Dipk1c,1
3699,Dipk2a,1
3701,Diras1,1
3704,Dis3l2,1
3705,Disc1,2
3710,Dkk1,1
3716,Dlec1,2
3721,Dlg3,3
3723,Dlg5,2
3725,Dlgap2,1
3728,Dlk2,1
3729,Dll1,1
3730,Dll3,1
3731,Dlx1as,2
3732,Dlx2,1
3733,Dlx5,1
3734,Dlx6os1,1
3737,Dmap1,1
3738,Dmc1,1
3739,Dmrt1,1
3740,Dmrt3,1
3741,Dmrta1,1
3746,Dmxl2,1
3747,Dna2,1
3748,Dnaaf10,1
3749,Dnaaf3,1
3750,Dnaaf4,1
3753,Dnah11,2
3754,Dnah14,2
3755,Dnah2,4
3756,Dnah5,1
3760,Dnah7c,1
3761,Dnah9,1
3777,Dnajc12,3
3783,Dnajc2,1
3784,Dnajc21,2
3787,Dnajc28,1
3788,Dnajc3,1
3790,Dnajc4,1
3792,Dnajc5b,1
3796,Dnal1,1
3798,Dnase1l1,1
3799,Dnase1l2,1
3800,Dnase1l3,1
3801,Dnase2b,2
3802,Dnd1,1
3803,Dnhd1,1
3804,Dnlz,1
3809,Dnmbp,2
3811,Dnmt3a,5
3812,Dnmt3aos,1
3813,Dnmt3b,1
3816,Dnttip2,1
3818,Doc2b,1
3819,Dock1,1
3820,Dock10,2
3821,Dock11,1
3822,Dock3,1
3823,Dock5,1
3824,Dock6,3
3828,Dok2,2
3829,Dok3,1
3830,Dok4,3
3831,Dok5,1
3834,Dolk,1
3836,Donson,1
3837,Dop1a,1
3841,Dpep1,1
3845,Dph1,1
3846,Dph2,1
3848,Dph7,1
3849,Dpm2,1
3853,Dpp4,1
3857,Dpt,1
3858,Dpy19l1,1
3859,Dpy19l2,1
3861,Dpy19l4,1
3864,Dpys,2
3865,Dpysl2,1
3867,Dpysl5,1
3871,Drc1,2
3872,Drc3,1
3874,Drd2,1
3875,Drd4,1
3876,Drd5,2
3877,Dreg1,1
3878,Dreh,1
3879,Drg1,1
3880,Drg2,1
3881,Drgx,2
3883,Drp2,3
3884,Dsc2,1
3885,Dsc3,1
3887,Dscaml1,1
3888,Dscc1,1
3890,Dsel,1
3891,Dsg1b,1
3892,Dsg2,1
3894,Dsp,1
3895,Dspp,1
3897,Dstn,1
3900,Dtd2,1
3902,Dtnb,1
3903,Dtnbp1,2
3906,Dtx1,2
3909,Dtx4,2
3911,Duoxa1,1
3912,Duoxa2,1
3913,Dus1l,1
3916,Dus4l,1
3917,Dusp1,1
3918,Dusp12,1
3919,Dusp13,1
3921,Dusp15,1
3922,Dusp16,1
3924,Dusp2,1
3926,Dusp28,1
3927,Dusp29,1
3928,Dusp3,1
3930,Dusp5,1
3932,Dusp7,2
3933,Dusp8,2
3938,Dvl3,1
3939,Dydc1,1
3940,Dym,1
3947,Dync2i1,2
3948,Dync2i2,1
3950,Dynll2,1
3952,Dynlrb2,1
3953,Dynlt1a,1
3959,Dynlt2b,1
3960,Dynlt3,1
3961,Dynlt4,1
3963,Dyrk1a,2
3964,Dyrk1b,1
3965,Dyrk2,1
3966,Dyrk3,1
3967,Dyrk4,1
3972,Dzip3,1
3973,E030007A22Rik,1
3975,E030024N20Rik,1
3976,E130006D01Rik,1
3977,E130008D07Rik,1
3978,E130018O15Rik,1
3979,E130102H24Rik,2
3981,E130215H24Rik,1
3983,E130308A19Rik,1
3984,E130310I04Rik,1
3986,E230001N04Rik,1
3987,E230013L22Rik,1
3988,E230029C05Rik,2
3990,E2f2,1
3991,E2f3,3
3992,E2f4,1
3996,E2f8,1
3997,E330011O21Rik,1
3998,E330017L17Rik,1
3999,E330020D12Rik,1
4000,E330023G01Rik,1
4001,E430016F16Rik,1
4004,E4f1,1
4005,Eaf1,1
4007,Ear10,1
4010,Ebf3,1
4011,Ebf4,3
4012,Ebp,1
4014,Ecd,1
4016,Ece2,1
4017,Ecel1,1
4018,Ech1,1
4019,Echdc3,1
4020,Echs1,1
4023,Ecpas,1
4024,Ecrg4,1
4027,Ect2l,1
4029,Edar,2
4030,Edc3,1
4031,Edc4,1
4032,Edem1,1
4033,Edem2,1
4034,Edem3,1
4036,Edn1,1
4037,Edn2,2
4040,Eea1,1
4042,Eef1a1,1
4043,Eef1a2,2
4046,Eef1akmt3,1
4049,Eef1e1,1
4053,Eef2k,4
4054,Eef2kmt,1
4056,Eeig1,2
4058,Eepd1,2
4059,Efcab10,1
4060,Efcab12,1
4062,Efcab15,1
4063,Efcab2,1
4064,Efcab6,5
4066,Efcab8,2
4067,Efcc1,1
4068,Efemp1,1
4069,Efemp2,2
4074,Efna4,1
4076,Efnb2,1
4077,Efnb3,2
4078,Efr3a,1
4079,Efr3b,1
4080,Efs,1
4083,Egfem1,1
4086,Egflam,2
4087,Egfr,1
4088,Egln1,1
4090,Egln3,1
4091,Egr1,1
4093,Egr3,2
4094,Egr4,1
4095,Ehbp1,1
4096,Ehbp1l1,1
4098,Ehd2,1
4103,Ehmt2,1
4105,Eid1,1
4110,Eif1b,1
4112,Eif2ak2,1
4119,Eif2d,1
4120,Eif2s2,1
4124,Eif3b,1
4135,Eif4a2,1
4139,Eif4e2,1
4142,Eif4ebp2,1
4143,Eif4ebp3,1
4149,Eif5,1
4152,Eif6,1
4155,Elac2,1
4156,Elane,1
4160,Elavl3,2
4161,Elavl4,2
4163,Elf4,2
4166,Elfn2,2
4167,Elk1,1
4171,Ell3,1
4174,Elmo3,2
4175,Elmod1,1
4178,Eln,1
4180,Elob,1
4181,Elobl,1
4186,Elovl4,1
4188,Elovl7,1
4193,Emc3,1
4195,Emc7,1
4196,Emc9,1
4198,Emid1,1
4199,Emilin1,2
4200,Emilin2,1
4203,Eml4,1
4204,Eml5,1
4207,Emsy,1
4208,Emx2,1
4210,Enc1,1
4211,Endod1,1
4213,Endou,1
4220,Eno1b,2
4224,Enox1,1
4226,Enpep,1
4227,Enpp1,2
4231,Enpp7,1
4232,Ensa,1
4236,Entr1,1
4237,Entrep1,2
4238,Entrep2,1
4240,Eny2,1
4242,Ep300,1
4243,Epas1,2
4246,Epb41l2,6
4247,Epb41l3,4
4248,Epb41l4a,2
4249,Epb41l4aos,1
4250,Epb41l4b,1
4253,Epc2,1
4254,Epdr1,1
4257,Epha3,1
4264,Ephb4,1
4266,Ephx1,1
4268,Ephx3,1
4269,Ephx4,2
4273,Epop,1
4277,Eps15l1,2
4279,Eps8l1,2
4282,Erbb3,1
4283,Erbb4,2
4289,Ercc4,1
4290,Ercc5,1
4291,Ercc6,1
4294,Ercc8,1
4295,Erdr1x-2,1
4297,Erfl,1
4299,Erg28,1
4302,Eri2,1
4305,Erlin1,1
4308,Ermardl1,1
4309,Ermardl2,1
4317,Esco1,1
4318,Esco2,1
4320,Esf1,1
4321,Esm1,1
4322,Esp8,1
4323,Espl1,1
4324,Espn,3
4325,Esr1,2
4326,Esr2,1
4327,Esrp1,1
4330,Esrrg,5
4331,Ess2,1
4333,Esyt2,1
4336,Etfa,1
4338,Ethe1,2
4341,Etnk2,1
4343,Ets2,1
4347,Etv5,2
4348,Etv6,1
4349,Eva1a,3
4350,Eva1b,1
4352,Evc,2
4353,Evi2a,2
4355,Evi5l,1
4358,Exd1,1
4365,Exoc6b,1
4367,Exog,1
4368,Exosc1,1
4370,Exosc2,1
4372,Exosc5,1
4374,Exosc9,1
4375,Exph5,3
4376,Ext1,2
4378,Extl1,1
4382,Eya4,1
4385,F10,1
4386,F11r,1
4387,F12,1
4389,F2rl3,1
4391,F630040K05Rik,1
4392,F630111L10Rik,1
4393,F7,1
4394,F830010H11Rik,1
4397,Fa2h,1
4398,Faah,3
4399,Faap100,1
4400,Faap20,2
4404,Fabp7,1
4409,Fads6,1
4410,Faf1,1
4414,Fahd2a,1
4416,Faim2,2
4417,Fam104a,1
4420,Fam110a,3
4422,Fam110d,2
4423,Fam111a,2
4426,Fam117b,2
4427,Fam118a,1
4428,Fam120a,2
4429,Fam120b,1
4430,Fam120c,1
4431,Fam124a,1
4432,Fam124b,1
4437,Fam135b,2
4440,Fam13b,1
4442,Fam149a,1
4443,Fam151b,1
4445,Fam161b,1
4448,Fam166b,1
4449,Fam166c,1
4450,Fam167a,2
4451,Fam167b,1
4454,Fam169a,2
4455,Fam169b,1
4456,Fam170a,1
4458,Fam171a2,2
4459,Fam171b,1
4461,Fam174b,1
4465,Fam177b,1
4466,Fam178b,3
4467,Fam180a,1
4469,Fam183b,2
4472,Fam187b,1
4473,Fam193a,1
4474,Fam193b,1
4475,Fam199x,1
4478,Fam205a4,1
4479,Fam205c,1
4481,Fam20a,1
4483,Fam20c,1
4487,Fam219a,1
4488,Fam219aos,1
4489,Fam219b,1
4490,Fam220a,1
4492,Fam222a,1
4494,Fam227a,5
4495,Fam228a,1
4497,Fam229a,1
4498,Fam229b,1
4500,Fam234b,1
4502,Fam241b,1
4503,Fam243,1
4504,Fam246a,2
4505,Fam24a,1
4506,Fam25a,1
4510,Fam3d,2
4512,Fam43b,1
4513,Fam47e,1
4515,Fam50b,1
4516,Fam53b,3
4518,Fam72a,1
4521,Fam78a,2
4522,Fam78b,2
4523,Fam81a,1
4524,Fam83b,1
4525,Fam83d,1
4526,Fam83f,3
4527,Fam83g,1
4528,Fam89b,1
4529,Fam8a1,1
4532,Fam98a,1
4534,Fam98c,1
4541,Fank1,1
4542,Fap,1
4543,Far1,1
4545,Far2os1,1
4547,Farp2,1
4553,Fastk,1
4555,Fastkd3,1
4557,Fat1,2
4559,Fau,1
4560,Faxc,1
4562,Fbl,1
4563,Fbll1,1
4565,Fbln5,1
4568,Fbn2,1
4569,Fbp2,1
4570,Fbrs,1
4571,Fbrsl1,1
4573,Fbxl12os,1
4575,Fbxl14,2
4576,Fbxl15,1
4580,Fbxl19,1
4584,Fbxl22,1
4586,Fbxl4,1
4587,Fbxl5,1
4588,Fbxl6,1
4589,Fbxl7,1
4591,Fbxo11,1
4593,Fbxo17,2
4598,Fbxo28,1
4599,Fbxo3,1
4602,Fbxo32,1
4603,Fbxo33,1
4606,Fbxo39,1
4607,Fbxo4,1
4608,Fbxo40,1
4609,Fbxo41,1
4610,Fbxo42,1
4611,Fbxo43,2
4617,Fbxo5,1
4618,Fbxo6,2
4625,Fbxw20,1
4626,Fbxw4,1
4629,Fcer1g,1
4630,Fcgbp,1
4632,Fcho1,3
4635,Fchsd2,2
4636,Fcna,1
4638,Fcrl6,1
4639,Fcsk,1
4640,Fdft1,2
4644,Fdxacb1,1
4647,Fem1a,1
4648,Fem1al,1
4653,Fer1l4,1
4654,Fer1l5,1
4657,Fermt3,2
4658,Fes,1
4659,Fetub,2
4661,Fez2,1
4662,Fezf2,1
4663,Ffar1,1
4664,Ffar2,1
4665,Fgd2,1
4666,Fgd3,3
4669,Fgf10,2
4670,Fgf11,1
4672,Fgf13,2
4674,Fgf15,1
4675,Fgf17,1
4676,Fgf18,2
4678,Fgf22,1
4679,Fgf23,1
4680,Fgf3,1
4681,Fgf5,1
4682,Fgf6,1
4683,Fgf9,3
4684,Fgfbp3,1
4685,Fgfr1,1
4686,Fgfr2,1
4687,Fgfr3,1
4688,Fgfrl1,1
4689,Fggy,1
4690,Fgl1,1
4691,Fgl2,1
4692,Fgr,1
4694,Fhad1,1
4695,Fhad1os2,2
4696,Fhdc1,1
4702,Fhl3,2
4703,Fhod1,2
4704,Fhod3,1
4705,Fibcd1,2
4706,Fibp,1
4708,Fig4,1
4710,Fignl2,1
4712,Filip1l,1
4713,Fip1l1,1
4717,Fitm2,1
4719,Fjx1,2
4720,Fkbp1a,1
4722,Fkbp2,1
4728,Fkbp9,1
4729,Fkrp,1
4731,Flacc1,2
4735,Flna,1
4737,Flnc,2
4740,Flrt1,2
4743,Flt1,1
4746,Flvcr2,1
4752,Fmnl1,3
4755,Fmo1,1
4757,Fn1,1
4761,Fnbp1l,1
4763,Fndc1,1
4764,Fndc10,2
4768,Fndc4,1
4769,Fndc5,2
4771,Fnip1,1
4776,Folr1,1
4777,Folr2,1
4779,Fosb,2
4780,Fosl1,1
4781,Fosl2,2
4782,Foxa2,1
4783,Foxb2,1
4784,Foxc1,1
4785,Foxd1,1
4786,Foxd2os,1
4787,Foxd4,1
4788,Foxg1,1
4789,Foxi3,1
4791,Foxj2,2
4792,Foxj3,1
4794,Foxk2,2
4795,Foxl2os,2
4799,Foxo3,1
4800,Foxo6,3
4801,Foxo6os,1
4803,Foxp2,2
4806,Foxr1,1
4809,Foxs1,1
4812,Fras1,1
4816,Frem2,2
4817,Frem3,2
4818,Frey1,1
4819,Frg1,1
4820,Frk,1
4821,Frmd3,1
4825,Frmd6,1
4829,Frmpd2,1
4830,Frmpd3,1
4832,Frrs1l,2
4834,Frs3,1
4837,Frzb,3
4838,Fscn2,2
4839,Fsd1,1
4840,Fsd1l,1
4841,Fsd2,1
4843,Fst,1
4844,Fstl1,1
4845,Fstl4,1
4846,Fstl5,1
4847,Fth1,1
4849,Ftl1-ps2,1
4852,Ftx,2
4856,Fuca2,1
4858,Fundc2,1
4859,Fuom,1
4860,Fus,1
4863,Fut2,2
4864,Fut4,1
4865,Fut8,1
4866,Fut9,1
4867,Fuz,1
4871,Fxyd2,1
4872,Fxyd3,1
4873,Fxyd6,2
4874,Fxyd7,2
4875,Fyb,1
4876,Fyb2,2
4880,Fzd10,1
4885,Fzd8,2
4886,Fzd9,1
4887,Fzr1,1
4888,G0s2,1
4890,G3bp1,1
4892,G430095P16Rik,2
4893,G530011O06Rik-2,1
4894,G630025P09Rik,1
4896,G730013B05Rik,1
4897,G930009F23Rik,1
4898,Gaa,1
4899,Gab1,2
4900,Gab2,2
4901,Gab3,1
4903,Gabarapl2,1
4904,Gabbr1,1
4906,Gabpa,1
4910,Gabra2,2
4911,Gabra3,1
4913,Gabrb1,1
4914,Gabrb2,1
4916,Gabrg1,1
4917,Gabrg2,1
4918,Gabrg3,2
4919,Gabrp,1
4920,Gabrr1,1
4921,Gabrr2,2
4922,Gad1os,1
4925,Gadd45b,2
4926,Gadd45g,3
4927,Gadd45gip1,2
4928,Gak,1
4929,Gal3st1,2
4930,Gal3st2b,2
4935,Galk2,1
4939,Galnt10,1
4940,Galnt11,1
4942,Galnt13,1
4944,Galnt16,1
4948,Galnt3,1
4950,Galnt6,3
4951,Galnt7,1
4953,Galntl6,1
4954,Galp,2
4955,Galr1,1
4956,Galr3,3
4960,Gapdhs,1
4962,Gar1,1
4964,Garin2,1
4966,Garnl3,2
4972,Gas2l1,2
4976,Gask1a,1
4977,Gask1b,1
4978,Gata2,1
4979,Gata3,1
4980,Gata3os,1
4981,Gata3un,1
4984,Gatad2b,1
4985,Gatb,1
4988,Gatm,1
4992,Gbf1,1
4993,Gbgt1,2
4994,Gbp10,1
4995,Gbp11,1
4996,Gbp7,1
4997,Gbp9,1
4998,Gbx1,1
4999,Gbx2,1
5004,Gcdh,2
5005,Gcfc2,1
5006,Gcgr,1
5007,Gch1,2
5012,Gcnt2,1
5013,Gcnt4,1
5014,Gcnt7,2
5015,Gcsam,1
5018,Gdap1,1
5019,Gdap10,1
5020,Gdap1l1,1
5023,Gdf1,2
5024,Gdf10,1
5025,Gdf15,1
5026,Gdf2,1
5027,Gdf5,1
5028,Gdf6,1
5029,Gdf7,1
5031,Gdi1,1
5032,Gdi2,1
5033,Gdnf,2
5034,Gdpd1,1
5037,Gemin2,1
5039,Gemin5,1
5040,Gemin6,1
5041,Gemin6-ps,2
5043,Gemin8,1
5045,Get3,1
5047,Gfap,1
5048,Gfi1,1
5049,Gfm1,1
5050,Gfod1,1
5052,Gfpt1,3
5054,Gfra1,1
5056,Gfra4,1
5058,Gfy,1
5060,Gga2,2
5066,Ggnbp1,1
5070,Ggt5,3
5071,Ggt6,1
5077,Ghrh,1
5078,Gid4,1
5081,Gimap5,1
5082,Gimap6,1
5083,Gin1,1
5087,Gipc1,3
5090,Git1,1
5091,Gja3,1
5093,Gjb1,1
5094,Gjb3,1
5095,Gjb6,1
5098,Gjd3,2
5099,Gjd4,1
5100,Gk,1
5101,Gk2,1
5104,Gla,1
5105,Glb1,1
5107,Glb1l2,1
5108,Glb1l3,1
5110,Gldc,1
5113,Glg1,1
5114,Gli1,2
5115,Gli2,4
5116,Gli3,1
5117,Glipr1l1,1
5121,Glis3,1
5122,Glmn,1
5123,Glmp,1
5124,Glo1,1
5125,Glp1r,1
5126,Glp2r,1
5127,Glra1,1
5130,Glrx,1
5131,Glrx2,1
5134,Gls,2
5140,Gltp,2
5141,Gltpd2,1
5144,Gm10000,1
5145,Gm10007,1
5147,Gm10037,1
5148,Gm10044,1
5149,Gm10058,1
5150,Gm10130,1
5152,Gm10272,1
5153,Gm10277,1
5154,Gm10310,1
5155,Gm10318,2
5156,Gm10322,1
5157,Gm10364,1
5158,Gm10369,1
5159,Gm10371,1
5160,Gm10375,1
5161,Gm10376,1
5162,Gm10382,1
5164,Gm10409,1
5165,Gm10413,1
5166,Gm10419,1
5168,Gm1043,1
5169,Gm10433,1
5170,Gm10461,1
5171,Gm10505,1
5173,Gm10510,1
5174,Gm10512,1
5175,Gm10532,1
5178,Gm10584,1
5180,Gm10591,1
5181,Gm10612,1
5183,Gm10615,1
5184,Gm10636,2
5185,Gm10638,1
5187,Gm10654,1
5188,Gm10706,1
5189,Gm10732,1
5190,Gm10754,1
5193,Gm10789,1
5194,Gm10791,1
5196,Gm10829,1
5197,Gm10832,1
5198,Gm10840,1
5199,Gm11007,1
5200,Gm1110,1
5201,Gm11100,1
5203,Gm11149,1
5206,Gm1123,1
5207,Gm11232,1
5208,Gm11236,1
5209,Gm11269,1
5210,Gm11274,1
5211,Gm11346,1
5212,Gm11412,1
5213,Gm11418,1
5215,Gm11426,1
5216,Gm11437,1
5217,Gm11454,1
5219,Gm11487,1
5220,Gm11513,1
5221,Gm11515,2
5222,Gm11529,1
5223,Gm11543,1
5224,Gm11545,1
5225,Gm11546,1
5226,Gm11586,1
5227,Gm11587,1
5228,Gm11608,1
5230,Gm11627,1
5231,Gm11650,1
5232,Gm11655,2
5233,Gm11657,2
5234,Gm11665,1
5235,Gm11681,1
5236,Gm11683,1
5237,Gm11690,1
5238,Gm11694,1
5239,Gm11703,1
5240,Gm11729,1
5243,Gm11750,2
5244,Gm11758,1
5246,Gm11767,2
5247,Gm11802,1
5248,Gm11827,2
5249,Gm11832,1
5250,Gm11837,1
5251,Gm11872,1
5252,Gm11954,1
5253,Gm11958,1
5254,Gm11961,1
5257,Gm12059,1
5258,Gm12061,1
5259,Gm12066,1
5260,Gm12108,1
5261,Gm12121,1
5263,Gm12198,1
5265,Gm12224,1
5266,Gm12227,1
5268,Gm12292,1
5270,Gm12298,2
5271,Gm12320,1
5272,Gm12326,2
5273,Gm12381,1
5274,Gm12405,1
5275,Gm12407,1
5276,Gm12408,1
5277,Gm12409,1
5278,Gm12415,1
5279,Gm12436,1
5280,Gm12496,1
5282,Gm12508,1
5284,Gm12530,1
5285,Gm12536,1
5286,Gm12551,1
5287,Gm12592,1
5288,Gm12596,1
5289,Gm12610,1
5290,Gm12628,1
5291,Gm12655,1
5292,Gm12695,1
5293,Gm12708,1
5295,Gm128,1
5296,Gm12829,1
5298,Gm12865,1
5299,Gm12915,1
5300,Gm12930,1
5301,Gm12963,1
5302,Gm12984,1
5303,Gm12992,1
5304,Gm13001,1
5305,Gm13003,1
5306,Gm13010,1
5307,Gm13012,1
5308,Gm13021,3
5309,Gm13025,1
5310,Gm13029,1
5312,Gm13034,1
5313,Gm13056,1
5314,Gm13067,1
5315,Gm13073,1
5317,Gm13110,1
5318,Gm13112,1
5319,Gm13165,3
5320,Gm13199,1
5321,Gm13269,1
5322,Gm13272,1
5323,Gm13276,1
5324,Gm13278,1
5325,Gm13283,1
5328,Gm13287,1
5329,Gm13288,1
5330,Gm13290,1
5331,Gm13293,1
5335,Gm13315,2
5336,Gm13372,1
5337,Gm13373,2
5339,Gm13391,1
5340,Gm13398,1
5341,Gm13403,1
5342,Gm13404,4
5344,Gm13446,1
5345,Gm13449,1
5346,Gm13470,1
5347,Gm13481,1
5348,Gm13522,1
5349,Gm13523,2
5350,Gm13524,1
5351,Gm13530,1
5352,Gm13539,1
5353,Gm13547,1
5354,Gm13561,1
5355,Gm13571,1
5356,Gm13580,1
5358,Gm136,1
5360,Gm13710,2
5362,Gm13748,2
5364,Gm13752,1
5365,Gm13790,1
5367,Gm13816,2
5369,Gm13842,1
5370,Gm13847,1
5371,Gm13871,1
5372,Gm13883,1
5373,Gm13889,2
5374,Gm13912,1
5375,Gm13982,1
5376,Gm13990,1
5377,Gm14009,1
5378,Gm14023,1
5379,Gm14040,1
5380,Gm14051,2
5381,Gm14089,1
5382,Gm14095,1
5383,Gm14102,1
5384,Gm14137,1
5385,Gm14154,1
5386,Gm14169,1
5387,Gm14170,1
5388,Gm14218,1
5389,Gm14221,1
5390,Gm14267,3
5391,Gm14279,1
5392,Gm14285,1
5393,Gm14288,1
5394,Gm14295,1
5396,Gm14305,1
5402,Gm14329,1
5403,Gm14330,1
5404,Gm14340,2
5405,Gm14342,1
5406,Gm14344,1
5407,Gm14372,1
5408,Gm14377,1
5413,Gm14434,1
5414,Gm14437,1
5416,Gm14486,1
5417,Gm14488,1
5418,Gm14616,1
5419,Gm14635,1
5421,Gm14637,1
5422,Gm14642,1
5423,Gm14902,1
5426,Gm15083,2
5427,Gm15169,1
5428,Gm15201,2
5429,Gm15246,1
5430,Gm15270,1
5431,Gm15283,1
5432,Gm15290,1
5433,Gm15322,1
5434,Gm15323,1
5435,Gm15326,2
5437,Gm15345,3
5438,Gm15350,1
5439,Gm15353,1
5440,Gm15408,1
5441,Gm15411,4
5442,Gm15412,1
5443,Gm15417,1
5444,Gm15418,2
5445,Gm15419,1
5446,Gm15423,2
5447,Gm15441,1
5448,Gm15455,1
5449,Gm15462,1
5450,Gm15469,1
5451,Gm15471,1
5452,Gm15483,1
5454,Gm15499,1
5455,Gm15501,1
5456,Gm15517,2
5457,Gm15520,1
5458,Gm15522,1
5459,Gm15527,1
5460,Gm15541,1
5461,Gm15551,2
5462,Gm15558,1
5463,Gm15559,1
5464,Gm15564,1
5465,Gm15589,1
5466,Gm15601,2
5467,Gm15609,1
5468,Gm15624,1
5470,Gm15651,1
5472,Gm15679,1
5473,Gm15706,1
5474,Gm15723,1
5476,Gm15737,1
5477,Gm15738,1
5478,Gm15742,1
5480,Gm15755,1
5481,Gm15756,1
5482,Gm15762,1
5483,Gm15774,1
5485,Gm15850,1
5488,Gm15870,1
5489,Gm15880,1
5490,Gm15889,1
5491,Gm15894,1
5492,Gm15904,1
5494,Gm15912,1
5495,Gm15918,1
5496,Gm15939,1
5497,Gm15941,1
5498,Gm15942,1
5499,Gm15952,1
5501,Gm15991,1
5502,Gm15997,1
5503,Gm15998,1
5505,Gm16008,1
5506,Gm16010,1
5507,Gm16013,1
5508,Gm16016,1
5510,Gm1604b,1
5511,Gm16063,1
5512,Gm16069,1
5513,Gm16083,1
5514,Gm16087,1
5515,Gm16090,1
5516,Gm16104,2
5517,Gm16108,1
5518,Gm16118,1
5519,Gm16143,1
5520,Gm16146,1
5521,Gm16159,2
5522,Gm16174,2
5524,Gm16191,1
5526,Gm16217,3
5527,Gm16230,1
5528,Gm16249,1
5529,Gm16252,1
5530,Gm16271,2
5531,Gm16291,1
5532,Gm16299,1
5533,Gm16315,2
5534,Gm16316,1
5537,Gm16523,1
5538,Gm16525,1
5539,Gm16537,1
5540,Gm16551,1
5541,Gm16559,1
5542,Gm16578,1
5543,Gm16582,1
5544,Gm16599,2
5547,Gm16793,1
5549,Gm16853,1
5551,Gm16876,1
5553,Gm16897,1
5554,Gm16973,1
5555,Gm16976,1
5557,Gm17019,2
5558,Gm17029,1
5559,Gm17057,2
5560,Gm17089,1
5561,Gm17196,1
5562,Gm17197,1
5563,Gm1720,1
5564,Gm17227,1
5565,Gm17232,1
5566,Gm17244,1
5567,Gm17266,1
5568,Gm17330,1
5572,Gm17415,1
5573,Gm17501,1
5574,Gm17508,2
5575,Gm17518,1
5576,Gm17660,2
5579,Gm17750,2
5580,Gm17753,1
5581,Gm17762,1
5583,Gm18905,1
5584,Gm19277,1
5585,Gm19299,1
5586,Gm19303,1
5588,Gm19402,2
5589,Gm19410,1
5591,Gm19437,2
5593,Gm19461,2
5594,Gm19497,2
5595,Gm19500,2
5596,Gm19505,1
5597,Gm19510,1
5598,Gm19519,1
5599,Gm19582,1
5600,Gm19600,1
5601,Gm19668,1
5605,Gm19835,1
5607,Gm19897,2
5608,Gm19911,2
5609,Gm1995,2
5610,Gm19956,1
5611,Gm20016,1
5612,Gm20052,1
5613,Gm20063,1
5616,Gm2012,1
5617,Gm20149,1
5618,Gm20208,1
5619,Gm20257,1
5620,Gm20275,2
5621,Gm20346,1
5622,Gm20383,2
5623,Gm20387,1
5624,Gm20420,1
5625,Gm20443,2
5626,Gm20485,1
5627,Gm20491,1
5629,Gm20544,1
5630,Gm20597,1
5632,Gm20605,1
5633,Gm20636,2
5635,Gm2065,1
5636,Gm20670,1
5637,Gm20684,1
5638,Gm20714,1
5639,Gm20717,1
5640,Gm20732,1
5641,Gm20738,1
5642,Gm20743,1
5643,Gm20744,1
5644,Gm20751,1
5646,Gm20756,1
5647,Gm20759,1
5648,Gm20764,1
5649,Gm20888,1
5650,Gm20939,1
5651,Gm2102,1
5652,Gm21057,1
5653,Gm2109,1
5654,Gm21103,1
5655,Gm21104,2
5656,Gm21115,1
5657,Gm21162,1
5658,Gm21181,1
5660,Gm21293,1
5661,Gm21297,2
5662,Gm21304,1
5663,Gm21451,2
5664,Gm21586,1
5666,Gm21671,1
5667,Gm21754,1
5669,Gm21859,1
5670,Gm2192,2
5671,Gm21956,1
5672,Gm21977,1
5674,Gm22004,1
5675,Gm22020,1
5676,Gm22034,1
5677,Gm22044,1
5679,Gm22059,1
5681,Gm22069,1
5682,Gm22073,1
5683,Gm22078,1
5684,Gm22113,1
5686,Gm22138,1
5687,Gm22149,1
5688,Gm22150,1
5689,Gm22157,2
5690,Gm22163,1
5691,Gm22245,1
5692,Gm22246,1
5693,Gm22249,1
5694,Gm22252,1
5695,Gm22265,1
5696,Gm22266,1
5697,Gm22267,1
5698,Gm22268,1
5699,Gm22273,1
5700,Gm22284,1
5701,Gm22286,1
5702,Gm22317,1
5703,Gm22337,1
5704,Gm22362,1
5705,Gm2237,1
5706,Gm22378,2
5707,Gm22379,1
5708,Gm2240,1
5709,Gm22425,1
5710,Gm22429,1
5711,Gm22438,1
5712,Gm22439,1
5713,Gm22450,1
5714,Gm22454,1
5715,Gm22471,1
5716,Gm22474,1
5717,Gm22495,1
5718,Gm22499,1
5719,Gm22501,1
5720,Gm22511,1
5721,Gm22516,1
5722,Gm22521,1
5723,Gm22536,1
5724,Gm22540,1
5725,Gm22544,1
5726,Gm22554,1
5727,Gm22559,1
5728,Gm22614,1
5729,Gm22621,1
5730,Gm22627,1
5731,Gm22634,1
5732,Gm22661,1
5733,Gm22676,1
5734,Gm22711,2
5735,Gm22716,1
5736,Gm22724,1
5737,Gm22740,1
5738,Gm22741,1
5739,Gm22743,1
5740,Gm22747,1
5741,Gm22762,1
5742,Gm22777,1
5743,Gm22778,1
5744,Gm22780,1
5745,Gm22781,1
5746,Gm22782,1
5747,Gm22797,1
5748,Gm22807,1
5749,Gm22813,1
5750,Gm22840,1
5751,Gm22863,1
5752,Gm22881,2
5753,Gm22890,1
5754,Gm22899,1
5755,Gm22900,1
5756,Gm22927,1
5757,Gm22934,1
5758,Gm22937,1
5759,Gm22939,1
5760,Gm22951,1
5761,Gm22966,1
5762,Gm22969,1
5763,Gm22972,1
5764,Gm22973,1
5765,Gm23010,1
5766,Gm23011,1
5767,Gm23015,1
5768,Gm23047,1
5769,Gm23050,1
5770,Gm23057,1
5771,Gm23105,1
5772,Gm23109,1
5773,Gm23126,1
5774,Gm23129,1
5775,Gm23131,1
5776,Gm23132,1
5777,Gm23140,1
5778,Gm23144,1
5779,Gm23148,1
5780,Gm23169,1
5781,Gm23175,1
5782,Gm23182,1
5783,Gm23203,1
5784,Gm23223,1
5785,Gm23229,1
5786,Gm23231,2
5787,Gm23264,1
5788,Gm23267,1
5789,Gm23270,1
5790,Gm23273,1
5791,Gm23276,1
5792,Gm23278,1
5793,Gm23284,1
5794,Gm23287,1
5796,Gm23300,1
5797,Gm23305,1
5798,Gm23310,1
5799,Gm23313,1
5800,Gm23319,1
5801,Gm23330,1
5802,Gm23339,1
5803,Gm23343,2
5804,Gm23346,1
5805,Gm23356,1
5806,Gm23370,1
5807,Gm23377,1
5808,Gm23405,1
5809,Gm23406,1
5810,Gm23423,1
5811,Gm23437,1
5812,Gm23439,1
5813,Gm23440,1
5814,Gm23444,1
5815,Gm23445,1
5816,Gm23461,1
5817,Gm23467,1
5819,Gm23477,2
5820,Gm23484,1
5821,Gm23517,1
5822,Gm23527,1
5823,Gm23529,2
5824,Gm23530,1
5825,Gm23567,2
5826,Gm23570,1
5827,Gm23573,1
5828,Gm23585,1
5829,Gm23593,1
5830,Gm23594,1
5831,Gm23595,1
5832,Gm23596,1
5833,Gm23604,1
5834,Gm23605,1
5835,Gm23619,1
5836,Gm23622,1
5837,Gm23623,1
5838,Gm23645,1
5839,Gm23665,1
5840,Gm23669,1
5842,Gm23682,1
5843,Gm23698,1
5844,Gm23711,1
5845,Gm23716,1
5846,Gm23738,1
5847,Gm23741,1
5848,Gm23748,1
5849,Gm23749,1
5850,Gm23751,1
5851,Gm23774,1
5852,Gm23803,1
5854,Gm23822,1
5855,Gm23860,1
5856,Gm23862,1
5857,Gm23889,1
5858,Gm23891,1
5859,Gm23892,1
5860,Gm23896,1
5861,Gm23903,1
5862,Gm23906,1
5863,Gm23908,1
5864,Gm23910,1
5865,Gm23944,1
5866,Gm23948,1
5867,Gm23953,1
5868,Gm23960,1
5869,Gm23966,2
5871,Gm23979,1
5872,Gm23993,1
5873,Gm23996,1
5874,Gm24002,2
5875,Gm24069,1
5876,Gm24091,1
5877,Gm24105,1
5878,Gm24120,1
5879,Gm24127,1
5880,Gm24144,1
5881,Gm24145,1
5882,Gm24149,1
5883,Gm24154,1
5884,Gm24160,1
5885,Gm24161,1
5886,Gm24165,1
5887,Gm24177,1
5888,Gm24198,1
5889,Gm24207,1
5890,Gm24208,1
5891,Gm24221,1
5892,Gm24224,1
5893,Gm24231,1
5894,Gm24234,1
5895,Gm24235,1
5896,Gm24240,1
5897,Gm24253,1
5898,Gm24257,1
5899,Gm24262,1
5900,Gm2427,1
5901,Gm24278,1
5902,Gm24280,1
5903,Gm24288,1
5904,Gm24295,1
5905,Gm24305,1
5906,Gm24313,1
5907,Gm24318,1
5908,Gm24334,1
5909,Gm24348,1
5910,Gm24350,1
5911,Gm24357,1
5912,Gm24373,2
5913,Gm24375,1
5914,Gm24384,1
5915,Gm24400,1
5916,Gm24403,1
5917,Gm24424,1
5918,Gm24429,2
5919,Gm24430,2
5920,Gm24433,1
5921,Gm24443,1
5922,Gm24445,1
5923,Gm24448,1
5924,Gm24463,1
5925,Gm24467,1
5926,Gm24472,1
5927,Gm24473,1
5928,Gm24474,1
5929,Gm24475,1
5930,Gm24503,1
5931,Gm24517,1
5932,Gm24518,1
5933,Gm24525,1
5934,Gm24536,1
5935,Gm24552,2
5936,Gm24553,2
5937,Gm24564,1
5938,Gm24576,1
5939,Gm24581,1
5940,Gm24607,2
5941,Gm24609,1
5942,Gm24611,2
5943,Gm24612,1
5944,Gm24623,1
5945,Gm24651,2
5946,Gm24656,1
5947,Gm24657,1
5948,Gm24670,1
5949,Gm24677,1
5951,Gm24698,1
5952,Gm24709,1
5953,Gm24726,1
5954,Gm24727,2
5955,Gm24753,2
5956,Gm24759,1
5957,Gm24762,1
5958,Gm24764,1
5959,Gm24780,1
5960,Gm24789,1
5961,Gm2479,1
5962,Gm24791,1
5963,Gm24792,1
5965,Gm24838,1
5966,Gm24848,1
5968,Gm24861,1
5969,Gm24879,1
5970,Gm24891,1
5971,Gm24903,2
5972,Gm2491,1
5973,Gm24920,1
5974,Gm24927,1
5976,Gm24963,1
5977,Gm24981,1
5978,Gm24986,1
5979,Gm24987,1
5980,Gm25010,1
5981,Gm25013,1
5982,Gm25016,1
5983,Gm25020,1
5984,Gm25038,1
5985,Gm25053,1
5986,Gm25064,1
5987,Gm25065,1
5988,Gm25076,1
5989,Gm25090,1
5990,Gm25092,1
5991,Gm25093,2
5992,Gm25096,1
5993,Gm25134,4
5994,Gm25142,1
5995,Gm25157,1
5996,Gm25161,1
5997,Gm25168,1
5999,Gm25201,2
6000,Gm25203,1
6001,Gm25210,2
6002,Gm25216,2
6003,Gm25221,1
6004,Gm25230,1
6005,Gm25244,1
6006,Gm25245,1
6007,Gm25268,2
6008,Gm25274,1
6009,Gm25275,1
6010,Gm25311,2
6011,Gm25313,2
6012,Gm25346,2
6013,Gm25350,1
6015,Gm25375,1
6016,Gm25376,1
6017,Gm25377,1
6018,Gm25378,1
6019,Gm25380,1
6020,Gm25383,1
6021,Gm25391,1
6022,Gm25396,1
6023,Gm25404,1
6024,Gm25407,1
6026,Gm25416,1
6027,Gm25417,1
6028,Gm25420,1
6029,Gm25422,1
6030,Gm25439,1
6031,Gm25460,1
6032,Gm25462,1
6033,Gm25463,1
6034,Gm25485,1
6035,Gm25487,1
6036,Gm25492,1
6037,Gm25497,1
6038,Gm25498,1
6039,Gm25501,1
6040,Gm25546,1
6041,Gm25558,1
6042,Gm25564,1
6043,Gm25581,1
6044,Gm25592,1
6045,Gm25604,1
6046,Gm25607,1
6047,Gm25610,2
6048,Gm25613,1
6049,Gm25617,1
6050,Gm25619,1
6051,Gm25631,1
6052,Gm25632,1
6053,Gm25634,1
6054,Gm25635,1
6055,Gm2564,1
6056,Gm25653,1
6057,Gm25658,2
6058,Gm25668,2
6060,Gm25711,1
6061,Gm25721,1
6062,Gm25725,2
6063,Gm25726,2
6064,Gm25730,1
6065,Gm25740,1
6066,Gm25755,1
6067,Gm25756,1
6068,Gm25758,1
6069,Gm25759,2
6070,Gm25763,2
6071,Gm25764,2
6072,Gm25789,1
6073,Gm25794,1
6074,Gm25801,1
6075,Gm25826,2
6076,Gm25830,1
6077,Gm25832,1
6078,Gm25833,2
6079,Gm25846,1
6080,Gm25860,1
6081,Gm25869,1
6082,Gm25870,1
6083,Gm25879,1
6084,Gm25880,1
6086,Gm25906,1
6087,Gm25913,1
6088,Gm25915,1
6089,Gm25916,1
6090,Gm25919,1
6091,Gm25922,1
6093,Gm26005,1
6094,Gm26008,1
6095,Gm26014,1
6096,Gm26016,1
6097,Gm26017,1
6098,Gm26036,1
6099,Gm26046,1
6100,Gm26057,1
6101,Gm26066,1
6102,Gm26082,1
6104,Gm26101,1
6105,Gm26110,1
6106,Gm26132,1
6107,Gm26138,1
6108,Gm26143,1
6109,Gm26144,1
6110,Gm26145,1
6111,Gm26146,1
6112,Gm26159,1
6113,Gm26165,1
6114,Gm26169,1
6116,Gm26179,1
6117,Gm26184,1
6119,Gm26205,1
6120,Gm26211,1
6121,Gm26214,1
6122,Gm26225,1
6123,Gm26232,1
6124,Gm26236,1
6125,Gm26262,1
6126,Gm26272,2
6127,Gm26278,1
6128,Gm26283,1
6129,Gm26285,2
6130,Gm26288,2
6131,Gm26341,1
6132,Gm26342,1
6133,Gm26349,1
6134,Gm26354,1
6135,Gm26361,2
6136,Gm26365,1
6137,Gm26375,1
6138,Gm26379,2
6139,Gm26390,1
6140,Gm26395,1
6141,Gm26396,1
6142,Gm26403,1
6143,Gm26413,1
6144,Gm26419,1
6145,Gm26423,1
6146,Gm26433,1
6147,Gm26434,1
6148,Gm26439,1
6150,Gm26446,1
6151,Gm26493,1
6152,Gm26497,1
6153,Gm26500,1
6154,Gm26501,1
6156,Gm26519,1
6157,Gm26520,1
6159,Gm26559,1
6160,Gm26562,2
6161,Gm26564,2
6162,Gm26567,1
6163,Gm26588,1
6164,Gm26597,1
6166,Gm26618,1
6167,Gm26629,1
6168,Gm26634,1
6169,Gm26637,1
6170,Gm26655,1
6171,Gm26671,2
6172,Gm26679,2
6173,Gm26682,1
6174,Gm26691,2
6175,Gm26703,3
6176,Gm26717,1
6178,Gm26728,1
6179,Gm26740,1
6180,Gm26747,1
6181,Gm26766,1
6184,Gm26788,1
6185,Gm26797,1
6186,Gm26800,1
6188,Gm26812,2
6189,Gm26839,1
6190,Gm26843,1
6191,Gm26849,1
6194,Gm26868,1
6195,Gm26871,2
6196,Gm26885,1
6197,Gm26887,1
6198,Gm26901,1
6200,Gm26917,1
6203,Gm2696,1
6204,Gm26962,1
6205,Gm26972,1
6206,Gm26973,1
6207,Gm26974,1
6209,Gm27021,1
6211,Gm27174,1
6212,Gm27198,1
6213,Gm2721,2
6214,Gm27243,1
6215,Gm27252,1
6216,Gm27572,1
6217,Gm2762,1
6218,Gm27934,1
6220,Gm28068,1
6222,Gm28178,1
6223,Gm28209,1
6224,Gm2824,1
6225,Gm28286,1
6226,Gm2832,1
6227,Gm2837,1
6228,Gm28382,1
6229,Gm28403,1
6230,Gm28417,1
6231,Gm28441,1
6232,Gm28455,2
6233,Gm2848,2
6234,Gm28523,1
6235,Gm28578,1
6236,Gm28644,1
6237,Gm28729,2
6238,Gm28800,1
6239,Gm28802,2
6240,Gm28809,1
6241,Gm28836,1
6242,Gm2885,1
6243,Gm28856,1
6245,Gm28863,1
6246,Gm28876,1
6249,Gm29007,1
6250,Gm29083,1
6251,Gm29154,1
6252,Gm29183,1
6254,Gm2921,1
6255,Gm29243,1
6256,Gm29260,1
6257,Gm29414,1
6258,Gm29418,1
6259,Gm29481,1
6260,Gm29483,1
6261,Gm29514,1
6262,Gm29538,1
6263,Gm2956,2
6264,Gm29571,1
6265,Gm2959,2
6266,Gm29590,2
6267,Gm29593,1
6268,Gm29595,1
6270,Gm29642,1
6271,Gm29684,1
6272,Gm29688,1
6274,Gm29733,1
6275,Gm2974,2
6276,Gm29740,1
6277,Gm29791,1
6278,Gm29797,1
6279,Gm29804,1
6280,Gm29811,1
6281,Gm29822,1
6282,Gm29823,1
6283,Gm29831,1
6284,Gm29857,2
6285,Gm29859,1
6286,Gm29864,1
6287,Gm29872,1
6288,Gm29873,1
6289,Gm29880,1
6290,Gm29883,1
6291,Gm29890,2
6292,Gm29891,1
6293,Gm29892,2
6294,Gm29896,1
6295,Gm29897,2
6296,Gm29899,1
6297,Gm29901,1
6298,Gm29903,2
6299,Gm29913,1
6300,Gm29916,1
6301,Gm29918,1
6302,Gm29921,1
6303,Gm29927,2
6304,Gm29931,1
6305,Gm29932,1
6306,Gm29933,1
6307,Gm29935,2
6308,Gm29942,1
6309,Gm29943,1
6310,Gm29944,1
6311,Gm29952,1
6312,Gm29955,1
6313,Gm29958,1
6314,Gm29967,1
6315,Gm29972,1
6317,Gm29979,1
6318,Gm29985,1
6319,Gm29986,1
6320,Gm29992,1
6321,Gm29993,1
6322,Gm29998,1
6324,Gm30001,1
6325,Gm30011,1
6326,Gm30013,1
6327,Gm30018,2
6328,Gm30021,1
6329,Gm30028,1
6330,Gm30034,1
6331,Gm30036,1
6333,Gm30044,1
6334,Gm30048,1
6335,Gm30049,1
6336,Gm3005,3
6337,Gm30055,1
6338,Gm30058,1
6339,Gm30060,1
6340,Gm30062,1
6341,Gm30063,1
6344,Gm30075,1
6345,Gm30078,1
6346,Gm30085,1
6347,Gm30086,1
6348,Gm30088,1
6349,Gm30093,2
6350,Gm30101,1
6351,Gm30102,1
6352,Gm30110,1
6353,Gm30117,2
6354,Gm30120,1
6355,Gm30122,1
6356,Gm30126,1
6358,Gm30141,1
6359,Gm30144,2
6360,Gm30150,1
6361,Gm30151,1
6362,Gm30153,1
6363,Gm30163,2
6365,Gm30187,1
6367,Gm30198,1
6368,Gm30199,2
6369,Gm3020,1
6370,Gm30212,2
6371,Gm30213,1
6372,Gm30224,1
6373,Gm30232,1
6375,Gm30238,1
6377,Gm30262,1
6378,Gm30263,3
6379,Gm30271,1
6380,Gm30273,1
6381,Gm30281,1
6382,Gm30284,2
6383,Gm30286,1
6384,Gm30292,1
6386,Gm30303,1
6387,Gm30310,1
6388,Gm30313,1
6389,Gm30316,3
6390,Gm30318,1
6391,Gm30321,1
6392,Gm30325,1
6393,Gm30338,1
6394,Gm30339,1
6395,Gm30340,1
6396,Gm30344,1
6397,Gm30352,1
6398,Gm30360,1
6399,Gm30363,1
6401,Gm30366,1
6403,Gm30371,1
6404,Gm30375,1
6405,Gm30378,1
6406,Gm30381,1
6407,Gm30388,2
6408,Gm30400,2
6409,Gm30402,1
6410,Gm30411,1
6411,Gm30413,2
6412,Gm30416,3
6413,Gm30420,1
6414,Gm30421,1
6415,Gm30422,1
6416,Gm30431,1
6417,Gm30432,1
6418,Gm30438,2
6420,Gm30440,1
6421,Gm30443,1
6424,Gm30448,1
6425,Gm3045,1
6426,Gm30456,1
6427,Gm30458,1
6428,Gm30466,2
6430,Gm30475,1
6431,Gm30476,1
6432,Gm30482,1
6433,Gm30487,1
6435,Gm30504,2
6436,Gm30515,1
6437,Gm30519,2
6438,Gm30525,1
6439,Gm30539,1
6440,Gm30541,1
6441,Gm30543,1
6443,Gm30557,1
6444,Gm30559,1
6445,Gm30560,1
6446,Gm30561,1
6448,Gm30563,1
6449,Gm30567,1
6450,Gm30568,1
6451,Gm30569,1
6452,Gm30570,1
6454,Gm30575,2
6455,Gm30577,1
6456,Gm30581,1
6457,Gm30590,1
6458,Gm30599,1
6461,Gm30604,1
6462,Gm30609,1
6463,Gm30622,1
6464,Gm30632,2
6465,Gm30639,1
6466,Gm30649,1
6467,Gm30654,1
6468,Gm30657,2
6469,Gm30663,1
6470,Gm30681,1
6472,Gm30690,1
6473,Gm30693,1
6474,Gm30698,1
6476,Gm30706,1
6477,Gm30713,1
6478,Gm30717,1
6480,Gm30724,1
6481,Gm30731,1
6482,Gm30732,1
6483,Gm30733,1
6484,Gm30734,1
6485,Gm30744,1
6486,Gm30746,1
6487,Gm30757,1
6488,Gm30759,2
6489,Gm30770,1
6490,Gm30782,1
6491,Gm30785,1
6492,Gm30790,1
6494,Gm30794,2
6495,Gm30796,1
6496,Gm30799,1
6497,Gm30802,1
6498,Gm30810,1
6499,Gm30812,1
6500,Gm30814,1
6501,Gm30827,1
6502,Gm30840,1
6503,Gm30843,1
6504,Gm30845,1
6505,Gm30851,1
6506,Gm3086,1
6507,Gm30873,1
6508,Gm30874,2
6509,Gm30875,1
6510,Gm30877,1
6511,Gm30888,1
6512,Gm30889,1
6513,Gm30890,2
6514,Gm30896,1
6515,Gm30904,1
6516,Gm30906,1
6517,Gm30908,1
6519,Gm30932,1
6520,Gm30939,2
6521,Gm30940,1
6522,Gm30941,1
6523,Gm30943,1
6524,Gm30944,1
6525,Gm3095,1
6526,Gm30950,1
6527,Gm30969,1
6528,Gm30977,1
6529,Gm30984,1
6530,Gm30986,1
6531,Gm30989,1
6532,Gm30991,1
6536,Gm31034,1
6537,Gm31035,1
6538,Gm31045,1
6539,Gm31054,1
6540,Gm31057,1
6541,Gm31064,1
6542,Gm31065,1
6543,Gm31066,1
6544,Gm31068,1
6545,Gm31078,1
6546,Gm31080,2
6547,Gm31090,1
6548,Gm31097,1
6549,Gm31107,2
6551,Gm31117,1
6553,Gm31120,1
6554,Gm31125,2
6555,Gm31127,1
6557,Gm31130,1
6559,Gm31141,2
6560,Gm31143,1
6561,Gm31145,1
6562,Gm31147,1
6563,Gm3115,1
6564,Gm31159,1
6565,Gm31165,1
6566,Gm31182,1
6567,Gm31188,1
6569,Gm31195,1
6570,Gm31206,2
6571,Gm31210,2
6572,Gm31219,1
6573,Gm31221,1
6575,Gm31233,1
6577,Gm31235,1
6578,Gm31242,1
6579,Gm31267,1
6580,Gm31269,2
6581,Gm31278,1
6582,Gm31288,2
6583,Gm31290,1
6584,Gm31292,1
6585,Gm31294,2
6586,Gm31295,2
6589,Gm31308,1
6590,Gm31309,1
6592,Gm31317,1
6593,Gm31318,1
6594,Gm31319,1
6595,Gm31325,1
6596,Gm31333,2
6597,Gm31342,2
6598,Gm31348,1
6600,Gm31365,2
6601,Gm31369,2
6602,Gm31374,1
6604,Gm31402,1
6605,Gm31408,1
6606,Gm31410,1
6607,Gm31419,2
6608,Gm31420,1
6609,Gm31423,1
6610,Gm31432,2
6611,Gm31434,1
6612,Gm31436,1
6613,Gm31439,2
6614,Gm31455,1
6615,Gm31463,1
6616,Gm31466,2
6617,Gm31471,1
6618,Gm31473,2
6619,Gm31475,1
6620,Gm31479,1
6621,Gm31499,1
6622,Gm31508,1
6625,Gm31513,1
6626,Gm31515,1
6627,Gm31519,1
6628,Gm31529,1
6629,Gm31534,1
6630,Gm31535,2
6631,Gm31545,1
6632,Gm31550,1
6633,Gm31557,1
6634,Gm31563,1
6635,Gm31564,1
6636,Gm31566,1
6637,Gm31577,1
6638,Gm31585,1
6639,Gm31592,1
6641,Gm31613,1
6642,Gm31614,1
6643,Gm31615,1
6645,Gm31617,1
6646,Gm31618,1
6647,Gm31620,1
6648,Gm31623,1
6649,Gm31633,1
6650,Gm31637,1
6651,Gm3164,1
6652,Gm31640,1
6653,Gm31642,2
6654,Gm31645,1
6655,Gm31647,1
6656,Gm31648,1
6657,Gm31649,1
6659,Gm31653,1
6660,Gm31656,1
6661,Gm31668,1
6663,Gm31686,1
6664,Gm31690,1
6665,Gm31692,1
6666,Gm31696,2
6667,Gm31715,1
6669,Gm31724,1
6670,Gm31725,1
6671,Gm31726,1
6672,Gm3173,1
6673,Gm31731,1
6674,Gm31734,1
6677,Gm31754,2
6678,Gm31755,1
6679,Gm31763,1
6680,Gm31772,1
6681,Gm31775,1
6682,Gm31805,1
6684,Gm31814,2
6685,Gm31816,1
6686,Gm31820,1
6687,Gm31835,1
6688,Gm31836,1
6689,Gm31839,1
6690,Gm31841,1
6691,Gm31842,1
6693,Gm31851,1
6695,Gm31862,1
6696,Gm31871,1
6697,Gm31880,1
6699,Gm31882,2
6700,Gm31889,2
6701,Gm31894,1
6702,Gm31907,1
6703,Gm31912,1
6704,Gm31920,1
6705,Gm31928,1
6706,Gm31936,2
6708,Gm31939,1
6709,Gm3194,1
6710,Gm31946,1
6711,Gm31954,2
6712,Gm31955,1
6713,Gm31974,1
6714,Gm31983,1
6715,Gm31984,1
6716,Gm31992,1
6717,Gm31999,1
6719,Gm32005,1
6721,Gm32013,1
6722,Gm32017,1
6723,Gm32018,1
6724,Gm32026,1
6725,Gm32039,2
6726,Gm32050,1
6727,Gm32051,1
6728,Gm32058,1
6729,Gm32059,1
6730,Gm32064,1
6731,Gm32068,1
6732,Gm32074,1
6733,Gm32079,1
6734,Gm32080,2
6735,Gm32081,1
6736,Gm32101,1
6737,Gm32112,1
6738,Gm32117,1
6739,Gm32124,2
6740,Gm32128,1
6741,Gm32130,1
6742,Gm32135,1
6743,Gm32137,1
6744,Gm32139,1
6745,Gm32142,2
6746,Gm32164,1
6748,Gm32177,1
6749,Gm32178,1
6751,Gm32186,1
6752,Gm32187,1
6753,Gm32194,2
6754,Gm32200,1
6755,Gm32202,1
6756,Gm32211,1
6758,Gm32216,1
6759,Gm32219,1
6760,Gm32223,1
6762,Gm32232,1
6763,Gm32234,1
6764,Gm32240,2
6765,Gm32259,1
6767,Gm32267,1
6768,Gm32269,1
6769,Gm32273,1
6770,Gm32275,2
6771,Gm32276,1
6772,Gm32279,1
6773,Gm32286,1
6774,Gm32287,2
6775,Gm32293,1
6776,Gm32294,1
6777,Gm32296,1
6778,Gm32297,1
6779,Gm3230,1
6781,Gm32309,1
6782,Gm32313,1
6783,Gm32315,1
6784,Gm32322,1
6785,Gm3233,1
6786,Gm32335,1
6787,Gm32336,2
6788,Gm32338,1
6789,Gm32345,1
6790,Gm32348,3
6791,Gm32351,1
6793,Gm32364,1
6794,Gm32369,1
6795,Gm32371,1
6796,Gm32374,1
6797,Gm32379,1
6798,Gm3238,1
6799,Gm32384,2
6800,Gm32385,1
6801,Gm3239,1
6802,Gm32391,1
6803,Gm32392,1
6804,Gm32399,1
6805,Gm32403,2
6806,Gm32405,1
6807,Gm32406,1
6808,Gm32409,1
6809,Gm32413,2
6811,Gm32425,1
6812,Gm32432,1
6813,Gm32440,1
6814,Gm32442,1
6815,Gm32448,1
6816,Gm32449,1
6817,Gm32458,1
6818,Gm32461,1
6819,Gm32464,1
6820,Gm32471,1
6822,Gm32482,1
6823,Gm32483,1
6824,Gm32486,1
6827,Gm32492,1
6828,Gm32498,1
6829,Gm3250,1
6830,Gm32506,2
6832,Gm32525,1
6833,Gm32529,1
6834,Gm32531,1
6835,Gm32540,1
6836,Gm32546,1
6837,Gm32547,1
6838,Gm32549,3
6840,Gm32561,2
6841,Gm32563,1
6842,Gm32566,2
6843,Gm32575,1
6844,Gm32581,1
6846,Gm32587,2
6847,Gm32596,1
6848,Gm32600,1
6850,Gm32604,1
6852,Gm32611,1
6854,Gm32627,1
6855,Gm32630,2
6857,Gm3264,2
6858,Gm32640,1
6859,Gm32642,1
6860,Gm32652,1
6862,Gm32661,1
6863,Gm32663,1
6864,Gm32670,1
6865,Gm32673,1
6866,Gm32676,1
6867,Gm32679,1
6868,Gm32682,1
6869,Gm32683,1
6870,Gm32684,1
6872,Gm32688,1
6873,Gm32694,3
6874,Gm32696,2
6875,Gm32700,2
6877,Gm32719,1
6878,Gm32720,1
6879,Gm32724,1
6880,Gm32725,1
6881,Gm32728,1
6882,Gm32735,1
6883,Gm32738,1
6884,Gm32740,1
6885,Gm32741,1
6886,Gm32743,1
6887,Gm32745,1
6888,Gm32753,1
6889,Gm32765,1
6890,Gm32770,1
6891,Gm32771,1
6892,Gm32783,1
6893,Gm32790,1
6895,Gm32796,1
6896,Gm32801,1
6898,Gm32817,2
6899,Gm32819,1
6900,Gm32822,2
6901,Gm32823,1
6902,Gm32825,1
6903,Gm32827,1
6904,Gm32828,2
6905,Gm32830,1
6906,Gm32834,2
6907,Gm32838,1
6908,Gm32841,1
6909,Gm32847,1
6910,Gm32850,2
6911,Gm32853,1
6913,Gm32861,1
6914,Gm32865,1
6915,Gm32871,1
6916,Gm32872,1
6917,Gm32876,1
6918,Gm32881,1
6919,Gm32882,1
6920,Gm32886,1
6921,Gm32896,1
6922,Gm32897,1
6923,Gm32898,1
6924,Gm32900,1
6925,Gm32906,1
6926,Gm32914,1
6927,Gm32918,1
6928,Gm32923,2
6929,Gm32926,1
6930,Gm32932,1
6932,Gm32935,2
6933,Gm32939,1
6934,Gm32945,1
6935,Gm32949,2
6936,Gm32957,1
6937,Gm32958,1
6939,Gm32965,1
6940,Gm32968,2
6941,Gm32979,1
6942,Gm32986,1
6943,Gm32988,2
6945,Gm33008,1
6946,Gm33023,1
6947,Gm33026,1
6950,Gm33041,1
6953,Gm33070,1
6954,Gm33086,1
6955,Gm33088,1
6956,Gm33089,3
6957,Gm33090,1
6958,Gm33094,1
6959,Gm33097,1
6960,Gm33099,2
6961,Gm33111,1
6962,Gm33114,1
6963,Gm33116,2
6964,Gm33122,1
6965,Gm33124,1
6966,Gm33134,1
6967,Gm33135,1
6968,Gm33148,1
6969,Gm33154,1
6970,Gm33162,2
6971,Gm3317,2
6972,Gm33172,1
6973,Gm33173,2
6974,Gm33185,1
6978,Gm33201,1
6979,Gm33211,1
6980,Gm33214,1
6981,Gm33215,1
6983,Gm33228,1
6984,Gm33235,1
6985,Gm33240,1
6986,Gm33246,1
6987,Gm33249,2
6988,Gm33253,1
6989,Gm33258,2
6990,Gm33259,1
6991,Gm33265,1
6993,Gm33273,1
6994,Gm33275,1
6995,Gm33277,1
6996,Gm33281,1
6997,Gm33283,1
6998,Gm33289,2
7000,Gm33299,1
7001,Gm33302,1
7003,Gm33310,1
7004,Gm33319,1
7005,Gm33321,2
7006,Gm33323,1
7007,Gm33324,1
7008,Gm33327,1
7009,Gm33330,1
7010,Gm33332,1
7011,Gm33340,1
7012,Gm33341,2
7013,Gm33347,1
7014,Gm3336,1
7015,Gm33361,1
7016,Gm33363,1
7018,Gm33377,1
7019,Gm33389,1
7020,Gm33394,2
7021,Gm33407,1
7022,Gm33410,1
7023,Gm33413,2
7024,Gm33415,1
7025,Gm33416,1
7026,Gm33424,1
7027,Gm33436,1
7028,Gm33439,2
7030,Gm33449,1
7031,Gm33450,1
7032,Gm33453,1
7033,Gm33458,1
7034,Gm33459,1
7035,Gm33460,1
7036,Gm33467,1
7037,Gm33474,1
7038,Gm33476,1
7039,Gm33479,1
7040,Gm33481,1
7041,Gm33484,1
7042,Gm33485,1
7043,Gm33508,1
7045,Gm33510,1
7046,Gm33524,2
7047,Gm33525,1
7048,Gm33528,1
7050,Gm33534,1
7051,Gm33539,1
7052,Gm33547,1
7053,Gm33548,1
7054,Gm33552,1
7057,Gm33561,1
7058,Gm33563,1
7059,Gm33564,1
7061,Gm33581,1
7064,Gm33587,2
7065,Gm33590,1
7066,Gm33592,1
7068,Gm33596,1
7069,Gm33611,1
7070,Gm33616,2
7071,Gm33617,1
7073,Gm33624,1
7074,Gm33627,1
7076,Gm33630,1
7078,Gm33642,3
7079,Gm33643,1
7080,Gm33644,1
7081,Gm33655,2
7082,Gm33662,1
7083,Gm33663,1
7084,Gm33668,2
7085,Gm33680,1
7086,Gm33682,1
7087,Gm33687,1
7088,Gm33690,1
7089,Gm33693,1
7090,Gm33695,1
7091,Gm33702,1
7093,Gm33704,1
7094,Gm33708,1
7095,Gm33710,1
7098,Gm33721,1
7099,Gm33727,1
7100,Gm33728,1
7101,Gm3373,2
7102,Gm33746,1
7103,Gm33747,1
7104,Gm33750,2
7105,Gm33753,1
7106,Gm33758,3
7107,Gm33763,1
7108,Gm33787,1
7110,Gm33798,1
7111,Gm33801,1
7112,Gm33823,1
7113,Gm33826,2
7114,Gm33827,1
7115,Gm33828,1
7116,Gm3383,2
7117,Gm33831,1
7118,Gm33836,2
7119,Gm33838,1
7120,Gm33841,1
7121,Gm33852,1
7122,Gm33861,1
7123,Gm33862,2
7124,Gm33869,1
7125,Gm33892,1
7126,Gm33893,1
7127,Gm33901,1
7128,Gm33909,1
7129,Gm33923,1
7130,Gm33924,1
7131,Gm33926,1
7132,Gm33929,1
7133,Gm33933,2
7135,Gm33958,1
7136,Gm33963,1
7137,Gm33964,1
7138,Gm33966,1
7139,Gm33971,1
7140,Gm33973,1
7141,Gm33974,1
7143,Gm33979,2
7144,Gm33980,2
7145,Gm33982,1
7147,Gm33995,1
7148,Gm33998,2
7149,Gm34004,1
7150,Gm34006,1
7151,Gm34011,1
7152,Gm34014,1
7153,Gm34016,1
7154,Gm34025,2
7155,Gm34026,1
7156,Gm34036,1
7157,Gm3404,2
7158,Gm34045,1
7159,Gm34050,1
7160,Gm34056,2
7161,Gm34057,2
7162,Gm34058,1
7163,Gm34061,1
7164,Gm34062,2
7165,Gm34066,1
7167,Gm34081,1
7168,Gm34090,1
7169,Gm34102,1
7170,Gm3411,1
7172,Gm34116,1
7173,Gm34118,1
7174,Gm34121,1
7175,Gm34122,1
7176,Gm34127,1
7177,Gm34128,1
7178,Gm34132,1
7179,Gm34140,1
7180,Gm34150,1
7181,Gm34157,1
7182,Gm34159,1
7183,Gm34177,2
7184,Gm34178,1
7185,Gm34180,1
7186,Gm34182,1
7187,Gm34185,1
7188,Gm34189,1
7189,Gm34199,1
7190,Gm34201,2
7191,Gm34207,1
7192,Gm34218,1
7193,Gm34222,1
7194,Gm34226,1
7195,Gm34231,1
7196,Gm34235,1
7197,Gm34250,1
7198,Gm34253,1
7199,Gm34256,1
7200,Gm34265,1
7202,Gm34280,1
7203,Gm34283,1
7204,Gm34288,2
7205,Gm34289,1
7206,Gm34296,1
7207,Gm34299,1
7208,Gm34300,1
7209,Gm34307,2
7210,Gm34317,1
7211,Gm34322,1
7212,Gm34323,1
7213,Gm34331,1
7214,Gm34332,1
7215,Gm34333,1
7216,Gm34335,2
7217,Gm34336,1
7218,Gm34343,2
7219,Gm34344,1
7220,Gm34347,1
7221,Gm34348,1
7222,Gm34349,1
7223,Gm34354,2
7224,Gm34362,1
7225,Gm34366,1
7226,Gm34372,1
7227,Gm34375,1
7228,Gm34388,1
7229,Gm34396,1
7230,Gm34405,1
7231,Gm34407,1
7232,Gm34412,1
7234,Gm34425,1
7235,Gm34439,1
7236,Gm34441,1
7237,Gm34455,2
7238,Gm34458,1
7239,Gm34459,1
7240,Gm34466,1
7242,Gm34471,1
7243,Gm34472,2
7244,Gm34483,1
7245,Gm34484,1
7248,Gm34503,1
7249,Gm34507,1
7252,Gm34529,1
7254,Gm34538,4
7255,Gm34542,1
7257,Gm34554,1
7258,Gm34557,1
7259,Gm34558,1
7260,Gm34563,1
7262,Gm34572,2
7263,Gm34574,1
7265,Gm34586,1
7266,Gm34588,1
7267,Gm34590,1
7268,Gm34597,2
7269,Gm34598,1
7270,Gm34606,2
7271,Gm34607,1
7272,Gm34608,1
7273,Gm34620,1
7274,Gm34621,1
7275,Gm34622,1
7276,Gm34624,1
7277,Gm34627,1
7278,Gm34632,1
7279,Gm34640,1
7280,Gm34645,2
7281,Gm34648,1
7282,Gm34652,1
7283,Gm34654,2
7285,Gm34661,2
7286,Gm34662,1
7287,Gm34672,2
7288,Gm34686,1
7289,Gm34687,1
7290,Gm34689,1
7291,Gm34699,1
7292,Gm34702,2
7293,Gm34703,2
7294,Gm34721,1
7296,Gm34725,1
7297,Gm34726,1
7300,Gm34735,1
7301,Gm34738,2
7302,Gm3474,1
7303,Gm34740,1
7305,Gm34751,2
7306,Gm34754,2
7307,Gm34755,2
7309,Gm34771,2
7310,Gm34772,1
7312,Gm34790,1
7313,Gm34793,3
7314,Gm34799,2
7315,Gm34808,1
7316,Gm34822,1
7317,Gm34823,1
7318,Gm34829,1
7319,Gm34833,1
7320,Gm34846,1
7321,Gm34847,1
7322,Gm34849,1
7323,Gm34854,1
7324,Gm34858,1
7326,Gm34863,1
7328,Gm34883,2
7329,Gm34891,2
7330,Gm34903,1
7331,Gm34907,2
7333,Gm34911,1
7335,Gm34924,1
7336,Gm34931,2
7337,Gm34938,1
7338,Gm34939,1
7339,Gm34941,1
7340,Gm34945,1
7341,Gm34957,1
7342,Gm34968,1
7343,Gm34969,1
7344,Gm34972,1
7345,Gm34978,1
7346,Gm34980,1
7347,Gm34982,1
7349,Gm34992,1
7350,Gm34994,1
7351,Gm34999,1
7353,Gm35025,1
7354,Gm35035,1
7355,Gm35037,3
7356,Gm35039,1
7357,Gm35041,1
7359,Gm35073,1
7360,Gm35074,2
7361,Gm35076,1
7362,Gm35077,1
7364,Gm35083,1
7365,Gm35089,1
7366,Gm35099,2
7367,Gm35117,3
7369,Gm35125,1
7370,Gm35131,1
7371,Gm35143,1
7372,Gm35150,1
7375,Gm35162,1
7376,Gm35166,1
7377,Gm35167,1
7378,Gm35169,1
7379,Gm35170,2
7380,Gm35183,1
7381,Gm35186,1
7382,Gm35189,1
7384,Gm35195,1
7385,Gm35197,1
7386,Gm35219,1
7387,Gm35222,1
7388,Gm35229,2
7389,Gm35231,1
7390,Gm35235,1
7391,Gm35240,1
7392,Gm35246,1
7394,Gm35260,1
7395,Gm35261,1
7396,Gm35281,2
7397,Gm35284,1
7398,Gm35285,2
7399,Gm35287,1
7400,Gm35294,1
7401,Gm35297,1
7402,Gm35315,1
7403,Gm35321,2
7404,Gm35338,1
7405,Gm35339,2
7406,Gm35340,1
7407,Gm35343,2
7409,Gm35347,1
7410,Gm35350,1
7411,Gm35363,1
7412,Gm35378,1
7413,Gm35380,1
7414,Gm35381,1
7415,Gm35388,1
7416,Gm35398,1
7417,Gm35399,1
7418,Gm35402,1
7419,Gm35419,1
7420,Gm35420,1
7421,Gm35431,2
7422,Gm35437,1
7423,Gm35450,1
7424,Gm35456,1
7425,Gm35458,1
7426,Gm35469,1
7427,Gm35476,1
7428,Gm35478,1
7429,Gm35493,2
7430,Gm35515,1
7431,Gm35520,1
7432,Gm35531,2
7433,Gm35532,1
7434,Gm35537,1
7435,Gm35540,3
7438,Gm35549,1
7440,Gm35558,1
7441,Gm35569,2
7444,Gm35584,3
7445,Gm35596,1
7446,Gm35600,1
7448,Gm35607,1
7450,Gm35618,1
7451,Gm35620,1
7452,Gm35621,2
7453,Gm35624,1
7454,Gm35628,1
7455,Gm35631,1
7457,Gm35639,1
7458,Gm35649,1
7459,Gm35650,1
7460,Gm35658,1
7461,Gm35677,1
7462,Gm35679,1
7463,Gm35681,1
7464,Gm35692,1
7465,Gm35693,2
7467,Gm35706,1
7469,Gm35714,2
7470,Gm35715,2
7471,Gm35718,1
7472,Gm35720,1
7473,Gm35721,1
7475,Gm35730,1
7476,Gm35742,1
7477,Gm35746,1
7478,Gm35752,1
7479,Gm35756,1
7480,Gm35760,1
7481,Gm35763,1
7482,Gm35778,1
7483,Gm35779,2
7485,Gm35797,1
7486,Gm35807,1
7487,Gm35808,1
7488,Gm35814,1
7489,Gm35816,2
7490,Gm35817,1
7493,Gm35831,1
7494,Gm35833,1
7495,Gm35835,1
7496,Gm35837,2
7497,Gm35846,1
7498,Gm35853,4
7499,Gm35860,1
7500,Gm35865,1
7501,Gm35878,1
7503,Gm35884,1
7504,Gm35886,2
7505,Gm35889,1
7506,Gm35918,1
7507,Gm35932,1
7509,Gm35939,1
7510,Gm35941,1
7511,Gm35946,1
7512,Gm3596,1
7513,Gm35966,1
7515,Gm35972,1
7516,Gm35983,2
7517,Gm35986,2
7519,Gm35997,1
7520,Gm36001,1
7521,Gm36007,1
7522,Gm36012,1
7523,Gm36013,1
7524,Gm36023,2
7525,Gm36027,1
7526,Gm36033,1
7527,Gm36037,2
7528,Gm3604,1
7529,Gm36040,1
7530,Gm36043,1
7531,Gm36059,1
7532,Gm36062,1
7533,Gm36097,1
7534,Gm36116,2
7536,Gm36129,2
7537,Gm36132,1
7538,Gm36134,1
7539,Gm36139,1
7540,Gm36148,1
7541,Gm36149,1
7543,Gm36159,2
7544,Gm36161,1
7545,Gm36163,1
7546,Gm36167,1
7548,Gm36171,3
7549,Gm36176,1
7550,Gm3618,1
7551,Gm36180,1
7553,Gm36188,2
7554,Gm36199,1
7556,Gm36209,1
7557,Gm36215,1
7558,Gm36216,1
7560,Gm36224,1
7561,Gm36227,1
7562,Gm36232,2
7563,Gm36235,1
7565,Gm36246,1
7567,Gm36251,2
7568,Gm36254,2
7570,Gm36279,1
7571,Gm36286,1
7572,Gm36288,1
7573,Gm3629,1
7575,Gm36301,1
7578,Gm36309,2
7579,Gm36313,1
7580,Gm36315,1
7581,Gm36316,2
7582,Gm36327,2
7583,Gm36329,1
7584,Gm36340,1
7585,Gm36341,1
7586,Gm36355,2
7587,Gm36357,1
7588,Gm36359,1
7589,Gm3636,2
7591,Gm36363,1
7592,Gm36365,1
7593,Gm36372,1
7594,Gm36373,1
7595,Gm36375,1
7596,Gm36390,1
7597,Gm36394,3
7598,Gm36395,2
7599,Gm36405,3
7600,Gm36409,1
7601,Gm36411,1
7602,Gm36412,1
7603,Gm36416,1
7604,Gm36419,1
7605,Gm3642,1
7606,Gm36423,1
7607,Gm36428,1
7608,Gm36434,1
7609,Gm36441,1
7610,Gm36445,1
7611,Gm36446,1
7612,Gm36447,1
7613,Gm36457,1
7614,Gm36458,1
7615,Gm36459,2
7616,Gm36460,1
7618,Gm36475,1
7619,Gm36476,1
7620,Gm36482,2
7621,Gm36486,1
7622,Gm36488,1
7624,Gm36496,2
7625,Gm36499,1
7626,Gm3650,1
7627,Gm36500,1
7628,Gm36505,1
7629,Gm36510,1
7630,Gm36518,1
7631,Gm36520,1
7632,Gm36529,1
7633,Gm36531,1
7634,Gm36533,1
7635,Gm36534,1
7636,Gm36535,1
7637,Gm36539,1
7638,Gm3654,1
7640,Gm36543,1
7641,Gm36549,1
7642,Gm36550,1
7644,Gm36561,1
7645,Gm36563,1
7646,Gm36568,1
7648,Gm36582,1
7649,Gm36585,1
7651,Gm36601,2
7652,Gm36603,1
7653,Gm36604,2
7654,Gm36606,1
7655,Gm36620,2
7656,Gm36635,2
7657,Gm36639,1
7658,Gm36641,1
7659,Gm36642,2
7660,Gm36649,1
7661,Gm36651,1
7662,Gm36660,1
7663,Gm36665,1
7664,Gm3667,1
7665,Gm36670,1
7666,Gm36672,1
7667,Gm36677,1
7668,Gm36684,1
7669,Gm36690,1
7670,Gm36709,1
7671,Gm36722,1
7672,Gm36732,1
7673,Gm36734,2
7675,Gm36745,3
7676,Gm36746,1
7677,Gm36747,1
7678,Gm36749,1
7679,Gm36750,1
7680,Gm36751,1
7682,Gm36757,1
7683,Gm36763,1
7684,Gm36764,1
7685,Gm36767,2
7686,Gm36768,1
7687,Gm36774,1
7688,Gm36784,1
7689,Gm36787,2
7690,Gm36788,1
7691,Gm36794,2
7692,Gm36798,4
7693,Gm36803,1
7694,Gm36808,1
7695,Gm36816,1
7696,Gm36818,1
7699,Gm36824,1
7700,Gm36830,1
7701,Gm36839,1
7702,Gm36843,1
7703,Gm36845,1
7704,Gm36849,1
7705,Gm36857,2
7706,Gm36862,1
7707,Gm36873,2
7708,Gm36875,1
7710,Gm36882,1
7711,Gm36885,1
7712,Gm36893,1
7713,Gm36896,1
7714,Gm36905,1
7715,Gm36907,1
7716,Gm36908,1
7717,Gm36909,1
7719,Gm36917,1
7720,Gm36920,1
7721,Gm36924,1
7723,Gm3696,1
7724,Gm37120,1
7725,Gm37292,1
7726,Gm3739,1
7728,Gm3752,1
7729,Gm37548,1
7731,Gm37679,1
7732,Gm37754,1
7733,Gm3776,2
7734,Gm37804,1
7735,Gm37885,2
7736,Gm37915,1
7742,Gm38414,1
7743,Gm38415,1
7744,Gm38418,1
7747,Gm38427,2
7748,Gm38439,1
7749,Gm38446,1
7751,Gm38460,1
7752,Gm38467,1
7753,Gm38468,1
7754,Gm38469,2
7755,Gm38498,1
7756,Gm38501,1
7757,Gm38504,1
7758,Gm38510,1
7759,Gm38512,2
7760,Gm38514,1
7761,Gm38515,3
7762,Gm38516,1
7764,Gm38530,2
7766,Gm38540,1
7768,Gm38560,1
7769,Gm38562,1
7770,Gm38563,1
7771,Gm38565,1
7772,Gm38571,1
7773,Gm38576,1
7774,Gm38585,1
7775,Gm38587,1
7776,Gm38588,1
7777,Gm38594,1
7778,Gm38597,2
7779,Gm38601,2
7780,Gm38604,2
7782,Gm38625,1
7783,Gm38630,1
7785,Gm38634,1
7786,Gm38642,1
7787,Gm38643,1
7788,Gm38646,1
7789,Gm38647,1
7790,Gm38651,1
7791,Gm38678,1
7792,Gm38722,1
7793,Gm38726,1
7794,Gm38732,1
7795,Gm38736,1
7796,Gm38737,1
7798,Gm38752,1
7799,Gm38762,1
7800,Gm38775,2
7802,Gm38780,1
7803,Gm38787,3
7804,Gm38794,2
7805,Gm38795,1
7806,Gm38797,1
7807,Gm38805,1
7808,Gm38808,1
7809,Gm38811,2
7811,Gm38821,1
7812,Gm38825,1
7813,Gm3883,1
7814,Gm38842,2
7816,Gm38860,2
7817,Gm38862,1
7818,Gm38867,1
7820,Gm38874,2
7821,Gm38878,1
7822,Gm38880,2
7824,Gm38887,1
7826,Gm38895,1
7828,Gm38899,2
7829,Gm38900,1
7830,Gm38901,1
7831,Gm38903,1
7832,Gm38907,1
7833,Gm38908,1
7834,Gm38914,1
7835,Gm38919,1
7836,Gm38921,1
7837,Gm38923,1
7838,Gm38926,2
7839,Gm38928,1
7840,Gm38948,1
7841,Gm38952,2
7843,Gm38955,1
7844,Gm38956,1
7845,Gm38957,3
7847,Gm38962,1
7848,Gm38970,2
7849,Gm38972,1
7850,Gm38973,1
7851,Gm38979,1
7853,Gm38985,1
7854,Gm38987,1
7855,Gm38988,1
7856,Gm38992,1
7857,Gm38998,1
7859,Gm39001,1
7860,Gm39002,1
7861,Gm39003,1
7862,Gm39006,1
7863,Gm39009,1
7864,Gm39010,1
7865,Gm39017,1
7866,Gm39019,1
7867,Gm39022,1
7868,Gm39023,1
7869,Gm39024,2
7871,Gm39029,1
7872,Gm39038,1
7873,Gm39044,1
7874,Gm39054,1
7876,Gm39068,1
7877,Gm39070,1
7878,Gm39075,1
7880,Gm39083,1
7881,Gm39084,3
7882,Gm39085,2
7883,Gm39086,2
7885,Gm39103,1
7886,Gm39112,1
7887,Gm39114,1
7888,Gm39119,1
7889,Gm39129,1
7890,Gm39130,2
7893,Gm39145,1
7894,Gm39146,1
7895,Gm39149,1
7896,Gm39151,1
7898,Gm39157,1
7899,Gm39158,1
7900,Gm39165,1
7901,Gm39171,2
7902,Gm39173,2
7903,Gm39174,1
7904,Gm39187,1
7905,Gm39195,2
7906,Gm39203,1
7908,Gm39221,1
7909,Gm39222,1
7910,Gm39223,1
7911,Gm39236,2
7912,Gm39241,1
7913,Gm39244,1
7915,Gm39251,1
7916,Gm39252,1
7918,Gm39261,2
7919,Gm39264,1
7920,Gm39265,1
7921,Gm39272,1
7922,Gm39273,1
7923,Gm39277,1
7924,Gm39280,1
7925,Gm39282,1
7927,Gm39285,1
7928,Gm39292,1
7929,Gm39301,1
7930,Gm39302,1
7931,Gm39303,1
7932,Gm39305,1
7933,Gm39306,1
7934,Gm39314,1
7935,Gm39318,1
7936,Gm39319,1
7937,Gm39322,1
7938,Gm39326,3
7939,Gm39327,2
7940,Gm39329,2
7941,Gm39331,1
7942,Gm39334,1
7943,Gm39340,1
7944,Gm39341,1
7945,Gm39344,1
7946,Gm39348,1
7947,Gm39350,2
7948,Gm39351,1
7949,Gm39352,1
7950,Gm39353,1
7951,Gm39354,1
7952,Gm39355,1
7953,Gm39359,2
7954,Gm39360,1
7955,Gm39375,1
7956,Gm39384,1
7957,Gm39386,1
7958,Gm39392,1
7960,Gm39407,1
7961,Gm39409,1
7962,Gm39417,1
7963,Gm39420,1
7964,Gm39424,1
7967,Gm39440,2
7970,Gm39446,1
7971,Gm39454,1
7972,Gm39456,1
7973,Gm39457,1
7974,Gm39459,1
7975,Gm39464,2
7976,Gm39467,3
7977,Gm39468,1
7978,Gm39469,1
7979,Gm39471,1
7980,Gm39472,1
7981,Gm39476,1
7982,Gm39478,1
7984,Gm39483,2
7985,Gm39484,1
7986,Gm39485,1
7987,Gm39494,1
7988,Gm39505,1
7989,Gm39511,1
7990,Gm39526,1
7991,Gm39528,1
7992,Gm39530,1
7993,Gm39546,1
7996,Gm39559,2
7997,Gm39565,2
7999,Gm39583,1
8000,Gm39601,1
8001,Gm39602,1
8002,Gm39605,1
8003,Gm39606,1
8004,Gm39608,1
8005,Gm39616,2
8006,Gm39623,1
8007,Gm39628,1
8008,Gm39633,1
8009,Gm39637,1
8010,Gm39650,1
8011,Gm39654,1
8012,Gm39660,1
8013,Gm39661,1
8015,Gm39663,1
8018,Gm39674,2
8019,Gm39675,2
8020,Gm39683,2
8021,Gm39691,2
8022,Gm39693,2
8023,Gm39694,2
8024,Gm39697,1
8026,Gm39712,2
8028,Gm39717,1
8029,Gm39719,2
8030,Gm39736,1
8032,Gm39755,1
8033,Gm39769,1
8034,Gm39772,2
8035,Gm39777,1
8036,Gm39781,1
8038,Gm39784,1
8039,Gm39789,1
8040,Gm39793,1
8041,Gm39795,1
8042,Gm39801,1
8043,Gm39809,1
8044,Gm39820,1
8045,Gm39822,1
8046,Gm39830,1
8047,Gm39831,1
8048,Gm39840,1
8049,Gm39841,1
8050,Gm3985,1
8051,Gm39867,1
8052,Gm39868,1
8053,Gm39870,1
8054,Gm39871,1
8055,Gm39876,1
8056,Gm39881,1
8059,Gm39902,1
8060,Gm39904,1
8061,Gm39908,2
8062,Gm39913,1
8063,Gm39929,1
8064,Gm3993,1
8066,Gm39932,1
8067,Gm39951,1
8068,Gm39962,1
8069,Gm39963,1
8072,Gm39988,1
8073,Gm39990,1
8075,Gm40001,1
8076,Gm40002,1
8077,Gm40008,1
8078,Gm40017,1
8079,Gm40026,1
8080,Gm40029,1
8082,Gm40036,1
8083,Gm40039,1
8084,Gm40040,1
8085,Gm40056,2
8086,Gm40062,1
8087,Gm40078,2
8088,Gm40079,1
8089,Gm40085,1
8090,Gm40089,2
8093,Gm40096,1
8094,Gm40097,1
8096,Gm40108,1
8097,Gm40109,1
8098,Gm40120,1
8099,Gm40121,1
8100,Gm40122,1
8101,Gm40124,1
8103,Gm40130,1
8105,Gm40138,1
8106,Gm40151,1
8107,Gm40159,1
8108,Gm40167,1
8109,Gm40176,1
8110,Gm40179,1
8111,Gm40181,2
8112,Gm40185,1
8113,Gm40192,1
8114,Gm40200,1
8115,Gm40210,1
8116,Gm40221,2
8117,Gm40228,1
8118,Gm40237,1
8119,Gm40241,1
8120,Gm40244,2
8121,Gm40255,1
8122,Gm40258,1
8123,Gm40270,1
8124,Gm40281,1
8125,Gm40289,1
8126,Gm40290,1
8127,Gm40305,1
8128,Gm40315,1
8129,Gm40320,2
8130,Gm40323,1
8131,Gm40324,1
8132,Gm40325,2
8133,Gm40331,1
8135,Gm40337,1
8136,Gm40338,1
8137,Gm40348,1
8138,Gm40352,1
8139,Gm40356,1
8140,Gm40358,1
8141,Gm40359,1
8143,Gm40363,2
8144,Gm40364,1
8145,Gm40365,2
8146,Gm40367,2
8147,Gm40386,1
8148,Gm40387,1
8151,Gm40409,1
8152,Gm40412,1
8153,Gm40418,1
8154,Gm40428,1
8155,Gm40435,2
8156,Gm40436,1
8157,Gm40439,1
8158,Gm40446,1
8160,Gm40450,1
8162,Gm40453,1
8163,Gm40468,1
8164,Gm40469,1
8167,Gm40478,1
8168,Gm40484,1
8169,Gm40486,1
8171,Gm40499,2
8173,Gm40515,1
8174,Gm40518,1
8175,Gm40522,2
8177,Gm40536,1
8178,Gm40546,2
8179,Gm40557,2
8180,Gm40558,2
8181,Gm40564,1
8182,Gm40565,1
8183,Gm40575,1
8184,Gm40578,1
8185,Gm40582,1
8186,Gm40586,1
8187,Gm40591,1
8188,Gm40602,1
8189,Gm40612,1
8190,Gm40627,1
8192,Gm40645,1
8193,Gm40646,1
8194,Gm40649,1
8195,Gm40667,1
8198,Gm40674,1
8199,Gm40683,2
8200,Gm40685,1
8201,Gm40698,1
8202,Gm40703,2
8203,Gm40709,1
8204,Gm40715,1
8206,Gm40720,1
8207,Gm40723,2
8208,Gm40728,1
8209,Gm40733,1
8210,Gm40739,1
8211,Gm40740,1
8212,Gm40741,1
8213,Gm40743,1
8214,Gm40750,1
8215,Gm40768,1
8216,Gm40770,1
8217,Gm40776,1
8218,Gm40787,2
8219,Gm40791,1
8220,Gm40796,1
8221,Gm40802,1
8222,Gm40805,2
8223,Gm40816,1
8224,Gm40822,1
8225,Gm40823,1
8226,Gm40841,1
8227,Gm40855,1
8228,Gm40860,1
8229,Gm40874,1
8230,Gm40876,2
8232,Gm40893,1
8234,Gm40912,1
8235,Gm40916,1
8236,Gm40921,1
8237,Gm40922,1
8238,Gm40929,2
8239,Gm40932,1
8240,Gm40934,2
8241,Gm40935,3
8242,Gm40940,1
8243,Gm40943,1
8244,Gm40955,1
8245,Gm40959,1
8247,Gm40993,1
8248,Gm41000,1
8249,Gm41002,2
8250,Gm41005,1
8251,Gm41006,1
8252,Gm41028,1
8253,Gm41031,2
8254,Gm41033,2
8255,Gm41036,1
8256,Gm41055,1
8257,Gm41056,1
8258,Gm41062,1
8259,Gm41067,1
8260,Gm41069,1
8262,Gm41086,1
8263,Gm41087,1
8264,Gm41090,1
8265,Gm41099,1
8266,Gm41104,1
8268,Gm41112,1
8270,Gm41121,1
8271,Gm41130,1
8272,Gm41133,1
8274,Gm41145,1
8276,Gm41158,1
8277,Gm41161,1
8281,Gm41184,1
8282,Gm41198,2
8283,Gm41206,1
8284,Gm41207,1
8285,Gm41218,1
8286,Gm41219,1
8287,Gm4123,1
8290,Gm41232,1
8291,Gm41248,1
8292,Gm41249,1
8293,Gm41250,1
8294,Gm41251,1
8295,Gm41252,1
8296,Gm41253,1
8297,Gm41274,2
8298,Gm41278,1
8299,Gm41285,2
8300,Gm41292,1
8301,Gm41293,2
8302,Gm41297,1
8303,Gm41300,1
8304,Gm41301,1
8305,Gm41304,1
8307,Gm41307,1
8308,Gm41308,1
8310,Gm41320,1
8311,Gm41329,1
8312,Gm41339,1
8313,Gm41343,1
8314,Gm41348,1
8315,Gm41349,1
8316,Gm41350,1
8317,Gm41355,1
8318,Gm41359,2
8319,Gm41366,1
8320,Gm41368,1
8321,Gm41370,1
8322,Gm41372,1
8323,Gm41374,1
8324,Gm41375,1
8325,Gm41385,1
8326,Gm41393,1
8327,Gm41394,2
8328,Gm41401,2
8329,Gm41402,1
8330,Gm41414,2
8331,Gm41416,1
8332,Gm41420,1
8333,Gm41427,1
8334,Gm41428,1
8335,Gm41429,2
8336,Gm41431,2
8337,Gm41440,1
8338,Gm41442,1
8339,Gm41448,1
8340,Gm41453,1
8341,Gm41477,1
8342,Gm41480,1
8343,Gm41482,1
8344,Gm41496,1
8345,Gm41497,1
8346,Gm41498,1
8347,Gm41504,1
8348,Gm41506,1
8349,Gm41507,1
8350,Gm41515,1
8351,Gm41517,1
8352,Gm41519,1
8353,Gm41523,1
8354,Gm41525,1
8355,Gm41527,2
8356,Gm41530,2
8357,Gm41531,1
8358,Gm41539,1
8359,Gm41553,1
8360,Gm41556,2
8361,Gm41563,1
8362,Gm41584,1
8363,Gm41588,2
8364,Gm41589,1
8365,Gm41590,1
8367,Gm41609,1
8368,Gm41616,2
8370,Gm41625,2
8371,Gm41626,1
8372,Gm41631,1
8373,Gm41635,1
8374,Gm41637,1
8375,Gm41638,1
8376,Gm41640,2
8377,Gm41642,1
8378,Gm41647,1
8379,Gm41658,1
8381,Gm4166,1
8382,Gm41665,1
8383,Gm41668,1
8384,Gm41673,1
8385,Gm41676,1
8386,Gm41677,1
8387,Gm41683,1
8388,Gm41691,1
8389,Gm41693,1
8390,Gm41696,2
8391,Gm41698,1
8393,Gm41701,1
8394,Gm41703,1
8395,Gm41704,1
8396,Gm41713,1
8397,Gm41715,1
8398,Gm41730,1
8399,Gm41733,1
8402,Gm41745,1
8403,Gm41747,1
8404,Gm41748,1
8405,Gm41750,2
8406,Gm41757,1
8407,Gm41759,1
8408,Gm41773,2
8410,Gm41776,1
8411,Gm41795,2
8412,Gm41796,1
8413,Gm41798,1
8414,Gm41804,1
8415,Gm41810,1
8416,Gm41811,1
8417,Gm41824,1
8418,Gm41835,2
8419,Gm41844,1
8420,Gm41846,1
8421,Gm41847,1
8422,Gm41849,1
8423,Gm41853,1
8424,Gm41857,1
8425,Gm41858,2
8426,Gm41874,1
8427,Gm41890,1
8428,Gm41907,1
8429,Gm41914,2
8430,Gm41915,2
8431,Gm41936,1
8432,Gm41939,1
8433,Gm41947,1
8434,Gm41950,1
8435,Gm41954,1
8436,Gm41955,1
8437,Gm41980,2
8438,Gm41987,1
8439,Gm41998,1
8440,Gm42004,1
8441,Gm42005,2
8443,Gm42008,2
8445,Gm42013,1
8446,Gm42016,1
8447,Gm42018,1
8448,Gm42023,2
8449,Gm42031,1
8450,Gm42037,1
8452,Gm42054,1
8453,Gm42056,1
8454,Gm42060,1
8455,Gm42064,1
8456,Gm42067,1
8457,Gm4208,1
8458,Gm42080,1
8459,Gm42084,1
8460,Gm42089,1
8461,Gm42092,1
8462,Gm42094,1
8463,Gm4211,1
8464,Gm42128,1
8465,Gm42132,1
8466,Gm42134,1
8467,Gm42138,1
8468,Gm42141,1
8469,Gm42144,1
8470,Gm42146,1
8471,Gm42149,1
8472,Gm42161,3
8473,Gm42189,1
8474,Gm42192,1
8476,Gm42213,1
8477,Gm42214,1
8478,Gm42216,1
8481,Gm42222,1
8482,Gm42231,1
8483,Gm42232,1
8484,Gm42235,2
8485,Gm42237,2
8487,Gm42255,1
8489,Gm42279,1
8490,Gm42283,1
8491,Gm42289,1
8493,Gm42307,1
8494,Gm42309,1
8495,Gm42312,1
8496,Gm42316,2
8497,Gm42321,1
8498,Gm42322,2
8499,Gm42323,1
8500,Gm42324,1
8501,Gm42325,1
8503,Gm42333,1
8504,Gm42334,2
8505,Gm42335,1
8506,Gm42338,1
8507,Gm42339,1
8508,Gm42340,1
8509,Gm42352,1
8510,Gm42354,1
8511,Gm42360,1
8514,Gm42376,2
8515,Gm42398,1
8517,Gm42437,1
8518,Gm42456,1
8519,Gm42517,1
8520,Gm42529,1
8521,Gm4258,2
8522,Gm4262,1
8523,Gm42707,1
8524,Gm42745,1
8525,Gm4275,1
8526,Gm4278,1
8528,Gm428,1
8529,Gm42875,1
8530,Gm42921,1
8531,Gm42922,1
8532,Gm4311,1
8533,Gm4319,2
8534,Gm43247,1
8535,Gm43305,1
8536,Gm43358,1
8537,Gm4340,1
8539,Gm4349,2
8540,Gm43526,1
8541,Gm43549,1
8542,Gm43560,1
8543,Gm43568,1
8544,Gm43699,1
8545,Gm43837,1
8546,Gm43915,1
8547,Gm44020,1
8548,Gm44026,1
8549,Gm44066,1
8551,Gm4419,1
8552,Gm44478,1
8553,Gm44504,1
8554,Gm4454,1
8555,Gm44689,1
8556,Gm44700,1
8557,Gm4491,1
8558,Gm45086,1
8559,Gm45181,1
8561,Gm4532,1
8563,Gm45407,1
8564,Gm45417,1
8565,Gm4544,1
8566,Gm45441,1
8567,Gm45606,2
8569,Gm45750,1
8570,Gm45805,1
8571,Gm45855,2
8573,Gm45889,2
8576,Gm45922,1
8577,Gm45924,1
8579,Gm45938,2
8580,Gm45940,1
8581,Gm45941,1
8582,Gm45947,1
8583,Gm45952,1
8584,Gm45964,1
8585,Gm45972,2
8586,Gm45978,2
8587,Gm45979,1
8588,Gm45983,1
8589,Gm45985,1
8590,Gm45986,1
8591,Gm45988,1
8592,Gm45989,1
8593,Gm45999,1
8595,Gm46016,2
8596,Gm46030,1
8597,Gm46038,1
8598,Gm46040,1
8599,Gm46046,1
8601,Gm46055,1
8602,Gm46056,2
8603,Gm46060,2
8604,Gm46061,1
8605,Gm46073,1
8606,Gm46089,1
8608,Gm46098,1
8609,Gm46099,1
8610,Gm46102,1
8611,Gm46104,1
8613,Gm46110,2
8614,Gm46111,1
8615,Gm46116,1
8616,Gm46117,1
8617,Gm46120,2
8618,Gm46128,2
8619,Gm46129,1
8620,Gm46130,1
8621,Gm46131,1
8622,Gm46145,1
8623,Gm46149,1
8624,Gm46151,1
8625,Gm46153,1
8626,Gm46157,1
8627,Gm46158,1
8628,Gm46159,1
8629,Gm46162,1
8630,Gm46165,2
8631,Gm46171,1
8632,Gm46177,1
8633,Gm46182,1
8634,Gm46183,1
8635,Gm46200,1
8636,Gm46201,1
8637,Gm46202,2
8638,Gm46204,1
8639,Gm46207,1
8640,Gm46210,1
8643,Gm46226,3
8645,Gm46242,1
8646,Gm46248,2
8647,Gm46251,1
8648,Gm46252,2
8649,Gm46265,1
8650,Gm46266,1
8651,Gm46274,1
8652,Gm46275,1
8653,Gm46282,1
8654,Gm46284,1
8655,Gm46285,1
8656,Gm46286,1
8658,Gm46288,1
8659,Gm46294,1
8660,Gm46298,3
8661,Gm46301,1
8662,Gm46302,1
8663,Gm46303,1
8664,Gm4631,1
8665,Gm46320,1
8666,Gm46328,1
8668,Gm46336,1
8669,Gm46349,1
8670,Gm46351,1
8671,Gm46356,2
8673,Gm46359,2
8674,Gm46362,1
8676,Gm46399,1
8678,Gm46406,1
8679,Gm46416,1
8680,Gm46422,1
8682,Gm46435,2
8683,Gm46436,1
8684,Gm46437,1
8685,Gm46445,1
8686,Gm46457,1
8687,Gm46483,1
8688,Gm46487,1
8689,Gm46508,1
8690,Gm46521,1
8691,Gm46528,1
8692,Gm46529,1
8693,Gm46533,1
8695,Gm46535,1
8696,Gm46543,1
8697,Gm46555,1
8698,Gm46557,1
8699,Gm46560,2
8700,Gm46565,1
8701,Gm46567,1
8702,Gm46569,1
8703,Gm46587,1
8704,Gm46589,1
8705,Gm46592,1
8706,Gm46594,1
8707,Gm46595,1
8708,Gm46597,1
8709,Gm46599,1
8710,Gm46604,2
8712,Gm46613,1
8713,Gm46624,1
8714,Gm46629,1
8715,Gm46638,1
8716,Gm46640,1
8717,Gm46648,1
8718,Gm46653,1
8719,Gm46657,1
8720,Gm4668,1
8721,Gm46680,2
8722,Gm46687,1
8723,Gm46723,1
8724,Gm46725,1
8725,Gm46730,1
8727,Gm46732,1
8728,Gm46735,1
8729,Gm46738,3
8730,Gm46741,1
8732,Gm46752,1
8734,Gm46759,1
8735,Gm46788,1
8736,Gm46799,1
8737,Gm46803,1
8738,Gm46804,2
8740,Gm4681,2
8741,Gm46810,2
8742,Gm46819,1
8744,Gm46832,1
8745,Gm46833,1
8746,Gm46839,1
8747,Gm46840,1
8748,Gm46842,1
8751,Gm46851,1
8752,Gm46854,1
8754,Gm46868,1
8755,Gm46869,2
8756,Gm46871,1
8757,Gm46872,1
8759,Gm46878,2
8760,Gm46882,1
8762,Gm46892,1
8763,Gm46906,1
8764,Gm46912,1
8765,Gm46914,1
8766,Gm46915,1
8767,Gm46920,2
8768,Gm46923,1
8769,Gm46928,1
8770,Gm46941,2
8771,Gm46943,2
8772,Gm46949,1
8773,Gm46953,1
8774,Gm46957,1
8775,Gm46959,1
8776,Gm46961,1
8777,Gm46965,1
8778,Gm46969,1
8779,Gm46970,2
8780,Gm46971,2
8781,Gm46972,1
8782,Gm46976,1
8783,Gm46978,1
8784,Gm46979,1
8785,Gm46989,2
8787,Gm47415,1
8788,Gm47459,1
8789,Gm47475,2
8790,Gm4755,1
8791,Gm47593,1
8792,Gm4767,1
8793,Gm47754,1
8794,Gm47903,1
8795,Gm47918,1
8796,Gm47922,1
8797,Gm47995,1
8798,Gm47996,1
8799,Gm4802,1
8800,Gm48057,1
8801,Gm48089,1
8802,Gm48105,1
8803,Gm4814,2
8804,Gm48175,1
8805,Gm48249,1
8806,Gm4827,1
8807,Gm48350,1
8808,Gm4844,1
8809,Gm48552,1
8810,Gm48622,1
8811,Gm48716,1
8812,Gm4872,1
8813,Gm4876,1
8814,Gm48893,1
8815,Gm48957,1
8816,Gm49141,1
8817,Gm49227,1
8820,Gm49436,1
8821,Gm49668,1
8822,Gm4972,1
8823,Gm49754,1
8824,Gm49817,1
8825,Gm4984,1
8827,Gm49984,1
8828,Gm50015,1
8829,Gm50105,1
8830,Gm50270,1
8831,Gm50340,1
8834,Gm50497,1
8835,Gm50503,1
8836,Gm50590,1
8837,Gm50595,2
8838,Gm50596,1
8839,Gm50605,1
8840,Gm50609,1
8841,Gm50612,1
8842,Gm50622,1
8843,Gm50623,1
8845,Gm5079,1
8846,Gm5086,1
8848,Gm5089,1
8849,Gm5091,1
8850,Gm5105,1
8852,Gm5111,1
8854,Gm5115,1
8855,Gm5124,1
8856,Gm5126,2
8857,Gm51403,1
8859,Gm51419,1
8861,Gm51434,1
8862,Gm51436,1
8863,Gm51442,1
8864,Gm51446,1
8865,Gm51447,1
8866,Gm51448,1
8867,Gm51451,1
8868,Gm51452,1
8869,Gm51454,1
8870,Gm51458,1
8871,Gm51459,1
8872,Gm51462,2
8873,Gm51463,1
8874,Gm51464,1
8875,Gm51470,1
8876,Gm51476,2
8877,Gm51477,1
8878,Gm51479,1
8879,Gm5148,1
8881,Gm51481,1
8882,Gm51486,1
8884,Gm51489,1
8885,Gm5149,1
8886,Gm51490,1
8887,Gm51491,1
8888,Gm51497,1
8889,Gm51499,1
8890,Gm51500,2
8891,Gm51502,1
8892,Gm51531,3
8893,Gm51534,1
8895,Gm51538,1
8896,Gm51541,1
8897,Gm51542,1
8898,Gm51543,1
8899,Gm51554,1
8900,Gm51555,1
8901,Gm51560,1
8902,Gm51561,1
8903,Gm51562,1
8904,Gm51564,1
8905,Gm51568,1
8906,Gm51571,2
8907,Gm51572,1
8908,Gm51573,1
8909,Gm51576,1
8910,Gm51580,1
8911,Gm51584,1
8912,Gm51585,1
8913,Gm51597,1
8914,Gm51600,1
8915,Gm51602,1
8916,Gm51603,1
8917,Gm51605,1
8918,Gm51613,1
8919,Gm51618,1
8920,Gm51625,1
8921,Gm51630,1
8922,Gm51632,1
8923,Gm51634,1
8924,Gm51635,2
8925,Gm51637,2
8926,Gm51646,1
8927,Gm51647,1
8929,Gm5165,1
8930,Gm51650,1
8931,Gm51655,1
8932,Gm51656,1
8933,Gm51661,2
8934,Gm51666,1
8935,Gm51669,1
8936,Gm51670,1
8937,Gm51671,1
8939,Gm51682,1
8940,Gm51683,1
8941,Gm51684,1
8942,Gm5169,1
8943,Gm51691,1
8944,Gm51692,1
8945,Gm51701,1
8946,Gm51702,1
8947,Gm51738,2
8948,Gm5174,1
8949,Gm51740,1
8950,Gm51746,1
8952,Gm51757,2
8953,Gm51765,1
8954,Gm51771,1
8955,Gm51774,1
8956,Gm51782,1
8957,Gm51791,1
8958,Gm51793,1
8959,Gm51798,2
8960,Gm51801,1
8961,Gm51803,1
8962,Gm51806,1
8963,Gm51810,1
8964,Gm51812,1
8965,Gm51814,1
8966,Gm51817,1
8968,Gm51824,1
8969,Gm51825,1
8970,Gm51858,1
8971,Gm51861,1
8972,Gm51867,1
8973,Gm51869,1
8974,Gm51871,1
8975,Gm51873,1
8976,Gm51874,1
8977,Gm51880,1
8979,Gm51887,1
8980,Gm51888,2
8981,Gm51889,1
8982,Gm51892,1
8984,Gm51897,1
8985,Gm51899,1
8986,Gm51903,1
8987,Gm51906,1
8988,Gm51907,1
8989,Gm51908,2
8990,Gm51910,2
8991,Gm51915,1
8992,Gm51916,1
8993,Gm51917,1
8994,Gm51920,1
8995,Gm51922,3
8996,Gm51926,2
8997,Gm51928,1
8998,Gm51929,2
8999,Gm51934,1
9000,Gm51935,1
9001,Gm51955,1
9003,Gm51958,1
9004,Gm51961,1
9005,Gm51967,1
9006,Gm51980,1
9007,Gm51987,1
9008,Gm51991,1
9009,Gm51995,1
9010,Gm52001,1
9011,Gm52012,1
9012,Gm52013,3
9013,Gm52024,1
9014,Gm52030,1
9015,Gm52036,1
9016,Gm52038,1
9017,Gm52039,1
9019,Gm52041,1
9020,Gm52042,1
9021,Gm52053,1
9022,Gm52059,1
9023,Gm52062,1
9024,Gm52065,1
9025,Gm52066,2
9026,Gm52067,1
9027,Gm52070,1
9028,Gm52097,1
9029,Gm52099,1
9030,Gm52101,1
9031,Gm52105,1
9032,Gm52110,1
9033,Gm52111,2
9034,Gm52114,1
9035,Gm52115,1
9037,Gm52120,1
9038,Gm52123,1
9039,Gm52127,1
9040,Gm52128,2
9041,Gm52129,2
9042,Gm52130,2
9043,Gm52131,1
9044,Gm52132,1
9045,Gm52140,1
9046,Gm52144,1
9047,Gm52145,1
9048,Gm52147,1
9049,Gm52173,1
9050,Gm52175,1
9051,Gm52176,1
9052,Gm52178,1
9053,Gm5218,1
9054,Gm52186,2
9055,Gm52188,1
9056,Gm52189,2
9057,Gm52194,1
9058,Gm52196,1
9059,Gm52199,2
9060,Gm52200,1
9061,Gm52211,2
9064,Gm52239,1
9065,Gm52240,1
9066,Gm52241,1
9069,Gm52251,1
9070,Gm52252,1
9071,Gm52257,1
9072,Gm52262,1
9073,Gm52264,1
9074,Gm52280,1
9075,Gm52285,1
9076,Gm52290,1
9077,Gm52294,2
9078,Gm52296,1
9079,Gm52298,2
9080,Gm52303,1
9081,Gm52305,1
9082,Gm52306,1
9083,Gm52308,1
9084,Gm52312,1
9085,Gm52315,1
9086,Gm52319,1
9088,Gm52328,2
9089,Gm52329,1
9090,Gm52330,1
9091,Gm52334,1
9092,Gm52336,1
9093,Gm52343,2
9094,Gm52347,1
9095,Gm52349,1
9096,Gm52350,1
9097,Gm52353,1
9098,Gm52354,1
9099,Gm52357,1
9100,Gm52359,1
9101,Gm52361,1
9102,Gm52362,1
9103,Gm52380,1
9104,Gm52381,1
9105,Gm52384,1
9106,Gm52385,1
9107,Gm52386,1
9108,Gm52392,1
9109,Gm52393,1
9111,Gm52397,1
9112,Gm52398,1
9113,Gm52404,1
9114,Gm52430,1
9115,Gm52481,1
9116,Gm52490,1
9117,Gm525,1
9118,Gm52500,2
9120,Gm52504,1
9122,Gm52507,1
9123,Gm52508,1
9124,Gm52511,1
9125,Gm52512,1
9126,Gm52523,1
9127,Gm52525,1
9128,Gm52529,1
9129,Gm52537,1
9130,Gm52543,1
9131,Gm52546,1
9132,Gm52547,1
9133,Gm52551,1
9134,Gm52558,1
9135,Gm52564,1
9136,Gm52565,1
9137,Gm52566,2
9138,Gm52599,1
9139,Gm52600,1
9140,Gm52607,1
9141,Gm52615,1
9142,Gm52617,1
9143,Gm52620,1
9145,Gm52628,1
9146,Gm52629,1
9148,Gm52678,1
9149,Gm52679,1
9150,Gm52681,1
9151,Gm52682,1
9152,Gm52684,1
9153,Gm52685,1
9154,Gm52698,1
9156,Gm52704,1
9157,Gm52705,2
9158,Gm52706,2
9159,Gm52707,1
9160,Gm52708,1
9162,Gm52716,2
9163,Gm52723,1
9164,Gm52726,1
9165,Gm52729,1
9166,Gm52731,1
9168,Gm52734,1
9169,Gm52740,1
9170,Gm52766,1
9172,Gm52783,1
9173,Gm52789,1
9174,Gm52790,1
9175,Gm52797,2
9176,Gm52798,1
9177,Gm52800,1
9178,Gm52805,1
9179,Gm52806,1
9180,Gm52811,1
9181,Gm52817,1
9183,Gm52822,1
9184,Gm52826,1
9185,Gm52827,1
9186,Gm52831,1
9187,Gm52832,1
9188,Gm52857,2
9189,Gm52860,2
9190,Gm52861,1
9191,Gm52863,1
9192,Gm52865,1
9193,Gm52869,1
9195,Gm52874,2
9196,Gm52875,1
9197,Gm52877,1
9198,Gm52879,1
9199,Gm52881,1
9200,Gm52893,1
9201,Gm52895,1
9202,Gm52899,1
9203,Gm52904,1
9205,Gm52912,2
9206,Gm52918,1
9207,Gm52923,2
9208,Gm52924,1
9209,Gm52989,1
9210,Gm53059,1
9211,Gm53062,1
9213,Gm53196,1
9214,Gm53202,1
9216,Gm53206,1
9217,Gm53207,1
9219,Gm53221,1
9220,Gm53227,1
9221,Gm53228,2
9222,Gm53234,1
9223,Gm53238,1
9224,Gm53255,1
9225,Gm53261,1
9226,Gm53265,1
9227,Gm53277,2
9228,Gm53278,2
9232,Gm53294,1
9233,Gm53297,1
9235,Gm53304,1
9236,Gm53314,1
9237,Gm53315,1
9238,Gm53318,1
9239,Gm53322,1
9240,Gm53328,1
9241,Gm53329,2
9243,Gm53331,1
9244,Gm53337,1
9245,Gm53338,1
9246,Gm53341,1
9247,Gm53344,1
9249,Gm53353,2
9250,Gm53355,1
9251,Gm53356,1
9252,Gm53358,1
9253,Gm53361,1
9254,Gm53368,1
9255,Gm53373,1
9256,Gm53375,1
9257,Gm53384,1
9258,Gm53385,1
9260,Gm53389,1
9261,Gm53391,1
9262,Gm53397,1
9263,Gm53398,1
9264,Gm53399,1
9265,Gm53408,1
9266,Gm53409,1
9267,Gm53417,1
9268,Gm53418,1
9269,Gm53421,1
9270,Gm53424,1
9271,Gm53435,1
9272,Gm53436,1
9273,Gm53437,1
9274,Gm53438,1
9276,Gm53448,1
9277,Gm53449,2
9278,Gm53450,1
9280,Gm53461,1
9281,Gm53464,1
9282,Gm53465,1
9283,Gm53466,1
9284,Gm53468,2
9286,Gm53470,1
9287,Gm53471,1
9289,Gm53484,1
9290,Gm53485,1
9291,Gm53493,2
9292,Gm53503,1
9293,Gm53506,1
9294,Gm53507,1
9295,Gm53512,1
9296,Gm53514,1
9298,Gm53517,1
9299,Gm53521,3
9301,Gm53527,1
9302,Gm53531,1
9303,Gm53535,1
9304,Gm53536,1
9306,Gm53550,1
9307,Gm53561,2
9308,Gm53562,1
9309,Gm53564,1
9310,Gm53571,1
9311,Gm53572,1
9312,Gm53573,1
9313,Gm53575,2
9314,Gm53577,1
9315,Gm53580,1
9316,Gm53582,1
9318,Gm53588,1
9319,Gm53599,1
9320,Gm53600,1
9321,Gm53602,1
9322,Gm53603,1
9323,Gm53605,1
9324,Gm53610,1
9325,Gm53613,1
9326,Gm53616,1
9327,Gm53624,1
9328,Gm53634,1
9329,Gm53636,1
9330,Gm53640,1
9331,Gm53646,1
9332,Gm53653,1
9334,Gm53655,1
9335,Gm53656,1
9336,Gm53662,1
9337,Gm53663,1
9338,Gm53672,1
9340,Gm53679,1
9341,Gm53681,1
9342,Gm53685,1
9344,Gm53701,1
9345,Gm53703,1
9346,Gm53709,1
9347,Gm53710,1
9348,Gm53714,1
9349,Gm53715,2
9350,Gm53716,2
9351,Gm53726,1
9352,Gm53727,1
9353,Gm5373,2
9354,Gm53733,1
9357,Gm53736,1
9358,Gm53740,2
9360,Gm53748,1
9361,Gm53749,1
9362,Gm53756,1
9363,Gm53757,2
9364,Gm5376,1
9365,Gm53762,1
9366,Gm53764,1
9367,Gm53768,1
9368,Gm53772,1
9369,Gm53780,2
9370,Gm53781,1
9371,Gm53785,1
9373,Gm53797,1
9375,Gm53806,1
9376,Gm53808,1
9377,Gm53809,1
9378,Gm53811,2
9379,Gm53812,1
9380,Gm53820,1
9381,Gm53822,1
9382,Gm53823,1
9383,Gm53826,2
9384,Gm53827,1
9385,Gm53831,1
9386,Gm53834,1
9387,Gm53838,1
9388,Gm53839,1
9389,Gm53840,1
9390,Gm53841,1
9391,Gm53843,1
9393,Gm53851,2
9394,Gm53861,2
9396,Gm53864,1
9397,Gm53865,1
9398,Gm53870,1
9399,Gm53873,2
9400,Gm53876,1
9401,Gm53883,1
9402,Gm53890,1
9403,Gm53896,1
9404,Gm53901,2
9405,Gm53904,2
9406,Gm53910,1
9408,Gm53912,1
9409,Gm53913,1
9410,Gm53916,1
9411,Gm53917,1
9412,Gm53918,1
9413,Gm53919,2
9414,Gm53921,1
9415,Gm53925,1
9416,Gm53928,1
9417,Gm53929,1
9418,Gm53933,1
9419,Gm53935,1
9421,Gm53947,1
9422,Gm53951,1
9423,Gm53955,1
9424,Gm53967,1
9425,Gm53974,1
9426,Gm53989,1
9427,Gm53992,1
9428,Gm53994,1
9429,Gm53997,1
9430,Gm53999,1
9431,Gm54008,1
9432,Gm54009,1
9435,Gm54022,1
9436,Gm54033,1
9437,Gm54035,1
9438,Gm54041,1
9439,Gm54045,1
9440,Gm54048,1
9441,Gm54049,2
9442,Gm54051,3
9443,Gm54054,3
9444,Gm54072,1
9445,Gm54073,1
9446,Gm54093,1
9447,Gm54097,1
9448,Gm54102,1
9449,Gm54105,1
9451,Gm54109,1
9452,Gm54114,1
9454,Gm54117,1
9455,Gm54119,1
9456,Gm54121,1
9457,Gm54122,1
9458,Gm54123,1
9459,Gm54124,1
9460,Gm54126,1
9461,Gm54133,1
9462,Gm54146,1
9463,Gm54151,2
9464,Gm54154,1
9465,Gm54159,1
9466,Gm54162,1
9467,Gm54168,1
9468,Gm54180,1
9469,Gm54187,1
9470,Gm54197,1
9471,Gm5420,1
9472,Gm54200,1
9473,Gm54204,1
9474,Gm54205,1
9475,Gm54206,1
9476,Gm54211,1
9477,Gm54213,1
9478,Gm54214,1
9479,Gm54220,1
9480,Gm54221,2
9483,Gm54234,1
9484,Gm54238,1
9485,Gm54240,1
9486,Gm54242,1
9487,Gm54243,1
9488,Gm54246,1
9489,Gm54251,2
9490,Gm54254,2
9492,Gm54257,1
9493,Gm54258,1
9494,Gm54259,1
9495,Gm54260,1
9496,Gm54261,1
9497,Gm54262,1
9499,Gm54264,1
9500,Gm54270,1
9501,Gm54271,1
9502,Gm54273,1
9503,Gm54277,1
9504,Gm54287,1
9505,Gm54290,1
9506,Gm54295,1
9507,Gm54296,1
9508,Gm54306,1
9509,Gm54307,1
9510,Gm54311,1
9511,Gm54313,1
9512,Gm54314,1
9513,Gm54315,1
9514,Gm54316,1
9515,Gm5432,1
9516,Gm54323,1
9517,Gm54324,1
9518,Gm54325,1
9519,Gm54327,1
9520,Gm54333,1
9521,Gm54336,1
9522,Gm5434,1
9523,Gm5441,1
9525,Gm5486,1
9527,Gm550,1
9528,Gm5528,1
9529,Gm5532,1
9530,Gm5535,2
9531,Gm5544,2
9532,Gm5576,1
9534,Gm5602,1
9535,Gm5622,1
9537,Gm572,2
9538,Gm5782,1
9540,Gm5795,1
9541,Gm5817,1
9542,Gm5820,1
9543,Gm5859,1
9544,Gm5862,1
9545,Gm5878,1
9546,Gm5901,1
9547,Gm5907,1
9548,Gm5922,1
9549,Gm5935,1
9550,Gm5953,1
9551,Gm5984,1
9552,Gm6069,1
9553,Gm6109,1
9554,Gm6117,1
9555,Gm6139,1
9557,Gm6158,1
9558,Gm6195,1
9559,Gm6277,1
9560,Gm6293,1
9562,Gm6345,1
9563,Gm6367,1
9564,Gm6370,1
9565,Gm6408,1
9566,Gm6455,1
9567,Gm6482,1
9568,Gm6498,2
9571,Gm6567,1
9572,Gm6569,1
9573,Gm6579,1
9574,Gm6592,1
9575,Gm6605,1
9576,Gm6607,1
9577,Gm6623,1
9578,Gm6625,1
9581,Gm6712,1
9582,Gm6721,1
9583,Gm6750,1
9584,Gm6787,1
9585,Gm6815,1
9586,Gm6878,1
9587,Gm6961,1
9589,Gm6994,1
9590,Gm6999,1
9591,Gm7008,1
9592,Gm7099,1
9593,Gm7137,1
9594,Gm7138,1
9595,Gm715,1
9596,Gm7152,1
9597,Gm7168,1
9600,Gm7538,1
9601,Gm7568,1
9602,Gm7609,2
9603,Gm7827,1
9604,Gm7945,2
9605,Gm7954,1
9606,Gm7967,1
9607,Gm7972,1
9608,Gm8005,1
9609,Gm805,1
9610,Gm807,1
9611,Gm8075,1
9612,Gm8094,1
9613,Gm8096,1
9614,Gm8098,1
9615,Gm8104,1
9616,Gm8108,1
9617,Gm8126,1
9618,Gm8127,2
9619,Gm8138,2
9620,Gm8149,1
9621,Gm815,1
9622,Gm8206,1
9623,Gm8220,1
9624,Gm8229,1
9625,Gm8247,1
9627,Gm830,1
9628,Gm833,1
9629,Gm8363,2
9630,Gm8439,1
9631,Gm8493,1
9632,Gm8579,1
9633,Gm8624,1
9634,Gm8764,1
9635,Gm8765,1
9636,Gm8926,1
9637,Gm8947,1
9638,Gm8978,1
9639,Gm9017,1
9640,Gm9054,1
9641,Gm9182,2
9643,Gm9234,1
9644,Gm9237,1
9645,Gm9258,1
9646,Gm9292,2
9647,Gm9342,1
9648,Gm9508,1
9649,Gm9530,1
9650,Gm960,1
9651,Gm9639,2
9654,Gm9736,1
9656,Gm9776,1
9657,Gm9828,1
9658,Gm9831,1
9660,Gm9886,1
9661,Gm9895,1
9662,Gm9899,1
9666,Gm9918,1
9667,Gm9922,1
9668,Gm9947,1
9669,Gm9949,1
9670,Gm9968,1
9672,Gmds,1
9673,Gmeb1,2
9676,Gmip,2
9679,Gmppb,2
9681,Gmpr2,1
9683,Gna11,1
9686,Gnai1,1
9687,Gnai2,3
9692,Gnas,3
9693,Gnasas1,2
9694,Gnat2,1
9699,Gnb4,1
9704,Gng12,1
9705,Gng13,1
9709,Gng8,2
9710,Gngt2,1
9714,Gnmt,1
9716,Gnpda1,1
9717,Gnpda2,1
9720,Gnptg,1
9721,Gnrhr,1
9724,Golga2,1
9726,Golga4,2
9728,Golga7,1
9732,Golm1,2
9735,Golt1a,1
9743,Gp1ba,1
9744,Gp5,2
9745,Gp9,1
9746,Gpaa1,1
9747,Gpalpp1,1
9750,Gpat3,1
9752,Gpatch1,1
9755,Gpatch3,1
9761,Gpc3,1
9762,Gpc4,1
9766,Gpd1,2
9769,Gphb5,1
9770,Gphn,1
9771,Gpi1,1
9772,Gpkow,1
9773,Gpld1,1
9774,Gpm6a,2
9775,Gpm6b,1
9776,Gpn1,1
9777,Gpn2,1
9779,Gpnmb,1
9780,Gpr108,1
9781,Gpr12,2
9782,Gpr132,1
9783,Gpr135,1
9785,Gpr137b-ps,1
9786,Gpr139,2
9787,Gpr142,1
9789,Gpr149,1
9790,Gpr150,1
9791,Gpr151,1
9792,Gpr153,1
9793,Gpr155,1
9794,Gpr156,1
9797,Gpr160,2
9798,Gpr161,2
9800,Gpr165,1
9802,Gpr179,3
9805,Gpr20,2
9806,Gpr21,3
9807,Gpr25,2
9809,Gpr3,1
9812,Gpr37l1,2
9814,Gpr52,2
9818,Gpr62,1
9819,Gpr63,1
9820,Gpr68,3
9823,Gpr85,1
9825,Gpr89,1
9827,Gprc5b,1
9831,Gprin3,1
9832,Gps1,1
9833,Gps2,1
9835,Gpsm2,1
9836,Gpsm3,1
9841,Gpx7,1
9846,Gramd4,2
9847,Grb10,1
9848,Grb14,1
9851,Greb1,1
9853,Grem1,2
9856,Grhl2,2
9857,Grhpr,1
9858,Gria1,2
9860,Gria3,1
9861,Gria4,1
9862,Grid1,3
9863,Grid2,1
9864,Grifin,2
9865,Grik1,1
9867,Grik3,2
9869,Grik5,1
9870,Grin1,2
9871,Grin1os,1
9872,Grin2a,1
9874,Grin2d,1
9876,Grin3b,1
9879,Grip1os1,2
9880,Grip1os2,1
9881,Grip2,4
9884,Grk4,1
9885,Grk5,1
9886,Grk6,1
9887,Grm1,2
9888,Grm2,1
9890,Grm4,4
9891,Grm5,2
9892,Grm6,1
9901,Grxcr1,1
9902,Grxcr2,1
9904,Gsdmcl-ps,1
9905,Gsdmcl2,1
9907,Gse1,2
9908,Gsg1,2
9909,Gsg1l,3
9910,Gsg1l2,1
9911,Gsk3a,1
9915,Gspt1,1
9917,Gsr,1
9919,Gssos2,1
9920,Gsta2,2
9922,Gstcd,1
9925,Gstm2,1
9926,Gstm4,2
9927,Gstm6,2
9930,Gstp-ps,1
9931,Gstp1,2
9932,Gstp3,1
9935,Gt(ROSA)26Sor,1
9937,Gtf2a1,2
9938,Gtf2a1l,1
9942,Gtf2f1,1
9943,Gtf2f2,1
9945,Gtf2h3,1
9949,Gtf2ird2,1
9950,Gtf3a,1
9952,Gtf3c3,1
9953,Gtf3c4,1
9954,Gtf3c5,1
9955,Gtpbp1,1
9957,Gtpbp2,1
9962,Gtse1,1
9965,Gucy1a2,1
9967,Gucy1b2,2
9968,Gucy2e,1
9969,Gucy2g,1
9972,Gulo,1
9973,Gulp1,1
9975,Gvin-ps2,1
9976,Gvin-ps4,1
9979,Gyg,1
9980,Gys2,2
9982,Gzmg,1
9983,Gzmn,1
9984,H13,2
9985,H19,1
9986,H1f0,1
9988,H1f10,1
9991,H1f4,1
9992,H1f5,1
9993,H1f8,1
9995,H2-Bl,1
9996,H2-D1,1
9997,H2-DMa,1
9998,H2-DMb1,2
9999,H2-Ea,1
10000,H2-K1,2
10001,H2-K2,1
10002,H2-M10.2,2
10004,H2-M5,1
10005,H2-Q1,1
10006,H2-Q2,1
10007,H2-Q4,1
10008,H2-Q9,1
10009,H2-T10,1
10010,H2-T22,2
10011,H2-T23,1
10012,H2ab3,1
10015,H2ac4,1
10016,H2ac6,1
10017,H2af-ps2,1
10018,H2aj,1
10019,H2al1o,1
10021,H2az1,1
10027,H2bc15,1
10028,H2bc18,1
10033,H2bc3,1
10034,H2bc6,1
10038,H3c1,1
10039,H3c10,1
10040,H3c11,1
10042,H3c15,1
10043,H3c2,1
10044,H3c3,1
10046,H3c6,1
10047,H3c7,1
10048,H3f3a,1
10050,H3f4,1
10051,H4c11,1
10052,H4c12,1
10053,H4c14,1
10054,H4c16,1
10064,Haao,2
10066,Hacd1,1
10067,Hacd2,2
10069,Hacd4,1
10073,Hagh,1
10075,Hal,1
10076,Hamp,2
10077,Hao2,1
10079,Hapln3,1
10081,Hars2,1
10082,Has1,1
10083,Has2,1
10084,Haspin,1
10085,Hat1,1
10091,Hba-x,1
10094,Hbq1a,1
10096,Hbs1l,1
10102,Hcn2,1
10103,Hcn3,2
10104,Hcrtr1,1
10105,Hcrtr2,1
10110,Hdac3,1
10112,Hdac5,1
10114,Hdac7,4
10118,Hdgf,2
10119,Hdgfl1,1
10120,Hdgfl3,1
10125,Heatr1,1
10126,Heatr3,1
10129,Hebp1,1
10130,Hebp2,1
10134,Hectd2os,2
10135,Hectd3,1
10137,Hecw1,1
10139,Heg1,1
10141,Hells,1
10143,Helt,1
10145,Henmt1,1
10146,Hepacam,1
10147,Herc1,2
10150,Herpud1,1
10151,Hes1,2
10152,Hes3,1
10153,Hes5,1
10154,Hes6,1
10155,Hesx1,1
10156,Hexa,1
10157,Hexb,1
10160,Hexim2,1
10161,Hey1,2
10162,Hey2,1
10163,Heyl,1
10166,Hgd,1
10167,Hgf,1
10168,Hgfac,1
10171,Hhat,3
10173,Hhex,2
10174,Hhipl1,2
10175,Hhipl2,1
10178,Hic1,1
10180,Hid1,1
10183,Hif3a,3
10191,Hint2,1
10196,Hipk2,2
10197,Hipk3,1
10200,Hivep2,2
10203,Hk1,2
10204,Hk2,1
10205,Hk3,1
10206,Hkdc1,3
10208,Hlf,2
10213,Hmga1,2
10214,Hmga1b,1
10215,Hmga2-ps1,1
10218,Hmgb3,2
10219,Hmgb4,1
10220,Hmgb4os,1
10225,Hmgcs2,1
10227,Hmgn2,1
10228,Hmgn3,1
10230,Hmgxb3,1
10233,Hmx2,1
10234,Hnf1b,1
10235,Hnf4aos,1
10239,Hnrnpab,2
10245,Hnrnpm,1
10246,Hnrnpr,1
10248,Hnrnpul1,1
10250,Hoga1,1
10252,Homer2,2
10253,Homer3,1
10257,Hook3,1
10259,Hoxa10,1
10260,Hoxa7,1
10261,Hoxb13,1
10262,Hoxb6,1
10263,Hoxb8,1
10264,Hoxc10,1
10265,Hoxd3os1,1
10266,Hoxd9,1
10269,Hpcal1,2
10270,Hpcal4,1
10271,Hpdl,1
10273,Hpgd,1
10275,Hpn,1
10276,Hprt,1
10279,Hps4,2
10282,Hpx,1
10284,Hras,1
10285,Hrct1,1
10286,Hrh1,4
10287,Hrh2,1
10288,Hrh3,1
10289,Hrh4,2
10290,Hrk,2
10291,Hs1bp3,1
10298,Hs3st6,1
10300,Hs6st2,1
10303,Hsbp1l1,1
10306,Hsd11b2,1
10308,Hsd17b14,1
10309,Hsd17b2,3
10312,Hsd17b8,1
10313,Hsd3b6,1
10314,Hsd3b7,3
10318,Hsf2bp,1
10319,Hsf4,1
10320,Hsh2d,1
10324,Hspa13,1
10325,Hspa1a,1
10326,Hspa1b,1
10328,Hspa4,1
10330,Hspa5,1
10332,Hspa9,1
10334,Hspb6,1
10335,Hspb8,1
10336,Hspb9,1
10340,Hspg2,1
10341,Hsph1,1
10345,Htr1a,1
10346,Htr1b,1
10347,Htr1d,1
10349,Htr2a,1
10350,Htr3a,1
10353,Htr5b,1
10355,Htr7,1
10356,Htra1,1
10358,Htra4,1
10361,Hus1,1
10364,Hyal2,1
10365,Hyal3,1
10367,Hyi,1
10369,Hyls1,1
10371,Hypk,1
10372,I730028E13Rik,1
10373,I830077J02Rik,1
10375,Iars,1
10379,Ica1,1
10381,Icam1,1
10382,Icam5,1
10387,Icosl,1
10388,Id1,1
10393,Idh1,2
10399,Idnk,2
10404,Ier2,3
10408,Iffo1,3
10410,Ifi204,1
10411,Ifi27,1
10412,Ifi30,2
10413,Ifi35,1
10415,Ifih1,2
10416,Ifit1bl1,1
10417,Ifit1bl2,1
10419,Ifit3,1
10421,Ifitm1,1
10422,Ifitm10,1
10425,Ifna1,1
10426,Ifna12,1
10427,Ifna6,1
10428,Ifna9,1
10430,Ifnar2,1
10431,Ifne,1
10433,Ifngr2,1
10434,Ifnl2,2
10435,Ifnl3,1
10436,Ifnlr1,1
10437,Ifnz,1
10442,Ift27,1
10445,Ift56,1
10446,Ift57,1
10447,Ift70a2,1
10452,Iftap,1
10453,Igbp1b,1
10454,Igdcc3,1
10456,Igf1,1
10458,Igf2,2
10459,Igf2bp2,2
10460,Igf2bp3,1
10463,Igfbp3,1
10464,Igfbp4,2
10465,Igfbp5,1
10466,Igfbp6,2
10467,Igfbp7,1
10468,Igfn1,4
10469,Iglon5,1
10470,Igsf10,1
10472,Igsf21,2
10473,Igsf23,2
10474,Igsf3,1
10475,Igsf8,2
10478,Igtp,2
10479,Iho1,1
10482,Ikzf1,1
10487,Il11ra1,2
10488,Il11ra2,1
10490,Il12b,1
10491,Il15,1
10495,Il17c,1
10496,Il17d,1
10497,Il17ra,2
10498,Il17rd,1
10499,Il17re,1
10500,Il18,1
10501,Il18bp,1
10505,Il1rapl2,2
10507,Il20,1
10509,Il22,1
10510,Il22ra1,1
10511,Il23a,1
10512,Il24,2
10513,Il27ra,1
10514,Il2ra,1
10515,Il2rb,2
10516,Il34,1
10518,Il4,1
10519,Il4ra,1
10520,Il6,1
10521,Il6ra,1
10524,Il7r,1
10525,Il9r,1
10526,Ildr1,1
10527,Ildr2,2
10531,Ilrun,1
10536,Imp3,1
10537,Imp4,1
10539,Impa2,1
10540,Impact,2
10541,Impdh1,1
10545,Inafm2,2
10551,Ing3,1
10553,Ing5,1
10554,Inhba,1
10555,Inhbe,2
10556,Inip,1
10557,Inka1,1
10559,Inmt,1
10562,Ino80d,1
10564,Inpp1,2
10566,Inpp4b,2
10567,Inpp5a,3
10575,Insc,3
10578,Insl6,1
10579,Insm1,1
10580,Insm2,1
10582,Insrr,1
10583,Insyn1,2
10589,Ints15,1
10595,Ints6l,1
10596,Ints7,1
10599,Intu,2
10602,Ip6k3,1
10603,Ipcef1,1
10607,Ipo4,1
10608,Ipo5,2
10609,Ipo7,1
10612,Ippk,1
10613,Ipw,1
10614,Iqca,1
10615,Iqcb1,1
10617,Iqce,2
10618,Iqcf1,1
10619,Iqch,1
10622,Iqschfp,1
10624,Iqsec2,1
10625,Iqsec3,1
10626,Iqub,1
10627,Irag1,1
10628,Irag2,3
10629,Irak1bp1,1
10634,Irf2bp1,2
10635,Irf2bp2,1
10638,Irf6,1
10639,Irf7,2
10640,Irf8,2
10641,Irf9,1
10642,Irgc1,2
10643,Irgm1,1
10646,Irs2,1
10647,Irs3,1
10648,Irx2,1
10649,Irx3os,1
10650,Irx4,1
10653,Isl1,1
10656,Ism1,2
10657,Isoc1,1
10661,Isx,2
10663,Isyna1,2
10667,Itga11,2
10668,Itga2,2
10669,Itga2b,1
10672,Itga5,2
10673,Itga6,1
10676,Itga9,1
10677,Itgae,1
10681,Itgb1bp2,1
10682,Itgb2,1
10683,Itgb2l,1
10684,Itgb3,1
10685,Itgb4,1
10687,Itgb7,1
10688,Itgb8,1
10691,Itk,1
10695,Itpa,1
10696,Itpk1,1
10697,Itpka,2
10698,Itpkb,3
10701,Itpr3,1
10703,Itprid2,1
10704,Itprip,2
10706,Itpripl2,2
10707,Itsn1,1
10708,Itsn2,1
10714,Jade3,1
10715,Jag1,1
10725,Jaml,4
10729,Jdp2,3
10730,Jhy,1
10734,Jmjd7,1
10739,Jph2,1
10740,Jph3,1
10741,Jph4,1
10742,Jpt1,1
10743,Jpt2,1
10747,Jund,1
10759,Kash5,1
10760,Kat2a,1
10761,Kat2b,1
10765,Kat7,1
10769,Katnb1,1
10770,Katnip,1
10771,Kazn,1
10774,Kbtbd13,1
10780,Kbtbd8,1
10783,Kcna2,4
10784,Kcna3,1
10786,Kcna5,2
10788,Kcna7,2
10789,Kcnab1,2
10791,Kcnab3,1
10792,Kcnb2,2
10793,Kcnc1,2
10797,Kcnd1,1
10798,Kcnd2,3
10799,Kcnd3,1
10800,Kcne1l,1
10801,Kcne2,1
10802,Kcne3,1
10803,Kcnf1,2
10804,Kcng1,1
10806,Kcng3,1
10808,Kcnh1,2
10809,Kcnh2,3
10810,Kcnh3,2
10812,Kcnh5,1
10813,Kcnh6,1
10814,Kcnh7,1
10815,Kcnh8,2
10816,Kcnip2,2
10817,Kcnip3,5
10819,Kcnj1,1
10820,Kcnj10,2
10821,Kcnj11,1
10822,Kcnj12,3
10823,Kcnj14,1
10825,Kcnj3,1
10829,Kcnj8,1
10831,Kcnk1,2
10834,Kcnk13,1
10835,Kcnk16,1
10837,Kcnk3,2
10839,Kcnk5,1
10840,Kcnk6,1
10842,Kcnk9,1
10845,Kcnmb2,2
10846,Kcnmb3,1
10849,Kcnn2,1
10850,Kcnn3,2
10851,Kcnn4,1
10852,Kcnq1,1
10854,Kcnq2,2
10856,Kcnq4,2
10857,Kcnq5,2
10859,Kcns3,2
10860,Kcnt1,7
10863,Kctd1,5
10864,Kctd11,1
10866,Kctd13,1
10867,Kctd14,1
10868,Kctd15,2
10869,Kctd16,1
10870,Kctd17,1
10872,Kctd19,1
10873,Kctd2,2
10877,Kctd4,2
10881,Kctd8,1
10882,Kdelr1,1
10885,Kdm2a,2
10887,Kdm3a,1
10888,Kdm3b,1
10892,Kdm5a,1
10895,Kdm6a,1
10897,Kdm7a,2
10899,Kdr,1
10901,Keap1,1
10902,Khdc3,1
10904,Khdrbs1,1
10906,Khdrbs3,1
10909,Khsrp,1
10911,Kidins220,1
10912,Kif11,1
10913,Kif12,1
10914,Kif13a,1
10921,Kif1b,1
10922,Kif1c,1
10923,Kif20a,1
10924,Kif20b,1
10927,Kif22,1
10929,Kif26a,1
10930,Kif26b,3
10936,Kif4-ps,1
10937,Kif5a,2
10938,Kif5b,1
10941,Kif7,1
10947,Kifc5b,1
10948,Kirrel,3
10950,Kiss1,1
10951,Kiss1r,2
10952,Kit,2
10955,Kl,2
10956,Klc1,1
10958,Klc3,1
10959,Klf10,1
10960,Klf11,1
10962,Klf15,2
10963,Klf16,1
10966,Klf4,1
10967,Klf5,2
10971,Klf9,2
10979,Klhl1,1
10980,Klhl11,1
10982,Klhl13,1
10985,Klhl2,2
10986,Klhl20,1
10989,Klhl23,1
10990,Klhl24,1
10991,Klhl25,1
10994,Klhl3,1
10996,Klhl33,1
10997,Klhl34,2
10998,Klhl35,2
11001,Klhl40,1
11006,Klhl9,1
11007,Klk1,1
11008,Klk14,1
11009,Klk1b1,1
11010,Klk1b16,1
11011,Klk1b21,2
11012,Klk1b22,1
11013,Klk1b24,2
11014,Klk1b26,1
11015,Klk1b27,1
11016,Klk1b8,1
11017,Klk1b9,1
11019,Klrb1f,1
11020,Klrg2,1
11021,Klri1,1
11022,Kmt2a,4
11024,Kmt2d,1
11028,Kncn,2
11030,Kng2,1
11031,Knop1,1
11032,Kplce,1
11036,Kpnb1,1
11037,Kprp,1
11042,Krr1,1
11043,Krt10,1
11045,Krt18,1
11046,Krt19,1
11047,Krt2,1
11048,Krt26,2
11049,Krt28,1
11050,Krt33a,1
11051,Krt34,1
11052,Krt4,1
11053,Krt5,1
11054,Krt75,1
11055,Krt77,1
11056,Krt78,1
11057,Krt79,1
11058,Krt82,2
11059,Krt85,1
11060,Krt86,1
11061,Krt87,1
11063,Krt90,1
11064,Krtap1-4,1
11066,Krtap10-4,1
11067,Krtap11-1,1
11068,Krtap13,1
11069,Krtap16-1,1
11070,Krtap17-1,1
11071,Krtap21-1,1
11072,Krtap26-1,1
11073,Krtap31-2,1
11074,Krtap4-2,1
11075,Krtap4-7,1
11076,Krtap5-1,1
11077,Krtap5-4,1
11078,Krtap6-2,1
11082,Kti12,1
11084,Kxd1,1
11085,Kyat1,3
11087,L1cam,2
11090,L3mbtl2,1
11093,Lacc1,2
11094,Lactb,1
11095,Lactb2,1
11096,Lad1,1
11098,Lair1,1
11099,Lama1,2
11100,Lama2,1
11101,Lama3,3
11102,Lama4,1
11103,Lama5,1
11104,Lamb1,2
11105,Lamc1,1
11106,Lamc2,1
11107,Lamp1,2
11108,Lamp5,4
11111,Lamtor3-ps,1
11112,Lamtor4,1
11113,Lamtor5,1
11115,Lancl2,1
11116,Lancl3,1
11117,Lao1,1
11119,Laptm4a,1
11121,Large1,1
11124,Larp4,1
11132,Lat2,1
11133,Lats2,1
11134,Lax1,1
11135,Layn,2
11136,Lbhd2,2
11137,Lbp,1
11139,Lbx1,1
11142,Lce1c,1
11143,Lce3a,1
11144,Lce3c,1
11145,Lce3e,1
11148,Lcn2,1
11149,Lcor,1
11151,Lcp1,1
11152,Lct,1
11155,Ldb1,1
11157,Ldc1,1
11158,Ldha,1
11159,Ldhb,1
11160,Ldhd,1
11161,Ldlr,1
11162,Ldlrad2,1
11164,Ldlrad4,7
11165,Leap2,1
11167,Lefty2,1
11171,Leng1,1
11173,Leng9,1
11175,Leprot,1
11178,Letm2,1
11180,Lexis1,1
11181,Lexm,1
11182,Lgals12,1
11183,Lgals3bp,1
11184,Lgals4,1
11185,Lgals7,2
11188,Lgi1,1
11189,Lgi2,1
11191,Lgi4,1
11194,Lgr5,1
11195,Lgr6,1
11196,Lhcgr,1
11199,Lhfpl4,2
11200,Lhfpl5,2
11201,Lhfpl6,1
11203,Lhpp,1
11204,Lhx2,2
11205,Lhx3,1
11206,Lhx4,1
11207,Lhx6,1
11208,Lhx8,1
11210,Liat1,2
11211,Lif,2
11215,Lilrb4b,1
11217,Limch1,5
11218,Limd1,2
11219,Limd2,1
11220,Limk1,3
11223,Lims2,2
11230,Lin7c,1
11231,Lin9,2
11232,Lincred1,1
11233,Lingo1,2
11240,Lipg,1
11241,Liph,1
11242,Lipo1,1
11243,Lipo2,1
11244,Lipo3,1
11246,Litaf,1
11247,Lix1,2
11249,Llgl2,1
11250,Llph,1
11251,Llph-ps1,1
11252,Lman1,1
11253,Lman2,1
11255,Lmbr1,1
11258,Lmbrd2,1
11262,Lmln,1
11265,Lmnb2,1
11266,Lmntd1,1
11267,Lmo1,2
11273,Lmx1b,1
11274,Lncbate10,1
11275,Lncbate3,1
11276,Lncenc1,1
11277,Lnclep,1
11278,Lncpint,1
11279,Lncppara,1
11280,Lnpep,1
11283,LOC100039029,1
11284,LOC100041034,1
11286,LOC100041708,1
11287,LOC100041877,2
11289,LOC100503923,3
11290,LOC100504180,1
11291,LOC100861691,1
11292,LOC100861749,2
11293,LOC100862192,1
11294,LOC101055663,1
11295,LOC101055672,2
11296,LOC102631979,2
11298,LOC102632541,1
11299,LOC102633472,2
11300,LOC102636478,1
11301,LOC102636558,1
11302,LOC102636563,1
11303,LOC102637495,1
11304,LOC102637781,1
11305,LOC102638047,1
11306,LOC102639683,1
11307,LOC102640985,2
11308,LOC105242404,1
11309,LOC105242429,1
11310,LOC105243553,1
11311,LOC105244755,1
11312,LOC105247076,1
11313,LOC105247293,1
11316,LOC108167387,1
11317,LOC108168164,1
11319,LOC108168673,1
11320,LOC108168674,1
11321,LOC108168889,1
11322,LOC115486275,1
11323,LOC115486416,3
11324,LOC115486505,1
11325,LOC115486830,1
11326,LOC115486834,1
11327,LOC115487054,1
11328,LOC115487055,1
11329,LOC115487155,1
11331,LOC115487194,1
11332,LOC115487244,1
11333,LOC115487285,1
11334,LOC115487286,1
11335,LOC115487290,1
11336,LOC115487291,1
11337,LOC115487292,1
11338,LOC115487294,1
11339,LOC115487295,1
11340,LOC115487296,1
11341,LOC115487297,1
11342,LOC115487298,1
11343,LOC115487369,1
11345,LOC115487525,1
11346,LOC115487527,1
11347,LOC115487655,2
11348,LOC115487658,1
11349,LOC115487660,1
11350,LOC115487661,1
11351,LOC115487662,1
11352,LOC115487664,1
11355,LOC115487897,1
11357,LOC115488067,1
11358,LOC115488068,1
11359,LOC115488069,1
11360,LOC115488070,1
11361,LOC115488220,1
11362,LOC115488223,1
11363,LOC115488225,1
11364,LOC115488230,1
11365,LOC115488231,1
11366,LOC115488416,1
11367,LOC115488419,1
11368,LOC115488420,1
11369,LOC115488421,1
11370,LOC115488560,2
11371,LOC115488575,1
11372,LOC115488637,1
11373,LOC115488652,2
11374,LOC115488669,1
11375,LOC115488698,1
11376,LOC115488699,2
11377,LOC115488700,1
11378,LOC115488701,1
11379,LOC115488705,1
11380,LOC115488927,1
11381,LOC115488948,1
11382,LOC115488949,1
11383,LOC115488952,1
11384,LOC115488953,1
11385,LOC115488954,2
11386,LOC115488957,1
11387,LOC115488958,1
11388,LOC115489093,3
11389,LOC115489224,1
11390,LOC115489231,1
11391,LOC115489232,1
11392,LOC115489309,2
11393,LOC115489316,1
11394,LOC115489320,2
11395,LOC115489356,1
11396,LOC115489615,2
11397,LOC115489616,1
11398,LOC115489617,1
11399,LOC115489618,1
11400,LOC115489622,1
11401,LOC115489829,1
11402,LOC115489830,1
11403,LOC115489831,1
11404,LOC115489834,2
11405,LOC115489836,1
11406,LOC115489839,1
11407,LOC115489852,1
11408,LOC115489908,1
11409,LOC115489947,1
11410,LOC115490053,1
11411,LOC115490054,1
11412,LOC115490055,1
11413,LOC115490056,1
11414,LOC115490061,1
11415,LOC115490062,2
11416,LOC115490137,1
11418,LOC115490279,1
11419,LOC115490282,1
11420,LOC115490284,2
11421,LOC115490297,1
11422,LOC115490310,1
11423,LOC115490462,1
11424,LOC115490474,1
11425,LOC115490477,1
11426,LOC115490480,1
11427,LOC115490482,1
11428,LOC115490483,1
11429,LOC115490490,2
11430,LOC118567333,1
11431,LOC118567370,1
11434,LOC118567441,1
11435,LOC118567477,1
11436,LOC118567495,1
11438,LOC118567517,1
11439,LOC118567524,1
11440,LOC118567526,1
11441,LOC118567536,1
11442,LOC118567560,1
11443,LOC118567565,1
11444,LOC118567727,1
11445,LOC118567760,1
11446,LOC118567787,1
11447,LOC118567870,1
11448,LOC118567902,2
11449,LOC118568006,1
11450,LOC118568038,1
11451,LOC118568047,1
11452,LOC118568082,1
11453,LOC118568094,1
11454,LOC118568117,1
11455,LOC118568133,1
11456,LOC118568135,2
11457,LOC118568146,2
11458,LOC118568160,1
11459,LOC118568186,1
11460,LOC118568219,2
11461,LOC118568322,1
11462,LOC118568338,1
11463,LOC118568359,1
11464,LOC118568368,1
11465,LOC118568383,1
11466,LOC118568467,1
11467,LOC118568468,1
11468,LOC118568471,1
11469,LOC118568473,1
11470,LOC118568474,2
11471,LOC118568478,2
11472,LOC118568479,1
11474,LOC118568508,1
11475,LOC118568514,1
11476,LOC118568567,1
11477,LOC118568577,1
11478,LOC118568618,1
11479,LOC118568635,1
11480,LOC118568636,2
11481,LOC118568637,1
11482,LOC118568655,1
11483,LOC118568696,1
11484,LOC118568708,1
11485,LOC118568760,1
11486,LOC118568761,2
11489,LOC129135233,1
11490,LOC432842,1
11491,LOC666331,1
11492,LOC671917,1
11493,Lockd,1
11497,Lonrf3,1
11500,Loxl2,1
11501,Loxl4,1
11503,Lpar2,1
11504,Lpar5,1
11505,Lpcat1,1
11506,Lpcat2,1
11509,Lpin1,3
11510,Lpin2,4
11511,Lpin3,2
11512,Lpl,1
11515,Lrat,1
11517,Lratd2,1
11518,Lrba,1
11519,Lrch1,3
11520,Lrch2,1
11521,Lrch3,1
11522,Lrfn1,2
11523,Lrfn2,1
11524,Lrfn3,1
11526,Lrfn5,1
11528,Lrguk,1
11533,Lrit1,1
11534,Lrit2,1
11535,Lrit3,2
11537,Lrp1,1
11538,Lrp10,1
11541,Lrp1b,1
11542,Lrp2bp,1
11543,Lrp3,1
11544,Lrp4,2
11545,Lrp6,2
11546,Lrp8,2
11547,Lrp8os2,1
11553,Lrrc10,1
11554,Lrrc10b,2
11555,Lrrc14b,1
11556,Lrrc15,1
11557,Lrrc2,1
11558,Lrrc23,2
11559,Lrrc24,1
11560,Lrrc26,1
11562,Lrrc28,1
11563,Lrrc3,1
11564,Lrrc30,1
11565,Lrrc31,1
11566,Lrrc39,1
11568,Lrrc3c,1
11569,Lrrc4,2
11570,Lrrc41,1
11571,Lrrc43,1
11572,Lrrc47,3
11574,Lrrc4b,3
11576,Lrrc52,1
11580,Lrrc58,1
11583,Lrrc63,1
11584,Lrrc66,2
11587,Lrrc73,1
11588,Lrrc74b,1
11589,Lrrc75a,1
11590,Lrrc75aos1,1
11591,Lrrc75b,1
11595,Lrrc8e,1
11596,Lrrc9,1
11597,Lrrcc1,1
11600,Lrriq1,1
11602,Lrriq4,1
11606,Lrrn2,1
11609,Lrrn4cl,2
11610,Lrrtm1,2
11611,Lrrtm3,1
11612,Lrrtm4,1
11618,Lsm11,2
11619,Lsm12,1
11620,Lsm14a,1
11621,Lsm14b,2
11624,Lsm5,1
11625,Lsm6,1
11628,Lsmem1,1
11629,Lsmem2,1
11630,Lsp1,2
11632,Lst1,1
11633,Ltb4r1,1
11634,Ltb4r2,1
11635,Ltbp1,1
11636,Ltbp3,1
11637,Ltbp4,2
11638,Ltbr,1
11639,Ltc4s,1
11640,Ltk,1
11642,LTO1,1
11647,Lurap1,1
11648,Lurap1l,1
11650,Luzp2,1
11652,Ly6a2,2
11654,Ly6d,1
11656,Ly6f,1
11657,Ly6g2,1
11658,Ly6g5b,1
11659,Ly6g6c,1
11661,Ly6g6g,1
11663,Ly6l,3
11664,Ly6m,1
11665,Ly96,1
11666,Lyl1,1
11667,Lyn,1
11670,Lypd11,1
11671,Lypd5,1
11672,Lypd6,1
11673,Lypd6b,2
11674,Lypd8,1
11675,Lypd8l,1
11677,Lypla2,1
11678,Lyplal1,1
11680,Lyrm2,1
11684,Lysmd3,1
11686,Lyz2,1
11687,Lyzl4,2
11688,Lyzl6,1
11689,Lzic,1
11695,M1ap,1
11698,Mab21l1,1
11699,Mab21l2,1
11701,Macf1,3
11703,Maco1,1
11704,Macrod1,1
11707,Macroh2a2,1
11708,Mad1l1,1
11709,Mad2l1,1
11714,Maf,2
11717,Mafb,1
11719,Mafg,1
11720,Mafk,1
11721,Mageb3,1
11722,Maged1,2
11724,Magee1,1
11725,Magee2,1
11727,Magel2,1
11730,Magi3,1
11731,Magix,1
11733,Magohb,1
11735,Majin,1
11738,Mal,1
11740,Malat1,1
11741,Mall,1
11744,Mamdc2,2
11746,Maml2,2
11749,Mamstr,1
11750,Man1a,1
11751,Man1a2,2
11754,Man2a1,1
11755,Man2a2,1
11756,Man2b1,1
11758,Man2c1,1
11759,Manba,1
11762,Maneal,1
11763,Manf,1
11764,Mansc1,1
11765,Maoa,1
11768,Map1lc3a,1
11769,Map1lc3b,1
11770,Map1s,1
11774,Map2k3os,1
11776,Map2k5,1
11780,Map3k10,1
11782,Map3k13,3
11783,Map3k14,1
11784,Map3k19,2
11786,Map3k20,1
11787,Map3k21,2
11788,Map3k3,2
11789,Map3k4,1
11790,Map3k5,1
11791,Map3k6,1
11792,Map3k7,1
11798,Map4k3,1
11800,Map4k5,1
11802,Map6d1,1
11803,Map7,4
11805,Map7d2,2
11807,Mapk1,1
11809,Mapk11,3
11810,Mapk12,1
11813,Mapk1ip1l,1
11814,Mapk3,1
11819,Mapk8ip1,2
11825,Mapkapk3,1
11826,Mapkapk5,3
11829,Mapre2,3
11833,Marchf10,1
11838,Marchf8,1
11839,Marcks,2
11841,Mark1,2
11843,Mark3,1
11845,Mars1,1
11846,Mars2,1
11847,Marveld1,1
11849,Mascrna,1
11850,Masp2,1
11852,Mast2,2
11856,Mat2a,1
11861,Matn1,1
11862,Matn2,2
11864,Matn4,1
11868,Maz,2
11872,Mbd4,1
11873,Mbd5,1
11878,Mboat1,2
11880,Mboat7,1
11881,Mbp,2
11884,Mbtps2,1
11891,Mcf2,1
11894,Mchr1,2
11896,Mcm10,1
11897,Mcm3ap,1
11898,Mcm5,1
11902,Mcmbp,1
11903,Mcmdc2,1
11905,Mcoln2,2
11906,Mcoln3,1
11907,Mcph1,1
11908,Mcpt4,1
11909,Mcrip1,1
11912,Mctp2,1
11915,Mcub,1
11917,Mdc1,1
11918,Mdfi,1
11919,Mdfic,1
11920,Mdga2,1
11923,Mdm1,1
11926,Mdn1,2
11927,Mdp1,1
11928,Mdrl,1
11929,Me1,1
11931,Me3,2
11935,Mecom,2
11943,Med13,1
11944,Med13l,1
11945,Med14,1
11946,Med15,1
11951,Med22,1
11954,Med25,2
11955,Med26,1
11958,Med30,1
11960,Med6,1
11961,Med7,1
11962,Med8,1
11963,Med9,1
11972,Megf11,4
11973,Megf8,1
11975,Mei1,3
11977,Meig1,1
11978,Meiob,1
11979,Meiosin,2
11980,Meis1,2
11983,Melk,1
11984,Meltf,2
11987,Meox2,1
11989,Mertk,1
11991,Mesp2,1
11992,Mest,1
11993,Met,1
11996,Metap2,1
12000,Mettl15,2
12001,Mettl16,1
12004,Mettl21a,1
12005,Mettl22,1
12008,Mettl26,1
12011,Mettl4,1
12013,Mettl7a1,2
12014,Mettl7a2,1
12015,Mettl7a3,2
12018,Mex3b,1
12019,Mex3c,1
12020,Mexis,1
12024,Mfap4,2
12026,Mfge8,1
12030,Mfng,1
12031,Mfsd1,1
12032,Mfsd10,2
12038,Mfsd2a,2
12039,Mfsd2b,1
12041,Mfsd4a,1
12042,Mfsd4b1,1
12046,Mfsd5,1
12047,Mfsd6,1
12048,Mfsd6l,1
12053,Mgat2,1
12054,Mgat3,3
12056,Mgat4b,1
12057,Mgat4c,2
12059,Mgat5b,2
12064,Mgst1,1
12065,Mgst3,2
12068,Miat,1
12074,Micall1,1
12078,Micu2,1
12079,Mid1,1
12096,Minar1,1
12098,Mindy2,1
12099,Mindy3,1
12100,Mindy4,1
12101,Mink1,2
12102,Minpp1,1
12103,Mios,1
12104,Miox,1
12105,Mipep,1
12108,Mir101a,2
12109,Mir1191b,1
12110,Mir1192,2
12111,Mir12181,1
12112,Mir12182,2
12114,Mir12193,1
12115,Mir12196,2
12116,Mir122,1
12117,Mir12200,1
12118,Mir1224,1
12119,Mir124-2hg,1
12120,Mir1249,1
12121,Mir124a-1hg,1
12122,Mir124a-2,1
12123,Mir124a-3,3
12124,Mir1258,1
12125,Mir125b-2,1
12127,Mir129-1,2
12128,Mir129-2,1
12129,Mir130a,2
12130,Mir130c,1
12131,Mir132,1
12132,Mir134,1
12133,Mir137,2
12134,Mir138-1,1
12135,Mir138-2,1
12136,Mir139,1
12137,Mir145a,1
12138,Mir146,1
12139,Mir148a,1
12141,Mir151,1
12143,Mir153,1
12144,Mir17,1
12145,Mir181b-1,1
12146,Mir1839,1
12147,Mir1843a,1
12149,Mir1895,1
12150,Mir1897,2
12151,Mir1900,1
12152,Mir1901,1
12153,Mir1905,1
12154,Mir1906-1,1
12155,Mir1928,2
12156,Mir1929,1
12157,Mir193a,1
12158,Mir194-2,2
12159,Mir1941,1
12160,Mir1948,1
12162,Mir1952,1
12163,Mir1954,1
12164,Mir1962,1
12165,Mir1964,1
12166,Mir1966,1
12167,Mir1981,1
12168,Mir1982,1
12169,Mir1983,1
12171,Mir199a-2,1
12172,Mir1a-2,1
12173,Mir203,1
12174,Mir205,1
12176,Mir210,1
12177,Mir215,2
12178,Mir22hg,1
12179,Mir26a-1,1
12180,Mir298,1
12181,Mir29b-1,1
12182,Mir3057,1
12183,Mir3061,1
12184,Mir3072,2
12185,Mir3074-2,1
12186,Mir3075,1
12187,Mir3077,1
12188,Mir3089,2
12189,Mir3092,1
12190,Mir3095,1
12191,Mir3097,1
12192,Mir30b,1
12193,Mir3108,1
12194,Mir3154,2
12195,Mir329,1
12196,Mir337,1
12197,Mir341,1
12198,Mir346,2
12199,Mir3471-1,1
12200,Mir3473f,1
12201,Mir3474,2
12203,Mir3572,1
12204,Mir365-1,1
12205,Mir378b,1
12206,Mir378d,1
12207,Mir379,1
12208,Mir3960,1
12209,Mir3971,2
12210,Mir409,1
12211,Mir429,1
12212,Mir466j,1
12213,Mir487b,1
12214,Mir488,1
12215,Mir493,1
12216,Mir5098,1
12217,Mir5103,1
12218,Mir5107,1
12219,Mir5110,1
12220,Mir5113,1
12222,Mir5119,2
12224,Mir5125,1
12225,Mir5126,1
12226,Mir5129,2
12227,Mir5131,1
12229,Mir5134,1
12231,Mir5616,1
12232,Mir5617,1
12233,Mir5620,1
12234,Mir5624,1
12236,Mir5710,1
12237,Mir6239,1
12238,Mir6347,1
12239,Mir6352,2
12240,Mir6353,1
12242,Mir6361,1
12243,Mir6364,1
12244,Mir6366,1
12245,Mir6372,1
12246,Mir6376,2
12247,Mir6385,1
12248,Mir6387,1
12249,Mir6391,1
12250,Mir6392,1
12251,Mir6395,1
12252,Mir6398,1
12253,Mir6399,2
12254,Mir6401,1
12255,Mir6407,1
12256,Mir6409,1
12258,Mir6415,1
12259,Mir6537,2
12260,Mir6538,1
12261,Mir6540,1
12262,Mir6546,1
12263,Mir670,1
12264,Mir670hg,1
12265,Mir6715,1
12267,Mir680-1,1
12268,Mir684-1,1
12269,Mir688,2
12270,Mir6896,1
12271,Mir6898,1
12272,Mir6899,1
12273,Mir6903,1
12274,Mir6905,1
12275,Mir6910,1
12276,Mir6914,1
12277,Mir6917,1
12278,Mir692-2,1
12279,Mir692-3,1
12280,Mir6923,1
12281,Mir6925,1
12282,Mir6926,1
12283,Mir6928,1
12284,Mir6929,1
12285,Mir6934,1
12286,Mir6936,1
12287,Mir694,1
12288,Mir6947,1
12289,Mir6950,1
12290,Mir6954,1
12291,Mir6956,1
12292,Mir6961,1
12293,Mir6962,1
12294,Mir6964,1
12295,Mir6965,1
12296,Mir6966,1
12298,Mir6972,1
12299,Mir6973a,1
12300,Mir6976,1
12301,Mir6977,1
12302,Mir6979,1
12303,Mir6981,1
12304,Mir6982,1
12305,Mir6983,1
12306,Mir6984,1
12308,Mir6987,1
12309,Mir6991,1
12310,Mir6993,1
12311,Mir6997,2
12312,Mir6998,1
12315,Mir7000,2
12317,Mir7007,1
12319,Mir7014,1
12320,Mir7015,2
12321,Mir7016,1
12322,Mir7019,2
12324,Mir7023,1
12325,Mir7024,2
12326,Mir7026,1
12327,Mir7028,1
12328,Mir7029,1
12329,Mir7032,1
12330,Mir7035,1
12331,Mir7039,1
12332,Mir7042,2
12333,Mir7043,1
12334,Mir7044,1
12336,Mir7046,1
12337,Mir7049,1
12338,Mir7050,1
12339,Mir7053,1
12340,Mir7056,1
12341,Mir7057,1
12342,Mir7063,2
12343,Mir7064,2
12344,Mir7066,1
12345,Mir7069,2
12346,Mir7076,1
12347,Mir7078,1
12348,Mir7081,1
12349,Mir7086,1
12350,Mir709,1
12351,Mir7091,1
12352,Mir7092,1
12353,Mir7115,1
12354,Mir713,1
12355,Mir718,1
12356,Mir721,1
12357,Mir7210,1
12358,Mir7211,1
12359,Mir7212,1
12360,Mir7214,1
12361,Mir7218,1
12362,Mir7223,1
12364,Mir7226,1
12366,Mir7229,1
12367,Mir7230,1
12368,Mir7239,1
12369,Mir7241,1
12370,Mir7243,1
12373,Mir7654,1
12374,Mir7655,1
12375,Mir7656,1
12376,Mir7658,1
12377,Mir7660,1
12378,Mir7661,1
12379,Mir7662,2
12380,Mir7664,1
12384,Mir7672,1
12385,Mir7675,1
12386,Mir7676-2,1
12387,Mir7680,1
12388,Mir7685,2
12390,Mir7688,1
12391,Mir802,1
12392,Mir8091,2
12393,Mir8094,1
12396,Mir8097,1
12397,Mir8099-1,1
12398,Mir8099-2,1
12401,Mir8104,1
12402,Mir8106,1
12403,Mir8108,1
12405,Mir8110,1
12406,Mir8111,1
12408,Mir8113,1
12409,Mir8116,1
12410,Mir8119,1
12411,Mir874,1
12412,Mir877,1
12414,Mir9-3hg,4
12415,Mir92b,1
12416,Mir935,1
12417,Mir9768,1
12418,Mir9b-2,1
12419,Mirlet7b,1
12420,Mirlet7g,1
12421,Mirlet7i,1
12424,Misp,1
12427,Mix23,1
12429,Mkln1,2
12435,Mkx,2
12436,Mlana,1
12437,Mlc1,1
12438,Mlec,1
12439,Mlf1,1
12440,Mlf2,1
12442,Mlh3,1
12446,Mllt3,2
12447,Mlph,3
12449,Mlx,1
12451,Mlxipl,1
12452,Mlycd,1
12458,Mmgt1,1
12460,Mmp15,1
12463,Mmp20,1
12464,Mmp21,1
12465,Mmp23,2
12466,Mmp24,1
12467,Mmp7,1
12469,Mmrn2,1
12473,Mn1,3
12474,Mnat1,2
12476,Mnd1-ps,1
12477,Mns1,1
12479,Moap1,1
12480,Mob1a,1
12483,Mob3b,2
12487,Mocos,1
12489,Mocs3,1
12491,Mogs,1
12492,Mok,3
12494,Mon1b,1
12499,Morf4l1b,1
12501,Morn1,2
12502,Morn2,1
12504,Morrbid,1
12505,Mos,1
12506,Mosmo,1
12510,Mospd4,2
12511,Mov10,3
12512,Moxd1,1
12513,Moxd2,1
12514,Mpc1,2
12515,Mpdu1,1
12521,Mpi,1
12522,Mpl,1
12523,Mplkip,1
12525,Mpo,1
12526,Mpp1,1
12527,Mpp2,1
12528,Mpp3,2
12529,Mpp4,2
12535,Mpst,1
12541,Mras,3
12544,Mreg,2
12545,Mrfap1,1
12547,Mrgprf,1
12548,Mrgprg,1
12549,Mrln,1
12551,Mrm3,1
12553,Mro,2
12555,Mroh2a,1
12556,Mroh3,1
12557,Mroh4,1
12558,Mroh5,1
12559,Mroh6,1
12561,Mrpl10,2
12568,Mrpl19,1
12569,Mrpl2,1
12570,Mrpl20,1
12572,Mrpl22,1
12573,Mrpl23,1
12574,Mrpl24,1
12576,Mrpl3,1
12577,Mrpl33,2
12579,Mrpl36,1
12593,Mrpl54,1
12596,Mrps10,1
12598,Mrps15,1
12603,Mrps22,1
12607,Mrps27,1
12608,Mrps28,1
12609,Mrps30,1
12612,Mrps34,1
12617,Mrs2,2
12621,Ms4a10,1
12622,Ms4a15,1
12623,Msantd1,1
12624,Msantd2,1
12626,Msgn1,1
12629,Msh4,1
12631,Msh6,1
12632,Msi2,1
12633,Msl1,3
12634,Msl2,1
12637,Mslnl,2
12638,Msmb,1
12640,Msmp,1
12641,Msn,1
12645,Mstn,2
12646,Msto1,1
12647,Msx1,1
12648,Msx2,1
12651,Mt3,1
12652,Mta1,2
12654,Mta3,2
12655,Mtag2,1
12658,Mtbp,1
12661,Mtcl1,1
12667,Mterf4,1
12668,Mtf1,1
12670,Mtfmt,1
12671,Mtfp1,2
12678,Mthfd1l,1
12680,Mthfd2l,1
12682,Mthfs,1
12689,Mtmr1,1
12691,Mtmr11,1
12695,Mtmr3,1
12700,Mtnr1a,1
12706,Mtres1,2
12708,Mtss1,2
12709,Mtss2,1
12710,Mturn,1
12713,Mtx1,1
12716,Muc21,1
12717,Muc3a,1
12718,Muc5b,1
12720,Mup18,1
12721,Mus81,1
12723,Mutyh,1
12726,Mx1,1
12727,Mx2,1
12728,Mxd1,1
12730,Mxd4,1
12732,Mxra7,1
12733,Mxra8,1
12735,Myadml2,1
12737,Mybl1,1
12738,Mybpc2,1
12739,Mybph,1
12740,Mybphl,1
12743,Mycbp2,3
12744,Mycbpap,2
12745,Mycl,1
12746,Mycn,3
12748,Myef2,1
12749,Myf6,1
12751,Myh10,1
12752,Myh11,2
12753,Myh13,1
12754,Myh14,1
12755,Myh7,1
12756,Myh7b,2
12760,Myl2,1
12762,Myl6,1
12766,Mylk,1
12767,Mylk3,1
12769,Mymk,2
12770,Mymx,1
12771,Mynn,1
12773,Myo16,1
12775,Myo18b,1
12777,Myo1a,1
12779,Myo1c,4
12780,Myo1d,2
12782,Myo1f,1
12784,Myo3a,1
12787,Myo5b,1
12790,Myo7b,1
12793,Myocd,1
12794,Myocos,1
12795,Myog,1
12796,Myom3,1
12798,Myoz1,1
12799,Mypop,1
12800,Myrip,2
12802,Myt1,1
12804,Myzap,1
12805,Mzb1,1
12808,Mzt2,1
12809,n-R5s105,1
12810,n-R5s119,1
12811,n-R5s149,1
12812,n-R5s28,1
12817,N4bp3,1
12820,Naa11,1
12830,Naaa,1
12831,Naaladl1,2
12832,Naaladl2,1
12836,Naca,1
12837,Nacad,1
12838,Nacc1,1
12839,Nacc2,2
12840,Nadk,1
12842,Nadsyn1,1
12843,Nae1,1
12844,Naf1,2
12846,Nagk,1
12848,Nagpa,1
12849,Naip5,1
12851,Nalf1,2
12852,Nalf2,1
12854,Nanos1,1
12855,Nanos3,1
12856,Nanp,1
12857,Nans,1
12867,Naprt,2
12868,Napsa,1
12869,Narf,1
12874,Nat14,2
12875,Nat8,1
12877,Nat8f6,2
12878,Nat8l,1
12880,Nav1,9
12886,Nbdy,1
12890,Nbl1,2
12892,Nbr1,1
12895,Ncam2,1
12896,Ncan,1
12902,Ncdn,1
12903,Nceh1,1
12904,Ncf1,1
12905,Ncf2,1
12907,Nck2,1
12912,Ncln,1
12913,Ncmap,1
12916,Ncoa3,2
12919,Ncoa6,1
12920,Ncoa7,1
12921,Ncor1,1
12922,Ncor2,3
12923,Ncs1,3
12925,Nctc1,1
12928,Ndfip1,1
12930,Ndn,1
12933,Ndrg1,1
12936,Ndrg4,2
12937,Ndst1,5
12942,Ndufa13,1
12944,Ndufa3,1
12945,Ndufa4l2,3
12949,Ndufa8,1
12952,Ndufaf3,1
12956,Ndufb10,1
12957,Ndufb11b,1
12961,Ndufb6,1
12963,Ndufb8,1
12965,Ndufc2,1
12967,Ndufs4,1
12968,Ndufs5,1
12970,Ndufs6b,1
12975,Ndufv3,1
12977,Necab1,1
12978,Necab2,2
12979,Necab3,3
12982,Nedd1,1
12986,Nefh,2
12987,Nefl,1
12988,Negr1,1
12990,Neil2,1
12991,Neil3,1
12993,Nek10,1
12995,Nek2,2
12997,Nek5,1
12998,Nek6,3
12999,Nek7,2
13001,Nelfa,1
13002,Nelfb,2
13005,Nell1,1
13008,Nemp2,1
13009,Nenf,1
13011,Nes,3
13018,Neurl1b,1
13019,Neurl3,1
13022,Neurod2,1
13024,Neurog2,1
13028,Nfam1,2
13029,Nfasc,6
13030,Nfat5,1
13031,Nfatc1,3
13033,Nfatc3,1
13035,Nfe2l1,3
13036,Nfe2l2,1
13037,Nfe2l3,1
13039,Nfib,2
13040,Nfic,2
13041,Nfil3,1
13042,Nfix,3
13043,Nfkb1,1
13044,Nfkb2,1
13045,Nfkbia,1
13046,Nfkbib,1
13048,Nfkbie,3
13054,Nfxl1,1
13057,Ngdn,1
13058,Ngef,1
13061,Ngrn,1
13062,Nhej1,1
13064,Nherf2,2
13065,Nherf4,2
13066,Nhlh1,1
13067,Nhlh2,1
13071,Nhp2,1
13072,Nhs,3
13074,Nhsl2,8
13075,Niban1,2
13076,Niban2,1
13078,Nid1,2
13079,Nid2,1
13080,Nifk,1
13083,Ninj1,1
13084,Ninj2,3
13086,Nipa1,1
13087,Nipal1,1
13088,Nipal2,2
13090,Nipal4,1
13097,Nit2,1
13098,Nkain1,1
13100,Nkain3,1
13102,Nkap,1
13104,Nkg7,1
13107,Nkrf,2
13109,Nkx2-1,1
13111,Nle1,1
13112,Nlgn1,4
13113,Nlgn2,1
13114,Nlgn3,1
13118,Nlrp10,1
13119,Nlrp6,2
13123,Nmd3,1
13130,Nme9,1
13131,Nmi,1
13133,Nmnat3,4
13135,Nmrk1,1
13136,Nmrk2,2
13139,Nnt,1
13142,Nobox,1
13144,Noc3l,2
13147,Nod2,2
13148,Nog,1
13150,Nol12,2
13152,Nol4,2
13156,Nol9,1
13158,Nom1,1
13163,Nop53,1
13168,Nos1,1
13172,Nostrin,2
13174,Notch3,3
13176,Noto,1
13177,Nova1,2
13179,Noxa1,1
13181,Noxred1,1
13182,Npas1,1
13183,Npas2,2
13185,Npas4,3
13186,Npb,1
13187,Npbwr1,1
13190,Npcd,1
13193,Npffr1,1
13194,Nphp1,1
13195,Nphs1,1
13196,Nphs1os,1
13197,Nploc4,1
13199,Npm2,1
13200,Npm3,1
13202,Nppa,1
13203,Nppb,1
13204,Nppc,1
13205,Npr1,2
13206,Npr2,2
13208,Nprl3,1
13210,Nptx2,1
13211,Nptxr,1
13212,Npw,1
13213,Npy1r,2
13215,Npy5r,1
13218,Nr0b1,1
13221,Nr1h2,1
13223,Nr1h4,1
13225,Nr2c2,2
13227,Nr2e3,1
13228,Nr2f1,2
13229,Nr2f2,2
13230,Nr2f6,2
13232,Nr3c2,2
13234,Nr4a2,2
13235,Nr4a3,2
13236,Nr5a2,3
13238,Nradd,1
13239,Nrap,1
13241,Nras,1
13244,Nrcam,1
13248,Nrg1,2
13250,Nrg3,1
13252,Nrip1,1
13254,Nrip3,2
13255,Nrl,2
13257,Nrn1,2
13258,Nrn1l,1
13259,Nrp1,1
13260,Nrp2,1
13265,Nrxn2,1
13267,Nsa2,1
13268,Nscme3l,1
13270,Nsd2,1
13272,Nsf,1
13274,Nsg1,1
13275,Nsg2,2
13277,Nsmce1,2
13278,Nsmce3,1
13280,Nsmf,1
13281,Nsrp1,1
13288,Nt5c2,4
13292,Nt5dc2,1
13298,Ntf3,1
13299,Ntf5,1
13301,Ntm,4
13304,Ntn3,1
13305,Ntn5,1
13306,Ntng1,2
13309,Ntsr1,1
13312,Nuak2,1
13313,Nub1,1
13315,Nubpl,1
13316,Nucb1,1
13318,Nucks1,1
13319,Nudc,1
13323,Nudt10,1
13325,Nudt12,1
13326,Nudt14,1
13328,Nudt16,1
13330,Nudt17,2
13332,Nudt19,1
13339,Nudt7,1
13341,Nudt9,1
13343,Nuggc,1
13353,Nup35,1
13354,Nup37,1
13356,Nup50,1
13363,Nup98,1
13365,Nupr1,1
13371,Nwd2,1
13373,Nxf2,1
13375,Nxn,1
13376,Nxnl2,1
13377,Nxpe3,1
13379,Nxph1,2
13380,Nxph2,1
13381,Nxt1,1
13382,Nxt2,1
13385,Nynrin,2
13386,Nyx,1
13387,Oacyl,1
13388,Oaf,2
13389,Oard1,1
13390,Oas1c,1
13391,Oas2,2
13392,Oas3,1
13393,Oasl2,1
13395,Oaz1,1
13396,Oaz1-ps,1
13398,Obi1,1
13399,Obox1,1
13400,Obp2b,1
13404,Ociad2,1
13405,Ocln,1
13406,Ocm,1
13408,Ocstamp,2
13410,Odad2,1
13416,Odf3l1,2
13417,Odf3l2,2
13419,Ofcc1,1
13426,Ogt,2
13432,Olfm3,1
13433,Olfml1,1
13437,Olig1,1
13438,Olig2,1
13439,Oma1,1
13440,Omp,2
13441,Omt2b,1
13443,Ooep,1
13446,Opalin,1
13455,Or10aa1,1
13456,Or10aa3,1
13457,Or10ac1,1
13458,Or10ad1,1
13459,Or10ad1b,1
13460,Or10ak14,1
13461,Or10c1,1
13462,Or10p21,1
13463,Or10u3,1
13464,Or10u4,2
13465,Or10x1,1
13466,Or12j2,1
13467,Or12k5,1
13468,Or13a17,1
13469,Or13a19,1
13470,Or13a26,1
13471,Or13p8,2
13472,Or1b1,1
13473,Or2a12,1
13474,Or2a56,1
13475,Or2ag2,1
13476,Or2ak4,2
13477,Or2ak5,1
13478,Or2ak7,2
13479,Or2at1,1
13480,Or2b11,1
13481,Or2bd2,1
13482,Or2c1,1
13483,Or2f1b,1
13484,Or2h15,1
13485,Or2i1,1
13486,Or2r2,1
13487,Or2r3,1
13488,Or2t26,1
13489,Or2t47,1
13490,Or2w2,1
13491,Or2w25,1
13492,Or2y10,1
13493,Or2y11,1
13494,Or2y12,1
13495,Or2y14,2
13496,Or2y1e,1
13497,Or2y1f,1
13498,Or2y1g,2
13499,Or4b1b,1
13500,Or4c10,1
13501,Or4c104,1
13502,Or4c11,1
13503,Or4c115,1
13504,Or4c12,1
13505,Or4c3,1
13506,Or4c3d,1
13507,Or4d2b,1
13508,Or4k48,1
13509,Or51a42,1
13510,Or51ai2,1
13511,Or51e1,1
13512,Or51r1,1
13513,Or52ae9,1
13514,Or52i2,1
13515,Or52l1,1
13516,Or52n4,1
13517,Or52s19,1
13518,Or52s6,1
13519,Or52x1,1
13520,Or56a5,1
13521,Or5aq6,1
13522,Or5au1,1
13523,Or5d38,1
13524,Or5m3b,1
13525,Or5p1,1
13526,Or5p52,1
13527,Or5p53,1
13528,Or5w1,1
13529,Or6b3,1
13530,Or6x1,1
13531,Or7a36,1
13532,Or7g30,1
13533,Or8c9,1
13534,Or8d6,1
13535,Or8g32,1
13536,Or8k20,1
13537,Or8s5,1
13538,Or9s13,1
13539,Or9s27,1
13541,Orai2,1
13542,Orai3,2
13543,Orc2,1
13548,Orm1,1
13549,Orm2,1
13550,Ormdl2,1
13551,Ormdl3,1
13552,Os9,2
13553,Osbp,2
13558,Osbpl2,2
13571,Osmr,1
13575,Otoa,2
13577,Otop1,1
13578,Otop2,2
13579,Otop3,1
13580,Otos,1
13581,Otp,1
13583,Otub2,3
13584,Otud3,1
13585,Otud4,1
13590,Otulinl,1
13591,Otx1,1
13592,Otx2,1
13593,Ovca2,1
13594,Ovgp1,2
13595,Oxa1l,1
13596,Oxct1,1
13597,Oxct2a,1
13601,Oxsm,2
13603,Oxtr,1
13604,P2rx1,2
13605,P2rx4,1
13606,P2rx5,1
13607,P2rx6,2
13608,P2rx7,1
13609,P2ry1,1
13612,P2ry4,1
13613,P3h2,1
13614,P3h3,1
13620,P4htm,1
13621,Pa2g4,1
13622,Pabir1,1
13623,Pabir2,2
13625,Pabpc1l2a,1
13626,Pabpc1l2b,1
13628,Pabpc4l,1
13630,Pabpn1,1
13633,Pacs1,2
13637,Pacsin3,2
13638,Padi2,1
13639,Padi6,1
13646,Pagr1a,1
13652,Pak3,2
13660,Palm3,1
13661,Palmd,1
13663,Pam,2
13665,Pamr1,1
13668,Pank1,1
13669,Pank2,1
13672,Pantr2,1
13673,Panx1,1
13674,Panx2,2
13676,Papola,2
13677,Pappa,1
13681,Paqr5,1
13684,Paqr8,2
13685,Paqr9,2
13687,Pard3b,1
13688,Pard6g,2
13696,Parp12,1
13697,Parp14,1
13701,Parp8,1
13702,Parp9,1
13704,Parva,1
13705,Parvaos,1
13706,Parvb,1
13708,Patj,2
13710,Patl2,1
13713,Pax1,1
13714,Pax6,2
13715,Paxbp1,2
13720,Pbx2,1
13721,Pbx3,1
13723,Pcbd1,1
13727,Pcbp4,2
13729,Pccb,1
13731,Pcdh10,1
13732,Pcdh11x,1
13733,Pcdh12,2
13734,Pcdh15,1
13736,Pcdh18,2
13738,Pcdh20,2
13739,Pcdh7,2
13742,Pcdha11,1
13743,Pcdha12,1
13744,Pcdha5,1
13745,Pcdhac1,1
13746,Pcdhac2,1
13747,Pcdhb11,1
13748,Pcdhb15,1
13749,Pcdhga12,1
13750,Pcdhga7,1
13751,Pcdhgb1,1
13752,Pcdhgc3,1
13753,Pcdhgc4,2
13754,Pcdhgc5,2
13760,Pcgf6,1
13763,Pck2,1
13769,Pcna,1
13770,Pcnp,1
13772,Pcnx,4
13776,Pcolce,1
13777,Pcolce2,1
13778,Pcp2,1
13779,Pcp4,2
13780,Pcp4l1,1
13785,Pcsk2os2,1
13787,Pcsk6,1
13788,Pctp,1
13795,Pdcd1,2
13797,Pdcd2,1
13798,Pdcd2l,1
13802,Pdcd6ip,1
13803,Pdcd7,1
13804,Pdcl,1
13805,Pdcl3,1
13807,Pde11a,2
13812,Pde3a,1
13813,Pde3b,2
13816,Pde4c,1
13818,Pde4dip,2
13820,Pde6b,1
13821,Pde7a,2
13823,Pde8a,1
13825,Pde9a,4
13827,Pdgfa,2
13828,Pdgfb,4
13829,Pdgfc,1
13831,Pdgfra,2
13832,Pdgfrb,1
13833,Pdgfrl,1
13837,Pdia6,1
13838,Pdik1l,1
13840,Pdk2,1
13842,Pdk4,1
13843,Pdlim1,1
13844,Pdlim2,1
13845,Pdlim4,1
13852,Pdrg1,2
13856,Pdss2,1
13857,Pdxdc1,1
13858,Pdxk,1
13859,Pdxk-ps,1
13861,Pdyn,2
13863,Pdzd4,1
13864,Pdzd7,1
13866,Pdzd9,2
13867,Pdzrn3,3
13868,Pdzrn4,1
13869,Pea15a,2
13871,Peak1os,1
13872,Pear1,1
13873,Pebp1,1
13874,Peds1,2
13875,Pef1,1
13876,Peg10,2
13877,Peg13,2
13878,Peg3,1
13882,Pelo,1
13884,Pemt,1
13888,Per2,2
13889,Per3,1
13890,Perm1,2
13891,Perp,1
13893,Pet100,1
13903,Pex26,1
13907,Pf4,1
13909,Pfdn1,1
13911,Pfdn5,1
13912,Pfkfb1,1
13916,Pfkl,1
13919,Pfn1,1
13920,Pfn2,1
13921,Pfn3,1
13929,Pgap6,1
13933,Pgghg,1
13934,Pggt1b,1
13935,Pgk1,1
13943,Pgpep1l,1
13944,Pgr,1
13947,Pgs1,2
13949,Phactr2,1
13951,Phactr4,2
13952,Phaf1,1
13957,Phc3,1
13958,Pheta1,2
13960,Phf10,2
13961,Phf11b,1
13962,Phf11d,1
13963,Phf12,2
13964,Phf13,1
13965,Phf14,2
13966,Phf19,1
13967,Phf2,1
13971,Phf21b,2
13978,Phgdh,1
13983,Phkg1,1
13984,Phkg2,1
13985,Phlda1,1
13986,Phlda3,2
13989,Phlpp1,1
13995,Phyhd1,1
13996,Phyhip,2
13997,Phyhipl,1
13999,Pi16,1
14005,Pias2,1
14009,Picalm,1
14013,Piezo1,4
14014,Piezo2,1
14015,Pif1,1
14016,Pifo,1
14017,Piga,1
14020,Pigg,1
14021,Pigh,1
14022,Pigk,2
14028,Pigq,1
14033,Pigyl,1
14034,Pigz,3
14035,Pih1d1,2
14037,Pik3c2a,1
14038,Pik3c2b,2
14039,Pik3c3,2
14045,Pik3r4,1
14048,Pim2,2
14049,Pim3,1
14052,Pink1,1
14056,Pip4p1,1
14057,Pip4p2,1
14059,Pip5k1bos,1
14061,Pip5kl1,1
14062,Pipox,1
14064,Pira1,1
14065,Pira12,1
14066,Pira13,1
14067,Pirt,1
14069,Pisd-ps1,1
14070,Pisd-ps2,2
14071,Pisd-ps3,1
14076,Pitpnm1,1
14078,Pitpnm2os2,2
14079,Pitpnm3,1
14081,Pitx1,1
14083,Piwil1,1
14084,Piwil2,1
14085,Piwil4,2
14086,Pja1,1
14087,Pja2,1
14089,Pkd1l1,1
14090,Pkd1l2,1
14091,Pkd1l3,1
14093,Pkd2l1,1
14094,Pkd2l2,1
14095,Pkdcc,1
14096,Pkdrej,1
14097,Pkhd1l1,1
14100,Pkm,1
14103,Pkn3,1
14104,Pknox1,1
14105,Pknox2,6
14107,Pkp3,1
14108,Pkp4,3
14109,Pla2g10os,1
14110,Pla2g12a,1
14112,Pla2g1b,1
14113,Pla2g2f,1
14114,Pla2g4c,1
14116,Pla2g5,2
14123,Plac1,1
14124,Plac9,1
14125,Plagl1,1
14128,Platr25,1
14129,Platr27,1
14130,Platr5,1
14131,Platr6,1
14132,Plau,1
14134,Plb1,2
14135,Plbd1,1
14136,Plbd2,1
14137,Plcb1,2
14138,Plcb2,1
14140,Plcb4,2
14142,Plcd3,1
14146,Plch2,4
14148,Plcl2,2
14151,Plcxd3,1
14152,Plcz1,2
14153,Pld1,2
14154,Pld2,1
14156,Pld4,1
14157,Pld5,3
14161,Plekha2,2
14163,Plekha5,4
14165,Plekha7,6
14166,Plekha8,1
14167,Plekhb1,1
14169,Plekhd1,1
14171,Plekhf2,1
14172,Plekhg1,2
14173,Plekhg3,1
14174,Plekhg4,2
14175,Plekhg5,4
14176,Plekhg6,1
14177,Plekhh1,2
14178,Plekhh2,1
14181,Plekhm2,1
14183,Plekhn1,1
14184,Plekho1,2
14186,Plekhs1,2
14187,Plg,1
14190,Plin4,1
14191,Plin5,1
14193,Plk3,1
14195,Plk5,1
14196,Pllp,1
14198,Plod3,1
14199,Plp1,1
14200,Plp2,1
14203,Plpp3,1
14204,Plpp4,1
14206,Plpp7,2
14209,Plppr3,3
14210,Plppr4,1
14214,Pls3,1
14215,Plscr1,1
14218,Pltp,1
14219,Plvap,1
14220,Plxdc1,2
14221,Plxdc2,2
14222,Plxna1,2
14225,Plxna4,1
14229,Plxnb3,1
14231,Plxnd1,1
14234,Pmel,1
14235,Pmepa1,2
14236,Pmepa1os,1
14238,Pml,2
14242,Pms1,1
14245,Pnck,1
14246,Pnisr,1
14249,Pnldc1,2
14250,Pnma1,1
14252,Pnma3,2
14253,Pnma8a,3
14254,Pnma8b,1
14255,Pnma8c,1
14258,Pnp,1
14259,Pnp2,1
14260,Pnpla1,1
14261,Pnpla2,1
14264,Pnpla7,1
14266,Pnpt1,1
14267,Pnrc1,1
14270,Poc1b,1
14272,Podn,2
14273,Podxl,1
14274,Podxl2,2
14275,Pofut1,1
14279,Poglut3,1
14287,Pold4,1
14288,Poldip2,1
14290,Pole2,2
14292,Polg,1
14298,Polq,1
14300,Polr1c,1
14306,Polr2c,1
14307,Polr2d,1
14312,Polr2k,1
14313,Polr2m,1
14321,Polrmt,1
14323,Pomc,1
14324,Pomgnt1,2
14328,Pomt1,1
14329,Pomt2,1
14330,Pon1,1
14331,Pon2,1
14332,Pon3,1
14333,Pop1,2
14338,Porcn,1
14341,Potefam3b,1
14342,Potefam3e,2
14343,Pou2af2,1
14347,Pou3f2,1
14348,Pou3f4,2
14349,Pou4f2,1
14350,Pou4f3,1
14351,Pou5f1,1
14352,Pou6f1,2
14360,Ppargc1b,1
14361,Ppat,1
14362,Ppbp,1
14365,Ppef2,2
14368,Ppfia3,1
14370,Ppfibp1,3
14373,Pphln1-ps1,1
14375,Ppib,1
14376,Ppic,1
14379,Ppif,1
14381,Ppih,1
14382,Ppil1,1
14383,Ppil2,2
14385,Ppil4,1
14386,Ppil6,1
14389,Ppl,2
14390,Ppm1a,1
14397,Ppm1l,2
14403,Ppp1ccb,1
14411,Ppp1r14a,1
14412,Ppp1r14bl,1
14413,Ppp1r14c,3
14414,Ppp1r15a,1
14415,Ppp1r15b,1
14418,Ppp1r1a,1
14420,Ppp1r2,2
14422,Ppp1r26,1
14423,Ppp1r27,1
14424,Ppp1r32,1
14426,Ppp1r36,1
14427,Ppp1r36dn,1
14428,Ppp1r3b,1
14429,Ppp1r3c,2
14430,Ppp1r3e,1
14431,Ppp1r3f,1
14432,Ppp1r3g,2
14433,Ppp1r42,2
14436,Ppp1r9b,4
14438,Ppp2cb,1
14440,Ppp2r1b,2
14443,Ppp2r2c,2
14444,Ppp2r2cos,1
14448,Ppp2r5a,1
14450,Ppp2r5c,2
14451,Ppp2r5d,1
14461,Ppp4r3b,1
14467,Ppp6r3,1
14468,Pprc1,2
14469,Ppt1,1
14470,Ppt2,1
14472,Ppwd1,1
14474,Praf2,1
14476,Pramel12,1
14477,Pramel52-ps,1
14478,Prb1,2
14479,Prc1,1
14482,Prcp,1
14484,Prdm10,3
14485,Prdm11,3
14487,Prdm16,2
14490,Prdm5,1
14491,Prdm6,1
14492,Prdm8,2
14493,Prdm9,1
14496,Prdx3,1
14497,Prdx4,1
14499,Preb,1
14504,Prf1,1
14507,Prickle3,1
14510,Prima1,1
14515,Prkaca,1
14516,Prkacb,1
14519,Prkag3,1
14521,Prkar1b,2
14522,Prkar2a,1
14525,Prkcb,1
14526,Prkce,3
14527,Prkcg,3
14528,Prkch,1
14530,Prkcq,1
14532,Prkd1,1
14533,Prkd2,1
14534,Prkd3,1
14536,Prkg1,2
14541,Prkx,1
14542,Prl2c3,1
14543,Prl7d1,1
14544,Prlh,1
14545,Prlhr,1
14546,Prlr,1
14547,Prm1,1
14552,Prmt6,1
14557,Prob1,1
14559,Prodh2,1
14560,Prok2,1
14561,Prokr1,2
14562,Prokr2,1
14564,Prom2,1
14565,Prop1,1
14566,Prorsd1,1
14567,Pros1,1
14568,Proser2,1
14570,Prox2,2
14571,Prpf18,2
14578,Prpf4b,1
14579,Prpf6,1
14581,Prph,2
14583,Prps2,1
14586,Prr12,1
14587,Prr13,1
14590,Prr15,1
14591,Prr16,2
14594,Prr3,1
14595,Prr30,2
14596,Prr33,1
14599,Prr5l,2
14600,Prr7,1
14601,Prrc1,1
14603,Prrc2b,2
14605,Prrg1,1
14607,Prrg4,2
14608,Prrt1,1
14612,Prrx1,1
14613,Prrx2,1
14614,Prss1,1
14618,Prss27,1
14619,Prss29,1
14620,Prss35,2
14621,Prss36,1
14622,Prss38,1
14623,Prss41,1
14624,Prss44,1
14625,Prss48,1
14626,Prss50,1
14627,Prss52,1
14628,Prss55,1
14629,Prss56,1
14630,Prss57,1
14631,Prtg,1
14632,Prtn3,1
14637,Psap,3
14638,Psapl1,1
14640,Psd,3
14641,Psd2,3
14643,Psd4,2
14647,Psg23,1
14648,Psg25,1
14649,Psg27,1
14652,Psma1,1
14655,Psma4,1
14660,Psmb10,2
14662,Psmb2,1
14663,Psmb3,1
14666,Psmb6,2
14667,Psmb7,1
14668,Psmb9,1
14679,Psmd14,1
14681,Psmd3,1
14684,Psmd6,1
14685,Psmd7,1
14686,Psmd8,1
14687,Psmd9,1
14688,Psme1,1
14689,Psme2,1
14695,Psmg3,1
14699,Psrc1,1
14702,Pstpip2,1
14703,Ptafr,1
14704,Ptar1,1
14706,Ptbp2,1
14708,Ptcd1,1
14711,Ptch1,3
14712,Ptch2,1
14713,Ptchd1,2
14715,Ptcra,1
14717,Pten,1
14718,Pter,1
14719,Ptf1a,1
14720,Ptgdr,1
14724,Ptger3,1
14727,Ptges3l,1
14728,Ptgfr,1
14729,Ptgfrn,1
14730,Ptgir,1
14731,Ptgis,2
14732,Ptgr1,1
14734,Ptgs1,1
14736,Pth1r,1
14737,Pth2,1
14738,Pth2r,3
14741,Ptk6,1
14748,Ptpa,1
14751,Ptpn1,1
14753,Ptpn12,2
14757,Ptpn21,1
14762,Ptpn6,1
14768,Ptprf,2
14772,Ptprm,1
14775,Ptpro,3
14778,Ptprt,1
14780,Ptprz1,1
14784,Ptx3,1
14786,Pum1,2
14790,Purb,2
14791,Pus1,1
14794,Pvalb,2
14795,Pvr,1
14796,Pvrig,1
14799,Pwp2,1
14801,Pwwp2b,2
14803,Pwwp4a,1
14806,Pxk,2
14809,Pxt1,1
14810,Pxylp1,3
14811,Pycard,1
14813,Pycr2,1
14815,Pygl,1
14816,Pygm,1
14817,Pygo1,2
14821,Pyurf,1
14824,Qng1,1
14825,Qpct,1
14826,Qrfpr,1
14827,Qrfprl,1
14828,Qrich1,1
14829,Qrich2,2
14833,Qsox2,1
14838,R3hdml,1
14841,Rab10os,3
14845,Rab11fip4,1
14846,Rab11fip4os1,1
14847,Rab11fip4os2,2
14851,Rab15,2
14853,Rab1a,1
14857,Rab24,2
14858,Rab25,2
14859,Rab26,1
14861,Rab27b,2
14863,Rab29,1
14865,Rab2b,1
14866,Rab30,3
14867,Rab31,2
14869,Rab33a,3
14874,Rab38,1
14875,Rab39,1
14878,Rab3b,4
14880,Rab3d,1
14882,Rab3gap2,1
14883,Rab3il1,2
14886,Rab40c,1
14887,Rab42,1
14891,Rab5a,1
14893,Rab5c,3
14894,Rab6a,1
14897,Rab7b,1
14901,Rab9b,1
14902,Rabac1,1
14904,Rabep2,1
14907,Rabgap1l,3
14911,Rabif,1
14914,Rabl6,1
14916,Rac2,1
14921,Rad21,1
14922,Rad23a,2
14924,Rad50,1
14928,Rad52,1
14929,Rad54l2,1
14934,Raet1d,2
14935,Raet1e,3
14937,Rai1,3
14941,Ralgapa1,1
14944,Ralgds,2
14950,Ramp1,1
14951,Ramp2,2
14952,Ramp3,1
14953,Ran,1
14954,Ranbp17,1
14958,Ranbp9,2
14961,Rap1a,1
14962,Rap1b,1
14963,Rap1gap,3
14964,Rap1gap2,7
14966,Rap2a,1
14967,Rap2b,1
14968,Rap2c,2
14970,Rapgef2,4
14973,Rapgef5,1
14976,Raph1,1
14977,Rapsn,1
14980,Rarg,3
14988,Rasd2,2
14989,Rasef,1
14990,Rasgef1a,3
14995,Rasgrp1,1
14998,Rasgrp4,1
14999,Rasip1,1
15000,Rasl10b,2
15003,Rasl2-9,1
15008,Rassf5,2
15009,Rassf6,2
15010,Rassf7,1
15013,Raver2,2
15016,Rbak,1
15017,Rbbp4,1
15021,Rbbp9,1
15028,Rbks,2
15029,Rbl1,1
15034,Rbm15b,1
15037,Rbm19,1
15040,Rbm24,2
15042,Rbm26,1
15044,Rbm33,1
15048,Rbm4,2
15049,Rbm41,1
15050,Rbm42,1
15052,Rbm44,1
15054,Rbm47,2
15057,Rbm6,1
15060,Rbms1,2
15061,Rbms3,2
15063,Rbmx2,1
15064,Rbmxl1,1
15065,Rbp4,1
15066,Rbp7,1
15067,Rbpj,1
15068,Rbpms,2
15071,Rbx1,1
15072,Rc3h1,1
15076,Rcan3,1
15078,Rcbtb2,1
15081,Rcc2,3
15086,Rcn1,1
15089,Rcor2,2
15090,Rcor3,1
15091,Rcsd1,1
15093,Rd3l,1
15094,Rdh11,2
15097,Rdh19,1
15098,Rdh7,1
15101,Rec114,1
15102,Rec8,1
15106,Recql5,1
15107,Reep1,1
15109,Reep5,1
15115,Rell2,1
15116,Reln,1
15118,Rem2,1
15119,Ren1,1
15121,Repin1,2
15123,Reps2,1
15126,Resp18,1
15128,Retn,1
15131,Retreg3,1
15135,Rexo2,1
15137,Rfc1,1
15138,Rfc2,1
15139,Rfc3,1
15141,Rfesd,1
15144,Rflnb,1
15145,Rfng,1
15146,Rft1,2
15147,Rftn1,1
15148,Rftn2,1
15151,Rfx2,1
15152,Rfx3,1
15155,Rfxank,1
15158,Rgl1,1
15161,Rgmb,1
15163,Rgs11,1
15164,Rgs12,3
15166,Rgs16,1
15167,Rgs17,1
15168,Rgs19,2
15174,Rgs5,1
15177,Rgs7bp,1
15179,Rgsl1,1
15180,Rhbdd1,2
15183,Rhbdf2,1
15185,Rhbdl2,1
15187,Rhbg,1
15188,Rheb,1
15191,Rho,1
15199,Rhog,2
15200,Rhoj,1
15204,Rhou,1
15205,Rhov,1
15206,Rhox4a,1
15207,Rhox8,1
15210,Rian,1
15215,Rictor,1
15216,Rif1,1
15217,Rilp,1
15221,Rimbp3,2
15224,Rimoc1,1
15227,Rims3,2
15230,Rin3,3
15231,Ring1,1
15232,Rinl,1
15234,Riok3,1
15236,Riox2,1
15240,Ripor2,3
15241,Ripor3,1
15242,Rit1,1
15243,Rit2,1
15246,Rlf,1
15251,Rmdn1,1
15253,Rmdn3,1
15255,Rmi2,1
15259,Rmst,1
15263,Rnase1,2
15264,Rnase10,1
15266,Rnase6,2
15269,Rnaseh2b,1
15271,Rnasek,1
15272,Rnasel,1
15277,Rnd3,1
15278,Rnf10,1
15280,Rnf11,1
15282,Rnf112,1
15283,Rnf113a1,1
15284,Rnf113a2,1
15290,Rnf125,1
15291,Rnf126,1
15293,Rnf13,1
15294,Rnf130,1
15296,Rnf138,1
15297,Rnf139,1
15304,Rnf150,1
15305,Rnf152,1
15306,Rnf157,1
15309,Rnf169,2
15310,Rnf180,1
15315,Rnf19b,1
15317,Rnf207,2
15318,Rnf208,1
15325,Rnf222,1
15326,Rnf223,1
15327,Rnf225,1
15328,Rnf227,1
15330,Rnf26,1
15334,Rnf39,1
15336,Rnf43,1
15340,Rnft1,1
15342,Rngtt,1
15344,Rnpc3,1
15346,Rnpepl1,1
15349,Rnu12,1
15352,Rnu6,1
15353,Rny1,1
15355,Robo1,2
15356,Robo2,3
15357,Robo3,2
15358,Robo4,1
15362,Rom1,1
15363,Romo1,1
15364,Ropn1,1
15366,Ror1,2
15367,Ror2,2
15370,Rorc,3
15371,Rp1l1,1
15372,Rp2,1
15374,Rpa1,1
15380,Rpf1,1
15381,Rpf2,1
15384,Rph3a,2
15385,Rph3al,1
15388,Rpl10a,1
15389,Rpl11,1
15390,Rpl12,1
15391,Rpl13,1
15392,Rpl13a,1
15394,Rpl14-ps1,1
15395,Rpl17,1
15396,Rpl17-ps10,1
15401,Rpl22l1,1
15402,Rpl23,1
15403,Rpl23a,1
15408,Rpl27a-ps4,1
15411,Rpl3,1
15412,Rpl30,1
15414,Rpl32,1
15416,Rpl35,1
15421,Rpl37a,1
15425,Rpl5,1
15426,Rpl6l,1
15427,Rpl7,1
15430,Rpl9,1
15433,Rpn1,1
15435,Rpp21,1
15437,Rpp25l,2
15438,Rpp30,1
15443,Rprm,1
15448,Rps15,1
15450,Rps15a-ps4,1
15451,Rps15a-ps5,1
15453,Rps17,2
15454,Rps18-ps4,1
15455,Rps19,1
15460,Rps25,1
15461,Rps26,1
15462,Rps27,1
15466,Rps4l,1
15467,Rps4x,1
15468,Rps5,1
15469,Rps6,1
15470,Rps6ka1,1
15471,Rps6ka2,2
15473,Rps6ka4,1
15481,Rps8,1
15482,Rps9,1
15484,Rptn,1
15485,Rptor,3
15488,Rpusd4,1
15497,Rreb1,4
15499,Rrm2,1
15504,Rrp12,1
15508,Rrp7a,2
15513,Rsbn1,1
15515,Rsc1a1,2
15518,Rskr,1
15521,Rsph1,1
15524,Rsph4a,1
15527,Rspo2,1
15528,Rspo3,3
15530,Rsrc2,1
15534,Rtcb,1
15539,Rtl4,2
15542,Rtl8a,1
15543,Rtl8b,1
15545,Rtl9,1
15550,Rtn4r,2
15552,Rtn4rl2,2
15553,Rtp2,1
15554,Rtp4,1
15555,Rtraf,1
15564,Runx1,1
15566,Runx2,2
15567,Runx2os3,1
15568,Runx3,1
15571,Rusf1,1
15578,Rxfp2,1
15579,Rxfp3,2
15580,Rxra,2
15582,Rxrg,1
15587,Ryr3,1
15588,S100a1,1
15590,S100a11,1
15591,S100a14,1
15594,S100a4,1
15595,S100a6,1
15596,S100a6-s100a7a,1
15601,S1pr5,1
15602,Saa4,1
15603,Saal1,1
15607,Sae1,1
15609,Sag,1
15611,Sall2,2
15612,Samd1,1
15616,Samd14,1
15617,Samd4,2
15618,Samd4b,1
15620,Samd8,1
15622,Samm50,1
15627,Sar1a,1
15632,Sars,1
15634,Sart1,1
15639,Satb1,4
15640,Satb2,3
15641,Sav1,2
15642,Saxo1,2
15645,Sbds,1
15647,Sbf2,2
15648,Sbk1,3
15650,Sbk3,1
15653,Sbp,2
15654,Sbpl,1
15655,Sbspon,1
15657,Scaf11,2
15661,Scamp1,2
15666,Scand1,1
15669,Scara5,1
15670,Scarb1,2
15673,Scart1,1
15677,Scd3,1
15678,Scd4,1
15679,Scel,1
15683,Scg5,1
15684,Scgb1a1,1
15685,Scgb1b12,1
15686,Scgb1b24,1
15687,Scgb1b7,1
15688,Scgb2b10,1
15689,Scgb2b30,1
15690,Scgb3a1,1
15692,Scimp,1
15695,Scmh1,1
15696,Scml2,1
15699,Scn1b,1
15700,Scn2a,2
15701,Scn2b,1
15703,Scn4a,1
15704,Scn5a,2
15705,Scn8a,3
15707,Scnm1,1
15712,Scrib,1
15716,Scrt1,2
15717,Scrt2,1
15718,Sctr,2
15719,Scube1,1
15720,Scube2,1
15721,Scx,1
15722,Scyl1,1
15725,Sdad1,1
15727,Sdc3,5
15730,Sdcbp2,1
15731,Sdccag8,1
15732,Sde2,1
15738,Sdhb,1
15739,Sdhc,1
15740,Sdk1,1
15741,Sdk2,4
15742,Sdr16c5,3
15743,Sdr39u1,1
15744,Sdr42e1,1
15745,Sdsl,1
15748,Sec11c,1
15749,Sec13,1
15750,Sec14l1,2
15760,Sec24a,1
15761,Sec24b,1
15763,Sec24d,2
15765,Sec61a1,2
15768,Sec61g,1
15769,Sec62,1
15771,Secisbp2,1
15773,Sectm1a,3
15776,Sel1l3,2
15777,Selenbp1,1
15778,Selenof,1
15787,Selenov,1
15789,Selplg,2
15790,Sem1,1
15792,Sema3c,1
15794,Sema3e,1
15796,Sema3g,2
15802,Sema4g,2
15803,Sema5b,1
15804,Sema6a,2
15811,Senp3,1
15813,Senp6,1
15818,Septin1,1
15820,Septin3,2
15822,Septin5,1
15825,Septin8,3
15826,Septin9,4
15828,Serbp1,1
15830,Sergef,1
15832,Serinc2,2
15834,Serinc5,1
15836,Serp2,1
15837,Serpina11,1
15838,Serpina12,1
15839,Serpina1a,1
15840,Serpina1d,1
15841,Serpina1e,2
15842,Serpina3h,1
15843,Serpina3i,1
15844,Serpina3j,1
15846,Serpina4-ps1,1
15847,Serpina6,1
15848,Serpina9,2
15849,Serpinb1a,1
15850,Serpinb1b,1
15851,Serpinb1c,1
15852,Serpinb3c,1
15853,Serpinb6b,2
15856,Serpind1,1
15858,Serpine2,2
15859,Serpinf2,1
15860,Serpini1,1
15863,Sertad3,2
15869,Set,2
15871,Setd1a,2
15873,Setd3,1
15874,Setd4,2
15875,Setd6,3
15876,Setd7,1
15877,Setdb1,1
15880,Sez6,1
15881,Sez6l,2
15882,Sf3a1,1
15885,Sf3b2,1
15886,Sf3b4,1
15887,Sf3b5,1
15889,Sfi1,3
15890,Sfmbt1,1
15891,Sfmbt2,2
15892,Sfn,1
15894,Sfr1,1
15896,Sfrp2,2
15897,Sfrp4,1
15901,Sft2d3,1
15904,Sfxn3,1
15910,Sgcz,4
15914,Sgk3,2
15918,Sgo2a,1
15919,Sgo2b,1
15920,Sgpl1,1
15922,Sgpp2,1
15923,Sgsm1,2
15924,Sgsm2,2
15930,Sh2d1b1,1
15931,Sh2d2a,1
15933,Sh2d4a,2
15934,Sh2d4b,2
15937,Sh2d7,1
15939,Sh3bgrl3,2
15940,Sh3bp1,1
15947,Sh3gl2,1
15948,Sh3gl3,1
15950,Sh3glb2,2
15954,Sh3rf2,1
15955,Sh3rf3,3
15956,Sh3tc1,2
15957,Sh3tc2,1
15958,Sh3yl1,1
15959,Shank1,7
15961,Shank3,3
15964,Shc2,1
15965,Shc3,2
15966,Shcbp1,1
15968,Shd,1
15970,Shfl,1
15972,Shisa2,1
15973,Shisa4,2
15977,Shisa8,1
15978,Shisa9,1
15979,Shisal1,1
15985,Shmt2,1
15988,Shprh,1
15990,Shroom1,2
15991,Shroom2,1
15992,Shroom3,4
15993,Shroom4,1
15994,Shtn1,1
15996,Siah1a,1
15999,Siah3,1
16000,Sidt1,2
16002,Siglec15,2
16003,Siglece,1
16005,Sigmar1,1
16006,Sik1,1
16008,Sik3,1
16009,Sike1,1
16012,Sim1,1
16013,Sin3a,2
16014,Sin3b,1
16016,Sipa1,1
16019,Sirpa,2
16026,Six1,1
16027,Six5,1
16028,Ska1,1
16032,Ski,1
16036,Skil,1
16038,Sla2,2
16041,Slamf1,2
16042,Slamf6,2
16043,Slamf8,1
16045,Slc10a6,1
16046,Slc11a1,1
16047,Slc11a2,2
16048,Slc12a1,1
16049,Slc12a2,2
16050,Slc12a5,4
16051,Slc12a6,2
16052,Slc12a7,2
16053,Slc12a8,2
16054,Slc12a9,3
16056,Slc13a4,1
16058,Slc14a1,3
16060,Slc16a1,1
16062,Slc16a11,1
16063,Slc16a12,1
16067,Slc16a3,1
16068,Slc16a6,2
16070,Slc16a9,1
16071,Slc17a1,1
16074,Slc17a7,1
16076,Slc18a2,1
16077,Slc18b1,2
16084,Slc1a4,1
16085,Slc1a5,1
16087,Slc1a7,2
16088,Slc20a1,2
16090,Slc22a1,1
16091,Slc22a12,1
16092,Slc22a13,1
16093,Slc22a13b,1
16095,Slc22a17,1
16096,Slc22a2,1
16097,Slc22a23,3
16098,Slc22a29,1
16099,Slc22a3,1
16100,Slc22a4,1
16102,Slc22a7,1
16104,Slc23a1,2
16106,Slc23a3,1
16107,Slc24a1,2
16108,Slc24a2,1
16109,Slc24a3,2
16110,Slc24a4,1
16111,Slc24a5,1
16112,Slc25a1,1
16113,Slc25a10,2
16114,Slc25a11,1
16116,Slc25a13,1
16119,Slc25a16,1
16120,Slc25a17,1
16121,Slc25a18,2
16123,Slc25a20,1
16124,Slc25a21,1
16125,Slc25a22,2
16126,Slc25a23,1
16127,Slc25a24,1
16128,Slc25a25,4
16131,Slc25a28,1
16132,Slc25a29,1
16136,Slc25a33,1
16140,Slc25a38,3
16143,Slc25a40,1
16144,Slc25a41,1
16145,Slc25a42,1
16146,Slc25a43,1
16148,Slc25a45,1
16150,Slc25a48,2
16154,Slc26a1,1
16155,Slc26a10,2
16159,Slc26a6,1
16160,Slc26a8,2
16162,Slc27a2,1
16163,Slc27a3,1
16165,Slc27a6,1
16166,Slc28a1,1
16167,Slc28a3,1
16172,Slc2a10,1
16173,Slc2a12,1
16175,Slc2a2,2
16178,Slc2a4rg-ps,1
16179,Slc2a5,1
16182,Slc2a9,1
16183,Slc30a1,1
16185,Slc30a3,2
16194,Slc34a2,1
16195,Slc35a1,1
16198,Slc35a5,1
16200,Slc35b2,2
16201,Slc35b4,1
16202,Slc35c1,1
16203,Slc35c2,2
16205,Slc35d2,1
16206,Slc35d3,1
16210,Slc35e4,1
16211,Slc35f1,1
16214,Slc35f4,1
16217,Slc35g1,1
16218,Slc35g2,2
16220,Slc36a1os,1
16221,Slc36a2,2
16222,Slc36a3,1
16225,Slc37a2,1
16228,Slc38a1,1
16230,Slc38a11,1
16231,Slc38a2,2
16232,Slc38a4,1
16242,Slc39a2,1
16248,Slc40a1,1
16249,Slc41a1,1
16253,Slc43a3,1
16254,Slc44a1,1
16257,Slc45a1,1
16258,Slc45a3,2
16262,Slc47a1,1
16264,Slc49a3,1
16267,Slc4a11,1
16270,Slc4a3,1
16272,Slc4a7,1
16274,Slc4a9,1
16277,Slc5a1,1
16278,Slc5a10,1
16280,Slc5a2,1
16282,Slc5a5,1
16284,Slc5a7,1
16285,Slc5a8,1
16288,Slc6a1,2
16289,Slc6a11,1
16290,Slc6a12,1
16291,Slc6a13,2
16294,Slc6a18,1
16295,Slc6a19,1
16296,Slc6a2,1
16297,Slc6a3,1
16298,Slc6a4,1
16300,Slc6a7,2
16302,Slc7a1,1
16303,Slc7a10,1
16304,Slc7a14,1
16305,Slc7a15,2
16309,Slc7a6os,1
16310,Slc7a7,1
16311,Slc7a8,3
16312,Slc7a9,1
16313,Slc8a1,2
16317,Slc9a1,2
16318,Slc9a2,1
16319,Slc9a3,2
16320,Slc9a5,1
16325,Slc9b2,2
16326,Slco1c1,1
16327,Slco2a1,1
16328,Slco2b1,2
16330,Slco4a1,1
16332,Slco5a1,2
16334,Slfn8,1
16335,Slfnl1,1
16336,Slit1,1
16337,Slit2,1
16338,Slit3,1
16339,Slitrk1,1
16341,Slitrk3,2
16342,Slitrk4,2
16343,Slk,1
16345,Slpi,1
16348,Slurp2,1
16350,Slx4ip,1
16352,Smad2,1
16355,Smad6,1
16357,Smad9,2
16358,Smap1,1
16361,Smarca2,3
16368,Smarcc2,2
16372,Smarce1,1
16373,Smbd1,1
16374,Smc1b,1
16376,Smc3,1
16381,Smco3,1
16384,Smg1,1
16388,Smg8,1
16390,Smim1,1
16391,Smim10l1,1
16394,Smim12,1
16397,Smim17,1
16403,Smim30,1
16404,Smim32,2
16405,Smim34,1
16407,Smim38,1
16408,Smim39,1
16411,Smim5,1
16412,Smim7,1
16414,Smkr-ps,1
16415,Smn1,1
16418,Smoc2,1
16420,Smok2b,1
16425,Smpd4,3
16426,Smpd5,1
16429,Smtn,2
16430,Smtnl2,1
16433,Smurf1,2
16435,Smyd2,2
16436,Smyd3,1
16438,Snai1,1
16439,Snai2,1
16440,Snai3,1
16443,Snap47,1
16448,Snapc4,1
16452,Sncaip,1
16454,Sncg,1
16455,Snd1,1
16456,Sned1,1
16457,Snf8,1
16460,Snhg14,1
16462,Snhg16,1
16463,Snhg17,1
16470,Snhg8,1
16473,Snora31,1
16474,Snora34,1
16475,Snora44,1
16476,Snora62,1
16477,Snorc,1
16478,Snord116l10,1
16479,Snord116l16,2
16480,Snord118,1
16481,Snord2,1
16483,Snord3a,1
16488,Snord53,1
16489,Snord57,1
16490,Snord65,1
16491,Snord85,1
16492,Snph,1
16494,Snrnp200,1
16497,Snrnp48,1
16500,Snrpa1,1
16501,Snrpb,1
16502,Snrpb2,1
16503,Snrpc,1
16507,Snrpn,1
16509,Sntb1,1
16510,Sntb2,1
16512,Sntg2,1
16513,Snu13,1
16517,Snx10,2
16521,Snx14,1
16522,Snx15,1
16525,Snx19,1
16528,Snx22,1
16531,Snx27,1
16535,Snx31,1
16542,Snx9,4
16544,Sobp,1
16553,Sod3,1
16554,Soga3,1
16555,Sohlh2,1
16560,Sorcs2,2
16561,Sorcs3,1
16566,Sos2,1
16567,Sost,1
16568,Sowaha,2
16571,Sox1,1
16572,Sox11,1
16573,Sox12,2
16574,Sox13,1
16575,Sox15,1
16576,Sox17,1
16577,Sox18,2
16578,Sox1ot,2
16579,Sox2,1
16580,Sox3,1
16584,Sox6os,1
16585,Sox7,1
16586,Sox8,2
16588,Sp1,1
16589,Sp100,1
16594,Sp6,1
16595,Sp7,1
16596,Sp8,2
16597,Sp9,2
16599,Spaca1,1
16601,Spaca9,1
16604,Spag16,1
16605,Spag4,1
16606,Spag6,1
16607,Spag6l,1
16609,Spag8,1
16612,Sparcl1,2
16616,Spata13,2
16618,Spata18,1
16620,Spata20,1
16621,Spata21,1
16623,Spata3,1
16624,Spata31d1a,2
16628,Spata46,1
16629,Spata48,1
16633,Spata7,1
16634,Spatc1,2
16636,Spats2,1
16639,Spc25,1
16642,Spdef,1
16645,Spdye4a,1
16648,Speer4c,1
16649,Speer4d,1
16650,Speer4e,1
16651,Speer5-ps1,1
16652,Speer6-ps1,1
16655,Spef2,1
16657,Spem1,1
16659,Spesp1,1
16662,Sphk1,2
16664,Sphkap,2
16665,Spi1,2
16667,Spin1,2
16668,Spin2c,1
16670,Spink4,2
16671,Spink8,1
16672,Spint1,1
16675,Spire2,2
16677,Spns1,1
16678,Spns2,2
16679,Spns3,2
16680,Spo11,2
16688,Spp1,1
16691,Spr,1
16692,Spred1,1
16696,Sprr1a,1
16697,Sprr2b,1
16698,Sprr2e,1
16700,Spry1,1
16701,Spry2,1
16702,Spry4,1
16704,Spryd4,2
16708,Spsb3,1
16709,Spsb4,2
16711,Sptb,2
16713,Sptbn2,3
16715,Sptlc1,1
16716,Sptlc2,1
16718,Sptssb,1
16719,Spty2d1,1
16720,Sqle,1
16721,Sqor,1
16723,Sra1,2
16724,Srarp,1
16728,Srd5a1,1
16729,Srd5a2,1
16731,Srebf1,2
16734,Srf,2
16735,Srfbp1,1
16742,Sros1,1
16743,Srp14,1
16749,Srp9,1
16750,Srpk1,1
16758,Srrm4os,1
16759,Srrt,2
16763,Srsf12,1
16766,Srsf5,1
16768,Srsf7,1
16769,Srsf9,1
16774,Ssb,1
16777,Ssbp3,4
16780,Ssh1,2
16784,Sspn,1
16785,Sspo,1
16790,Sst,1
16791,Sstr1,2
16793,Sstr3,4
16795,Ssu72,1
16798,St14,2
16799,St18,1
16800,St3gal1,1
16803,St3gal4,2
16811,St6galnac5,1
16812,St6galnac6,1
16814,St7l,1
16816,St8sia2,2
16817,St8sia3,2
16818,St8sia3os,1
16820,St8sia5,1
16821,St8sia6,1
16822,Stab1,1
16824,Stac,2
16825,Stac2,2
16826,Stac3,1
16828,Stag2,4
16831,Stambp,1
16834,Stap2,1
16835,Star,1
16840,Stard4,1
16846,Stat2,1
16848,Stat5a,1
16849,Stat5b,1
16850,Stat6,3
16851,Stau1,1
16854,Stc1,2
16855,Stc2,1
16856,Steap1,1
16860,Stim1,1
16863,Sting1,1
16865,Stk-ps2,1
16866,Stk10,1
16867,Stk11,1
16871,Stk24,3
16874,Stk32a,1
16877,Stk33,1
16878,Stk35,1
16884,Stk40,1
16885,Stkld1,1
16886,Stmn1,1
16889,Stmn3,1
16891,Stmnd1,1
16895,Stoml1,1
16899,Stox1,1
16901,Stpg1,1
16902,Stpg2,1
16903,Stpg4,1
16904,Stra6,4
16905,Stra6l,1
16908,Strap,1
16909,Strbp,2
16912,Strn,1
16913,Strn3,1
16914,Strn4,1
16916,Stt3b,1
16917,Stub1,1
16920,Stx12,1
16921,Stx16,2
16922,Stx17,2
16926,Stx3,2
16927,Stx4a,1
16932,Stxbp1,1
16935,Stxbp4,1
16936,Stxbp5,1
16941,Sucla2,1
16948,Sugp2,1
16951,Sulf2,3
16952,Sult1a1,1
16954,Sult4a1,1
16955,Sult5a1,1
16957,Sumf2,1
16959,Sumo2,1
16962,Sun2,1
16967,Supt3,1
16968,Supt4a,1
16970,Supt6,1
16972,Surf1,1
16974,Susd1,1
16975,Susd2,1
16976,Susd3,1
16982,Sv2a,2
16985,Svil,2
16986,Svip,1
16988,Svopl,1
16990,Swsap1,2
16991,Swt1,1
16992,Syap1,1
16994,Syce1,1
16995,Syce3,1
16997,Sycp3,1
16998,Syde1,2
16999,Syde2,1
17001,Syk,3
17002,Sympk,1
17003,Syn1,1
17004,Syn2,2
17005,Syn3,1
17006,Sync,1
17008,Syndig1,1
17009,Syndig1l,2
17014,Syngr1,4
17015,Syngr2,1
17020,Synpo,9
17027,Syt10,1
17028,Syt11,2
17030,Syt13,1
17032,Syt15,1
17033,Syt16,1
17034,Syt17,3
17035,Syt2,4
17038,Syt5,1
17039,Syt6,1
17041,Syt9,1
17042,Sytl1,2
17044,Sytl3,2
17047,T2,3
17048,Taar4,1
17049,Taar8b,1
17053,Tac1,2
17054,Tac2,2
17059,Taco1os,1
17060,Tacr1,2
17061,Tacr2,2
17062,Tacr3,1
17063,Tacstd2,2
17069,Taf11,1
17072,Taf15,1
17075,Taf1c,1
17077,Taf3,2
17078,Taf4,1
17080,Taf5,1
17081,Taf5l,1
17083,Taf7,1
17086,Tafa1,1
17087,Tafa2,1
17088,Tafa5,4
17091,Tagln,2
17092,Tagln2,1
17094,Tal1,1
17095,Taldo1,2
17096,Tamalin,1
17097,Tamm41,1
17101,Tango6,1
17106,Tap2,2
17114,Tas1r3,1
17115,Tas2r107,1
17116,Tas2r138,1
17117,Tasor,1
17120,Tat,1
17126,Tbata,1
17129,Tbc1d10b,2
17133,Tbc1d15,1
17141,Tbc1d2b,1
17142,Tbc1d30,4
17146,Tbc1d5,2
17150,Tbc1d9,3
17152,Tbca,1
17153,Tbcc,1
17154,Tbccd1,2
17156,Tbce,1
17160,Tbkbp1,1
17168,Tbx1,1
17169,Tbx18,3
17172,Tbx6,2
17173,Tbxa2r,2
17174,Tbxas1,1
17175,Tc2n,1
17177,Tcaf2,1
17179,Tcam1,1
17180,Tcap,1
17182,Tcea2,1
17183,Tcea3,1
17185,Tceal5,1
17186,Tceal6,1
17187,Tceal8,1
17188,Tceanc,1
17189,Tceanc2,1
17191,Tcerg1l,1
17192,Tcf12,1
17193,Tcf19,1
17195,Tcf23,1
17196,Tcf25,1
17199,Tcf7,1
17200,Tcf7l1,2
17201,Tcf7l2,1
17202,Tcim,1
17203,Tcl1b2,1
17204,Tcn2,1
17206,Tcp1,1
17207,Tcp10c,1
17215,Tdp2,1
17216,Tdpoz5,1
17217,Tdrd12,1
17219,Tdrd5,1
17221,Tdrd9,3
17224,Tead1,1
17226,Tead4,1
17231,Tedc1,1
17235,Tekt2,1
17237,Tektip1,1
17245,Tent4a,1
17247,Tent5a,2
17248,Tent5b,1
17249,Tent5c,2
17250,Terb1,1
17252,Terf2,1
17254,Tert,2
17256,Tesc,1
17260,Tet1,3
17261,Tet2,1
17262,Tet3,3
17263,Tex10,1
17264,Tex15,1
17265,Tex19.1,1
17266,Tex19.2,1
17271,Tex29,1
17273,Tex33,2
17274,Tex37,1
17275,Tex38,1
17276,Tex43,1
17277,Tex44,1
17278,Tex45,1
17279,Tex52,2
17280,Tex53,1
17283,Tfap2c,1
17287,Tfcp2l1,1
17292,Tff3,1
17295,Tfpi,1
17296,Tfpi2,1
17297,Tfpt,1
17299,Tg,3
17303,Tgfb2,2
17304,Tgfb3,3
17306,Tgfbr2,1
17307,Tgfbr3,1
17310,Tgif2,1
17311,Tgm1,1
17312,Tgm6,1
17313,Tgm7,1
17314,Tgoln1,1
17315,Th,1
17317,Thada,1
17318,Thap1,1
17321,Thap3,1
17324,Thbs1,1
17325,Thbs3,1
17327,Them4,1
17329,Them7,1
17332,Thnsl2,1
17334,Thoc2,1
17335,Thoc2l,2
17337,Thoc5,1
17343,Thrsp,2
17346,Thsd7a,1
17347,Thsd7b,1
17348,Thtpa,1
17351,Thy1,2
17356,Tiam2,3
17358,Ticam2,2
17365,Tigd5,1
17366,Tigit,2
17367,Timd2,1
17368,Timd4,1
17372,Timm13,2
17374,Timm21,1
17377,Timm44,1
17383,Timp1,1
17386,Timp4,2
17387,Tinagl1,3
17393,Tjap1,2
17396,Tk1,1
17401,Tlcd3a,1
17402,Tlcd3b,1
17403,Tlcd4,2
17404,Tlcd5,1
17409,Tle5,1
17411,Tle7,1
17414,Tll1,1
17418,Tlr12,1
17419,Tlr3,1
17420,Tlr4,1
17421,Tlr5,1
17422,Tlr6,1
17423,Tlx3,2
17424,Tm2d1,1
17427,Tm4sf19,2
17428,Tm4sf4,1
17429,Tm4sf5,1
17431,Tm6sf2,1
17432,Tm7sf2,1
17441,Tmc2,1
17442,Tmc3,1
17443,Tmc4,1
17445,Tmc7,2
17452,Tmdd1,1
17455,Tmed10-ps,1
17462,Tmeff1,2
17465,Tmem101,1
17468,Tmem107,1
17470,Tmem109,2
17472,Tmem114,1
17475,Tmem117,2
17476,Tmem120a,1
17478,Tmem121,1
17483,Tmem128,1
17484,Tmem129,1
17486,Tmem131,1
17487,Tmem131l,1
17489,Tmem132b,2
17491,Tmem132cos,1
17492,Tmem132d,1
17493,Tmem132e,2
17497,Tmem140,1
17499,Tmem143,1
17500,Tmem144,4
17501,Tmem145,2
17502,Tmem147,1
17505,Tmem150a,1
17506,Tmem150c,1
17507,Tmem150cos,1
17508,Tmem151a,1
17510,Tmem154,1
17511,Tmem158,1
17512,Tmem160,1
17514,Tmem163,3
17517,Tmem167,1
17521,Tmem17,1
17523,Tmem174,1
17526,Tmem178,2
17527,Tmem178b,3
17531,Tmem181b-ps,1
17532,Tmem181c-ps,2
17533,Tmem183a,1
17534,Tmem184a,2
17535,Tmem184b,5
17537,Tmem185a,1
17541,Tmem190,2
17542,Tmem191,1
17546,Tmem200a,2
17547,Tmem200c,1
17549,Tmem204,1
17552,Tmem213,1
17553,Tmem214,1
17554,Tmem215,3
17556,Tmem217,1
17561,Tmem223,1
17562,Tmem229a,1
17566,Tmem232,1
17567,Tmem234,1
17569,Tmem238,1
17570,Tmem239,1
17571,Tmem240,2
17574,Tmem243,1
17575,Tmem245,2
17576,Tmem248,2
17580,Tmem252,1
17583,Tmem259,1
17585,Tmem263,1
17586,Tmem265,2
17587,Tmem266,1
17589,Tmem270,2
17590,Tmem274,1
17591,Tmem275,1
17594,Tmem33,1
17595,Tmem35a,1
17596,Tmem35b,1
17597,Tmem37,1
17598,Tmem38a,1
17600,Tmem39a,1
17607,Tmem47,1
17609,Tmem50b,1
17610,Tmem51,2
17612,Tmem54,2
17613,Tmem59l,1
17614,Tmem60,1
17616,Tmem62,1
17617,Tmem63a,1
17618,Tmem63b,1
17622,Tmem67,2
17623,Tmem68,1
17626,Tmem74b,1
17627,Tmem82,1
17628,Tmem86a,1
17629,Tmem86b,1
17630,Tmem87a,1
17631,Tmem87b,1
17632,Tmem88,1
17633,Tmem88b,1
17634,Tmem89,1
17637,Tmem91,2
17638,Tmem92,1
17640,Tmem95,1
17642,Tmem98,2
17643,Tmem9b,1
17650,Tmprss13,1
17651,Tmprss3,1
17652,Tmprss7,3
17654,Tmsb15b1,1
17656,Tmtc1,2
17669,Tnfaip8l2,1
17670,Tnfaip8l3,2
17671,Tnfrsf11a,2
17674,Tnfrsf14,1
17675,Tnfrsf17,1
17676,Tnfrsf18,1
17677,Tnfrsf19,2
17678,Tnfrsf21,1
17679,Tnfrsf22,1
17680,Tnfrsf25,2
17682,Tnfrsf8,1
17683,Tnfrsf9,2
17684,Tnfsf12,1
17685,Tnfsf13b,2
17686,Tnfsf14,1
17687,Tnfsf8,1
17689,Tnip1,2
17692,Tnks,1
17695,Tnni1,1
17696,Tnni3,1
17697,Tnnt1,2
17704,Tnrc6b,4
17707,Tns2,2
17709,Tns4,1
17710,Tnxb,2
17712,Tob2,2
17714,Togaram2,2
17717,Tom1l1,1
17723,Tomm5,1
17727,Top1,2
17728,Top1mt,2
17730,Top2b,1
17732,Top3b,1
17733,Topbp1,1
17734,Topors,1
17735,Tor1a,1
17738,Tor2a,2
17739,Tor3a,1
17740,Tor4a,2
17741,Tox,2
17742,Tox2,2
17743,Tpbg,1
17744,Tpbgl,1
17746,Tpcn2,1
17749,Tpd52l2,1
17751,Tph1,1
17755,Tpm2,1
17757,Tpm4,1
17758,Tpmt,1
17762,Tprgl,2
17763,Tprkb,1
17765,Tpsb2,2
17769,Tpx2,2
17772,Trabd2b,2
17774,Traf3,2
17776,Traf3ip2,1
17777,Traf3ip3,1
17778,Traf5,3
17779,Traf6,1
17782,Traip,2
17784,Tram1,1
17789,Trappc10,1
17790,Trappc12,2
17791,Trappc2,1
17793,Trappc3l,1
17794,Trappc6a,1
17796,Trappc8,1
17799,Trdmt1,1
17800,Trem1,1
17801,Trem2,1
17802,Treml2,1
17807,Trhr2,1
17809,Trib1,1
17811,Trib3,1
17813,Trim13,2
17818,Trim21,1
17821,Trim25,1
17824,Trim28,1
17825,Trim29,1
17827,Trim31,1
17829,Trim33,1
17830,Trim35,1
17831,Trim36,2
17832,Trim37,1
17834,Trim41,1
17835,Trim42,2
17837,Trim45,1
17839,Trim47,1
17840,Trim54,1
17841,Trim56,1
17842,Trim59,1
17843,Trim62,1
17844,Trim65,1
17846,Trim67,2
17847,Trim68,1
17848,Trim69,1
17850,Trim71,2
17852,Trim8,3
17854,Trio,3
17858,Trip6,1
17861,Trit1,1
17865,Trmt10b,1
17869,Trmt12,1
17879,Trnp1,3
17892,Trp53tg5,1
17893,Trp73,2
17895,Trpc2,1
17897,Trpc4,1
17899,Trpc6,1
17900,Trpm1,2
17903,Trpm4,1
17904,Trpm5,1
17909,Trpv2,1
17910,Trpv3,2
17911,Trpv4,1
17912,Trpv6,2
17913,Trrap,1
17915,Try4,1
17916,Tsacc,1
17919,Tsc2,2
17921,Tsc22d2,2
17926,Tsg101,1
17928,Tsga10ip,1
17929,Tshr,1
17932,Tshz3,3
17934,Tslp,2
17935,Tsn,1
17937,Tsnaxip1,1
17938,Tspan1,1
17939,Tspan11,1
17940,Tspan12,1
17943,Tspan15,1
17947,Tspan3,1
17949,Tspan32,1
17950,Tspan33,1
17955,Tspo,1
17961,Tsr2,1
17963,Tstd1,1
17964,Tstd2,1
17965,Ttbk1,2
17968,Ttc12,2
17973,Ttc22,2
17974,Ttc23l,2
17975,Ttc27,1
17976,Ttc29,1
17977,Ttc32,1
17979,Ttc34,1
17980,Ttc38,1
17985,Ttc5,1
17986,Ttc7,1
17987,Ttc7b,2
17989,Ttc9,1
17990,Ttc9b,1
17992,Ttf2,2
17993,Tti1,1
17994,Tti2,2
17996,Ttll1,2
17997,Ttll11,2
18001,Ttll4,1
18004,Ttll8,1
18007,Ttpal,2
18010,Tub,2
18012,Tuba1b,1
18013,Tuba1c,1
18015,Tuba3b,1
18016,Tuba4a,1
18019,Tubb2a-ps2,1
18020,Tubb2b,1
18021,Tubb3,2
18022,Tubb4a,1
18023,Tubb4b,1
18024,Tubb5,2
18025,Tubb6,1
18028,Tubgcp3,1
18030,Tubgcp6,3
18031,Tufm,1
18035,Tunar,1
18038,Tusc3,2
18039,Tut1,1
18041,Tut7,1
18042,Tvp23a,2
18044,Tvp23bos,1
18048,Twist2,1
18055,Txndc15,1
18057,Txndc17,1
18058,Txndc2,2
18061,Txnip,2
18064,Txnrd2,1
18065,Txnrd3,1
18067,Tyms,1
18069,Tyrobp,1
18071,Tyw1,1
18072,Tyw3,1
18075,U2af1l4,1
18078,U90926,1
18091,Ubap2,1
18093,Ubash3b,5
18098,Ube2c,1
18100,Ube2d-ps,1
18110,Ube2l3,1
18114,Ube2o,1
18116,Ube2ql1,2
18117,Ube2r2,1
18118,Ube2s,2
18125,Ube3c,1
18128,Ube4bos3,1
18130,Ubiad1,1
18132,Ubl4a,1
18133,Ubl5,1
18136,Ubn1,1
18137,Ubn2,2
18138,Ubp1,2
18139,Ubqln1,1
18142,Ubqln5,1
18145,Ubr3,1
18148,Ubtd1,1
18149,Ubtd2,1
18156,Ubxn4,1
18160,Uchl1os,1
18162,Uck1,1
18163,Uck2,1
18164,Uckl1,2
18165,Ucma,1
18168,Ufc1,1
18171,Ufm1,1
18178,Ugt1a1,2
18179,Ugt8a,1
18180,Uhmk1,1
18182,Uhrf2,1
18187,Ulk4,1
18189,Umod,1
18190,Umps,1
18191,Unc119,1
18192,Unc119b,2
18193,Unc13a,1
18197,Unc5a,3
18198,Unc5b,1
18199,Unc5c,1
18202,Unc80,1
18204,Unc93b1,1
18205,Uncx,1
18206,Ung,1
18209,Upb1,1
18212,Upf3a,1
18213,Upf3b,1
18214,Upk2,2
18215,Upk3b,1
18216,Upk3bl,1
18218,Uprt,1
18222,Uqcc4,1
18224,Uqcc6,1
18230,Uqcrfs1,1
18231,Urah,1
18232,Urb1,1
18236,Urod,1
18241,Usf2,2
18243,Ush2a,1
18244,Usp1,1
18246,Usp11,1
18247,Usp12,1
18248,Usp13,1
18252,Usp17le,2
18256,Usp20,1
18261,Usp27x,1
18263,Usp30,2
18270,Usp4,1
18272,Usp43,3
18274,Usp46,1
18275,Usp47,1
18277,Usp49,1
18279,Usp51,1
18282,Usp6nl,2
18286,Ust,1
18294,Utrn,6
18295,Uts2,1
18299,Uxt,1
18300,Vac14,1
18302,Vamp2,1
18307,Vangl1,1
18310,Vapb,1
18315,Vasp,2
18316,Vat1,1
18317,Vat1l,1
18318,Vaultrc5,1
18319,Vav1,2
18321,Vax1,1
18322,Vax2os,1
18323,Vbp1,1
18324,Vcam1,1
18329,Vcpkmt,1
18330,Vdac1,1
18331,Vdac2,1
18334,Vegfa,2
18335,Vegfb,2
18336,Vegfc,1
18337,Vezf1,1
18340,Vgll2,1
18341,Vgll3,1
18344,Vill,1
18345,Vim,1
18346,Vinac1,1
18350,Vkorc1l1,1
18352,Vma21,1
18353,Vmac,1
18354,Vmn1r101,1
18355,Vmn1r149,1
18356,Vmn1r199,1
18357,Vmn1r202,1
18358,Vmn1r223,1
18359,Vmn1r34,1
18361,Vmn1r48,1
18362,Vmn2r19,1
18363,Vmn2r2,1
18365,Vmn2r81,1
18366,Vmn2r82,1
18367,Vmn2r92,1
18368,Vmo1,1
18370,Vnn3,1
18372,Vpreb1b,1
18373,Vpreb3,2
18374,Vps11,1
18375,Vps13a,1
18376,Vps13b,1
18379,Vps18,1
18382,Vps26c,1
18383,Vps28,1
18388,Vps37b,1
18390,Vps37d,3
18392,Vps41,3
18393,Vps45,1
18394,Vps50,1
18396,Vps52,1
18397,Vps53,1
18398,Vps54,2
18404,Vrtn,1
18405,Vsig10,1
18406,Vsig2,1
18407,Vsir,1
18409,Vstm2a,2
18410,Vstm2b,2
18411,Vstm2l,1
18412,Vstm5,1
18415,Vtcn1,2
18416,Vti1a,1
18419,Vwa3a,2
18420,Vwa3b,1
18421,Vwa5b1,2
18424,Vwc2,2
18425,Vwc2l,1
18426,Vwce,1
18427,Vwde,1
18428,Vxn,1
18430,Wap,1
18431,Wapl,1
18434,Wasf2,2
18435,Wasf3,1
18440,Washc5,1
18442,Wbp1,1
18443,Wbp11,1
18445,Wbp2,1
18446,Wbp4,1
18450,Wdfy3,1
18451,Wdhd1,1
18453,Wdr11,1
18454,Wdr13,1
18459,Wdr20rt,1
18460,Wdr24,1
18466,Wdr35,2
18467,Wdr37,1
18470,Wdr43,1
18476,Wdr48,2
18482,Wdr62,1
18483,Wdr7,1
18484,Wdr70,2
18485,Wdr73,1
18489,Wdr81,1
18490,Wdr82,1
18491,Wdr83os,1
18495,Wdr93,1
18496,Wdr95,1
18497,Wdsub1,1
18499,Wee1,1
18501,Wfdc12,1
18502,Wfdc3,1
18503,Wfdc8,2
18504,Wfikkn1,1
18505,Wfikkn2,2
18508,Whrn,1
18509,Wif1,1
18510,Wipf1,2
18511,Wipf2,1
18512,Wipf3,1
18513,Wipi1,1
18516,Wls,1
18517,Wnk1,2
18518,Wnk2,4
18519,Wnk3,1
18520,Wnk4,1
18521,Wnt10a,2
18522,Wnt10b,2
18524,Wnt2,2
18526,Wnt5a,1
18527,Wnt5b,2
18529,Wnt7a,1
18530,Wnt7b,1
18531,Wnt8b,1
18532,Wnt9a,1
18533,Wrap53,1
18539,Wscd2,3
18541,Wtip,1
18542,Wwc1,1
18543,Wwc2,2
18546,Wwp2,3
18548,Xaf1,1
18550,Xdh,1
18553,Xkr4,1
18555,Xkr6,3
18556,Xkr7,3
18558,Xkrx,1
18559,Xpa,1
18562,Xpnpep2,1
18570,Xrcc1,1
18571,Xrcc2,1
18574,Xrcc6,1
18575,Xrn1,1
18576,Xrn2,1
18577,Xrra1,2
18580,Xylt1,2
18582,Yae1d1,1
18583,Yaf2,1
18586,Ybx1,1
18587,Ybx2,2
18588,Ybx3,2
18592,Yes1,1
18593,Yif1a,1
18595,Yipf1,2
18598,Yipf6,1
18599,Yjefn3,1
18603,Ylpm1,1
18605,Ypel1,2
18607,Ypel3,1
18617,Ywhag,1
18620,Ywhaz,2
18622,Zar1l,1
18623,Zbed3,1
18627,Zbed6,1
18628,Zbp1,1
18634,Zbtb14,2
18636,Zbtb17,2
18638,Zbtb2,1
18639,Zbtb20,1
18640,Zbtb21,1
18645,Zbtb32,1
18647,Zbtb34,2
18648,Zbtb37,1
18650,Zbtb39,1
18651,Zbtb4,1
18654,Zbtb43,1
18657,Zbtb46,2
18659,Zbtb49,2
18661,Zbtb6,1
18662,Zbtb7a,1
18664,Zbtb7c,2
18665,Zbtb8b,1
18668,Zc2hc1b,1
18669,Zc2hc1c,1
18671,Zc3h11a,1
18673,Zc3h12c,1
18675,Zc3h14,1
18678,Zc3h3,1
18679,Zc3h4,1
18686,Zcchc10,1
18692,Zcchc3,1
18694,Zcchc7,1
18700,Zdhhc14,1
18703,Zdhhc18,1
18704,Zdhhc19,1
18708,Zdhhc22,1
18709,Zdhhc23,1
18711,Zdhhc3,1
18713,Zdhhc5,1
18715,Zdhhc8,1
18718,Zeb2,3
18723,Zfand3,1
18725,Zfand5,1
18729,Zfhx2os,1
18730,Zfhx4,1
18738,Zfp111,1
18745,Zfp128,1
18746,Zfp13,2
18757,Zfp180,1
18758,Zfp182,1
18760,Zfp185,1
18761,Zfp189,1
18763,Zfp202,1
18770,Zfp235,1
18771,Zfp236,2
18772,Zfp239,1
18774,Zfp248,1
18778,Zfp263,1
18782,Zfp275,1
18783,Zfp276,2
18788,Zfp280d,1
18794,Zfp292,1
18797,Zfp316,2
18804,Zfp330,1
18805,Zfp335os,1
18806,Zfp33b,1
18807,Zfp341,1
18809,Zfp35,1
18814,Zfp36,1
18815,Zfp362,1
18817,Zfp366,1
18818,Zfp367,1
18819,Zfp369,1
18820,Zfp36l1,1
18821,Zfp36l2,1
18828,Zfp385c,1
18831,Zfp39,1
18835,Zfp40,1
18837,Zfp408,1
18855,Zfp454,1
18857,Zfp457,1
18859,Zfp46,1
18862,Zfp469,1
18863,Zfp472,1
18865,Zfp474,1
18866,Zfp493,1
18867,Zfp503,1
18868,Zfp507,1
18873,Zfp516,2
18875,Zfp518b,1
18877,Zfp521,2
18881,Zfp532,2
18884,Zfp541,2
18886,Zfp558,1
18891,Zfp57,1
18893,Zfp574,1
18897,Zfp583,1
18899,Zfp592,1
18900,Zfp593,1
18901,Zfp595,1
18904,Zfp599,1
18908,Zfp607a,1
18914,Zfp617,1
18915,Zfp618,1
18918,Zfp622,1
18920,Zfp626,1
18923,Zfp637,1
18932,Zfp652,1
18939,Zfp664,1
18943,Zfp677,1
18949,Zfp692,1
18952,Zfp703,1
18953,Zfp704,1
18956,Zfp709,1
18958,Zfp712,1
18965,Zfp740,1
18969,Zfp750,1
18970,Zfp758,1
18972,Zfp760,1
18975,Zfp768,1
18978,Zfp772,2
18979,Zfp773,1
18980,Zfp775,1
18982,Zfp78,1
18983,Zfp780b,1
18985,Zfp783,1
18989,Zfp790,1
18993,Zfp804a,1
18995,Zfp808,1
18999,Zfp811,1
19001,Zfp82,1
19003,Zfp825,1
19004,Zfp827,2
19006,Zfp831,3
19008,Zfp84,1
19012,Zfp853,1
19020,Zfp87,1
19023,Zfp872,1
19030,Zfp90,1
19031,Zfp91,1
19034,Zfp931,2
19036,Zfp933,2
19038,Zfp935,1
19039,Zfp936,1
19040,Zfp937,1
19041,Zfp938,1
19045,Zfp943,1
19046,Zfp945,1
19048,Zfp947,1
19050,Zfp949,1
19052,Zfp953,1
19053,Zfp954,1
19054,Zfp955a,1
19055,Zfp955b,1
19067,Zfp973,1
19068,Zfp974,2
19069,Zfp981,1
19071,Zfp984,2
19072,Zfp991,1
19075,Zfpm1,1
19076,Zfpm2,1
19079,Zfta,2
19084,Zfyve21,1
19089,Zg16,1
19090,Zgpat,1
19091,Zgrf1,1
19095,Zic4,1
19096,Zic5,2
19097,Zik1,1
19100,Zkscan16,1
19103,Zkscan3,1
19104,Zkscan4,1
19105,Zkscan5,1
19106,Zkscan6,1
19109,Zmat2,1
19110,Zmat3,1
19111,Zmat4,4
19112,Zmiz1,4
19114,Zmpste24,1
19120,Zmym6,1
19123,Zmynd19,1
19127,Znhit2,1
19130,Znrd2,1
19132,Znrf2,2
19134,Znrf4,1
19135,Zp1,1
19136,Zp3,1
19139,Zpr1,1
19153,Zscan30,1
19156,Zswim4,1
19157,Zswim5,1
19158,Zswim6,2
19162,Zup1,1
19193,1190028D05Rik,1
19199,1600002D24Rik,2
19200,1600012P17Rik,1
19202,1600014C23Rik,1
19205,1600029I14Rik,1
19207,1700001D01Rik,1
19213,1700001K19Rik,1
19226,1700009N14Rik,1
19232,1700012H19Rik,1
19236,1700016C15Rik,1
19240,1700017M07Rik,1
19243,1700018G05Rik,2
19246,1700019P21Rik,1
19248,1700020M21Rik,1
19255,1700022H16Rik,1
19256,1700022I11Rik,1
19259,1700024B05Rik,1
19260,1700024G13Rik,1
19262,1700025C18Rik,1
19264,1700025H01Rik,2
19268,1700026J12Rik,1
19269,1700027F09Rik,1
19270,1700028B04Rik,1
19273,1700028M03Rik,1
19275,1700029J03Rik,2
19277,1700030C10Rik,1
19279,1700030I03Rik,1
19286,1700039E22Rik,1
19291,1700044K03Rik,1
19292,1700047E10Rik,1
19295,1700049E17Rik1,1
19297,1700049L16Rik,1
19298,1700051A21Rik,1
19300,1700052H01Rik,1
19301,1700052K11Rik,1
19306,1700057H15Rik,1
19310,1700063H04Rik,2
19313,1700065I16Rik,1
19319,1700069P05Rik,1
19324,1700080F18Rik,1
19328,1700084J12Rik,1
19329,1700085C21Rik,1
19335,1700091H14Rik,1
19342,1700096P03Rik,1
19343,1700097N02Rik,1
19344,1700099I09Rik,1
19347,1700108F19Rik,1
19349,1700108J01Rik,1
19350,1700108N06Rik,1
19351,1700109G15Rik,1
19352,1700109I08Rik,1
19356,1700112N08Rik,1
19358,1700113B09Rik,1
19359,1700119H24Rik,1
19361,1700120G07Rik,1
19362,1700120K04Rik,2
19367,1700125G22Rik,1
19368,1700126A01Rik,1
19370,1700127F24Rik,2
19374,1810010K12Rik,1
19375,1810013A23Rik,1
19385,1810053B23Rik,1
19390,2010106C02Rik,1
19397,2210011K15Rik,1
19399,2210039B01Rik,1
19404,2210417A02Rik,1
19406,2210420H20Rik,1
19408,2300003K06Rik,1
19411,2310002D06Rik,1
19425,2310057N15Rik,1
19427,2310061N02Rik,1
19428,2310069B03Rik,1
19430,2310079G19Rik,1
19433,2410004I01Rik,1
19440,2500002B13Rik,1
19446,2600014E21Rik,1
19450,2610028E06Rik,1
19457,2610307P16Rik,2
19461,2610528J11Rik,1
19468,2700069I18Rik,1
19469,2700070H01Rik,1
19478,2810429I04Rik,1
19487,2900057B20Rik,1
19502,3300002I08Rik,1
19503,3300002P13Rik,1
19508,3830432H09Rik,1
19525,4833413N01Rik,1
19527,4833417C18Rik,1
19537,4921509O07Rik,1
19542,4921531P14Rik,1
19545,4930401O12Rik,1
19550,4930405J17Rik,1
19555,4930413F20Rik,1
19558,4930424E08Rik,1
19559,4930425O10Rik,1
19561,4930428E07Rik,1
19567,4930431P19Rik,1
19571,4930438A08Rik,1
19577,4930445E18Rik,1
19579,4930445N06Rik,1
19581,4930447A16Rik,1
19582,4930447C04Rik,1
19585,4930447N08Rik,1
19586,4930449C09Rik,1
19594,4930455J16Rik,1
19598,4930465M20Rik,1
19599,4930469K13Rik,1
19600,4930470B04Rik,1
19601,4930470H14Rik,1
19602,4930471E19Rik,2
19604,4930471G24Rik,1
19609,4930480K15Rik,1
19611,4930481B07Rik,1
19623,4930505O20Rik,2
19624,4930509K18Rik,1
19626,4930512M02Rik,1
19629,4930518P08Rik,2
19634,4930521O11Rik,1
19638,4930524B15Rik,1
19644,4930527F14Rik,1
19646,4930528A17Rik,1
19647,4930528P14Rik,1
19649,4930529K09Rik,1
19652,4930535O05Rik,1
19653,4930539M17Rik,1
19654,4930540E01Rik,1
19655,4930540M03Rik,1
19657,4930542C21Rik,1
19659,4930544D05Rik,2
19660,4930544F09Rik,1
19669,4930555G21Rik,1
19672,4930556L07Rik,1
19674,4930556N09Rik,1
19675,4930557F10Rik,1
19677,4930557K07Rik,1
19679,4930562F07Rik,1
19684,4930567H12Rik,1
19686,4930568A12Rik,1
19690,4930571O06Rik,1
19692,4930573C08Rik,1
19693,4930573O16Rik,1
19702,4930588K23Rik,1
19703,4930591A17Rik,1
19704,4930594C11Rik,1
19705,4930594M22Rik,1
19706,4930594O21Rik,1
19709,4930598A11Rik,1
19710,4931402G19Rik,1
19715,4931413K12Rik,1
19718,4931430N09Rik,1
19720,4931431C16Rik,1
19727,4932441J04Rik,1
19731,4933405O20Rik,1
19737,4933409F18Rik,1
19739,4933411E08Rik,1
19741,4933412E24Rik,1
19742,4933413J09Rik,2
19745,4933417G07Rik,1
19746,4933417O13Rik,1
19751,4933424L21Rik,1
19754,4933426B08Rik,2
19758,4933429O19Rik,1
19762,4933431K23Rik,1
19766,4933434P08Rik,1
19767,4933435C09Rik,1
19770,5031425E22Rik,1
19772,5031434C07Rik,1
19774,5033403H07Rik,1
19778,5033426O07Rik,1
19782,5330429C05Rik,1
19784,5330439B14Rik,1
19789,5430421F17Rik,3
19798,5730435O14Rik,1
19801,5730507C01Rik,1
19804,5830416I19Rik,2
19807,5830432E09Rik,1
19810,5930403L14Rik,1
19814,6030426L16Rik,1
19816,6030443J06Rik,1
19836,7420426K07Rik,1
19840,8030442B05Rik,1
19842,8430419K02Rik,1
19844,8430426J06Rik,1
19852,9030625G05Rik,1
19854,9130008F23Rik,1
19864,9330102E08Rik,2
19866,9330117O12Rik,1
19868,9330136K24Rik,1
19873,9330162012Rik,1
19876,9330182O14Rik,1
19877,9330188P03Rik,1
19886,9530002B09Rik,1
19887,9530014B07Rik,1
19888,9530018F02Rik,1
19893,9530036O11Rik,1
19900,9630013D21Rik,1
19904,9830107B12Rik,1
19909,9930038B18Rik,1
19910,9930111J21Rik1,1
19911,9930111J21Rik2,1
19915,A1bg,1
19918,A230009B12Rik,1
19921,A230054N11Rik,1
19927,A230103O09Rik,1
19929,A230108P19Rik,2
19939,A330076C08Rik,1
19944,A430035B10Rik,1
19945,A430078I02Rik,1
19947,A430093F15Rik,1
19949,A430105J06Rik,1
19952,A530016L24Rik,1
19956,A530064D06Rik,2
19958,A530088E08Rik,1
19960,A630001G21Rik,1
19962,A630023P12Rik,1
19969,A630095N17Rik,3
19974,A730020M07Rik,1
19976,A730035I17Rik,1
19983,A730098A19Rik,1
19987,A830021F12Rik,2
19990,A830052D11Rik,1
19991,A930001A20Rik,1
19997,A930009A15Rik,1
20001,A930017K11Rik,1
20002,A930017M01Rik,1
20005,A930027H12Rik,2
20007,A930035F09Rik,1
20008,AA387883,1
20012,AA543186,1
20014,AA619741,1
20017,AAdacl4fm3,1
20020,Aamdc,1
20023,Aar2,1
20029,Aasdhppt,1
20030,Aass,1
20039,Abca17,1
20046,Abcb11,2
20064,Abcf1,1
20069,Abcg5,2
20070,Abcg8,2
20080,Abhd16b,1
20082,Abhd18,1
20083,Abhd2,1
20090,Abi3,1
20107,Acaa1b,1
20112,Acad8,1
20131,Ace3,1
20138,Acnat1,2
20163,Acsbg2,1
20171,Acss1,1
20178,Acte1,2
20179,Actl10,1
20180,Actl11,2
20183,Actl7a,1
20184,Actl7b,1
20185,Actl9,1
20202,Acvrl1,2
20208,Adad1,1
20217,Adam1b,2
20221,Adam30,1
20223,Adam33,2
20236,Adamts4,2
20241,Adamts9,1
20244,Adamtsl3,1
20258,Adcy10,2
20277,Adgrd1,4
20278,Adgre1,1
20280,Adgrf3,1
20283,Adgrg2,1
20284,Adgrg5,2
20285,Adgrg6,1
20298,Adm,1
20299,Adm2,1
20304,Adora2a,3
20342,Agbl1,1
20358,Agpat2,1
20362,Agr2,1
20363,Agr3,1
20381,Ahsg,2
20388,AI597479,1
20393,Aifm1,1
20397,Aim2,1
20398,Aimp1,1
20410,Ak5,1
20435,Akr1c13,1
20437,Akr1d1,1
20450,Aldh1a1,1
20452,Aldh1a3,1
20461,Aldh3b3,2
20465,Aldoart1,1
20466,Aldoart2,1
20477,Alkal2,1
20487,Alox12,1
20491,Alox5,1
20495,Alpi,2
20501,Als2cl,1
20503,Alx1,1
20508,Ambp,1
20520,Amigo3,2
20541,Ang2,1
20542,Ang6,1
20546,Angpt4,1
20547,Angptl1,1
20555,Ankar,1
20559,Ankfn1,4
20574,Ankrd23,1
20588,Ankrd40cl,1
20595,Ankrd53,1
20599,Ankrd60,1
20608,Anln,1
20609,Ano1,5
20617,Ano9,1
20623,Antxr1,1
20636,Aoc1l1,1
20638,Aoc3,1
20647,Ap1m2,2
20669,Apba3,1
20690,Apoa5,1
20691,Apob,1
20695,Apoc2,2
20696,Apoc2l,1
20701,Apol11a,1
20703,Apol6,2
20705,Apol7b,1
20706,Apol7e,1
20709,Apon,2
20710,Apoo-ps,1
20720,Aqp12,1
20721,Aqp3,2
20733,Arel1,1
20748,Arglu1,1
20772,Arhgap36,1
20774,Arhgap4,1
20781,Arhgap8,2
20784,Arhgdig,1
20801,Arhgef38,1
20811,Arid2,1
20813,Arid3c,2
20824,Arl14epl,1
20829,Arl3,1
20833,Arl5a,1
20838,Arl6ip4,1
20843,Arl9,1
20877,Arsi,1
20879,Arsk,1
20882,Art5,1
20895,Asb10,1
20897,Asb16,2
20898,Asb18,1
20912,Asgr2,1
20920,Aspdh,1
20926,Asprv1,1
20931,Astl,1
20935,Asz1,1
20953,Atf7ip2,1
20960,Atg3,1
20967,Atl1,1
20971,Atmin,1
20975,Atoh8,1
20983,Atp12a,1
20994,Atp2a1,1
20996,Atp2a3,2
21003,Atp4b,1
21011,Atp5h,1
21021,Atp6v0a4,1
21025,Atp6v0d1,1
21030,Atp6v1b1,1
21036,Atp6v1e2,1
21067,AU015791,1
21071,AU021092,1
21083,Avil,1
21087,AW011738,1
21100,AY761185,1
21101,Aym1,1
21108,B230206H07Rik,1
21135,B3gnt8,1
21138,B430209F14Rik,1
21141,B4galnt2,1
21153,B930092H01Rik,1
21154,B930095G15Rik,1
21172,Baiap3,2
21176,Banf2,2
21180,Barhl1,1
21181,Barhl2,1
21185,Batf,2
21186,Batf2,2
21187,Batf3,2
21193,BB123696,2
21220,BC037032,1
21223,BC046251,1
21224,BC048602,1
21227,BC051019,1
21228,BC051226,1
21229,BC051537,1
21230,BC064078,1
21232,BC107364,1
21233,BC147527,1
21255,Bcl2l10,2
21284,Bend7,1
21294,Bfsp2,1
21301,Bhlhe23,1
21313,Bin2,2
21318,Birc6,1
21319,Birc7,1
21327,Bloc1s3,1
21346,Bmp8a,2
21347,Bmp8b,2
21355,Bnc1,1
21356,Bnc2,2
21368,Boll,1
21376,Bpifa1,2
21381,Bpifb5,1
21383,Bpifb9b,1
21388,Brap,1
21398,Brf1,1
21404,Brip1,1
21443,Btg4,1
21444,Btn1a1,1
21446,Btnl10,1
21448,Btnl5-ps,1
21461,C030005K06Rik,1
21463,C030013C21Rik,1
21468,C130013N14Rik,1
21474,C130073F10Rik,1
21478,C1galt1,1
21479,C1qa,1
21480,C1qb,2
21482,C1ql1,2
21483,C1ql2,1
21486,C1qtnf12,1
21488,C1qtnf3,1
21490,C1qtnf5,1
21492,C1qtnf7,1
21494,C1ra,1
21495,C1rb,1
21497,C1s2,1
21508,C2cd4d,1
21510,C2cd6,1
21514,C330013E15Rik,1
21516,C330018A13Rik,2
21520,C430049B03Rik,1
21521,C4a,1
21523,C5ar1,1
21534,Cables1,1
21537,Cabp2,2
21538,Cabp4,2
21549,Cacna1i,1
21550,Cacna1s,1
21552,Cacna2d2,1
21561,Cacng6,2
21574,Calb2,2
21578,Calcoco2,2
21586,Calml3,1
21608,Camp,1
21625,Capn9,1
21634,Car12,2
21635,Car13,1
21640,Car5b,1
21643,Card10,1
21644,Card11,2
21647,Card9,1
21660,Cartpt,1
21670,Casq2,1
21675,Castor2,1
21679,Catsper1,1
21681,Catsper4,1
21685,Catsperg2,1
21699,Cblc,1
21701,Cbln3,1
21713,Cby2,1
21719,Ccdc102a,2
21730,Ccdc121rt1,1
21731,Ccdc121rt3,2
21738,Ccdc137,1
21742,Ccdc146,1
21747,Ccdc153,1
21755,Ccdc170,2
21757,Ccdc172,1
21759,Ccdc175,1
21768,Ccdc194,1
21769,Ccdc201,1
21770,Ccdc24,1
21772,Ccdc27,1
21795,Ccdc73,1
21799,Ccdc81,1
21818,Ccer1,1
21820,Cchcr1,1
21821,Ccin,2
21834,Ccl24,1
21843,Ccn5,1
21845,Ccna1,1
21866,Ccnq-ps2,1
21871,Ccr4,1
21879,Cct6b,1
21889,Cd177,1
21891,Cd1d2,1
21895,Cd209d,1
21897,Cd209g,1
21901,Cd24a,2
21902,Cd27,1
21903,Cd274,1
21907,Cd300a,1
21909,Cd300lb,2
21911,Cd300lg,1
21918,Cd44,1
21921,Cd48,1
21925,Cd6,1
21929,Cd74,1
21932,Cd8a,1
21933,Cd9,1
21949,Cdc27,1
21956,Cdc42bpg,1
21965,Cdc5lrt4,1
21974,Cdca8,1
21976,Cdh1,1
21977,Cdh10,1
21981,Cdh15,1
21982,Cdh16,1
21989,Cdh26,1
21996,Cdhr2,1
21997,Cdhr3,4
22010,Cdk18,1
22033,Cdkn1c,1
22046,Cdrt4os1,1
22051,Cdv3-ps,1
22052,Cdx1,1
22056,Ceacam10,1
22058,Ceacam3,1
22059,Ceacam5,1
22066,Cebpz,1
22070,Cela2a,1
22080,Celsr1,3
22081,Celsr2,1
22082,Celsr3,1
22093,Cenpi,1
22127,Cep72,1
22139,Cers3,1
22146,Ces2f,1
22147,Ces2g,1
22148,Ces2h,1
22149,Ces3a,2
22150,Ces4a,1
22181,Cfap77,1
22187,Cfb,1
22188,Cfc1,1
22193,Cfp,1
22194,Cftr,1
22195,Cgas,1
22203,Chad,1
22204,Chadl,1
22235,Chil1,1
22247,Chmp7,1
22259,Chrdl1,1
22260,Chrdl2,1
22261,Chrm1,1
22263,Chrm3,1
22274,Chrnb3,1
22276,Chrnd,1
22281,Chst14,2
22282,Chst15,1
22284,Chst3,4
22285,Chst4,1
22287,Chst7,1
22292,Chtf8,1
22306,Cidec,1
22309,Cilp2,1
22322,CK137956,1
22327,Ckm,1
22336,Clca3b,1
22337,Clca4a,1
22338,Clca4c-ps,1
22340,Clcn1,1
22351,Cldn18,1
22353,Cldn2,1
22358,Cldn25,1
22362,Cldn4,1
22365,Cldn8,1
22374,Clec2i,1
22375,Clec2l,1
22378,Clec4a2,1
22379,Clec4a3,1
22380,Clec4b1,1
22381,Clec4f,1
22383,Clgn,1
22387,Clic6,2
22402,Clock,1
22405,Clpp,1
22406,Clpsl2,1
22410,Clspn,1
22423,Cma1,1
22432,Cmklr2,1
22436,Cmtm1,1
22437,Cmtm2b,1
22452,Cnga4,1
22460,Cnksr3,1
22477,Cnpy1,1
22481,Cnr2,1
22493,Cntnap3,1
22494,Cntnap4,1
22533,Col4a1,1
22535,Col4a5,1
22536,Col4a6,1
22537,Col5a1,2
22541,Col6a5,1
22542,Col6a6,1
22545,Col9a1,3
22567,Cope,1
22579,Copz2,2
22609,Cox4i2,1
22613,Cox6a2,1
22622,Cpa1,1
22633,Cphx1,1
22638,Cplx3,1
22640,Cpn1,1
22641,Cpn2,1
22665,Cpz,2
22678,Crct1,1
22680,Creb3l1,1
22692,Crhbp,1
22712,Crtam,1
22719,Cryaa,1
22721,Cryba4,1
22723,Crybb2,2
22727,Crybg3,1
22728,Crygc,1
22730,Cryge,1
22731,Crygf,2
22732,Crygn,1
22733,Crygs,1
22735,Crym,1
22737,Cryzl2,2
22743,Csf2,1
22746,Csf3r,2
22758,Csnk1g2,2
22762,Cspg4b,1
22765,Csprs,2
22780,Cstl1,1
22787,Ctcfl,1
22789,Ctdsp1,1
22793,Ctf2,2
22798,Ctla4,1
22811,Ctrcos,1
22817,Ctsh,2
22818,Ctsj,1
22822,Ctsw,1
22851,Cxcl12,1
22853,Cxcl2,1
22873,Cyba,1
22880,Cygb,1
22882,Cym,1
22884,Cyp17a1,1
22885,Cyp19a1,1
22890,Cyp21a1,1
22891,Cyp24a1,1
22896,Cyp2a4,1
22898,Cyp2b19,1
22899,Cyp2c66,1
22900,Cyp2c67,1
22901,Cyp2c69,1
22902,Cyp2d11,1
22904,Cyp2d34,1
22905,Cyp2d9,1
22906,Cyp2j12,1
22917,Cyp4b1,1
22918,Cyp4b1-ps2,1
22920,Cyp4f14,1
22928,Cyp8b1,1
22939,Cytip,1
22940,Cytl1,1
22943,D030025P21Rik,1
22949,D14Ertd670e,1
22951,D1Pas1,1
22955,D330025C20Rik,1
22957,D330046F09Rik,1
22959,D3Ertd751e,1
22961,D430020J02Rik,2
22964,D5Ertd605e,1
22966,D630003M21Rik,1
22969,D630029K05Rik,1
22974,D6Ertd474e,1
22978,D730050B12Rik,2
22979,D7Ertd443e,2
22980,D830013O20Rik,1
22983,D830024N08Rik,1
22986,D830036C21Rik,1
22988,D8Ertd738e,1
22992,D930028M14Rik,1
22993,D930048N14Rik,1
23049,Dchs2,1
23059,Dcst1,1
23060,Dcstamp,2
23107,Ddx4,1
23109,Ddx42,1
23121,Ddx60,1
23129,Defb12,1
23131,Defb15,1
23132,Defb19,1
23134,Defb28,3
23135,Defb29,1
23136,Defb35,1
23138,Defb41,1
23139,Defb50,1
23140,Defb7,1
23141,Defb9,1
23143,Degs2,2
23167,Depp1,1
23192,Dgkk,1
23238,Dio3,1
23239,Dio3os,1
23250,Dis3,1
23254,Disp1,1
23262,Dkkl1,2
23278,Dlgap5,1
23282,Dlx1,1
23285,Dlx3,1
23286,Dlx4,2
23287,Dlx4os,1
23289,Dlx6,1
23295,Dmd,1
23296,Dmgdh,1
23298,Dmp1,1
23301,Dmrt2,1
23304,Dmrta2,1
23305,Dmrta2os,1
23306,Dmrtb1,2
23307,Dmrtc1c1,2
23314,Dnaaf1,1
23319,Dnah1,2
23323,Dnah17,1
23330,Dnah8,1
23339,Dnajb13,1
23340,Dnajb14,1
23342,Dnajb3,1
23371,Dnali1,1
23372,Dnase1,1
23385,Dnm3os,1
23393,Dnph1,2
23394,Dnttip1,1
23398,Doc2g,1
23402,Dock2,2
23407,Dock8,1
23424,Dpep3,2
23439,Dppa1,3
23440,Dppa4,1
23469,Dsc1,1
23493,Dtx3l,1
23496,Duox2,1
23504,Dusp11,1
23513,Dusp23,1
23523,Dusp9,2
23526,Duxf3,1
23562,E030030I06Rik,2
23565,E130018N17Rik,1
23581,E330012B07Rik,1
23585,E330032C10Rik,2
23586,E330035G20Rik,1
23591,E530011L22Rik,1
23604,Echdc2,2
23609,Ecm1,1
23612,Ecscr,1
23619,Eddm13,1
23623,Edf1,1
23627,Edn3,2
23628,Ednra,1
23654,Efcab3,1
23661,Efhb,1
23663,Efhd1,1
23666,Efna2,2
23678,Egfl6,1
23683,Egfros,1
23701,Eid2,1
23703,Eid3,1
23706,Eif1ad,1
23708,Eif2a,1
23730,Eif3k,1
23749,Eif5b,1
23757,Elavl1,1
23762,Elf3,1
23808,Emp2,2
23811,Emx2os,1
23812,En2,1
23837,Entpd2,2
23839,Entpd5,1
23862,Epha1,1
23864,Epha2,2
23869,Epha8,1
23880,Epm2aip1,1
23883,Epo,1
23886,Eppk1,1
23892,Eps8l3,1
23893,Epsti1,1
23894,Epx,1
23897,Eras,1
23898,Erbb2,2
23911,Erdr1x,2
23913,Ereg,1
23915,Erfe,2
23923,Erich2,1
23924,Erich6b,1
23927,Ermap,1
23931,Ern2,2
23943,Esrp2,1
23950,Esyt3,2
23955,Etfbkmt,1
23961,Etnppl,1
23965,Etv2,1
23974,Evc2,1
23975,Evi2,1
23980,Evx1os,1
23981,Evx2,1
23988,Exoc3l,1
23989,Exoc3l4,1
24000,Exosc4,1
24003,Exosc8,1
24012,Eya2,3
24016,Ezhip,1
24020,F13a1,1
24021,F2,1
24022,F2r,1
24023,F2rl1,1
24027,F5,1
24031,F730016J06Rik,1
24040,Fabp1,2
24061,Fam110c,1
24076,Fam131c,1
24085,Fam151a,1
24087,Fam162b,1
24099,Fam170b,1
24111,Fam181a,1
24117,Fam186b,1
24118,Fam187a,1
24124,Fam205a1,1
24129,Fam209,1
24149,Fam236e,1
24150,Fam236f,1
24151,Fam240a,1
24164,Fam53a,1
24177,Fam83h,2
24181,Fam90a1a,1
24189,Fancd2os,1
24193,Fancm,1
24203,Fasl,1
24207,Fastkd2,1
24211,Fat2,4
24213,Fat4,1
24217,Fblim1,1
24225,Fbp1,1
24250,Fbxo2,1
24284,Fbxw9,1
24285,Fcamr,2
24287,Fcgbpl1,2
24288,Fcgr3,1
24289,Fcgr4,1
24296,Fcnaos,1
24313,Fer1l6,1
24319,Fev,1
24322,Fezf1,2
24330,Fgd5,1
24338,Fgf16,1
24342,Fgf20,1
24343,Fgf21,1
24346,Fgf4,1
24349,Fgf8,1
24355,Fgfr4,2
24367,Fhitos,1
24375,Fibin,1
24379,Figla,1
24380,Fign,1
24390,Fkbp11,1
24391,Fkbp14,1
24404,Flicr,1
24416,Flt4,1
24455,Foxa1,2
24462,Foxe1,1
24463,Foxe3,1
24464,Foxf1,1
24465,Foxf2,1
24467,Foxi1,3
24468,Foxi2,1
24475,Foxl1,2
24477,Foxl3,2
24480,Foxn4,2
24483,Foxo4,1
24512,Frmpd1os,1
24515,Frrs1,2
24519,Frs3os,2
24523,Fsbp,1
24524,Fscb,1
24525,Fscn1,1
24530,Fshr,1
24532,Fsip2,1
24537,Ftcd,1
24539,Fthl17a,1
24540,Fthl17b,1
24541,Fthl17d,1
24544,Ftmt,1
24553,Furin,2
24560,Fut7,1
24578,Fzd10os,1
24582,Fzd6,1
24595,G6pd2,1
24615,Gabre,1
24619,Gabrq,1
24622,Gad1,1
24628,Gadl1,1
24629,Gal,1
24632,Gal3st2c,2
24646,Galnt15,1
24657,Galr2,1
24659,Gamt,1
24662,Gap43,1
24668,Garin1a,2
24670,Garin3,1
24671,Garin4,1
24673,Garin5b,1
24681,Gas2l2,1
24687,Gast,3
24688,Gata1,1
24692,Gata4,2
24693,Gata5,1
24694,Gata6,1
24706,Gbp4,1
24707,Gbp5,1
24711,Gc,1
24720,Gchfr,1
24723,Gcm2,1
24725,Gcnt1,2
24737,Gdf11,1
24740,Gdf3,1
24749,Gdpd2,1
24763,Gfi1b,1
24771,Gfra3,1
24788,Gh,1
24793,Ghrl,1
24794,Ghsr,1
24796,Gid8,1
24800,Gimap7,2
24801,Gimap8,1
24811,Gja1,1
24814,Gja5,1
24815,Gja8,1
24817,Gjb2,2
24832,Glce,1
24835,Gldnos,1
24847,Glod4,1
24850,Glra4,1
24867,Gm10015,1
24871,Gm10100,1
24872,Gm10109,1
24874,Gm10142,1
24875,Gm10157,1
24877,Gm10229,1
24878,Gm10248,1
24882,Gm10354,1
24886,Gm10389,1
24893,Gm10445,1
24894,Gm10476,1
24895,Gm10479,1
24907,Gm10619,1
24908,Gm10634,1
24912,Gm10653,1
24914,Gm10668,1
24915,Gm10693,1
24920,Gm10790,1
24922,Gm10824,1
24926,Gm10847,2
24927,Gm10851,1
24928,Gm10858,2
24929,Gm10860,1
24930,Gm10865,1
24932,Gm1096,1
24936,Gm11186,1
24938,Gm11210,1
24945,Gm11379,1
24946,Gm1140,1
24953,Gm11478,1
24955,Gm11494,1
24956,Gm11496,1
24960,Gm11544,1
24962,Gm11554,1
24963,Gm11555,1
24964,Gm11564,1
24965,Gm11568,1
24966,Gm11569,1
24972,Gm11651,1
24977,Gm11691,2
24979,Gm11714,1
24980,Gm11715,1
24981,Gm11716,1
24982,Gm11725,1
24983,Gm11728,1
24987,Gm11747,1
24989,Gm11753,2
24990,Gm11754,1
24991,Gm11756,1
24994,Gm11772,1
24999,Gm11844,1
25004,Gm11978,1
25005,Gm11992,1
25006,Gm11998,1
25008,Gm12070,1
25009,Gm12092,1
25014,Gm12199,1
25016,Gm12223,1
25020,Gm12253,1
25022,Gm12273,1
25023,Gm12290,1
25027,Gm12315,3
25030,Gm12339,1
25031,Gm12343,1
25032,Gm12359,1
25034,Gm12404,1
25039,Gm12452,1
25040,Gm12462,1
25041,Gm12474,1
25043,Gm12505,1
25047,Gm12538,1
25051,Gm12637,1
25054,Gm12701,1
25055,Gm12707,1
25057,Gm12718,1
25060,Gm12790,1
25062,Gm12827,1
25064,Gm12830,1
25066,Gm12867,2
25068,Gm12916,1
25069,Gm12923,1
25071,Gm12958,2
25072,Gm12972,1
25073,Gm12976,1
25076,Gm12996,1
25081,Gm13016,1
25088,Gm13057,1
25090,Gm13070,1
25095,Gm13133,1
25096,Gm13149,1
25099,Gm13201,2
25100,Gm13203,1
25101,Gm13205,1
25102,Gm13238,1
25105,Gm13277,1
25106,Gm13279,1
25112,Gm13289,1
25114,Gm13291,1
25119,Gm13344,2
25126,Gm13415,1
25127,Gm13420,1
25129,Gm13427,1
25134,Gm13528,1
25138,Gm13562,1
25140,Gm13630,1
25141,Gm13648,2
25146,Gm13778,1
25151,Gm13850,2
25152,Gm13869,1
25156,Gm13919,2
25161,Gm14041,1
25166,Gm14114,1
25168,Gm14147,1
25172,Gm14199,1
25173,Gm14206,2
25174,Gm14207,1
25176,Gm14249,1
25178,Gm14273,1
25184,Gm14308,1
25196,Gm14379,2
25198,Gm14393,1
25204,Gm14487,1
25206,Gm14594,1
25208,Gm14617,1
25211,Gm14692,1
25212,Gm14808,1
25213,Gm14858,1
25217,Gm15028,1
25218,Gm15050,1
25221,Gm15217,1
25226,Gm15295,1
25227,Gm15313,1
25230,Gm15325,1
25233,Gm15343,2
25235,Gm15348,1
25237,Gm15401,2
25247,Gm15482,1
25252,Gm15510,1
25253,Gm15511,1
25263,Gm15569,1
25269,Gm15669,1
25271,Gm15722,1
25280,Gm15760,1
25283,Gm15793,1
25285,Gm15825,1
25286,Gm15831,1
25295,Gm15915,1
25297,Gm15934,1
25302,Gm15985,1
25303,Gm15987,1
25306,Gm1600,2
25313,Gm16058,1
25315,Gm16084,1
25319,Gm16116,1
25320,Gm16126,1
25321,Gm16130,1
25322,Gm16136,1
25325,Gm16150,1
25326,Gm16152,1
25330,Gm16196,1
25331,Gm16201,1
25332,Gm16206,2
25334,Gm16214,2
25337,Gm16246,1
25340,Gm16254,1
25341,Gm16261,1
25346,Gm16333,1
25347,Gm16344,1
25348,Gm16350,1
25349,Gm16364,1
25351,Gm16404,1
25352,Gm16499,2
25355,Gm16527,1
25357,Gm16555,1
25362,Gm16638,1
25363,Gm16675,1
25365,Gm16702,1
25366,Gm16712,1
25367,Gm1673,1
25368,Gm16740,1
25372,Gm16861,1
25373,Gm16863,1
25375,Gm16894,1
25377,Gm16907,1
25379,Gm16984,1
25385,Gm17102,1
25386,Gm17149,2
25393,Gm17249,1
25394,Gm17250,1
25408,Gm17778,1
25410,Gm18336,1
25413,Gm19281,1
25416,Gm19325,1
25418,Gm19391,1
25422,Gm19424,1
25423,Gm19426,1
25424,Gm19428,1
25434,Gm1965,1
25436,Gm1968,1
25439,Gm19744,1
25440,Gm19757,1
25442,Gm19802,1
25446,Gm19935,1
25448,Gm19951,1
25452,Gm2011,1
25454,Gm20190,1
25456,Gm20234,1
25458,Gm2026,1
25463,Gm20472,1
25464,Gm20482,1
25467,Gm20515,1
25468,Gm20522,1
25469,Gm20554,1
25470,Gm20560,1
25474,Gm20611,1
25483,Gm20741,1
25484,Gm20742,1
25487,Gm20745,1
25490,Gm20754,1
25491,Gm20755,1
25493,Gm20765,1
25494,Gm20767,1
25497,Gm21054,1
25501,Gm21123,1
25502,Gm21136,1
25503,Gm21154,1
25506,Gm21283,1
25509,Gm21370,1
25510,Gm21388,2
25512,Gm21559,1
25514,Gm21637,1
25516,Gm21663,1
25517,Gm21679,1
25518,Gm21693,1
25519,Gm21698,1
25520,Gm21704,1
25522,Gm21847,1
25524,Gm21941,1
25525,Gm21944,1
25529,Gm22018,1
25532,Gm22039,1
25539,Gm22085,2
25543,Gm22146,1
25546,Gm22159,1
25547,Gm22170,1
25548,Gm22192,1
25549,Gm22208,1
25550,Gm22210,1
25551,Gm22226,1
25555,Gm22251,1
25559,Gm22272,1
25562,Gm22295,1
25563,Gm22298,1
25564,Gm22312,1
25565,Gm22313,1
25567,Gm22334,1
25569,Gm22347,1
25571,Gm22367,1
25574,Gm22372,1
25576,Gm22394,1
25579,Gm22428,1
25581,Gm22433,1
25584,Gm2245,1
25587,Gm22473,1
25590,Gm22497,1
25593,Gm22503,1
25598,Gm22545,1
25599,Gm22546,1
25602,Gm22573,1
25603,Gm22584,1
25604,Gm22592,1
25605,Gm22594,1
25606,Gm22605,1
25609,Gm22657,1
25611,Gm22683,1
25612,Gm22704,1
25624,Gm22785,1
25625,Gm22792,2
25628,Gm22871,1
25630,Gm22883,1
25632,Gm22910,1
25634,Gm22929,1
25636,Gm22936,1
25639,Gm22941,1
25640,Gm22944,1
25644,Gm23005,1
25647,Gm23013,1
25648,Gm23033,1
25651,Gm23089,1
25652,Gm23092,1
25654,Gm23124,1
25656,Gm23128,1
25660,Gm23139,1
25663,Gm23168,1
25666,Gm23176,2
25667,Gm23196,1
25668,Gm23200,1
25670,Gm23220,1
25673,Gm23234,1
25674,Gm23261,1
25676,Gm23266,1
25683,Gm23308,1
25684,Gm23311,1
25686,Gm23323,1
25687,Gm23324,1
25688,Gm23326,1
25689,Gm23328,1
25693,Gm23349,1
25694,Gm23355,1
25696,Gm23402,2
25700,Gm23432,1
25705,Gm23446,1
25706,Gm23458,1
25715,Gm23552,1
25724,Gm23607,1
25725,Gm23609,1
25727,Gm23626,1
25728,Gm23644,1
25730,Gm23649,2
25731,Gm23655,1
25735,Gm23680,1
25736,Gm23699,1
25739,Gm23731,1
25740,Gm23736,1
25741,Gm23747,1
25744,Gm23750,1
25746,Gm23767,1
25750,Gm23816,1
25752,Gm23834,1
25753,Gm23835,1
25758,Gm23897,1
25761,Gm23942,1
25763,Gm23949,1
25770,Gm24006,1
25771,Gm24008,1
25772,Gm24039,1
25773,Gm24066,1
25774,Gm24068,1
25776,Gm24070,1
25777,Gm24071,1
25778,Gm24079,1
25780,Gm2411,1
25781,Gm24117,1
25783,Gm24125,1
25790,Gm24163,1
25791,Gm24164,1
25793,Gm24166,1
25794,Gm24171,1
25796,Gm24179,1
25797,Gm24199,1
25800,Gm24210,1
25802,Gm24232,1
25806,Gm24255,1
25808,Gm24261,2
25810,Gm24264,1
25811,Gm24265,1
25815,Gm24281,2
25816,Gm24286,1
25820,Gm2431,1
25823,Gm24335,1
25824,Gm24336,1
25825,Gm24337,2
25830,Gm24376,1
25833,Gm24405,1
25837,Gm24434,1
25838,Gm24440,1
25841,Gm24454,1
25844,Gm24469,1
25845,Gm24470,1
25849,Gm24493,1
25854,Gm24533,1
25857,Gm24556,1
25859,Gm24579,1
25860,Gm24580,1
25865,Gm24620,1
25867,Gm24638,1
25868,Gm24654,1
25870,Gm24665,1
25872,Gm24671,1
25877,Gm24731,1
25880,Gm24760,1
25881,Gm24771,1
25887,Gm24803,1
25889,Gm24844,1
25890,Gm24851,1
25891,Gm24866,1
25892,Gm24869,1
25894,Gm24887,1
25895,Gm24889,1
25896,Gm24897,1
25898,Gm24908,2
25901,Gm24958,2
25904,Gm24982,1
25905,Gm24984,1
25906,Gm24985,1
25912,Gm25056,1
25915,Gm25081,1
25920,Gm25113,1
25921,Gm25129,1
25924,Gm25156,1
25927,Gm25187,1
25928,Gm25188,1
25932,Gm25214,1
25934,Gm25232,1
25935,Gm25235,1
25938,Gm25267,1
25944,Gm25344,1
25945,Gm25345,1
25949,Gm25370,1
25953,Gm25379,1
25955,Gm25394,1
25956,Gm25395,1
25960,Gm25409,1
25965,Gm25449,1
25968,Gm25495,1
25972,Gm25502,1
25973,Gm25506,1
25976,Gm25562,1
25977,Gm25588,1
25980,Gm25608,1
25982,Gm25611,1
25984,Gm25614,1
25985,Gm25615,1
25987,Gm25618,1
25989,Gm25622,1
25990,Gm25628,1
25998,Gm25670,1
26000,Gm25716,1
26008,Gm25760,1
26009,Gm25761,1
26010,Gm25762,1
26013,Gm25771,1
26014,Gm25781,1
26015,Gm25788,1
26016,Gm25790,1
26018,Gm25805,1
26019,Gm25816,1
26028,Gm25881,1
26034,Gm25917,1
26040,Gm26012,1
26043,Gm26021,1
26044,Gm26029,1
26045,Gm26032,1
26048,Gm26048,1
26050,Gm26058,1
26051,Gm26061,1
26052,Gm26070,2
26053,Gm26071,1
26054,Gm26080,1
26055,Gm26081,1
26057,Gm26088,1
26059,Gm26100,1
26063,Gm26147,1
26068,Gm26188,1
26070,Gm26201,1
26073,Gm26245,1
26075,Gm26273,1
26079,Gm26289,1
26080,Gm26297,1
26081,Gm26307,1
26082,Gm26316,1
26083,Gm26328,1
26084,Gm26337,1
26087,Gm26343,1
26088,Gm26347,1
26091,Gm26367,1
26098,Gm26402,2
26100,Gm26411,2
26102,Gm26416,1
26103,Gm26417,1
26105,Gm26422,1
26107,Gm26432,1
26109,Gm26436,1
26110,Gm26440,1
26113,Gm26454,1
26114,Gm26468,1
26115,Gm26489,1
26116,Gm26490,1
26118,Gm26498,1
26121,Gm26504,1
26122,Gm26505,1
26126,Gm26550,1
26127,Gm26560,1
26131,Gm26574,1
26134,Gm266,1
26136,Gm26608,1
26138,Gm26627,1
26139,Gm26628,1
26140,Gm26633,1
26141,Gm26644,1
26142,Gm26666,1
26145,Gm26698,1
26147,Gm26708,1
26149,Gm26725,1
26153,Gm26763,2
26158,Gm26799,1
26165,Gm26878,1
26168,Gm26893,1
26173,Gm26947,1
26178,Gm27008,1
26181,Gm27177,1
26182,Gm27197,1
26184,Gm27204,1
26186,Gm27211,1
26187,Gm27222,1
26188,Gm27230,2
26190,Gm27246,1
26193,Gm2788,1
26195,Gm28076,2
26196,Gm28077,1
26197,Gm28111,1
26203,Gm28375,1
26209,Gm28516,2
26210,Gm2854,1
26214,Gm28782,1
26221,Gm28888,1
26225,Gm29010,1
26226,Gm29040,1
26228,Gm29152,1
26231,Gm29230,2
26234,Gm29371,1
26235,Gm29480,1
26241,Gm29630,1
26243,Gm29678,1
26244,Gm29682,1
26245,Gm29683,1
26248,Gm29720,1
26250,Gm29735,1
26252,Gm2977,1
26253,Gm29770,1
26255,Gm29796,1
26257,Gm29801,1
26258,Gm29802,1
26260,Gm29805,1
26263,Gm29826,1
26265,Gm29836,1
26266,Gm29843,1
26267,Gm29854,1
26271,Gm29874,1
26272,Gm29878,1
26277,Gm29895,1
26282,Gm29909,1
26284,Gm29915,1
26286,Gm29922,2
26287,Gm29926,1
26300,Gm29994,1
26302,Gm29999,1
26305,Gm30003,1
26306,Gm30005,1
26316,Gm30064,1
26319,Gm30084,1
26323,Gm30108,1
26328,Gm30132,1
26329,Gm30134,1
26330,Gm30135,2
26331,Gm30139,1
26336,Gm30154,1
26341,Gm30193,1
26343,Gm30209,1
26346,Gm30214,1
26347,Gm30215,1
26348,Gm30217,1
26349,Gm30225,1
26350,Gm30230,1
26355,Gm30247,2
26356,Gm30255,1
26364,Gm30294,1
26366,Gm30298,2
26371,Gm30320,1
26374,Gm30327,1
26380,Gm30367,1
26382,Gm30370,1
26386,Gm30395,1
26400,Gm30446,2
26403,Gm30453,1
26406,Gm30461,1
26409,Gm30472,1
26410,Gm30474,1
26414,Gm30498,2
26417,Gm30510,1
26420,Gm30524,1
26422,Gm30529,1
26423,Gm30536,1
26427,Gm30554,1
26428,Gm30556,1
26440,Gm30586,1
26448,Gm30645,1
26452,Gm30662,1
26453,Gm30665,1
26454,Gm30668,1
26456,Gm30688,1
26459,Gm30694,1
26461,Gm30699,1
26464,Gm30712,1
26466,Gm30714,1
26468,Gm30719,1
26470,Gm30725,1
26475,Gm30735,2
26477,Gm30745,2
26481,Gm30761,1
26482,Gm30762,1
26484,Gm30771,2
26490,Gm30798,1
26492,Gm30806,1
26494,Gm30821,1
26495,Gm30823,1
26499,Gm30847,1
26510,Gm30912,1
26511,Gm30914,1
26512,Gm30928,1
26514,Gm30936,1
26521,Gm30967,1
26527,Gm31003,1
26530,Gm31011,1
26540,Gm31069,1
26542,Gm31088,2
26543,Gm31089,1
26545,Gm31091,1
26553,Gm31129,1
26554,Gm31135,1
26555,Gm31138,1
26557,Gm31155,1
26558,Gm31160,1
26560,Gm31179,1
26561,Gm31183,1
26568,Gm31231,1
26573,Gm31249,1
26574,Gm31253,2
26575,Gm31262,2
26576,Gm31265,1
26578,Gm31271,1
26580,Gm31286,1
26582,Gm31289,1
26586,Gm31304,1
26592,Gm3134,1
26595,Gm31373,1
26598,Gm31401,1
26599,Gm31406,1
26602,Gm31413,1
26603,Gm31416,1
26604,Gm31418,1
26606,Gm31427,1
26608,Gm31437,1
26609,Gm31438,1
26611,Gm31447,1
26618,Gm31485,1
26619,Gm31486,3
26629,Gm31536,1
26633,Gm31562,1
26637,Gm31569,1
26638,Gm31573,1
26640,Gm31596,1
26641,Gm31601,1
26642,Gm31603,1
26643,Gm31606,1
26645,Gm31612,1
26655,Gm31632,1
26656,Gm31636,1
26660,Gm31641,1
26665,Gm31657,1
26666,Gm31665,1
26669,Gm31688,1
26671,Gm31701,1
26672,Gm31707,1
26673,Gm31714,1
26675,Gm31720,1
26687,Gm31769,1
26689,Gm31785,1
26690,Gm31786,2
26691,Gm31791,1
26692,Gm31796,1
26698,Gm31830,1
26699,Gm31832,1
26700,Gm31834,1
26711,Gm31884,2
26713,Gm31893,1
26722,Gm31945,1
26728,Gm31987,1
26729,Gm31990,1
26732,Gm32006,2
26733,Gm32009,1
26738,Gm32023,1
26740,Gm32028,1
26741,Gm32038,1
26746,Gm32063,1
26748,Gm32070,1
26749,Gm32073,1
26752,Gm32099,1
26753,Gm32100,1
26756,Gm32119,1
26757,Gm32123,1
26759,Gm32133,1
26768,Gm32190,1
26770,Gm32197,1
26771,Gm32199,1
26780,Gm32245,1
26785,Gm3227,1
26796,Gm32316,1
26797,Gm32317,1
26798,Gm32319,1
26799,Gm32327,1
26800,Gm32328,1
26802,Gm32334,1
26804,Gm32341,1
26809,Gm32356,1
26810,Gm32360,1
26812,Gm32370,1
26815,Gm32378,1
26818,Gm32382,1
26823,Gm32398,1
26826,Gm32404,1
26829,Gm32412,1
26832,Gm32422,1
26834,Gm32434,1
26835,Gm32438,1
26836,Gm32441,1
26838,Gm32443,2
26842,Gm32465,1
26843,Gm32470,1
26845,Gm32473,1
26846,Gm32474,2
26850,Gm32485,1
26857,Gm32513,1
26858,Gm32518,1
26860,Gm32528,1
26862,Gm32544,1
26866,Gm32551,1
26867,Gm32556,1
26868,Gm32558,1
26871,Gm32573,1
26872,Gm32574,1
26876,Gm32591,1
26890,Gm32656,1
26896,Gm32678,1
26898,Gm32680,1
26907,Gm32701,1
26908,Gm32703,1
26910,Gm32718,2
26917,Gm32742,1
26921,Gm32758,1
26922,Gm32764,1
26923,Gm32769,1
26926,Gm32788,1
26929,Gm32795,1
26931,Gm32803,1
26936,Gm32824,1
26942,Gm32836,1
26944,Gm32839,1
26946,Gm32845,1
26947,Gm32849,1
26948,Gm3285,1
26957,Gm32908,1
26960,Gm32915,1
26961,Gm32916,1
26964,Gm32925,2
26968,Gm32943,1
26971,Gm32952,1
26975,Gm32980,1
26978,Gm32997,1
26979,Gm32998,1
26980,Gm33010,2
26981,Gm33016,1
26982,Gm33017,1
26983,Gm33022,1
26984,Gm33024,2
26986,Gm33027,2
26989,Gm33031,1
26990,Gm33033,1
26991,Gm33040,1
26993,Gm33043,1
26995,Gm33051,1
26997,Gm33061,1
26999,Gm33078,2
27000,Gm33084,1
27004,Gm33105,1
27006,Gm33118,1
27011,Gm33141,1
27012,Gm33143,1
27013,Gm33151,1
27014,Gm33152,1
27024,Gm33197,1
27025,Gm33199,1
27026,Gm33200,1
27029,Gm33222,1
27031,Gm33236,1
27032,Gm33239,1
27034,Gm33243,1
27036,Gm33248,1
27038,Gm3325,1
27041,Gm33262,1
27049,Gm33292,1
27052,Gm33301,2
27054,Gm3331,2
27055,Gm33315,2
27059,Gm33336,1
27061,Gm33351,1
27062,Gm33353,1
27065,Gm33368,1
27066,Gm33371,1
27068,Gm33381,2
27069,Gm33388,1
27072,Gm33401,1
27073,Gm33408,1
27075,Gm33412,1
27081,Gm33440,1
27082,Gm33442,1
27086,Gm33454,1
27087,Gm33457,1
27092,Gm33480,1
27094,Gm33483,1
27097,Gm33489,1
27098,Gm33496,1
27099,Gm33502,1
27101,Gm33519,1
27104,Gm33532,1
27109,Gm33555,1
27111,Gm33562,1
27114,Gm33566,1
27115,Gm33570,3
27117,Gm33576,1
27118,Gm33579,1
27125,Gm33607,1
27126,Gm33610,2
27129,Gm33620,1
27135,Gm33633,1
27143,Gm33674,1
27144,Gm33675,1
27146,Gm33684,1
27149,Gm33694,2
27151,Gm33701,1
27156,Gm33720,1
27158,Gm33725,1
27162,Gm33733,1
27163,Gm33734,1
27164,Gm33739,1
27167,Gm33752,2
27168,Gm33756,2
27170,Gm33774,1
27171,Gm33781,1
27172,Gm33799,1
27174,Gm33803,1
27175,Gm33814,1
27176,Gm33817,1
27177,Gm33821,1
27180,Gm33829,1
27186,Gm33847,1
27187,Gm33857,1
27190,Gm33880,1
27191,Gm33886,1
27192,Gm33887,2
27193,Gm33889,1
27196,Gm33914,2
27204,Gm33970,1
27216,Gm34017,1
27217,Gm3402,2
27219,Gm34030,1
27220,Gm34032,1
27221,Gm34035,1
27222,Gm34038,2
27224,Gm34049,1
27229,Gm34074,1
27230,Gm34077,1
27233,Gm34084,1
27234,Gm3409,2
27243,Gm34144,1
27244,Gm34145,2
27252,Gm34198,2
27254,Gm34213,1
27255,Gm34215,1
27260,Gm34245,1
27262,Gm34252,3
27267,Gm34269,2
27270,Gm34284,1
27271,Gm34286,1
27273,Gm34293,2
27275,Gm34297,1
27276,Gm34298,1
27278,Gm34301,1
27280,Gm34316,2
27284,Gm34325,1
27285,Gm34326,1
27290,Gm34337,1
27296,Gm34370,1
27300,Gm34402,1
27301,Gm34403,1
27305,Gm34413,1
27307,Gm34419,2
27308,Gm34424,1
27315,Gm34474,1
27316,Gm34481,1
27320,Gm34500,2
27321,Gm34502,3
27324,Gm34513,1
27327,Gm34533,1
27331,Gm34544,1
27332,Gm34545,1
27333,Gm34548,1
27336,Gm34561,1
27340,Gm3458,1
27341,Gm34582,1
27343,Gm34584,1
27347,Gm34593,1
27349,Gm34605,1
27353,Gm34616,1
27354,Gm34618,2
27359,Gm34629,2
27360,Gm34630,1
27362,Gm34646,2
27364,Gm34651,1
27369,Gm34666,1
27370,Gm34667,2
27372,Gm34675,1
27373,Gm34678,1
27376,Gm34698,2
27381,Gm34718,1
27382,Gm34719,2
27391,Gm34746,1
27394,Gm34759,1
27395,Gm34764,1
27396,Gm34766,2
27397,Gm34768,1
27401,Gm34795,2
27405,Gm34837,1
27413,Gm34872,1
27414,Gm34873,1
27415,Gm34874,1
27416,Gm34878,1
27420,Gm34895,2
27425,Gm34922,2
27432,Gm34952,2
27434,Gm34960,1
27435,Gm34962,1
27436,Gm34965,1
27439,Gm34974,2
27444,Gm34996,1
27445,Gm34997,1
27448,Gm35023,1
27450,Gm35028,1
27454,Gm35058,1
27455,Gm35063,1
27462,Gm35102,1
27463,Gm35104,1
27464,Gm35105,1
27465,Gm35110,1
27468,Gm35123,1
27471,Gm35141,1
27472,Gm35145,1
27473,Gm35147,2
27476,Gm35155,1
27480,Gm35163,1
27481,Gm35165,1
27485,Gm35182,1
27486,Gm35187,1
27487,Gm3519,1
27488,Gm35190,2
27490,Gm35216,1
27491,Gm35218,1
27494,Gm35223,1
27496,Gm35236,1
27497,Gm35239,1
27499,Gm35242,1
27506,Gm35291,1
27507,Gm35305,1
27508,Gm35307,1
27512,Gm35333,1
27520,Gm35364,1
27521,Gm35367,1
27522,Gm35371,1
27526,Gm35383,1
27527,Gm35395,1
27528,Gm35396,1
27530,Gm35400,1
27532,Gm35413,1
27534,Gm35424,1
27536,Gm35433,1
27537,Gm35444,1
27538,Gm35446,1
27539,Gm35449,1
27541,Gm35454,1
27543,Gm35457,2
27544,Gm35460,1
27546,Gm35474,1
27549,Gm35502,2
27550,Gm35510,1
27552,Gm35525,1
27553,Gm35529,1
27556,Gm35534,1
27557,Gm35535,1
27561,Gm35542,1
27564,Gm35554,1
27567,Gm35572,1
27568,Gm35576,1
27569,Gm35578,1
27572,Gm35582,1
27579,Gm35610,1
27586,Gm35634,1
27589,Gm35680,1
27591,Gm35682,1
27592,Gm35688,1
27594,Gm35699,1
27596,Gm35710,2
27599,Gm35719,1
27605,Gm35750,1
27607,Gm35768,1
27608,Gm35771,1
27609,Gm35772,2
27613,Gm35785,1
27627,Gm35864,2
27629,Gm35867,2
27630,Gm3587,1
27632,Gm35881,1
27636,Gm35887,1
27637,Gm35888,1
27639,Gm35891,1
27640,Gm35899,1
27641,Gm35900,1
27642,Gm35907,1
27643,Gm35920,1
27644,Gm35930,1
27647,Gm35936,1
27650,Gm35948,1
27651,Gm35957,1
27661,Gm36004,1
27664,Gm36017,1
27666,Gm36024,1
27667,Gm36026,1
27673,Gm36048,1
27674,Gm36056,1
27677,Gm36065,1
27678,Gm36084,1
27679,Gm36086,1
27681,Gm36102,2
27683,Gm36117,1
27685,Gm36120,1
27686,Gm36128,1
27689,Gm36140,2
27690,Gm36141,1
27692,Gm36153,1
27693,Gm36154,1
27694,Gm36156,1
27698,Gm36166,1
27700,Gm36168,1
27706,Gm36187,1
27708,Gm36194,2
27711,Gm36218,1
27712,Gm36221,1
27715,Gm36225,1
27718,Gm36234,1
27720,Gm36252,1
27722,Gm36263,1
27723,Gm36267,1
27732,Gm36318,1
27735,Gm36356,1
27740,Gm36367,1
27743,Gm36380,1
27744,Gm36386,1
27745,Gm36389,1
27752,Gm36426,1
27755,Gm36431,1
27757,Gm36440,1
27770,Gm36493,1
27775,Gm36502,1
27777,Gm36513,1
27780,Gm36521,1
27781,Gm36528,1
27791,Gm36560,1
27793,Gm36571,1
27795,Gm36583,1
27797,Gm36590,2
27798,Gm36600,3
27800,Gm36602,1
27804,Gm36617,2
27805,Gm36619,1
27809,Gm36648,1
27814,Gm36675,1
27816,Gm36678,1
27817,Gm36681,2
27819,Gm36703,1
27823,Gm36735,1
27825,Gm36740,1
27828,Gm36748,1
27831,Gm36752,2
27840,Gm36789,1
27852,Gm36834,2
27854,Gm36841,1
27856,Gm36844,1
27857,Gm36853,1
27858,Gm36855,1
27860,Gm36859,1
27865,Gm36877,1
27866,Gm36880,1
27867,Gm36894,1
27869,Gm36902,1
27876,Gm37047,1
27878,Gm3716,1
27880,Gm37323,1
27881,Gm37336,2
27882,Gm3734,1
27885,Gm37435,1
27890,Gm3772,1
27893,Gm37896,1
27896,Gm38171,1
27898,Gm38316,1
27900,Gm38412,1
27906,Gm38425,1
27911,Gm38450,2
27916,Gm38472,1
27917,Gm38487,1
27918,Gm38494,1
27919,Gm38500,1
27921,Gm38509,1
27924,Gm38513,1
27927,Gm38521,1
27929,Gm38528,1
27931,Gm38534,2
27932,Gm38538,1
27935,Gm38555,2
27938,Gm38564,1
27939,Gm38568,1
27943,Gm38593,1
27945,Gm38599,1
27946,Gm38600,1
27948,Gm38603,1
27951,Gm38620,1
27952,Gm38627,1
27957,Gm38649,1
27959,Gm38661,1
27960,Gm38666,1
27961,Gm38687,1
27962,Gm38699,2
27963,Gm38702,1
27965,Gm38727,1
27969,Gm38747,1
27971,Gm38753,1
27973,Gm38791,1
27977,Gm38809,1
27979,Gm38814,2
27980,Gm38819,1
27982,Gm38828,1
27983,Gm38834,1
27985,Gm38843,1
27986,Gm38845,1
27988,Gm38855,1
27991,Gm38864,1
27992,Gm38866,1
27996,Gm38879,1
28007,Gm38925,2
28011,Gm38930,1
28012,Gm38934,1
28013,Gm38946,2
28021,Gm38964,1
28022,Gm38965,1
28026,Gm38978,1
28027,Gm3898,1
28028,Gm38981,1
28030,Gm38984,1
28034,Gm38990,1
28035,Gm38994,1
28036,Gm38999,1
28042,Gm39011,1
28047,Gm39040,2
28048,Gm39041,1
28050,Gm39049,1
28054,Gm39069,1
28056,Gm39071,1
28057,Gm39076,1
28058,Gm39080,1
28062,Gm39091,2
28063,Gm39092,1
28064,Gm39093,1
28065,Gm39101,1
28069,Gm39115,1
28072,Gm39133,1
28076,Gm39147,1
28080,Gm39164,1
28081,Gm39168,2
28083,Gm39172,1
28086,Gm39178,1
28087,Gm39183,1
28091,Gm39204,1
28092,Gm39211,1
28094,Gm39217,1
28095,Gm39218,1
28100,Gm3924,1
28109,Gm39268,1
28115,Gm39286,1
28116,Gm39299,1
28117,Gm39300,1
28123,Gm39323,1
28124,Gm39325,1
28132,Gm39345,1
28138,Gm39361,2
28140,Gm39391,1
28141,Gm39393,1
28142,Gm39394,1
28148,Gm39436,1
28152,Gm39447,2
28153,Gm39452,1
28157,Gm39460,2
28163,Gm39477,1
28166,Gm39482,2
28170,Gm39490,1
28174,Gm39521,1
28181,Gm39575,1
28182,Gm39589,1
28183,Gm39592,1
28187,Gm39607,1
28189,Gm39613,1
28190,Gm39615,1
28193,Gm39627,1
28197,Gm39653,1
28202,Gm39673,2
28205,Gm39676,2
28207,Gm39690,1
28211,Gm39701,1
28212,Gm39704,1
28213,Gm39705,1
28216,Gm39714,1
28220,Gm3973,1
28222,Gm39737,1
28223,Gm39742,2
28224,Gm39745,1
28225,Gm39747,1
28227,Gm39770,1
28234,Gm39790,1
28235,Gm39792,1
28236,Gm39797,1
28237,Gm39799,1
28240,Gm39821,1
28245,Gm39858,2
28250,Gm39874,1
28253,Gm39882,1
28254,Gm39884,1
28258,Gm39910,1
28259,Gm39912,1
28260,Gm39927,1
28261,Gm39928,2
28265,Gm39933,1
28266,Gm39936,1
28267,Gm39941,1
28269,Gm39952,1
28270,Gm39960,1
28277,Gm39991,1
28279,Gm39999,1
28282,Gm40009,1
28283,Gm40011,2
28284,Gm40016,1
28287,Gm40035,1
28291,Gm40043,1
28292,Gm40053,1
28294,Gm40067,1
28296,Gm40084,2
28298,Gm40086,1
28301,Gm40094,1
28304,Gm40106,1
28305,Gm40107,1
28307,Gm40112,1
28308,Gm40116,1
28309,Gm40118,1
28315,Gm40147,1
28317,Gm40158,1
28319,Gm40160,1
28320,Gm40164,2
28321,Gm40166,1
28323,Gm40169,1
28324,Gm40175,1
28327,Gm40182,1
28328,Gm40193,1
28330,Gm40216,2
28331,Gm40229,1
28332,Gm40231,1
28335,Gm40252,1
28337,Gm40261,2
28339,Gm40277,1
28340,Gm40278,1
28342,Gm40286,1
28343,Gm40288,1
28346,Gm40296,1
28348,Gm40307,1
28357,Gm40339,1
28358,Gm40347,1
28360,Gm4035,2
28369,Gm40371,1
28370,Gm40377,1
28371,Gm40378,2
28377,Gm40423,1
28378,Gm40424,2
28382,Gm40441,1
28383,Gm40443,1
28384,Gm40445,1
28395,Gm40487,1
28397,Gm40492,1
28399,Gm40505,1
28407,Gm40562,1
28410,Gm40576,1
28411,Gm40577,2
28415,Gm40610,1
28417,Gm40617,1
28418,Gm40634,1
28419,Gm40635,1
28420,Gm40636,2
28422,Gm40642,1
28423,Gm40644,1
28426,Gm40669,1
28430,Gm40679,2
28432,Gm40684,1
28433,Gm40692,1
28439,Gm40725,1
28440,Gm40726,1
28444,Gm40744,1
28448,Gm40773,1
28449,Gm40775,1
28450,Gm40780,1
28451,Gm40783,1
28452,Gm40785,1
28456,Gm40804,1
28457,Gm40814,1
28461,Gm40832,1
28462,Gm40840,1
28464,Gm40847,2
28465,Gm40857,1
28467,Gm40881,1
28471,Gm40904,1
28474,Gm40917,1
28481,Gm40942,1
28483,Gm40952,1
28486,Gm40962,1
28487,Gm40972,1
28488,Gm40976,1
28490,Gm40982,1
28491,Gm40983,1
28492,Gm40987,1
28494,Gm40996,1
28496,Gm41003,1
28498,Gm41007,1
28499,Gm41025,2
28500,Gm41027,1
28501,Gm41030,2
28503,Gm41032,1
28507,Gm41046,1
28508,Gm41053,1
28509,Gm41054,1
28513,Gm41063,1
28514,Gm41065,1
28516,Gm4107,1
28517,Gm41070,1
28520,Gm41088,1
28522,Gm41101,1
28523,Gm41102,1
28525,Gm41109,1
28527,Gm41111,1
28530,Gm41118,1
28531,Gm41125,1
28533,Gm41131,1
28535,Gm41141,1
28537,Gm41146,1
28538,Gm41147,1
28539,Gm41148,1
28546,Gm41175,1
28547,Gm41177,1
28548,Gm41181,1
28549,Gm41182,1
28551,Gm41192,1
28553,Gm4120,1
28555,Gm41210,1
28557,Gm41217,1
28561,Gm41244,1
28566,Gm41261,1
28569,Gm41286,1
28570,Gm41290,1
28575,Gm41302,1
28576,Gm41303,1
28579,Gm41306,2
28583,Gm41311,1
28585,Gm41334,1
28588,Gm41347,1
28590,Gm41358,1
28592,Gm41362,1
28593,Gm41363,2
28603,Gm41399,1
28606,Gm41406,1
28607,Gm41408,1
28610,Gm41419,1
28618,Gm41451,1
28621,Gm41484,1
28622,Gm41485,1
28623,Gm41492,1
28625,Gm41499,2
28629,Gm41508,1
28630,Gm41509,1
28631,Gm4151,1
28638,Gm41543,1
28639,Gm41546,1
28640,Gm41550,1
28642,Gm41555,1
28644,Gm41559,1
28647,Gm41564,2
28648,Gm41565,1
28649,Gm41577,1
28651,Gm41585,1
28655,Gm41591,2
28656,Gm41597,1
28659,Gm41615,1
28672,Gm41670,1
28673,Gm41672,1
28677,Gm41686,1
28678,Gm41692,1
28684,Gm41702,1
28688,Gm41714,1
28689,Gm41718,1
28693,Gm41741,1
28701,Gm41762,1
28702,Gm41767,1
28706,Gm41784,1
28707,Gm41788,1
28708,Gm41790,1
28712,Gm41805,1
28713,Gm41813,1
28715,Gm41836,1
28716,Gm41842,1
28718,Gm41845,1
28721,Gm41850,1
28725,Gm41862,1
28726,Gm41865,1
28730,Gm41913,1
28733,Gm41923,1
28734,Gm41934,1
28735,Gm41935,1
28740,Gm41956,1
28741,Gm41960,1
28742,Gm41966,1
28743,Gm41969,1
28744,Gm41977,1
28746,Gm41981,1
28748,Gm41996,1
28752,Gm42009,1
28753,Gm42010,1
28757,Gm42019,1
28758,Gm42020,1
28761,Gm42034,1
28765,Gm42059,1
28768,Gm42072,1
28769,Gm42075,1
28772,Gm42081,1
28773,Gm42088,1
28777,Gm42126,1
28779,Gm42129,1
28785,Gm42151,1
28786,Gm42154,1
28787,Gm42155,1
28789,Gm42163,1
28791,Gm42191,1
28793,Gm42204,1
28804,Gm42257,1
28808,Gm42284,1
28809,Gm42288,1
28815,Gm42318,1
28816,Gm42320,1
28821,Gm42332,1
28826,Gm42342,1
28827,Gm42346,1
28828,Gm42350,1
28831,Gm42356,1
28832,Gm42357,1
28833,Gm42358,1
28836,Gm42378,1
28845,Gm42759,1
28851,Gm42935,2
28852,Gm43132,1
28864,Gm44008,1
28867,Gm44040,2
28870,Gm4425,1
28871,Gm44264,1
28874,Gm44507,2
28877,Gm44788,1
28878,Gm44867,1
28880,Gm44968,2
28882,Gm4513,1
28887,Gm45370,1
28891,Gm4553,1
28892,Gm4559,1
28894,Gm45618,1
28896,Gm4565,1
28897,Gm45723,1
28902,Gm45913,1
28906,Gm45928,1
28907,Gm45935,1
28910,Gm45949,1
28911,Gm45966,1
28920,Gm46013,1
28922,Gm46023,1
28923,Gm46029,1
28926,Gm46039,1
28929,Gm46044,1
28933,Gm46059,1
28936,Gm46069,1
28937,Gm46070,1
28938,Gm46071,1
28952,Gm46144,2
28961,Gm46174,1
28971,Gm46246,1
28976,Gm46280,1
28982,Gm46290,2
28984,Gm46300,1
28988,Gm46329,1
28991,Gm46343,2
28992,Gm46346,1
28994,Gm46353,2
28997,Gm46358,1
29001,Gm46371,1
29002,Gm46382,1
29004,Gm46410,1
29005,Gm46423,2
29009,Gm46458,1
29010,Gm46464,1
29011,Gm46466,1
29012,Gm46468,1
29015,Gm46491,2
29016,Gm46502,1
29017,Gm46520,1
29018,Gm46526,2
29022,Gm46536,1
29024,Gm46545,1
29025,Gm46550,1
29027,Gm46558,1
29032,Gm46579,1
29035,Gm46590,2
29036,Gm46591,2
29045,Gm46626,1
29048,Gm46645,1
29049,Gm4665,1
29051,Gm46655,1
29055,Gm46721,1
29056,Gm46722,1
29062,Gm46736,1
29066,Gm46748,1
29069,Gm46757,1
29071,Gm46762,1
29072,Gm46768,2
29073,Gm46772,1
29074,Gm46775,2
29075,Gm46787,1
29083,Gm46816,1
29085,Gm46822,1
29087,Gm46826,1
29100,Gm46887,1
29102,Gm46891,1
29104,Gm46905,2
29105,Gm46910,1
29106,Gm46911,1
29109,Gm46919,1
29111,Gm46921,1
29115,Gm46942,2
29119,Gm46962,1
29127,Gm4718,1
29129,Gm4736,1
29133,Gm47612,1
29134,Gm47629,1
29136,Gm47708,1
29137,Gm47814,1
29139,Gm47889,1
29141,Gm4793,1
29142,Gm47944,1
29143,Gm47978,1
29144,Gm47985,1
29147,Gm48012,1
29149,Gm48071,1
29154,Gm48284,1
29155,Gm48293,1
29157,Gm48355,1
29158,Gm4836,1
29163,Gm48837,1
29165,Gm48923,1
29167,Gm4922,1
29174,Gm49760,1
29175,Gm4981,1
29180,Gm50212,1
29187,Gm50597,1
29188,Gm50602,1
29189,Gm50604,1
29194,Gm50628,1
29198,Gm5088,2
29201,Gm5095,1
29207,Gm51402,1
29209,Gm51404,1
29211,Gm51410,2
29213,Gm51421,1
29217,Gm5144,1
29240,Gm51492,1
29248,Gm5154,1
29250,Gm51547,1
29255,Gm51570,1
29259,Gm51574,1
29261,Gm51586,1
29262,Gm51590,1
29263,Gm51594,1
29264,Gm51595,1
29271,Gm5161,1
29273,Gm51631,1
29276,Gm51644,1
29283,Gm51664,1
29286,Gm51672,1
29288,Gm51681,1
29290,Gm51699,1
29292,Gm51705,1
29296,Gm51741,1
29298,Gm51751,1
29301,Gm51759,1
29303,Gm51780,1
29304,Gm51787,1
29306,Gm51792,1
29308,Gm51795,1
29313,Gm51808,1
29322,Gm51872,1
29328,Gm51891,1
29331,Gm51898,1
29333,Gm51901,1
29337,Gm51914,1
29341,Gm51919,1
29349,Gm51937,1
29350,Gm51939,2
29355,Gm51969,1
29356,Gm51985,1
29357,Gm51986,2
29359,Gm51988,2
29362,Gm52002,1
29363,Gm52003,2
29366,Gm52025,2
29372,Gm52050,1
29377,Gm52089,2
29378,Gm52090,1
29379,Gm52092,1
29380,Gm52093,1
29381,Gm52102,1
29382,Gm52104,1
29384,Gm52106,2
29385,Gm52108,2
29388,Gm52116,1
29391,Gm52122,1
29393,Gm52125,1
29399,Gm52133,1
29400,Gm52136,1
29404,Gm52172,1
29409,Gm52179,1
29411,Gm52183,1
29418,Gm52202,2
29420,Gm52214,1
29421,Gm52230,1
29430,Gm52253,1
29431,Gm52261,1
29434,Gm52283,1
29435,Gm52284,2
29440,Gm52301,1
29441,Gm52302,1
29445,Gm52313,1
29446,Gm52318,2
29450,Gm52333,1
29452,Gm52341,1
29454,Gm52344,1
29456,Gm52348,1
29467,Gm52391,1
29471,Gm52402,1
29473,Gm52421,1
29475,Gm52440,1
29477,Gm52482,1
29478,Gm52483,1
29479,Gm52485,1
29489,Gm52524,1
29491,Gm52526,1
29493,Gm52531,1
29497,Gm52555,2
29502,Gm52569,2
29503,Gm52570,1
29505,Gm52604,1
29506,Gm52611,1
29510,Gm52623,1
29513,Gm52634,1
29514,Gm52637,1
29515,Gm52672,1
29516,Gm52674,1
29517,Gm52677,1
29521,Gm52683,1
29524,Gm52688,1
29525,Gm52691,1
29526,Gm52697,1
29534,Gm52709,1
29535,Gm52710,1
29536,Gm52712,2
29539,Gm52719,1
29541,Gm52727,1
29546,Gm52738,1
29547,Gm52741,1
29548,Gm52763,1
29549,Gm52767,2
29550,Gm52771,1
29551,Gm52775,1
29552,Gm52778,2
29555,Gm52788,1
29560,Gm52808,1
29561,Gm52810,1
29563,Gm52812,1
29567,Gm52824,1
29569,Gm52828,1
29574,Gm52864,1
29585,Gm52913,1
29586,Gm52916,1
29588,Gm52919,1
29589,Gm52920,1
29590,Gm52922,2
29597,Gm53067,1
29598,Gm53172,1
29599,Gm53175,2
29600,Gm53183,1
29602,Gm53195,1
29612,Gm53246,1
29613,Gm53257,1
29614,Gm53258,1
29618,Gm53269,1
29622,Gm53285,1
29623,Gm53287,1
29626,Gm53292,1
29627,Gm53293,1
29629,Gm53296,1
29630,Gm53298,1
29632,Gm53300,2
29633,Gm53301,1
29635,Gm53306,1
29636,Gm53313,1
29639,Gm53327,1
29648,Gm53357,3
29652,Gm53371,1
29655,Gm53377,2
29659,Gm53388,1
29661,Gm53393,1
29665,Gm53401,1
29666,Gm53404,2
29667,Gm53407,1
29669,Gm53410,2
29673,Gm53427,1
29677,Gm53444,1
29681,Gm53455,1
29684,Gm53467,2
29687,Gm53473,1
29689,Gm53480,1
29690,Gm53487,1
29691,Gm53488,1
29695,Gm53513,1
29699,Gm53518,1
29700,Gm53520,1
29703,Gm53526,1
29705,Gm53528,2
29706,Gm53529,1
29707,Gm53533,1
29710,Gm53544,1
29711,Gm53546,1
29713,Gm53553,1
29720,Gm53574,1
29723,Gm53578,1
29727,Gm53595,1
29728,Gm53597,1
29730,Gm536,1
29734,Gm53608,1
29737,Gm53617,1
29738,Gm53618,1
29739,Gm53622,2
29741,Gm53632,1
29744,Gm53638,1
29746,Gm53643,1
29752,Gm53657,1
29753,Gm53660,1
29755,Gm53664,1
29756,Gm53665,1
29757,Gm53666,1
29758,Gm53671,1
29762,Gm53682,1
29764,Gm53687,1
29765,Gm53689,1
29767,Gm53691,1
29768,Gm53700,1
29775,Gm53721,1
29776,Gm53723,1
29784,Gm53744,1
29785,Gm53751,1
29788,Gm53760,2
29790,Gm53763,1
29792,Gm53766,1
29794,Gm53783,1
29796,Gm53787,1
29798,Gm53795,1
29799,Gm53796,1
29804,Gm53815,1
29805,Gm53816,2
29806,Gm53817,1
29813,Gm53844,1
29814,Gm53849,1
29815,Gm53858,1
29818,Gm53863,1
29821,Gm53872,1
29823,Gm53877,1
29824,Gm53878,1
29825,Gm53881,1
29828,Gm53899,1
29830,Gm53902,1
29831,Gm53903,1
29833,Gm53905,1
29837,Gm53915,1
29844,Gm53931,1
29847,Gm53936,1
29848,Gm53938,2
29852,Gm53960,2
29853,Gm53964,1
29855,Gm53971,1
29856,Gm53973,2
29858,Gm53975,1
29860,Gm53980,1
29861,Gm53982,1
29862,Gm53983,1
29863,Gm53984,1
29864,Gm53985,2
29868,Gm53998,1
29869,Gm54004,1
29870,Gm54006,1
29873,Gm54011,1
29874,Gm54014,1
29876,Gm54025,1
29878,Gm54037,1
29879,Gm54039,1
29880,Gm54040,2
29885,Gm54052,1
29887,Gm54059,1
29888,Gm54071,1
29889,Gm54078,2
29890,Gm54086,1
29891,Gm54095,1
29892,Gm54096,1
29894,Gm54103,1
29896,Gm54111,1
29903,Gm54125,1
29905,Gm54129,1
29906,Gm54130,1
29907,Gm54131,1
29909,Gm54134,1
29910,Gm54144,1
29914,Gm54155,2
29917,Gm54163,1
29919,Gm54170,1
29921,Gm54186,1
29922,Gm54189,1
29923,Gm54191,2
29924,Gm54195,2
29929,Gm54215,1
29932,Gm54222,1
29935,Gm54230,1
29936,Gm54233,1
29937,Gm5424,1
29941,Gm54247,1
29942,Gm54248,2
29943,Gm54249,1
29944,Gm54252,1
29947,Gm54256,1
29955,Gm54266,1
29956,Gm54267,2
29959,Gm54272,1
29962,Gm54278,1
29963,Gm54284,1
29965,Gm54298,1
29967,Gm54308,1
29973,Gm54329,1
29977,Gm5445,1
29978,Gm5460,3
29980,Gm5475,1
29981,Gm5476,1
29982,Gm5477,1
29983,Gm5478,1
29986,Gm5523,1
29989,Gm5546,1
29990,Gm5553,1
29991,Gm5563,1
29994,Gm5600,1
29996,Gm5627,1
29999,Gm5737,1
30002,Gm5796,1
30006,Gm5861,1
30008,Gm5893,1
30011,Gm5926,1
30013,Gm5955,1
30014,Gm5965,1
30021,Gm6176,1
30022,Gm6194,2
30023,Gm6260,1
30027,Gm6351,1
30030,Gm6460,1
30031,Gm6485,1
30034,Gm6525,1
30036,Gm6566,1
30041,Gm6647,1
30042,Gm6653,1
30043,Gm6664,1
30044,Gm671,1
30047,Gm6729,1
30049,Gm6756,1
30052,Gm6936,3
30053,Gm6958,1
30056,Gm7030,1
30057,Gm7094,1
30059,Gm7104,2
30063,Gm7194,1
30064,Gm7206,1
30065,Gm7240,1
30067,Gm7337,1
30068,Gm7356,1
30069,Gm7358,1
30070,Gm7361,1
30073,Gm7579,1
30075,Gm7735,1
30076,Gm7789,1
30078,Gm7932,1
30081,Gm7982,1
30082,Gm8016,1
30083,Gm8024,1
30085,Gm8062,1
30086,Gm8068,1
30089,Gm8082,1
30100,Gm826,2
30102,Gm829,1
30104,Gm831,1
30106,Gm8350,1
30111,Gm8618,1
30113,Gm867,1
30114,Gm8700,1
30116,Gm8773,1
30117,Gm8871,1
30118,Gm8882,1
30119,Gm8909,2
30122,Gm904,1
30124,Gm9195,1
30127,Gm9257,2
30128,Gm9271,1
30131,Gm9507,1
30134,Gm9567,2
30136,Gm9631,1
30141,Gm9748,1
30142,Gm9750,1
30143,Gm9758,1
30147,Gm9867,2
30148,Gm9884,1
30153,Gm9902,1
30157,Gm9936,1
30158,Gm9946,1
30168,Gmnc,2
30177,Gna14,1
30178,Gna15,1
30199,Gng14,1
30202,Gng5,1
30205,Gnl1,1
30238,Gpa33,2
30261,Gper1,2
30262,Gpha2,1
30266,Gpihbp1,1
30274,Gpr101,1
30279,Gpr137,1
30296,Gpr17,1
30297,Gpr173,1
30301,Gpr182,2
30308,Gpr31b,1
30312,Gpr39,2
30313,Gpr4,1
30327,Gprasp1,1
30329,Gprc5a,1
30340,Gpt,1
30343,Gpx2-ps1,1
30346,Gpx6,1
30350,Gramd1c,1
30354,Grap,1
30355,Grap2,1
30359,Grb7,2
30374,Grid2ip,5
30392,Grk1,1
30393,Grk2,2
30413,Gsc,1
30414,Gsc2,1
30415,Gsdma,1
30416,Gsdma2,1
30418,Gsdmcl1,1
30420,Gsdmd,1
30434,Gsta1,1
30437,Gsta5,1
30442,Gstm3,1
30454,Gstt3,1
30455,Gsx2,2
30475,Gtf3c6,2
30484,Guca1b,1
30485,Guca2a,1
30499,Gypc,1
30501,Gzmb,1
30502,Gzmc,1
30503,Gzmd,1
30504,Gzmm,2
30515,H1f7,1
30517,H2-Aa,1
30523,H2-DMb2,1
30526,H2-M10.4,1
30527,H2-M10.5,1
30528,H2-M2,1
30531,H2-Oa,1
30533,H2-Q10,1
30536,H2-Q6,2
30537,H2-Q7,1
30544,H2ab2,1
30545,H2ac10,1
30546,H2ac13,1
30550,H2ac24,1
30553,H2ac7,1
30554,H2ac8,1
30583,H4c1,1
30596,H60b,1
30599,Habp2,1
30610,Haglr,1
30613,Hamp2,1
30614,Hand2,1
30616,Hapln1,1
30618,Hapln4,2
30624,Has3,2
30632,Hba-a1,1
30633,Hba-a2,1
30640,Hcar2,1
30648,Hcn4,1
30649,Hcrt,1
30663,Hdc,1
30672,Hdnr,1
30673,Hdx,1
30692,Helz,1
30693,Helz2,2
30704,Hes2,1
30724,Hhip,1
30749,Hipk4,1
30755,Hjv,2
30763,Hlx,1
30766,Hmcn1,1
30770,Hmga2,3
30786,Hmox1,2
30789,Hmx3,1
30790,Hnf1a,1
30791,Hnf4a,1
30793,Hnf4g,1
30799,Hnrnpdl,1
30818,Hotairm1,1
30820,Hoxa10-hoxa9,1
30821,Hoxa11,1
30822,Hoxa3,3
30823,Hoxa5,1
30825,Hoxb1,1
30827,Hoxb3,1
30828,Hoxb4,1
30830,Hoxb7,1
30833,Hoxc12,1
30834,Hoxc13,1
30835,Hoxc4,2
30836,Hoxc6,1
30837,Hoxc8,1
30838,Hoxc9,1
30839,Hoxd10,2
30840,Hoxd11,1
30841,Hoxd12,2
30843,Hoxd8,1
30859,Hpse,1
30867,Hrob,3
30884,Hsd17b1,1
30892,Hsd3b1,1
30893,Hsd3b2,1
30894,Hsd3b5,1
30898,Hsf2,1
30900,Hsf5,1
30913,Hspb1,1
30914,Hspb2,1
30916,Hspb7,1
30931,Htr2c,1
30944,Hus1b,1
30947,Hyal1,1
30950,Hycc2,1
30951,Hydin,2
30958,I730030J21Rik,1
30968,Icam2,1
30997,Ifi202b,1
30998,Ifi211,1
31002,Ifi47,1
31009,Ifitm3,1
31011,Ifna14,1
31012,Ifna4,1
31013,Ifna5,1
31015,Ifnab,1
31024,Ifrd1,1
31041,Igbp1,1
31048,Igf2bp1,2
31052,Igfals,1
31053,Igfbp1,2
31061,Igll1,1
31063,Igsf1,1
31068,Igsf5,1
31069,Igsf6,1
31074,Ihh,1
31076,Ikbip,1
31083,Il10ra,1
31088,Il12rb2,1
31089,Il13,1
31090,Il13ra1,1
31097,Il17f,1
31099,Il17rb,2
31100,Il17rc,1
31105,Il18r1,1
31106,Il19,1
31112,Il1rn,1
31113,Il20ra,1
31117,Il27,1
31120,Il31ra,1
31147,Impg2,1
31160,Inhbb,1
31162,Inhca,1
31181,Ins1,1
31193,Ints11,1
31208,Ip6k1,1
31218,Ipo8,1
31222,Iqank1,1
31223,Iqca1l,1
31228,Iqcf5,1
31229,Iqcf6,1
31233,Iqgap3,1
31240,Irak1,1
31249,Irf4,1
31257,Irgm2,1
31262,Irs4,1
31263,Irx1,1
31265,Irx3,1
31268,Irx6,1
31272,Isg20l2,1
31274,Isl2,1
31278,Ism2,1
31301,Itgal,1
31309,Itgb6,2
31312,Itih1,1
31323,Itpr1,3
31333,Ivd,1
31334,Ivl,1
31337,Izumo1r,2
31338,Izumo2,1
31348,Jak3,1
31361,Jkampl,1
31372,Jpx,1
31383,Kank4,1
31429,Kcnd3os,1
31430,Kcne1,1
31452,Kcnj15,2
31453,Kcnj16,1
31465,Kcnk15,1
31467,Kcnk18,1
31477,Kcnmb4,1
31488,Kcns1,1
31494,Kcnv2,2
31495,Kcp,1
31515,Kdelr3,1
31516,Kdf1,1
31548,Kif14,2
31551,Kif18b,1
31552,Kif19a,1
31566,Kif28,2
31568,Kif2b,1
31573,Kif4,1
31589,Kirrel3os,2
31590,Kis2,1
31603,Klf14,1
31606,Klf17,1
31619,Klhdc7b,1
31624,Klhl10,1
31628,Klhl14,1
31640,Klhl30,1
31654,Klk10,2
31655,Klk12,1
31656,Klk13,2
31657,Klk15,2
31662,Klk1b5,2
31663,Klk1b7-ps,2
31666,Klk4,1
31668,Klk6,3
31669,Klk7,1
31670,Klk8,1
31671,Klk9,1
31672,Klrg1,1
31683,Knl1,1
31685,Knstrn,1
31690,Kpna7,1
31694,Krcc1,1
31696,Kremen2,1
31698,Krit1,1
31703,Krt14,3
31704,Krt16,1
31707,Krt20,1
31711,Krt31,1
31712,Krt32,1
31714,Krt35,1
31715,Krt42,1
31717,Krt6a,1
31718,Krt6b,1
31719,Krt72,1
31720,Krt73,1
31721,Krt76,1
31725,Krt8,1
31726,Krt81,2
31728,Krt83,1
31738,Krtap12-1,1
31741,Krtap16-3,1
31743,Krtap2-4,1
31744,Krtap29-1,2
31745,Krtap3-3,1
31746,Krtap4-13,1
31749,Krtap5-5,1
31751,Krtap7-1,1
31753,Krtdap,2
31762,L1td1,1
31773,Lalba,1
31780,Lamb2,2
31781,Lamb3,3
31784,Lamc3,1
31786,Lamp2,1
31812,Lats1,1
31819,Lbx2,1
31822,Lcat,1
31823,Lce1b,1
31824,Lce1d,1
31825,Lce1f,1
31826,Lce1g,1
31827,Lce1i,1
31828,Lce1j,1
31830,Lce3d,1
31832,Lce3f,1
31836,Lcn10,1
31837,Lcn11,1
31838,Lcn15,1
31840,Lcn5,1
31841,Lcn6,1
31842,Lcn8,1
31843,Lcn9,1
31847,Lctl,1
31854,Ldhal6b,1
31856,Ldhc,1
31859,Ldlrad1,1
31862,Ldlrap1,1
31863,Ldoc1,1
31865,Lect2,1
31870,Lemd1,2
31873,Lenep,1
31878,Lepr,1
31886,Lfng,1
31887,Lgals1,1
31889,Lgals3,1
31894,Lgals9,1
31904,Lhb,1
31924,Lilra5,1
31934,Lin28a,2
31943,Lincmd1,1
31945,Lincred2,1
31980,Lmntd2,1
31986,Lmod3,1
31989,Lncbate1,1
31992,Lncbate6,2
31999,Lnx2,1
32000,LOC100038987,2
32001,LOC100038995,1
32017,LOC102633783,1
32018,LOC102634529,1
32023,LOC102637806,1
32025,LOC102639428,1
32031,LOC105246046,1
32032,LOC105246914,1
32034,LOC105247292,1
32036,LOC108167316,1
32038,LOC108167750,1
32039,LOC108168361,1
32043,LOC108168713,1
32046,LOC115486409,1
32048,LOC115486425,1
32051,LOC115486836,2
32052,LOC115487053,1
32058,LOC115487266,1
32061,LOC115487288,1
32070,LOC115487524,1
32073,LOC115487528,1
32075,LOC115487656,1
32077,LOC115487659,2
32082,LOC115487694,1
32085,LOC115487895,1
32086,LOC115487896,1
32088,LOC115487899,1
32094,LOC115488071,1
32095,LOC115488076,1
32096,LOC115488130,1
32097,LOC115488151,1
32099,LOC115488221,2
32102,LOC115488227,1
32103,LOC115488228,1
32104,LOC115488229,1
32107,LOC115488232,1
32108,LOC115488270,1
32109,LOC115488399,1
32110,LOC115488405,1
32111,LOC115488406,2
32112,LOC115488407,1
32113,LOC115488414,1
32115,LOC115488417,1
32126,LOC115488702,1
32128,LOC115488843,1
32135,LOC115489019,1
32136,LOC115489052,1
32137,LOC115489054,1
32139,LOC115489094,1
32140,LOC115489221,2
32141,LOC115489222,1
32142,LOC115489223,1
32144,LOC115489225,1
32145,LOC115489226,1
32146,LOC115489227,1
32147,LOC115489229,1
32148,LOC115489230,1
32151,LOC115489265,1
32156,LOC115489376,1
32157,LOC115489511,2
32158,LOC115489545,1
32159,LOC115489596,1
32164,LOC115489619,1
32166,LOC115489633,1
32167,LOC115489723,1
32168,LOC115489812,1
32172,LOC115489833,1
32175,LOC115489837,1
32186,LOC115490142,2
32191,LOC115490285,1
32194,LOC115490409,1
32195,LOC115490439,1
32197,LOC115490475,1
32203,LOC118567335,1
32204,LOC118567361,1
32207,LOC118567385,1
32208,LOC118567399,2
32210,LOC118567458,1
32211,LOC118567473,1
32220,LOC118567658,1
32221,LOC118567689,2
32222,LOC118567699,2
32225,LOC118567825,1
32226,LOC118567827,1
32227,LOC118567843,1
32229,LOC118567877,1
32231,LOC118567921,1
32235,LOC118568073,1
32242,LOC118568318,1
32244,LOC118568329,1
32247,LOC118568377,1
32249,LOC118568397,1
32255,LOC118568475,2
32267,LOC118568669,1
32271,LOC118568781,2
32274,LOC122152370,2
32276,LOC630077,1
32277,LOC664787,1
32285,Lox,2
32286,Loxhd1,1
32289,Loxl3,1
32293,Lpar3,1
32298,Lpcat4,1
32330,Lrp2,1
32334,Lrp5,1
32347,Lrrc18,1
32351,Lrrc25,1
32357,Lrrc32,2
32358,Lrrc38,2
32363,Lrrc45,1
32377,Lrrc71,2
32405,Lrwd1,1
32424,Lta,1
32443,Lvrn,1
32445,Ly6a,3
32456,Ly6i,2
32457,Ly6k,1
32460,Ly75,1
32461,Ly86,1
32494,Mab21l4,1
32506,Madcam1,1
32509,Mael,1
32517,Mag,2
32541,Mamdc4,1
32563,Maob,1
32566,Map1b,2
32579,Map3k11,1
32583,Map3k15,1
32604,Map7d3,1
32610,Mapk13,1
32612,Mapk15,1
32642,Marchf9,1
32645,Marcksl1-ps4,1
32653,Marveld2,1
32654,Marveld3,1
32662,Mastl,1
32676,Mb21d2,3
32685,Mbnl3,1
32693,Mc3r,1
32695,Mc5r,1
32701,Mcemp1,1
32720,Mcpt1,1
32721,Mcpt2,2
32735,Mdga1,2
32751,Mecomos,1
32766,Med19,1
32788,Megf6,2
32794,Meikin,1
32796,Meioc,1
32805,Meox1,1
32815,Metrn,1
32825,Mettl23,1
32840,Mex3d,1
32846,Mfap5,2
32857,Mfsd13b,1
32868,Mfsd4b5,2
32874,Mgarp,1
32878,Mgat4e,1
32881,Mgl2,2
32919,Milr1,1
32932,Mir101c,1
32935,Mir1199,1
32937,Mir12183,1
32938,Mir12184,3
32940,Mir12186,1
32941,Mir12190,1
32942,Mir12197,1
32943,Mir12198,1
32945,Mir12203,1
32947,Mir1231,2
32954,Mir126b,1
32955,Mir127,1
32959,Mir1306,1
32963,Mir133c,1
32964,Mir135b,1
32969,Mir142,1
32974,Mir150,1
32976,Mir1668,3
32978,Mir181c,1
32979,Mir184,1
32980,Mir185,1
32981,Mir187,2
32987,Mir1906-2,1
32989,Mir1930,1
32990,Mir1932,1
32991,Mir1936,1
32998,Mir1963,1
33000,Mir196a-2,1
33001,Mir1970c,1
33005,Mir202,2
33007,Mir208a,1
33010,Mir2137,1
33011,Mir2139,2
33014,Mir25,1
33016,Mir26a-2,1
33017,Mir28b,1
33019,Mir29b-2,1
33020,Mir29c,1
33021,Mir300,1
33022,Mir3058,1
33023,Mir3067,1
33025,Mir3074-1,1
33030,Mir3088,1
33034,Mir3102,1
33035,Mir3105,1
33038,Mir33,1
33040,Mir339,1
33042,Mir342,2
33045,Mir3473c,1
33052,Mir365-2,1
33053,Mir370,1
33054,Mir375,1
33056,Mir3965,1
33057,Mir3968,2
33060,Mir431,1
33061,Mir449a,1
33062,Mir455,1
33064,Mir486,1
33068,Mir499,1
33069,Mir5046,2
33071,Mir5099,1
33077,Mir5120,2
33079,Mir5124b,1
33085,Mir5618,1
33088,Mir574,1
33090,Mir6240,1
33091,Mir6241,1
33092,Mir6339,1
33093,Mir6346,2
33095,Mir6351,1
33098,Mir6359,1
33103,Mir6371,1
33104,Mir6374,2
33109,Mir6393,2
33114,Mir6408,1
33117,Mir6417,2
33120,Mir6539,1
33124,Mir664,1
33125,Mir668,1
33129,Mir678,1
33130,Mir681,1
33131,Mir683-2,1
33135,Mir6901,1
33137,Mir6904,2
33139,Mir6906,1
33140,Mir6908,1
33143,Mir6915,1
33145,Mir6918,1
33146,Mir692-1,1
33149,Mir6921,1
33153,Mir6941,1
33154,Mir6942,1
33156,Mir6944,1
33158,Mir6955,2
33160,Mir6957,1
33162,Mir6963,1
33165,Mir6967-1,1
33166,Mir6967-2,1
33167,Mir6969,1
33179,Mir6996,1
33184,Mir7005,1
33186,Mir701,1
33187,Mir7010,2
33192,Mir7018,1
33197,Mir7025,1
33200,Mir7030,1
33201,Mir7031,1
33203,Mir7033,1
33204,Mir7034,1
33205,Mir7038,2
33207,Mir7040,1
33212,Mir7047,1
33214,Mir705,1
33215,Mir7051,1
33216,Mir7052,1
33218,Mir7055,1
33221,Mir7059,1
33222,Mir7060,1
33223,Mir7061,1
33227,Mir7068,2
33230,Mir7072,1
33231,Mir7074,2
33233,Mir7077,2
33235,Mir7082,1
33238,Mir7116,1
33239,Mir7117,1
33244,Mir7215,1
33252,Mir7233,1
33255,Mir7578,2
33256,Mir759,1
33259,Mir7652,1
33261,Mir7657,1
33262,Mir7659,1
33270,Mir7674,1
33273,Mir7678,2
33274,Mir7683,1
33275,Mir7684,1
33279,Mir7689,1
33280,Mir770,2
33287,Mir8100,1
33295,Mir8115,1
33297,Mir8117,1
33302,Mir882,1
33303,Mir9-3,1
33307,Mir96,1
33308,Mir9718,1
33311,Mir99b,1
33313,Mir9b-3,1
33314,Mirc35hg,1
33316,Mirlet7c-2,1
33324,Mixl1,1
33331,Mkrn2os,1
33340,Mlkl,1
33355,Mme,1
33358,Mmp11,1
33359,Mmp14,1
33363,Mmp2,1
33367,Mmp25,2
33368,Mmp28,1
33379,Mnx1,1
33392,Mogat1,1
33401,Morc4,1
33405,Morn3,1
33414,Mov10l1,1
33442,Mpzl2,1
33444,Mrap,1
33451,Mrgpra2b,1
33452,Mrgprd,1
33456,Mri1,2
33466,Mroh7,1
33471,Mrpl13,1
33485,Mrpl28,1
33487,Mrpl32,1
33514,Mrps21,1
33533,Ms4a8a,1
33536,Msantd3,1
33550,Msln,3
33558,Msrb3,1
33559,Mst1r,3
33566,Mt4,3
33615,Mtnr1b,1
33625,Mttp,1
33632,Muc2,1
33633,Muc20,1
33634,Muc3,1
33637,Muc6,1
33638,Mucl3,1
33640,Mup-ps16,1
33645,Mvp,1
33656,Myb,2
33659,Mybl2,1
33660,Mybpc1,1
33662,Mybpc3,1
33673,Myef2l,1
33674,Myf5,2
33680,Myh6,1
33684,Myl10,1
33688,Myl3,1
33701,Myo15a,1
33702,Myo15b,1
33712,Myo1g,1
33723,Myoc,1
33725,Myod1,1
33726,Myof,1
33728,Myom2,1
33731,Myot,1
33732,Myoz3,1
33734,Myrf,2
33744,n-R5s100,2
33747,n-R5s25,1
33761,Naa35,1
33786,Nags,1
33788,Naip6,1
33814,Nat3,1
33817,Nat8f3,2
33819,Nat8f7,2
33840,Ncapg,1
33844,Nccrp1,1
33849,Ncf4,1
33855,Nckap5los,1
33889,Ndufa11b,1
33899,Ndufa9,1
33910,Ndufb4b,1
33914,Ndufb9,1
33938,Nefm,1
33952,Nek8,1
33970,Neu4,2
33973,Neurl2,1
33978,Neurog1,1
33991,Nfatc4,1
34016,Ngb,2
34021,Ngly1,1
34063,Nkapd1,1
34065,Nkd2,1
34071,Nkx1-1,1
34072,Nkx1-2,2
34074,Nkx2-2,1
34075,Nkx2-4,1
34076,Nkx2-5,1
34077,Nkx2-6,1
34078,Nkx2-9,1
34087,Nlrc5,2
34089,Nlrp1a,1
34090,Nlrp3,2
34091,Nlrp5-ps,1
34101,Nme5,2
34104,Nme8,1
34112,Nmu,1
34113,Nmur1,1
34114,Nmur2,1
34115,Nnat,1
34124,Nodal,1
34149,Nos3,1
34152,Notch1,1
34160,Nox4,1
34170,Npc1l1,1
34174,Npepl1,1
34176,Npff,1
34178,Npffr2,1
34182,Nphs2,1
34199,Npvf,1
34201,Npy,1
34204,Npy4r,1
34209,Nr0b2,2
34215,Nr1i3,1
34219,Nr2e1,1
34228,Nr5a1,1
34247,Nrk,1
34252,Nron,1
34258,Nrtn,3
34299,Ntn4,2
34302,Ntng2,1
34304,Ntrk1,1
34306,Ntrk3,2
34328,Nudt16l2,1
34353,Nup210,1
34361,Nup62cl,1
34369,Nutm1,1
34370,Nutm2,1
34383,Nxph3,2
34384,Nxph4,1
34391,Oas1a,1
34392,Oas1b,1
34393,Oas1g,1
34394,Oas1h,1
34397,Oasl1,1
34404,Obox7,1
34407,Oc90,1
34408,Oca2,1
34423,Odf3b,1
34441,Olfm4,1
34442,Olfm5,1
34449,Olig3,2
34451,Omg,1
34454,Onecut1,1
34456,Onecut3,1
34464,Opn1sw,1
34473,Or10ak9,1
34474,Or10b1,1
34476,Or10d5j,1
34477,Or10g3,1
34478,Or10g7,1
34479,Or10g9b,1
34480,Or10p1,1
34482,Or10p22,1
34483,Or10q1,1
34484,Or10q12,1
34485,Or10q1b,1
34488,Or10x4,1
34489,Or11l3,1
34491,Or12j3,1
34492,Or12j5,1
34494,Or13a28,1
34495,Or13c25,1
34496,Or13c7,1
34497,Or13d1,1
34498,Or13e8,1
34499,Or13j1,2
34500,Or13p4,2
34501,Or14a256,1
34502,Or14c45,1
34503,Or14c46,1
34504,Or1a1,1
34505,Or1a1b,1
34506,Or1ab2,1
34507,Or1ad1,1
34509,Or1j20,1
34510,Or1r1,1
34511,Or1x2,2
34512,Or2a20,1
34513,Or2aa1,1
34514,Or2ab1,1
34517,Or2ak6,1
34521,Or2b2b,1
34525,Or2h2,1
34527,Or2j6,1
34528,Or2o1,1
34529,Or2r11,1
34532,Or2t29,1
34533,Or2t44,1
34534,Or2t45,1
34535,Or2w3,1
34536,Or2w3b,1
34537,Or2w4,1
34538,Or2w6,1
34540,Or2y16,1
34541,Or2y17,1
34542,Or2y1d,1
34545,Or2y8,1
34546,Or2z9,1
34547,Or3a4,1
34548,Or4a81,1
34549,Or4b1d,1
34552,Or4c116,1
34554,Or4d1,1
34555,Or51a10,1
34556,Or51a24,1
34557,Or51a39,1
34558,Or51af1,1
34561,Or51q1,1
34563,Or52ac1,1
34564,Or52b3,1
34565,Or52e7,1
34566,Or52m2,1
34568,Or52p2,1
34570,Or55b3,1
34571,Or55b4,1
34572,Or56b6,1
34573,Or5ac15,1
34574,Or5af2,1
34575,Or5bw2,1
34576,Or5c1,1
34578,Or5m12,1
34580,Or5p4,1
34581,Or5p54,2
34582,Or5t7,1
34583,Or6a2,1
34584,Or6ae1,1
34585,Or6b13,1
34586,Or6b2,1
34588,Or6c204,1
34589,Or6c208,1
34590,Or6f2,2
34591,Or6z1,1
34594,Or8s2,1
34596,Or8s8,1
34598,Or9s14,2
34599,Or9s15,1
34600,Or9s23,1
34605,Orc1,1
34612,Orm3,1
34633,Osm,1
34635,Osr1,1
34636,Osr2,1
34639,Ostf1,1
34649,Otud1,1
34661,Ovol1,3
34662,Ovol2,1
34671,P2rx2,1
34677,P2ry12,1
34680,P2ry6,3
34693,Pabpc1l,1
34696,Pabpc2,2
34709,Padi4,1
34718,Pah,1
34747,Panx3,2
34749,Papln,2
34751,Papolb,1
34754,Pappa2,2
34756,Papss2,2
34766,Pard6a,1
34778,Parp4,1
34782,Parpbp,1
34792,Paupar,2
34795,Pax2,2
34796,Pax4,1
34798,Pax8,1
34799,Pax9,1
34804,Pbp2,1
34805,Pbrm1,1
34810,Pcare,1
34829,Pcdha1,1
34832,Pcdha2,1
34833,Pcdha3,2
34834,Pcdha4,1
34835,Pcdha7,1
34836,Pcdha9,1
34839,Pcdhb10,1
34840,Pcdhb12,1
34841,Pcdhb14,1
34842,Pcdhb16,2
34843,Pcdhb17,1
34844,Pcdhb18,1
34845,Pcdhb19,1
34846,Pcdhb2,1
34847,Pcdhb20,1
34848,Pcdhb22,1
34849,Pcdhb4,1
34850,Pcdhb5,1
34851,Pcdhb8,1
34852,Pcdhb9,1
34854,Pcdhgb6,1
34859,Pced1b,2
34862,Pcgf2,2
34869,Pclaf,1
34892,Pcsk9,1
34913,Pde12,1
34940,Pdha2,1
34946,Pdilt,2
34952,Pdlim3,1
34959,Pdpn,1
34975,Pdzk1,1
34976,Pdzk1ip1,1
34983,Pecam1,1
34984,Pecr,1
34988,Peg12,1
34991,Peg3os,1
35011,Pex11g,1
35026,Pfdn6,1
35037,Pfn4,1
35053,Pglyrp4,1
35058,Pgm5,1
35090,Phf2os1,1
35103,Phlda2,1
35107,Phldb3,1
35110,Phox2a,2
35111,Phox2b,1
35133,Pierce1,1
35156,Pik3ap1,3
35163,Pik3cg,1
35169,Pik3r6,1
35171,Pilra,1
35175,Pimreg,1
35177,Pin1rt1,1
35179,Pinc,1
35204,Pitpnm2os1,1
35224,Pkig,2
35231,Pkp1,1
35235,Pla1a,1
35238,Pla2g12b,1
35240,Pla2g2a,2
35241,Pla2g3,1
35242,Pla2g4a,1
35253,Plac8,2
35257,Platr14,2
35258,Platr20,1
35260,Platr26,1
35276,Plcg2,1
35291,Plek2,1
35305,Plekhg2,1
35314,Plekhm1,1
35324,Plin3,2
35332,Plod1,1
35337,Plpp2,2
35367,Pmaip1,1
35371,Pmfbp1,1
35396,Pnpla5,1
35453,Polr3f,1
35460,Pom121l12,1
35475,Popdc2,1
35482,Pou2af1,1
35487,Pou3f3,2
35489,Pou4f1,2
35493,Pou5f1-rs4,1
35494,Pou5f2,1
35496,Pou6f2,2
35506,Ppcs,1
35539,Ppm1m,2
35554,Ppp1r14b,1
35557,Ppp1r14d,1
35562,Ppp1r17,1
35563,Ppp1r18,1
35621,Pramel1,1
35623,Pramel41,1
35624,Pramel44,1
35633,Prdm12,1
35634,Prdm13,1
35649,Prelid1,1
35652,Prelid3b,1
35657,Prg4,1
35658,Prh1,1
35664,Prim2,1
35668,Prkaa2,1
35682,Prkcd,1
35703,Prm2,1
35712,Prnd,2
35715,Proc,2
35717,Procr,1
35720,Prok1,1
35727,Prorp,1
35732,Prox1,1
35734,Proz,2
35746,Prps1l1,1
35757,Prr23a1,1
35758,Prr23a2,1
35783,Prss28,1
35785,Prss32,1
35786,Prss33,1
35792,Prss42,1
35793,Prss43,1
35795,Prss45,1
35796,Prss47,1
35800,Prss54,2
35803,Prss8,1
35807,Prx,1
35821,Psg19,1
35822,Psg21,1
35840,Psmb8,1
35869,Psors1c2,1
35897,Ptger2,1
35900,Ptges,1
35909,Ptgr3,1
35915,Pthlh,2
35932,Ptpn18,1
35934,Ptpn20,1
35936,Ptpn22,1
35942,Ptpn7,2
35946,Ptprcap,1
35951,Ptprh,1
35967,Pudp,1
35974,Purg,1
35977,Pus7,2
35988,Pwwp4b,1
36006,Pyroxd2,1
36008,Pyy,1
36013,Qrfp,1
36032,Rab11fip1,2
36041,Rab17,1
36060,Rab35,1
36078,Rab44,1
36108,Racgap1,2
36113,Rad21l,1
36120,Rad51b,1
36124,Rad54b,1
36133,Rag2,1
36151,Ranbp1,1
36152,Ranbp10,1
36205,Rassf10,2
36217,Rbakdn,1
36219,Rbbp5,1
36226,Rbfaos,2
36247,Rbm27,1
36257,Rbm46,1
36265,Rbms2,1
36269,Rbmy,1
36270,Rbp1,2
36271,Rbp3,1
36275,Rbpjl,1
36296,Rcn3,1
36301,Rcvrn,1
36306,Rdh5,1
36307,Rdh8,1
36320,Reg4,1
36328,Rem1,2
36331,Renbp,2
36333,Rep15,1
36339,Rerg,2
36343,Ret,1
36348,Rev3l,1
36368,Rfx4,2
36371,Rfx7,1
36372,Rfx8,1
36378,Rgl3,2
36381,Rgr,1
36397,Rgs9,2
36425,Rhox1,1
36426,Rhox11-ps2,1
36427,Rhox2a,1
36429,Rhox4e,1
36430,Rhox4f,1
36431,Rhox5,1
36433,Rhox9,1
36437,Ribc2,1
36443,Rigi,1
36444,Riiad1,1
36462,Riok1,1
36468,Ripk4,1
36472,Ripply3,1
36481,Rln3,1
36497,Rnase2a,1
36498,Rnase2b,1
36529,Rnf138rt1,1
36543,Rnf17,1
36547,Rnf186,1
36551,Rnf20,1
36554,Rnf212b,1
36570,Rnf41,1
36574,Rnf8,1
36583,Rnu1b2,1
36584,Rnu1b6,1
36586,Rnu5g,1
36624,Rpl10l,1
36628,Rpl13-ps6,1
36663,Rpl41,1
36665,Rpl6,1
36688,Rps12-ps24,1
36697,Rps2,1
36724,Rptoros,1
36725,Rpusd1,1
36747,Rrp9,1
36757,Rsl1d1,1
36777,Rtl1,1
36790,Rtp1,2
36798,Rufy4,1
36816,Rxfp4,1
36823,Ryr1,1
36837,S100z,1
36841,S1pr4,1
36842,Saa1,1
36843,Saa2,2
36852,Sagsin1,1
36855,Sall3,1
36856,Sall4,1
36858,Samd10,1
36866,Samd7,1
36872,Sap18b,1
36875,Sap30l,1
36876,Sapcd2,1
36906,Sbsn,1
36921,Scara3,1
36925,Scarf2,1
36939,Scgb1b20,1
36940,Scgb2b26,1
36941,Scgb2b3,1
36944,Scin,1
36958,Scnn1a,6
36959,Scnn1b,1
36965,Scpep1,1
36972,Sct,1
36980,Sdc1,2
37002,Sec1,1
37008,Sec14l4,1
37011,Sec16b,1
37023,Sec31b,1
37033,Sectm1b,1
37043,Selenon,1
37064,Sema5a,1
37081,Septin12,1
37091,Serf1,1
37094,Serhl,1
37100,Serpina10,2
37104,Serpina1b,1
37105,Serpina1c,1
37108,Serpina1f,1
37109,Serpina3b,1
37110,Serpina3f,1
37119,Serpinb6a,1
37120,Serpinb6c,1
37121,Serpinb6d,1
37122,Serpinb6e,1
37125,Serpinb9b,1
37126,Serpinc1,1
37129,Serpinf1,1
37130,Serping1,1
37131,Serpinh1,2
37136,Sertad4,1
37172,Sfrp5,2
37176,Sfta2,1
37177,Sftpa1,1
37178,Sftpb,2
37183,Sgca,1
37195,Sgms2,1
37209,Sh2d1b2,1
37216,Sh3bgr,1
37232,Sh3pxd2b,2
37243,Shbg,1
37251,She,1
37256,Shisa3,1
37271,Shox2,1
37285,Sigirr,2
37295,Sim2,2
37296,Simc1,1
37310,Sit1,1
37313,Six3os1,1
37315,Six6,1
37319,Skap1,1
37325,Skor1,1
37326,Skor2,4
37328,Sla,1
37333,Slamf9,1
37335,Slc10a1,1
37336,Slc10a4,1
37337,Slc10a4-ps,2
37344,Slc12a3,2
37345,Slc12a4,1
37352,Slc13a2os,1
37353,Slc13a3,2
37356,Slc14a2,2
37357,Slc15a1,2
37358,Slc15a3,1
37368,Slc16a4,1
37369,Slc16a5,1
37372,Slc17a3,1
37394,Slc22a14,1
37397,Slc22a18,1
37400,Slc22a21,1
37410,Slc23a4,2
37438,Slc25a31,1
37441,Slc25a34,1
37454,Slc25a47,1
37463,Slc26a5,1
37466,Slc26a9,1
37471,Slc27a5,1
37491,Slc30a2,1
37505,Slc35a4,1
37542,Slc38a8,2
37565,Slc44a4,1
37571,Slc46a2,1
37574,Slc47a2,1
37587,Slc52a3,1
37592,Slc5a4a,1
37596,Slc5a9,1
37603,Slc6a16,1
37607,Slc6a19os,1
37609,Slc6a20a,1
37610,Slc6a20b,1
37613,Slc6a5,1
37616,Slc6a8,1
37620,Slc7a11,1
37642,Slc9c1,1
37643,Slco1a6,2
37652,Slfn1,1
37653,Slfn2,2
37656,Slfn9,1
37680,Smagp,1
37696,Smc2os,1
37702,Smco2,1
37705,Smcr8,1
37721,Smim22,1
37729,Smim36,1
37732,Smim41,1
37741,Smo,3
37755,Smtnl1,1
37796,Snora2b,1
37797,Snora36b,1
37802,Snord116l11,1
37803,Snord116l12,1
37804,Snord116l13,1
37805,Snord116l14,1
37806,Snord116l15,1
37808,Snord116l17,1
37816,Snord55,1
37819,Snord83b,1
37877,Soat2,1
37888,Soga1,1
37906,Sowahd,1
37908,Sox10,1
37912,Sox14,1
37918,Sox21,1
37919,Sox30,1
37922,Sox5os4,1
37934,Sp5,2
37941,Spaca7b,1
37945,Spag17,1
37958,Spata19,1
37974,Spatc1l,1
37986,Speer2,1
37987,Speer4f2,1
37994,Spem2,1
37995,Spem3,1
38000,Spg7,1
38005,Spic,1
38007,Spidr,1
38010,Spin2f,1
38011,Spin2g,1
38013,Spink2,1
38021,Spn-ps,1
38024,Spns2os,1
38034,Spp2,1
38036,Sppl2c,1
38042,Spring1,1
38044,Sprr1b,1
38045,Sprr2a2,1
38046,Sprr2a3,1
38049,Sprr3,1
38066,Sptbn5,1
38093,Srgn,2
38108,Srpx,1
38109,Srr,1
38133,Ssc4d,2
38138,Ssmem1,1
38193,Stard6,1
38200,Stat4,1
38225,Stk26,1
38227,Stk31,1
38259,Stra8,1
38264,Strc,1
38281,Stx2,3
38302,Sugct,1
38317,Sun5,1
38325,Supt7l,1
38333,Susd5,1
38339,Sv2b,2
38342,Svep1,1
38354,Syce1l,1
38355,Syce2,1
38357,Sycn,1
38358,Sycp1,1
38360,Sycp2l,1
38370,Syna,1
38378,Syne4,1
38388,Synpo2l,1
38393,Sypl2,1
38413,Sytl4,1
38414,Sytl5,2
38417,Szt2,1
38419,Taar5,1
38420,Taar7d,1
38422,Taar8c,1
38453,Taf6,1
38456,Taf7l2,1
38460,Tafa4,1
38462,Tagap,1
38467,Tal2,1
38481,Tapbpl,1
38489,Tas1r2,1
38509,Tbc1d22b,1
38537,Tbp,1
38539,Tbpl2,1
38544,Tbx10,1
38545,Tbx15,1
38548,Tbx20,1
38549,Tbx21,1
38550,Tbx22,1
38552,Tbx4,2
38566,Tceal3,1
38570,Tceal9,1
38575,Tcf15,1
38579,Tcf24,1
38587,Tcirg1,1
38588,Tcl1,1
38590,Tcl1b3,1
38591,Tcl1b5,1
38594,Tcp10a,1
38596,Tcp11,1
38599,Tcte1,1
38605,Tdh,1
38606,Tdpoz8,1
38607,Tdrd1,1
38611,Tdrd6,2
38624,Teddm1a,1
38625,Teddm3,1
38631,Tekt5,1
38645,Tep1,1
38646,Tepp,2
38648,Terc,1
38655,Tescl,1
38663,Tex12,1
38664,Tex13b,1
38665,Tex14,2
38670,Tex21,1
38676,Tex35,1
38681,Tex51,1
38685,Tfap2a,2
38687,Tfap2e,1
38696,Tff1,1
38702,Tfr2,1
38705,Tgds,1
38711,Tgfbi,1
38715,Tgfbr3l,1
38719,Tgm4,1
38720,Tgm5,1
38723,Tgtp1,1
38730,Thap4,1
38734,Thbs2,1
38736,Thbs4,1
38737,Theg,1
38752,Thpo,1
38774,Tifab,1
38790,Timm8a2,2
38798,Tincr,2
38807,Tjp3,2
38820,Tle2,1
38832,Tlr2,1
38858,Tmc8,1
38889,Tmem119,1
38895,Tmem125,1
38920,Tmem150b,1
38929,Tmem161b,1
38938,Tmem171,2
38940,Tmem175,2
38946,Tmem179b,1
38965,Tmem200b,1
38970,Tmem210,2
38978,Tmem221,1
38985,Tmem233,1
38987,Tmem235,1
38990,Tmem238l,2
38997,Tmem247,1
39013,Tmem273,1
39025,Tmem40,1
39031,Tmem45b,1
39036,Tmem52,1
39050,Tmem72,1
39070,Tmigd3,2
39076,Tmprss11g,1
39078,Tmprss2,1
39079,Tmprss4,1
39081,Tmprss9,1
39085,Tmsb4x,2
39087,Tmtc2,1
39101,Tnfrsf10b,1
39105,Tnfrsf13c,2
39110,Tnfrsf1a,1
39111,Tnfrsf1b,1
39113,Tnfrsf23,1
39119,Tnfsf13,1
39123,Tnfsf15,2
39125,Tnfsf9,1
39129,Tnk1,1
39134,Tnmd,1
39135,Tnnc2,2
39137,Tnni2,3
39156,Togaram1,1
39175,Topaz1,1
39186,Tox3,2
39218,Traf1,1
39224,Traf4,2
39245,Trat1,1
39247,Treh,2
39250,Treml1,2
39252,Treml4,1
39254,Trex2,1
39256,Trhr,1
39261,Tril,2
39262,Trim10,1
39293,Trim50,1
39294,Trim52,1
39295,Trim55,1
39297,Trim58,1
39299,Trim6,1
39301,Trim63,2
39312,Triml1,1
39313,Triml2,1
39316,Trip10,3
39332,Trmt2b,1
39353,Trpa1,1
39364,Trpm6,1
39369,Trpv1,1
39396,Tslrn1,1
39409,Tspan2os,1
39416,Tspan6,1
39418,Tspan8,1
39420,Tspear,1
39429,Tssk4,1
39438,Ttc19,1
39439,Ttc21a,2
39456,Ttc6,1
39470,Ttll2,3
39479,Ttyh1,1
39490,Tubal3,1
39491,Tubb1,1
39505,Tulp1,1
39506,Tulp2,2
39524,Txk,2
39559,Uba7,1
39564,Ubap1l,1
39567,Ubash3a,2
39570,Ubb-ps,1
39579,Ube2d2b,1
39589,Ube2j1,1
39597,Ube2q2l,1
39616,Ubl5c,1
39624,Ubqln3,1
39645,Uchl4,1
39650,Ucn,1
39651,Ucn2,1
39652,Ucp1,1
39654,Ucp3,1
39661,Ufsp2,1
39680,Umodl1,2
39686,Unc13c,1
39689,Unc45bos,2
39696,Unc93a,1
39706,Upk1a,1
39725,Urad,1
39731,Urml,2
39747,Usp17lb,1
39757,Usp28,1
39763,Usp35,2
39780,Usp7,2
39785,Utf1,1
39787,Utp14b,1
39794,Uts2r,1
39804,Vamp7,1
39805,Vamp8,1
39814,Vash2,2
39821,Vav2,4
39837,Veph1,1
39845,Vil1,1
39851,Vipr2,1
39853,Vit,1
39860,Vmn1r14,1
39862,Vmn1r198,1
39863,Vmn1r25,1
39865,Vmn1r45,1
39867,Vmn1r87,1
39868,Vmn2r-ps11,1
39869,Vmn2r-ps54,2
39872,Vmn2r44,1
39873,Vmn2r62,1
39876,Vnn1,1
39885,Vps16,1
39891,Vps33a,1
39916,Vsig8,1
39922,Vstm4,1
39924,Vsx1,1
39931,Vwa2,2
39936,Vwa7,1
39942,Vwf,1
39961,Wbp2nl,1
39967,Wdfy4,3
39968,Wdpcp,1
40002,Wdr72,1
40006,Wdr76,1
40010,Wdr83,1
40012,Wdr86,2
40021,Wfdc15a,1
40022,Wfdc2,2
40024,Wfdc5,2
40025,Wfdc6a,1
40026,Wfdc6b,2
40028,Wfdc9,1
40045,Wnt1,1
40048,Wnt11,1
40051,Wnt2b,1
40053,Wnt3a,1
40054,Wnt4,2
40060,Wnt8a,1
40063,Wnt9b,1
40070,Wt1,1
40090,Xlr3a,1
40091,Xlr4a,1
40092,Xlr4c,1
40093,Xlr5c,1
40130,Yipf3,1
40138,Yod1,1
40155,Zan,1
40157,Zar1,1
40159,Zbbx,1
40199,Zbtb8a,1
40205,Zc3h12a,1
40208,Zc3h12d,2
40221,Zc4h2,1
40232,Zcrb1,1
40233,Zdbf2,1
40235,Zdhhc11,3
40248,Zdhhc25,1
40265,Zfas1,1
40267,Zfc3h1,1
40270,Zfhx3,3
40276,Zfp108,2
40292,Zfp141,1
40324,Zfp268,1
40339,Zfp296,2
40351,Zfp334,1
40352,Zfp335,1
40368,Zfp36l3,1
40388,Zfp42,1
40401,Zfp449,1
40405,Zfp456,1
40408,Zfp459,1
40420,Zfp511,1
40496,Zfp689,1
40508,Zfp711,1
40580,Zfp92,1
40591,Zfp94,1
40603,Zfp952,1
40609,Zfp957,1
40616,Zfp965,1
40617,Zfp967,1
40623,Zfp972,1
40627,Zfp976,1
40628,Zfp978,1
40629,Zfp979,1
40631,Zfp982,2
40637,Zfp996,1
40638,Zfp997,2
40644,Zftraf1,1
40655,Zglp1,1
40665,Zim2,1
40666,Zkscan1,1
40682,Zmiz1os1,1
40709,Zpld2,1
40709,Pias4,1
