"","Row.names","Gene.Symbol","ID","id","V12CBD","V15CBD","V59CBD","V75CBD","V77CBD","V96CBD","V99CBD","V100CBD","V12DMSO","V15DMSO","V59DMSO","V75DMSO","V77DMSO","V96DMSO","V99DMSO","V100DMSO"
"316","GAPDH","GAPDH","213453_x_at",1,-0.44169396,-0.48445445,-0.43388566,-0.43005314,-0.46337792,-0.3634953,-0.46321598,-0.3855563,-0.41853213,-0.4887714,-0.432547,-0.44871116,-0.4276222,-0.42133582,-0.42513573,-0.41727754
"4","ABCF1","ABCF1","200045_at",4,0.71460557,0.6349267,0.6762445,0.6178518,0.6711037,0.6181538,0.73347,0.4592409,0.6861798,0.6499016,0.67995834,0.65157336,0.66491276,0.64251196,0.6476001,0.6502913
"780","SPAG7","SPAG7","200053_at",5,-0.2524549,-0.45608437,-0.35445002,-0.6211619,-0.22064921,-0.24022143,-0.4012841,0.540668,-0.16860215,-0.5167196,-0.22122088,-0.43032518,-0.15033786,-0.16602252,-0.15368676,-0.08181225
"768","SMNDC1","SMNDC1","200071_at",6,-0.6980061,-0.7470039,-0.73227644,-0.7236353,-0.81289446,-0.68339926,-0.6857546,-0.553625,-0.68328,-0.7416569,-0.6926598,-0.70248604,-0.6748489,-0.6645352,-0.67402226,-0.66192764
"57","ATP6V0B","ATP6V0B","200078_s_at",7,-0.12148921,-0.118029885,-0.06776712,-0.1858758,-0.18112715,-0.17187144,-0.11665958,-0.19035009,-0.11106902,-0.17184551,-0.07189655,-0.13477685,-0.12138726,-0.11563962,-0.10912889,-0.14222819
"900","USP22","USP22","200083_at",8,1.7917595,2.1832438,2.447251,2.230853,2.063128,2.2966533,1.503171,2.566788,1.7359991,2.4187338,1.9088061,2.012751,1.8399423,1.8197688,1.7616372,1.7491558
"192","CSRP1","CSRP1","200621_at",10,0.56387395,0.2922933,0.51343447,0.119042315,0.70471185,0.3152046,0.36591747,0.8832028,0.5681764,0.24237968,0.5643666,0.29189393,0.48242113,0.52255285,0.5270554,0.66226923
"916","XBP1","XBP1","200670_at",13,0.2169765,0.0055462895,-0.055070188,-0.1902441,0.13550934,-0.027882753,-0.10623284,0.3295471,0.15726498,0.0041060625,0.018474953,0.012410062,0.009606111,0.15231806,0.15155289,0.23598498
"340","GRN","GRN","200678_x_at",14,0.49631572,0.48242712,0.5196042,0.37829563,0.33013317,0.38840944,0.5830546,0.39603797,0.47385278,0.52516294,0.534427,0.4482585,0.4876487,0.48172456,0.4855708,0.42054367
"357","HK1","HK1","200697_at",15,1.3022254,1.3012362,1.0919627,0.8966529,1.2441167,1.0849875,1.3918209,1.4034226,1.4519949,1.2308853,1.3346279,1.3050883,1.3312341,1.4979024,1.492487,1.2822019
"94","CAPN1","CAPN1","200752_s_at",17,0.7260678,0.7132962,0.92053753,0.7338861,1.0870098,1.0017129,0.5570263,0.85004824,0.9306633,0.61018807,0.95608085,0.81270933,1.0241927,1.0090903,0.96394664,0.94710165
"195","CTSD","CTSD","200766_at",19,-0.7013158,-0.85143983,-0.84861475,-0.9267504,-0.74253607,-0.78966165,-0.8174091,-0.68353534,-0.7250571,-0.8810152,-0.7852489,-0.8113139,-0.7451434,-0.72893584,-0.75233364,-0.7106237
"800","STMN1","STMN1","200783_s_at",20,-0.33207035,-0.53550214,-0.36991233,-0.51561636,-0.4249122,-0.3356161,-0.39781636,-0.51231027,-0.29776132,-0.6910581,-0.29896268,-0.43489248,-0.29869586,-0.28863034,-0.29026318,-0.30658937
"249","ECH1","ECH1","200789_at",21,-0.80436283,-0.84252036,-0.7648927,-0.8288176,-0.8532036,-0.8413481,-0.8749216,-0.82638943,-0.81206083,-0.8813879,-0.7802008,-0.8260296,-0.8194068,-0.82575816,-0.8327144,-0.8019793
"405","IQGAP1","IQGAP1","200791_s_at",22,0.5218994,0.4713958,0.3672104,0.4749401,0.4110348,0.39822266,0.7444458,0.6685738,0.4886593,0.5378409,0.42760053,0.53181,0.4862931,0.47947165,0.49563384,0.46979848
"565","PAFAH1B1","PAFAH1B1","200816_s_at",23,0.05035273,0.08975655,0.03697189,0.07591179,0.027104966,0.060121387,-0.027171854,-0.1809121,-0.029262874,0.057867534,-0.017307093,0.024917655,-0.03554976,-0.05809743,-0.09236686,-0.04987199
"378","HYOU1","HYOU1","200825_s_at",24,-0.6109452,-0.5443102,-0.7383199,-0.7090409,-0.66293114,-0.7442828,-0.5582014,-0.74460596,-0.6177047,-0.4702267,-0.67588246,-0.62076414,-0.6234229,-0.6313322,-0.6146048,-0.62164325
"297","FKBP4","FKBP4","200895_s_at",27,0.03066168,-0.013153321,0.12026135,-0.061703525,-0.08639668,0.028333038,-0.0417368,-0.03518783,0.01100445,-0.033700045,0.06253157,0.0034702609,0.003008607,0.010559955,-0.0072516403,-0.023650369
"1","AARS","AARS","201000_at",32,0.33501875,0.30132592,0.3041979,0.17334932,0.34503767,0.23825943,0.2797442,-0.03566587,0.34582177,0.29591092,0.3187349,0.28750733,0.32504883,0.33941308,0.34321624,0.39454064
"713","RPN1","RPN1","201011_at",33,-0.7230726,-0.80279464,-0.79445434,-0.80601573,-0.8227612,-0.7846214,-0.7409033,-0.72786057,-0.7307945,-0.8021234,-0.7378284,-0.7516098,-0.7314027,-0.7281908,-0.7345153,-0.7404017
"75","BLCAP","BLCAP","201032_at",35,-0.5043723,-0.30670553,-0.28774008,-0.36632377,-0.40231365,-0.3684556,-0.4904328,-0.27838686,-0.45812935,-0.2598524,-0.41576442,-0.41948062,-0.45576563,-0.468077,-0.45620352,-0.45686954
"330","GNAI2","GNAI2","201040_at",37,-0.4248357,-0.59452546,-0.6229332,-0.55109334,-0.50066876,-0.62446576,-0.37973127,-0.5596586,-0.48177564,-0.68330574,-0.52406627,-0.5023686,-0.49915555,-0.50917053,-0.5090535,-0.5043721
"849","TM9SF2","TM9SF2","201078_at",39,0.23973116,0.42474014,0.42510104,0.5903545,0.24671893,0.50087166,0.13540472,0.6966222,0.19566706,0.7077454,0.26667196,0.36061865,0.22735062,0.23430894,0.21415012,0.23189409
"672","PXN","PXN","201087_at",41,0.31245345,0.33356348,-0.08897118,0.21059489,0.3819558,0.17429332,0.8846148,-0.044460103,0.35820866,0.4980474,0.15448824,0.34946114,0.3563432,0.37479174,0.41463175,0.40200332
"176","COPB2","COPB2","201098_at",42,-0.37685856,-0.48141378,-0.42056605,-0.42137983,-0.3430623,-0.43796694,-0.36453047,-0.31246614,-0.31946185,-0.5450962,-0.33977166,-0.3710111,-0.31469643,-0.3437057,-0.3303642,-0.30741867
"590","PGRMC1","PGRMC1","201121_s_at",43,0.073867634,0.03978633,-0.0473816,-0.12187556,-0.2019062,-0.1508958,0.2684167,-0.34140447,0.040750995,-0.035788752,0.045631684,0.020360598,0.070382364,0.04722932,0.029919643,-0.0054090987
"611","PLP2","PLP2","201136_at",45,1.258275,1.0341266,1.5163335,1.2576314,1.6189809,1.5280998,1.1673325,1.4057685,1.3882229,1.0673007,1.3403268,1.2002175,1.3870842,1.4154743,1.4505512,1.5062388
"520","NFE2L2","NFE2L2","201146_at",46,-0.23954394,-0.2421284,-0.184224,-0.22105885,-0.23034245,-0.24427512,-0.23300792,-0.22920226,-0.26663923,-0.2744231,-0.24748242,-0.26142532,-0.28157926,-0.28414768,-0.2837232,-0.28016505
"827","TERF2IP","TERF2IP","201174_s_at",49,-0.107976586,-0.21285821,-0.15129246,-0.15989186,-0.028507741,-0.20976971,-0.24055949,-0.23389684,-0.17608052,-0.32682377,-0.18037286,-0.20280543,-0.18447241,-0.2217907,-0.19748592,-0.16343267
"288","FBXO7","FBXO7","201178_at",50,-0.73829985,-0.70764524,-0.6159007,-0.62746173,-0.67536646,-0.5907395,-0.78378326,-0.5163292,-0.7225262,-0.6477434,-0.68165916,-0.69023,-0.70589876,-0.70489854,-0.70166117,-0.70741385
"377","HTRA1","HTRA1","201185_at",51,0.41983303,0.41081053,0.12605612,0.35279912,0.22843394,0.24644917,0.61343294,0.17168003,0.36147726,0.46302995,0.2580686,0.41407642,0.3827294,0.3587459,0.35150737,0.2890583
"445","LRPAP1","LRPAP1","201186_at",52,-0.8149898,-0.78915584,-0.83022755,-0.7870621,-0.8292429,-0.7997938,-0.8069278,-0.7938078,-0.811379,-0.78746045,-0.8154681,-0.80318165,-0.8161428,-0.8042612,-0.8123756,-0.8105705
"182","CREG1","CREG1","201200_at",53,0.16028053,0.09423432,0.020352568,0.18209493,0.3112341,0.13106921,0.24897444,0.36350957,0.34488082,-0.04135931,0.23785467,0.24839991,0.37712178,0.3426302,0.35513544,0.36176038
"438","LGMN","LGMN","201212_at",54,-0.4365875,-0.32934022,-0.5162126,-0.39620754,-0.32737097,-0.41721883,-0.36824888,-0.5726824,-0.39173996,-0.26896566,-0.4281324,-0.37269017,-0.39536506,-0.37663865,-0.38502607,-0.3817002
"399","ILK","ILK","201234_at",55,-0.2826414,-0.28034192,-0.32988307,-0.28282157,-0.31599376,-0.26648113,-0.20008966,-0.23802789,-0.31667966,-0.24144867,-0.335996,-0.3008328,-0.30644786,-0.31700733,-0.30575413,-0.30791628
"812","SYPL1","SYPL1","201260_s_at",57,-0.77150196,-0.8112384,-0.83389914,-0.8170154,-0.802803,-0.8220132,-0.7779189,-0.790487,-0.780361,-0.81346565,-0.8066017,-0.7940601,-0.7871874,-0.78254527,-0.7900391,-0.78579324
"887","TXNRD1","TXNRD1","201266_at",58,2.8429074,2.140088,2.146194,2.5885603,2.2710342,2.5481658,2.8926709,3.7054358,2.2036998,2.1285396,1.9931692,2.3765192,2.0873406,2.1363993,2.0981338,2.0112545
"859","TOP2A","TOP2A","201292_at",60,0.39064765,0.23716795,0.24752064,0.11129792,0.14641032,0.09370032,0.36625803,0.24661581,0.3367069,0.06291145,0.3373153,0.29091725,0.2887658,0.28260568,0.29157868,0.26305643
"799","STK25","STK25","201314_at",61,2.271138,2.5074344,2.4790888,2.1142745,2.91912,2.5226893,2.6019416,2.5263472,2.6269033,2.6638665,2.451058,2.42955,2.539356,2.7324843,2.6339924,2.6685328
"246","EBNA1BP2","EBNA1BP2","201323_at",62,0.06336658,0.53114784,0.48535115,0.8739597,0.58825177,0.7618086,-0.21904947,0.7935945,-0.24375336,1.0448334,-0.06542002,0.14712544,-0.23139404,-0.26308978,-0.23512958,-0.183074
"733","SCP2","SCP2","201339_s_at",63,-0.38770404,-0.43279123,-0.44158557,-0.41871107,-0.44342998,-0.39735824,-0.40339142,-0.34641817,-0.40649652,-0.43269673,-0.40715247,-0.4345682,-0.39864695,-0.40140706,-0.40889558,-0.42917147
"853","TMEM109","TMEM109","201361_at",65,0.4497127,0.97477037,0.86734116,1.0244619,0.46191394,0.74888504,0.31856665,0.30508462,0.3647729,1.3536488,0.4647527,0.7171056,0.3086945,0.32329586,0.33127996,0.2976605
"865","TPD52L2","TPD52L2","201379_s_at",66,1.9732107,4.1777453,2.8159025,3.547104,1.7484992,2.0286229,1.9400134,2.1856909,1.8726391,5.5719447,2.2540703,2.9981837,1.6911187,1.771623,1.7244415,1.7653743
"186","CRTAP","CRTAP","201380_at",67,-0.5213727,-0.38054204,-0.3200154,-0.37440902,-0.37451258,-0.32725668,-0.58077335,-0.26834008,-0.57366276,-0.2669192,-0.5094655,-0.53326803,-0.55910856,-0.56026363,-0.5614263,-0.5612575
"869","TRAP1","TRAP1","201391_at",68,1.355685,1.3352561,1.1592416,1.2889676,1.0488044,1.1937916,1.4807127,1.2362547,1.3434052,1.4330921,1.2536421,1.3826295,1.3208814,1.3328122,1.3208102,1.3073475
"390","IGF2R","IGF2R","201393_s_at",69,-0.75162613,-0.78286743,-0.7806529,-0.77171284,-0.72304994,-0.7505087,-0.72588587,-0.807748,-0.729378,-0.80655724,-0.75467795,-0.74292034,-0.72544956,-0.73298204,-0.73045504,-0.72658825
"591","PHGDH","PHGDH","201397_at",70,2.3167121,2.2589257,2.1304994,2.1902318,2.0682404,2.022664,2.3384714,2.188756,2.3225129,2.1925778,2.2871306,2.2801125,2.2903461,2.2709906,2.2712066,2.2164953
"444","LRP10","LRP10","201412_at",71,0.06042056,-0.0026328093,-0.13773136,-0.08054098,0.10310722,0.022251014,0.10095366,0.16818474,-0.036602676,0.06924925,-0.10701794,-0.053655427,-0.04262205,-0.024743883,-0.0330715,-0.006820155
"734","SCRN1","SCRN1","201462_at",74,-0.30655926,-0.21105433,-0.17174874,-0.21224552,-0.2369353,-0.16586462,-0.35349584,-0.15286706,-0.2549449,-0.16706613,-0.23938493,-0.23035875,-0.24745119,-0.2611278,-0.25958472,-0.21736187
"637","PRCP","PRCP","201494_at",76,0.018749023,0.30444312,0.15947087,0.18332113,-0.11465102,0.07842157,0.11981127,-0.17253663,-0.0117868995,0.55707383,0.009194254,0.1907926,-0.027178789,-0.001339731,-0.052029453,-0.024270747
"902","USP7","USP7","201498_at",77,-0.28571728,-0.44366348,-0.106716394,-0.380762,-0.3182476,-0.42921007,-0.53682375,-0.3039797,-0.3155052,-0.49621764,-0.19927171,-0.3640287,-0.37640467,-0.35518736,-0.39920002,-0.3904963
"708","RPA1","RPA1","201528_at",80,3.9539313,3.6410244,3.8309636,3.9165745,3.7012196,3.8463502,3.9276419,4.1380663,3.9677176,3.6269665,3.9072309,3.9278116,3.84013,3.941066,3.9901285,3.9127302
"923","ZFP36","ZFP36","201531_at",81,0.6138991,0.31987733,0.5061846,0.219458,0.5433844,0.4883911,0.7115967,-0.10802306,0.7203039,-0.088622704,0.68630147,0.42448342,0.63725406,0.6733296,0.7315757,0.6778826
"473","MCM3","MCM3","201555_at",83,1.0144448,0.98434305,0.64516604,0.95548016,0.8820949,0.75376445,1.2855307,1.0733076,0.88330674,1.0330167,0.8038176,1.0038289,0.8703388,0.88096493,0.907785,0.82456374
"164","CLSTN1","CLSTN1","201561_s_at",85,0.78605616,0.9170924,0.8932981,0.8397568,0.9562298,0.9379098,0.677235,0.8125941,0.46840456,1.179493,0.54731584,0.5644482,0.49743363,0.49294925,0.5397269,0.57565147
"284","FAT1","FAT1","201579_at",88,0.410577,0.39119092,0.54542017,0.37626943,0.55768776,0.51273024,0.35667098,0.5986699,0.42988825,0.31009534,0.4834533,0.37455186,0.4301906,0.44049242,0.41420677,0.46150383
"528","NISCH","NISCH","201591_s_at",90,-0.35832962,-0.2159819,-0.13820225,-0.13391298,-0.16760057,-0.14401567,-0.4495286,-0.011214979,-0.40762594,-0.04426957,-0.33979368,-0.3040178,-0.4043107,-0.409212,-0.39644063,-0.39657634
"725","RUVBL1","RUVBL1","201614_s_at",93,0.32460377,0.16013543,0.20567569,0.2524458,0.45499903,0.14800417,0.25794804,-0.34199345,0.31954357,-0.05141538,0.24608077,0.2606289,0.32567406,0.24949841,0.28489453,0.30492595
"472","MBTPS1","MBTPS1","201620_at",94,-0.03279768,-0.47259873,-0.36628464,-0.28653044,-0.1393575,-0.17141879,-0.29117382,-0.4495955,0.08328165,-0.7218453,-0.07428469,-0.056720883,0.12249754,0.071129225,0.039445043,0.011868626
"718","RRAGA","RRAGA","201628_s_at",96,0.12731472,0.08303519,0.004931624,-0.038763124,0.07915082,0.014374654,0.31565517,-0.08551849,0.20021133,0.016822185,0.16466738,0.12191606,0.24261041,0.24417633,0.24271733,0.1726267
"385","IER3","IER3","201631_s_at",97,0.20842044,0.28080577,0.15428397,0.29372266,0.21924989,0.03702499,0.26795194,0.042797074,0.18909997,0.29453668,0.1430631,0.30181137,0.14450842,0.14009795,0.16600296,0.1598627
"891","UBE2L6","UBE2L6","201649_at",98,-0.13357805,0.01754164,0.22396007,0.07300664,-0.015080847,0.073093496,-0.28707772,-0.007515676,0.036710557,-0.061024092,0.15806347,0.057217207,0.061611503,0.056510825,0.042684663,0.07815508
"618","PNP","PNP","201695_s_at",101,-0.36910015,-0.43373334,-0.464468,-0.4790994,-0.44809306,-0.4255455,-0.2904968,-0.3247844,-0.34574682,-0.46475258,-0.38479105,-0.40565494,-0.31832102,-0.3234337,-0.3020731,-0.32810146
"230","DNMT1","DNMT1","201697_s_at",102,-0.20939349,-0.24004221,-0.37975016,-0.44859275,-0.39101544,-0.46953776,-0.11063795,-0.5113111,-0.18006982,-0.31171912,-0.1966611,-0.24497984,-0.1937326,-0.21288367,-0.18447228,-0.20164517
"506","MYBL2","MYBL2","201710_at",104,0.96436435,0.4681012,0.32379258,0.6221287,0.3455717,0.5736187,1.0179205,1.0644417,0.64807,0.42081094,0.5022155,0.6210515,0.58961666,0.61595213,0.6315971,0.49505702
"266","EPB41L2","EPB41L2","201719_s_at",105,-0.64191145,-0.7779561,-0.65548337,-0.89683944,-0.6931973,-0.75476635,-0.7124214,-1.1614391,-0.64939404,-0.8216942,-0.67631304,-0.78186345,-0.6640946,-0.6327476,-0.64608103,-0.58394784
"709","RPA2","RPA2","201756_at",108,0.9956958,1.2337617,0.9128305,1.2076175,0.8370886,0.94630986,1.0740206,1.133557,0.8689222,1.5588814,0.8897164,1.1081653,0.8999411,0.89181113,0.87620497,0.8473681
"503","MTHFD2","MTHFD2","201761_at",109,-0.8484631,-0.87590545,-0.88429993,-0.888983,-0.8665701,-0.87704366,-0.83118683,-0.8627114,-0.85282344,-0.8965352,-0.86604923,-0.86894405,-0.8479894,-0.850651,-0.85098165,-0.8479922
"260","ELAC2","ELAC2","201767_s_at",110,-0.7565381,-0.8082575,-0.8437548,-0.8248636,-0.79704475,-0.8164666,-0.7198664,-0.7978608,-0.7562907,-0.843378,-0.79397446,-0.7814079,-0.7666809,-0.76218724,-0.7568726,-0.7692004
"512","NCAPD2","NCAPD2","201774_s_at",111,-0.049048293,-0.18139039,-0.25959426,-0.13645703,-0.046755567,-0.16730137,-0.07599502,-0.24339141,0.022437772,-0.36863184,-0.08308123,-0.027125638,0.0033592854,-0.012961142,-0.014362924,-0.009201071
"212","DDX42","DDX42","201788_at",113,0.8418403,1.0298474,0.9386185,1.0916461,0.7141203,0.8281277,0.915189,0.5433283,0.8932979,1.137335,0.95956266,1.0221547,0.8890967,0.8973553,0.89102846,0.8661049
"436","LBR","LBR","201795_at",114,-0.31728467,-0.38689288,-0.35735747,-0.42732266,-0.30589008,-0.35434493,-0.3464521,-0.52235657,-0.30804256,-0.4700559,-0.32812616,-0.36482948,-0.30562767,-0.3116983,-0.3062969,-0.29184806
"893","UBE3C","UBE3C","201817_at",116,0.3166967,0.34689042,0.4739628,0.42436403,0.37552798,0.55875134,0.1606171,0.5739774,0.33897433,0.4211414,0.36465472,0.3418497,0.31538942,0.34832737,0.33325616,0.31576598
"764","SMARCD2","SMARCD2","201827_at",119,0.37378475,0.13152294,0.04256407,0.14435264,0.07858122,0.13568614,0.37852928,0.16396831,0.34402576,-0.049367778,0.24786131,0.28121716,0.33553356,0.30276126,0.3164167,0.2501068
"349","HDAC2","HDAC2","201833_at",121,2.106616,2.9681604,3.0477679,2.8369708,2.5455117,2.5947776,2.554316,2.9821684,2.0107107,3.404809,2.3890789,2.356697,1.9840161,2.023336,2.0035794,2.0122242
"440","LIPA","LIPA","201847_at",122,-0.508678,0.010440201,-0.24024059,-0.09929821,-0.32137102,-0.55142134,-0.49528378,-0.13117433,-0.31808203,0.2837241,-0.25945118,-0.09833512,-0.29737657,-0.30377594,-0.31094438,-0.2855218
"79","BNIP3","BNIP3","201849_at",123,-0.49065322,-0.5592956,-0.48892167,-0.4454504,-0.5357115,-0.4866381,-0.36705732,-0.48283148,-0.48403937,-0.61229396,-0.5234651,-0.47583106,-0.4758032,-0.49468133,-0.46784747,-0.5169417
"858","TOMM34","TOMM34","201870_at",125,0.049955655,-0.08185411,0.04212795,-0.17882891,0.060435604,0.019723495,-0.019852066,-0.15020691,0.16877826,-0.28574833,0.1811883,-0.026513228,0.16180426,0.16705239,0.15931231,0.13710989
"659","PSRC1","PSRC1","201896_s_at",128,1.2275034,0.9957589,1.0882821,0.9691704,0.8751778,0.9971325,1.169623,1.0865117,1.1131748,0.93197334,1.1309191,1.0902562,1.0354804,1.0809748,1.050119,1.0247052
"170","COASY","COASY","201913_s_at",130,-0.46176872,-0.47838122,-0.46170452,-0.5095685,-0.40848166,-0.44044718,-0.4466389,-0.46635288,-0.44266838,-0.47111234,-0.47813442,-0.47447583,-0.44106612,-0.4413073,-0.43398952,-0.4190696
"694","RBM6","RBM6","201967_at",132,0.4121738,0.6216719,0.5648365,0.50128895,0.70090115,0.596335,0.51228285,0.30714104,0.49496216,0.6991856,0.49916428,0.51707375,0.51888883,0.50532484,0.5106528,0.5066022
"589","PGM1","PGM1","201968_s_at",133,1.3659582,2.1565633,2.0228584,1.8398321,1.8444322,1.7930684,1.7166556,2.584626,1.2391988,2.7035718,1.5732137,1.5519366,1.3438209,1.3029383,1.3687855,1.4096023
"511","MYO10","MYO10","201976_s_at",134,-0.036097106,-0.29842702,-0.25866735,-0.17224336,-0.06841302,-0.1522823,-0.15006706,-0.53216636,-0.074256144,-0.31388196,-0.16727814,-0.14314164,-0.0695377,-0.108264916,-0.06692879,-0.07805548
"723","RSU1","RSU1","201980_s_at",135,-0.4572876,-0.5846438,-0.52292186,-0.49733666,-0.42570284,-0.45029476,-0.40988946,-0.5170328,-0.4146831,-0.66206765,-0.4440675,-0.47272334,-0.41278383,-0.40670553,-0.41464543,-0.43997416
"277","EXT1","EXT1","201995_at",138,-0.6138557,-0.63539135,-0.60926735,-0.6747995,-0.5957152,-0.63362944,-0.6281605,-0.6496482,-0.62403405,-0.62396747,-0.6394673,-0.65417236,-0.6411335,-0.628168,-0.6292985,-0.6154881
"782","SPEN","SPEN","201997_s_at",139,-0.66132665,-0.8152661,-0.8081276,-0.8294755,-0.7694452,-0.66303474,-0.686717,-0.6375979,-0.6203111,-0.9356795,-0.68670726,-0.6878133,-0.63381916,-0.6220589,-0.62580276,-0.63464105
"883","TWF2","TWF2","202009_at",141,-0.24951406,-0.2068151,-0.08871829,-0.019671967,-0.17094626,-0.015793642,-0.37604994,0.038862832,-0.25440964,-0.09695128,-0.2032903,-0.19507515,-0.23904441,-0.2289496,-0.23096333,-0.2231121
"845","TJP1","TJP1","202011_at",142,-0.5426519,-0.5554253,-0.5462988,-0.48840302,-0.59766316,-0.49969622,-0.6282051,-0.7289742,-0.66664565,-0.45734045,-0.66509855,-0.5817562,-0.6803912,-0.67619467,-0.68244356,-0.67242
"479","MEST","MEST","202016_at",143,2.2789736,2.5390596,2.4594662,2.4213061,3.08073,2.3312745,2.5612786,2.4074156,2.211162,2.3564634,2.227121,2.3014424,2.1991425,2.1566837,2.198188,2.307628
"29","ALDOC","ALDOC","202022_at",144,-0.5526647,-0.56078804,-0.664098,-0.70463073,-0.37744552,-0.59281933,-0.46139696,-0.63729185,-0.57421094,-0.5878775,-0.6035215,-0.63965553,-0.53616947,-0.5346305,-0.54217494,-0.50951105
"684","RAI14","RAI14","202052_s_at",146,0.5699271,0.18812457,0.3012172,0.16010168,0.45159087,0.3994702,0.522315,-0.02425701,0.5867384,-0.05817825,0.5180405,0.3397312,0.60018504,0.6186881,0.577952,0.5619249
"196","CTSL","CTSL","202087_s_at",147,0.014141915,-0.21686168,-0.4143253,0.21830502,-0.13812691,-0.08238432,0.20375213,0.32666436,-0.340652,-0.11462206,-0.46919256,-0.099160135,-0.4157113,-0.39272082,-0.39574525,-0.41973594
"564","PAF1","PAF1","202093_s_at",148,-0.47832394,-0.50307673,-0.44493413,-0.47903743,-0.25297654,-0.3980833,-0.5243437,-0.4267156,-0.42538145,-0.5438896,-0.45433939,-0.4688544,-0.42609426,-0.41309386,-0.4142244,-0.39292118
"74","BIRC5","BIRC5","202095_s_at",149,-0.5616791,-0.64381635,-0.5915918,-0.6168854,-0.53180635,-0.59940726,-0.6114615,-0.6646199,-0.49797168,-0.7711133,-0.51043093,-0.5562341,-0.5141431,-0.50355804,-0.52466017,-0.50366014
"38","ARFIP2","ARFIP2","202109_at",150,-0.3436193,-0.46076235,-0.5779432,-0.51798105,-0.33825007,-0.50214434,-0.4932029,-0.13525964,-0.363185,-0.4988417,-0.45604506,-0.45068032,-0.38689187,-0.36874884,-0.36146644,-0.28408432
"8","ABL1","ABL1","202123_s_at",153,0.11911383,0.30207494,0.22153485,0.35999897,0.07694274,0.15044574,0.08772295,0.2956265,-0.0024269158,0.5358889,0.06604981,0.20447046,-0.027354322,-0.020770593,-0.0321411,-0.04028709
"867","TRAK2","TRAK2","202125_s_at",154,-0.6356222,-0.34217837,-0.34970295,-0.36113867,-0.34424737,-0.39414063,-0.71902245,-0.624209,-0.6342348,-0.10652303,-0.5450407,-0.4615647,-0.6188917,-0.6118434,-0.62301993,-0.6035322
"673","PYCR1","PYCR1","202148_s_at",155,2.3735845,2.0989063,2.4990485,2.5052724,2.526189,2.6658661,1.956855,2.20855,2.4047534,1.9505845,2.414169,2.391859,2.487502,2.4231734,2.4076798,2.3712108
"76","BLMH","BLMH","202179_at",158,1.1555722,0.8892241,0.7573028,0.98603654,0.81420624,0.84944534,1.1927536,0.7787241,1.2906076,0.7887899,1.1627622,1.2179974,1.3678874,1.3632774,1.3399981,1.2636005
"505","MVP","MVP","202180_s_at",159,-0.39999405,-0.4785279,-0.61965525,-0.5360727,-0.41382995,-0.54657185,-0.43100786,-0.4948676,-0.38918802,-0.55591977,-0.46554562,-0.44602683,-0.39983037,-0.39278796,-0.3897049,-0.37510836
"551","NUP133","NUP133","202184_s_at",160,0.13593864,0.03270487,0.09570012,0.112989135,0.09114614,0.072745256,0.0888858,0.10102749,0.12450356,-0.014986524,0.14050226,0.11026893,0.12901863,0.12062866,0.1039339,0.1001896
"610","PLOD3","PLOD3","202185_at",161,-0.40715834,-0.22569302,-0.40565938,-0.33251774,-0.26258415,-0.4085579,-0.24865003,-0.4381792,-0.38947934,-0.17796393,-0.36031443,-0.34153777,-0.38239223,-0.36927202,-0.37544146,-0.36809322
"555","NUP93","NUP93","202188_at",163,-0.24825552,-0.18979432,-0.35643485,-0.2249236,-0.28250453,-0.3064354,-0.31415796,-0.40812454,-0.2305388,-0.12392185,-0.29393438,-0.19754755,-0.26029688,-0.23064046,-0.23659314,-0.23941693
"872","TRIB1","TRIB1","202241_at",166,1.2509838,0.80748385,1.2968221,1.0444803,1.3730288,0.99030316,0.8720961,0.9824473,1.4710413,0.20410575,1.4763,1.1969129,1.4642305,1.4388301,1.3977052,1.4718542
"804","STXBP1","STXBP1","202260_s_at",167,0.405156,0.054943435,0.076467745,0.03461223,0.40921775,0.20604584,0.28280473,-0.083225854,0.5112705,-0.37720454,0.33827743,0.26999396,0.48106655,0.46614006,0.50638276,0.56010264
"910","VPS72","VPS72","202261_at",168,-0.67243993,-0.7037169,-0.64935255,-0.67767084,-0.55683464,-0.66649705,-0.7307065,-0.7100063,-0.64687866,-0.77153,-0.6415475,-0.6689774,-0.64497495,-0.6441279,-0.65542185,-0.6262842
"369","HSD17B10","HSD17B10","202282_at",169,1.9208603,2.2914228,2.1684816,2.5870264,3.147979,2.3110132,1.4618896,2.0919955,1.4195572,3.0107136,1.4509382,1.8784294,1.3985919,1.4154694,1.3632172,1.7017041
"138","CDKN1A","CDKN1A","202284_s_at",170,0.27761072,0.43369249,0.43488565,0.57781625,0.5188557,0.6050855,0.16970205,1.1662989,0.19149405,0.6905138,0.07599756,0.3222053,0.092922136,0.15856545,0.14130089,0.27429184
"188","CSK","CSK","202329_at",173,-0.40147004,-0.5194429,-0.48735052,-0.47148114,-0.39261705,-0.46082425,-0.4922832,-0.68809366,-0.3782872,-0.6441139,-0.4200295,-0.43006015,-0.3742278,-0.38450006,-0.40388027,-0.39476413
"861","TOR1A","TOR1A","202349_at",174,-0.116154574,0.2434897,0.30023086,0.08096568,0.113241,0.025436457,0.031386655,-0.19407417,-0.113498785,0.4052296,0.010495912,0.021794628,-0.100499876,-0.11629563,-0.083817266,-0.08593876
"822","TCEAL4","TCEAL4","202371_at",175,-0.8174926,-0.8278436,-0.820988,-0.79880726,-0.8360525,-0.79179245,-0.8282969,-0.8167282,-0.81633604,-0.81298435,-0.8265881,-0.81123674,-0.82249486,-0.81662405,-0.8141547,-0.8255901
"333","GNPDA1","GNPDA1","202382_s_at",176,0.8664539,1.415436,1.4110967,1.5076942,1.0840064,1.0741867,1.1202879,1.10312,0.7511701,1.3211638,1.1013992,0.9298953,0.7924421,0.7626603,0.77709615,0.7612784
"701","RGS2","RGS2","202388_at",177,-0.4685556,-0.52810407,-0.44898093,-0.48456165,-0.5516733,-0.50358,-0.46618095,-0.44501492,-0.49297512,-0.5441863,-0.4810278,-0.48551103,-0.51001984,-0.5059039,-0.50982547,-0.5117791
"5","ABCF3","ABCF3","202394_s_at",178,-0.26152188,-0.36749187,-0.35312,-0.3506098,-0.27951327,-0.28042176,-0.29204065,-0.25040606,-0.27904755,-0.36353305,-0.3237409,-0.32854366,-0.27206928,-0.2761331,-0.2788986,-0.2777411
"823","TCERG1","TCERG1","202396_at",179,0.87414205,1.0465566,1.0802647,1.0662377,0.92888266,1.0311484,1.0368568,1.0272356,0.7726074,1.2951304,0.8397236,0.935839,0.80978054,0.7889667,0.8184449,0.77193654
"898","USP1","USP1","202413_s_at",180,-0.37944892,-0.36046287,-0.43077317,-0.4090373,-0.5071174,-0.49159265,-0.292892,-0.37871653,-0.40441105,-0.33112925,-0.40555993,-0.3576107,-0.43580058,-0.42764717,-0.42648855,-0.45066753
"422","KEAP1","KEAP1","202417_at",181,0.030795274,-0.03298027,-0.023695761,-0.03527517,-0.046662614,0.044727564,0.033084072,-0.13955496,-0.0076633138,-0.06067029,-0.0280002,-0.017114375,0.010741347,0.00843376,-0.0038726556,-0.005753423
"414","KAT6A","KAT6A","202423_at",182,-0.29296437,-0.24564502,-0.16436315,-0.28464013,-0.21909298,-0.25107646,-0.32677788,-0.32492498,-0.25239402,-0.26489493,-0.21175702,-0.27171612,-0.23681691,-0.24192443,-0.24867222,-0.2481167
"491","MPC2","MPC2","202427_s_at",183,0.29490775,0.40330786,0.35278094,0.5630383,0.2431426,0.30346248,0.24057099,0.4230608,0.15756446,0.5940133,0.19508605,0.37523454,0.13200846,0.15066129,0.14803007,0.12033582
"507","MYC","MYC","202431_s_at",184,0.65414757,0.43237957,0.508743,0.4017866,0.45419738,0.6411328,0.65405804,0.60830677,0.72742593,0.2384048,0.6738281,0.56644577,0.7538642,0.78586066,0.74553835,0.74617904
"757","SLC35B1","SLC35B1","202433_at",185,-0.06089902,-0.07458277,0.078430474,-0.12955248,-0.03535314,0.15177871,-0.045091167,0.027690522,0.122908354,-0.124934494,0.12845546,-0.026316866,0.14101009,0.15143228,0.13686657,0.042455286
"213","DECR1","DECR1","202447_at",187,-0.514122,-0.5046369,-0.5282544,-0.500362,-0.42022562,-0.49400023,-0.5343483,-0.5059636,-0.54830086,-0.56216735,-0.5476801,-0.54458094,-0.53628474,-0.55528927,-0.5462551,-0.5122008
"648","PRSS23","PRSS23","202458_at",188,-0.70086604,-0.73745364,-0.7172417,-0.7495001,-0.68893003,-0.70996726,-0.72868216,-0.64375037,-0.7101894,-0.73951346,-0.7173445,-0.7455407,-0.70603085,-0.7003385,-0.70641285,-0.6967191
"193","CTNNAL1","CTNNAL1","202468_s_at",190,1.1533076,0.9968723,0.99263567,1.1861695,0.89064884,1.1184647,0.7611871,1.3041847,0.84237504,1.0863692,0.84067976,1.0077845,0.82175773,0.8424817,0.7507859,0.9183899
"630","PPIE","PPIE","202494_at",192,0.015702968,-0.03814353,-0.13573761,-0.12715214,-0.07628828,-0.14970723,0.23479062,-0.032715052,-0.0535312,-0.010367158,-0.15759914,-0.07321874,-0.09163557,-0.098508894,-0.0631097,-0.058994092
"225","DNAJB2","DNAJB2","202500_at",193,2.8776362,2.2720356,2.6843994,2.7534049,2.5406427,2.5729733,2.384014,2.4444888,3.0970685,2.0577652,3.1001217,2.9834447,3.0210772,2.974765,2.9412994,2.938223
"68","BCL7B","BCL7B","202518_at",194,-0.13367622,0.08891243,0.07208741,0.08167085,-0.056852434,0.062959045,-0.13996054,-0.2066788,-0.23284319,0.25265992,-0.16252366,-0.12510923,-0.237129,-0.26746562,-0.23559259,-0.21799746
"315","GALE","GALE","202528_at",195,-0.6228225,-0.80824256,-0.81268424,-0.73464346,-0.61791253,-0.7589911,-0.8165202,-0.48822302,-0.67769873,-0.7906188,-0.74177057,-0.7329596,-0.7167417,-0.6886185,-0.6973985,-0.6436067
"360","HMGCR","HMGCR","202540_s_at",196,-0.37668046,-0.013703774,-0.09146535,-0.039911624,-0.124032415,-0.21024187,-0.14908446,-0.4611659,-0.22432011,0.03293212,-0.162924,-0.099402,-0.18084219,-0.167842,-0.1590865,-0.24871309
"640","PRKCD","PRKCD","202545_at",197,-0.70178616,-0.7016924,-0.6610693,-0.6526369,-0.69480294,-0.6848305,-0.7374676,-0.59911484,-0.71385163,-0.70797175,-0.70104194,-0.6975315,-0.7205428,-0.7316516,-0.7199032,-0.7176134
"545","NRIP1","NRIP1","202599_s_at",200,0.32851243,0.35144612,0.519506,0.17659982,0.21195588,0.3127616,0.2112102,0.60961753,0.4252731,0.26547578,0.54075515,0.32777882,0.43053952,0.46666506,0.4191643,0.40921444
"245","EAPP","EAPP","202623_at",203,-0.05498928,0.1270993,0.14211759,0.174057,0.097921215,0.115960285,-0.0074456697,-0.025618974,-0.046486944,0.20843478,0.0112201525,0.055691704,-0.0069777016,-0.015438489,-0.009850983,-0.007923408
"37","APPBP2","APPBP2","202630_at",204,3.3145144,4.4275,4.3501596,4.332094,3.7447715,4.308442,3.5539625,4.3530235,2.8345091,5.283228,3.331201,3.4540675,2.9411726,2.9551027,2.9960754,2.964936
"860","TOPBP1","TOPBP1","202633_at",205,-0.087417185,-0.18994805,-0.1617475,-0.1573854,-0.1643141,-0.2134764,-0.21175833,-0.19476068,-0.07199118,-0.21774207,-0.09102449,-0.118190885,-0.09799068,-0.10373295,-0.123291224,-0.10125801
"443","LPGAT1","LPGAT1","202651_at",207,0.26859993,0.5144549,0.6024257,0.55184156,0.58997434,0.56700635,0.19668823,0.873044,0.28442356,0.63677716,0.37967187,0.39093578,0.303251,0.3217573,0.32447645,0.3528873
"344","GTF2A2","GTF2A2","202678_at",209,0.22501478,0.13465065,0.058331348,0.04737187,0.09278891,-0.019201761,0.31809893,0.05368326,0.2681723,0.06457592,0.20175809,0.19817235,0.25693,0.22103117,0.26944262,0.22975948
"345","GTF2E2","GTF2E2","202680_at",211,0.5641069,0.5922164,0.58633494,0.615944,0.52221006,0.5608936,0.5673095,0.5472627,0.58525956,0.5902229,0.59392965,0.614428,0.5606781,0.5964866,0.5893911,0.55108047
"706","RNMT","RNMT","202683_s_at",212,0.62295383,0.14992766,0.48405012,0.25864607,0.63874894,0.4792322,0.28282616,0.0060684592,0.71580905,-0.15130205,0.62523186,0.46541056,0.6270693,0.6334004,0.6301566,0.67354995
"692","RBM15B","RBM15B","202689_at",213,-0.82361794,-0.85760087,-0.8138954,-0.8533921,-0.80792826,-0.83755064,-0.8378721,-0.77646387,-0.8086494,-0.8705164,-0.81236047,-0.83194566,-0.8112466,-0.8099173,-0.8172033,-0.8076409
"561","OXSR1","OXSR1","202696_at",214,-0.21997696,-0.12992863,-0.172465,-0.17795438,-0.20978875,-0.240133,-0.21512231,-0.21517576,-0.24133454,-0.08729953,-0.21091606,-0.18139331,-0.23593567,-0.24969131,-0.24961644,-0.23740022
"236","DUSP11","DUSP11","202703_at",215,0.10297472,0.33846006,1.1303507,0.55686796,0.4145085,1.2025176,0.00017345941,0.86554617,0.20770645,0.4188536,0.51333696,0.1558072,0.29552725,0.2419868,0.3349027,0.2549403
"113","CCNB2","CCNB2","202705_at",216,2.1893802,2.0802643,1.6847808,1.7987038,1.9453036,1.4676762,2.5896363,1.8004644,2.301813,1.9784033,2.1402702,2.1763492,2.1743124,2.2633438,2.3288147,2.1508412
"829","TES","TES","202720_at",219,-0.33761346,-0.46671897,-0.33548316,-0.42304996,-0.36059278,-0.4361513,-0.575007,-0.32680237,-0.30321804,-0.62101907,-0.3203139,-0.40017313,-0.31665313,-0.33549997,-0.34364405,-0.30583417
"439","LIG1","LIG1","202726_at",221,0.094181165,-0.06421853,0.1330156,-0.12436741,0.036515217,-0.013600599,-0.042514067,-0.032008316,0.13792822,-0.21588558,0.20321868,-0.01769225,0.17561944,0.1514386,0.12971227,0.10482034
"604","PKIG","PKIG","202732_at",222,-0.6984091,-0.6913076,-0.7134672,-0.70037276,-0.69161505,-0.688088,-0.672634,-0.72504014,-0.67954534,-0.7081291,-0.6934608,-0.68198925,-0.6863933,-0.6845057,-0.67646563,-0.6960384
"247","EBP","EBP","202735_at",224,-0.52822334,-0.46536013,-0.508986,-0.52175343,-0.47547585,-0.51444906,-0.44205186,-0.79231274,-0.5389132,-0.46858424,-0.49540955,-0.54398036,-0.49815044,-0.5292572,-0.520861,-0.5242035
"593","PHKB","PHKB","202738_s_at",225,-0.607002,-0.7884936,-0.72310615,-0.7717213,-0.6886407,-0.6983531,-0.65025824,-0.67824745,-0.6239567,-0.8948342,-0.6556579,-0.7123313,-0.6272552,-0.6306785,-0.64199126,-0.6397989
"336","GPC1","GPC1","202756_s_at",227,-0.8695648,-0.90372884,-0.90624964,-0.8915335,-0.8947059,-0.894372,-0.8704512,-0.8894821,-0.872326,-0.92018646,-0.8882486,-0.8833975,-0.87379587,-0.8749324,-0.87712663,-0.8762707
"810","SYNE2","SYNE2","202761_s_at",228,2.0389318,1.6680158,1.9896187,1.7156446,1.819094,1.9227405,1.8420938,1.4852775,2.0671732,1.383854,2.1008494,1.7610317,2.036481,2.0662892,2.0418043,1.9341153
"99","CASP3","CASP3","202763_at",229,0.003549247,0.40491644,0.3717779,0.5691097,0.3159532,0.3731243,-0.1673293,0.29655713,0.01459347,0.73631155,0.07559454,0.27087218,0.016142342,0.0366093,0.029991467,0.09166112
"232","DNTTIP2","DNTTIP2","202776_at",230,-0.52399933,-0.5863687,-0.61655104,-0.60923934,-0.53930753,-0.602504,-0.45089948,-0.5925195,-0.5162397,-0.64528877,-0.55138195,-0.539837,-0.5162102,-0.5244256,-0.51432556,-0.5328029
"560","OXCT1","OXCT1","202780_at",232,1.2848254,0.35305613,0.14845145,0.78107023,0.060381852,0.16462797,1.6882677,0.6935595,0.53102267,0.21760018,0.3731393,0.7750183,0.4677677,0.41329712,0.4094116,0.36684328
"531","NNT","NNT","202784_s_at",233,-0.2962431,-0.35157362,-0.3616593,-0.31578103,-0.44518995,-0.40297732,-0.1685761,-0.31431347,-0.43292433,-0.34035224,-0.41914794,-0.36807704,-0.43903494,-0.44933093,-0.43902647,-0.46477413
"465","MAPKAPK3","MAPKAPK3","202788_at",234,-0.6842631,-0.7583176,-0.7489365,-0.7673722,-0.706974,-0.70505476,-0.71392363,-0.6974706,-0.67864025,-0.7905921,-0.7071439,-0.7281395,-0.68307227,-0.6826534,-0.6855274,-0.68855053
"400","INPP1","INPP1","202794_at",235,0.45866948,0.12326898,0.15557735,0.22399665,0.1007943,0.030679421,0.38296938,0.059947003,0.49626994,-0.1821707,0.417379,0.33757508,0.42495093,0.3758022,0.42535806,0.38123673
"728","SACM1L","SACM1L","202797_at",236,0.38272437,0.2346209,0.35578758,0.32039788,0.17985196,0.265529,0.3656867,0.3611155,0.35197812,0.09772922,0.39036095,0.320112,0.34960866,0.3436553,0.31920996,0.27007192
"793","STAMBP","STAMBP","202811_at",239,-0.7426478,-0.75796074,-0.7877448,-0.7253111,-0.6666817,-0.7004073,-0.7207766,-0.69945693,-0.72521013,-0.75213355,-0.7441744,-0.72808975,-0.7217732,-0.71519995,-0.70941055,-0.70413595
"311","GAA","GAA","202812_at",240,-0.56735843,-0.4633508,-0.5030162,-0.46007013,-0.52689654,-0.5116793,-0.6199733,-0.42180815,-0.53924656,-0.39700598,-0.52279586,-0.50321627,-0.5305186,-0.5339588,-0.54357076,-0.5074507
"813","TARBP1","TARBP1","202813_at",241,0.0110708345,0.002892118,0.0070619006,0.026243677,-0.026704922,-0.108157255,0.10892293,-0.13658325,0.05304798,-0.075467534,0.07595413,0.023560636,0.073341236,0.040268052,0.05161267,0.0027768575
"751","SLC25A4","SLC25A4","202825_at",242,0.3323352,0.062475327,0.15973869,-0.0061692405,-0.012109529,0.10202017,0.19338438,0.1467974,0.2853916,-0.12314925,0.26911506,0.12059046,0.23923701,0.25320062,0.22857603,0.22802015
"577","PCK2","PCK2","202847_at",244,0.73448664,0.564826,0.553158,0.4739978,0.6858374,0.55228233,0.6244886,0.99871385,0.6982847,0.562432,0.67596364,0.5874854,0.69280165,0.72132814,0.653661,0.725848
"367","HPRT1","HPRT1","202854_at",245,1.130862,1.5992955,1.5279268,1.43675,1.2772307,1.2663163,1.1945132,1.1126206,1.0654529,1.6019146,1.2470329,1.2561573,1.0908276,0.99633783,1.0073378,1.0305154
"279","FAH","FAH","202862_at",246,-0.85600096,-0.9035251,-0.8928639,-0.9034812,-0.89544535,-0.8962279,-0.86625195,-0.8684198,-0.86773425,-0.9249419,-0.87389153,-0.8831527,-0.87391865,-0.8687745,-0.872522,-0.8650783
"626","POP4","POP4","202868_s_at",247,0.8283266,0.5683892,0.69031096,0.49289748,0.6833215,0.734836,0.6668122,0.9109064,0.9011865,0.30981642,0.88927406,0.6696145,0.9241598,0.8974366,0.8807936,0.8535497
"202","CYTH1","CYTH1","202880_s_at",248,0.33813748,0.4015195,0.29872543,0.18454078,0.28505036,0.22999051,0.43325284,0.346924,0.40687776,0.36307126,0.40563107,0.3586077,0.39517316,0.41369063,0.43026215,0.33836004
"209","DDIT4","DDIT4","202887_s_at",249,-0.27940446,-0.28687543,-0.31649935,-0.30238488,-0.3129601,-0.3013361,-0.26906088,-0.27173457,-0.30956495,-0.32147032,-0.32708347,-0.30229685,-0.30920723,-0.31602967,-0.30317816,-0.301381
"529","NIT1","NIT1","202891_at",251,0.44330603,0.23397875,0.27293244,0.38977018,0.4766189,0.2649294,0.4087372,0.19547778,0.5272933,-0.047817197,0.44804528,0.46565947,0.54940623,0.50690985,0.5069026,0.53184986
"554","NUP88","NUP88","202900_s_at",252,0.96162474,0.7303491,0.86916673,0.90153015,0.70886415,0.79970765,0.7924597,0.9177803,0.8970883,0.70880014,0.89431626,0.88016886,0.8333059,0.85380197,0.84209704,0.84235686
"914","WFS1","WFS1","202908_at",253,-0.23632032,-0.245504,-0.12059531,-0.22195645,-0.2126624,-0.13876303,-0.24947518,-0.3154877,-0.19119786,-0.27141282,-0.17056556,-0.22439586,-0.18989286,-0.18385878,-0.18617308,-0.20289522
"602","PIN1","PIN1","202927_at",257,-0.73327655,-0.6575768,-0.67093194,-0.6940518,-0.6836895,-0.69814837,-0.6950172,-0.7366544,-0.73922694,-0.63845,-0.7195783,-0.71588427,-0.73978376,-0.7351666,-0.72625935,-0.7353329
"272","ETFB","ETFB","202942_at",258,-0.27837268,-0.2989786,-0.30015433,-0.3387598,-0.24804048,-0.28129795,-0.18159814,-0.33810872,-0.19951059,-0.38529944,-0.21800707,-0.25770837,-0.20752838,-0.18056756,-0.17559727,-0.22438261
"303","FPGS","FPGS","202945_at",259,-0.50983816,-0.60112435,-0.6073198,-0.5914381,-0.45090416,-0.6174127,-0.5480988,-0.5439781,-0.49478993,-0.7422598,-0.54565483,-0.5478821,-0.49809688,-0.5231702,-0.51051134,-0.5061023
"294","FHL2","FHL2","202949_s_at",260,4.088863,3.899516,4.583542,4.4983416,4.1398797,4.061634,4.0689573,4.237891,4.066082,3.3984601,4.404761,4.1000724,4.062355,3.9928389,3.9611068,3.9342673
"187","CRYZ","CRYZ","202950_at",261,-0.14028807,0.2991007,0.4239511,0.57312727,0.2757916,0.43163383,-0.084901884,0.21982813,-0.219644,0.60954285,-0.07574765,0.13071305,-0.1811757,-0.17639865,-0.1737805,-0.15613626
"889","UBE2C","UBE2C","202954_at",262,1.4075695,1.646144,1.2491618,1.2122918,1.4874241,1.254444,1.587832,0.97147083,1.7645326,1.3921298,1.7202773,1.6354516,1.795482,1.8605527,1.8630805,1.7440223
"700","RFX5","RFX5","202963_at",263,0.49413592,0.24098583,0.18794674,0.34738874,0.46457168,0.32760915,0.33190888,0.59907603,0.46007353,0.1281134,0.358762,0.3881313,0.42943525,0.41593614,0.41404095,0.43007952
"45","ARNT2","ARNT2","202986_at",264,-0.43626153,-0.49550936,-0.42075664,-0.5513069,-0.42937294,-0.458049,-0.4463292,-0.80089635,-0.34082785,-0.65146977,-0.3190275,-0.42382142,-0.35586333,-0.33362585,-0.32162037,-0.32172203
"674","PYGL","PYGL","202990_at",265,0.06904106,-0.014832055,-0.04875787,0.010758134,0.17467017,-0.03437789,0.23229563,-0.13391054,0.073039554,0.015198784,0.03741311,0.07992732,0.0912776,0.113769226,0.12760957,0.083718464
"620","POLD4","POLD4","202996_at",266,-0.41354713,-0.48641938,-0.50148815,-0.5223824,-0.49973094,-0.4693375,-0.432365,-0.38688117,-0.40003943,-0.50845486,-0.41265163,-0.45702878,-0.38123608,-0.38987172,-0.40442452,-0.40089166
"248","ECD","ECD","203013_at",267,0.09646729,0.13294797,0.21025306,0.2361804,0.1782709,0.1836609,-0.047090374,0.18349577,0.065413274,0.16953272,0.12963583,0.13773939,0.066393964,0.06406514,0.081450574,0.058891237
"668","PTPRK","PTPRK","203038_at",268,-0.03417115,-0.049116857,-0.03831631,0.11140475,0.06151923,-0.054034777,-0.020806806,-0.018163646,0.03898735,-0.18994048,0.024489352,0.05062651,0.040112466,0.012337663,0.03467204,0.01206351
"839","TIMELESS","TIMELESS","203046_s_at",269,3.2341342,1.9578121,2.7711537,2.7922006,2.3358552,2.9723854,2.4028447,3.1397977,3.1911304,1.5168642,3.258208,2.9421744,3.3001127,3.3305557,3.137006,3.108898
"825","TCTA","TCTA","203054_s_at",272,0.8590275,0.7302526,0.90164495,0.68868214,0.9599519,0.83693266,0.7587929,1.138123,0.9291829,0.6269495,0.97301006,0.8027728,0.91711116,0.9430732,0.9137499,1.0181609
"582","PDHX","PDHX","203067_at",273,-0.51069444,-0.31301838,-0.16802417,-0.27061886,-0.3746762,-0.30623022,-0.59017915,-0.2906672,-0.6119201,-0.124609396,-0.44852453,-0.4608116,-0.60795486,-0.5919531,-0.6027576,-0.59539366
"430","KLHL21","KLHL21","203068_at",274,-0.35838547,-0.4517846,-0.42787653,-0.43135664,-0.43279997,-0.42035022,-0.40856203,-0.53564507,-0.39167452,-0.52563334,-0.4081359,-0.40374702,-0.42868996,-0.41649124,-0.41264474,-0.42475677
"171","COG2","COG2","203073_at",275,1.9522299,1.8111303,2.3747673,2.080325,1.5068132,1.8982999,1.8233376,1.905292,1.8754039,2.0691233,2.1544204,1.9093101,1.8075727,1.8260751,1.8703566,1.7487115
"229","DNM1L","DNM1L","203105_s_at",276,0.6798023,0.88484085,1.0964253,0.71637005,0.97323114,1.046591,0.66530114,0.60425556,1.1943858,0.6967001,1.2552389,1.0463508,1.2929792,1.3203292,1.2402879,1.243712
"571","PAN2","PAN2","203117_s_at",277,-0.7740215,-0.8486059,-0.8486647,-0.856897,-0.7895729,-0.82603335,-0.79817516,-0.80814236,-0.77536327,-0.8352728,-0.8062717,-0.80992717,-0.7876,-0.7777562,-0.7779974,-0.77550817
"107","CCDC86","CCDC86","203119_at",278,0.36577606,0.312096,0.33596027,0.39764675,0.45794895,0.38681632,0.38796952,0.6236378,0.36633712,0.24405463,0.32165164,0.37637594,0.38861394,0.3610788,0.3620408,0.3427325
"864","TP53BP2","TP53BP2","203120_at",279,-0.47006065,-0.5140356,-0.5365752,-0.6136632,-0.42135116,-0.46562007,-0.39053807,-0.54580307,-0.4091775,-0.5556773,-0.47984254,-0.5023089,-0.41350204,-0.3906433,-0.37999356,-0.39750272
"348","HAT1","HAT1","203138_at",282,-0.12957926,-0.32824123,-0.17477252,-0.21804042,-0.09034556,-0.09596173,-0.38053373,-0.06930978,-0.23919643,-0.36878356,-0.22190465,-0.31918478,-0.24490383,-0.23096973,-0.25783452,-0.23595606
"843","TIMP2","TIMP2","203167_at",284,-0.1152474,0.18105483,0.19530505,0.1616464,0.16317548,0.29594004,-0.11297917,0.33811224,0.005540142,0.32921988,0.023702895,0.0411921,-0.0054432657,0.043684494,0.039076727,0.062782176
"727","S100A4","S100A4","203186_s_at",286,2.7442572,-0.045574162,0.7725493,0.46373764,0.85798573,1.0870966,3.2413547,-2.726481,2.7373827,-1.7782373,2.2107184,1.3488811,2.4035542,2.4422345,2.7273183,2.168717
"616","PMM2","PMM2","203201_at",289,-0.57281595,-0.61036515,-0.6057711,-0.62327206,-0.5209498,-0.6002416,-0.60483414,-0.54516745,-0.5741748,-0.6625473,-0.5871377,-0.5981238,-0.5677522,-0.58875555,-0.5921883,-0.5780577
"502","MTFR1","MTFR1","203208_s_at",290,1.4640019,1.4816076,1.5566506,1.1176924,1.4230105,1.4258313,1.3673766,1.536453,1.762116,1.2592134,1.7455455,1.5297637,1.7415334,1.7699043,1.7840644,1.7898878
"698","RFC5","RFC5","203209_at",291,-0.37126616,-0.40883294,-0.52501374,-0.413826,-0.41322774,-0.47070134,-0.17559877,-0.43624896,-0.30684495,-0.48654112,-0.37237415,-0.3175066,-0.31535769,-0.2921937,-0.2859008,-0.30142215
"791","ST3GAL5","ST3GAL5","203217_s_at",293,-0.69061285,-0.74290586,-0.6692591,-0.7872895,-0.69645303,-0.6803905,-0.7200655,-0.66613144,-0.6800295,-0.7493855,-0.6658198,-0.73290044,-0.6996433,-0.65185016,-0.67803806,-0.6361171
"566","PAFAH1B3","PAFAH1B3","203228_at",296,-0.10949934,-0.09415867,-0.17906016,-0.04231028,0.10695511,-0.12261494,0.17623246,0.17549573,0.0008767556,-0.03905626,-0.048958074,0.022592762,0.02608723,0.07167826,0.1206975,0.069193535
"398","IL4R","IL4R","203233_at",297,0.107535765,0.31743568,0.1630073,0.17440581,0.34137574,0.10478032,0.028839689,0.43528786,0.15692659,0.45765036,0.11976067,0.178511,0.07763113,0.12522513,0.15175276,0.17981315
"540","NPRL2","NPRL2","203246_s_at",298,-0.45410055,-0.48619276,-0.43508288,-0.35198244,-0.52136827,-0.42564246,-0.4755298,-0.45027837,-0.42925447,-0.5690862,-0.40463004,-0.41080287,-0.41825873,-0.43238327,-0.4339622,-0.4355626
"130","CDH3","CDH3","203256_at",299,-0.63217556,-0.7557936,-0.6753778,-0.7666715,-0.7020173,-0.71686983,-0.7126467,-0.5765268,-0.604658,-0.8314622,-0.6141673,-0.6819194,-0.59932804,-0.61888117,-0.6232491,-0.6265983
"234","DRAP1","DRAP1","203258_at",300,-0.53045106,-0.3946859,-0.43832847,-0.3939514,-0.5064712,-0.45141196,-0.4974944,-0.37484556,-0.5529146,-0.32432288,-0.5043537,-0.47785708,-0.5534934,-0.5497621,-0.55564266,-0.55403024
"250","EDEM1","EDEM1","203279_at",301,-0.7377016,-0.7669777,-0.7744405,-0.8011757,-0.7836181,-0.77545637,-0.73434716,-0.77926606,-0.7091053,-0.84070486,-0.72140825,-0.7402806,-0.7039382,-0.7018685,-0.7179997,-0.7291358
"222","DMTF1","DMTF1","203301_s_at",305,0.25876468,0.06633566,0.15915348,0.12470552,0.1758398,0.21588714,0.18919814,0.44267514,0.21150531,-0.0014942863,0.16717502,0.13140403,0.21487996,0.19933192,0.20994657,0.26914355
"205","DCK","DCK","203302_at",306,-0.085965626,-0.2601116,-0.1776954,-0.16177386,-0.21732575,-0.15535152,-0.053386804,0.08000175,-0.18813503,-0.27348578,-0.19998023,-0.19188324,-0.19901231,-0.19078864,-0.21212442,-0.18310836
"242","DYNLT3","DYNLT3","203303_at",307,-0.34564945,-0.44455752,-0.52848977,-0.49180004,-0.3895726,-0.4492176,-0.27407455,-0.5747152,-0.3357017,-0.53009105,-0.41029274,-0.3906824,-0.32284224,-0.32370898,-0.31723008,-0.34410143
"65","BAMBI","BAMBI","203304_at",308,-0.2412107,-0.3902269,-0.29229966,-0.33674353,-0.22997816,-0.32455835,-0.3719007,-0.2877424,-0.25771564,-0.48914146,-0.2766153,-0.3250046,-0.27870095,-0.27411515,-0.3025426,-0.26731595
"755","SLC35A1","SLC35A1","203306_s_at",309,-0.6425832,-0.71270484,-0.68547916,-0.7320782,-0.6673497,-0.6699157,-0.6332228,-0.60674214,-0.6382528,-0.77717435,-0.64026093,-0.6827178,-0.63075817,-0.6327157,-0.63180417,-0.64593625
"409","ITGB1BP1","ITGB1BP1","203336_s_at",310,0.16425045,0.2860084,0.4629701,0.32641163,0.34358835,0.30281794,0.03198314,0.2895454,0.17934822,0.33189008,0.23781197,0.22593944,0.1726363,0.14250267,0.15252854,0.17688602
"635","PPP2R5E","PPP2R5E","203338_at",311,0.30657443,0.09961162,0.20718274,0.23750849,0.23167263,0.27007195,0.3140854,0.0972453,0.28652295,-0.009859135,0.27210334,0.2256903,0.28719833,0.2815218,0.27214053,0.21169749
"143","CEBPZ","CEBPZ","203341_at",312,0.22017743,0.028096981,0.15459007,0.07599475,0.004841664,0.2069222,0.20577422,-0.054992013,0.303199,-0.17437561,0.31229165,0.20595597,0.30316445,0.31014344,0.3027839,0.25085708
"840","TIMM17B","TIMM17B","203342_at",313,-0.4469983,-0.48037705,-0.47899693,-0.40499696,-0.42520118,-0.4960124,-0.5011831,-0.45519894,-0.45750484,-0.5250655,-0.45574033,-0.43236804,-0.4541208,-0.46619564,-0.46815196,-0.44969934
"897","UGDH","UGDH","203343_at",314,0.5044665,0.45258096,0.44213748,0.32829845,0.2553517,0.30803958,0.41171953,0.4535982,0.61231035,0.38314307,0.54301023,0.47302333,0.5207958,0.5447293,0.5520608,0.5877625
"278","EZH2","EZH2","203358_s_at",316,0.38444206,0.38299376,0.3460384,0.41092226,0.34019652,0.15299512,0.48348746,0.32698607,0.34625745,0.24377769,0.3571324,0.40815932,0.35470206,0.2570301,0.32106146,0.34374377
"237","DUSP14","DUSP14","203367_at",318,0.22972447,0.05052322,-0.04071792,-0.09113203,-0.036864307,-0.12978616,0.47992653,0.34418765,0.11798812,0.023320034,0.11900448,0.033309,0.1206461,0.09145632,0.10230807,0.03941382
"717","RPS6KA1","RPS6KA1","203379_at",320,6.5805573,5.5910783,5.591,5.1887803,5.6479115,5.8594766,6.780938,4.9301066,6.1468344,5.2664757,5.9128785,5.730801,5.963974,6.007038,6.113095,6.0369854
"658","PSMG1","PSMG1","203405_at",322,-0.4439138,-0.32709357,-0.2934207,-0.32342768,-0.27609566,-0.37441877,-0.42926556,-0.3143523,-0.4452126,-0.295311,-0.3712085,-0.431571,-0.42642298,-0.42674202,-0.42766905,-0.41944852
"208","DDB2","DDB2","203409_at",323,-0.3203722,-0.30676976,-0.20713036,-0.2690124,-0.27689692,-0.25414467,-0.34945863,-0.32177243,-0.21083054,-0.35579163,-0.17801443,-0.24570516,-0.18627234,-0.18912923,-0.20119779,-0.21545151
"263","EML3","EML3","203442_x_at",325,-0.1212056,-0.28651053,-0.20904191,-0.16405717,-0.08045021,-0.11646394,-0.24696472,-0.08519945,-0.12379244,-0.3511443,-0.16339478,-0.17629656,-0.13673091,-0.1422295,-0.16821088,-0.15905225
"636","PRAF2","PRAF2","203456_at",326,0.12872937,0.13527296,0.23461099,0.12722164,0.21069486,0.1713188,0.024513952,0.18839571,0.20538232,0.06803634,0.22413398,0.13695528,0.19421043,0.18437187,0.17415173,0.20687431
"784","SPR","SPR","203458_at",327,0.6826746,0.334565,0.525774,0.38628796,0.51305914,0.538521,0.61838615,0.2311385,0.84570515,-0.033573717,0.77406824,0.5940069,0.8246613,0.79354733,0.8350364,0.76796293
"494","MRPL19","MRPL19","203465_at",329,1.3235996,0.73470074,1.0387886,0.48902157,0.98188525,0.9520472,1.0612018,1.431158,1.2540597,0.6089822,1.2733834,0.85963535,1.2517698,1.2738082,1.1960647,1.1941497
"145","CEP57","CEP57","203494_s_at",330,-0.31993607,-0.25296047,-0.29639804,-0.23373665,-0.29034743,-0.2534346,-0.3438706,-0.11369684,-0.43297467,-0.14002582,-0.41092074,-0.34421942,-0.44277722,-0.44894582,-0.4435655,-0.43378845
"927","ZNF318","ZNF318","203521_s_at",332,-0.66776216,-0.7422785,-0.68753666,-0.7272648,-0.73030317,-0.70082587,-0.73303366,-0.73431814,-0.66646266,-0.7952433,-0.6631131,-0.6980755,-0.66448355,-0.667598,-0.66647685,-0.6685898
"803","STX4","STX4","203530_s_at",333,-0.64102286,-0.74296063,-0.76160294,-0.7474396,-0.5960771,-0.71457994,-0.64589137,-0.6405192,-0.6171271,-0.7688536,-0.66003144,-0.6845918,-0.61381006,-0.61212826,-0.6148148,-0.63522065
"404","IPO13","IPO13","203546_at",334,0.4634112,0.63577676,0.39538515,0.41192594,0.2846688,0.3862991,0.7342353,0.5499224,0.43813652,0.780319,0.4529394,0.42196706,0.46914202,0.43137115,0.47973952,0.4549568
"575","PCBD1","PCBD1","203557_s_at",335,-0.85282856,-0.5499949,-0.7901389,-0.6652187,-0.7723341,-0.8223738,-0.81950855,-0.83864677,-0.7698487,-0.40538287,-0.7814912,-0.640811,-0.75539833,-0.76032174,-0.7506832,-0.71915936
"21","AGL","AGL","203566_s_at",336,-0.79738736,-0.8388306,-0.81145823,-0.84556824,-0.8147088,-0.8378588,-0.7991953,-0.82527584,-0.80567193,-0.8794188,-0.8046057,-0.84171134,-0.8076766,-0.8120733,-0.8040862,-0.81040597
"441","LOXL1","LOXL1","203570_at",337,-0.5315958,-0.63658535,-0.6044554,-0.71066874,-0.49770123,-0.6363643,-0.5789343,-0.5627696,-0.4683064,-0.7744045,-0.50491494,-0.58673394,-0.47450057,-0.47769433,-0.48294428,-0.4592964
"521","NFIL3","NFIL3","203574_at",338,-0.50579095,-0.43108806,-0.48117137,-0.5373982,-0.48180935,-0.55012834,-0.46313787,-0.5178051,-0.5083383,-0.42553097,-0.4841669,-0.49040145,-0.5022426,-0.5112065,-0.49696368,-0.5147604
"191","CSNK2A2","CSNK2A2","203575_at",339,0.30177703,0.29255244,0.10983942,0.27011606,0.38597614,0.1461024,0.40423247,-0.083015025,0.2201391,0.20117941,0.18349844,0.23652706,0.25146362,0.18322487,0.23328927,0.22255635
"679","RAB4A","RAB4A","203582_s_at",340,-0.045741018,-0.31271854,-0.43132776,-0.35023913,-0.46893823,-0.3276793,0.023623321,0.13119063,-0.22692508,-0.36077696,-0.31635824,-0.28301007,-0.2655789,-0.2544044,-0.28966105,-0.26357618
"619","POLB","POLB","203616_at",341,1.3750836,1.188023,1.2671359,1.5653915,1.2374535,1.6094698,1.3380302,2.445505,1.1391698,1.3760529,1.1247703,1.2453458,1.1748846,1.1154369,1.1890863,1.1889516
"470","MBNL2","MBNL2","203640_at",343,-0.15764146,-0.012572311,0.11925819,0.11526277,-0.065458156,0.012641393,-0.21903633,-0.073477246,-0.20949803,0.18599872,-0.13289535,-0.086739436,-0.23829883,-0.20973103,-0.18001874,-0.21481526
"814","TATDN2","TATDN2","203648_at",344,-0.55860394,-0.55190116,-0.5840757,-0.57428515,-0.53639436,-0.5578656,-0.5188137,-0.572074,-0.53683954,-0.5639217,-0.5623312,-0.542479,-0.540409,-0.5331475,-0.53169584,-0.5354612
"874","TRIM13","TRIM13","203659_s_at",345,0.07541087,-0.11671084,0.13980615,0.03715892,0.06877667,0.11295266,0.03199956,-0.21269068,0.15487114,-0.32393706,0.16120972,0.047201358,0.15286882,0.15072833,0.1549808,0.13504127
"548","NUCB2","NUCB2","203675_at",346,0.157657,0.25091296,0.2948429,0.29273143,0.15488118,0.17168325,0.055705387,0.5285023,0.05042795,0.39695698,0.10619048,0.16553044,0.024611635,0.038707998,0.029466007,0.07246223
"594","PHKG2","PHKG2","203709_at",348,-0.45912018,-0.47692227,-0.49915546,-0.45266563,-0.5050175,-0.48468065,-0.4537143,-0.47315624,-0.48709172,-0.4918749,-0.4921086,-0.465714,-0.49594185,-0.49209917,-0.49285594,-0.5009883
"313","GADD45A","GADD45A","203725_at",349,6.2402897,6.526904,5.2674403,5.9661036,7.4037023,6.757239,7.870038,6.8732567,6.452121,6.827936,5.214257,6.477484,6.671982,6.7039857,6.8994694,6.9683614
"434","LAMA3","LAMA3","203726_s_at",350,1.1525791,1.2599396,1.4357975,1.3198797,1.371579,1.3281546,0.9593795,1.0304267,1.1561882,1.1930554,1.2485662,1.1845995,1.1492201,1.151201,1.1707535,1.1974385
"84","BUB1B","BUB1B","203755_at",352,-0.8762489,-0.9207889,-0.86267644,-0.96161467,-0.92165285,-0.8879598,-0.9042807,-0.93964344,-0.8714639,-0.92205226,-0.88845754,-0.91047764,-0.8928823,-0.8792076,-0.89087856,-0.87904346
"749","SLC25A13","SLC25A13","203775_at",353,-0.47172877,-0.6703204,-0.7333635,-0.64474946,-0.582809,-0.6140635,-0.46642312,-0.6854683,-0.5263523,-0.7550168,-0.6118611,-0.5910553,-0.5439795,-0.52411306,-0.53191614,-0.5724254
"790","SSBP2","SSBP2","203787_at",354,-0.77124876,-0.8115223,-0.7777153,-0.82073534,-0.8079661,-0.7512077,-0.80441785,-0.80353093,-0.77048695,-0.8369823,-0.77646583,-0.79832584,-0.7765878,-0.76060075,-0.76446444,-0.7637982
"676","RAB21","RAB21","203885_at",358,-0.59359956,-0.6492051,-0.66019684,-0.6772466,-0.67348427,-0.637591,-0.59893644,-0.69415706,-0.6116395,-0.6806142,-0.64046067,-0.6299441,-0.616533,-0.6199126,-0.62427104,-0.61141026
"452","LYRM1","LYRM1","203897_at",359,-0.72986895,-0.8034221,-0.7567189,-0.78885543,-0.77273744,-0.7657655,-0.77005166,-0.6491745,-0.7196491,-0.83044934,-0.7273098,-0.76072925,-0.7310372,-0.7283243,-0.7319618,-0.72205377
"821","TCEA2","TCEA2","203919_at",361,0.43318224,0.39799216,0.5444729,0.48224217,0.31209737,0.50144947,0.35149196,0.45453313,0.4358695,0.39608535,0.4959288,0.43315062,0.4110098,0.43421733,0.42340016,0.39705577
"493","MRPL12","MRPL12","203931_s_at",362,0.88699305,0.6718296,0.7213452,0.6153818,0.78839415,0.77758485,0.849995,1.0873708,0.8876859,0.54733664,0.83132917,0.74670154,0.889162,0.8813429,0.87107307,0.87972176
"911","WASF3","WASF3","204042_at",365,-0.7737345,-0.71171105,-0.6872987,-0.6484529,-0.6739115,-0.6342819,-0.8492312,-0.7298045,-0.7789782,-0.62804633,-0.76469994,-0.728946,-0.77210367,-0.7674393,-0.77999014,-0.75658727
"760","SLC5A6","SLC5A6","204087_s_at",366,-0.46279702,-0.50254565,-0.47906917,-0.47298905,-0.50668085,-0.4321003,-0.4744451,-0.5858118,-0.44788775,-0.50789315,-0.46467292,-0.4691731,-0.43578053,-0.4332747,-0.43003494,-0.45342585
"830","TESK1","TESK1","204106_at",368,-0.3052714,-0.19080666,-0.23063868,-0.1637773,-0.35286775,-0.2204828,-0.18322143,-0.21944529,-0.30530483,-0.17537521,-0.235125,-0.2791784,-0.29599413,-0.26906544,-0.26114696,-0.31672576
"128","CDC45","CDC45","204126_s_at",369,0.06752849,0.14270802,-0.0032436692,0.06273621,0.080957726,-0.014486193,0.2009739,0.12964606,0.20042937,0.06785376,0.15931036,0.17323764,0.19257185,0.19127443,0.19644284,0.170723
"262","ELOVL6","ELOVL6","204256_at",372,-0.78357106,-0.7896074,-0.7335046,-0.8244751,-0.81754327,-0.79163426,-0.7942937,-0.7967366,-0.7670112,-0.8518562,-0.7608798,-0.78515667,-0.754088,-0.7462179,-0.76119083,-0.7233867
"181","CREB1","CREB1","204313_s_at",374,-0.4813248,-0.22212875,-0.15713319,-0.20922638,-0.28395325,-0.21123058,-0.4521902,-0.22296864,-0.46745723,-0.018919652,-0.3961438,-0.37561107,-0.4541819,-0.46565318,-0.45158187,-0.41377336
"342","GSTM2","GSTM2","204418_x_at",375,0.2356507,0.2868096,0.18377176,0.26435477,0.23685527,0.23480304,0.30551764,0.3489017,0.21827976,0.28088182,0.18373173,0.23322274,0.206096,0.19532862,0.22178715,0.22683029
"605","PLA2G15","PLA2G15","204458_at",376,0.43757245,0.7249473,0.8423892,0.97150916,0.63305473,1.0173907,0.19237582,1.1796799,0.17768326,1.2655503,0.34741268,0.51996017,0.24589103,0.20302114,0.1769031,0.24278176
"597","PIK3C2B","PIK3C2B","204484_at",377,-0.44786578,-0.5913682,-0.49955505,-0.57358867,-0.46571204,-0.4741043,-0.39676785,-0.4739362,-0.3772208,-0.6581664,-0.42501664,-0.48114258,-0.39382106,-0.36290994,-0.3513393,-0.3784364
"233","DPH2","DPH2","204514_at",379,-0.4435314,-0.36297855,-0.29529536,-0.35914752,-0.44527566,-0.33106554,-0.4657148,-0.33429876,-0.46588296,-0.237515,-0.41213405,-0.42539755,-0.46049926,-0.45290262,-0.45096737,-0.4619458
"629","PPIC","PPIC","204517_at",380,-0.3100174,-0.774596,-0.45725852,-0.5584959,-0.5269406,-0.3997938,-0.2852876,-0.61055887,-0.23950861,-1.2334512,-0.2191782,-0.43904918,-0.13351856,-0.16568886,-0.13843784,-0.28522068
"792","ST6GALNAC2","ST6GALNAC2","204542_at",381,-0.69452584,-0.7432294,-0.7483159,-0.76428854,-0.7733384,-0.7488408,-0.6514035,-0.7659603,-0.68727356,-0.8000049,-0.7071908,-0.71419793,-0.6983006,-0.6896971,-0.6880934,-0.70810616
"149","CGRRF1","CGRRF1","204605_at",384,-0.14694947,-0.18617977,-0.21869141,-0.16802846,0.07402724,-0.1704932,-0.19829127,-0.21149689,-0.12193238,-0.34672055,-0.2111895,-0.14991805,-0.09809821,-0.14168458,-0.12801678,-0.05950906
"106","CCDC85B","CCDC85B","204610_s_at",385,-0.36660436,-0.40049487,-0.25442827,-0.33307827,-0.3142607,-0.2458262,-0.3957732,-0.3013456,-0.3346239,-0.40801,-0.31121427,-0.3694892,-0.32647654,-0.32430694,-0.3220968,-0.29864362
"12","ACD","ACD","204617_s_at",386,-0.49251676,-0.527049,-0.58223224,-0.5465421,-0.3049516,-0.5019996,-0.50411874,-0.287646,-0.42467153,-0.602788,-0.478482,-0.50274324,-0.40934697,-0.41910446,-0.41779196,-0.37649596
"743","SHB","SHB","204656_at",387,-0.1697963,-0.35727474,-0.15845567,-0.22455706,0.07899,-0.30256793,-0.27801913,-0.33383954,-0.10062353,-0.64684325,-0.063273564,-0.19174074,-0.10829962,-0.1354198,-0.14870943,-0.09987739
"119","CCP110","CCP110","204662_at",388,-0.48240718,-0.43426564,-0.4343286,-0.43965217,-0.47089502,-0.42520362,-0.50578874,-0.6016761,-0.4266245,-0.43769097,-0.4126652,-0.4271753,-0.45880434,-0.43494612,-0.4315039,-0.42990348
"423","KIAA0753","KIAA0753","204711_at",390,-0.5067125,-0.52216214,-0.64231914,-0.5710834,-0.6921152,-0.62224776,-0.4836918,-0.54452604,-0.5709618,-0.48483077,-0.57754934,-0.54948187,-0.580321,-0.5810507,-0.58784425,-0.605523
"802","STX1A","STX1A","204729_s_at",391,-0.6058343,-0.63501513,-0.7670257,-0.6938765,-0.77978987,-0.6993817,-0.5257246,-0.6506712,-0.676771,-0.6085659,-0.7201668,-0.6607504,-0.6902601,-0.69004786,-0.6827724,-0.7066691
"87","C2CD2L","C2CD2L","204757_s_at",393,-0.7820732,-0.8189246,-0.81347334,-0.82546407,-0.8214319,-0.7784985,-0.80637324,-0.7952832,-0.7780658,-0.83792394,-0.79556006,-0.80250436,-0.77752185,-0.7739592,-0.77564025,-0.7793815
"901","USP6NL","USP6NL","204761_at",394,-0.48950237,-0.4745655,-0.40952766,-0.40064415,-0.45690447,-0.42666,-0.5425868,-0.33854312,-0.49816486,-0.44313154,-0.4776692,-0.4705883,-0.51790035,-0.504723,-0.50789964,-0.496154
"631","PPOX","PPOX","204788_s_at",396,0.7463721,0.6331425,0.6965081,0.6655974,0.62790906,0.7359606,0.80675614,0.34439388,0.8037925,0.5696187,0.7785435,0.741551,0.8314508,0.8368102,0.8503638,0.7958139
"163","CLPX","CLPX","204809_at",398,-0.22553352,-0.28832194,-0.43247598,-0.27218136,0.098456524,-0.28578183,-0.1634401,-0.31375283,-0.20169231,-0.2898833,-0.29228345,-0.2154465,-0.13731465,-0.16526857,-0.1630964,-0.10681211
"932","ZW10","ZW10","204812_at",399,0.093150236,0.12583973,0.2818804,0.1079499,0.10795867,0.17583789,-0.098565705,-0.009646468,0.14816135,0.087073706,0.22394267,0.1347523,0.17998113,0.15058936,0.14101335,0.14864224
"478","MELK","MELK","204825_at",400,0.84944546,0.67236793,0.48289916,0.8754153,0.6654503,0.5794101,0.7733796,0.51151776,0.7551728,0.6880841,0.6545993,0.89077985,0.69070494,0.7862087,0.74580956,0.7504095
"117","CCNF","CCNF","204826_at",401,-0.58138114,-0.57920194,-0.5891246,-0.60790133,-0.55762196,-0.6257883,-0.5616507,-0.69258165,-0.52541393,-0.64886594,-0.5374823,-0.5535183,-0.5295341,-0.5228945,-0.51511765,-0.53248525
"682","RAD9A","RAD9A","204828_at",402,-0.46144935,-0.6304341,-0.61974204,-0.7492316,-0.43233415,-0.61424685,-0.54492396,-0.45266405,-0.47931215,-0.7422774,-0.51546586,-0.60004514,-0.50999206,-0.48985457,-0.4727648,-0.45178476
"824","TCFL5","TCFL5","204849_at",403,-0.6339307,-0.66702056,-0.6493459,-0.6583522,-0.6118417,-0.64254814,-0.6659137,-0.59938955,-0.6127827,-0.6955835,-0.6274649,-0.6347148,-0.61753434,-0.61732924,-0.61748356,-0.6077591
"926","ZNF274","ZNF274","204937_s_at",404,0.44929352,1.0553889,0.8275717,0.81001,0.36579874,0.49674487,0.77321076,0.35929054,0.37658635,1.3765123,0.62250346,0.6335546,0.4417235,0.359432,0.41873813,0.3179606
"381","ICAM3","ICAM3","204949_at",405,-0.52600545,-0.4061429,-0.4760055,-0.38438326,-0.43848607,-0.5003811,-0.44732594,-0.6279314,-0.52293915,-0.48008814,-0.4905984,-0.4809058,-0.51050174,-0.5307337,-0.5287934,-0.49097422
"211","DDX10","DDX10","204977_at",406,-0.48117477,-0.64410126,-0.62307996,-0.6660072,-0.56027424,-0.6035958,-0.39415312,-0.6567364,-0.41985846,-0.790477,-0.4612256,-0.57293844,-0.4638919,-0.3822667,-0.38773423,-0.4533044
"871","TRAPPC6A","TRAPPC6A","204985_s_at",407,-0.25556585,-0.3978922,-0.19128378,-0.35495335,-0.17944025,-0.24820748,-0.13871922,-0.3659804,-0.07659244,-0.650168,-0.060160305,-0.29811037,-0.05173828,-0.053689744,-0.02284358,-0.11158452
"448","LSM6","LSM6","205036_at",408,-0.5676027,-0.5740934,-0.5072543,-0.56009513,-0.5417899,-0.5255746,-0.6322188,-0.525136,-0.5112788,-0.6026096,-0.4831691,-0.5412337,-0.5040484,-0.5003172,-0.50323135,-0.523293
"144","CENPE","CENPE","205046_at",409,-0.3847501,-0.4447967,-0.38759127,-0.42945305,-0.38266492,-0.435098,-0.36196077,-0.5527447,-0.29030627,-0.55278605,-0.29562342,-0.36932677,-0.29688174,-0.28926566,-0.3037042,-0.29064408
"428","KIT","KIT","205051_s_at",410,1.6403219,1.2755373,1.37242,1.2506168,1.2924827,1.3150946,1.5088475,1.6268187,1.5219718,1.0735728,1.4795045,1.3471682,1.5180777,1.4699392,1.4522402,1.4964428
"408","ITGAE","ITGAE","205055_at",411,1.1274847,1.1875025,1.0894402,1.0573934,1.0416424,1.1250064,1.2865703,0.8301746,1.2551782,1.3176217,1.1773205,1.2163469,1.251881,1.2906619,1.2871865,1.2495905
"558","ORC1","ORC1","205085_at",412,0.14596799,0.25819063,0.106846705,0.3769557,0.44839615,0.1497262,0.33292207,-0.10845332,0.20958078,0.024899004,0.15101887,0.26614466,0.25757095,0.14984187,0.23659378,0.25400624
"455","MAMLD1","MAMLD1","205088_at",413,-0.80016655,-0.8221632,-0.7978338,-0.8253144,-0.8373775,-0.8005367,-0.79988706,-0.80373657,-0.7966856,-0.8229819,-0.8068606,-0.8060977,-0.80614454,-0.80900353,-0.80538535,-0.8006461
"490","MOK","MOK","205130_at",415,0.5106135,0.34823763,0.3246776,0.23076266,0.4324511,0.33025917,0.5475323,0.46067604,0.5112867,0.22351626,0.4170201,0.37612417,0.5075874,0.49975574,0.5127545,0.51681525
"586","PEX11A","PEX11A","205161_s_at",416,-0.19272707,-0.4126142,-0.3769979,-0.36908072,-0.41941968,-0.3966798,-0.2501512,-0.28713495,-0.25340876,-0.44966695,-0.28723007,-0.31854373,-0.27674225,-0.29043812,-0.28908816,-0.31616384
"165","CLTB","CLTB","205172_x_at",417,0.6709621,1.2399879,1.1711739,1.213004,1.0708079,1.1288307,0.6712121,1.2561873,0.87060946,1.6210384,0.9819162,1.1016964,0.842501,0.8918577,0.89836955,0.9453162
"612","PLS1","PLS1","205190_at",419,0.008144708,-0.16860732,-0.19677405,-0.11002646,-0.14811316,-0.1823499,0.03457539,-0.22475578,-0.020031476,-0.34838796,-0.09385694,-0.06114752,-0.028776096,-0.054589402,-0.05729485,-0.08256385
"696","RELB","RELB","205205_at",421,-0.3683448,-0.33821246,-0.3044399,-0.3465578,-0.32196206,-0.28572255,-0.4116401,-0.35517612,-0.36208853,-0.26277676,-0.34664226,-0.3813532,-0.3463928,-0.3452981,-0.3564577,-0.34677297
"401","INPP4B","INPP4B","205376_at",422,0.25518188,0.34477317,0.3095478,0.39489126,0.16153409,0.21868269,0.28905115,0.051452126,0.15340477,0.37598285,0.21850726,0.30943403,0.12506606,0.12634727,0.13167197,0.12696935
"105","CBR3","CBR3","205379_at",423,-0.7293844,-0.67379797,-0.72470284,-0.65110946,-0.70703274,-0.68994504,-0.75694114,-0.70864815,-0.6721357,-0.65742034,-0.6670048,-0.6374452,-0.6512612,-0.6476241,-0.6814381,-0.6736147
"761","SMAD3","SMAD3","205398_s_at",424,-0.40101066,-0.4358425,-0.42087343,-0.44798958,-0.39636534,-0.42238778,-0.42199695,-0.55740726,-0.38597468,-0.45504284,-0.38450488,-0.41624174,-0.37786043,-0.37250367,-0.38332343,-0.38506567
"592","PHKA1","PHKA1","205450_at",425,1.6601636,1.1458892,0.6251486,1.0680134,0.813208,0.7811716,1.7827532,1.0814719,1.3654476,0.9306165,1.1661694,1.3173583,1.3151921,1.2441765,1.2336632,1.2659305
"302","FOXO4","FOXO4","205451_at",426,-0.39000377,-0.38793302,-0.3880137,-0.38056874,-0.3495936,-0.40254188,-0.5088784,-0.43774754,-0.38166583,-0.41788924,-0.38937464,-0.3973069,-0.37558043,-0.37360743,-0.38787794,-0.34477645
"595","PIGB","PIGB","205452_at",427,-0.52837855,-0.5911684,-0.6043845,-0.5656067,-0.49582246,-0.5650799,-0.5418625,-0.47177842,-0.5012105,-0.6333221,-0.5409094,-0.5422396,-0.51364934,-0.5125612,-0.501136,-0.4851154
"714","RPP38","RPP38","205562_at",428,2.8818812,3.2227414,3.032976,3.4489887,3.2086382,3.6180015,2.7719305,3.5562909,2.9569287,3.6253932,2.817449,3.1201026,2.9398067,3.0787742,3.0198042,3.0487247
"774","SNX7","SNX7","205573_s_at",429,-0.6088807,-0.68720853,-0.6458852,-0.67571723,-0.60918784,-0.6775351,-0.63873774,-0.62731624,-0.609601,-0.74748254,-0.61813855,-0.65486974,-0.6048443,-0.6398886,-0.62879413,-0.6245842
"26","ALAS1","ALAS1","205633_s_at",431,-0.033302117,0.03562027,-0.07049563,-0.033897955,0.24804895,0.13799673,-0.17137252,0.32359156,0.041994575,0.11462251,-0.02241769,-0.016335044,0.048313603,0.091489986,0.062907554,0.13746028
"811","SYNGR3","SYNGR3","205691_at",432,0.22228259,0.14648026,0.20282453,0.076874554,0.056926623,0.16085395,0.2887139,0.18603201,0.23963259,0.13079946,0.26741347,0.17311512,0.22672504,0.22789416,0.22285078,0.20592275
"81","BPHL","BPHL","205750_at",433,-0.10686886,0.56556183,0.62028974,0.5149232,0.10361004,0.040118605,-0.21185105,0.10374081,-0.20514303,0.7588349,0.163032,0.15371594,-0.1892962,-0.27721164,-0.25062984,-0.18626155
"622","POLG2","POLG2","205811_at",434,-0.19979347,-0.30592576,-0.32332817,-0.29106918,-0.40681717,-0.37375677,-0.20874353,-0.31229353,-0.18608916,-0.43657437,-0.15349112,-0.23222464,-0.19189739,-0.19355059,-0.19865534,-0.23014899
"621","POLE2","POLE2","205909_at",436,-0.34369045,-0.42450762,-0.30547276,-0.5222887,-0.09674605,-0.2964371,-0.30311623,-0.43495804,-0.2736551,-0.45239675,-0.3276463,-0.41183114,-0.25666377,-0.2563538,-0.24552082,-0.20972835
"223","DNAJA3","DNAJA3","205963_s_at",437,-0.60602796,-0.5353628,-0.54553044,-0.582467,-0.6441435,-0.5948341,-0.55288213,-0.821842,-0.52347,-0.53507936,-0.51586324,-0.5006533,-0.5295924,-0.50301874,-0.5140335,-0.53455377
"300","FOXJ3","FOXJ3","206015_s_at",438,-0.22561936,-0.2319331,-0.2790312,-0.27206498,-0.21877347,-0.22511868,-0.13902412,-0.26883852,-0.22354239,-0.19294886,-0.24107023,-0.23208816,-0.21569626,-0.20886703,-0.20465419,-0.20743561
"705","RNH1","RNH1","206050_s_at",439,0.44204247,0.19390114,0.22442368,0.28054762,0.3597722,0.2418885,0.5897048,0.4333347,0.38096845,0.12122968,0.2639577,0.34134513,0.35829622,0.36253396,0.38996184,0.37672928
"681","RAD51C","RAD51C","206066_s_at",440,-0.8017683,-0.79014754,-0.74875283,-0.7568197,-0.7749234,-0.7549543,-0.817022,-0.65821445,-0.7987257,-0.78198904,-0.77479005,-0.7909422,-0.7856714,-0.79573905,-0.79980874,-0.78802544
"306","FUT1","FUT1","206109_at",441,-0.6720054,-0.52734506,-0.5727755,-0.5803288,-0.5914574,-0.6496116,-0.55092144,-0.73210263,-0.6192717,-0.5317457,-0.584166,-0.5619583,-0.61820334,-0.622391,-0.610811,-0.6152426
"312","GABPB1","GABPB1","206173_x_at",442,-0.20830141,-0.32164356,-0.18370871,-0.36993125,-0.17109811,-0.12214458,-0.07770773,-0.48052457,-0.0670794,-0.47362673,-0.11829258,-0.21622072,-0.06840102,-0.04930027,-0.015247141,-0.08793966
"424","KIF14","KIF14","206364_at",443,-0.29924202,-0.2274436,-0.22152936,-0.34632894,-0.36609253,-0.29250523,-0.39002362,-0.44501618,-0.23009373,-0.20969528,-0.213661,-0.29108888,-0.23892587,-0.23889737,-0.25769064,-0.26359537
"459","MAP4K4","MAP4K4","206571_s_at",444,-0.61981326,-0.4775282,-0.44968084,-0.42671603,-0.47389767,-0.3575537,-0.70427114,-0.41024917,-0.6257235,-0.34700763,-0.5938167,-0.544619,-0.5913025,-0.602156,-0.62770677,-0.61230546
"180","CPSF4","CPSF4","206688_s_at",446,-0.2102185,-0.23499785,-0.32169247,-0.268409,-0.23788461,-0.33526525,-0.18835047,-0.33507428,-0.24034634,-0.29945338,-0.26464197,-0.23220263,-0.23684488,-0.27666083,-0.25560415,-0.2647138
"25","AKT1","AKT1","207163_s_at",450,0.8199483,1.032869,1.031888,1.0338941,0.835572,1.1634811,0.8088979,1.0699937,0.95406234,1.223122,0.95808417,0.94577676,0.93142456,0.9806087,0.97913677,0.9928254
"857","TNIP1","TNIP1","207196_s_at",451,-0.065211326,-0.30675188,-0.060032774,-0.1934575,0.0148382345,0.058118507,-0.13838299,-0.12768877,0.027066343,-0.48434237,-0.015028465,-0.0976763,0.030905435,0.06634848,0.06211335,0.04290287
"623","POLR1C","POLR1C","207515_s_at",452,-0.4725596,-0.64766073,-0.5712186,-0.65188533,-0.48305848,-0.5224189,-0.46897158,-0.37332153,-0.33895838,-0.74037004,-0.43303248,-0.4951736,-0.36935523,-0.35231587,-0.36215004,-0.36275947
"95","CASC3","CASC3","207842_s_at",455,-0.0012563705,-0.027003346,0.030151555,0.013098175,-0.1014873,0.011114104,-0.0010854132,-0.044853684,-0.019155117,-0.036315966,-0.0038755438,-0.009717843,-0.03081531,-0.025594098,-0.032745074,-0.042085607
"557","NVL","NVL","207877_s_at",457,1.7113266,0.8847422,1.3126627,1.2672604,1.2085282,1.0502751,1.2406548,0.9050979,1.7515776,0.21033573,1.6972495,1.5412894,1.645912,1.5787891,1.5761658,1.496032
"449","LSR","LSR","208190_s_at",458,-0.39945084,-0.57227886,-0.50872123,-0.6238703,-0.3169093,-0.5702404,-0.33544755,-0.5291974,-0.29632646,-0.7812828,-0.3483785,-0.48033842,-0.29417872,-0.2888573,-0.29256347,-0.3210971
"818","TBPL1","TBPL1","208398_s_at",460,-0.2515996,-0.40984336,-0.42542818,-0.35851508,-0.42241368,-0.49830005,-0.1414918,-0.43325156,-0.39419156,-0.46055952,-0.4072695,-0.35007462,-0.39036366,-0.41165277,-0.41030818,-0.41905338
"628","PPARG","PPARG","208510_s_at",463,-0.826907,-0.7954985,-0.796501,-0.7984183,-0.8216947,-0.80291384,-0.8130927,-0.79628164,-0.81705177,-0.80476063,-0.80799514,-0.80863804,-0.81404644,-0.81923443,-0.8175461,-0.8124373
"905","VAT1","VAT1","208626_s_at",464,0.15173902,0.41933897,0.67122746,0.7067151,0.4187895,0.73471636,-0.03263962,0.5505717,0.10566516,0.7646434,0.25959077,0.32907,0.104322076,0.18274762,0.13978478,0.20239872
"583","PDLIM1","PDLIM1","208690_s_at",467,-0.86168784,-0.8346977,-0.84833443,-0.81534255,-0.8260816,-0.832898,-0.892716,-0.82178897,-0.8614308,-0.79770666,-0.8666149,-0.84018284,-0.8610017,-0.85885686,-0.860765,-0.85925525
"559","OXA1L","OXA1L","208717_at",469,1.7155019,1.6745471,1.8852326,1.7277881,1.6554072,1.9149823,1.6122458,2.122022,1.568665,1.7696588,1.5707849,1.5842777,1.5363207,1.568448,1.5422672,1.5477662
"876","TSC22D3","TSC22D3","208763_s_at",470,-0.19691545,-0.43943703,-0.41259688,-0.383558,-0.3155389,-0.29632986,-0.19622746,-0.2611049,-0.2047631,-0.5399318,-0.26179084,-0.3220739,-0.20048065,-0.2174365,-0.2151791,-0.25280818
"661","PTK2","PTK2","208820_at",471,-0.8720949,-0.8664441,-0.8547806,-0.85109794,-0.90687597,-0.86883175,-0.89744765,-0.7847614,-0.86839575,-0.8776046,-0.8557127,-0.8693773,-0.8678058,-0.8625131,-0.86570114,-0.8655189
"17","ADH5","ADH5","208847_s_at",472,1.2139044,0.72350794,0.7718592,0.9365513,0.7504754,0.81774306,1.3210474,0.7856373,1.0110284,0.52989686,0.91336626,0.95304537,0.9681338,0.94193965,0.97395736,0.90837836
"226","DNAJB6","DNAJB6","209015_s_at",477,-0.41782984,-0.28481376,-0.29513246,-0.30378512,-0.2425904,-0.39322978,-0.3791993,-0.1229675,-0.42703578,-0.30875862,-0.37477487,-0.3873634,-0.40947968,-0.45634928,-0.42873138,-0.34751657
"177","COPS7A","COPS7A","209029_at",478,1.8916273,1.1800267,1.9518125,1.2048917,1.7475903,1.7246552,0.95876414,2.421271,1.9803368,0.6711239,2.1008987,1.4992285,1.9869676,2.0064647,1.8858023,1.8870506
"917","XPNPEP1","XPNPEP1","209045_at",479,-0.509658,-0.42556924,-0.34352043,-0.36729974,-0.43748358,-0.35868627,-0.561403,-0.45851156,-0.44096044,-0.37864426,-0.39285398,-0.43157506,-0.42954117,-0.4278794,-0.41629773,-0.42231873
"178","CORO1A","CORO1A","209083_at",480,-0.66116714,-0.5772049,-0.6094662,-0.6451777,-0.6369912,-0.65424657,-0.65213007,-0.61131716,-0.6801207,-0.5349272,-0.64864427,-0.6714812,-0.6666391,-0.6768818,-0.6704815,-0.66267204
"324","GLOD4","GLOD4","209092_s_at",481,-0.5190802,-0.28282547,-0.31020904,-0.23793326,-0.27503866,-0.24473001,-0.5814002,-0.059041098,-0.53755426,-0.039451256,-0.48954126,-0.40964067,-0.5079374,-0.5081611,-0.5086572,-0.480786
"221","DLD","DLD","209095_at",482,-0.28466058,-0.21901615,-0.32897577,-0.3062356,-0.26892525,-0.26362568,-0.22317997,-0.2762429,-0.260917,-0.18576193,-0.3120456,-0.24257366,-0.23319517,-0.25415662,-0.25239724,-0.2358168
"387","IFRD2","IFRD2","209100_at",483,-0.8023644,-0.8255136,-0.81970024,-0.8074351,-0.7816988,-0.7894643,-0.7698457,-0.7952792,-0.768029,-0.85240495,-0.7934539,-0.78619623,-0.77175367,-0.76670766,-0.7667293,-0.7622091
"645","PRPF4","PRPF4","209161_at",485,-0.86529875,-0.88585496,-0.8684107,-0.8747555,-0.8823862,-0.8622084,-0.89170325,-0.9033148,-0.8698716,-0.90658575,-0.87141776,-0.8803218,-0.8753496,-0.8609825,-0.86179566,-0.8728402
"456","MAN2B1","MAN2B1","209166_s_at",487,-0.71675366,-0.7334272,-0.69487566,-0.7726363,-0.67230415,-0.679171,-0.7562265,-0.7721422,-0.69086504,-0.7549056,-0.69736016,-0.7286212,-0.681632,-0.6808542,-0.6862749,-0.6649492
"471","MBOAT7","MBOAT7","209179_s_at",488,0.34869155,0.61952746,0.60660166,0.7175934,0.62201554,0.5594685,0.2301966,0.51661426,0.38538647,0.75745106,0.42912504,0.52098024,0.39294994,0.40084484,0.40795463,0.44012973
"298","FOS","FOS","209189_at",489,-0.72125655,-0.5975405,-0.6514986,-0.66489387,-0.62758994,-0.6747621,-0.7082935,-0.7695342,-0.6865915,-0.5252805,-0.68482715,-0.6596254,-0.6832939,-0.674851,-0.6757262,-0.67103344
"882","TUBB6","TUBB6","209191_at",490,1.1038158,2.343675,1.630903,2.2298079,1.0639404,1.5062242,1.0670902,1.4480172,1.1525446,3.179845,1.3047851,1.8368727,1.0964656,1.0962527,1.0775992,1.195399
"104","CBR1","CBR1","209213_at",491,-0.20099738,-0.44418955,-0.44997707,-0.37966487,-0.28263372,-0.32111892,-0.16179919,-0.16249257,-0.20734598,-0.5424783,-0.29677525,-0.29974264,-0.2063887,-0.19324735,-0.19631828,-0.20517173
"481","MFSD10","MFSD10","209215_at",492,0.23876563,0.12968865,0.16925693,0.22856206,0.21924198,0.30632168,0.13738832,0.22052538,0.2712462,0.14161897,0.21074243,0.21722859,0.2412794,0.30378827,0.32535943,0.29776454
"776","SORBS3","SORBS3","209253_at",493,-0.7448978,-0.788039,-0.74262154,-0.82523507,-0.6487914,-0.7462567,-0.7775508,-0.8229865,-0.76602477,-0.7876366,-0.7692027,-0.80871063,-0.7747252,-0.7543495,-0.7750124,-0.73655534
"880","TSPAN4","TSPAN4","209263_x_at",496,0.21967402,0.00749869,0.100278065,0.0787692,0.26675773,0.1650563,0.16430552,0.7009568,0.16955774,0.012386405,0.12305257,0.08634893,0.22716098,0.15306932,0.12843627,0.1431913
"63","BAD","BAD","209364_at",500,-0.3923106,-0.3360231,-0.30997482,-0.297335,-0.43135163,-0.3312843,-0.40465564,-0.25762352,-0.45155793,-0.25792977,-0.389813,-0.3805114,-0.46343255,-0.454923,-0.45744163,-0.4545742
"805","STXBP2","STXBP2","209367_at",501,-0.40623778,-0.35622513,-0.3886353,-0.36736944,-0.51478845,-0.4094338,-0.28909847,-0.41657785,-0.4311709,-0.3057104,-0.41163296,-0.39475763,-0.43153968,-0.41361994,-0.41087824,-0.43976083
"3","ABCC5","ABCC5","209380_s_at",502,-0.7855553,-0.82142156,-0.86353487,-0.79692996,-0.8298841,-0.82076544,-0.7710862,-0.82503647,-0.7971514,-0.8336734,-0.820548,-0.8066435,-0.8104741,-0.8000594,-0.79859865,-0.7949713
"426","KIF2C","KIF2C","209408_at",503,-0.8036254,-0.7711785,-0.8065841,-0.7818868,-0.8598933,-0.80539286,-0.77308136,-0.77803826,-0.8427883,-0.7403626,-0.837148,-0.8061753,-0.8438456,-0.84708065,-0.84196216,-0.8493521
"41","ARHGEF2","ARHGEF2","209435_s_at",505,-0.81318235,-0.7243059,-0.6772297,-0.67780256,-0.69165516,-0.68743247,-0.8042872,-0.73825353,-0.80448973,-0.6704961,-0.7717922,-0.7479388,-0.8116678,-0.804385,-0.7970953,-0.7948994
"710","RPA3","RPA3","209507_at",506,0.72738045,0.5914936,0.41860658,0.5114511,0.40693098,0.39767477,0.8403869,0.34725952,0.68515676,0.49736747,0.6576701,0.66355675,0.6926629,0.65836465,0.6591585,0.60907763
"677","RAB27A","RAB27A","209515_s_at",507,-0.33312663,-0.41755825,-0.3737761,-0.36147457,-0.33833522,-0.42640993,-0.40727317,-0.50851583,-0.33956018,-0.5453501,-0.3350298,-0.36526158,-0.3471023,-0.3535737,-0.3485705,-0.35111633
"343","GSTZ1","GSTZ1","209531_at",509,0.18170649,-0.060615,-0.23827715,-0.1480156,0.048219185,-0.120875254,0.3178575,-0.16920228,0.13964504,-0.31325227,0.014421421,0.011047083,0.09729181,0.11592525,0.16391505,0.105133444
"722","RRS1","RRS1","209567_at",510,-0.60479677,-0.63525194,-0.66426057,-0.6413219,-0.6602656,-0.6293839,-0.5760189,-0.6030888,-0.59720176,-0.6250468,-0.6295858,-0.61475223,-0.6024381,-0.598032,-0.59715194,-0.60382426
"10","ACAT2","ACAT2","209608_s_at",513,0.043746628,0.2858707,-0.064348936,0.009898864,0.03337244,-0.18056865,0.14328751,-0.1701593,0.1345896,0.42440984,0.065392144,0.16867356,0.081730165,0.087426305,0.13012983,0.1116755
"147","CETN3","CETN3","209662_at",514,-0.6395478,-0.5697578,-0.5689999,-0.54766196,-0.56395996,-0.5328176,-0.70408225,-0.52420014,-0.6363212,-0.5027685,-0.6199918,-0.5989287,-0.63353723,-0.6253307,-0.63196063,-0.6139117
"669","PUF60","PUF60","209899_s_at",517,1.0847931,0.9276194,0.9969298,0.86146414,0.92964804,0.7004545,0.889812,0.3738083,1.0828393,0.7517172,1.0913849,0.9747309,1.0120159,0.98470145,0.98991436,1.0072945
"712","RPL39L","RPL39L","210115_at",519,0.8657898,0.9138034,1.2318406,1.111692,0.958995,1.2712901,0.7624766,0.55922365,1.0727962,0.9155766,1.1607817,0.998357,1.0536121,1.1217401,1.1716802,1.0560867
"243","DYRK3","DYRK3","210151_s_at",520,0.016994314,-0.15202528,0.01691612,-0.13908997,-0.13163705,-0.06413075,-0.093631886,-0.074465774,0.025386939,-0.27874175,0.058074705,-0.08200094,0.053660758,0.029346308,0.008926595,0.0071956674
"152","CHEK2","CHEK2","210416_s_at",522,-0.28272876,-0.32327184,-0.26844925,-0.37592772,-0.19379708,-0.22827788,-0.30865648,-0.24335138,-0.24076281,-0.3774335,-0.22957,-0.28094578,-0.22835036,-0.21997294,-0.21438491,-0.21089281
"486","MLLT11","MLLT11","211071_s_at",528,0.16631196,1.0379155,1.7445714,2.288019,1.5612631,1.9386239,-0.49959907,1.56056,-0.35370156,2.3163779,0.16936934,0.70496297,-0.2279289,-0.23115182,-0.23890607,-0.006747957
"69","BDH1","BDH1","211715_s_at",529,-0.8056639,-0.8610204,-0.83970565,-0.85920036,-0.8641982,-0.8395143,-0.8270553,-0.793639,-0.8026897,-0.89152515,-0.8110533,-0.83365375,-0.8144654,-0.81306535,-0.81647295,-0.81978303
"447","LSM5","LSM5","211747_s_at",531,2.9940426,1.9160591,2.5133452,2.233071,2.180145,2.1977139,2.3996997,1.6863048,2.8966851,1.347603,2.852652,2.515753,2.7892673,2.805712,2.8329594,2.7852266
"199","CXCR4","CXCR4","211919_s_at",533,-0.6756857,-0.6531215,-0.7565694,-0.6533844,-0.79328936,-0.74165165,-0.62679064,-0.65094244,-0.71197385,-0.6416978,-0.7286466,-0.65513116,-0.71673036,-0.7225317,-0.7161025,-0.716507
"704","RNF167","RNF167","212047_s_at",534,-0.3818766,-0.18879658,-0.23706168,-0.17097294,-0.33311665,-0.19231072,-0.4103569,-0.2649417,-0.4775354,-0.03597668,-0.41728374,-0.34870198,-0.45536312,-0.44650117,-0.45272577,-0.42330495
"924","ZMIZ1","ZMIZ1","212124_at",538,0.531172,0.5934972,0.9272806,0.63859105,0.42340288,0.66042846,0.34053007,0.45854118,0.70181274,0.47465208,0.8890751,0.6510333,0.7399105,0.7395211,0.7151195,0.742768
"172","COG4","COG4","212189_s_at",542,-0.44726694,1.1874995,0.18614094,0.339354,-0.015967946,-0.3180308,-0.3951991,-0.4645678,-0.22038865,2.025334,-0.098641045,0.48386338,-0.2576751,-0.26094332,-0.24172407,-0.21734159
"884","TXLNA","TXLNA","212300_at",546,1.0530185,1.3362261,1.3770789,1.4160227,1.1242399,1.3163451,1.0926323,1.0156946,0.96481276,1.64496,1.088607,1.2351569,0.9968248,1.0060122,1.0402937,1.0056144
"335","GPATCH8","GPATCH8","212485_at",552,-0.51975596,-0.5290034,-0.58158946,-0.5433359,-0.55697346,-0.49622998,-0.4269215,-0.5235194,-0.48164406,-0.46845028,-0.52096665,-0.5123989,-0.47296867,-0.45869777,-0.45942503,-0.47744337
"19","ADO","ADO","212500_at",553,-0.41950387,-0.3982733,-0.3190649,-0.49137133,-0.35673425,-0.3400071,-0.40174207,-0.4785151,-0.34148034,-0.41110083,-0.31541416,-0.42518404,-0.31214052,-0.31107798,-0.30415577,-0.30742118
"54","ATP11B","ATP11B","212536_at",554,-0.556121,-0.58594793,-0.47885075,-0.5676808,-0.5588779,-0.5575104,-0.6532918,-0.34587407,-0.5299213,-0.5478033,-0.50143677,-0.5644222,-0.546805,-0.5366226,-0.5491781,-0.53735495
"929","ZNF451","ZNF451","212557_at",555,-0.40564388,-0.43957332,-0.40274534,-0.46129304,-0.4310138,-0.41370344,-0.43679535,-0.36939496,-0.37245986,-0.47594714,-0.37090823,-0.41958466,-0.3923215,-0.3772987,-0.37456378,-0.3814136
"43","ARID5B","ARID5B","212614_at",557,-0.41737315,-0.36547858,-0.3251329,-0.42835894,-0.37054995,-0.36246267,-0.47316295,-0.5081401,-0.39889315,-0.3584114,-0.36495945,-0.4106947,-0.40110055,-0.40046984,-0.40304443,-0.3974567
"157","CHN1","CHN1","212624_s_at",558,-0.33523366,-0.039770257,0.22160463,0.34204793,0.08796631,0.1936041,-0.18575288,0.6645183,-0.46863416,0.23569046,-0.2974919,-0.21243346,-0.43358117,-0.4690306,-0.4797436,-0.46423528
"220","DHX29","DHX29","212648_at",560,3.0394218,3.3918045,3.4810688,3.4719553,2.9992926,2.8972487,3.2809036,1.9401109,2.7501109,3.2896295,2.994245,3.0484133,2.8696039,2.5908675,2.7383232,2.7935143
"411","JADE2","JADE2","212660_at",561,-0.49348244,-0.648076,-0.5666705,-0.7022911,-0.53322715,-0.59784746,-0.5801736,-0.50941306,-0.48903987,-0.7562294,-0.47619215,-0.5996323,-0.47581333,-0.48527452,-0.5076833,-0.5172296
"844","TIPARP","TIPARP","212665_at",562,-0.1226865,-0.24265087,-0.20586602,-0.29141313,-0.057899967,-0.18257122,-0.1975614,-0.111973405,-0.09808974,-0.36918443,-0.14433739,-0.17899676,-0.09556391,-0.106779136,-0.097765215,-0.08322773
"419","KDM3A","KDM3A","212689_s_at",563,0.15988518,0.042047407,0.1370856,0.0641535,0.30835095,0.17008415,0.06265714,0.07105575,0.20857656,-0.0859087,0.21599203,0.097524606,0.23203474,0.23325446,0.23898809,0.21920824
"576","PCCB","PCCB","212694_s_at",564,1.6731862,1.9495149,1.743721,1.5937732,2.1816027,2.0038602,1.8881081,2.8510437,2.2271976,1.8556733,2.1441076,1.9269284,2.3811505,2.3577921,2.3717852,2.2420847
"608","PLEKHM1","PLEKHM1","212717_at",565,0.08345333,0.1159116,0.062906094,0.20723313,0.09705789,0.08959034,0.18345185,0.15221599,0.15227342,0.15049136,0.13757226,0.18683214,0.15889011,0.14704348,0.16540635,0.13817978
"412","JMJD6","JMJD6","212723_at",566,-0.3877119,-0.6957695,-0.7379824,-0.6057041,-0.6034103,-0.65487695,-0.2754443,-0.5021061,-0.49345213,-0.8806675,-0.601716,-0.553711,-0.49031916,-0.51691955,-0.5067872,-0.54836255
"92","CAMSAP2","CAMSAP2","212765_at",567,0.66660446,1.224849,1.0566626,1.2979385,0.97683483,0.98397857,0.58824223,1.5813576,0.55860186,1.7234803,0.64097166,0.9663754,0.54024786,0.5934368,0.5680742,0.56879807
"48","ASCC3","ASCC3","212815_at",570,-0.2906677,-0.19276506,-0.29128247,-0.23789932,-0.38106406,-0.35223842,-0.10999534,-0.30195045,-0.34542096,-0.14282082,-0.2963036,-0.30761132,-0.3611193,-0.35919586,-0.3339057,-0.3567801
"752","SLC25A46","SLC25A46","212833_at",571,-0.2667906,-0.2066627,-0.14633903,-0.1369518,-0.24775751,-0.18903455,-0.18471316,-0.2334004,-0.20260642,-0.33112216,-0.18547271,-0.24150173,-0.1950965,-0.21508926,-0.20482694,-0.16980876
"466","MAPKAPK5","MAPKAPK5","212871_at",574,-0.28536874,-0.36666587,-0.3940084,-0.32092425,-0.32307005,-0.31679332,-0.32986915,-0.40836343,-0.3211472,-0.40819848,-0.3680353,-0.33004263,-0.32546803,-0.32299587,-0.32351288,-0.32988146
"86","C2CD2","C2CD2","212875_s_at",575,0.49168482,0.40254578,0.64573634,0.5477303,0.6204981,0.69010085,0.4091791,0.625748,0.5204125,0.40436584,0.53448546,0.4491736,0.48135254,0.52989024,0.53211904,0.4842253
"912","WDR7","WDR7","212880_at",576,-0.40076932,-0.34266144,-0.36053365,-0.3044412,-0.33461002,-0.3062645,-0.39146835,-0.41505224,-0.34546554,-0.315834,-0.36823386,-0.31138018,-0.33625442,-0.33948243,-0.34235385,-0.34791452
"806","SUPV3L1","SUPV3L1","212894_at",577,0.13615268,0.39284855,0.37132174,0.37593284,0.17543902,0.22672237,0.34366316,0.022928644,0.13635679,0.4154879,0.27823853,0.26590517,0.18541467,0.1665615,0.19585268,0.13333276
"836","THAP11","THAP11","212910_at",579,0.087307505,0.17838559,-0.10429118,0.0072301696,0.16967103,-0.041780077,0.15269072,0.14865291,0.18817613,0.15761514,0.10317415,0.15650634,0.2061608,0.18172437,0.1979586,0.22529346
"88","C2CD5","C2CD5","212943_at",580,-0.8453367,-0.8610485,-0.8652101,-0.8565739,-0.82012093,-0.833366,-0.86616707,-0.82253534,-0.83025473,-0.8839387,-0.8436467,-0.8456168,-0.83165866,-0.8312375,-0.831183,-0.8285784
"624","POLR2I","POLR2I","212955_s_at",581,-0.16183676,-0.29284576,-0.14697377,-0.23812051,-0.18299505,-0.07121527,-0.19918258,-0.4585124,0.012584815,-0.56689584,-0.020936593,-0.16051838,0.0189551,0.02411187,0.013898354,0.0021042696
"699","RFNG","RFNG","212968_at",582,0.09517231,-0.067855716,-0.07477015,-0.04092108,0.0840902,-0.06580873,0.1322941,0.0018596764,0.15978357,-0.15840495,0.12205832,0.06450837,0.13374741,0.14499412,0.1360993,0.11000256
"711","RPIA","RPIA","212973_at",583,-0.20822716,-0.44007218,-0.4502337,-0.5536995,-0.45819792,-0.44084015,-0.19042547,-0.2959566,-0.185611,-0.5922737,-0.24711336,-0.3556101,-0.19293451,-0.18931219,-0.17930676,-0.18282548
"365","HOXA10","HOXA10","213150_at",586,0.23315468,0.10367131,0.18181603,0.13394932,0.059514064,0.15192737,0.26165682,0.040424023,0.24705797,-0.01607562,0.25660768,0.18224649,0.1866695,0.18919457,0.24047591,0.1457087
"173","COG7","COG7","213190_at",587,0.8092838,3.6941047,2.503922,3.162716,1.7758782,1.9035698,0.75083953,4.083215,0.757166,5.3205066,1.218309,2.3211107,0.72152025,0.60725904,0.640786,0.8801157
"431","KLHL9","KLHL9","213233_s_at",588,1.046391,0.9923118,0.96479017,0.98986256,0.78502154,0.9465184,1.0550491,0.97351485,0.9643132,0.9762632,0.9539202,0.9995419,0.9982291,0.92925274,0.93029726,0.8889278
"772","SNX13","SNX13","213292_s_at",589,0.17396066,0.3860479,0.35349622,0.39630425,0.45788598,0.42005202,0.12769748,0.6269044,0.1853138,0.61571914,0.19923066,0.27367738,0.2484559,0.20833725,0.20192136,0.24205247
"319","GDPD5","GDPD5","213343_s_at",590,-0.88818485,-0.8663106,-0.87831765,-0.87387943,-0.88794404,-0.8881641,-0.8810725,-0.90842974,-0.8744295,-0.8853773,-0.8818518,-0.8623162,-0.87937015,-0.8827182,-0.876187,-0.8660378
"289","FCHO1","FCHO1","213669_at",593,-0.6386101,-0.61855376,-0.51827306,-0.6139977,-0.57751256,-0.67987067,-0.66539073,-0.639716,-0.6467371,-0.717392,-0.5788494,-0.6435993,-0.66722566,-0.6561031,-0.66384465,-0.6422393
"366","HOXA5","HOXA5","213844_at",596,0.36773762,0.042765316,-0.0312755,0.005646432,0.39267626,0.24250102,0.4257086,0.03275622,0.21548758,-0.25003812,0.151632,0.075925194,0.19815427,0.2182485,0.23730266,0.22920007
"815","TBC1D31","TBC1D31","214061_at",599,-0.6246307,-0.540507,-0.5859221,-0.5445697,-0.51928365,-0.5062939,-0.62140626,-0.593526,-0.6609936,-0.46939316,-0.6598722,-0.6127492,-0.6596719,-0.65022343,-0.6540449,-0.63924515
"291","FEZ2","FEZ2","215000_s_at",604,0.74201703,1.7771394,1.235664,1.6139234,1.1584404,1.3698468,0.5317918,1.9857856,0.7336458,2.638722,0.820011,1.2764822,0.8447798,0.8066603,0.7678642,0.8459992
"228","DNM1","DNM1","215116_s_at",606,-0.1790935,-0.46996412,-0.49917156,-0.47703674,-0.321111,-0.251165,-0.26788744,-0.5378069,-0.11652024,-0.58074427,-0.22216193,-0.25903556,-0.12481413,-0.09114081,-0.100600936,-0.1387477
"894","UBQLN2","UBQLN2","215884_s_at",607,-0.29311296,-0.41696212,-0.40320745,-0.44211978,-0.3940066,-0.34025595,-0.3048518,-0.17698433,-0.3183446,-0.4944605,-0.3585351,-0.3813621,-0.31692374,-0.3156676,-0.32126677,-0.32311216
"392","IGHMBP2","IGHMBP2","215980_s_at",610,-0.28063813,-0.35733804,-0.39066178,-0.3259021,-0.25737765,-0.35093144,-0.2735188,-0.30965453,-0.27229396,-0.42090735,-0.30643937,-0.2910185,-0.26614925,-0.27651057,-0.27357247,-0.2783205
"363","HOMER2","HOMER2","217080_s_at",614,-0.6919376,-0.7179371,-0.7209565,-0.69816846,-0.75502723,-0.7222179,-0.6911508,-0.74704325,-0.6972235,-0.7516715,-0.70127,-0.69538116,-0.6979401,-0.700949,-0.7001242,-0.70507276
"354","HERPUD1","HERPUD1","217168_s_at",615,1.1148752,1.0650407,0.87891614,0.96552724,0.9413964,1.0145621,1.1640913,0.75204927,1.0798236,1.155925,0.9551972,1.0831885,1.0997657,1.0899549,1.0612977,1.1681315
"526","NGRN","NGRN","217722_s_at",616,-0.59731495,-0.6715224,-0.63535625,-0.6491326,-0.6181903,-0.6576726,-0.61738783,-0.60019803,-0.58429724,-0.7330072,-0.59640133,-0.6229002,-0.6044889,-0.595093,-0.6003458,-0.5957537
"167","CNDP2","CNDP2","217752_s_at",617,-0.19029446,-0.3702125,-0.24582912,-0.30605286,-0.273213,-0.30165437,-0.14886393,-0.4266137,-0.13172728,-0.49274063,-0.21121253,-0.2252614,-0.15376079,-0.1700221,-0.13627687,-0.16165085
"850","TM9SF3","TM9SF3","217758_s_at",618,-0.7341907,-0.76525885,-0.79733247,-0.7249253,-0.7292237,-0.7527564,-0.7117171,-0.77379435,-0.7311048,-0.79431176,-0.75461984,-0.7269171,-0.72153956,-0.7234687,-0.7285206,-0.7172047
"18","ADI1","ADI1","217761_at",619,0.07542321,0.20505807,0.06223252,0.08744344,0.17343388,0.11803617,0.16636038,0.058928903,0.19014713,0.21557985,0.11698713,0.17228341,0.18992539,0.21275179,0.22216277,0.21453527
"854","TMEM50A","TMEM50A","217766_s_at",621,0.20074786,0.034984604,-0.023275575,-0.09077167,0.058967717,-0.07110719,0.2991452,-0.2642294,0.17100504,-0.12182287,0.14384933,0.11454951,0.116881095,0.1484665,0.16004838,0.11760406
"773","SNX6","SNX6","217789_at",624,-0.062337186,-0.22498532,-0.34782246,-0.191339,-0.06441527,-0.26435527,-0.07616021,-0.3521973,-0.03610987,-0.40973252,-0.18204926,-0.15882769,-0.064347275,-0.09382937,-0.0947081,-0.053716745
"85","BZW2","BZW2","217809_at",625,0.7168636,0.48196074,0.51994675,0.6161141,0.61388886,0.4012397,0.6326685,0.20938131,0.7574929,0.18528023,0.737568,0.66724753,0.703156,0.6761699,0.68855304,0.66812915
"275","EVL","EVL","217838_s_at",627,-0.24111852,-0.45994735,-0.392767,-0.41512936,-0.38302162,-0.38439456,-0.32879612,-0.22809634,-0.23715451,-0.5942755,-0.27049983,-0.32571915,-0.2635189,-0.2653755,-0.27574465,-0.30664256
"62","BACE2","BACE2","217867_x_at",628,-0.6225305,-0.59181607,-0.6910642,-0.6190839,-0.6380238,-0.6266089,-0.50531995,-0.5916259,-0.63883287,-0.53803265,-0.668506,-0.63082975,-0.6406051,-0.6316507,-0.61310095,-0.63182145
"596","PIH1D1","PIH1D1","217872_at",629,-0.1003233,-0.17314686,-0.12916465,-0.18565987,-0.1112393,-0.15448928,0.056097534,-0.2113872,-0.09643731,-0.270043,-0.1204281,-0.1458621,-0.090362564,-0.091723286,-0.07756607,-0.10444502
"90","CAB39","CAB39","217873_at",630,-0.8087396,-0.79681385,-0.8256746,-0.83102965,-0.7787381,-0.8306591,-0.7884099,-0.7871416,-0.7980528,-0.82554084,-0.7967715,-0.80659825,-0.7868758,-0.8017706,-0.7958377,-0.7889352
"379","IARS2","IARS2","217900_at",631,-0.8206186,-0.85026175,-0.84957916,-0.8414734,-0.8331505,-0.8334081,-0.8059048,-0.8262782,-0.8108031,-0.87822205,-0.82512164,-0.82497513,-0.80758744,-0.8100271,-0.8092245,-0.8102615
"235","DSG2","DSG2","217901_at",632,-0.175475,-0.61105025,-0.104761325,-0.65788317,-0.18162546,-0.1828526,-0.39291045,-0.7903226,-0.1306781,-0.8856641,0.0014383035,-0.5214784,-0.06493903,-0.102540754,-0.11459424,-0.1337978
"429","KLHDC2","KLHDC2","217906_at",633,-0.8382151,-0.8671987,-0.88827944,-0.8764237,-0.8449386,-0.84920317,-0.85144544,-0.897985,-0.8321639,-0.8914998,-0.8534847,-0.8519798,-0.8322177,-0.8308901,-0.8291627,-0.8321022
"64","BAG3","BAG3","217911_s_at",634,-0.21488096,0.031770274,0.05119051,0.06982583,-0.07218676,0.05754991,-0.26457936,0.15585388,-0.16045666,0.2049232,-0.11938402,-0.055631246,-0.097133785,-0.11375034,-0.12474498,-0.102858216
"169","CNPY3","CNPY3","217931_at",635,-0.22878698,-0.31860086,-0.33700725,-0.30762702,-0.30504504,-0.31000283,-0.09126051,-0.45727602,-0.21196336,-0.40652242,-0.22737406,-0.26900902,-0.18398814,-0.20015101,-0.20108765,-0.2285099
"435","LAP3","LAP3","217933_s_at",636,-0.07013911,0.08331142,0.024922822,0.043926883,-0.015562301,0.03561404,-0.05352232,-0.19107439,-0.0039988095,0.114217676,0.055486884,0.053236574,-0.014493962,0.024969552,0.022076119,-0.033104863
"801","STUB1","STUB1","217934_x_at",637,0.12692128,0.1369523,0.1707153,0.11596996,0.25252047,0.1382355,0.09666532,0.23838449,0.16007875,0.13918136,0.15639986,0.13273478,0.17871508,0.16864048,0.15174122,0.19693461
"535","NOSIP","NOSIP","217950_at",638,-0.612455,-0.59099185,-0.61146176,-0.6026971,-0.55564386,-0.57370603,-0.6171449,-0.6337066,-0.5869083,-0.57637334,-0.6102754,-0.5918601,-0.58426446,-0.5682191,-0.58027637,-0.5789667
"264","ENOPH1","ENOPH1","217956_s_at",639,0.6301664,0.5400071,0.5482439,0.5119029,0.51314294,0.6478661,0.66074324,0.5120246,0.5951186,0.5347344,0.5716596,0.5846498,0.61790156,0.6193282,0.60700893,0.58197063
"370","HSD17B11","HSD17B11","217989_at",640,0.15433821,0.0508604,-0.05693695,-0.009196209,0.2453565,0.13438869,0.31591663,0.33022964,0.04650716,0.00091548456,0.011455739,-0.0011119301,0.09321869,0.07586215,0.1103765,0.069301434
"496","MRPS2","MRPS2","218001_at",642,0.39621904,0.52989346,0.41167474,0.40375257,0.2974367,0.3708687,0.46569777,0.359103,0.51486367,0.6002984,0.4789684,0.54136974,0.47532234,0.48336315,0.4755286,0.47235194
"553","NUP85","NUP85","218014_at",643,0.8355391,0.8030758,0.45335695,0.77673507,0.65386295,0.55041385,1.0505908,0.69688123,0.7509888,0.830587,0.668105,0.8227668,0.7865456,0.7480604,0.73966813,0.6958682
"295","FIS1","FIS1","218034_at",644,-0.69478154,-0.73410606,-0.74939257,-0.75929683,-0.6721607,-0.7010272,-0.67956656,-0.77554625,-0.685193,-0.75380623,-0.71210897,-0.72325295,-0.69338745,-0.69535255,-0.6870571,-0.68495744
"556","NUSAP1","NUSAP1","218039_at",645,0.75666344,0.6672717,0.13197443,0.537312,0.367827,0.25521645,1.1085768,0.3151619,0.6709274,0.54456764,0.5077561,0.75437635,0.6538202,0.639095,0.6553947,0.5933424
"495","MRPS16","MRPS16","218046_s_at",646,0.18863733,0.14662749,-0.06459412,0.035853185,0.17068227,0.18232216,0.29024312,0.45036507,0.15702285,0.19401695,0.030421196,0.09669936,0.15052584,0.14497125,0.16822116,0.18282862
"896","UFM1","UFM1","218050_at",647,0.12797678,0.22890088,0.34261104,0.25039643,0.18298781,0.24345684,0.09294675,0.13469914,0.19996126,0.27516836,0.24451087,0.21062201,0.17429857,0.19594619,0.21293077,0.19515151
"547","NT5DC2","NT5DC2","218051_s_at",648,0.30964518,0.43039376,0.2647582,0.58306366,0.4315824,0.35032642,0.4160804,0.40171278,0.272711,0.60308933,0.24913618,0.4456236,0.3272801,0.3017564,0.3036576,0.29666835
"23","AKAP8L","AKAP8L","218064_s_at",649,-0.2626877,-0.22149853,-0.18095453,-0.2073881,-0.25012493,-0.19436394,-0.2733746,-0.23322603,-0.2632482,-0.17174776,-0.23869027,-0.23932196,-0.27706125,-0.26284215,-0.26767814,-0.27271998
"538","NPDC1","NPDC1","218086_at",650,0.2304747,-0.11829886,0.07370487,0.17613637,0.25218356,0.18238634,0.018814646,0.57542956,-0.004444358,-0.12505871,-0.060353674,0.00020435806,-0.06815374,0.0006954891,-0.032847874,-0.00063986325
"31","ANKRD10","ANKRD10","218093_s_at",651,-0.58709896,-0.68075794,-0.71904737,-0.6278779,-0.55722874,-0.6157945,-0.6105825,-0.5595027,-0.62642074,-0.68365264,-0.6700267,-0.6253622,-0.62876266,-0.6131601,-0.62012964,-0.588967
"215","DERA","DERA","218102_at",652,-0.53650963,-0.54695845,-0.5824671,-0.54526436,-0.5580088,-0.5368698,-0.4738885,-0.61270016,-0.53474355,-0.5555516,-0.55924004,-0.52137136,-0.5267572,-0.5291427,-0.5204658,-0.5176991
"831","TEX10","TEX10","218104_at",653,-0.8222986,-0.82593197,-0.8381586,-0.8525041,-0.7556396,-0.841877,-0.8318841,-0.8022823,-0.81738794,-0.85754013,-0.8228937,-0.8471262,-0.81032914,-0.8208607,-0.8263268,-0.8028605
"895","UBR7","UBR7","218108_at",654,0.2574018,0.13788153,0.13635476,0.08108804,0.056878805,0.1229011,0.2076468,0.0113907885,0.27469468,-0.0072748377,0.2724882,0.20876695,0.24066874,0.2630624,0.22322387,0.24129929
"873","TRIB3","TRIB3","218145_at",656,-0.36983216,-0.473007,-0.44239387,-0.4427445,-0.37935075,-0.4111929,-0.42763725,-0.46222273,-0.39795128,-0.57206374,-0.40475515,-0.44448012,-0.3891754,-0.41058168,-0.38860688,-0.3766235
"928","ZNF395","ZNF395","218149_s_at",657,1.1633946,0.70883983,0.86667305,1.3466085,1.5389646,0.8102504,0.9951948,0.68455774,1.3736376,0.17661132,1.301078,1.34442,1.4327492,1.2708931,1.3365475,1.2857591
"406","ISOC1","ISOC1","218170_at",659,0.09720472,0.17882857,0.12681241,0.23411672,0.12812974,0.19593081,0.16810471,0.01997138,0.04190268,0.25144368,0.049236912,0.1095777,-0.0034714837,0.04562994,0.05534797,0.018102905
"108","CCDC92","CCDC92","218175_at",660,-0.594691,-0.47367734,-0.45048752,-0.4104489,-0.46871948,-0.4538724,-0.6838684,-0.4929069,-0.6206582,-0.33790657,-0.58281785,-0.52252215,-0.61099374,-0.6047314,-0.6062899,-0.58409756
"334","GOLT1B","GOLT1B","218193_s_at",661,0.60835046,0.88358355,0.8840708,0.96343726,1.0065914,0.9753198,0.5171697,0.9368661,0.57974833,1.1361123,0.58535004,0.7483668,0.61456037,0.65090686,0.63757586,0.6621483
"730","SCAND1","SCAND1","218206_x_at",662,0.038371354,-0.031856798,0.038653858,-0.21338412,0.207983,0.025046445,0.053489365,0.24456117,0.092680424,-0.076618664,-0.014523588,-0.072749086,0.0758448,0.10557595,0.10409968,0.17311461
"541","NR1H2","NR1H2","218215_s_at",663,-0.5057438,-0.62930876,-0.56641906,-0.5660597,-0.48519287,-0.5606058,-0.58859885,-0.62750715,-0.5062087,-0.71601325,-0.51389474,-0.54178923,-0.524372,-0.5272765,-0.5322528,-0.52096164
"878","TSKU","TSKU","218245_at",664,0.19236647,0.1360697,0.2119218,0.22871023,0.13708329,0.15332703,0.23965374,0.09432601,0.12936875,0.10977291,0.13883762,0.18339498,0.08086491,0.10416759,0.12800582,0.053342957
"922","ZDHHC6","ZDHHC6","218249_at",665,-0.3199017,-0.24778791,-0.34620896,-0.3333278,-0.3903992,-0.35394788,-0.2500592,-0.29212674,-0.30891424,-0.20027032,-0.30516684,-0.29450423,-0.32348144,-0.3281373,-0.30620614,-0.33491948
"842","TIMM9","TIMM9","218316_at",667,-0.3798395,-0.3699917,-0.37952515,-0.35999778,-0.40575758,-0.4239592,-0.40293136,-0.31356782,-0.39936933,-0.3586129,-0.38905624,-0.37511098,-0.40809318,-0.4169653,-0.40936995,-0.42085564
"739","SESN1","SESN1","218346_s_at",668,-0.65198994,-0.6889176,-0.6602104,-0.6091734,-0.6337179,-0.6427893,-0.6465576,-0.6099004,-0.63669443,-0.6992656,-0.6563724,-0.6412398,-0.6435204,-0.63122237,-0.61545515,-0.6286411
"326","GMNN","GMNN","218350_s_at",669,-0.4426554,-0.55094486,-0.68415105,-0.54288244,-0.62435424,-0.6043021,-0.40410185,-0.47831836,-0.49415967,-0.5887376,-0.57127464,-0.47959086,-0.5236569,-0.51043475,-0.51359916,-0.51553994
"183","CRELD2","CRELD2","218358_at",670,-0.48787203,-0.5153594,-0.5634094,-0.55249906,-0.53110987,-0.5333276,-0.48093522,-0.5261573,-0.5187949,-0.49454972,-0.5459724,-0.51179945,-0.5273895,-0.5143014,-0.5358235,-0.51015735
"550","NUDT9","NUDT9","218375_at",671,-0.2089683,-0.190109,-0.22543746,-0.20805903,-0.30643952,-0.22920321,-0.16376449,-0.32158828,-0.2596994,-0.16607097,-0.27530423,-0.23328006,-0.25827727,-0.26620716,-0.24903356,-0.24452142
"129","CDCA4","CDCA4","218399_s_at",672,-0.71346664,-0.7446744,-0.79786277,-0.7536059,-0.7132432,-0.74021095,-0.7258914,-0.70545727,-0.70022327,-0.78568363,-0.73791075,-0.7230339,-0.69519264,-0.6909264,-0.694069,-0.6874368
"516","NENF","NENF","218407_x_at",673,0.63707316,0.46808413,0.46002018,0.42367506,0.4879462,0.54838705,0.75362325,0.8545333,0.73021317,0.45310333,0.6647071,0.6287507,0.81895095,0.75518805,0.69641596,0.7078185
"146","CERK","CERK","218421_at",674,-0.033404417,-0.40062082,-0.29019195,-0.40081435,-0.36966407,-0.23960996,-0.23132682,-0.0006937898,0.11087779,-0.641429,-0.019707903,-0.09197574,0.110390626,0.07880307,0.0277288,0.023712736
"227","DNAJC15","DNAJC15","218435_at",675,1.1254066,1.096558,1.0453838,0.98215723,0.9046147,0.91757935,1.196049,1.2020797,1.1088185,1.0741371,1.1128291,1.1248994,1.0556744,1.057319,1.0739728,1.0252235
"352","HEBP1","HEBP1","218450_at",676,-0.8930181,-0.9051497,-0.870425,-0.89231336,-0.86954856,-0.8693817,-0.9000221,-0.8550975,-0.87245756,-0.93302476,-0.8740926,-0.8826941,-0.8712855,-0.8723595,-0.8743018,-0.85789514
"417","KCTD5","KCTD5","218474_s_at",677,-0.006282146,-0.030171748,0.09654828,-0.015809651,0.16402869,0.10524727,-0.06665412,-0.15334037,0.12174305,-0.02722713,0.11241533,0.040130835,0.14413285,0.16195464,0.1494092,0.14332978
"120","CD320","CD320","218529_at",678,0.70967275,0.7114964,0.33009213,0.7393573,0.6532174,0.8167822,0.89502966,0.7838406,0.6530637,0.879053,0.5324098,0.71514755,0.76972854,0.7513486,0.73675114,0.69197434
"218","DHDDS","DHDDS","218547_at",679,1.3354965,1.077841,1.2141161,0.958458,1.2180132,1.230514,1.4030079,1.4584099,1.3149539,0.9926559,1.3039241,1.1199702,1.3089954,1.2979809,1.3035144,1.3083925
"6","ABHD4","ABHD4","218581_at",681,-0.62633145,-0.63816345,-0.70839626,-0.64468646,-0.66172385,-0.6919368,-0.62282157,-0.69045484,-0.64076376,-0.62258595,-0.6662555,-0.62331426,-0.6498751,-0.6427016,-0.6486,-0.6432949
"826","TCTN1","TCTN1","218584_at",682,-0.76590914,-0.69953114,-0.65154713,-0.6766559,-0.7220441,-0.72869754,-0.77005863,-0.686251,-0.7730497,-0.7241931,-0.71646297,-0.7435676,-0.77577084,-0.78190786,-0.77552575,-0.7590323
"351","HEATR1","HEATR1","218595_s_at",683,-0.71538454,-0.69281423,-0.70062643,-0.7063434,-0.65821934,-0.640105,-0.7613354,-0.5913638,-0.67976165,-0.6880866,-0.68588656,-0.6885265,-0.65799874,-0.6549679,-0.6682179,-0.6609124
"161","CISD1","CISD1","218597_s_at",684,0.022745853,-0.15693638,-0.13911882,-0.12060017,-0.13024163,-0.113772415,0.021855148,-0.036549807,-0.018012885,-0.22978482,-0.042789184,-0.070210956,-0.049894784,-0.035168186,-0.025903933,-0.06680016
"909","VPS28","VPS28","218679_s_at",685,-0.61081195,-0.6439913,-0.6393235,-0.66361016,-0.6596904,-0.6790625,-0.60728204,-0.6923789,-0.5783688,-0.69501466,-0.59066814,-0.62008774,-0.60432225,-0.5932801,-0.59618163,-0.61464757
"156","CHMP6","CHMP6","218743_at",688,-0.77705926,-0.7579977,-0.69255424,-0.722218,-0.76826215,-0.76204276,-0.81489456,-0.70732015,-0.77032566,-0.77989,-0.73712224,-0.7624606,-0.77712,-0.7803397,-0.7816023,-0.7623749
"563","PACSIN3","PACSIN3","218744_s_at",689,-0.45164856,-0.5836461,-0.62478924,-0.59924847,-0.543198,-0.5671224,-0.45069626,-0.41885337,-0.48636237,-0.6438689,-0.5325383,-0.527211,-0.46712783,-0.48689586,-0.4957271,-0.48536757
"425","KIF20A","KIF20A","218755_at",690,0.16062942,0.27823195,-0.023330435,0.15837386,-0.009071901,0.018352672,0.20685388,0.07039545,0.11685392,0.40598565,0.102160335,0.2533304,0.12260242,0.12560125,0.1013279,0.09402761
"364","HOOK2","HOOK2","218780_at",691,1.349052,0.9015738,0.4924165,0.7747377,0.78161234,0.7910174,1.7581131,0.9224925,1.1563683,0.7880866,0.9202315,1.1014802,1.174486,1.1593633,1.237203,1.1581289
"886","TXNL4B","TXNL4B","218794_s_at",692,-0.49333957,-0.5491563,-0.54945517,-0.5898002,-0.4703297,-0.5318207,-0.46882594,-0.6912945,-0.48241082,-0.60206366,-0.51815164,-0.52350175,-0.49503782,-0.49085134,-0.49199295,-0.48863313
"758","SLC35F2","SLC35F2","218826_at",694,-0.6241509,-0.69178885,-0.7055707,-0.7316457,-0.6748232,-0.64736545,-0.6357568,-0.69186705,-0.59496224,-0.7425973,-0.60842085,-0.65777445,-0.5857823,-0.5791687,-0.5855142,-0.59720427
"238","DUSP22","DUSP22","218845_at",695,-0.6713718,-0.6636537,-0.64630395,-0.62433124,-0.65316844,-0.6091031,-0.657502,-0.7156963,-0.66319263,-0.65211415,-0.66259676,-0.6426435,-0.66866374,-0.667506,-0.66222686,-0.6570448
"633","PPP2R3C","PPP2R3C","218852_at",696,-0.7274463,-0.716453,-0.73382986,-0.68034035,-0.65067416,-0.73610455,-0.714493,-0.7164151,-0.7435207,-0.74073076,-0.75740296,-0.7225877,-0.74096555,-0.7491138,-0.74844277,-0.72739345
"856","TNFRSF21","TNFRSF21","218856_at",697,-0.6193303,-0.53017825,-0.60679966,-0.6161055,-0.5140263,-0.6225608,-0.5666378,-0.79291064,-0.55152726,-0.4987557,-0.5838617,-0.54504126,-0.5490885,-0.533197,-0.53808665,-0.5436679
"32","ANO10","ANO10","218910_at",699,-0.3047017,-0.41190562,-0.22355855,-0.33401144,-0.36993134,-0.23566824,-0.40528852,-0.27266425,-0.2946815,-0.48885405,-0.2564774,-0.33672518,-0.29165328,-0.2744578,-0.2732025,-0.27893883
"617","PNKP","PNKP","218961_s_at",700,1.1774718,0.9800061,1.0945972,1.224429,1.3845519,1.0680845,1.206081,1.1732405,1.2482136,0.7964666,1.2072577,1.1903951,1.2023977,1.2158003,1.2251275,1.2734742
"283","FASTKD5","FASTKD5","219016_at",701,-0.8001954,-0.79644364,-0.8101049,-0.8008002,-0.8236683,-0.8202662,-0.7826885,-0.8293015,-0.8189734,-0.79858667,-0.81886464,-0.80465925,-0.81498116,-0.8122071,-0.8100815,-0.8122379
"480","METRN","METRN","219051_x_at",702,-0.5080287,-0.6077443,-0.48730677,-0.6249058,-0.597404,-0.49306458,-0.5821093,-0.5217031,-0.46067327,-0.6673715,-0.481829,-0.57136613,-0.47074947,-0.47240785,-0.45952994,-0.41367126
"433","LAGE3","LAGE3","219061_s_at",703,-0.75172156,-0.80498075,-0.7102436,-0.93872166,-0.80619305,-0.6361939,-0.66000056,-0.8943741,-0.5762769,-1.0058963,-0.5322367,-0.74983203,-0.5252263,-0.5136478,-0.5143901,-0.52839
"671","PXMP2","PXMP2","219076_s_at",704,0.51799774,0.6910414,0.9399808,0.7988473,0.6925223,0.79139376,0.26323983,0.85756695,0.6465263,0.77966547,0.76661927,0.67800283,0.6275075,0.6676697,0.6121319,0.64541113
"30","AMDHD2","AMDHD2","219082_at",705,-0.7102367,-0.78367144,-0.7672693,-0.7816529,-0.687062,-0.6883099,-0.7050176,-0.7814622,-0.64500326,-0.8762206,-0.67930233,-0.7114196,-0.63940805,-0.6199119,-0.63241917,-0.61786884
"646","PRR15L","PRR15L","219127_at",706,-0.13548853,-0.11139386,-0.2539108,-0.3112908,-0.20896484,-0.26546463,0.011895376,-0.37416056,-0.09521334,-0.16503344,-0.14277977,-0.13674232,-0.08932578,-0.10011684,-0.09375681,-0.113519825
"305","FSD1","FSD1","219170_at",707,-0.69414157,-0.635708,-0.68090624,-0.69407463,-0.6370945,-0.74202114,-0.63349736,-0.71493566,-0.71279526,-0.66694725,-0.6869632,-0.7031588,-0.6935815,-0.7151159,-0.70835716,-0.6993807
"841","TIMM22","TIMM22","219184_x_at",708,0.21432719,0.035935856,0.17943883,-0.020472506,0.09347577,0.06867595,0.21918598,-0.18578248,0.21773595,-0.14951698,0.1783674,0.07860228,0.19973823,0.19557606,0.21082628,0.16814
"150","CHAC1","CHAC1","219270_at",710,-0.2495328,-0.08359656,-0.079987094,-0.06901683,-0.063170314,-0.16562605,-0.16902624,-0.049225494,-0.26980057,-0.0028114761,-0.16520563,-0.19122376,-0.22995774,-0.2549119,-0.24980329,-0.23310304
"498","MSRA","MSRA","219281_at",711,-0.07063896,-0.06088026,0.06958879,0.054352902,0.022380507,0.1006427,-0.13469888,0.060790516,-0.0992865,-0.029585665,-0.082347654,-0.046623554,-0.10126289,-0.07693061,-0.091009095,-0.070974395
"353","HERC6","HERC6","219352_at",712,-0.6880382,-0.7591426,-0.76510215,-0.7822438,-0.72337604,-0.6876577,-0.69979835,-0.75728136,-0.62802076,-0.86197543,-0.72104096,-0.74568415,-0.63800466,-0.61793286,-0.6576884,-0.59943384
"500","MTERF3","MTERF3","219363_s_at",713,-0.22595395,-0.1429628,-0.15285021,-0.11290683,-0.22944722,-0.16456689,-0.23489863,-0.22617109,-0.18148357,-0.12292937,-0.17554434,-0.13956384,-0.19475351,-0.1826942,-0.18095283,-0.19142716
"16","ADAT1","ADAT1","219384_s_at",714,-0.45439836,-0.5540225,-0.48335177,-0.55365074,-0.48343617,-0.5297211,-0.40986705,-0.57979774,-0.4332534,-0.6390927,-0.44702068,-0.47761613,-0.42761743,-0.43590823,-0.4291925,-0.42680374
"296","FKBP14","FKBP14","219390_at",715,-0.15063195,-0.13328674,0.005543908,-0.20582865,-0.1440836,0.1485554,-0.13488628,-0.7915804,0.09753799,-0.34388047,0.119305186,-0.1156745,0.17468923,0.13273247,0.10149358,0.08241086
"652","PSMD10","PSMD10","219485_s_at",716,-0.3880885,-0.22174211,-0.31218442,-0.40290898,-0.5470526,-0.3633158,-0.035535466,-0.6778225,-0.31104702,-0.27979484,-0.31776512,-0.27641794,-0.20959845,-0.31818834,-0.2460665,-0.25372624
"154","CHIC2","CHIC2","219492_at",717,0.06949618,0.042795267,-0.02674329,-0.117139705,0.069605015,0.0008109176,0.1558642,0.25013813,0.0805136,0.0102366395,0.063646026,0.0031533279,0.102733694,0.10955012,0.116862565,0.12414527
"877","TSEN2","TSEN2","219581_at",719,-0.6480488,-0.7584179,-0.73557174,-0.7516872,-0.6926494,-0.7102761,-0.6765168,-0.58233875,-0.6661283,-0.8312722,-0.7005261,-0.71189094,-0.68158585,-0.65885615,-0.67116,-0.6555932
"930","ZNF586","ZNF586","219711_at",720,-0.73987514,-0.7523958,-0.7429923,-0.717246,-0.6961576,-0.6930962,-0.7340951,-0.58590066,-0.71411467,-0.75174814,-0.74343663,-0.7333729,-0.70426434,-0.7056949,-0.71107316,-0.7021464
"647","PRR7","PRR7","219742_at",721,-0.70227355,-0.7606381,-0.78028804,-0.7407572,-0.6878373,-0.7443079,-0.6665277,-0.72602296,-0.6737744,-0.848659,-0.71591234,-0.7107268,-0.6759346,-0.67700255,-0.6740354,-0.6812156
"320","GFOD1","GFOD1","219821_s_at",722,0.66287595,0.42943555,0.26062602,0.35077602,0.10094019,0.30784088,0.72347295,0.56989694,0.4100697,0.33159375,0.35499185,0.39804962,0.38145408,0.3732007,0.36488062,0.31356856
"779","SPAG4","SPAG4","219888_at",723,0.13489208,0.22052601,0.07450282,0.12866639,0.16672836,0.15910675,0.16312791,0.1834791,0.061124645,0.30638954,0.045423325,0.105529994,0.076485865,0.057369582,0.050871965,0.10576609
"474","MCOLN1","MCOLN1","219952_s_at",724,-0.8083784,-0.82098097,-0.8392674,-0.8208506,-0.81380296,-0.8024272,-0.8153356,-0.83520895,-0.80886745,-0.8195869,-0.82410383,-0.81007165,-0.80802375,-0.8067243,-0.8102094,-0.80885047
"754","SLC2A6","SLC2A6","220091_at",726,0.3141029,0.12034546,0.23754364,0.14042158,0.23114394,0.16529109,0.28112477,0.07941167,0.3516375,-0.012349648,0.3272225,0.22638889,0.30488598,0.31496564,0.33234423,0.32235655
"475","MCUR1","MCUR1","220094_s_at",727,-0.56421995,-0.68394285,-0.6518403,-0.6870275,-0.70506364,-0.66913855,-0.60715157,-0.57007915,-0.5882488,-0.75265074,-0.5980191,-0.64302546,-0.6064231,-0.6038578,-0.5975711,-0.6138481
"285","FBXL12","FBXL12","220127_s_at",728,-0.56492287,-0.54313725,-0.5198811,-0.54653966,-0.5335099,-0.52713525,-0.59819984,-0.5503668,-0.5821022,-0.49130306,-0.5794684,-0.56558955,-0.5866611,-0.57946455,-0.58587015,-0.5738813
"771","SNX11","SNX11","220140_s_at",729,-0.18712851,-0.28844813,-0.12853608,-0.15158892,-0.089339375,-0.17860413,-0.28658456,-0.18261711,-0.16298835,-0.39822182,-0.13146462,-0.20616105,-0.17563067,-0.19271764,-0.18770424,-0.18084861
"280","FAIM","FAIM","220643_s_at",730,-0.31862494,-0.30956993,-0.27646035,-0.2934937,-0.23162843,-0.23924156,-0.37997577,-0.2904285,-0.28534138,-0.28524852,-0.28356025,-0.3006529,-0.2735995,-0.26409224,-0.2735358,-0.29246375
"346","GTPBP8","GTPBP8","221046_s_at",731,-0.27446643,-0.30821884,-0.36451894,-0.34429994,-0.37882712,-0.33861896,-0.21480861,-0.37457374,-0.27762353,-0.30759498,-0.3237373,-0.29844105,-0.29746798,-0.2826139,-0.27683115,-0.30110258
"214","DENND2D","DENND2D","221081_s_at",732,-0.777841,-0.72809196,-0.7741176,-0.73829144,-0.70904946,-0.7227365,-0.72012526,-0.71608675,-0.7611045,-0.72495115,-0.75938773,-0.75362337,-0.7496096,-0.74203724,-0.7463495,-0.7428267
"585","PECR","PECR","221142_s_at",733,-0.09292675,0.038334988,0.14947334,0.10130087,-0.0103112,0.1517196,-0.14638354,0.03734754,-0.073843144,0.095381476,0.011952379,-0.004182763,-0.089901984,-0.06815753,-0.07688821,-0.06995395
"407","ITFG1","ITFG1","221449_s_at",735,-0.7321072,-0.8220292,-0.79141533,-0.8140249,-0.80002487,-0.7620528,-0.7172633,-0.81528646,-0.7187386,-0.88511693,-0.7452748,-0.76158637,-0.7243494,-0.71787417,-0.7056988,-0.72491395
"341","GRWD1","GRWD1","221549_at",740,-0.2760691,-0.51024604,-0.48553598,-0.47674942,-0.42019343,-0.44772917,-0.3769188,-0.39157653,-0.28892365,-0.67592955,-0.36765334,-0.39078462,-0.32112,-0.35836625,-0.34022757,-0.32633764
"532","NOL3","NOL3","221567_at",742,0.4058156,-0.15926017,-0.09581841,-0.025940368,0.11249859,-0.02567614,0.24255262,0.1999008,0.263485,-0.39052764,0.13379125,0.12813626,0.21861213,0.20767774,0.1980697,0.2040191
"794","STAP2","STAP2","221610_s_at",743,-0.32447636,-0.19525503,-0.27677014,-0.30907083,-0.30812913,-0.3401265,-0.281684,-0.477332,-0.26740286,-0.13751063,-0.2684004,-0.24773844,-0.26185143,-0.26230368,-0.24811973,-0.26710564
"14","ACOT9","ACOT9","221641_s_at",744,0.3187578,0.44043255,0.4344315,0.4293101,0.11163625,0.38529286,0.24039064,0.17260022,0.10324229,0.65910846,0.2271333,0.26639366,0.16936934,0.11694395,0.11962764,0.09543535
"93","CANT1","CANT1","221732_at",745,0.6458048,0.63688415,0.6981717,0.7485518,0.585995,0.6521455,0.59939134,0.6792474,0.63858265,0.4570814,0.6777251,0.6619527,0.6521462,0.5846394,0.5781191,0.6126015
"921","YTHDF1","YTHDF1","221741_s_at",746,-0.5960986,-0.676076,-0.6408429,-0.7133335,-0.65162456,-0.6220175,-0.65393364,-0.5630981,-0.5710088,-0.71845984,-0.5881792,-0.6442672,-0.58021694,-0.575483,-0.57112384,-0.54773587
"361","HMGCS1","HMGCS1","221750_at",747,-0.39292142,0.36785176,0.1714295,0.30256847,0.22661342,0.06963973,-0.5139776,-0.0775207,-0.27728862,0.81660277,-0.17719756,0.03917532,-0.2775839,-0.22358172,-0.25104845,-0.20754898
"482","MICALL1","MICALL1","221779_at",748,-0.74546707,-0.6766517,-0.6782522,-0.7181117,-0.7575795,-0.6702812,-0.7509841,-0.702967,-0.7145642,-0.6224395,-0.7035096,-0.71099806,-0.70976746,-0.704709,-0.7039395,-0.7046419
"562","P4HTM","P4HTM","222125_s_at",750,-0.11587523,-0.19640644,-0.30041343,-0.034526333,-0.23268557,-0.19905354,0.025789127,0.12016936,-0.22611241,-0.16225193,-0.28105325,-0.104724124,-0.23305154,-0.24621297,-0.22970666,-0.23727176
"753","SLC27A3","SLC27A3","222217_s_at",751,0.16525963,0.54602605,0.39139625,0.5015568,0.35129973,0.4065548,0.1006633,0.23580883,0.18865119,0.79621035,0.23816991,0.39013043,0.22113971,0.223915,0.20273875,0.26821113
"539","NPEPL1","NPEPL1","89476_r_at",754,-0.4569765,-0.5503002,-0.47896487,-0.57055485,-0.3730968,-0.4851117,-0.5531127,-0.34138992,-0.462336,-0.57120854,-0.46343464,-0.5617308,-0.4750493,-0.46955892,-0.46744,-0.41271254
"715","RPS5","RPS5","200024_at",755,-0.4122078,-0.4897875,-0.4930774,-0.5327664,-0.48587066,-0.4732168,-0.41210386,-0.40119183,-0.4098926,-0.51327443,-0.42270854,-0.4517738,-0.42630827,-0.40585807,-0.40341237,-0.40562835
"703","RHOA","RHOA","200059_s_at",756,1.4916903,1.8908654,1.7802409,1.8208425,1.4440141,1.6189452,1.8487843,2.0081253,1.3254385,2.1533406,1.506644,1.511826,1.3592881,1.3414661,1.3601254,1.30519
"371","HSPA1A","HSPA1A","200799_at",764,1.8519787,1.2909466,1.3843815,1.2656957,1.5103235,1.3769655,1.622679,1.7672116,1.734008,0.8369875,1.6251353,1.470114,1.644445,1.6175156,1.6319108,1.6393178
"160","CIRBP","CIRBP","200810_s_at",766,2.8651812,3.9275405,3.6797318,3.9439816,2.9825315,3.4463315,2.3547156,2.9320292,2.6983807,4.778577,2.9718404,3.4666748,2.5718398,2.7166498,2.5509603,2.678576
"656","PSME1","PSME1","200814_at",767,-0.22828682,-0.14496364,-0.16605988,-0.20691158,-0.16458784,-0.1911194,-0.25567135,-0.006770545,-0.3198361,-0.04179617,-0.28833675,-0.2838727,-0.3101453,-0.30957693,-0.3086394,-0.27473754
"653","PSMD2","PSMD2","200830_at",768,-0.33535078,-0.35497245,-0.269277,-0.3318912,-0.32501605,-0.30245477,-0.3862853,-0.11211732,-0.3517772,-0.31908038,-0.33573833,-0.37296578,-0.34583244,-0.31702235,-0.33975172,-0.34060892
"588","PGAM1","PGAM1","200886_s_at",770,-0.57616264,-0.50803846,-0.4396973,-0.5541685,-0.524458,-0.5523115,-0.61037093,-0.45320094,-0.65703624,-0.36554465,-0.58794695,-0.61834866,-0.65771186,-0.6426607,-0.6461305,-0.6153967
"28","ALDOA","ALDOA","200966_x_at",771,-0.5000522,-0.5326198,-0.5732404,-0.5681078,-0.44447553,-0.5381727,-0.4891449,-0.43266746,-0.47002223,-0.5504397,-0.5262541,-0.50312686,-0.4544643,-0.4569909,-0.46976933,-0.44542164
"356","HIF1A","HIF1A","200989_at",772,0.1283542,0.13990168,0.122977145,0.059715234,0.15456507,-0.0002539318,0.07482597,-0.018898698,0.18176156,0.093874425,0.15786567,0.10826072,0.1437589,0.14636914,0.17042261,0.14430349
"657","PSMF1","PSMF1","201052_s_at",773,1.1759382,1.4170425,1.3175527,1.2753998,1.4549589,1.2637528,1.3534284,0.7808952,1.308006,1.4651119,1.3464313,1.2024045,1.3584119,1.3390563,1.3376949,1.3369023
"509","MYL9","MYL9","201058_s_at",774,-0.73098576,-0.68946767,-0.6604958,-0.7097045,-0.7995056,-0.73976296,-0.7949729,-0.7089993,-0.72730446,-0.6126155,-0.71097714,-0.68728733,-0.7386176,-0.71848345,-0.7327102,-0.7315261
"488","MMP2","MMP2","201069_at",775,-0.3846934,-0.3425603,-0.41544557,-0.4174773,-0.46773976,-0.39119297,-0.33251458,-0.29093948,-0.42108896,-0.31576827,-0.38470292,-0.447108,-0.3959859,-0.4181158,-0.42032456,-0.4289884
"587","PFKL","PFKL","201102_s_at",776,-0.67848945,-0.8403734,-0.7836903,-0.8061361,-0.6972037,-0.7505365,-0.7291233,-0.6032721,-0.6587424,-0.921494,-0.69141227,-0.73184186,-0.6534892,-0.6674266,-0.672409,-0.65924835
"580","PCNA","PCNA","201202_at",778,1.0430638,0.96287245,1.008567,0.89290285,0.88419795,0.8157792,0.9579423,1.2996577,1.0081854,0.9600741,1.0350358,0.9968524,0.9472496,0.9631093,0.9456963,0.9488065
"464","MAPKAPK2","MAPKAPK2","201460_at",781,0.1284132,0.38020656,0.39217404,0.5957614,0.38083887,0.36228785,0.08987253,0.18850379,0.02833752,0.5212242,0.14370894,0.27732792,0.060015358,0.050737757,0.00455317,0.0814064
"788","SQSTM1","SQSTM1","201471_s_at",783,-0.8178487,-0.8819427,-0.87560606,-0.8696135,-0.86140144,-0.8547171,-0.82268924,-0.8887766,-0.8242096,-0.9175005,-0.8484748,-0.83797187,-0.8389225,-0.8357448,-0.84564435,-0.84005356
"523","NFKBIA","NFKBIA","201502_s_at",784,-0.49835742,-0.32509878,-0.41974932,-0.40361744,-0.3738182,-0.48804706,-0.51251024,-0.55383325,-0.49843827,-0.24048895,-0.49219096,-0.45296705,-0.5001239,-0.5035,-0.5019082,-0.47258702
"239","DUSP3","DUSP3","201536_at",785,-0.5517156,-0.7116734,-0.7781944,-0.67077655,-0.61765003,-0.66080916,-0.60005516,-0.61503875,-0.5725763,-0.6614305,-0.67838436,-0.6052922,-0.6053406,-0.585726,-0.5480889,-0.5862203
"256","EGR1","EGR1","201693_s_at",786,-0.6373827,-0.6287073,-0.6458789,-0.6105023,-0.6234609,-0.6374541,-0.63062894,-0.6984692,-0.6097287,-0.64064807,-0.6068363,-0.60839903,-0.6045093,-0.6015533,-0.60520446,-0.61068684
"115","CCND3","CCND3","201700_at",787,-0.21804187,-0.10110826,-0.2953146,-0.34068727,-0.04409749,-0.20977825,0.2254931,0.023686282,-0.25511366,-0.12736239,-0.24382842,-0.2863573,-0.25215676,-0.28311408,-0.21595113,-0.27611324
"862","TP53","TP53","201746_at",788,-0.22716862,-0.21838169,-0.25227487,-0.24903247,-0.24309403,-0.25262564,-0.19927709,-0.30470088,-0.23886083,-0.19456056,-0.24911729,-0.23298736,-0.24823353,-0.25213102,-0.24457249,-0.2606341
"374","HSPB1","HSPB1","201841_s_at",791,1.4008559,1.1219654,1.470809,1.1713123,1.289687,1.2443173,1.2145416,1.4968269,1.4280232,0.9761453,1.5326494,1.262651,1.4640083,1.4646086,1.4338698,1.3947229
"126","CDC25B","CDC25B","201853_s_at",792,0.67959225,0.88632244,0.8645587,0.7514273,0.79548657,0.79878855,0.7768739,0.26401272,0.66304755,1.0412564,0.8126886,0.6663667,0.6897259,0.708856,0.7189682,0.68193775
"73","BIRC2","BIRC2","202076_at",794,-0.82471806,-0.8298295,-0.866484,-0.83705443,-0.8376424,-0.846107,-0.8297479,-0.8249266,-0.8252996,-0.8263329,-0.84106606,-0.81941724,-0.82348394,-0.82635957,-0.8287808,-0.8256948
"44","ARL4C","ARL4C","202208_s_at",796,-0.5724163,-0.5420565,-0.5442894,-0.4969264,-0.49019328,-0.5731863,-0.5947627,-0.6368112,-0.5186642,-0.5765627,-0.48895928,-0.4890925,-0.49756196,-0.5127635,-0.51194185,-0.52627563
"609","PLK1","PLK1","202240_at",798,0.16296232,0.17135035,0.101188496,0.24004051,0.2823001,0.11878708,0.14690505,-0.2680863,0.07293285,-0.048971377,0.06909479,0.08282417,0.05124945,0.016590746,0.03896167,0.06497794
"134","CDK4","CDK4","202246_s_at",799,0.8207355,1.3234648,1.2967409,0.8894473,1.3702841,0.9604239,1.0280685,0.8268393,0.67099607,1.54003,0.95451,0.7959524,0.7846926,0.672012,0.75319123,0.7689468
"868","TRAM2","TRAM2","202368_s_at",802,0.40556842,0.31559524,0.3830735,0.35518453,0.30025792,0.39150205,0.4432033,0.38324472,0.4052801,0.24228081,0.44140825,0.36143938,0.41268027,0.42187795,0.4214374,0.3915888
"271","ERBB3","ERBB3","202454_s_at",803,-0.75344956,-0.8320835,-0.8155831,-0.8585815,-0.83949494,-0.80240107,-0.765539,-0.8226502,-0.7448709,-0.8778994,-0.758558,-0.799476,-0.7506669,-0.74841213,-0.7541472,-0.7569666
"510","MYLK","MYLK","202555_s_at",805,0.42386597,0.30989608,0.30993554,0.5743775,0.19310598,0.3581597,0.31479144,0.7147218,0.052425537,0.5090966,0.10658468,0.2695077,-0.02712227,-0.02098358,-0.042715207,-0.090405144
"544","NRAS","NRAS","202647_s_at",808,-0.29484358,-0.09366321,-0.24268617,-0.143813,-0.0810537,-0.20932513,-0.29975766,-0.2018325,-0.3310881,0.03903965,-0.31915402,-0.24619924,-0.3374877,-0.34090042,-0.34398508,-0.26586244
"650","PSMB10","PSMB10","202659_at",809,0.51744854,0.8004513,0.4592684,0.59297866,0.19871859,0.29691148,0.7517567,0.014984505,0.34991792,0.953718,0.37901872,0.6232518,0.33040115,0.30298823,0.33482096,0.3202582
"689","RASA1","RASA1","202677_at",810,-0.43169025,-0.65381294,-0.7206929,-0.7481292,-0.4535979,-0.5854719,-0.335685,-0.57027954,-0.34422237,-0.9135331,-0.49473998,-0.59072894,-0.39845175,-0.32956108,-0.3522531,-0.39554086
"600","PIK3R3","PIK3R3","202743_at",811,-0.16078253,0.22883824,0.23452914,0.42237327,0.24343589,0.18831563,-0.064819396,0.23508534,-0.19707975,0.30168882,-0.016752262,0.006232423,-0.15014553,-0.1949793,-0.18984492,-0.1452291
"124","CDC20","CDC20","202870_s_at",812,2.2510045,2.5504901,2.1467106,2.395531,2.0728045,2.2044663,2.8700771,1.111131,2.14514,2.8087332,2.2227144,2.3202276,2.2132368,2.171768,2.2934506,2.1725512
"662","PTK2B","PTK2B","203110_at",814,1.3494859,1.3285042,1.6408066,1.547949,1.3993347,1.5273181,1.2120658,1.3138175,1.4942378,1.2902154,1.5883744,1.4700079,1.4807202,1.5037009,1.5341716,1.4697365
"747","SLC11A2","SLC11A2","203123_s_at",815,-0.832594,-0.8438809,-0.8498611,-0.82980204,-0.84581816,-0.8444521,-0.8291295,-0.85481423,-0.8206554,-0.837322,-0.8397953,-0.8191642,-0.8292223,-0.82710284,-0.82478863,-0.82294786
"690","RB1","RB1","203132_at",816,-0.56778073,-0.47383645,-0.37836722,-0.46580714,-0.42162403,-0.45012638,-0.5588046,-0.35577148,-0.5423526,-0.45264888,-0.47202978,-0.5154269,-0.53939784,-0.52834034,-0.5364473,-0.5407204
"817","TBP","TBP","203135_at",817,-0.7401537,-0.7808094,-0.7628337,-0.7958675,-0.7414308,-0.7588252,-0.7540912,-0.619125,-0.7135931,-0.7959253,-0.7328148,-0.75946355,-0.72106624,-0.7107943,-0.71743697,-0.69852346
"216","DFFA","DFFA","203277_at",818,0.72728395,0.42647117,0.36571065,0.22662373,0.6154036,0.5534459,0.48240384,0.6920403,0.716724,0.24156828,0.6241205,0.5205871,0.8085682,0.7549904,0.69211835,0.68758947
"514","NCK2","NCK2","203315_at",819,-0.75795937,-0.69310164,-0.633419,-0.6394945,-0.7112459,-0.64723766,-0.7686687,-0.7574902,-0.75354826,-0.66382825,-0.715547,-0.714028,-0.7530323,-0.74732065,-0.7468299,-0.7579684
"729","SATB1","SATB1","203408_s_at",821,-0.87961525,-0.8997486,-0.88539916,-0.89390355,-0.8875774,-0.88696074,-0.8822205,-0.9148677,-0.8870215,-0.90366113,-0.8875695,-0.89428735,-0.88786936,-0.8841722,-0.8852133,-0.8908954
"489","MNAT1","MNAT1","203565_s_at",822,-0.78805375,-0.63084096,-0.7065633,-0.65358615,-0.702468,-0.7602273,-0.8045505,-0.80709195,-0.7136142,-0.5670009,-0.6937837,-0.6436226,-0.6909791,-0.6935599,-0.69823235,-0.6779752
"362","HMOX1","HMOX1","203665_at",824,0.64630765,0.4340947,0.34006464,0.33996537,0.38528773,0.42569184,0.68700045,0.73788005,0.611782,0.25466147,0.52436715,0.4963391,0.6253525,0.606382,0.59490633,0.64311373
"525","NFKBIE","NFKBIE","203927_at",827,-0.78278077,-0.82507485,-0.8213199,-0.7746027,-0.80929893,-0.8108077,-0.8376707,-0.79757375,-0.786013,-0.8559706,-0.8029981,-0.77915543,-0.79191655,-0.7938574,-0.80119675,-0.7883482
"240","DUSP4","DUSP4","204014_at",829,-0.38311204,-0.4929594,-0.40872434,-0.45585304,-0.48554015,-0.45584,-0.48142806,-0.5604866,-0.39772856,-0.580248,-0.39931345,-0.4472427,-0.4247174,-0.4012609,-0.42283174,-0.40040258
"141","CEBPA","CEBPA","204039_at",830,-0.7373735,-0.9144509,-0.8381888,-0.8721818,-0.8639246,-0.83254313,-0.7546641,-0.760928,-0.7338624,-0.9956625,-0.7933026,-0.77534574,-0.75435615,-0.75269365,-0.7550591,-0.75013745
"643","PRKX","PRKX","204061_at",831,-0.67889845,-0.6126255,-0.63054097,-0.6546848,-0.6688447,-0.693296,-0.58805394,-0.58470726,-0.6635707,-0.6013691,-0.6453789,-0.66398656,-0.64951795,-0.66336274,-0.65555084,-0.6557929
"118","CCNH","CCNH","204093_at",833,-0.32888532,-0.3147353,-0.2529761,-0.26937005,-0.24195091,-0.36245376,-0.26896116,-0.62906307,-0.37707153,-0.34396368,-0.32749626,-0.3534929,-0.37591976,-0.38419837,-0.36169434,-0.36458665
"386","IFNAR1","IFNAR1","204191_at",835,-0.65799874,-0.08951024,-0.31304282,-0.4004586,-0.5902721,-0.6129502,-0.60574126,-0.6624136,-0.56268674,0.111651294,-0.4459417,-0.37285376,-0.5719296,-0.57907933,-0.54742,-0.5036684
"599","PIK3CA","PIK3CA","204369_at",837,-0.54529554,-0.31568763,-0.30888492,-0.31791794,-0.48076588,-0.371559,-0.5830364,-0.4268326,-0.5969795,-0.19203083,-0.49091658,-0.46198538,-0.59400314,-0.5830517,-0.5953127,-0.57414293
"299","FOSL1","FOSL1","204420_at",838,-0.3044926,-0.5062534,-0.5794347,-0.445829,-0.5376894,-0.5311039,-0.20378034,-0.38707137,-0.48774472,-0.53727454,-0.55056614,-0.4527366,-0.5068354,-0.5303132,-0.51022524,-0.55013525
"487","MMP1","MMP1","204475_at",841,-0.5727577,-0.2876886,-0.25106892,-0.14129184,-0.25746715,-0.19787474,-0.7018779,-0.22475962,-0.61026335,-0.10981763,-0.56842715,-0.43321052,-0.6249919,-0.5943167,-0.6015854,-0.5389543
"293","FGFR4","FGFR4","204579_at",843,-0.73901236,-0.688103,-0.6770623,-0.68100035,-0.7500883,-0.71851134,-0.715169,-0.70584244,-0.7437781,-0.6514811,-0.72695154,-0.6988108,-0.7374417,-0.7348718,-0.742364,-0.7475687
"660","PTGS2","PTGS2","204748_at",847,0.03518515,-0.14893006,-0.2528431,-0.26716393,-0.014048975,-0.20041738,-0.03249758,-0.10632097,0.018296348,-0.24556589,-0.08975826,-0.07746573,0.0120114945,0.013148716,0.027913244,0.052227277
"50","ATF5","ATF5","204999_s_at",849,-0.58875537,-0.5551791,-0.5703009,-0.5985258,-0.6135756,-0.63193834,-0.5186812,-0.61168146,-0.6209044,-0.54471326,-0.60603374,-0.6133066,-0.62380236,-0.62871844,-0.6247757,-0.6430766
"116","CCNE2","CCNE2","205034_at",851,-0.8077004,-0.7904406,-0.83930194,-0.8412842,-0.8079786,-0.8436478,-0.76018673,-0.7996948,-0.816493,-0.7975799,-0.81964374,-0.8157112,-0.812365,-0.8210908,-0.8103999,-0.80848116
"328","GNA15","GNA15","205349_at",855,0.6925983,0.6702947,0.64995795,0.69192916,0.54221964,0.650424,0.7712762,0.7481968,0.66715145,0.63805944,0.6916682,0.70072675,0.69451725,0.66844887,0.68368864,0.64417475
"151","CHEK1","CHEK1","205393_s_at",856,-0.43186513,-0.5559581,-0.61993456,-0.5046012,-0.552915,-0.52721334,-0.37842155,-0.52520174,-0.47121564,-0.6203733,-0.5328441,-0.47769246,-0.48224667,-0.46111348,-0.4555597,-0.48701575
"581","PDGFA","PDGFA","205463_s_at",858,3.123979,4.0590057,3.62169,3.5482569,3.2114453,3.4744394,3.8489335,3.233937,3.2085133,4.181364,3.3882582,3.4466536,3.240772,3.2428384,3.3383543,3.161804
"322","GHR","GHR","205498_at",860,-0.7673974,-0.80713564,-0.80752766,-0.79547626,-0.7506233,-0.7982141,-0.7779581,-0.7959421,-0.7836031,-0.8415826,-0.79784507,-0.8001896,-0.78896034,-0.78878725,-0.7893177,-0.7847109
"89","C5","C5","205500_at",861,1.0107493,1.3997909,1.2307456,1.0948145,0.8941789,1.0184948,1.1722999,0.8560479,0.9792685,1.6768255,1.0744982,1.120178,0.9516845,0.9853696,0.9603535,0.95499074
"83","BTK","BTK","205504_at",862,-0.78280705,-0.7209663,-0.7580164,-0.77596426,-0.76330227,-0.78200394,-0.71780497,-0.8020897,-0.7865515,-0.71516865,-0.7663253,-0.7626773,-0.783863,-0.7897169,-0.7802826,-0.7938913
"534","NOS3","NOS3","205581_s_at",863,-0.85490555,-0.8391752,-0.8314446,-0.7878606,-0.83369154,-0.7904904,-0.8857506,-0.7646549,-0.8660855,-0.81277287,-0.8729349,-0.8362397,-0.8711636,-0.8673719,-0.86982924,-0.8560238
"110","CCNA1","CCNA1","205899_at",865,-0.83359367,-0.84423256,-0.84322757,-0.85240537,-0.82181984,-0.8527575,-0.82999206,-0.8460942,-0.8470604,-0.87012804,-0.83906627,-0.85154134,-0.8397789,-0.83827424,-0.8416924,-0.83810943
"267","EPHA3","EPHA3","206070_s_at",866,-0.77810794,-0.76077455,-0.68935984,-0.7533027,-0.7822726,-0.76539445,-0.77508205,-0.8446628,-0.7799879,-0.77517235,-0.71890885,-0.77001697,-0.7672375,-0.7742148,-0.7687366,-0.78662324
"20","ADRB2","ADRB2","206170_at",868,-0.3848762,-0.49746633,-0.442488,-0.3523014,-0.40930444,-0.39287904,-0.42462987,-0.42200556,-0.40462962,-0.5839619,-0.40861425,-0.43913653,-0.37434947,-0.40922782,-0.415444,-0.42979935
"254","EGF","EGF","206254_at",869,0.5338314,0.50131905,0.53030956,0.54124117,0.6790177,0.6326688,0.43712294,0.44281504,0.5806271,0.37724867,0.54889613,0.5048472,0.652987,0.5971983,0.57630336,0.6169159
"665","PTPN6","PTPN6","206687_s_at",872,0.14656982,0.28683373,0.3833186,0.3387823,0.30414116,0.4167947,-0.01187406,0.20996192,0.17376965,0.3364946,0.28610933,0.22206828,0.16174349,0.1818583,0.160988,0.13696933
"217","DFFB","DFFB","206752_s_at",873,-0.497869,-0.5492077,-0.52493393,-0.5666523,-0.56257033,-0.5185992,-0.53649575,-0.5064463,-0.5102199,-0.56967735,-0.51839525,-0.5270186,-0.51829016,-0.51535225,-0.5145724,-0.51799643
"140","CDKN2A","CDKN2A","207039_at",875,0.7655565,1.6672014,1.1263059,1.6315944,0.41864225,0.45311245,1.7280383,0.51897347,0.5659408,1.9589373,0.72964996,1.399411,0.54612976,0.49951902,0.56245095,0.49145895
"244","E2F2","E2F2","207042_at",876,0.8400639,0.2948842,0.42752698,0.30474252,1.0894531,0.59749687,0.8990023,0.17265743,0.87897736,-0.18900698,0.725567,0.55188894,0.8621829,0.8865527,0.90238637,0.933454
"136","CDK6","CDK6","207143_at",877,-0.87085766,-0.8744804,-0.8952407,-0.8914269,-0.86736405,-0.8708079,-0.8714188,-0.91785645,-0.85942125,-0.887374,-0.87418264,-0.8736665,-0.8653121,-0.8621859,-0.86678445,-0.8530761
"100","CASP7","CASP7","207181_s_at",878,-0.69557285,-0.4939758,-0.42820117,-0.4668351,-0.573824,-0.46780762,-0.66911745,-0.44244274,-0.6990534,-0.40688944,-0.6135947,-0.6093341,-0.7010431,-0.6921336,-0.6991031,-0.68625504
"828","TERT","TERT","207199_at",879,-0.619539,-0.54133874,-0.6050714,-0.63470185,-0.49203464,-0.5674708,-0.5706189,-0.6884643,-0.5264464,-0.55337894,-0.55470264,-0.5523003,-0.51014334,-0.510227,-0.519451,-0.51119614
"835","TGFBR2","TGFBR2","207334_s_at",881,-0.8119437,-0.7876114,-0.76579845,-0.7762277,-0.78378284,-0.78625375,-0.81076956,-0.83187217,-0.8010211,-0.7935497,-0.780584,-0.7975641,-0.7973956,-0.8024025,-0.7991093,-0.7952218
"518","NFATC3","NFATC3","207416_s_at",882,-0.5352004,-0.4966478,-0.49748406,-0.5424366,-0.24089749,-0.41613266,-0.62108546,-0.5010953,-0.5752665,-0.40396366,-0.6073665,-0.5639431,-0.57374275,-0.5509539,-0.56794417,-0.5197936
"655","PSMD9","PSMD9","207805_s_at",886,0.3808571,0.62526214,0.73726285,0.7143211,1.066585,0.8327589,0.3875857,0.34181806,0.3564472,0.8094932,0.44370386,0.4856628,0.38745004,0.42456967,0.41759345,0.49729443
"644","PROS1","PROS1","207808_s_at",887,-0.7786286,-0.6835037,-0.7078616,-0.704829,-0.69394374,-0.6949562,-0.79305327,-0.57973295,-0.78333944,-0.652355,-0.77700436,-0.7614586,-0.7786448,-0.78660476,-0.791726,-0.75810146
"359","HMGA2","HMGA2","208025_s_at",891,-0.7295676,-0.8179839,-0.7724421,-0.8358744,-0.729,-0.77630895,-0.7453057,-0.8207301,-0.7065399,-0.8634901,-0.73181146,-0.7744423,-0.71177864,-0.7151735,-0.7134878,-0.7077204
"786","SPTAN1","SPTAN1","208611_s_at",894,-0.84550476,-0.77145857,-0.80461097,-0.7777029,-0.8004778,-0.80240923,-0.860081,-0.8138418,-0.82300466,-0.7209295,-0.8213286,-0.79818976,-0.8192294,-0.81568426,-0.8200033,-0.8140706
"572","PARP1","PARP1","208644_at",896,0.2880705,0.078719415,0.06083573,0.034103837,0.46972838,0.11582089,0.27772453,-0.06478462,0.29844585,-0.20756778,0.20138092,0.16869345,0.32604805,0.27068397,0.26082277,0.30316123
"201","CYCS","CYCS","208905_at",903,-0.18836801,-0.06897119,-0.13484871,-0.1509079,-0.22209068,-0.3341973,-0.054528657,-0.31778005,-0.3029114,-0.051819626,-0.2717701,-0.23624262,-0.29442623,-0.31126133,-0.29546338,-0.3138512
"70","BECN1","BECN1","208945_s_at",905,-0.6372851,-0.685073,-0.6973326,-0.68362427,-0.6631766,-0.6602506,-0.6276352,-0.706212,-0.60491836,-0.7196541,-0.64074564,-0.6334327,-0.61008114,-0.60096264,-0.60974056,-0.62337977
"796","STAT3","STAT3","208992_s_at",906,-0.8937969,-0.88469464,-0.8927151,-0.88881624,-0.9008648,-0.8841407,-0.89449793,-0.88399607,-0.898837,-0.8739433,-0.89892566,-0.8944698,-0.89553756,-0.8972411,-0.89728445,-0.8974974
"651","PSMB8","PSMB8","209040_s_at",907,-0.33823043,-0.30316943,-0.20506418,-0.35254484,-0.29965678,-0.33367354,-0.22020034,-0.5657167,-0.3443186,-0.3689137,-0.27388036,-0.34893,-0.31208134,-0.32209808,-0.3114456,-0.32479382
"687","RALGDS","RALGDS","209050_s_at",908,-0.20472766,0.14159264,0.19861908,0.19139539,-0.13214752,0.19347198,-0.27898437,-0.041878045,-0.2327176,0.32788932,-0.11508451,-0.08370525,-0.21081884,-0.20462479,-0.20859285,-0.21228884
"139","CDKN1B","CDKN1B","209112_at",909,0.5316565,1.0772116,0.8586244,0.72229373,0.5849902,0.5558844,0.88960254,0.44316146,0.3459797,1.4609697,0.60690355,0.56250185,0.35719702,0.3583694,0.38597104,0.41296607
"60","AURKB","AURKB","209464_at",911,0.6123237,0.7467206,0.5861137,0.73597825,0.6533559,0.6118495,0.70667773,0.47724202,0.6620372,0.8692969,0.6558291,0.7129581,0.659961,0.6709357,0.6764646,0.65229136
"484","MKNK1","MKNK1","209467_s_at",912,2.1065013,1.9040432,2.064911,1.8333628,2.3523965,2.2503977,2.0214863,1.9735376,2.479164,1.6230857,2.3607216,2.2366924,2.475736,2.4850202,2.496485,2.3436792
"252","EED","EED","209572_s_at",913,-0.45625377,-0.26374748,-0.25019458,-0.19116342,-0.23914662,-0.2762398,-0.55537593,-0.2252601,-0.46132597,-0.122848034,-0.39151862,-0.34395853,-0.45932275,-0.46488684,-0.4567507,-0.41307718
"329","GNAI1","GNAI1","209576_at",914,-0.5994352,-0.6363169,-0.5980553,-0.589243,-0.59632725,-0.61415786,-0.6088923,-0.63760203,-0.6004574,-0.6635199,-0.6077867,-0.60163915,-0.5997342,-0.5995851,-0.6071153,-0.6182185
"568","PAK1","PAK1","209615_s_at",916,-0.795034,-0.7967046,-0.76871127,-0.76612574,-0.77990353,-0.76530254,-0.75874716,-0.78910184,-0.765826,-0.8511673,-0.7648527,-0.7544955,-0.7575915,-0.76041156,-0.75741416,-0.7561494
"103","CBLB","CBLB","209682_at",917,-0.7155996,-0.67648107,-0.67169577,-0.6594364,-0.70126456,-0.6537879,-0.73294127,-0.643622,-0.7722712,-0.62467825,-0.7397828,-0.7291744,-0.7644384,-0.7569809,-0.76256126,-0.7565607
"834","TGFB3","TGFB3","209747_at",918,-0.75444317,-0.7907962,-0.7546869,-0.76150745,-0.7842574,-0.73997474,-0.7400516,-0.86665374,-0.6900342,-0.85961485,-0.69309795,-0.7173624,-0.68306273,-0.6769211,-0.674185,-0.6994452
"198","CXCL2","CXCL2","209774_x_at",919,0.38480723,0.46445093,0.27257866,0.39361683,0.5359275,0.33799958,0.7130881,0.21769874,0.31340924,0.5223893,0.30108008,0.3160717,0.3557795,0.26630324,0.33608332,0.2896046
"33","ANXA7","ANXA7","209860_s_at",920,-0.6677847,-0.627439,-0.63805753,-0.57823324,-0.64892125,-0.6273453,-0.68734515,-0.4659874,-0.6864297,-0.55533284,-0.6873651,-0.6328075,-0.67543155,-0.69003046,-0.68996966,-0.6723658
"783","SPP1","SPP1","209875_s_at",921,-0.17262515,-0.4003305,-0.14339292,-0.3043408,-0.123801455,-0.12569954,-0.18339811,-0.007887623,-0.10089801,-0.5629059,-0.117000654,-0.23542866,-0.09562219,-0.084148124,-0.058889095,-0.07114558
"148","CFLAR","CFLAR","209939_x_at",922,0.33438668,0.0724185,0.35775855,0.14115795,0.052465755,0.3273301,0.07219415,0.552324,0.34096855,-0.16605692,0.44085917,0.19314538,0.41013834,0.36873364,0.3020907,0.3141078
"307","FYN","FYN","210105_s_at",924,0.68903977,0.73646957,0.74350667,0.6705048,0.7142521,0.85233885,0.72401714,0.851264,0.812931,0.7212883,0.7938315,0.7464985,0.80483246,0.7834217,0.8346124,0.73864067
"606","PLA2G4A","PLA2G4A","210145_at",925,-0.5932189,-0.50677794,-0.5427202,-0.51959646,-0.6027298,-0.54890907,-0.6362723,-0.52557296,-0.6073549,-0.4106722,-0.59021074,-0.5436391,-0.6165981,-0.6068282,-0.6155286,-0.6029041
"339","GRB7","GRB7","210761_s_at",928,0.38172466,0.48741242,0.3180109,0.44603354,0.2905109,0.3334354,0.5429567,0.3500362,0.30446875,0.6078251,0.3184665,0.41931003,0.34029955,0.31581002,0.3348839,0.32385182
"137","CDK7","CDK7","211297_s_at",929,0.5622302,0.75992215,0.8762088,0.6013767,0.57029295,0.69095653,0.75250953,0.65295154,0.536721,0.74407524,0.6833167,0.5272881,0.5490544,0.5059132,0.5628203,0.5742231
"78","BMP4","BMP4","211518_s_at",931,0.40321305,0.48636866,0.25174317,0.34645888,0.11079036,0.31947482,0.3797578,-0.15948357,0.42540646,0.47048607,0.40896,0.45424405,0.45348588,0.4333817,0.39368552,0.42838356
"77","BLVRA","BLVRA","211729_x_at",932,-0.14298621,-0.13820165,-0.09883,-0.063163936,-0.27445853,-0.08239983,-0.12320347,-0.23143256,-0.21365245,-0.031656235,-0.17932315,-0.1287644,-0.21512313,-0.20586222,-0.24489062,-0.20858157
"175","COL4A1","COL4A1","211980_at",934,0.8686678,0.6514602,0.7392746,0.5821515,0.8090373,0.79353756,0.9337775,0.7960547,0.92032856,0.57319695,0.88606226,0.79420686,0.9428855,0.9510755,0.96268684,0.9321971
"391","IGFBP3","IGFBP3","212143_s_at",936,-0.8192276,-0.85023016,-0.8462238,-0.8446245,-0.77827364,-0.8331356,-0.78479874,-0.85326344,-0.81255233,-0.87766016,-0.8288621,-0.82754135,-0.8280937,-0.8156312,-0.8074777,-0.8126491
"808","SUZ12","SUZ12","212287_at",938,-0.62919486,-0.6128104,-0.6308618,-0.62520397,-0.63598794,-0.65412974,-0.6256568,-0.59710723,-0.6480925,-0.6032543,-0.6456329,-0.6266921,-0.65745544,-0.6510184,-0.6567352,-0.6530949
"833","TFDP1","TFDP1","212330_at",939,-0.51524746,-0.59706986,-0.6128873,-0.6403872,-0.5501904,-0.5904837,-0.5001917,-0.48748976,-0.5225698,-0.59212196,-0.55106604,-0.5761418,-0.5392011,-0.5403667,-0.54068017,-0.5331241
"61","AXIN1","AXIN1","212849_at",941,-0.6982631,-0.6794796,-0.7223986,-0.7840223,-0.68701124,-0.7547911,-0.64533466,-0.7341472,-0.67763215,-0.6790058,-0.6817284,-0.7220661,-0.6758338,-0.6743858,-0.6749324,-0.6867766
"838","TICAM1","TICAM1","213191_at",942,-0.0903177,-0.02084551,-0.060625754,0.065571465,-0.054299995,-0.03699393,-0.10552287,0.055011995,-0.18087165,0.11597047,-0.14635946,-0.05190792,-0.15421987,-0.16604815,-0.17100929,-0.17015147
"789","SRC","SRC","213324_at",943,-0.6045572,-0.7297464,-0.68264437,-0.68700033,-0.6895987,-0.66021764,-0.71125555,-0.58707,-0.6813036,-0.7221845,-0.6833239,-0.70340884,-0.7029905,-0.70283526,-0.713575,-0.7096708
"607","PLCB3","PLCB3","213384_x_at",944,-0.09989219,0.17475717,0.20796202,0.4319538,0.28450987,0.19117005,0.12117891,0.21915157,-0.11534488,0.203696,-0.0055464692,0.05048505,-0.06726452,-0.091185935,-0.105713144,-0.039007504
"573","PARP2","PARP2","214086_s_at",948,0.05096131,0.12981203,0.086945094,0.08136368,0.21571799,0.09963843,0.206415,-0.21148047,0.053280212,0.09051894,0.09889378,0.065268874,0.10034363,0.07094643,0.09592784,0.078830004
"685","RALA","RALA","214435_x_at",950,1.7117969,2.1728523,1.9119629,2.4618034,1.8879213,1.851568,1.7078718,2.4221463,1.4663428,2.715094,1.5906006,1.9750271,1.4497973,1.4281269,1.3788488,1.4012191
"273","ETS1","ETS1","214447_at",951,-0.63415766,-0.6682948,-0.65990907,-0.67270124,-0.59046596,-0.6077033,-0.63988113,-0.6450556,-0.5835712,-0.7449436,-0.60758823,-0.6247621,-0.56583256,-0.56507504,-0.5665394,-0.5635195
"112","CCNB1","CCNB1","214710_s_at",952,1.1907505,1.6244366,1.2849505,1.3240131,1.3624352,1.1569749,1.407992,0.88604844,1.1291513,1.7487595,1.1848419,1.217917,1.1715808,1.1201653,1.1799822,1.1876261
"632","PPP1R13B","PPP1R13B","216347_s_at",953,0.21788567,0.1667718,0.2583075,0.31318572,0.29551238,0.15572116,0.15644126,0.27346495,0.17069335,0.06680212,0.2073458,0.21364827,0.20513074,0.13517247,0.14868258,0.18772775
"109","CCL2","CCL2","216598_s_at",954,-0.25620177,-0.1635919,-0.38136467,-0.06291745,-0.511928,-0.44046393,-0.061302166,-0.35169977,-0.565944,0.04409488,-0.53905755,-0.29540992,-0.52557886,-0.60818094,-0.5789417,-0.6076889
"384","IDE","IDE","217496_s_at",957,-0.6361949,-0.45360065,-0.3286206,-0.4284271,-0.5440125,-0.4624959,-0.70485747,-0.52486444,-0.56388956,-0.41041908,-0.44338265,-0.50613886,-0.56293976,-0.5506501,-0.56757814,-0.56717384
"483","MIF","MIF","217871_s_at",958,3.9757338,4.971132,4.9391956,4.130532,4.4151483,3.9787037,4.768045,4.7419686,3.6161811,5.4443445,4.1933675,3.6874158,3.5921946,3.598296,3.7939465,3.782223
"231","DNMT3A","DNMT3A","218457_s_at",960,0.18676747,0.15793747,0.17004804,0.14518072,0.17504509,0.18335484,0.015694465,0.20270729,0.14001283,0.09151967,0.12923324,0.11079646,0.12727278,0.11210115,0.10021644,0.1534898
"807","SUV39H1","SUV39H1","218619_s_at",962,-0.7837038,-0.7834296,-0.76189345,-0.7889883,-0.75741315,-0.80261576,-0.7456458,-0.81275237,-0.76481014,-0.8210592,-0.7519036,-0.7847797,-0.7579953,-0.7684494,-0.7556815,-0.7536993
"389","IGF2BP2","IGF2BP2","218847_at",963,-0.5898072,-0.57062733,-0.5934084,-0.5633381,-0.64873993,-0.5841522,-0.5946565,-0.65450674,-0.605418,-0.547693,-0.60181206,-0.57830304,-0.61112875,-0.6181716,-0.6164995,-0.61628556
"536","NOTCH1","NOTCH1","218902_at",964,-0.489503,-0.31458053,-0.12528153,-0.068530515,-0.12894495,-0.14680578,-0.54702866,0.017338557,-0.53268415,-0.15975754,-0.43535513,-0.424609,-0.53122246,-0.51419294,-0.51609415,-0.46629742
"251","EDN1","EDN1","218995_s_at",965,-0.7808094,-0.8236275,-0.83646876,-0.80079925,-0.80021423,-0.80661696,-0.78932774,-0.93022037,-0.7994568,-0.8635525,-0.80565655,-0.7993137,-0.7948014,-0.7941923,-0.7940001,-0.7759373
"570","PAK6","PAK6","219461_at",967,-0.8650343,-0.91017663,-0.88415724,-0.90935403,-0.8974632,-0.9001887,-0.8825076,-0.8610948,-0.8623321,-0.91205174,-0.87167203,-0.887316,-0.87174386,-0.8681728,-0.8661952,-0.8671613
"848","TLR4","TLR4","221060_s_at",968,1.5057358,1.2070634,1.2579805,1.1603467,1.4154499,1.248846,1.393091,1.6362633,1.3169787,1.1483397,1.2688127,1.2293091,1.3060265,1.3103232,1.2634602,1.3635132
"304","FRS2","FRS2","221308_at",969,-0.74976915,-0.6710917,-0.608759,-0.57100254,-0.68966615,-0.6352195,-0.7861408,-0.5892568,-0.79705167,-0.5879431,-0.7382622,-0.7162015,-0.79477257,-0.79101837,-0.7939555,-0.7931788
"80","BNIP3L","BNIP3L","221478_at",970,0.5127989,1.1342074,0.7413417,0.8172466,0.61933404,0.7148468,0.19028787,0.21054934,0.76708657,1.510761,0.813515,1.0095636,0.9115898,0.843031,0.76527566,0.82827795
"257","EIF4EBP1","EIF4EBP1","221539_at",971,-0.38635084,-0.52142256,-0.4135587,-0.53779614,-0.43285656,-0.41460183,-0.38035658,-0.3382133,-0.2625283,-0.6901044,-0.285444,-0.42295244,-0.32870474,-0.28812057,-0.27024388,-0.29703552
"49","ATF1","ATF1","222103_at",973,-0.43158883,-0.3953781,-0.42219785,-0.38347164,-0.45819873,-0.3831452,-0.40601665,-0.3934722,-0.4477426,-0.34229928,-0.44912046,-0.40620008,-0.44591865,-0.44628197,-0.4484501,-0.45520294
"724","RTN2","RTN2","34408_at",974,-0.51762146,-0.36992565,-0.50297713,-0.4325519,-0.42207587,-0.50749665,-0.53421795,-0.45340183,-0.51140934,-0.25755733,-0.50129986,-0.4557558,-0.50889784,-0.5248683,-0.5174438,-0.4855378
"614","PLSCR3","PLSCR3","56197_at",978,-0.44548553,-0.4064944,-0.3550525,-0.49425966,-0.38054055,-0.35792688,-0.39181778,-0.5203989,-0.33801886,-0.4674297,-0.3454417,-0.38738477,-0.33815795,-0.3326188,-0.30140236,-0.35103917
"697","RFC2","RFC2","1053_at",979,-0.73838335,-0.72091174,-0.74020195,-0.68145084,-0.75795454,-0.71901983,-0.7773684,-0.8255001,-0.7584021,-0.6568173,-0.7688147,-0.72205496,-0.7527229,-0.7517353,-0.73563224,-0.7494324
"13","ACLY","ACLY","201127_s_at",983,0.82158417,0.9606151,0.7153954,0.89074594,0.69772977,0.8616261,0.85349715,1.0563381,0.6217046,1.2535906,0.5686461,0.77504843,0.58929205,0.6079114,0.61723757,0.62504065
"508","MYCBP2","MYCBP2","201960_s_at",1015,-0.42119318,0.5643439,-0.08494313,0.20251532,-0.27847788,-0.47453532,-0.035956845,-0.2050676,-0.40791517,0.93050176,-0.20055167,0.09721942,-0.370503,-0.4069022,-0.37305075,-0.3557372
"9","ACAA1","ACAA1","202025_x_at",1017,-0.63546944,-0.6745381,-0.6440728,-0.65295744,-0.6304914,-0.60882133,-0.6142632,-0.5913072,-0.6190203,-0.6772535,-0.62135357,-0.6443108,-0.61601794,-0.60953623,-0.60926,-0.61161035
"450","LYN","LYN","202626_s_at",1038,-0.62016827,-0.65626603,-0.6152813,-0.56633264,-0.620149,-0.5925937,-0.6531323,-0.6743127,-0.59494185,-0.65397424,-0.59623283,-0.61236745,-0.6003136,-0.6022425,-0.60189223,-0.59800595
"885","TXNDC9","TXNDC9","203008_x_at",1047,-0.14016984,-0.1783747,-0.10109008,-0.15922229,-0.23591454,-0.11000051,-0.1787983,-0.1773985,-0.0448382,-0.2892883,-0.053744745,-0.1160714,-0.04111233,-0.039926246,-0.0333007,-0.060860954
"707","RNPS1","RNPS1","207939_x_at",1112,-0.21695262,-0.18176946,-0.1541554,-0.27516478,-0.23910847,-0.14952406,-0.22261411,-0.24072097,-0.15083036,-0.23125346,-0.1513043,-0.21245745,-0.1646749,-0.15597574,-0.15820336,-0.17385228
"259","EIF5","EIF5","208290_s_at",1115,0.8263032,0.7791443,0.8578494,0.6579184,0.7497766,0.76238304,0.9562225,0.51883423,1.0429279,0.48506945,1.0153767,0.8435817,0.98318964,1.0719186,1.1053829,0.9997723
"766","SMC3","SMC3","209259_s_at",1121,0.5669291,0.74537385,0.58462775,0.6674265,0.34643075,0.46132123,0.6192493,0.4233486,0.60110027,0.77327234,0.63166136,0.7064198,0.58489984,0.6086576,0.59118557,0.5680776
"907","VDAC1","VDAC1","212038_s_at",1138,2.2213821,2.3728366,2.3597074,2.1253948,2.0891373,2.177704,2.417546,2.4168684,2.3323545,2.4016116,2.410697,2.3243628,2.3360894,2.354498,2.332552,2.3565397
"915","WIPF2","WIPF2","212049_at",1139,-0.64682055,-0.63351816,-0.63711417,-0.68644845,-0.59036607,-0.645547,-0.66829234,-0.5745801,-0.64097404,-0.60442966,-0.64292425,-0.66124254,-0.6410467,-0.64024353,-0.6555299,-0.626452
"451","LYPLA1","LYPLA1","212449_s_at",1142,0.035226136,-0.06714952,0.034031406,-0.07722129,0.012331068,0.13199776,-0.07495725,0.19658703,0.085964136,-0.23294921,0.08566304,-0.03424968,0.08672376,0.11451869,0.13047282,0.103833295
"913","WDTC1","WDTC1","215497_s_at",1162,-0.26535282,-0.42310506,-0.2639935,-0.45642215,-0.23396736,-0.2596134,-0.3017196,-0.29845318,-0.16552724,-0.50950223,-0.1821516,-0.28804836,-0.16160284,-0.17404592,-0.16108431,-0.16697748
"485","MLEC","MLEC","200616_s_at",1739,-0.08540771,0.1182998,0.21572855,0.41736376,0.02185966,0.39430785,-0.16837072,0.84228164,-0.08214872,0.4057095,-0.044769354,0.100902095,-0.08352647,-0.092153,-0.105162345,-0.118756406
"224","DNAJB1","DNAJB1","200664_s_at",1778,0.3298661,0.275941,0.39251557,0.39941528,0.4999648,0.42591923,0.25011346,0.45692337,0.36822617,0.25842407,0.40078393,0.36601916,0.36860257,0.37317437,0.37970507,0.38104692
"418","KDELR2","KDELR2","200699_at",1806,-0.6472576,-0.6659017,-0.70818126,-0.73419803,-0.62892836,-0.62083966,-0.6051179,-0.6645288,-0.59983593,-0.7197345,-0.65275824,-0.6572322,-0.6024182,-0.5928478,-0.5971737,-0.5804955
"746","SKP1","SKP1","200718_s_at",1823,-0.5357168,-0.6317605,-0.60746247,-0.6312977,-0.5731651,-0.58668065,-0.5053757,-0.60743684,-0.50296515,-0.69174117,-0.528059,-0.57079875,-0.5162964,-0.5092422,-0.505958,-0.5058464
"91","CALU","CALU","200755_s_at",1858,-0.7594867,-0.6620274,-0.6287757,-0.5660275,-0.6244534,-0.66106784,-0.7260155,-0.74999434,-0.6877788,-0.66017866,-0.64643764,-0.65657574,-0.67075944,-0.67125857,-0.67572653,-0.6485463
"468","MAT2A","MAT2A","200769_s_at",1867,1.6727107,1.9368825,1.717117,1.9719362,1.7562921,1.7373426,1.9052856,1.4739798,1.5741037,2.0733075,1.611099,1.7338942,1.5869683,1.5319886,1.6104212,1.5050453
"375","HSPD1","HSPD1","200806_s_at",1898,-0.82842386,-0.76458746,-0.81302875,-0.78624976,-0.8256244,-0.837485,-0.8416816,-0.8894099,-0.82787806,-0.74639004,-0.83367133,-0.7985635,-0.8299995,-0.83497334,-0.83915925,-0.82299984
"879","TSPAN3","TSPAN3","200973_s_at",2038,0.63935363,0.9523286,0.77386236,1.1294643,0.58657885,0.78707457,0.4997065,0.7124237,0.51980007,1.3128724,0.62648857,0.8604684,0.5751547,0.5538599,0.49223918,0.5631879
"347","HADH","HADH","201035_s_at",2088,-0.36005902,-0.3101369,-0.2638925,-0.29444617,-0.2932699,-0.29743233,-0.44187415,-0.28287616,-0.38126272,-0.29014006,-0.35854095,-0.33639905,-0.39184004,-0.3891625,-0.3862338,-0.37410396
"763","SMARCC1","SMARCC1","201075_s_at",2120,0.18180154,-0.40300417,-0.18565887,-0.46507484,0.07587551,0.015783185,-0.15028498,-0.33213603,0.32231528,-0.75854015,0.08623924,-0.10974807,0.24240084,0.27338237,0.30513823,0.31082496
"603","PIP4K2B","PIP4K2B","201081_s_at",2124,1.240482,1.5156132,1.0802585,1.4540254,1.3402699,1.24369,1.5990914,1.2624966,1.203171,1.9771516,1.083528,1.4336393,1.2886899,1.2256876,1.2707253,1.1990093
"469","MBNL1","MBNL1","201151_s_at",2184,0.2487526,0.4052891,0.5439014,0.4991022,0.32159778,0.51858693,0.08429162,0.39815482,0.23972134,0.54439014,0.3626236,0.32042226,0.2212881,0.27107295,0.25194365,0.22293356
"530","NMT1","NMT1","201157_s_at",2188,-0.40027136,-0.42720798,-0.4349196,-0.37936625,-0.43720376,-0.414017,-0.43306553,-0.44725528,-0.3943672,-0.42823324,-0.41519716,-0.37353018,-0.3941555,-0.40181527,-0.40424448,-0.4057544
"71","BHLHE40","BHLHE40","201169_s_at",2198,-0.6839055,-0.7949384,-0.7994078,-0.7986499,-0.6913336,-0.75934273,-0.7131255,-0.9430285,-0.6761878,-0.84831715,-0.7218451,-0.73874706,-0.6986555,-0.6709307,-0.67176986,-0.66794354
"55","ATP1B1","ATP1B1","201242_s_at",2253,-0.10805332,-0.05076194,-0.07073604,-0.03534498,0.014201164,-0.11687659,-0.018596407,-0.021005774,-0.019155547,-0.14633603,0.0018560992,-0.003030311,-0.004554415,-0.009916366,0.005751242,-0.0015912133
"549","NUDCD3","NUDCD3","201269_s_at",2273,-0.2798362,-0.13599144,0.03298425,-0.03602553,-0.13639817,-0.017473973,-0.36866772,0.039944492,-0.26240814,-0.0065874234,-0.18227018,-0.19037494,-0.24788299,-0.2361036,-0.23873241,-0.2502555
"40","ARHGEF12","ARHGEF12","201333_s_at",2325,0.15990278,0.26999548,0.18104945,0.23006515,0.23572028,0.15518366,0.083181486,0.22278999,0.20154475,0.34691578,0.1936838,0.26033616,0.18842925,0.21089515,0.19943355,0.25218278
"778","SOX4","SOX4","201418_s_at",2392,-0.8508258,-0.8728616,-0.86966974,-0.887253,-0.8586022,-0.8628569,-0.8333084,-0.91277134,-0.823243,-0.89501035,-0.8438079,-0.855639,-0.8264276,-0.8222038,-0.81931174,-0.83611006
"702","RHEB","RHEB","201452_at",2425,0.033277992,-0.49184117,-0.36296514,-0.40334493,-0.40464002,-0.30135763,-0.119940616,-0.2866833,-0.035800252,-0.7635038,-0.11992165,-0.3185783,-0.028846892,-0.073183894,-0.09537887,-0.18633543
"413","JUN","JUN","201464_x_at",2433,-0.40530613,-0.3620048,-0.43014726,-0.42323005,-0.39809245,-0.4342475,-0.33242732,-0.5319086,-0.38339135,-0.35470632,-0.39577815,-0.38713303,-0.37859946,-0.38088295,-0.37328357,-0.40781823
"383","ID2","ID2","201566_x_at",2510,-0.41388577,-0.43221405,-0.40103874,-0.39684922,-0.46999237,-0.43771136,-0.50336283,-0.034973435,-0.4587797,-0.39596578,-0.4731736,-0.43499142,-0.49882838,-0.48246735,-0.50359815,-0.41523844
"206","DCTD","DCTD","201571_s_at",2515,0.5555103,0.19562218,0.17698716,0.09763804,0.13374342,0.29596534,0.43406105,0.13829282,0.35497442,0.091166735,0.23481596,0.20708954,0.2933802,0.31486163,0.30141142,0.3381913
"670","PWP1","PWP1","201606_s_at",2542,2.0223236,1.8032901,1.7096419,1.4346287,2.189521,1.9974092,2.3542588,1.8278573,2.3276608,1.6032572,2.0275466,1.9413861,2.397931,2.4168036,2.4603298,2.3978453
"382","ICMT","ICMT","201610_at",2545,1.0775099,1.1305602,0.9784533,1.1478835,1.1031631,1.1801078,1.3729123,1.1903354,0.99909055,1.3098855,0.97776836,1.0905131,1.0537136,1.0672743,1.0804862,0.95941097
"402","INSIG1","INSIG1","201627_s_at",2558,0.0774,-0.02375881,-0.20889184,-0.20115462,0.16644861,-0.18233952,0.0990616,0.17568076,0.08800753,-0.13645895,-0.019319404,-0.044883553,0.033010375,0.04033846,0.06127188,0.10430941
"767","SMC4","SMC4","201663_s_at",2587,0.0779277,0.042153664,0.09602455,0.07151615,-0.0039711855,0.08160942,0.033848044,0.048453104,0.07311779,0.02315937,0.08705109,0.0614411,0.06430911,0.058377177,0.06943196,0.056419585
"899","USP14","USP14","201672_s_at",2594,-0.4679558,-0.5035302,-0.5310476,-0.5212734,-0.5531136,-0.521618,-0.42873314,-0.5309059,-0.47038293,-0.5254529,-0.48556808,-0.49137482,-0.4743402,-0.4773517,-0.45677063,-0.4820059
"527","NIPSNAP1","NIPSNAP1","201708_s_at",2619,-0.16257317,-0.18451102,-0.2625056,-0.40858197,-0.14214846,-0.18948093,-0.075768694,-0.35023737,-0.079628244,-0.17952302,-0.15924117,-0.21288301,-0.081557915,-0.057679426,-0.046602458,-0.068732135
"261","ELAVL1","ELAVL1","201726_at",2633,0.22657675,0.9381357,0.85224205,0.63264847,0.2893239,0.6266318,0.12649557,0.5589589,0.37793714,1.2931166,0.5384911,0.6364105,0.37130603,0.3945639,0.34122565,0.415513
"253","EFCAB14","EFCAB14","201775_s_at",2667,-0.6438271,-0.6013376,-0.5760688,-0.5947349,-0.51379305,-0.5954688,-0.64080805,-0.47764736,-0.6556138,-0.55674696,-0.6326144,-0.6419034,-0.63551426,-0.6510573,-0.6279457,-0.61793566
"742","SH3BP5","SH3BP5","201810_s_at",2694,0.3567696,0.32338953,0.4110448,0.5984798,0.33254606,0.53686965,0.114664175,0.93783474,0.012102296,0.54828566,0.0314289,0.22809099,-0.020370603,-0.00740169,-0.06165543,0.07473832
"732","SCCPDH","SCCPDH","201826_s_at",2706,0.6429153,0.716632,0.7626285,0.8555295,0.70000935,0.7036277,0.6327871,0.71684253,0.588818,0.85147667,0.6507679,0.6936612,0.63075554,0.6329006,0.5972925,0.6266761
"517","NET1","NET1","201830_s_at",2708,-0.1715676,-0.12888388,-0.16654417,-0.37053472,-0.07081796,-0.122408174,-0.20082821,-0.254315,-0.03319438,-0.2718601,-0.11093818,-0.2121481,-0.051099475,-0.026439793,-0.027271751,-0.030000709
"53","ATMIN","ATMIN","201854_s_at",2726,-0.11487371,-0.06727746,-0.09000975,-0.14236102,-0.04127214,-0.030411946,-0.010032021,-0.17366855,0.044003516,-0.15746938,-4.3989574e-05,-0.033963725,0.063964054,0.048278306,0.06284719,0.02979104
"543","NR3C1","NR3C1","201865_x_at",2735,-0.71026397,-0.78282297,-0.7466289,-0.7710264,-0.7486172,-0.7507367,-0.69234174,-0.91507864,-0.7404061,-0.764296,-0.73480034,-0.7414095,-0.7386809,-0.7449366,-0.7390664,-0.74704826
"888","UBE2A","UBE2A","201898_s_at",2763,1.0198354,1.0279431,1.1496563,1.111623,0.93853307,1.0712116,0.8919701,1.4602354,0.9466409,1.1725316,1.0488596,1.0159938,0.9134488,0.9082363,0.8780331,0.8951987
"686","RALB","RALB","202101_s_at",2928,-0.067644626,0.28736287,0.5460374,0.6154118,0.31303233,0.42885464,-0.1821611,0.5563887,-0.29436857,0.7339123,0.0013153102,0.036287934,-0.26082078,-0.24812964,-0.2661687,-0.20733996
"179","CPNE3","CPNE3","202118_s_at",2938,0.4837466,0.13842817,0.21402845,-0.008425039,0.17139481,0.21328649,0.6711026,-0.055057418,0.4524135,-0.12456061,0.38839856,0.23461051,0.44417006,0.43929362,0.43394795,0.42199665
"24","AKR7A2","AKR7A2","202139_at",2955,-0.64820135,-0.6622787,-0.62315106,-0.6516922,-0.62503695,-0.6002768,-0.68752986,-0.62342507,-0.65302163,-0.6456755,-0.6534807,-0.66594046,-0.6512029,-0.64928114,-0.6528973,-0.6377783
"634","PPP2R5A","PPP2R5A","202186_x_at",2994,-0.059323356,0.11302542,0.121794574,0.050244257,-0.07000498,0.0618681,-0.12583108,0.09751227,-0.0371103,0.21056971,0.009314657,0.020041786,-0.060654033,-0.052053753,-0.032123085,-0.046696857
"184","CRK","CRK","202225_at",3027,0.47673517,0.60260135,0.6616126,0.49881598,0.515262,0.5934539,0.46190238,0.74772173,0.6131681,0.65185255,0.7262617,0.579569,0.55531925,0.6161677,0.6566349,0.582781
"153","CHERP","CHERP","202229_s_at",3031,-0.6155069,-0.42237076,-0.35609388,-0.3627265,-0.4184373,-0.32350847,-0.6952403,-0.26657945,-0.6112233,-0.29891643,-0.55230445,-0.5191178,-0.57501984,-0.5910299,-0.5983219,-0.58092564
"499","MTA1","MTA1","202247_s_at",3045,0.38705885,0.20878395,0.4390406,0.13340217,0.42924032,0.41074315,0.12158512,0.7508649,0.45894542,0.021218892,0.55189025,0.28445143,0.5179106,0.5112668,0.46961167,0.4646587
"174","COL1A1","COL1A1","202311_s_at",3101,1.1910881,1.4359566,1.5373962,1.4727659,1.2890534,1.4051288,1.0402098,1.2459811,1.2222732,1.6698166,1.3076805,1.3601615,1.2063199,1.2469362,1.2307215,1.2472976
"11","ACBD3","ACBD3","202323_s_at",3112,-0.5457146,-0.54061234,-0.51466537,-0.4951872,-0.5134091,-0.46428525,-0.58391184,-0.4687245,-0.52911866,-0.51821816,-0.53257257,-0.5052303,-0.5180126,-0.51864815,-0.5222552,-0.5236192
"613","PLSCR1","PLSCR1","202430_s_at",3192,-0.1730247,-0.43658942,-0.12579513,-0.4174778,-0.33555302,-0.2329483,-0.19135731,-0.22522122,-0.0038975454,-0.7767134,0.035579104,-0.21642584,0.02485338,0.05526819,0.08179249,0.0027723783
"769","SNAP25","SNAP25","202508_s_at",3254,0.84187967,0.42033464,0.7426063,0.54689485,0.9470075,0.72422576,0.6727764,0.8040449,0.9071266,0.35068583,0.81286967,0.6940668,0.8824439,0.88725513,0.86179453,0.85525864
"904","VAPB","VAPB","202549_at",3287,-0.46884552,-0.56928355,-0.62260365,-0.54874396,-0.5537691,-0.56741863,-0.43696567,-0.46858427,-0.44633874,-0.6606219,-0.51016676,-0.5000837,-0.45805264,-0.46044716,-0.44836843,-0.4539552
"376","HTATSF1","HTATSF1","202601_s_at",3332,-0.7293292,-0.8201228,-0.79239964,-0.80744207,-0.7381105,-0.75195646,-0.78380996,-0.66041285,-0.7038414,-0.84215647,-0.73970616,-0.7629104,-0.7009008,-0.70070875,-0.7097626,-0.70504117
"15","ADAM10","ADAM10","202603_at",3333,0.19300634,0.42892355,0.41257736,0.5061941,0.14311941,0.3782674,0.21630198,0.3341394,0.12343757,0.6870026,0.21308243,0.33213538,0.12610705,0.12169852,0.15255186,0.09056091
"738","SERPINE1","SERPINE1","202628_s_at",3352,-0.13145398,0.8561158,0.7199893,1.1357832,0.16508989,0.7688532,-0.65807134,0.86554515,-0.47729596,1.8619311,-0.24690071,0.25639525,-0.50101364,-0.50214744,-0.5051989,-0.42448387
"625","POLR2K","POLR2K","202634_at",3356,-0.09042225,-0.112263806,-0.20447263,-0.33450076,-0.012838413,-0.08116525,0.18113747,-0.07113104,0.15331247,-0.23389849,0.015833834,-0.073386826,0.14572696,0.16679013,0.20300679,0.17895027
"380","ICAM1","ICAM1","202638_s_at",3358,0.36517993,0.26436347,0.44080722,0.29614967,0.33011833,0.42764658,0.028662238,1.0748283,0.48663643,0.19563782,0.47189742,0.30354983,0.50583965,0.49651623,0.47507784,0.54328007
"321","GFPT1","GFPT1","202721_s_at",3418,3.224163,3.2765234,2.885997,3.2666354,2.9627671,2.693451,3.5870285,3.3550854,2.9173732,3.2718067,3.0638878,3.13066,2.9266748,2.8111944,2.904328,2.7608638
"460","MAP7","MAP7","202890_at",3544,-0.26512134,-0.37683186,-0.23207426,-0.23163792,-0.33711237,-0.38396084,-0.3054814,0.053725753,-0.4177308,-0.3052112,-0.38213,-0.2957161,-0.46262643,-0.43310082,-0.4459356,-0.45234117
"281","FAM20B","FAM20B","202915_s_at",3562,0.0839128,-0.025242787,-0.075399734,-0.134297,-0.12388129,-0.17832346,0.098786645,-0.5893396,0.27790838,-0.28587028,0.22018373,0.16286753,0.22131398,0.25448102,0.2735378,0.1928328
"787","SPTLC2","SPTLC2","203128_at",3733,-0.60176635,-0.60776377,-0.6412699,-0.7036928,-0.6426003,-0.5817344,-0.5733194,-0.83050925,-0.524879,-0.70178235,-0.5511719,-0.60038,-0.4967623,-0.5043042,-0.50462747,-0.5171387
"427","KIF5C","KIF5C","203129_s_at",3734,-0.78384,-0.8045571,-0.81283385,-0.81067073,-0.7944933,-0.7923177,-0.74828255,-0.8293429,-0.78742015,-0.8198006,-0.79596555,-0.7984233,-0.7850066,-0.79066014,-0.7760394,-0.7871514
"721","RRP8","RRP8","203170_at",3767,-0.18287842,-0.2564512,-0.2100145,-0.21859443,-0.2553284,-0.18093643,-0.22395234,-0.15106797,-0.23056065,-0.25596833,-0.2166786,-0.2251414,-0.23070383,-0.22109175,-0.23679549,-0.25158554
"2","ABCB6","ABCB6","203191_at",3785,-0.14114144,-0.39606902,-0.44963488,-0.41769063,-0.38733363,-0.39914352,-0.028278194,-0.345504,-0.24499379,-0.49084303,-0.34939104,-0.3562079,-0.2889585,-0.28079945,-0.26003236,-0.293909
"846","TLE1","TLE1","203220_s_at",3807,-0.097423635,-0.0070963274,0.089598924,-0.035850257,-0.08993534,0.026164409,-0.13500807,-0.2675411,0.014617939,-0.01195474,0.063654765,-0.0067161988,-0.00011208615,0.03750523,0.0533529,-0.01139861
"286","FBXO11","FBXO11","203255_at",3833,-0.83026046,-0.8763875,-0.87362766,-0.8811033,-0.8067262,-0.86429906,-0.8614297,-0.83101314,-0.8132158,-0.92809135,-0.83182687,-0.8467815,-0.8200914,-0.81477106,-0.81889796,-0.8111412
"368","HS2ST1","HS2ST1","203284_s_at",3856,0.091323026,0.43543866,0.2417813,0.3121589,0.10789609,0.2650493,0.22767605,0.31555027,0.076664984,0.48570257,0.13289584,0.19077879,0.12708719,0.081575826,0.107703686,0.13157094
"775","SOCS2","SOCS2","203372_s_at",3921,-0.54510087,-0.43448204,-0.54015607,-0.45727146,-0.47360766,-0.54739165,-0.593397,-0.4687515,-0.55597746,-0.32701904,-0.5679499,-0.4797782,-0.54390925,-0.5533902,-0.5570108,-0.54108083
"35","APOE","APOE","203382_s_at",3928,-0.59629756,-0.56611437,-0.5608847,-0.45672348,-0.54035646,-0.50350744,-0.6538984,-0.5285593,-0.6236436,-0.5098695,-0.63830376,-0.5736731,-0.62040454,-0.6261616,-0.630581,-0.60843366
"355","HES1","HES1","203394_s_at",3940,-0.5506528,-0.51689804,-0.27304572,-0.4035159,-0.48566255,-0.33644456,-0.6848301,-0.4568149,-0.5995295,-0.49734595,-0.4923126,-0.58554494,-0.5764565,-0.5727633,-0.5765816,-0.58746046
"269","EPN2","EPN2","203463_s_at",3997,-0.67676204,-0.5476049,-0.56925505,-0.5552964,-0.5759667,-0.59655756,-0.6329358,-0.50967246,-0.6526084,-0.51948917,-0.61944884,-0.61018384,-0.6459021,-0.6518955,-0.6469429,-0.6294695
"870","TRAPPC3","TRAPPC3","203511_s_at",4039,-0.2846462,-0.312749,-0.32971108,-0.3597561,-0.19696225,-0.33865345,-0.31469896,-0.3072442,-0.27126446,-0.44510856,-0.2907525,-0.32615623,-0.26216167,-0.26252225,-0.25996464,-0.22553204
"388","IGF1R","IGF1R","203628_at",4133,0.10771833,0.026975628,-0.03170372,0.011572288,-0.009345011,-0.07149761,0.22693385,0.068352886,0.02629778,0.048930094,0.00017103546,0.031309783,0.023494767,0.008838192,0.0091700815,-0.013725628
"292","FGFR2","FGFR2","203638_s_at",4142,0.41150013,0.25064045,0.1894117,0.32323995,0.27999908,0.3703574,0.71301657,0.44192988,0.38455787,0.32872835,0.27034825,0.34770072,0.36220935,0.41073403,0.4356138,0.35854656
"67","BCL2","BCL2","203684_s_at",4180,-0.035331827,-0.12200515,-0.2233454,-0.3469763,-0.0690822,-0.17251328,-0.09403919,-0.21191183,0.10516892,-0.12181166,-0.019262427,-0.12333281,0.03151565,0.058392536,0.0299798,0.15084201
"309","FZD7","FZD7","203706_s_at",4197,-0.21772352,-0.16129184,-0.14969699,-0.0982662,-0.0879149,-0.11238206,-0.2828161,0.012732041,-0.24601097,-0.08111769,-0.23469839,-0.19816057,-0.25807354,-0.22537269,-0.24311057,-0.23299673
"22","AKAP8","AKAP8","203847_s_at",4323,-0.40694416,-0.69163674,-0.61603934,-0.5647298,-0.4568386,-0.575067,-0.50831956,-0.4343948,-0.4183472,-0.812826,-0.46276915,-0.4950671,-0.4363202,-0.4525498,-0.45933005,-0.4644728
"675","RAB11FIP2","RAB11FIP2","203883_s_at",4357,0.3614745,0.7335217,0.4011437,0.573758,0.39349037,0.22679819,0.46857065,0.20128304,0.43543524,0.9369756,0.43075192,0.6458124,0.4531775,0.45708087,0.40372592,0.44084865
"327","GNA11","GNA11","204248_at",4685,0.090123504,0.023251923,0.13552278,0.016221078,0.17228754,0.13416995,0.08327173,-0.18117076,0.16651349,-0.08033341,0.15535994,0.07977699,0.17994925,0.19629279,0.18664512,0.18039608
"615","PMAIP1","PMAIP1","204286_s_at",4720,-0.45206836,-0.28926718,-0.3654549,-0.27853018,-0.27393398,-0.26534253,-0.4337197,-0.20620151,-0.4021087,-0.1661991,-0.42852908,-0.311149,-0.35979298,-0.3697394,-0.3813979,-0.3615447
"308","FZD1","FZD1","204452_s_at",4876,-0.8499211,-0.8968127,-0.8589297,-0.9201956,-0.8381228,-0.8895555,-0.8858599,-0.84870636,-0.8399671,-0.9310686,-0.8478243,-0.885312,-0.84240043,-0.8362859,-0.83924645,-0.8283803
"72","BID","BID","204493_at",4911,0.03545518,0.046553563,0.18057428,0.07123295,0.014905933,0.088094406,0.01469874,-0.12333877,0.03944419,0.0603075,0.081458114,0.05227894,0.025618462,0.039628554,0.044451848,0.027183015
"416","KCNK1","KCNK1","204678_s_at",5077,-0.6936516,-0.6938031,-0.669085,-0.66829884,-0.6309739,-0.64714354,-0.76418227,-0.74202645,-0.68011653,-0.66177815,-0.6867894,-0.68399084,-0.6840382,-0.67411655,-0.6825984,-0.66816217
"125","CDC25A","CDC25A","204696_s_at",5093,-0.52950615,-0.3449162,-0.40888253,-0.41876075,-0.5666159,-0.5007738,-0.34426236,-0.65565056,-0.47729534,-0.3292327,-0.4124904,-0.4237037,-0.47050917,-0.5012609,-0.46347514,-0.49583834
"282","FAS","FAS","204780_s_at",5163,-0.5662163,-0.4092631,-0.4129717,-0.41678706,-0.4713358,-0.5149475,-0.52688867,-0.565068,-0.5066673,-0.4460624,-0.4626531,-0.46247327,-0.49656963,-0.5112519,-0.51170254,-0.4969929
"135","CDK5R1","CDK5R1","204996_s_at",5356,-0.79387003,-0.84728223,-0.81785357,-0.8515841,-0.8493013,-0.83057696,-0.8191691,-0.84345686,-0.81493735,-0.8736783,-0.8233723,-0.83309877,-0.830454,-0.8366268,-0.83613884,-0.83732826
"741","SGCB","SGCB","205121_at",5463,-0.5011261,-0.4874001,-0.5162515,-0.45032012,-0.5341446,-0.48140126,-0.5177976,-0.46523836,-0.5492934,-0.42243013,-0.5506711,-0.49904254,-0.537184,-0.54310864,-0.55596066,-0.5572008
"866","TPM1","TPM1","206116_s_at",6387,-0.51727396,-0.50944304,-0.59693456,-0.519912,-0.54829925,-0.5674171,-0.4796512,-0.5694537,-0.55571234,-0.4649679,-0.577437,-0.52020353,-0.56638014,-0.5680991,-0.5512037,-0.57736427
"185","CRKL","CRKL","206184_at",6451,-0.5087062,-0.531382,-0.56986433,-0.6125725,-0.43421394,-0.5166695,-0.48313463,-0.5222666,-0.43193284,-0.53213084,-0.5070279,-0.5170572,-0.43880668,-0.42276904,-0.4183993,-0.42148125
"837","TIAM1","TIAM1","206409_at",6669,1.611232,1.2651706,1.145854,1.0536416,1.4688069,1.3256094,1.7013601,1.3957049,1.7032485,0.9521843,1.5080932,1.41158,1.7763292,1.7714099,1.7812648,1.7432046
"816","TBC1D9B","TBC1D9B","206431_x_at",6690,-0.2754746,-0.25164536,-0.20773168,-0.29101276,-0.23546533,-0.20867546,-0.32546163,-0.28267103,-0.22674493,-0.24007633,-0.23107713,-0.26206392,-0.22681415,-0.23304959,-0.23365283,-0.23129883
"442","LPAR2","LPAR2","206722_s_at",6971,0.07680454,-0.07618521,0.119921274,0.060425244,-0.16037363,-0.0004008782,0.0028634372,0.18920085,-0.04596107,-0.14637041,-0.0053044255,0.007519983,-0.081037246,-0.07000056,-0.07456775,-0.07782228
"332","GNB5","GNB5","207124_s_at",7365,-0.46577415,-0.37672332,-0.39523208,-0.20390806,-0.3946727,-0.27456757,-0.5703522,-0.31067654,-0.5440098,-0.25965253,-0.52713,-0.40029082,-0.53414714,-0.53935456,-0.5475504,-0.5260812
"210","DDR1","DDR1","207169_x_at",7408,0.23630133,0.13660336,0.29337788,0.13084191,0.23450516,0.265549,-0.00048074374,0.6363521,0.23921748,0.09730463,0.23345576,0.13594165,0.25481927,0.24223982,0.18112254,0.19421414
"552","NUP62","NUP62","207740_s_at",7955,-0.07712888,-0.04988486,-0.068839446,-0.076435804,-0.03963949,-0.07451444,-0.08093251,-0.014263594,-0.0761659,-0.029696822,-0.049695764,-0.037707813,-0.084337205,-0.06456361,-0.052760597,-0.110791996
"574","PAX8","PAX8","207921_x_at",8118,-0.06575047,-0.025440643,-0.16637585,-0.08884328,-0.22652021,-0.2092688,-0.0025390447,-0.075176455,-0.06449759,0.032473676,-0.07932926,-0.026039978,-0.059657563,-0.067941286,-0.071903676,-0.09506202
"627","PPARD","PPARD","208044_s_at",8230,0.38998944,0.13700378,0.21750474,0.0911347,0.27119565,0.28516778,0.46082887,0.33131558,0.52416515,-0.023423078,0.4496629,0.30697465,0.4896356,0.5028974,0.55603826,0.4702553
"323","GLI2","GLI2","208057_s_at",8242,-0.6667486,-0.74156755,-0.8821486,-0.6648322,-0.737606,-0.7289734,-0.77143073,-0.6377632,-0.6584154,-0.69930786,-0.72128356,-0.6868591,-0.6688346,-0.68133783,-0.6529027,-0.67102385
"59","AURKA","AURKA","208080_at",8263,-0.56571877,-0.6574976,-0.7324883,-0.6937068,-0.6079128,-0.6478048,-0.5259491,-0.69492865,-0.60608244,-0.6745528,-0.65557843,-0.6503298,-0.60620207,-0.6028843,-0.6013452,-0.6096712
"918","XPO7","XPO7","208459_s_at",8620,-0.17018072,-0.07062136,-0.08457963,-0.02989526,-0.18803051,-0.085512154,-0.18509206,-0.070675485,-0.18826152,0.06464641,-0.15696356,-0.090689056,-0.16872893,-0.18182638,-0.1773511,-0.19327502
"258","EIF4G1","EIF4G1","208625_s_at",8780,-0.41050163,-0.45398173,-0.28512478,-0.31614736,-0.3841164,-0.2738627,-0.4385675,-0.18952149,-0.44658703,-0.3993616,-0.42102236,-0.42161885,-0.44603547,-0.44220653,-0.43558633,-0.42276254
"114","CCND1","CCND1","208712_at",8849,-0.8444894,-0.88958746,-0.90321815,-0.91409034,-0.84054554,-0.8470969,-0.87548053,-0.8602056,-0.8579442,-0.90311915,-0.875234,-0.8877831,-0.85993767,-0.850899,-0.8580609,-0.8429346
"127","CDC42","CDC42","208727_s_at",8862,0.7892959,1.4420828,1.7144624,1.2427104,1.1802747,1.3905141,1.047883,2.0067909,0.81810254,1.8436003,1.1912513,1.0057391,0.8627942,0.90016663,0.9427812,0.91328996
"762","SMARCA4","SMARCA4","208793_x_at",8919,0.40350705,0.6982646,0.7386721,0.8048629,0.47773132,0.64276516,0.28781235,0.6255272,0.44731352,0.8659902,0.5315144,0.61393964,0.42813843,0.42854652,0.4082115,0.43494016
"372","HSPA4","HSPA4","208814_at",8939,-0.44037092,-0.41694582,-0.44502637,-0.47855282,-0.45562688,-0.52630115,-0.3342962,-0.4143076,-0.49735868,-0.41070536,-0.464388,-0.48747414,-0.49829432,-0.512254,-0.50202644,-0.49751243
"194","CTNND1","CTNND1","208862_s_at",8983,-0.67593175,-0.7345247,-0.7004238,-0.7570783,-0.65950316,-0.68363947,-0.69505596,-0.76094043,-0.6480645,-0.78760916,-0.6646007,-0.71238685,-0.6398542,-0.63278544,-0.63192314,-0.6498024
"695","REEP5","REEP5","208873_s_at",8993,-0.23307796,-0.25397158,-0.30887684,-0.26874673,-0.2303355,-0.2684124,-0.23683123,-0.079488635,-0.25142324,-0.2773033,-0.27564853,-0.25088632,-0.24096343,-0.2513521,-0.24291338,-0.24731879
"241","DUSP6","DUSP6","208892_s_at",9010,1.1365641,1.0476397,1.0187241,1.1544389,1.2597655,1.2865134,1.292944,1.1765445,1.3529977,1.0003984,1.2357304,1.3109516,1.4047539,1.4327134,1.4080262,1.3718292
"437","LGALS8","LGALS8","208934_s_at",9047,-0.38160467,-0.30108258,-0.41108987,-0.29325792,-0.38483444,-0.40111116,-0.38318786,-0.35243276,-0.41605386,-0.19966096,-0.4354062,-0.33398488,-0.42098975,-0.42702085,-0.42127043,-0.42140266
"27","ALDH7A1","ALDH7A1","208951_at",9060,1.3027245,0.895565,1.2638353,1.158987,1.4227027,1.2096717,1.0346801,1.0276988,1.2827663,0.65861756,1.2989404,1.1340761,1.2644547,1.239407,1.2243779,1.2420485
"159","CIAPIN1","CIAPIN1","208968_s_at",9077,0.9539213,0.7766777,0.9424848,1.0244977,0.8886117,1.0122312,0.82983255,1.3825479,0.7914882,0.7479888,0.80715865,0.8530078,0.8055078,0.76775056,0.76831234,0.76534754
"515","NCOA3","NCOA3","209061_at",9162,0.2175081,-0.15861282,0.05060446,-0.2174423,0.39967462,-0.018464122,-0.18026522,0.7789055,0.36727884,-0.2533712,0.17621978,0.035030957,0.28087294,0.33597377,0.27323815,0.42883316
"881","TSPAN6","TSPAN6","209108_at",9204,-0.61170155,-0.73987496,-0.68708134,-0.70935804,-0.67486805,-0.6652017,-0.64056665,-0.6635823,-0.6024989,-0.8116271,-0.62579286,-0.6594619,-0.60472363,-0.59779644,-0.60260814,-0.6155095
"716","RPS6","RPS6","209134_s_at",9227,-0.5180005,-0.6790898,-0.58729917,-0.6220779,-0.5749947,-0.5866193,-0.5724593,-0.63914084,-0.5334141,-0.7425427,-0.5549933,-0.58550674,-0.557348,-0.53880453,-0.5425851,-0.56329757
"477","MEF2C","MEF2C","209199_s_at",9285,-0.6522854,-0.6231689,-0.71852565,-0.6886724,-0.7372031,-0.6872523,-0.6418632,-0.33869773,-0.70594186,-0.5709676,-0.7190051,-0.6738305,-0.7045634,-0.7114763,-0.7128483,-0.68350005
"542","NR2F6","NR2F6","209261_s_at",9338,0.09785513,-0.08678749,-0.04677144,-0.12317616,0.09294174,0.06345536,0.202944,-0.10455957,0.1553497,-0.28323323,0.102190204,0.0046418277,0.17239839,0.19815762,0.19767477,0.14767006
"809","SYK","SYK","209269_s_at",9344,-0.8793519,-0.9066328,-0.9054079,-0.9027304,-0.89928436,-0.8948582,-0.8856088,-0.8946245,-0.881341,-0.9210018,-0.89214516,-0.8886826,-0.88478065,-0.88322574,-0.8856238,-0.8828621
"325","GLRX","GLRX","209276_s_at",9351,3.143503,3.1574094,2.8198228,3.0999486,3.364197,3.4735458,3.3864388,3.3317392,3.3584096,3.124233,3.1159687,3.2218428,3.388633,3.5168207,3.4987888,3.5144978
"546","NSDHL","NSDHL","209279_s_at",9354,0.100461155,-0.04331532,-0.11122373,0.019651763,0.00069966953,0.018834457,0.14067778,0.07192239,0.14066498,-0.08334267,0.03911686,0.059650972,0.105537914,0.13290843,0.14716324,0.09422105
"393","IKBKB","IKBKB","209342_s_at",9408,-0.66807246,-0.81400365,-0.7280818,-0.80723333,-0.7493501,-0.7332085,-0.7375395,-0.85515875,-0.6411531,-0.9712906,-0.6661231,-0.74325365,-0.67495143,-0.6557902,-0.66086024,-0.63313174
"338","GRB10","GRB10","209410_s_at",9470,1.6049128,1.3039742,1.2635247,1.3132904,1.2439882,1.3736507,1.7498436,1.0519888,1.5627096,1.1223406,1.4919249,1.4290429,1.5062369,1.5051335,1.5595601,1.439174
"318","GATA3","GATA3","209602_s_at",9643,-0.8346042,-0.89396745,-0.9015072,-0.89238274,-0.88807905,-0.886134,-0.888616,-0.77833873,-0.8341912,-0.88981986,-0.87015563,-0.8642739,-0.8555085,-0.84576136,-0.85212916,-0.8322402
"501","MTF2","MTF2","209705_at",9738,0.20554392,0.20021738,0.3410722,0.2920439,0.3425629,0.30076188,0.037062127,-0.072652966,0.2455943,0.07718566,0.30047935,0.20942713,0.26044533,0.25303394,0.24303888,0.25561324
"98","CASP2","CASP2","209812_x_at",9837,-0.80028075,-0.76668626,-0.75539845,-0.7655014,-0.81086165,-0.77295893,-0.78537315,-0.804471,-0.7885584,-0.75445193,-0.7777363,-0.7879767,-0.7974388,-0.78730065,-0.78618807,-0.78532046
"122","CD44","CD44","209835_x_at",9860,1.6966025,1.7491295,1.7731602,1.6788718,1.7298231,1.4765233,1.977047,1.013375,1.9671503,1.2377228,1.980537,1.9414482,2.0263643,1.9043794,1.9216405,1.8421271
"756","SLC35A3","SLC35A3","209865_at",9889,0.6788036,0.4284413,0.6710007,0.5030046,0.6112581,0.6783825,0.45686316,0.71336734,0.69143504,0.362923,0.70279926,0.5448515,0.6738937,0.71662796,0.6830943,0.64010155
"56","ATP2C1","ATP2C1","209935_at",9954,2.5166323,1.6583585,1.6481665,1.4848913,1.5357801,1.7893877,3.129951,1.0304964,2.4242523,1.1065335,2.0923953,2.0790563,2.182533,2.308736,2.3853445,2.0154638
"454","MALT1","MALT1","210018_x_at",10035,-0.60766923,-0.6343824,-0.6539517,-0.65785444,-0.5543716,-0.5787207,-0.61046666,-0.64018625,-0.5654064,-0.65680844,-0.59980625,-0.60252506,-0.5477642,-0.5404162,-0.5411121,-0.54783595
"642","PRKCQ","PRKCQ","210039_s_at",10054,-0.6433484,-0.69925207,-0.6956359,-0.5393037,-0.6960045,-0.5888712,-0.7448944,-0.43072742,-0.75213355,-0.6075587,-0.77452016,-0.6976745,-0.7653511,-0.75430316,-0.7629235,-0.75161374
"461","MAPK13","MAPK13","210059_s_at",10072,-0.67483765,-0.7232117,-0.71151525,-0.72921693,-0.6926955,-0.64941615,-0.5940051,-0.87818044,-0.5385229,-0.8761215,-0.581035,-0.6566192,-0.55408263,-0.51971805,-0.5047036,-0.59388196
"931","ZNF589","ZNF589","210062_s_at",10075,-0.7034741,-0.7275783,-0.7021504,-0.71616155,-0.66087294,-0.6706702,-0.72251266,-0.7244629,-0.6827058,-0.7656743,-0.6816433,-0.7067746,-0.6787912,-0.68581194,-0.68630457,-0.6695782
"492","MPZL1","MPZL1","210087_s_at",10098,1.1802053,0.94429463,1.2494949,1.1548514,1.1743158,1.2780564,1.1362549,1.4316549,1.1561286,0.8304108,1.1577908,1.095576,1.174239,1.217196,1.166058,1.1625816
"476","ME2","ME2","210154_at",10160,-0.43190834,-0.35486615,-0.27896622,-0.29300812,-0.3866844,-0.23524994,-0.46074525,-0.2550561,-0.4263968,-0.27023262,-0.35732567,-0.3639132,-0.44390106,-0.41424188,-0.43898693,-0.4147943
"579","PCMT1","PCMT1","210156_s_at",10162,-0.69143456,-0.60455316,-0.5996473,-0.5898166,-0.68596464,-0.6155804,-0.71040833,-0.7664131,-0.68137026,-0.55919296,-0.6589009,-0.6294041,-0.68458384,-0.6814477,-0.6881779,-0.6796804
"168","CNOT4","CNOT4","210203_at",10208,-0.6155268,-0.71638006,-0.6736027,-0.6833576,-0.61907196,-0.64430803,-0.57656753,-0.7223394,-0.5819942,-0.7751324,-0.61675954,-0.6382634,-0.59341073,-0.5772382,-0.5735144,-0.5994025
"925","ZMYM2","ZMYM2","210281_s_at",10279,-0.16765422,-0.28991783,-0.14465179,-0.33353692,-0.12401225,-0.16817968,-0.30640572,-0.13173914,-0.108748145,-0.35211486,-0.14585519,-0.23837557,-0.14370051,-0.11015944,-0.107822806,-0.08472274
"373","HSPA8","HSPA8","210338_s_at",10334,-0.05310823,-0.0011083762,0.0046675187,0.030010693,0.1393681,0.053762496,-0.07088921,-0.04752002,-0.0022664554,-0.06465896,-0.01559028,-0.0016528646,0.00499232,-0.007897617,0.0018152102,0.046868604
"317","GATA2","GATA2","210358_x_at",10353,-0.6324572,-0.6296793,-0.62199825,-0.6688984,-0.63444066,-0.6423282,-0.6017801,-0.6753246,-0.5969202,-0.6764673,-0.5960999,-0.632638,-0.59384793,-0.59487,-0.58304423,-0.5971018
"166","CLTC","CLTC","210498_at",10484,-0.62064815,-0.62759936,-0.5674264,-0.60214436,-0.6164337,-0.57523245,-0.5683703,-0.56200415,-0.5633394,-0.6537804,-0.5702041,-0.5861665,-0.5513154,-0.57001334,-0.55778694,-0.53559226
"131","CDK1","CDK1","210559_s_at",10540,1.1683062,1.0363683,0.9843588,0.86081123,1.0088677,0.88084364,1.2776973,0.7232901,1.3081006,0.7717247,1.3551105,1.1469475,1.3327966,1.339461,1.3437959,1.2117854
"463","MAPK9","MAPK9","210570_x_at",10549,0.40599686,0.1987952,0.35851452,0.23382497,0.37055713,0.3428326,0.27772647,0.47727063,0.42455733,0.07591267,0.4153173,0.2882532,0.40158296,0.40606508,0.4034468,0.43165606
"688","RAP1GAP","RAP1GAP","210618_at",10593,-0.41302913,-0.31690848,-0.25658175,-0.37730205,-0.43277586,-0.28656632,-0.41620955,-0.37599313,-0.43872136,-0.19759655,-0.3855184,-0.42003804,-0.42735034,-0.4354327,-0.42757714,-0.39939204
"301","FOXO3","FOXO3","210655_s_at",10629,-0.80345607,-0.7847705,-0.8119779,-0.8321066,-0.75803876,-0.8438733,-0.78442633,-0.8583107,-0.7946392,-0.8042847,-0.7989082,-0.8099676,-0.7957207,-0.80380136,-0.7941604,-0.7796057
"832","TFAP2A","TFAP2A","210669_at",10642,-0.6377909,-0.66098493,-0.6390884,-0.52109647,-0.60768354,-0.5063909,-0.7079666,-0.5165021,-0.72029305,-0.6089316,-0.7296284,-0.64838654,-0.74898195,-0.7320685,-0.73245263,-0.70163697
"649","PSIP1","PSIP1","210758_at",10725,-0.8065123,-0.84866583,-0.83611065,-0.8589719,-0.81439203,-0.8497812,-0.81230015,-0.79806405,-0.8060328,-0.8561596,-0.8153569,-0.82823974,-0.8058568,-0.8089201,-0.8048003,-0.8059652
"851","TMCO1","TMCO1","210768_x_at",10732,-0.6465482,-0.29377335,-0.39675286,-0.39347965,-0.41107517,-0.39375344,-0.6026848,-0.7083802,-0.4792049,-0.21626978,-0.43965563,-0.39895952,-0.4459825,-0.43622833,-0.45219168,-0.46135375
"200","CYB561","CYB561","210816_s_at",10777,-0.8253196,-0.7898486,-0.8422294,-0.8587082,-0.8319704,-0.8293106,-0.7662903,-0.88370514,-0.82627344,-0.79608923,-0.8363539,-0.8270756,-0.8220016,-0.8178479,-0.81635195,-0.82203525
"270","ERBB2","ERBB2","210930_s_at",10877,-0.765616,-0.7706808,-0.740413,-0.7786402,-0.6870461,-0.7572186,-0.78985286,-0.86360824,-0.7569459,-0.77700746,-0.7715743,-0.7781409,-0.7701048,-0.76021236,-0.76343745,-0.7434295
"290","FDFT1","FDFT1","210950_s_at",10896,-0.78163743,-0.777792,-0.69469243,-0.7571967,-0.78070384,-0.79404587,-0.7399617,-0.7244322,-0.763882,-0.80782986,-0.73499256,-0.7706638,-0.77301246,-0.76348037,-0.76860577,-0.77958953
"97","CASP10","CASP10","210955_at",10901,-0.31167835,-0.54872644,-0.39392456,-0.38809967,-0.3010873,-0.49421334,-0.48193178,-0.15168738,-0.4179269,-0.65701264,-0.40566245,-0.40878007,-0.44016293,-0.4598864,-0.47311604,-0.4306448
"47","ASAH1","ASAH1","210979_at",10924,-0.24612898,-0.33218563,-0.34873986,-0.42956698,-0.38804886,-0.352066,-0.21383438,-0.2713312,-0.24793811,-0.43896607,-0.26492262,-0.33863568,-0.20646146,-0.20062234,-0.20066395,-0.21305995
"513","NCK1","NCK1","211063_s_at",11002,-0.2005707,0.0873551,0.24975815,0.18511412,-0.011590038,0.1083053,-0.1410279,0.2777125,-0.2604686,0.27498886,-0.0798716,-0.099852316,-0.26053295,-0.22769114,-0.22369619,-0.24233247
"403","INTS3","INTS3","211132_at",11070,-0.36293605,-0.48547626,-0.42709264,-0.445904,-0.54631406,-0.42257446,-0.4505837,-0.31927973,-0.40314654,-0.51254135,-0.4040658,-0.43090537,-0.41956913,-0.42165926,-0.417583,-0.4219514
"268","EPHB2","EPHB2","211165_x_at",11101,0.6810583,0.28163666,0.49956974,0.26169407,0.72677004,0.5554978,0.9184472,0.0050616837,0.78928053,-0.03457338,0.74329466,0.5285561,0.85640824,0.870912,0.92115784,0.78736967
"421","KDM5B","KDM5B","211202_s_at",11137,-0.5079044,-0.5130406,-0.5249614,-0.549417,-0.53053856,-0.52076226,-0.5086536,-0.56165785,-0.4817488,-0.5499398,-0.48664507,-0.5073874,-0.48927605,-0.48127642,-0.48399603,-0.47441548
"96","CASK","CASK","211208_s_at",11142,-0.72732204,-0.74447244,-0.74297476,-0.75892794,-0.73931056,-0.7300971,-0.73178554,-0.69800746,-0.71858525,-0.75975907,-0.72955936,-0.73539406,-0.7186347,-0.7145389,-0.724039,-0.7247142
"36","APP","APP","211277_x_at",11203,-0.8583731,-0.90572864,-0.9018785,-0.8852504,-0.868644,-0.8798197,-0.89270324,-0.88104635,-0.8523785,-0.9312633,-0.87176144,-0.8651418,-0.86117786,-0.856133,-0.8593876,-0.85412353
"683","RAE1","RAE1","211319_at",11231,-0.8213652,-0.8668841,-0.84999317,-0.88843185,-0.8192166,-0.84805036,-0.84767485,-0.88597333,-0.8116359,-0.8948217,-0.82409257,-0.85021955,-0.81621283,-0.8069727,-0.8156851,-0.8090933
"497","MSH6","MSH6","211449_at",11349,-0.52068675,-0.54133826,-0.47623762,-0.5099537,-0.36169958,-0.4350898,-0.60119605,-0.335517,-0.43517184,-0.5544499,-0.46285504,-0.48089173,-0.43168697,-0.438634,-0.45041084,-0.4186951
"522","NFKB2","NFKB2","211524_at",11420,-0.5840561,-0.94586295,-0.7893538,-0.8560847,-0.9047515,-0.7498164,-0.75453866,-0.73362714,-0.60415876,-1.1150801,-0.7137943,-0.69378746,-0.6936594,-0.68570876,-0.69948256,-0.6956456
"770","SNCA","SNCA","211546_x_at",11440,-0.6743228,-0.6934347,-0.72259396,-0.71100813,-0.7044918,-0.70868796,-0.6644734,-0.7844415,-0.6540163,-0.7216007,-0.6759004,-0.668216,-0.660975,-0.64607626,-0.6452382,-0.6722815
"255","EGFR","EGFR","211551_at",11445,1.2326603,1.0542095,1.1205382,1.1435667,1.0439306,1.1500776,1.160674,1.1007996,1.1661837,1.0622485,1.1909628,1.1337094,1.2112186,1.190142,1.1254025,1.1099579
"820","TBXA2R","TBXA2R","211590_x_at",11484,1.3342358,1.1648772,1.1475902,0.9968837,1.3132744,1.2270306,1.1155057,1.2673117,1.1867993,1.1467178,1.1567817,1.097738,1.12823,1.1528924,1.0957592,1.180122
"467","MAST2","MAST2","211593_s_at",11487,-0.41449618,-0.41412613,-0.48910356,-0.37998816,-0.4567425,-0.39723238,-0.32463685,-0.42195675,-0.41259807,-0.39816177,-0.4470014,-0.3882437,-0.40112624,-0.40864578,-0.4024285,-0.42229557
"654","PSMD4","PSMD4","211609_x_at",11502,0.74421215,1.4391083,1.1305405,1.3933171,1.3369775,1.0673399,0.6732007,1.1300046,0.66116214,1.6646712,0.84283215,0.9969019,0.7589198,0.691385,0.6931911,0.7727749
"396","IL13RA1","IL13RA1","211612_s_at",11505,0.005536993,-0.059998825,-0.022024617,0.047848076,-0.056656893,0.044637397,0.24028358,0.004415107,-0.036538694,-0.09958922,-0.019268965,-0.033080272,-0.06803448,-0.021082766,-0.020890333,-0.13670424
"132","CDK19","CDK19","211706_s_at",11595,-0.4394855,-0.43362382,-0.4269581,-0.4615263,-0.43294957,-0.46481565,-0.48245022,-0.52458215,-0.40859747,-0.4500425,-0.4149002,-0.42001784,-0.42755422,-0.4218133,-0.41886523,-0.4091382
"350","HDAC6","HDAC6","211722_s_at",11610,0.5966712,0.1619029,0.020429883,-0.05358201,0.36002678,0.040897045,0.6094312,0.39609814,0.49306244,-0.17117545,0.29092193,0.17885014,0.44056517,0.43672952,0.4195191,0.42160597
"123","CD58","CD58","211744_s_at",11629,0.8408167,0.526967,0.67845434,0.59470195,0.28079256,0.5501241,0.84175426,0.59220946,0.86938184,0.293735,0.8602448,0.7428448,0.81492245,0.8129148,0.8108907,0.73767287
"133","CDK2","CDK2","211803_at",11681,0.4699372,0.25933662,0.030664373,0.26495227,0.1474523,0.056852344,0.48384473,-0.011016439,0.3584796,0.19732523,0.24200338,0.4013575,0.34530467,0.30754694,0.31118265,0.2982926
"337","GPER1","GPER1","211829_s_at",11707,-0.29496548,-0.35994422,-0.1754638,-0.5288828,-0.27364135,-0.24893321,-0.3525067,-0.5795165,-0.14170022,-0.5696959,-0.12752818,-0.31636035,-0.1610482,-0.11514945,-0.14439027,-0.08047424
"66","BAX","BAX","211833_s_at",11711,0.9621737,0.81630754,1.0266151,0.9741418,1.2679578,1.1412683,0.4620854,1.3856246,1.0656568,0.7808128,1.1675179,0.9587064,1.1720251,1.1163841,1.1026496,1.2064946
"82","BRCA1","BRCA1","211851_x_at",11727,-0.22215202,-0.42875057,-0.3271774,-0.3118894,-0.2943371,-0.25171274,-0.40542957,-0.22954594,-0.18162434,-0.564849,-0.22644636,-0.27845758,-0.18292809,-0.19795896,-0.19419397,-0.2132075
"750","SLC25A14","SLC25A14","211855_s_at",11729,0.23905045,0.3168172,0.19203629,0.12076389,0.11658386,0.049145978,0.3124597,-0.24226372,0.3485451,0.2734854,0.30950636,0.30720857,0.35750943,0.35082513,0.33839753,0.32767236
"920","YME1L1","YME1L1","211902_x_at",11772,-0.2596791,-0.18475144,-0.23632532,-0.2358584,-0.14876296,-0.26011276,-0.21995641,-0.38031343,-0.22487457,-0.14432232,-0.22090167,-0.22596379,-0.2223288,-0.22175308,-0.21673794,-0.22083843
"102","CAT","CAT","211922_s_at",11791,0.2978129,0.1874207,0.22959912,0.07295572,0.30326003,0.21950631,0.36015964,-0.007363656,0.35013008,0.03530767,0.3237406,0.22387175,0.3542463,0.36813006,0.37777725,0.33987105
"533","NOLC1","NOLC1","211949_s_at",11818,0.03934718,-0.16182396,-0.25400376,-0.13869329,-0.18473864,-0.14164397,0.044475183,-0.070222735,0.06821583,-0.33752608,-0.0328418,-0.008728065,0.033867855,0.060319178,0.044793785,0.02857751
"203","DAG1","DAG1","212128_s_at",11984,0.323496,0.39361897,0.42203578,0.42560065,0.41855988,0.46083504,0.3299157,0.2811999,0.37101316,0.52919614,0.377523,0.4109708,0.3741085,0.38817182,0.37488982,0.33646262
"584","PDS5A","PDS5A","212138_at",11994,-0.26684603,0.0694759,-0.048900645,-0.07496747,-0.018920401,-0.046645198,-0.24387902,-0.22115067,-0.19190288,0.286866,-0.17758614,-0.10998306,-0.18319668,-0.17720725,-0.17453066,-0.15974452
"855","TMEM97","TMEM97","212279_at",12127,0.34129485,0.048902255,0.48749647,0.1421514,0.47195995,0.43897095,0.36238945,0.07525221,0.57604563,-0.29489604,0.62204087,0.23873745,0.7038492,0.6304963,0.6748223,0.50891656
"852","TMED10","TMED10","212352_s_at",12192,-0.047242958,-0.09062944,0.0109381275,-0.16748494,0.014684898,0.028712476,-0.17652868,-0.09611423,0.0679065,-0.12700066,0.041589417,-0.06342414,0.06949871,0.07193797,0.05225214,0.09836908
"785","SPRED2","SPRED2","212466_at",12295,-0.7440592,-0.7406085,-0.7885913,-0.76836985,-0.82493275,-0.78727704,-0.7506041,-0.8106779,-0.74016505,-0.7512017,-0.7411701,-0.7398515,-0.74659216,-0.7395135,-0.7466358,-0.74471337
"462","MAPK1IP1L","MAPK1IP1L","212497_at",12323,-0.026258059,0.04091093,0.014503962,0.073106416,0.07947244,-0.018385036,-0.051859405,0.00024694813,-0.042137004,0.089153074,-0.019461626,0.025523027,-0.03785698,-0.036555592,-0.047555458,-0.040393945
"797","STAT5B","STAT5B","212550_at",12372,-0.66903806,-0.6657531,-0.6544864,-0.70177144,-0.70440656,-0.65612197,-0.5916017,-0.83679086,-0.624034,-0.70033246,-0.63834006,-0.6723398,-0.6234506,-0.61142516,-0.6107359,-0.6358567
"101","CAST","CAST","212580_at",12400,0.8977856,0.680005,0.70882875,0.7560566,0.77105993,0.61362934,0.7216732,0.7066285,0.8385405,0.5331439,0.8534428,0.7858768,0.7957293,0.78148633,0.7865146,0.749701
"666","PTPRC","PTPRC","212588_at",12408,-0.78901196,-0.82960016,-0.83607644,-0.87900484,-0.791739,-0.8342828,-0.76667756,-0.9236146,-0.7849531,-0.85770684,-0.8105759,-0.83644843,-0.78732795,-0.7856785,-0.78898543,-0.7789747
"748","SLC1A4","SLC1A4","212810_s_at",12606,0.23450702,0.06805564,0.1840644,0.022726707,-0.015871681,0.09870843,0.3192657,-0.17673066,0.24663216,-0.08951642,0.25320885,0.16066669,0.2137546,0.23018315,0.25077742,0.20650426
"720","RRP1B","RRP1B","212844_at",12635,-0.36356902,-0.465425,-0.4265053,-0.4345679,-0.34091014,-0.3748985,-0.3726174,-0.5657243,-0.32840237,-0.54773355,-0.36921683,-0.38442686,-0.3197229,-0.31885743,-0.3147208,-0.33104488
"207","DCUN1D4","DCUN1D4","212855_at",12642,-0.61049414,-0.72384495,-0.68943954,-0.7435783,-0.6158672,-0.69174856,-0.6236005,-0.7415499,-0.6026212,-0.79792076,-0.6406063,-0.6887647,-0.6087036,-0.6046755,-0.60849935,-0.5971222
"34","APBB2","APBB2","212985_at",12757,1.0284775,0.47317246,0.7383719,0.5132469,0.64333504,0.73818636,1.0091145,0.733967,1.1523039,-0.014992331,1.1161414,0.8016963,1.2995011,1.1892885,1.162284,0.9765302
"847","TLK2","TLK2","212986_s_at",12758,2.3629932,1.8879119,2.1615818,1.808304,2.1867394,1.9184902,2.4901986,1.7790731,2.2686846,1.6572555,2.2727673,2.161201,2.2673292,2.2943983,2.2719133,2.2115507
"142","CEBPD","CEBPD","213006_at",12776,-0.6234593,-0.6446017,-0.68899906,-0.689524,-0.63204783,-0.70153344,-0.5505967,-0.7400446,-0.63695145,-0.68723387,-0.6516437,-0.65706784,-0.6386415,-0.64242023,-0.6402466,-0.6332071
"189","CSNK1A1","CSNK1A1","213086_s_at",12856,3.5552986,3.8486233,2.777977,3.898982,2.9258833,3.3116994,3.680398,4.1406736,2.9510345,4.654871,2.5549858,3.5816097,2.8277812,2.8613784,2.7295818,2.9106197
"111","CCNA2","CCNA2","213226_at",12983,0.11299521,0.22509646,0.18442397,0.21099757,-0.044149123,0.037579358,0.109957054,0.29940623,0.11726958,0.34004125,0.17885247,0.19094424,0.08747789,0.11061321,0.117658615,0.08328001
"863","TP53BP1","TP53BP1","213266_at",13021,0.10641242,0.38645995,0.36853984,0.28483284,0.31267613,0.3190235,0.1797387,0.09881588,0.30415118,0.4046164,0.32885784,0.34189305,0.32702705,0.3301445,0.31911993,0.32182458
"519","NFATC4","NFATC4","213345_at",13096,-0.8117245,-0.78457445,-0.80421865,-0.70182943,-0.75996286,-0.7595872,-0.8313762,-0.68710923,-0.8088665,-0.78106207,-0.8108001,-0.7733264,-0.79972464,-0.7956283,-0.8018957,-0.78982836
"726","S100A13","S100A13","213481_at",13226,2.697993,2.7403064,2.9206717,2.502354,2.5663028,2.870484,2.531378,3.0547862,2.980483,2.7178125,2.9716196,2.8017182,3.0751743,3.062984,2.934398,3.089465
"314","GADD45B","GADD45B","213560_at",13304,-0.5076939,-0.6621801,-0.5955653,-0.5139566,-0.5678914,-0.48747945,-0.5012208,-0.6049783,-0.5686908,-0.70846474,-0.5901486,-0.58247375,-0.58657265,-0.5784669,-0.56235236,-0.5996569
"680","RAC2","RAC2","213603_s_at",13346,-0.40022027,-0.46987617,-0.42993975,-0.45036632,-0.3990541,-0.369737,-0.43739545,-0.36931995,-0.39705867,-0.5056162,-0.42667097,-0.43569764,-0.4155859,-0.3819028,-0.39540154,-0.39661348
"265","ENOSF1","ENOSF1","213645_at",13388,-0.062223766,-0.024665087,-0.06442519,-0.14240685,-0.095835775,-0.10787308,0.08274045,-0.06849805,-0.008665334,-0.049918603,-0.0430357,-0.03724906,-0.029493775,-0.012814369,-0.009029421,-0.017991953
"504","MUC1","MUC1","213693_s_at",13434,0.19845961,0.57596284,0.47748286,0.7992009,0.378455,0.6640151,0.25455704,0.51192117,0.227092,0.8360183,0.19642055,0.5008712,0.21431151,0.25040025,0.2407294,0.2578933
"892","UBE3B","UBE3B","213822_s_at",13557,-0.34907338,-0.37811708,-0.38967037,-0.39624947,-0.35707283,-0.380868,-0.3586455,-0.4923769,-0.34249505,-0.40725085,-0.35870603,-0.36700246,-0.3432735,-0.34040233,-0.34650126,-0.3458468
"219","DHRS7","DHRS7","213868_s_at",13601,-0.5063715,-0.5482041,-0.54183096,-0.5708502,-0.4856538,-0.48527804,-0.47446954,-0.5020986,-0.48897055,-0.5729279,-0.51287836,-0.517023,-0.48101002,-0.47471502,-0.46731827,-0.47528684
"358","HMG20B","HMG20B","213966_at",13695,-0.5226507,-0.478234,-0.6262274,-0.5473064,-0.44409728,-0.5478991,-0.5405225,-0.57888067,-0.37993395,-0.5103575,-0.45846447,-0.41154268,-0.38590762,-0.38961512,-0.37142038,-0.36457115
"908","VGLL4","VGLL4","214004_s_at",13732,-0.19737898,-0.25881907,-0.11667242,-0.15860778,-0.13454203,-0.0975605,-0.26530716,0.035624694,-0.24912862,-0.16287291,-0.24077848,-0.24835849,-0.22999068,-0.23023784,-0.22663893,-0.20929879
"410","ITGB5","ITGB5","214020_x_at",13748,-0.355047,-0.3526162,-0.3262434,-0.33965656,-0.33614975,-0.30245018,-0.4491715,-0.2516703,-0.36269215,-0.31385404,-0.37045664,-0.36278343,-0.3763343,-0.37266615,-0.38247672,-0.3682867
"578","PCM1","PCM1","214118_x_at",13838,-0.03902674,-0.1656819,-0.24103734,-0.26930103,-0.14744167,-0.2470183,-0.054420054,-0.36550635,-0.0016935397,-0.28286877,-0.08930281,-0.14174435,-0.019296357,-0.012909504,-0.0046780664,0.032585613
"42","ARID4B","ARID4B","214139_at",13859,-0.40079406,-0.18219738,-0.085576035,-0.15413515,-0.1797513,-0.100859694,-0.35728106,-0.2477807,-0.25231266,-0.13636047,-0.1846015,-0.19763999,-0.2623873,-0.24313584,-0.23285757,-0.24266441
"736","SDHB","SDHB","214166_at",13886,2.3751585,1.8615667,1.7904973,1.7316831,1.8607215,2.0291243,2.5283573,1.3163002,2.3909626,1.6733385,2.1969895,2.1173117,2.4815984,2.420969,2.404492,2.2778208
"777","SOX2","SOX2","214178_s_at",13898,-0.14535345,0.19052416,0.52582383,0.48131365,0.31624788,0.5308624,-0.48688185,0.8061603,-0.32778215,0.660206,-0.046230536,-0.052494567,-0.318211,-0.24570017,-0.26639953,-0.22431023
"875","TRIM2","TRIM2","214248_s_at",13967,-0.22529617,-0.4446722,-0.5077361,-0.34505117,-0.33787692,-0.48564938,-0.1462232,-0.25118315,-0.4113567,-0.48048487,-0.46610606,-0.36513853,-0.4301204,-0.43990052,-0.42997327,-0.41788608
"394","IKBKE","IKBKE","214398_s_at",14114,-0.63981485,-0.62880456,-0.6152873,-0.5800515,-0.58275455,-0.62490964,-0.66057855,-0.6823816,-0.6243569,-0.64535874,-0.6186843,-0.62409157,-0.63113445,-0.6351788,-0.6249692,-0.62173456
"781","SPDEF","SPDEF","214403_x_at",14119,-0.4161497,-0.45472425,-0.45200107,-0.41786623,-0.44181293,-0.4503955,-0.3951835,-0.48534876,-0.39716053,-0.5026182,-0.4060126,-0.40029362,-0.40081403,-0.4038736,-0.40977147,-0.42014077
"524","NFKBIB","NFKBIB","214448_x_at",14161,-0.8480922,-0.84540176,-0.82854927,-0.8471084,-0.8302666,-0.83850276,-0.83997786,-0.84989977,-0.83671284,-0.86417156,-0.83172387,-0.8459786,-0.8336203,-0.8334713,-0.82681125,-0.82397443
"415","KAT6B","KAT6B","214496_x_at",14208,-0.37244794,-0.34307575,-0.34042042,-0.2614318,-0.42173985,-0.3364429,-0.31204638,-0.28133798,-0.41646394,-0.31573704,-0.39363778,-0.32677805,-0.40969074,-0.41163087,-0.40863487,-0.39416623
"46","ARPP19","ARPP19","214553_s_at",14265,1.8181559,1.4291421,1.3266969,2.0409074,1.9180164,1.5205694,1.6225603,1.284532,2.0150232,0.68582475,1.7728299,1.9346366,2.0003357,1.8867792,1.9402258,2.0091414
"567","PAICS","PAICS","214664_at",14372,-0.4078318,-0.41974708,-0.520688,-0.48571166,-0.44354656,-0.47551176,-0.29974902,-0.48223773,-0.34761596,-0.4660944,-0.37466785,-0.38034526,-0.31667814,-0.32488695,-0.32149228,-0.33953556
"158","CHP1","CHP1","214665_s_at",14373,0.22815467,0.16646805,0.2233778,0.4094344,0.1998966,0.27081516,0.15564899,0.120020896,0.23714818,0.20112017,0.24168482,0.30703962,0.22376202,0.24004021,0.22554205,0.19622082
"432","KTN1","KTN1","214709_s_at",14417,-0.63403773,-0.72869503,-0.72290415,-0.7044964,-0.66533184,-0.619697,-0.64294046,-0.37922445,-0.6539682,-0.7353596,-0.68045324,-0.6938286,-0.66263664,-0.63646114,-0.64555544,-0.6375736
"197","CTTN","CTTN","214782_at",14487,-0.10892932,-0.45281762,-0.24924475,-0.48981786,-0.17753473,-0.26168883,-0.22749189,-0.2839635,-0.10055474,-0.5480129,-0.14482002,-0.33183843,-0.10224978,-0.07035945,-0.111839615,-0.08785901
"737","SENP6","SENP6","214790_at",14495,-0.03876675,0.023865143,0.1145259,0.112584814,0.06498192,0.09909679,-0.19175711,0.13570711,-0.1072578,0.13207956,-0.04411528,-0.03714141,-0.114232905,-0.0930201,-0.10173591,-0.06993753
"744","SHC1","SHC1","214853_s_at",14557,-0.32840994,-0.11797062,-0.24734104,-0.0988876,-0.032261226,-0.20052788,-0.1542553,-0.18460035,-0.3341886,-0.110806264,-0.32561323,-0.24069312,-0.29717243,-0.34067622,-0.29105058,-0.2993979
"287","FBXO21","FBXO21","214891_at",14595,0.94339526,1.1488888,1.1944188,0.8514242,1.0468663,1.1461307,0.7600359,1.0160941,1.1140865,1.3907846,1.1187451,1.0036032,1.0385405,1.102599,1.1426336,1.1529496
"58","ATP6V1D","ATP6V1D","214923_at",14627,-0.49276116,-0.5764206,-0.5289341,-0.62798405,-0.54932207,-0.5431253,-0.51224774,-0.5832476,-0.47817314,-0.65347433,-0.47645122,-0.5483635,-0.48096737,-0.46178147,-0.4701983,-0.4652458
"693","RBM34","RBM34","214942_at",14646,-0.3337111,-0.3373989,-0.31214714,-0.27000973,-0.35058728,-0.30118427,-0.36577556,-0.28992963,-0.3714939,-0.32543278,-0.36369088,-0.34200415,-0.38134128,-0.3748807,-0.37754777,-0.37778756
"667","PTPRF","PTPRF","215066_at",14768,-0.70287484,-0.7010824,-0.6669442,-0.6781581,-0.64679337,-0.70886093,-0.7258018,-0.64965165,-0.73922527,-0.73414457,-0.7140966,-0.74140966,-0.73279035,-0.75498635,-0.7491172,-0.7226126
"453","MACF1","MACF1","215222_x_at",14921,0.37290993,0.88166,0.99424344,1.0931449,0.5679696,0.9646425,0.12406158,1.3741903,0.28570235,1.3734217,0.51704156,0.6487192,0.3280081,0.31891814,0.32296953,0.37479356
"639","PRKAG2","PRKAG2","215231_at",14930,0.35517082,0.3486413,0.15097955,0.35060582,0.55754393,0.23259898,0.47404525,0.34644988,0.46314234,0.2518201,0.37182188,0.4466773,0.50333893,0.4942927,0.47988433,0.52259284
"569","PAK4","PAK4","215326_at",15024,-0.4961308,-0.51932395,-0.4943789,-0.597704,-0.32701188,-0.4249817,-0.47092474,-0.5228592,-0.42475107,-0.5712448,-0.45066223,-0.52098966,-0.4248918,-0.4036843,-0.40225318,-0.40483776
"121","CD40","CD40","215346_at",15044,-0.044611607,0.11548267,0.0095157,0.23798306,0.09741844,-0.031633195,0.0397097,-0.014723855,-0.1410914,0.08681452,-0.12855728,-0.011071864,-0.08593312,-0.156775,-0.15097602,-0.113196276
"598","PIK3C3","PIK3C3","215394_at",15092,-0.3578093,-0.60542274,-0.623875,-0.5374325,-0.50480396,-0.5562641,-0.3321441,-0.5209798,-0.43963853,-0.7084786,-0.5078843,-0.52192986,-0.4687394,-0.4712125,-0.4577828,-0.4987642
"420","KDM5A","KDM5A","215698_at",15392,-0.8154698,-0.83265334,-0.8355029,-0.8135723,-0.8161074,-0.8044145,-0.8189615,-0.80635697,-0.802528,-0.82155454,-0.8181685,-0.810866,-0.80850315,-0.80524564,-0.8035372,-0.7997728
"446","LRRC41","LRRC41","215765_at",15459,0.54418886,0.7305512,0.5981651,0.580203,0.87079114,0.6401743,0.51670116,0.4971272,0.5337088,0.78488046,0.4750764,0.53557783,0.51826686,0.51441133,0.5032703,0.56289154
"731","SCARB1","SCARB1","215835_at",15529,-0.41627312,-0.600713,-0.5693675,-0.53720766,-0.38496453,-0.49945122,-0.44789374,-0.51214135,-0.478699,-0.5821547,-0.52565634,-0.5289513,-0.48963028,-0.48608765,-0.49224794,-0.4706679
"204","DAXX","DAXX","216038_x_at",15727,-0.3534937,-0.4051114,-0.41230443,-0.45442796,-0.34856942,-0.3808477,-0.33854163,-0.47331837,-0.2902778,-0.47730502,-0.32179186,-0.3581505,-0.27873003,-0.29375914,-0.28058925,-0.3042139
"458","MAP3K4","MAP3K4","216199_s_at",15888,-0.7334488,-0.719138,-0.6980404,-0.7108828,-0.7330867,-0.69983554,-0.71472406,-0.79155016,-0.69839746,-0.7329315,-0.6948083,-0.6925248,-0.69828606,-0.687626,-0.6943569,-0.70532614
"638","PRKACA","PRKACA","216234_s_at",15923,-0.11302759,0.017009985,-0.015470583,0.14827569,-0.12003219,0.11097099,-0.23293783,0.19989009,-0.26001492,0.2815574,-0.20018186,-0.11663303,-0.24429242,-0.2456681,-0.276681,-0.27458724
"457","MAP2K5","MAP2K5","216435_at",16119,-0.43688637,-0.49403718,-0.40135795,-0.4272195,-0.4425221,-0.44014415,-0.43601528,-0.45254007,-0.4242986,-0.53431684,-0.408728,-0.44615194,-0.43276456,-0.42699388,-0.4347401,-0.43409973
"601","PIK3R4","PIK3R4","216752_at",16432,-0.6669413,-0.767713,-0.7833322,-0.79713047,-0.6263092,-0.7349462,-0.73583704,-0.7855991,-0.65134126,-0.7980842,-0.6667208,-0.6879998,-0.6334117,-0.6294118,-0.6524717,-0.64600706
"719","RRP12","RRP12","216909_at",16588,0.19932625,0.1370523,0.14621998,0.19775154,-0.061471466,0.063506916,0.20225553,0.07771634,0.023827203,0.24916354,0.060514934,0.11774654,-0.00243117,0.0092998855,0.0058184694,0.00078978005
"664","PTPN12","PTPN12","216915_s_at",16593,0.012362137,-0.020207487,0.050316114,0.081596605,0.18401775,0.017372057,-0.1300774,-0.06504498,0.09233897,-0.07246754,0.04842824,0.07007024,0.052842278,0.06306471,0.042852644,0.09446705
"39","ARHGAP1","ARHGAP1","217153_at",16826,0.24879293,0.19714205,0.27855194,0.20643677,0.18781099,0.29409787,0.4159971,0.040206812,0.306152,0.13742132,0.2905205,0.26606572,0.29506564,0.3495208,0.35519665,0.28718218
"759","SLC37A4","SLC37A4","217289_s_at",16959,-0.27315646,-0.36939314,-0.31641325,-0.44535533,-0.35861224,-0.29022232,-0.31008744,-0.32957602,-0.21786465,-0.4238719,-0.2668219,-0.3529973,-0.22967796,-0.21552576,-0.2057309,-0.20926324
"51","ATF6","ATF6","217550_at",17216,-0.027432863,-0.03327189,0.14040747,0.029923443,0.19701049,0.14917922,-0.18580589,0.03938138,0.03776276,-0.06998982,0.10368112,0.009225879,0.050423037,0.059776604,0.04858864,0.022373512
"765","SMC1A","SMC1A","217555_at",17221,0.020164065,-0.020442147,-0.033686217,-0.075062364,-0.10619235,-0.10673414,0.055091806,-0.13335453,0.017988918,-0.1154098,0.023111349,0.0077779624,0.0037563338,-0.0130890785,-0.0065442515,-0.0129031325
"537","NPC1","NPC1","217584_at",17250,-0.56231266,-0.5381252,-0.5123296,-0.51579875,-0.53278476,-0.51092374,-0.6142639,-0.5134887,-0.56967807,-0.48678407,-0.5614803,-0.53720796,-0.5581665,-0.5597991,-0.5707378,-0.54531527
"331","GNAS","GNAS","217673_x_at",17339,-0.8084345,-0.8490003,-0.83302885,-0.84092194,-0.7871447,-0.82895553,-0.83244866,-0.81819385,-0.79796296,-0.849642,-0.80972487,-0.821091,-0.804247,-0.7979876,-0.80768454,-0.79393846
"663","PTPN1","PTPN1","217686_at",17352,-0.6470272,-0.6137098,-0.643792,-0.6289856,-0.5954733,-0.6743492,-0.5745136,-0.5390442,-0.65201086,-0.6658818,-0.6524099,-0.64399916,-0.6521052,-0.66515744,-0.6506913,-0.6296126
"678","RAB31","RAB31","217762_s_at",17419,0.073159754,-0.08327116,-0.25832227,-0.1202144,-0.25955677,-0.24334614,0.09717333,0.016172893,-0.06383384,-0.03313048,-0.13229385,-0.04397053,-0.084398925,-0.10177836,-0.09975221,-0.115277134
"919","YKT6","YKT6","217785_s_at",17437,0.112622775,0.17945856,-0.06788881,0.078634486,-0.0047513545,0.0032244474,0.255931,-0.07985926,0.15088554,0.18729615,0.12308737,0.20365156,0.16339687,0.175179,0.18572882,0.12206488
"890","UBE2J1","UBE2J1","217824_at",17472,-0.24390694,-0.17252152,-0.15123051,-0.16337316,-0.18795463,-0.1800062,-0.31448036,-0.18448389,-0.25792933,-0.15268235,-0.21876259,-0.23388182,-0.2581998,-0.25888896,-0.27128437,-0.2456381
"155","CHMP4A","CHMP4A","218572_at",18118,-0.82499963,-0.8220116,-0.8117491,-0.7894853,-0.8245874,-0.7969469,-0.7978849,-0.81290424,-0.79643923,-0.8216461,-0.8063535,-0.79240805,-0.79813457,-0.80016154,-0.79689765,-0.7930413
"641","PRKCH","PRKCH","218764_at",18286,-0.5937595,-0.7695833,-0.6582168,-0.8028642,-0.5900822,-0.63690054,-0.6775857,-0.59170085,-0.5853272,-0.870932,-0.6089241,-0.71798927,-0.60315245,-0.57941943,-0.5923134,-0.575642
"906","VAV3","VAV3","218806_s_at",18323,-0.6294956,-0.75565016,-0.71450657,-0.72414154,-0.7409487,-0.70885473,-0.64784133,-0.65867263,-0.67966026,-0.7950602,-0.6886992,-0.70308685,-0.6603381,-0.67733806,-0.6879125,-0.67268
"52","ATG3","ATG3","220237_at",19670,-0.3471664,-0.1423239,-0.10035674,-0.05392136,-0.23509263,-0.10264467,-0.2976737,-0.23424837,-0.41813308,0.03629295,-0.3356968,-0.26934403,-0.40313882,-0.3955223,-0.39443314,-0.4051587
"395","IKZF1","IKZF1","220704_at",20134,0.15525897,0.60196114,0.13443075,0.42571983,0.33757287,0.16999947,0.37764746,0.022331452,0.22608992,0.89933765,0.12825048,0.4274434,0.24225625,0.22393414,0.24447551,0.22160935
"903","UTP14A","UTP14A","221098_x_at",20517,-0.25285548,-0.29531258,-0.1477641,-0.19567142,-0.2762203,-0.15166844,-0.2710098,-0.19878978,-0.21015412,-0.32063165,-0.17515847,-0.23903076,-0.19329225,-0.19066726,-0.18011932,-0.19570008
"7","ABHD6","ABHD6","221678_at",21071,-0.5502572,-0.62078476,-0.6644522,-0.59321165,-0.6445344,-0.60961026,-0.54121375,-0.609582,-0.5469299,-0.68424606,-0.5740653,-0.5737417,-0.55122703,-0.5443754,-0.5620602,-0.5575944
"162","CLIC4","CLIC4","221881_s_at",21262,-0.11853581,-0.040175445,-0.16516438,-0.085175194,-0.16492395,-0.12688155,-0.043203786,-0.09436133,-0.13134532,0.035778083,-0.15789105,-0.072127,-0.12570257,-0.12260328,-0.12864542,-0.13879591
"274","ETV1","ETV1","221910_at",21290,-0.09156338,-0.25783962,-0.2349804,-0.16996488,-0.21076751,-0.23674917,-0.060857814,-0.23282385,-0.09323636,-0.41687208,-0.09850113,-0.12659633,-0.09627468,-0.10425442,-0.09983775,-0.0986563
"745","SIRT3","SIRT3","221913_at",21293,-0.5797254,-0.81656146,-0.8431242,-0.83113986,-0.7406906,-0.7348273,-0.63628685,-0.5392087,-0.59228903,-0.9162647,-0.6887533,-0.6776794,-0.6108488,-0.5980227,-0.617511,-0.5981129
"819","TBX2","TBX2","221977_at",21356,-0.14441496,-0.19557023,-0.14233692,-0.17007849,-0.17384212,-0.17252009,-0.22881754,-0.17048143,-0.17441116,-0.19544691,-0.18309541,-0.20291087,-0.17742625,-0.18323594,-0.21567924,-0.118409134
"190","CSNK1E","CSNK1E","222015_at",21394,-0.357333,-0.21819991,-0.24457844,-0.25752342,-0.24028584,-0.26680556,-0.43593478,-0.52228886,-0.2724809,-0.146278,-0.2532697,-0.23810998,-0.26918593,-0.2512146,-0.25146738,-0.26743925
"310","G3BP1","G3BP1","222187_x_at",21564,0.69658154,0.8900935,0.875527,1.0841126,0.8955977,0.8516032,0.6653636,0.8986963,0.6240364,1.1400064,0.65232426,0.7682726,0.6533418,0.6140423,0.6361134,0.64553255
"740","SFN","SFN","33322_i_at",21799,-0.40623865,-0.5382192,-0.6203141,-0.622394,-0.64339024,-0.56745327,-0.33344725,-0.3706714,-0.37870663,-0.6644484,-0.4418555,-0.49087524,-0.35218018,-0.37253886,-0.3764892,-0.40167248
"397","IL1B","IL1B","39402_at",21940,-0.5949947,-0.68134826,-0.6148886,-0.63605654,-0.5989373,-0.6230874,-0.6746323,-0.70021224,-0.5328237,-0.77224606,-0.54627013,-0.5903637,-0.5276218,-0.5243658,-0.5394226,-0.51948
"798","STK10","STK10","40420_at",21965,0.45524618,0.7880095,0.49976683,0.743298,0.38580507,0.55654806,0.4382028,0.63670254,0.42037186,1.0522135,0.46074364,0.6220228,0.45041367,0.44528762,0.42527875,0.44641864
"735","SCYL3","SCYL3","41329_at",21983,-0.80665386,-0.8615586,-0.83292973,-0.86437577,-0.83037645,-0.82959026,-0.80238366,-0.84115404,-0.7857715,-0.8942761,-0.7999421,-0.82154214,-0.7825005,-0.7801718,-0.7769285,-0.793012
"691","RBKS","RBKS","57540_at",22125,-0.4562713,-0.10991011,-0.28215307,-0.18214616,-0.39244065,-0.35817453,-0.2940211,-0.42405462,-0.44924644,-0.084142394,-0.37942925,-0.27251476,-0.4235551,-0.43632525,-0.42525586,-0.43376523
"276","EXOSC4","EXOSC4","58696_at",22131,-0.4599235,-0.25234458,-0.32559976,-0.2904987,-0.38675997,-0.3542444,-0.44537306,-0.380434,-0.4349012,-0.10244788,-0.3914272,-0.32501262,-0.43025225,-0.41254184,-0.43044993,-0.41943341
"795","STAT1","STAT1","AFFX-HUMISGF3A/M97935_3_at",22226,-0.8013391,-0.88836193,-0.84031403,-0.8978486,-0.8128558,-0.8178157,-0.84366953,-0.73031425,-0.7797724,-0.9461784,-0.7978296,-0.8140172,-0.77454823,-0.75816023,-0.7663348,-0.78528625
