cid,SMILES,value
51,C(CC(=O)O)C(=O)C(=O)O,0
79,C1=CC(=CN=C1)C#N,0
240,C1=CC=C(C=C1)C=O,0
311,C(C(=O)O)C(CC(=O)O)(C(=O)O)O,0
323,C1=CC=C2C(=C1)C=CC(=O)O2,0
525,C(C(C(=O)O)O)C(=O)O,0
541,C1=CC(=CC=C1C=O)[N+](=O)[O-],0
546,C(C(=O)O)P(=O)(O)O,0
568,C1=CC=C2C(=C1)C3=CC=CC=C3O2,0
594,C(C(C(=O)O)N)S,0
970,C(C(=O)C(=O)O)C(=O)O,0
1080,C(C(C(=O)O)N)SCC(=O)O,0
1123,C(CS(=O)(=O)O)N,0
1174,C1=CNC(=O)NC1=O,0
1201,CCCC1=CC(=O)OC2=C1C3=C(C=CC(O3)(C)C)C4=C2C(C(C(O4)C)C)O,1
1318,C1=CC2=C(C3=C(C=CC=N3)C=C2)N=C1,0
1359,C1=CC=C(C(=C1)C(F)(F)F)N2C=CN=C2,0
1390,CN1C=CN=C1,0
1474,C1=CC=NC(=C1)C2=CC=CC=N2,0
1639,C1=NNC(=N1)N,0
1678,C(C[N+](=O)[O-])C(=O)O,0
1727,C1=CN=CC=C1N,0
1967,CC1=C(C(=O)C(=C(C1=O)C)CCCCC#CCCCC#CCO)C,1
2015,C1=CC=C2C(=C1)C(=O)C3=CC=CC=C3N2,0
2083,CC(C)(C)NCC(C1=CC(=C(C=C1)O)CO)O,0
2155,C1=CSC(=N1)N,0
2199,CC(=O)OC1C(CNC1CC2=CC=C(C=C2)OC)O,1
2374,CC(C)(C)C1=CC(=C(C=C1O)C(C)(C)C)O,1
2447,CC(C)C(C(=O)NC(=O)N)Br,0
2683,CCCCCCCCCCCCCCCC[N+]1=CC=CC=C1,1
2913,CN1CCC(=C2C3=CC=CC=C3C=CC4=CC=CC=C42)CC1,0
3023,C1=CC=C2C(=C1)C3=CC=CC=C3S2,0
3031,C1=CC(=C(C(=C1)Cl)C#N)Cl,0
3036,C1=CC(=CC=C1C(C2=CC=C(C=C2)Cl)C(Cl)(Cl)Cl)Cl,0
3039,COP(=O)(OC)OC=C(Cl)Cl,0
3053,C(CN(CC(=O)O)CC(=O)O)N(CCN(CC(=O)O)CC(=O)O)CC(=O)O,0
3055,C1CCN(CC1)CCCC(C2=CC=CC=C2)(C3=CC=CC=C3)O,0
3305,CC(O)(P(=O)(O)O)P(=O)(O)O,0
3366,C1=NC(=O)NC(=C1F)N,0
3385,C1=C(C(=O)NC(=O)N1)F,0
3599,CCCCCCCCCCCCCCCCOP(=O)([O-])OCC[N+](C)(C)C,1
3610,CCCCCCC1=C(C=C(C=C1)O)O,1
3686,CC1=C(C(=O)C(=C(C1=O)OC)OC)CCCCCCCCCCO,1
3779,CC(C)NCC(C1=CC(=C(C=C1)O)O)O,0
3800,CC1CC(OC(=O)CC(NC(=O)C(N(C(=O)C(NC(=O)C(CC(=C1)C)C)C)C)CC2=C(NC3=CC=CC=C32)Br)C4=CC=C(C=C4)O)C,1
3878,C1=CC(=C(C(=C1)Cl)Cl)C2=C(N=C(N=N2)N)N,0
3902,C1=CC(=CC=C1C#N)C(C2=CC=C(C=C2)C#N)N3C=NC=N3,0
3957,CCOC(=O)N1CCC(=C2C3=C(CCC4=C2N=CC=C4)C=C(C=C3)Cl)CC1,1
4091,CN(C)C(=N)N=C(N)N,0
4211,C1=CC=C(C(=C1)C(C2=CC=C(C=C2)Cl)C(Cl)Cl)Cl,0
4500,CNCCC(C1=CC=CC=C1)OC2=CC=CC=C2OC,0
4674,C(CN)C(O)(P(=O)(O)O)P(=O)(O)O,0
4781,CCCCC1C(=O)N(N(C1=O)C2=CC=CC=C2)C3=CC=CC=C3,0
4788,C1=CC(=CC=C1CCC(=O)C2=C(C=C(C=C2O)O)O)O,1
4806,C1=CC=C(C(=C1)C(=O)NC2=CC=C(C=C2)S(=O)(=O)NC3=NC=CS3)C(=O)O,0
4807,C1=CC=C(C(=C1)C=O)C=O,0
4930,CC(C)NCC(C1=CC2=CC=CC=C2C=C1)O,0
5143,C1=CC=C2C(=C1)C(=O)NS2(=O)=O,0
5335,C1=CC=C(C=C1)N2C(=CC=N2)NS(=O)(=O)C3=CC=C(C=C3)N,0
5336,C1=CC=NC(=C1)NS(=O)(=O)C2=CC=C(C=C2)N,0
5338,C1=CC=C2C(=C1)N=CC(=N2)NS(=O)(=O)C3=CC=C(C=C3)N,0
5340,C1=CC(=CC=C1N)S(=O)(=O)NC2=NC=CS2,0
5430,C1=CC=C2C(=C1)NC(=N2)C3=CSC=N3,0
5546,C1=CC=C(C=C1)C2=NC3=C(N=C(N=C3N=C2N)N)N,0
5576,CC1(C(=O)N(C(=O)O1)C)C,0
5757,C[C@]12CC[C@H]3[C@H]([C@@H]1CC[C@@H]2O)CCC4=C3C=CC(=C4)O,0
5807,CC(C)NCC(C1=CC(=C(C=C1)O)O)O.Cl,0
5815,CNC[C@@H](C1=CC(=C(C=C1)O)O)O.[C@@H]([C@H](C(=O)O)O)(C(=O)O)O,0
5853,COP(=O)(C(C(Cl)(Cl)Cl)O)OC,0
5918,C1=CN=CC(=C1N)N,0
5923,C1=CC(=C(C=C1C(CN)O)O)O.Cl,0
5978,CC[C@@]1(C[C@@H]2C[C@@](C3=C(CCN(C2)C1)C4=CC=CC=C4N3)(C5=C(C=C6C(=C5)[C@]78CCN9[C@H]7[C@@](C=CC9)([C@H]([C@@]([C@@H]8N6C=O)(C(=O)OC)O)OC(=O)C)CC)OC)C(=O)OC)O,1
5984,C([C@H]([C@H]([C@@H](C(=O)CO)O)O)O)O,0
5991,C[C@]12CC[C@H]3[C@H]([C@@H]1CC[C@]2(C#C)O)CCC4=C3C=CC(=C4)O,1
6005,CN1CCC2=C3[C@H]1CC4=C(C3=CC=C2)C(=C(C=C4)O)O,1
6043,C1=CC=C2C(=C1)NC(=O)O2,0
6049,C(CN(CC(=O)O)CC(=O)O)N(CC(=O)O)CC(=O)O,0
6051,C1=CC=C(C=C1)N=NC2=CC=C(C=C2)N,0
6088,CNCCC1=CNC2=CC=CC=C21,0
6167,CC(=O)N[C@H]1CCC2=CC(=C(C(=C2C3=CC=C(C(=O)C=C13)OC)OC)OC)OC,1
6207,C(COCCOCCN(CC(=O)O)CC(=O)O)N(CC(=O)O)CC(=O)O,0
6211,C1C(=O)NC(=O)NC1=O,0
6288,C[C@H]([C@@H](C(=O)O)N)O,0
6294,C1=CC(=CC=C1C(C2=CC=C(C=C2)Cl)C(Cl)Cl)Cl,0
6301,CC1=NC2=C(C=C1)C(=CC(=C2O)Cl)Cl,1
6319,C1=CC=C(C=C1)NC2=CC=C(C=C2)NC3=CC=CC=C3,0
6456,C1=CC=C(C=C1)C(C2=CC=CC=C2)(C3=CC=CC=C3)Cl,0
6479,CC1(C(=O)N(C(=O)N1Br)Br)C,0
6514,C(CS)C(=O)O,0
6525,C#CC1(CCCCC1)O,0
6545,CC(C)(C)OOC(C)(C)CCC(C)(C)OOC(C)(C)C,0
6618,CC(C)(C1=CC(=C(C(=C1)Br)O)Br)C2=CC(=C(C(=C2)Br)O)Br,1
6627,C1=CC=C(C=C1)[Si](C2=CC=CC=C2)(Cl)Cl,0
6634,C1=CC(=CC=C1N)S(=O)(=O)NC2=NN=C(C=C2)Cl,0
6635,C1=CC(=CC=C1OS(=O)(=O)C2=CC=C(C=C2)Cl)Cl,0
6636,C1=CC=C(C=C1)S(=O)(=O)OC2=CC=C(C=C2)Cl,0
6643,CCC(C)(C)C1=CC=C(C=C1)O,1
6673,C1C2C3CC4C(C3C1C5C2O5)O4,0
6678,C1=CC2=C3C(=CC=C4C3=C1C(=O)OC4=O)C(=O)OC2=O,0
6709,C1=CC=C2C(=C1)C(=O)C3=C(C2=O)C(=CC=C3)Cl,0
6720,C1(=C(C(=C(C(=C1Cl)Cl)Cl)Cl)Cl)[N+](=O)[O-],0
6737,C1=CC(=C(C(=C1)Cl)C=O)Cl,0
6758,CC(=C)[C@H]1CC2=C(O1)C=CC3=C2O[C@@H]4COC5=CC(=C(C=C5[C@@H]4C3=O)OC)OC,1
6809,C1=CC=C2C(=C1)C(=O)NC2=O,0
6811,C1=CC=C2C(=C1)C(=O)OC2=O,0
6829,C1=CC=C(C=C1)C2=CC=CC=C2[N+](=O)[O-],0
6837,C1=CC=C(C=C1)C(C#N)C2=CC=CC=C2,0
6838,C1=CC=C(C=C1)N(C2=CC=CC=C2)N=O,0
6849,C1=CC=C2C(=C1)C=CC=C2[N+](=O)[O-],0
6854,C1=CC=C2C(=C1)C3=CC=CC=C3N2,0
6883,C1[C@H]([C@@H]2[C@H](O1)[C@H](CO2)O[N+](=O)[O-])O[N+](=O)[O-],0
6904,C([C@@H]([C@H]([C@@H](C(=O)CO)O)O)O)O,0
6921,C1=CC=C(C(=C1)C(F)(F)F)Cl,0
6945,C1=CC=C(C(=C1)[N+](=O)[O-])Cl,0
6946,C1=CC=C(C(=C1)N)[N+](=O)[O-],0
6950,CCC(C)C1=C(C(=CC(=C1)[N+](=O)[O-])[N+](=O)[O-])O,1
6996,C1=CC=C(C(=C1)C=O)Cl,0
7003,C1=CC=C2C(=C1)C=CC=C2Cl,0
7015,C1=CC=C(C=C1)C2=CC=CC=C2N,0
7020,C1=CC=C2C(=C1)C(=O)C3=CC=CC=C3O2,0
7042,C1=CC=C(C(=C1)C#N)C#N,0
7045,C1=CC=C2C(=C1)N=CC=N2,0
7047,C1=CC=C2C(=C1)C=CC=N2,0
7054,C1=CC=C2C(=C1)C(=O)C(=O)N2,0
7064,C1=CC=C(C=C1)C2=NC(=NC(=N2)N)N,0
7101,C1=CC=C(C=C1)C2=CC=C(C=C2)Br,0
7102,C1=CC=C(C=C1)C2=CC=C(C=C2)N,0
7172,CNCC(C1=CC=C(C=C1)O)O,0
7220,C1=CC2=NNN=C2C=C1,0
7222,C1=CC=C2C(=C1)N=CS2,0
7240,C1=CC=C(C(=C1)N)Cl,0
7271,C1=C(C(=CC(=C1Cl)Cl)Cl)O,1
7281,C(C(CBr)Br)O,0
7291,C(C(CS)O)O,0
7308,CC1=CC(=C(C=C1SC2=CC(=C(C=C2C)O)C(C)(C)C)C(C)(C)C)O,1
7346,CC(C)C(=O)OC(=O)C(C)C,0
7362,C1=COC(=C1)C=O,0
7367,C1=CC=C(C=C1)C(Cl)(Cl)Cl,0
7368,C1=CC=C(C=C1)C(F)(F)F,0
7369,C1=CC=C(C=C1)S(=O)(=O)Cl,0
7394,C1=CC(=CC=C1C(F)(F)F)Cl,0
7411,C1=CC=C(C=C1)C(Cl)Cl,0
7416,C1=CC=C(C=C1)[N+](=O)[O-],0
7436,CNCC(=O)C1=CC(=C(C=C1)O)O,0
7474,C1=CC(=CC=C1[N+](=O)[O-])Cl,0
7475,C1=CC(=CC=C1N)[N+](=O)[O-],0
7505,C1=CC=C(C=C1)C#N,0
7506,C1=CN=CC=C1C#N,0
7516,C1=CC=C(C=C1)NN,0
7522,C1=CC=NC(=C1)C#N,0
7540,C1=CC=C(C=C1)OP(OC2=CC=CC=C2)OC3=CC=CC=C3,0
7541,C1=CC=C(C(=C1)NC2=NC(=NC(=N2)Cl)Cl)Cl,0
7564,C1=CC=C(C=C1)NC2=CC=C(C=C2)N,0
7671,C1=CC=C(C=C1)NC=O,0
7673,C1=CC=C(C=C1)N=C=S,0
7693,C1=CC(=CC=C1N=C=O)Cl,0
7726,C1=CC(=CC=C1C=O)Cl,0
7807,C1=CC(=CC=C1N)Br,0
7812,C1=CC(=CC=C1N)Cl,0
7899,C(CCl)C(=O)O,0
7944,CC(CCl)OC(C)CCl,0
7972,CN1CCOCC1,0
7973,C1=CC=NC(=C1)Br,0
7977,C1=CC=NC(=C1)Cl,0
8053,CC(C)CCON=O,0
8074,C=COCCCl,0
8080,C1CC=COC1,0
8096,C(CSCCC(=O)O)C(=O)O,0
8228,CN(C)CCCN1C2=CC=CC=C2CCC3=CC=CC=C31.Cl,0
8265,C12C(C(=O)OC1=O)C3(C(=C(C2(C3(Cl)Cl)Cl)Cl)Cl)Cl,0
8289,C1=CC=C(C=C1)OP(=O)(OC2=CC=CC=C2)OC3=CC=CC=C3,0
8313,C(C(Cl)(Cl)Cl)(NC(=O)NC(C(Cl)(Cl)Cl)O)O,0
8359,C1=CC=C2C(=C1)C(=O)OC(=O)N2,0
8360,CC1(C(=O)N(C(=O)N1Cl)Cl)C,0
8394,C1=CC=C2C(=C1)C=NNC2=O,0
8405,C1=CC=C2C=NC=CC2=C1,0
8407,C1=CC=C(C=C1)NC2=CC=CC=C2[N+](=O)[O-],0
8486,C1=C(SC(=N1)N)[N+](=O)[O-],0
8540,C1CCC(CC1)C2=C(C(=CC(=C2)[N+](=O)[O-])[N+](=O)[O-])O,1
8569,COC1=CC(=C(C=C1)C(=O)C2=CC=CC=C2O)O,1
8640,C1=CC=C2C(=C1)C=CC=C2N,0
8684,CCCCN(CCCC)C(=S)[S-].CCCCN(CCCC)C(=S)[S-].[Zn+2],1
8691,C1=CC=C(C=C1)N=NC2=C(N=C(C=C2)N)N.Cl,0
8706,C1=CC=C2C(=C1)N=C(S2)N,0
8736,C(C(C(=O)[O-])O)C(=O)[O-].[Na+].[Na+],0
8765,C1=CC(=CC=C1N)SC2=CC=C(C=C2)N,0
8795,C1CN(CCN1)CCN,0
8816,CCCCCCCCCCCCCCCC[N+]1=CC=CC=C1.[Br-],1
8820,C(C#N)C(=O)NN,0
8861,C1=CC(=NC(=C1)N)N,0
8871,C1=CC(=O)NC=C1,0
8924,C(CCCNCCCCCCN)CCN,0
9117,C1=CC2=C3C(=C1)C4=CC=CC5=C4C6=C(C=C5)C=CC(=C36)C=C2,0
9128,C1=CC=C2C(=C1)C3=CC=CC4=C3C5=C(C=CC=C25)C=C4,0
9161,C1=CC2=C3C(=C1)C=CC3=CC=C2,0
9171,C1=CC=C2C(=C1)C=CC3=C2C=CC4=CC=CC=C43,0
9207,C1=CC=C2C=NN=CC2=C1,0
9217,C1=CC=C2C(=C1)OC3=CC=CC=C3S2,0
9223,C1=CC=C2C(=C1)C=CO2,0
9257,C1=NC=NN1,0
9275,CCCCC(CC)COP(=O)(O)OCC(CC)CCCC,1
9335,C[N+](CCCl)(CCCl)[O-],0
9351,C1=CC=C2C(=C1)C=NN=C2NN.Cl,0
9462,C1=CC(=CC=C1C2=CC=C(C=C2)F)N,0
9731,C1=CC(=CC=C1N)F,0
9740,C(C#N)C(=O)O,0
9795,C1=CC=C(C(=C1)C(F)(F)F)[N+](=O)[O-],0
9956,C1=CC(=C(N=C1)N)N,0
9993,C1=CC(=CC=C1F)Br,0
10009,C1=CC(=CN=C1)N,0
10219,CC[C@H]1CN2CCC3=CC(=C(C=C3[C@@H]2C[C@@H]1C[C@@H]4C5=CC(=C(C=C5CCN4)OC)OC)OC)OC,1
10230,C1=CC=C2C(=C1)C(=NN=C2NN)NN,0
10241,C1=CC=C2C(=C1)C3=CC=CC=C3C2=O,0
10275,C1=CC=C(C=C1)C2=C(N=C(S2)N)N,0
10309,C1=COC(=C1)/C=N/C(/N=C/C2=CC=CO2)C3=CC=CO3,0
10316,C1=CC=C(C=C1)N=[N+](C2=CC=CC=C2)[O-],0
10439,C1=CC=NC(=C1)N,0
10522,CCOC(=O)C(C1=CC=C(C=C1)Cl)(C2=CC=C(C=C2)Cl)O,1
10638,C1=CC2=C(C(=C1)N)C(=O)NNC2=O,0
10690,C([C@H]([C@H]([C@@H]([C@H](C(=O)O)O)O)O)O)O,0
10707,C1=CC=C(C(=C1)[N+](=O)[O-])[N+](=O)[O-],0
10832,C1=CC=C(C=C1)NC2=NC=NC(=N2)N,0
10855,C1=CC(=CC=C1N)N=NC2=CC=C(C=C2)N,0
10958,CC(C)CON=O,0
10989,CC(C)CCOCCC(C)C,0
11040,CC(C(=O)OC)O,0
11101,C1=CC=C(C(=C1)C=O)[N+](=O)[O-],0
11102,CCCCCCCCCCCCCCCC[N+](C)(C)CCN(CC1=CC=C(C=C1)OC)C2=NC=CC=N2.[Br-],1
11442,CC1=C(C(=O)CC1OC(=O)C2C(C2(C)C)C=C(C)C)CC=C,1
11604,C=CCCC#N,0
11746,C(C(C(=O)O)Br)Br,0
11803,C1=CC2=C(C=CC=C2[N+](=O)[O-])C(=C1)[N+](=O)[O-],0
11830,C1=CC2=C(C(=C1)[N+](=O)[O-])N=CC=C2,0
11987,C1=CC=C2C(=C1)N=C(S2)Cl,0
12018,C(C(CCl)Cl)O,0
12163,C1=CC(=CC=C1C#N)Cl,0
12244,CC(C)CC#N,0
12252,C(CO)[N+](=O)[O-],0
12287,C1=CC(=CN=C1)Cl,0
12443,C12=C(C(=C(C(=C1Br)Br)Br)Br)C(=O)OC2=O,0
12573,C1=CC=C(C=C1)P(Cl)Cl,0
12688,CCCC[Sn](CCCC)(Cl)Cl,1
12699,CN(C(=O)N)N=O,0
12855,C1=CC=C(C=C1)C2=NC3=CC=CC=C3N2,0
12856,C1=CC=C2C(=C1)N=C(S2)C3=CC=CC=N3,0
12868,C1(=C(C(=C(C(=C1Cl)Cl)C(=O)Cl)Cl)Cl)C(=O)Cl,0
12884,C1=CC=C(C=C1)N2C3=CC=CC=C3C(=O)C2=O,0
12888,C1=CC=C(C=C1)C2=NN=C(O2)C3=CC=CC=C3,0
12971,C=CC(CCl)Cl,0
12998,C=COCCOCCOC=C,0
13089,C1=CC=C(C(=C1)C(C2=CC=C(C=C2)Cl)C(Cl)(Cl)Cl)Cl,0
13097,C1=CC=C(C=C1)P(=O)(C2=CC=CC=C2)C3=CC=CC=C3,0
13144,CC(C(=O)[O-])O.CC(C(=O)[O-])O.[Ca+2],0
13150,CC(C)(C)C(=O)C(=O)O,0
13192,C(CCCN=C=O)CCN=C=O,0
13214,C1=CC(=CC=C1[N+](=O)[O-])[O-].[Na+],0
13356,C(C#N)C(=C(C#N)C#N)N,0
13578,C(COCCO)N,0
13610,C1CCC(CC1)(C#N)O,0
13619,C1=C(C=C(C(=C1O)Cl)Cl)Cl,1
13624,C1=CC=C2C(=C1)NC(=N2)N,0
13796,CCOC1=C(C=C(C=C1)CC2=NC=CC3=CC(=C(C=C32)OCC)OCC)OCC.Cl,1
13836,C[N+](C)(C)CCCl.[Cl-],0
14127,CCCCCCOC(=O)C1=CC=C(C=C1)O,1
14138,CCCCCCCOC(=O)C1=CC=C(C=C1)O,1
14219,CN(C)C(=N)N=C(N)N.Cl,0
14223,C(CO)N(CCO)N=O,0
14233,CC(C)(C)NC(=O)N,0
14310,CCCCNC1=CC=CC=C1,0
14425,CCCCCCCCCCCCOC(=O)C1=CC(=C(C(=C1)O)O)O,1
14642,CCCCCCCCOC(=O)C1=CC=C(C=C1)O,1
15069,C1=C(N=CS1)C#N,0
15139,COC1=CC=CC=C1N2CCN(CC2)CCCC(=O)C3=CC=C(C=C3)F,0
15412,CCCCN(CCCC)C(=S)SSC(=S)N(CCCC)CCCC,1
15546,C1=CC=C(C=C1)N2C(=O)C(=C(C=N2)N)Cl,0
15560,C(C(C(CC(=O)O)C(=O)O)C(=O)O)C(=O)O,0
15678,C(CC#N)CC(CCC#N)C#N,0
15766,CSC1=C(C(=C(C(=C1Cl)Cl)Cl)Cl)Cl,0
15767,COC1=C(C(=C(C(=C1Cl)Cl)Cl)Cl)Cl,0
15965,C1(=C(C(=NC(=C1Cl)Cl)C(=O)O)Cl)N,0
16004,C1=CC(=NC(=C1)Cl)C(Cl)(Cl)Cl,0
16013,C1=CC(=CC=C1N=NC2=C(NN(C2=O)C3=CC=C(C=C3)S(=O)(=O)[O-])C(=O)[O-])S(=O)(=O)[O-].[Na+].[Na+].[Na+],0
16230,C1(=C(N=C(C(=N1)Cl)N)N)C(=O)N=C(N)N.Cl,0
16231,C1(=C(N=C(C(=N1)Cl)N)N)C(=O)N=C(N)N,0
16258,C1=CC=C2C(=C1)C(=O)NC(=O)O2,0
16323,C1=CC=C(C=C1)C2=CC=C(C=C2)Cl,0
16329,C1=CC=C(C=C1)C2=CC=CC=C2Br,0
16351,CN1CCN(CC1)C2=NC3=CC=CC=C3SC4=C2C=C(C=C4)Cl,0
16361,C1CN(CCC1(C2=CC(=CC=C2)C(F)(F)F)O)CCCC(=O)C3=CC=C(C=C3)F.Cl,0
16420,C1=CC(=CC=C1C2=CSC(=N2)N)[N+](=O)[O-],0
16451,C1=CC=C(C=C1)C2=CC=C(C=C2)N.Cl,0
16463,C1=C(OC(=C1)[N+](=O)[O-])C2=NNC(=O)O2,0
16659,C1=CC=C2C(=C1)N=C(C(=N2)Cl)Cl,0
16697,C(N(CP(=O)([O-])[O-])CP(=O)([O-])[O-])P(=O)(O)[O-].[Na+].[Na+].[Na+].[Na+].[Na+],0
16698,C(N(CP(=O)(O)O)CP(=O)(O)O)P(=O)(O)O,0
16720,C1=CC2=C(C=CC=C2N)C(=C1)N,0
16803,C1=CC=C2C(=C1)N=C(O2)C3=CN=CC=C3,0
16989,C1=CC(=NC(=C1)Cl)Cl,0
18171,C(C(=O)O)C(CC(=O)[O-])(C(=O)[O-])O.[NH4+].[NH4+],0
18204,CN(C)CCOCCN(C)C,0
18302,C(CO)C(CO)O,0
18555,C1=CC(=C(C(=C1)Cl)Cl)[N+](=O)[O-],0
18635,CSCCC=O,0
19756,C1=CC=C2C(=C1)NC(=N2)C3=CC=CO3,0
20084,CC(C)NC(=O)NC(C)C,0
20414,CC(CC(C)(C)C)CC(C)(C)CC(C)(C)C,0
20612,C1=CC(=CC=C1C2=NC(=NC(=N2)N)N)Cl,0
20686,CC(CCC#N)C#N,0
20717,CN(C)CCCl.Cl,0
21218,CCCCCCCC[N+](C)(CCCCCCCC)CCCCCCCC.[Cl-],1
21220,C(C(C(=O)O)S(=O)(=O)O)C(=O)O,0
21277,C1=CC(=CC=C1C(Cl)(Cl)Cl)Cl,0
21574,CC(CC=O)CC(C)(C)C,0
21640,C1=CC=C(C=C1)N2C(=NN=N2)N,0
22420,C1CNP(=O)(OC1)N(CCCl)CCCl.O,0
22522,CC(COP(=O)(OCC(C)Cl)OCC(C)Cl)Cl,0
22563,CC(C)NC1=NC(=NC(=N1)N)Cl,0
22576,CN(C)CCC=C1C2=CC=CC=C2C=CC3=CC=CC=C31.Cl,0
22879,C1=CC=C2C(=C1)C(=NS2(=O)=O)[O-].C1=CC=C2C(=C1)C(=NS2(=O)=O)[O-].O.[Ca+2],0
23421,CNC(=O)OC1=CC=CC=C1C2OCCO2,0
23702,CCC(C(C1=CC(=C(C=C1)O)O)O)NC(C)C.CS(=O)(=O)O,0
23894,CC(O)(P(=O)(O)[O-])P(=O)(O)[O-].[Na+].[Na+],0
24451,OP(=O)([O-])OP(=O)(O)[O-].[Na+].[Na+],0
25622,C1=CC=C(C(=C1)C2=CC=CC=C2Cl)Cl,0
25979,CNCC1=CC=CC=C1.Cl,0
26176,CC(CCl)OP(=O)(OC(C)CCl)OC(C)CCl,0
26596,CCCCC1=CC2=C(C=C1)N=C(N2)NC(=O)OC,1
26695,CC(=O)OC1=C(C=C(C=C1I)I)C(=O)NC2=CC=C(C=C2)Cl,1
26975,CCCCCC1=CC=C(C=C1)O,1
27461,C(CN(CC(=O)[O-])CC(=O)[O-])N(CC(=O)[O-])CC(=O)[O-].[Na+].[Fe+3],0
27655,C(C(C(=O)O)Cl)C(=O)O,0
27775,CNC1=NC(=NC(=N1)N(C)C)N(C)C,0
27982,C(CCl)P(=O)(O)O,0
28697,C1=CC(=C(C(=C1[N+](=O)[O-])Cl)Cl)Cl,0
29249,CCCCCCCCCC(CC)C1=CC=C(C=C1)S(=O)(=O)O,1
29354,CCCCCCOC1=CC=C(C=C1)O,1
29872,C1=CC2=C(C(=C1)Cl)N=C(S2)N,0
30084,C1=CC(=CC=C1N)Cl.Cl,0
30479,CC(C)(C)C1=NN=C(N(C1=O)N)SC,0
31168,C1=CC=C2C(=C1)C(=CN2)/C=N/C3=NC=CS3,0
31316,CC1=CC(=C(C=C1C2(C3=CC=CC=C3C(=O)O2)C4=CC(=C(C=C4C)O)C(C)C)C(C)C)O,1
31335,CC1(C(=O)N(C(=O)N1Cl)Br)C,0
31352,C(C(CO)(CO)COCC(CO)(CO)CO)O,0
31355,CC(C)COP(=O)(OCC(C)C)OCC(C)C,0
31390,C1=CC=C(C=C1)NS(=O)(=O)C2=CC=C(C=C2)N,0
31420,C1=CC=C2C(=C1)C(=O)C3=C(C=CC(=C3C2=O)N)N,0
31432,CC(C)(C)C(=O)C(Cl)Cl,0
33528,CCCCCCCCN1C(=O)C=CS1,1
34632,CCOC(=O)NC1=CC2=C(C=C1)SC3=CC=CC=C3N2C(=O)CCN4CCOCC4.Cl,0
35416,CNCCCC1=CC=CC=C1.Cl,0
36094,C1=CC(=C(C=C1C(CNCCCCCCNCC(C2=CC(=C(C=C2)O)O)O)O)O)O.OS(=O)(=O)O,0
38018,C1=CC(=C(C(=C1C2=C(C(=C(C=C2)Cl)Cl)Cl)Cl)Cl)Cl,0
38046,C1=CC=C2C(=C1)C(=C(C(=O)O2)N)N,0
38911,CC1=CC(=O)N(C(=C1)C2CCCCC2)O.C(CO)N,1
39526,C1CC2CN(CCN2C1)CCC(=O)N3C4=CC=CC=C4SC5=C3C=C(C=C5)Cl,0
39685,C1=CC=C(C=C1)NC2=C(C(=O)OC3=CC=CC=C32)[N+](=O)[O-],0
40301,C1=CC=C(C=C1)C2=CSC(=N2)N.O.Br,0
40302,C1=CC=C(C=C1)C2=CSC(=N2)N,0
40586,CC1C2=C(CC(O1)CC(=O)O)C(=O)C3=C(C2=O)C(=CC=C3)O,1
41909,CC(C)(C)C1=NNC(=O)N(C1=O)N,0
42040,C#CC1=CC=C(C=C1)C2=CC=CC=C2F,0
43000,C1=CC=C(C=C1)NC2=C(C(=O)OC3=CC=CC=C32)N,0
49837,C1(=C(SN=C1Cl)C(=O)O)Cl,0
50293,C1=CC(=NC=C1C(Cl)(Cl)Cl)Cl,0
52195,CC(C)NCCCC1(C2=CC=CC=C2C3=CC=CC=C31)C(=O)N,0
53277,CC1C(OC2=C(C1=O)C(=C3C(=C2)C(=C(C=C3O)O)C4=C(C=C(C5=C(C6=C(C=C54)OC(C(C6=O)C)C)O)O)O)O)C,1
54840,CC1=CC=CC=C1O[C@H](CCNC)C2=CC=CC=C2.Cl,0
54856,CNCCC1C2=CC=CC=C2OC3=CC=CC=C3S1.C(=O)(C(=O)O)O,0
54858,CNCCCC1C2=CC=CC=C2OC3=CC=CC=C3S1.C(=O)(C(=O)O)O,0
55662,C1=CC=C(C=C1)N2C=NC3=C2C4=CC=CC=C4OC3=O,0
56738,COCCOCC(OC)OC,0
60960,C([C@@H](C(=O)O)N)S.Cl,0
60962,C1=CC=C(C=C1)NN.Cl,0
61032,COCCC#N,0
61253,CCCCCCCCOC(=O)C1=CC(=C(C(=C1)O)O)O,1
61828,CC1(C(=O)N(C(=O)N1Br)Cl)C,0
62097,CCCCNC(=O)OCC#CI,1
62411,C(COCC#CCOCCO)O,0
62466,C(C(=O)NCO)Cl,0
64127,CN1C2=C(N=C1Br)N(C(=O)N(C2=O)C)C,0
64150,C1C2CC3CC1CC(C2)(C3)N.Cl,0
64961,C1=CC=C2C(=C1)C3=C(N2)C=NC=C3,0
65620,CC1=NC2=C(C=C1)C(=CC(=C2O)Br)Br,1
65758,C1=CC=C(C(=C1)C2=NC(=NO2)C3=CC=NC=C3)Cl,0
66308,C([C@H]([C@H]([C@@H](C=O)O)O)O)O,0
66461,CCCCC(CN1C=NC=N1)(C2=C(C=C(C=C2)Cl)Cl)O,1
67275,CC1=C(C=C(C=C1)Cl)NC(=O)C2=CC3=CC=CC=C3C=C2O,1
67437,C1CCOC2(C1)CCCCO2,0
67559,C1=CC=C(C=C1)NS(=O)(=O)C2=CC=C(C=C2)F,0
67579,C1=CC=C(C=C1)C2=CC=CC=C2F,0
68023,C1=CC(=CC=C1C=O)F,0
68487,C1=CC(=CN=C1)C2=CN=CC=C2,0
68841,C([C@@H](C(=O)O)N)OP(=O)(O)O,0
69027,CC(C)(C)C(=O)OC,0
69537,C(CO)C(C(C(C(C(C(F)(F)F)(F)F)(F)F)(F)F)(F)F)(F)F,0
69619,C(CO)C(C(C(C(C(C(C(C(F)(F)F)(F)F)(F)F)(F)F)(F)F)(F)F)(F)F)(F)F,0
69990,C1=CC=C(C=C1)P(=O)(Cl)Cl,0
70223,C(COS(=O)(=O)O)N,0
70724,C1=C[N+](=CC=C1Cl)[O-],0
70766,C1=CC2=C(C=CN=C2)C(=C1)N,0
70821,C1=CC=C2C(=C1)NC(=N2)C3=CC=CC=N3,0
70848,C1=CC=NC(=C1)C2=NC(=CC=C2)C3=CC=CC=N3,0
71208,CC1=C2C=CC=NC2=C(C=C1)O,1
71587,C1CN(CCN1CCCN2C3=CC=CC=C3C=CC4=CC=CC=C42)CCO.Cl.Cl,0
72098,C1CN(CCN1CC2=CC3=C(C=C2)OCO3)CC(=O)N4C5=CC=CC=C5SC6=CC=CC=C64,0
72913,C1=CC=C(C(=C1)C#N)N,0
73157,CCCCCC1=C(C(=CC2=C1OC3=CC(=CC(=C3C(=O)O2)C(=O)CCCC)OC)O)C(=O)O,1
73481,CN1CCC2=CC(=C3C=C2[C@@H]1CC4=CC=C(C=C4)OC5=C(C=CC(=C5)C[C@H]6C7=C(O3)C(=C(C=C7CCN6C)OC)O)OC)OC,1
73665,CCCN(CCOC1=C(C=C(C=C1Cl)Cl)Cl)C(=O)N2C=CN=C2,1
73670,C1=CC=C(C(=C1)C2=NN=C(N=N2)C3=CC=CC=C3Cl)Cl,0
73829,CCCC(C1=C(N(N(C1=O)C2=CC=CC=C2)C)C)C3=C(N(N(C3=O)C4=CC=CC=C4)C)C,1
73851,CC1=CC(=C(C=C1)O)C(=O)C2=CC=CC=C2,1
74266,CC(C)OP(=O)(CP(=O)(OC(C)C)OC(C)C)OC(C)C,0
74695,C1=CC(=C(C(=C1)F)C#N)F,0
75538,CCCCCCCCNC,0
75654,C1=CC=C(C=C1)OP(=O)(OC2=CC=CC=C2)Cl,0
75706,C[Si]1(O[Si](O[Si](O[Si](O1)(C)C=C)(C)C=C)(C)C=C)C=C,0
75819,C[Si](C)(C=C)O[Si](C)(C)C=C,0
75868,C1=CC2=C(C=CC(=C2[O-])[N+]#N)C(=C1)S(=O)(=O)[O-].[Na+],0
76004,CO[Si](C=C)(OC)OC,0
76621,C1COCCN1C(=N)N=C(N)N.Cl,0
76714,CC(CC(C)(C)CCN)CN,0
77039,CNCCC1=CC(=C(C=C1)OC)OC,0
77080,CCCCCCCC[Sn](CCCCCCCC)(Cl)Cl,1
77210,C1COCCN1CCCl.Cl,0
77406,C1=C(OC(=C1)[N+](=O)[O-])C2=NN=C(O2)N,0
77531,C1=CN=C(N=C1Cl)Cl,0
77808,C1CN(CCN1CCC#N)CCC#N,0
77956,C1=CC=C(C=C1)S(=O)(=O)C2=CC=CC=C2N,0
78490,C1=CC=C2C(=C1)C(=NN=C2Cl)Cl,0
79358,C1(=C(N=C(N=C1N)N)N)N.OS(=O)(=O)O,0
79437,CN1C2=C(NC1=O)N(C(=O)N(C2=O)C)C,0
79717,CC1=CC(=CC(=C1O)C)C(C)(C)C2=CC(=C(C(=C2)C)O)C,1
79869,C1=CC=C(C(=C1)C2=NC3=CC=CC=C3N2)N,0
80278,C(C(COP(=O)([O-])[O-])O)O.[K+].[K+],0
80519,COC(=O)NN,0
80533,C1=CC2=NNN=C2C(=C1)[N+](=O)[O-],0
80599,C1=CC=C(C(=C1)S)Cl,0
80900,C1COCCN1CCOCCN2CCOCC2,0
81020,C1CN(CCN1CCN)CCN,0
81349,CN1CCN(CC1)N,0
81530,CCOC(=O)C(=C)C#N,1
81669,C1CCN(C1)CCCl,0
81829,C1=CC=C2C(=C1)C(=O)NN2,0
82029,C[N+]1(CCOCC1)[O-],0
82056,C(CS)C(=O)OCC(COC(=O)CCS)(COC(=O)CCS)COC(=O)CCS,0
82646,C1(=C(C(=NC(=C1Cl)Cl)C(=O)O)Cl)Cl,0
82703,C1=CC=C2C(=C1)C(=C3C=CC=CC3=C2Cl)C=O,0
83375,CC(C)CP(=S)(CC(C)C)[S-].[Na+],0
83656,CCC1=CC(=CC(=C1N)CC)CC2=CC(=C(C(=C2)CC)N)CC,1
84193,C1=CC=C(C=C1)C2=NN=C(O2)C3=CC=CO3,0
86102,CC(C)(C)C(CCC1=CC=C(C=C1)Cl)(CN2C=NC=N2)O,1
87418,CN(C)CCCC1(C2=CC=CC=C2C=CC3=CC=CC=C31)O,0
87425,C1=CC=C(C=C1)C2=NNN=N2,0
87889,C1=CC=C(C=C1)C2=CC=CC(=O)N2,0
90261,C1=CC2=C(C(=C1)C(F)(F)F)NC=CC2=O,0
91333,C(CO)N(CCO)C=O,0
91401,CC(=O)C1=CC2=C(C=C1)SC3=CC=CC=C3N2C,0
91692,C1CCC(C1)N(CC2=CC=C(C=C2)Cl)C(=O)NC3=CC=CC=C3,0
92173,CC(C)([C@H](C(=O)O)N)S.Cl,0
92824,C([C@H](C(=O)O)O)C(=O)O,0
93098,C1=CC(=CC=C1C2=CSC(=N2)NN)N,0
94294,CC(CN(C)C)Cl.Cl,0
94355,CC(C)C(C)(C#N)N,0
95116,C(CSSCCC(=O)O)C(=O)O,0
95587,CC1=CC(C2C(CC3(C(O3)CC1)C)OC(=O)C2=C)OC(=O)C,1
97004,COP(=O)(O)OP(=O)(O)OC,0
97023,C1=CC=C2C(=C1)N=C(C(=N2)C3=CC=CC=N3)C4=CC=CC=N4,0
100319,C1=CC(=C(N=C1)SC2=NC=CC(=O)N2)[N+](=O)[O-],0
104895,CCCCCCC(C)(C)C1=CC(=C(C=C1)[C@@H]2C[C@@H](CC[C@H]2CCCO)O)O,1
107377,CCCCC(CC)COC(=O)C1=CC=C(C=C1)O,1
107526,C([C@H]([C@H]([C@@H]([C@H](C=O)O)O)O)O)O,0
107882,CN1CCC2=C3[C@H]1CC4=C(C3=CC=C2)C(=C(C=C4)O)O.CN1CCC2=C3[C@H]1CC4=C(C3=CC=C2)C(=C(C=C4)O)O.O.Cl.Cl,1
114337,C1CCN(C1)CC(=O)N2C3=CC=CC=C3SC4=CC=CC=C42,0
120070,COC(=O)C(C(=O)OC)Cl,0
121396,C(CC(=O)O)[C@@H](C(=O)O)NC(=O)N,0
122087,CCC(C)(C(=O)CCl)NC(=O)C1=CC(=C(C(=C1)Cl)C)Cl,1
122824,CCN(CC)C(C)CN1C2=CC=CC=C2SC3=CC=CC=C31.Cl,0
123458,CC(COC)N,0
123608,C(CC(=O)O)C(=O)CN.Cl,0
136843,C1CCC2(C1)CC(=O)NC(=O)C2,0
141040,C1=CC=C(C=C1)NC2=NNN=N2,0
145815,C(CC(=O)N)[C@H](C(=O)O)N,0
148620,C1=CC=C(C(=C1)N)S(=O)(=O)C2=CC=CC=C2N,0
151091,C1=CC(=CN=C1)C2=NNN=N2,0
151802,C1=CC=C2C(=C1)N=NN2C3=CC=CC=N3,0
152086,CC1=CC(=C2C=CC(=CC2=N1)[N+](=O)[O-])NCCCCCCCNC3=C4C=CC(=CC4=NC(=C3)C)[N+](=O)[O-],1
154096,C1=CC=C(C=C1)N2N=C3C=CC=CC3=N2,0
156525,C1=CC=C2C(=C1)NC(=N2)CSC3=NN=C(O3)C4=CC=NC=C4,0
163751,C1CNCCN(C1)S(=O)(=O)C2=CC=CC3=C2C=CN=C3.Cl,0
164739,C[C@@H]([C@@H](C1=CC(=C(C=C1)O)O)O)N,0
167793,C1=CC=C2C(=C1)C(=O)N(C2=O)C3=CN=CC=C3,0
171257,C(CO)N.C(=O)O,0
174343,CC1C(C(C(C(O1)C2=C3C(=C(C=C2)O)C(=CC4=C3OC(=O)C5=C4C(=CC(=C5)C)OC)OC)O)(C)O)O,1
203875,CNCCC1=CC=CC=N1.Cl,0
204417,C1CCN(CC1)C2=NC(=NC(=N2)N)N3CCCCC3,0
208296,C1=CC=C(C=C1)C2=NC(=O)NN=C2,0
209651,C1=CC=C(C(=C1)C(=O)NCCCCCCNC(=O)C2=CC=CC=C2O)O,0
212817,C1=CC=NC(=C1)C2=NC(=NC(=N2)N)N,0
219081,C1CN(CCN1CCC(=O)N2C3=CC=CC=C3SC4=C2C=C(C=C4)C(F)(F)F)CCO,0
219296,CC1CCN(CC1)C(CC(=O)C2=CC=CC=C2)C(=O)C3=CC=CC=C3,0
223368,C[C@]12CC[C@H]3C(=CCC4=C3C=CC(=C4)O)[C@@H]1CCC2=O,0
223613,CN(C)S(=O)(=O)N1CCN(CC1)S(=O)(=O)N(C)C,0
224199,C1=CC=NC(=C1)NS(=O)(=O)C2=CC=C(C=C2)Cl,0
230754,C1=CC=C2C(=C1)C(=O)N3C4=CC=CC=C4SC3=N2,0
231422,CC(C)CC(=NNC(=O)C1=CC=NC=C1)C2=C(C=CC(=C2)Cl)O,1
231587,C1=CC=C(C=C1)C2=C(NC(=O)N2)C3=CC=CC=C3,0
235702,C1=CSC(=C1)C2=NNN=N2,0
236275,C1=CC=C2C(=C1)N=C(C(=N2)C3=CC=CO3)C4=CC=CO4,0
241475,C1CCC(CC1)N(CC2=CC(=C(C(=C2)Br)O)Br)CC3=CC(=C(C(=C3)Br)O)Br,1
241482,CC(C)(C)C1=CC(=C(C(=C1)Br)O)CN(C)CC2=C(C(=CC(=C2)C(C)(C)C)Br)O,1
241488,C1=CC=C2C(=C1)N=C(C(=N2)N)N,0
243973,C1=CSC(=C1)C2=CSC(=N2)N,0
248381,CC(C)C1=CC2=C(C=C1)C3(CCCC(C3CC2)(C)CN)C.C1=CC=C(C=C1)C(=O)O,0
249097,C1=CC=C2C(=C1)NC(=N2)C3=NC4=CC=CC=C4N3,0
251141,C1=CC=C2C(=C1)N=CC(=N2)C3=CC=CS3,0
251365,C1=CC=C2C(=C1)C=CC(=N2)C3=CC=CS3,0
253602,CC(=O)O[C@@H]1[C@H](CN[C@@H]1CC2=CC=C(C=C2)OC)O,1
255628,CCC(=O)NC1=C(C=C2C(=C1)CC3=CC=CC=C32)Cl,0
257599,CCOC(=O)COC1=CC=C(C=C1)S(=O)(=O)C2=CC=C(C=C2)OCC(=O)OCC,1
261524,C(C(=O)O)S(=O)(=O)CC(=O)O,0
270006,C1=CC(=CC=C1N2C=NN=N2)Cl,0
271570,CCOC(=O)C1=COC=C1C(=O)O,1
276137,COC1=C(C=CC2=C1CN3CCC4=CC5=C(C=C4C3C2)OCO5)O,1
282594,CC(=O)N(C1CCCCC1)C2=C(C(=O)C3=CC=CC=C3C2=O)Cl,1
286547,CN1CCN(CC1)C2=CC=CC=C2N,0
292969,CC1=CC(=C(C=C1)C2=CC(=CC(=C2OC(=O)COC)C3=C(C=C(C=C3)C)C)OC(=O)COC)C,1
296003,C1=CC=C2C(=C1)C(=O)OC(=N2)C3=CC=CO3,0
297813,C1CC(N(C1)C(=O)CNC(=O)CNC(=O)OCC2=CC=CC=C2)C(=O)OCC3=CC=CC=C3,1
300385,C1=CC=C(C=C1)C2=NNC3=CC=CC=C32,0
306826,C1=CC(=CC=C1S(=O)(=O)NC2=NC=CS2)Cl,0
308437,CC1CC(C=C(CCC=C(CC(C2CC1OC(=O)C2=C)O)C)C)O,1
314836,C1=CC=NC(=C1)C2=NC(=NN2)C3=CC=CC=N3,0
315017,C1=CC=C(C=C1)S(=O)(=O)N2C=CC3=CC=CC=C32,0
315063,CCCCCCCCSC1=CC(=O)C(=C(C1=O)OC)OC,1
315109,C1=CC=NC(=C1)C2=NN=C(N=N2)C3=CC=CC=N3,0
319734,C1=CC=C(C=C1)C2=NC3=NN=NN3N=C2,0
320165,C1=CC(=CC=C1N)N2C=CN=C2,0
320930,C1C2=CC(=C(C=C2[C@@H]3[C@]1(COC4=C3C=CC(=C4O)O)O)O)O,1
324518,COC1=C(C=C2C(=C1)CCC(C2=O)Br)OC,1
325863,CC(C)C(=O)OC1CC(=CCCC(=CC2C1C(=C)C(=O)O2)CO)CO,1
327536,CC(=O)OC1CCC2(C(C1(C)C)CC(C3=CC(CCC2=O)C(=C)C3=O)O)C,1
330164,C1=C(C(C(C1N2C=NC3=C(N=CN=C32)N)O)O)CO,1
340916,CC(=C)C1=NC(=NC(=N1)OC2=CC=CC=C2)OC3=CC=CC=C3,1
341408,C1=CC=C(C(=C1)NS(=O)(=O)C2=CC=C(C=C2)F)Cl,0
342157,C1=CC2=C(C3=C(C2=O)C=CC=N3)N=C1,0
343834,C1=CSC(=C1)P(=O)(C2=CC=CS2)C3=CC=CS3,0
345169,CC1=C2C=CC=C(C2=NC=C1)O,1
345677,C1=CC=C2C(=C1)NC(=N2)C3=CC=C(C=C3)N,0
346470,C1=CC=C2C(=C1)N3C(=NN=N3)S2,0
351610,C1=COC(=C1)C2=NN=C(S2)N,0
360857,C1=CC=C(C=C1)C2=CSC3=C2C4=NN=CN4C=N3,0
367432,CCOC(=O)C(=CC1=CC=C(C=C1)Br)C(=O)OCC,1
373901,CCOC1=C(C=C(C=C1)C(CN2CCOCC2)C(=O)C)OC.Cl,1
375148,CC1=CC2=C(C=C1O)NC3=C2C=CC4=C3C=CC(O4)(C)CCC=C(C)C,1
375151,CC1=CC2=C(C3=C1OC(C=C3)(C)CCC=C(C)C)NC4=C2C=CC(=C4)O,1
376106,C1=CC=C2C(=C1)C=CC3=C2C=CC4(O3)NC(=O)C5=CC=CC=C5O4,0
381594,C1=CC2=C(C(=O)C(=CC2=O)NCCC3=CC(=C(C(=C3)Br)O)Br)N=C1,1
382447,CCN(CCCl)C1=CC(=CC(=C1)NC(=O)C2=CC=C(C=C2)C(=O)NC3=CC(=CC(=C3)CN(C)C)N(CC)CCCl)CN(C)C.Cl,1
384217,COC1=CC=C(C=C1)C(C2=CC(=C(C(=C2)OC)OC)OC)N3C(CCC3=O)C(=O)OC,1
386227,COC1=C(C=CC(=C1)CCNC2=CC(=O)C3=C(C2=O)C=CC=N3)O,1
387725,C1=CC=C(C=C1)N2C(C(C(=C2N)C#N)(C#N)C#N)C3=CC=CO3,0
387738,C1=CC=C(C=C1)C2=C(C(=C(N2C3=CC=CC=C3)N)C#N)C#N,0
389699,C1=CC=C(C=C1)C2=C(OC(=C2C#N)N)C3=CC=CC=C3,0
391131,C1C2CC3CC1CC(C2)(C3)COC(=O)C4=CC=C(C=C4)NCC5=C(C=CC(=C5)O)O,1
391189,C1=CC=C(C=C1)CNCCCN(CCCCN(CCCNCC2=CC=CC=C2)C(=O)OCC3=CC=CC=C3)C(=O)OCC4=CC=CC=C4,1
393608,COC1=CC2=C(C=C1)C=C(C=C2)CNCCOCCOCCNCC3=CC4=C(C=C3)C=C(C=C4)OC.Cl,1
395751,CN(C)S(=O)(=O)N1C=CN=C1,0
396090,C1CN2C(=O)C3=C(N=C2SC1)OC4=CC=CC=C4C3=O,0
408285,C1COCCN1CCN,0
426756,C1CC(C1)(C(=O)O)C(=O)O.[NH2-].[NH2-].[Pt+2],0
426874,C1=CC2=C(C=CC(=C2N)N)N=C1,0
431052,CCN(CC)CCNC(=O)C1=NN(C2=C1CCC3=C2C=CC(=C3)OC)C4=CC=C(C=C4)Cl,1
432606,CCN(CC)CC[N+]1=CC2=C(C3=C(C(=C2C=C1)C)NC4=C3C=C(C=C4)O)C.CC(=O)O,1
432905,CCN(CC)CCNC1=C2C(=C(C=C1)C)SC3=C(C2=O)C=C(C=C3)O,1
434973,CC(=O)NC1CCC2=CC(=C(C(=C2C3=CC=C(C(=O)C=C13)SC)OC)OC)O,1
436059,CC1=CC(=C(C=C1)C)C(=O)C(=C)CN(C)C,1
436063,CN(C)CC(=C)C(=O)C1=CC(=C(C=C1OC)OC)OC,1
441279,CNC[C@@H](C1=CC(=CC=C1)O)O.Cl,0
442142,C[C@@H]1C[C@@H]2[C@H]([C@@H]([C@]3([C@H]1C=CC3=O)C)OC(=O)C)C(=C)C(=O)O2,1
443755,C1=CC=C2C(=C1)C(=O)[N-]S2(=O)=O.O.[Na+],0
443947,CC[C@H]1C[C@H]2[C@@H]3CCC4=CC(=O)CC[C@@H]4[C@H]3CC[C@@]2([C@H]1O)C,1
444212,C(/C(=C\C(=O)O)/C(=O)O)C(=O)O,0
448537,CC/C(=C(/CC)\C1=CC=C(C=C1)O)/C2=CC=C(C=C2)O,1
455264,CC(C)C1=C(C(=C2C(=C1)C3CC4[C@@]2(CCCC4(C)C)C(=O)O3)O)O,1
457901,CC(=O)OCC1(CCCC23C1C(C(C45C2CCC(C4O)C(=C)C5=O)(OC3)O)O)C,1
459770,C1=CC2=C(C=CN=C2)C(=C1)C#N,0
460129,C([C@@H](C(=O)O)N)OC(=O)C=[N+]=[N-],0
480861,CC(=CCOC1=CC(=C(C=C1)[C@H]2CC3=C(C4=C(C=C3)OC(C=C4)(C)C)OC2)O)C,1
496244,CCOC1=C(C=C2C(=NOC)CC3C(C2=C1)CCC4(C3CCC4O)C)O,1
506600,C1=CC=C2C(=C1)NC(=N2)C3=CC=CS3,0
517058,CC(C(=O)[O-])(Cl)Cl.[Na+],0
517063,C(CS(=O)(=O)[O-])O.[Na+],0
517383,C1=CC=C(C=C1)C2=CC=CC=C2[O-].O.O.O.O.[Na+],0
519224,C1=CC=C2C(=C1)C=NN(C2=O)C3=CC=C(C=C3)Cl,0
522183,C1=CC(=C(C(=C1)Cl)S(=O)(=O)Cl)Cl,0
534506,C1CCN(CC1)C2=NC3=NON=C3N=C2N,0
534771,CC1(C2(CNCC1(CNC2)[N+](=O)[O-])[N+](=O)[O-])C,0
535994,C1COCCN1C2=NC3=NON=C3N4C2=NN=N4,0
541532,CN(C)C=NC1=NC=C2C3=CC=CC=C3NC2=C1C#N,0
541603,CN(C)P1(=NC(=NC(=N1)C(F)(F)F)C(F)(F)F)N(C)C,0
554211,C1=CC=C(C(=C1)C2=NN=C(S2)N)Cl,0
554989,C1=CC=C2C(=C1)C(=O)N(C2=O)C3=NC=C(C=C3)Cl,0
555204,C1=CC=C(C=C1)S(=O)(=O)NN2C=NN=C2,0
555472,C1CCC2(CC1)CC3=CC=CC=C3C4=C2C(=O)OC(=N4)C5=CC=CC=C5,0
561049,CC(=O)CC1C(=C(C(=O)O1)Br)NCC2=CC=CC=C2,1
567548,C1=CC=C(C(=C1)OCC2=NC(=NO2)C3=NON=C3N)Cl,0
567572,CCOC(=O)C1=C(N(C2=CC(=C(C=C21)OC)Br)C)CN3CCN(CC3)C,1
575908,C1=CC=C(C=C1)N2C(=NN=N2)SC3=C(C=C(C=C3)[N+](=O)[O-])Cl,0
577823,C1=CC(=CN=C1)C2=NOC(=N2)C3=CC=CO3,0
596005,C1CN(CCN1C2=NC=CC=N2)S(=O)(=O)C3=CC=CC4=NSN=C43,0
597578,C1COCCN1C2=NC(=O)N3CCOC3=N2,0
597891,CC1(C2(C=CC3=C(O2)C=CC4=CC=CC=C43)N(C(=O)O1)C5=CC=CC=C5)C,0
599528,C1=CC(=O)NC=C1Br,0
599637,C1=C(OC(=C1)Br)C2=NC(=NO2)C3=NON=C3N,0
603377,C1=CC=C(C(=C1)C2=NC(=NO2)C3=NON=C3N)Br,0
604599,CCC1CN2CCC3=CC(=C(C=C3C2CC1CC4C5=C(CCN4)C6=C(N5)C=CC(=C6)O)OC)OC,1
610612,CCOC(=O)N=NC1=C2C(=NC3=NONC3=N2)C4=CC=CC=C41,1
612005,C1=CC=C(C=C1)NC2=C(C=NC=C2)[N+](=O)[O-],0
612040,C1=CC=C2C(=C1)N=C(S2)Br,0
613500,C1=CC=C(C=C1)C2=NNN=C2C3=CC=CC=C3,0
621402,C1=CC=C(C=C1)NC2=NC=NC3=C2OC4=CC=CC=C43,0
624350,C1=CC=C2C(=C1)C3=C(O2)C(=NC=N3)SC4=CC=CC=N4,0
624590,CC1(CC2=C(C(=O)NC1)SC(=N2)N3CCOCC3)C,0
626332,C1=CC=C2C(=C1)N=C(O2)NC3=CC=C(C=C3)OC(F)(F)F,0
628089,CCOC(=O)C1=C(N(C2=C1C=C(C=C2)O)CC3=CC=CC=C3)C,1
628602,C1=CC=C(C=C1)C2=CC=C(C=C2)C3=NN=C(O3)C4=CC=C(C=C4)N,0
629074,C1=CC=C(C=C1)C2=NC3=C(C(=C2)C4=CC=CO4)C(=C(S3)C#N)N,0
637090,C/C=C/C(=O)O,0
641785,COC1=CC(=CC(=C1C(=O)/C=C/C2=CC=CC=C2)O)O,1
643460,C/C=C/C=C/C(=O)O,0
644354,C1=CC=C2C(=C1)C(=CN2)C3=CC=NC=C3,0
644466,C1=COC(=C1)C2=CC(=NC(=C2C#N)N)C3=CC=C(C=C3)F,0
644639,C1=CSC(=C1)C2=NN=C(S2)N,0
644851,C1=CC=C(C=C1)C2=NNC(=N2)C3=CC=CC=C3Cl,0
644958,C1=CSC(=C1)C2=NC=C(O2)C3=CC=C(C=C3)Br,0
645204,C1CN(CCC1N2C3=C(C=C(C=C3)C(F)(F)F)N=N2)CC(=O)N4CCC5=CC=CC=C54,0
645210,CC1=C(C(NC(=O)N1)C2=CC=C(C=C2)F)C(=O)OCC3=CC4=C(C=C3)OCO4,0
645632,C1=CC=C2C(=C1)NC(=N2)NS(=O)(=O)C3=CC=C(C=C3)Cl,0
645672,C1=CC=C2C(=C1)C=CC=C2N3C=NN=N3,0
645685,CC(C)N1C2=C(N=C1SC3=NC=CN3C)N(C(=O)N(C2=O)C)C,0
645702,C1COC2=C(O1)C=CC(=C2)S(=O)(=O)NCCOC3=CC=C(C=C3)F,0
645905,C1=CN(N=C1)S(=O)(=O)C2=CC=CS2,0
646013,C1=CC2=C(C3=C(C=C2)C(C(=C(O3)N)C#N)C4=CN=CC=C4)N=C1,0
646236,CC1(C2=C(C=NN2)C3=C(O1)C=CC4=C3OC(=O)C=C4)C,0
646533,C1=CC=C2C(=C1)C=CC(=N2)C3=NC4=CC=CC=C4N3,0
647041,C1=CC=C(C(=C1)S(=O)(=O)NN2C=NN=C2)Cl,0
647066,CN(C)C1=NC(=NC(=N1)NC2=CC=CC=C2)OC3=NNC(=O)C=C3,0
647198,CC1=CC=C(C=C1)S(=O)(=O)CCC(=O)C2=C(C=C(C=C2)O)O,1
647305,C1=CC=C2C(=C1)C=CC=C2N3C=CC=N3,0
647400,C[N+]12CN3CN(C1)CN(C3)C2.[I-],0
647656,C1=CC=C2C(=C1)C=C(C(=O)N2)C3=NOC(=N3)C4=CN=CC=C4,0
647920,C1=CC=C2C(=C1)N=C(S2)CN3N=C(N=N3)C4=CC=C(C=C4)F,0
647972,C1=CC2=C(C(=C1)OCC3=NN=C(O3)SCC4=C(C=CC=C4Cl)F)N=CC=C2,0
648231,C1=CC=C(C=C1)S(=O)(=O)NC2=CC=C(C=C2)C3=NC4=CC=CC=C4O3,0
648644,C1=CC(=CN=C1)C2=NN=C(O2)C3=CC=CO3,0
648672,C1=CC(=CC=C1C2=C(C(=NN2)N)Cl)Br,0
648990,C1=CC=C(C=C1)S(=O)(=O)NC2=NC3=CC=CC=C3N2,0
649051,C1CCC(CC1)CSC2=NN=C(O2)C3=CC=C(C=C3)O,1
649341,C1=CN(C=C1)CCS(=O)(=O)CCN2C=CC=C2,0
649412,CN1CCN(CC1)CCC(=O)NC2=CC(=CC=C2)F,0
649431,COC1=C(C=CC(=N1)C2=CC=C(C=C2)Cl)C3=NOC(=N3)C4=CC=CO4,0
649463,C1=CC=C2C(=C1)N=C(O2)C3=CC(=CC=C3)N4C(=O)C5=C(C4=O)N=CC=C5,0
650162,CC(C)CCN1C2=C(N=C1NCCN(C)C)N(C(=O)NC2=O)C,0
650233,CC(C)(C)N1C(=NN=N1)C(C2=CC(=CC=C2)C(F)(F)F)N3CCN(CC3)C,0
650443,C1=CC=C(C=C1)C2=CSC(=N2)N3C=NN=N3,0
650579,C1=CC(=CC=C1C2=CSC3=NC(=NC(=N)N3N2)N)F,0
650792,COC(=O)NC1=CC2=C(C=C1)SC3=CC=CC=C3N2C(=O)CCN4CCOCC4.Cl,0
651085,C1=CC=C(C=C1)N2C3=C(C=N2)C(=O)N(N=N3)CC4=CC=CC=N4,0
651369,C1=CC=C(C=C1)S(=O)(=O)NC2=CC3=C(C=C2)N=C(N3)C4=CC=CO4,0
651390,CC(C)CN1C2=C(N=C1NCCN(C)C)N(C(=O)NC2=O)C,0
651475,C1COC2=C(O1)C=CC(=C2)OCCC(=O)O,0
651720,C1=CC(=CN=C1)NS(=O)(=O)C2=CC=CS2,0
651802,CN(C)CCN1C2=C(C=C(C=C2)OC)SC3=CC=CC=C31.C(=O)(C(=O)O)O,0
651846,CCOC(=O)C1=CC2=C(N1CC(=O)N3CCC(CC3)CC4=CC=CC=C4)C=CN2C,1
651942,C1COCCN1P(=O)(N2CCOCC2)OCC(C(F)F)(F)F,0
652390,C1=CC(=CC=C1C2=CN=C(N=C2)C3=CC=C(C=C3)N)N,0
652554,C1=CC2=C(C=CC3=C2C(=C1)C(=O)N3)S(=O)(=O)NCC4=CC=CO4,0
652581,CCOC(=O)C1CCN(CC1)CC2=C3C=CC=NC3=C(C=C2)O,1
652614,C1=COC(=C1)C2=NN=C(O2)C3=CC=CS3,0
652705,C1CCN(CC1)C2CS(=O)(=O)CC2N3CCCCC3,0
652757,CN(C)S(=O)(=O)N1CCCN(CC1)S(=O)(=O)N(C)C,0
653365,C1=CC=C2C(=C1)C(=O)N(C2=O)CC3=NC4=CC=CC=C4C(=O)N3CC5=CC=CO5,0
653520,C1=CSC(=C1)C2=NN=C(O2)C3=C(C4=C(S3)C=C(C=C4)F)Cl,0
653935,C1CCN(CC1)C2=NON=C2N,0
654482,C1=CC=C2C(=C1)C3=NC4=CC=CC=C4C(=O)N3C=N2,0
654596,C1=CC=C2C(=C1)C=C(C(=O)O2)C3=CN4C=CC=NC4=N3,0
654925,C1OC2=C(O1)C=C(C=C2)OCC3=NC(=NO3)C4=CC=CC=C4,0
655156,C1=CC(=CN=C1)C2=NN=C(O2)C3=CC=CS3,0
655428,C1COCCN1C(=O)N2CCOCC2,0
655485,C1CCN(CC1)C2=NC(=NC(=N2)N3CCNCC3)N4CCCCC4,0
656157,C1=CC=C(C=C1)N2C3=C(C=N2)C(=O)OC(=N3)C4=CC=CO4,0
656228,C1CCC2(C1)CC3=CC=CC=C3C4=C2C(=O)N(C5=NN=NN45)C6=CC=CC=C6,0
656265,C1=CC=C(C=C1)C2=C(OC(=C2C#N)/N=C/C3=CC=CO3)C4=CC=CC=C4,0
656582,C1=CC=C2C(=C1)C(=O)[N-]S2(=O)=O.[Na+],0
657302,C1=CC=C(C=C1)C2(C(=O)[N-]C(=O)N2)C3=CC=CC=C3.[Na+],0
657510,CC(C(C)(C)NO)NO.Cl,0
657638,CN1CCN(CC1)CCCCC(=O)C2=CC=CC=C2.Cl,0
657649,C1=CC=C(C=C1)N2NC3=CC=C4C=NN=C4C3=N2,0
657824,CC(C)CN1C2=C(N=C1Br)N(C(=O)N(C2=O)CCC#N)C,0
658033,C1=CC=C(C=C1)C2=C(C(=O)NN2)C(C3=CSC=C3)C(C#N)C#N,0
658123,CCCCCNC1=C(C2=C(CN(CC2)C)C(=N1)N3CCCC3)C#N,1
658254,CN1C2=CC=CC=C2N=C1/N=C/C3=CNC4=CC=CC=C43,0
658268,C1=C(SC(=C1)Br)C2=C(SC(=N2)N)Br,0
658412,C1=CC=C(C=C1)NC2=C3C(=NC=N2)OC4=CC=CC=C4C=N3,0
658463,C1=CC=C2C(=C1)C3=C(N2)C(=O)N(C=N3)CC4=CC=CC=N4,0
658484,C1(=NON=C1C(=O)O)C2=NON=C2C(=O)O,0
658502,CC1(CC2=C(CS1)C(=NC3=C2C(=C(S3)C#N)N)N4CCOCC4)C,0
658581,C1CCN(CC1)C2=NC(=NO2)C3=NON=C3N,0
658727,C1=CC2=C(NC(=S)O2)N=C1,0
658988,CN1CCN(CC1)CCCCOC2=CC=C(C=C2)F,0
659024,C1CC(N(C1)CCC(=O)C2=CC3=C(C=C2)OCCO3)CC4=CC=CC=C4.Cl,1
659039,C1=CC=C(C=C1)C(=O)NC2=CC=CC=C2C(=O)N/C(=N/C3=NC4=CC=CC=C4O3)/N,0
659095,C1=CC=C(C=C1)N=CC2=C(OC(=N2)C3=CC=CO3)OC(=O)C4=COC=C4,0
659115,CC(C(F)(F)F)(C(F)(F)F)NC(=O)NC(=O)N,0
659168,C1COCCN1C2=C(N=C(O2)C3=CC=CO3)S(=O)(=O)C4=CC=CC=C4,0
659226,CCOC(=O)C(C1=C2C3=C(C4=CC=CC=C4C2=O)ON=C3C(=C1)Br)C(=O)OCC,1
659309,CCCCCCN1C(=C(C2=NC3=CC=CC=C3N=C21)C(=O)NCCN4CCOCC4)N,1
659312,C1=CC=C2C(=C1)C(=O)C3=C(O2)N=CC=C3,0
659413,C1=CC=C2C(=C1)C3=C4C(=NO3)C=CC(=C4C2=O)NCC5=CC=CO5,0
659474,C1=CSC=C1S(=O)C2=CSC=C2,0
659526,C(C#N)SC1=NN=C(S1)N,0
659576,C1=CC=C(C=C1)C2=NOC(=N2)C3=CC=CC4=CC=CC=C43,0
659750,C1=CC(=CN=C1)C2=NNC(=S)O2,0
659785,C1=CC=C(C=C1)C2=NC(=NO2)C3=NON=C3N,0
659826,C1=CC=C2C(=C1)NC(=N2)CSC3=NN=C(O3)C4=CC=CO4,0
659875,CN(C)CC#CCOCCOCCC#N,0
659930,C1=CC(=C(C=C1Cl)C2=CC=C(O2)/C=N/C3=NC=NN3)Cl,0
660107,CCOC(=O)C1=C(N(C2=NC3=CC=CC=C3N=C12)CCCOC(=O)C4=CC=CO4)N,1
660266,C1=CC=C2C(=C1)C(=O)N(C2=O)C3=NC=CC=N3,0
660426,C1=CC=C(C=C1)N2C3=C(C=N2)C4=NC(=NN4C=N3)CSC5=NC6=CC=CC=C6S5,0
660586,CN(C)C=NC1=NON=C1N,0
660722,CCCCN1C2=CC=CC=C2N(C1=N)CC(COC3=CC=C(C=C3)C)O.Cl,1
660847,CCOC(=O)CC1=C2C(C(=C(OC2=NN1)N)C#N)C3CCCC=C3,1
660910,C1=CC(=CC=C1C2=CC=NC3=NC(=NN23)N)Cl,0
661148,C1=CC=C(C=C1)N2C3=C(C=N2)C(=O)NC4N3C(=O)C5=CC=CC=C45,0
661263,COC1=CC=C(C=C1)NC2=C(N=C(O2)C3=CC=CS3)C#N,0
661300,C1=CC=C(C=C1)C2=NC(=S)N(N2)C3=CC=CC=C3,0
661324,C1=CC=C(C=C1)C2=NC(=NN2)SCC3=NC(=NC(=N3)NC4=CC=CC=C4)N,0
661406,CC1(CC(=O)C(C(=O)C1)CCCN2C(=O)C3=CC=CC=C3C2=O)C,0
661622,C1=CC=C(C=C1)N2C3=C(C=NC=C3)N=N2,0
661699,CN1CCN(CC1)CCC(=O)N2C3=CC=CC=C3SC4=C2C=C(C=C4)Cl,0
661770,C1COCCN1[C@@H]2CS(=O)(=O)C[C@H]2N3CCOCC3,0
661967,C1=CC=C2C(=C1)C(=NC(=N2)C3=CC=CC=N3)NCC4=CC=CO4,0
662085,C1=CC=C(C=C1)N2C(C3C(O2)C(=O)N(C3=O)C4=CC=CC=C4)C5=CN=CC=C5,0
662185,CN(C)C1=NC(=NC(=N1)OC)N(OC)S(=O)(=O)C2=CC=CC=C2Cl,0
662383,C1=CC=C(C=C1)S(=O)(=O)NC2=NC3=CC=CC=C3N=C2NCC4=CC=CO4,0
662395,C1=COC(=C1)CN2C3=C(C(=O)NC2=O)C(N=C(N3)C4=CC=CO4)(C(F)(F)F)C(F)(F)F,0
662529,C1=CC=C(C=C1)OCC2=NN=C3N2N=C(S3)C4=CC=CO4,0
662593,C1C2=C(C3=CC=CC=C3N2)N(C(=O)N1C=O)C4=CC=C(C=C4)Cl,0
662678,CC(C#N)ON1C(=O)C2=CC=CC=C2N=C1SC(C)C#N,0
662730,C1=CC(=CN=C1)C2=NN=C3N2N=C(S3)C4=CC=CO4,0
662734,C1=CC=C(C=C1)N2C(C3C(O2)C(=O)N(C3=O)C4=CC=C(C=C4)Br)C5=CC=NC=C5,0
662801,CC(C)(C)NC1=NC(=NC(=N1)OC2=NN(C(=O)C=C2)C3=CC=CC=C3)OC,0
662886,C1=COC(=C1)C2=NN=C3N2N=C(S3)C4=CC=C(O4)Br,0
662985,C1=CC=NC(=C1)C2=NN=C3N2N=C(S3)C4=CC=C(O4)Br,0
663015,C1=CC(=CN=C1)C2=NC(=C(C(=C2)C3=CC=CO3)C#N)N,0
663373,CCOC(=O)C(C1=C2C(=C(C(=C1Br)O)O)C(=CO2)C(=O)C3=CC=C(C=C3)C)C(=O)C,1
663416,C1=CC=C2C(=C1)N=C(C(=N2)NS(=O)(=O)C3=CC=CS3)NCC4=CC=CO4,0
663431,C1CCN(C1)C2=NC3=CC=CC=C3N=C2C(C#N)S(=O)(=O)C4=CC=CC=C4,0
663711,CC(=C)COC1=CC(=C(C=C1)C2=C(C=NN2)C3=CC=CC=C3OC)O,1
663732,CN1C2=CC=CC=C2C3(C1=O)C(=C(OC4=NNC(=C34)C5=CC=C(C=C5)Cl)N)C#N,0
663734,COC1=C(C=CC(=N1)C2=CC=CC=C2)C3=NOC(=N3)C4=CN=CC=C4,0
663839,C1CN(CCN1C2=C(N=C(O2)C3=CC=CO3)C#N)C(C4=CC=CC=C4)C5=CC=CC=C5,0
663887,C1CN(CCN1C2=CC=C(C=C2)Cl)C3=NC=NC4=C3OC5=CC=CC=C54,0
664083,COC1=CC=C(C=C1)C2=NC(=C(C=C2)C3=NOC(=N3)C4=CC=CC=C4)OC,0
664098,CCCOC(=O)C1=CC=C(C=C1)OC2=C(NN=C2C3=C(C=C(C=C3)OCC)O)C,1
664161,CCCCNC(=O)CN1CCC2(CCCCC2C1C3=CC=CC=C3OC)O,0
664194,C1=CC=C(C=C1)N2C3=C(C=N2)C4=NC(=NN4C=N3)C5=CC=CO5,0
664328,C1CCN(CC1)C2=C(N=C(O2)C3=CC=CC4=CC=CC=C43)C#N,0
664369,CC(C)C1=NC(=NO1)C2=C(N=C(C=C2)C3=CC=C(C=C3)OC)OC,0
664461,C1C(=O)C2=C(O1)C=CC(=C2)OCC3=CC=C(C=C3)F,0
664462,COC1=C(C=CC(=N1)C2=CC=CC=C2)C3=NOC(=N3)C4=CC=CC=C4F,0
664479,CC(=C)COC1=CC(=C(C=C1)C2=C(C=NN2)OC3=CC=CC(=C3)OC)O,1
664482,COC1=CC=C(C=C1)C2=NC(=C(C=C2)C3=NOC(=N3)C4=CC=CS4)OC,0
664640,C1CCC2(CCN(C(C2C1)C3=CC4=C(C=C3)OCO4)CC5=CC=C(C=C5)F)O,0
664671,C1CN(CCN1C2=CC=CC=C2)C3=C(N=C(O3)C4=CC=CO4)C#N,0
664819,COC1=CC=C(C=C1)C2=NC(=C(C=C2)C3=NOC(=N3)C4=CC=CC=C4OC)OC,0
664937,C1=CC=C(C=C1)N2C(=NC(=N2)NC(=O)C3=CN=CC=C3)N,0
664959,CCOC1=CC(=C(C=C1)C2=NNC(=C2OC3=CC=C(C=C3)OC)C)O,1
665202,C1=CC(=CC=C1C2=NN=C3N2N=C(S3)C4=CC=C(O4)Br)Cl,0
665279,C1=CC=C2C(=C1)C(=O)N(C2=O)C3=CC4=C(C=C3)N=C(N4)C5=CC=CO5,0
665299,C1=CC=C2C(=C1)C(=O)N(C2=O)C3=CC4=C(C=C3)N=C(N4)C5=CC=C(O5)Br,0
665303,C1=CC=C2C(=C1)N=C3N2C4=C(S3)C(=O)N(C4=O)C5=CC=CC=C5Cl,0
665341,C1=COC(=C1)C2=NC=CN2,0
665480,CCC(C)[C@H](C1=NN=C(O1)S(=O)(=O)CC2=CC=CC(=C2)C)NC(=O)OC(C)(C)C,1
665499,C1=CC=NC(=C1)C2=NC(=C(C(=C2)C3=CC=CS3)C#N)N,0
665557,CC(=C)COC1=CC(=C(C=C1)C2=NC(=NC=C2OC3=CC=C(C=C3)OC)N)O,1
665575,CN(C)S(=O)(=O)N1CCC(C(C1)COC2=CC3=C(C=C2)OCO3)C4=CC=C(C=C4)F,0
665693,C1=CC=NC(=C1)C2=NC(=C(C(=C2)C3=CC=CO3)C#N)N,0
665780,C1=CC=C(C=C1)N2C(=NC(=N2)NC(=O)C3=CC=CS3)N,0
665870,C1=CC=C(C(=C1)C2=NN3C(=NN=C3S2)CN4C=NC5=CC=CC=C54)Cl,0
666048,C1=CC=C2C(=C1)N=NN2CC3=NN=C4N3N=C(S4)C5=CN=CC=C5,0
666068,C1=CC=C2C(=C1)N=NN2CC3=NN=C4N3N=C(S4)COC5=CC=C(C=C5)F,0
666070,C1=CSC(=C1)C2=NN3C(=NN=C3S2)C(F)(F)F,0
666397,C1=CC(=CN=C1)C2=NN3C=NN=C3S2,0
666421,C1=CC(=CN=C1)C2=NOC(=N2)C3=CC=C(O3)Br,0
666785,C1=CC=C2C(=C1)C=CC=C2C3=NC4=C(O3)C=CC=N4,0
666827,C1=CC=C2C(=C1)N=NN2CC3=NN=C4N3N=C(S4)C5=CC=CO5,0
667007,C1=COC(=C1)C2=NN3C(=NN=C3S2)C(F)(F)F,0
667115,C1=CC=C(C=C1)NC(=O)C2=C(C3=C(S2)N=C(C=C3)C4=CC=CO4)N,0
667182,C1CCN(C1)C2=NC3=CC=CC=C3N=C2C(C#N)S(=O)(=O)C4=CC=CS4,0
667381,C1=CC=C(C=C1)OCC2=NN3C(=NN=C3S2)CN4C5=CC=CC=C5N=N4,0
669138,C1=CC=C(C=C1)S(=O)(=O)NC2=CC=NC=C2,0
670694,C1=CC=C2C(=C1)C(=O)OC(=N2)C3=CC=CS3,0
671455,COC1=C2C(=C(C=C1)S(=O)(=O)N3C=CN=C3)C=CC=N2,0
671603,C1CCC2=C(CC1)SC(=C2C#N)/N=C/N3CCOCC3,0
672375,CC1=CC=C(C=C1)C2=NOC(=N2)COC3=CC4=C(C=C3)OCO4,0
675436,C1=CC=C2C(=C1)C(=NN=C2N3C4=CC=CC=C4N=N3)C5=CC=C(C=C5)F,0
676486,CC(C)(C)C1=NNC(=S)N(C1=O)N,0
677923,C1=CC=C(C=C1)C2=CC=C(C=C2)N3C=CN=C3,0
684716,C1=CC(=CN=C1)C(=O)NC2=NC(=CS2)C3=CC=C(C=C3)Cl,0
684970,C1=CC=C(C=C1)C2=CN=NN2C3=NON=C3N,0
686004,C1=CC=C(C=C1)C2=C(C(=O)NC(=S)N2)C#N,0
687466,C1=CC=C2C(=C1)N=C(O2)C3=CC4=C(C=C3)N=C(N4)C5=CC=C(C=C5)N,0
687493,C1=CC=C(C=C1)N2C3=C(C=N2)C4=NN=NN4C=N3,0
687922,C1=CC=C2C(=C1)N=NN2CNC3=NN4C(=NN=C4C(F)(F)F)C=C3,0
689404,C1=CC(=CN=C1)/C=N/C2=NC=CS2,0
690672,C1=CC=C(C=C1)N2C(=NN=N2)N3C=CN=C3,0
691239,C1=CC=C2C(=C1)C3=NC=CN=C3C(=O)O2,0
691990,C1=CC=C(C(=C1)NC2=CC=CC=N2)NC3=CC=CC=N3,0
692256,C1CC(=O)N(C1=O)CC(=O)N2C3=CC=CC=C3SC4=CC=CC=C42,0
692942,C1=CC=C(C=C1)C2=NC3=C(C=NN3C4=CC=CC=C4)C(=O)O2,0
692962,C1=CC=C(C=C1)N2C3=C(C=N2)C(=O)OC(=N3)C4=CC=CC=C4F,0
692969,C1=CC=C(C=C1)N2C3=C(C=N2)C(=O)OC(=N3)C4=CC=CS4,0
693841,C1=CC(=CN=C1)NC2=NC(=CS2)C3=CC=CS3,0
693917,C1=CC=C(C=C1)C2=CSC3=C2C4=NN=NN4C=N3,0
695507,C1=CC=NC(=C1)/N=C\2/C(=C(SS2)Cl)Cl,0
695829,C1=CC2=NC(=C(N2C=C1)/N=C/C3=CC=C(C=C3)Cl)C4=CC=CO4,0
697226,CC1=CC(=NC(=N1)NCC2=CC=CC=C2)NC3CCCCC3,0
698133,C1CN(CCC1CC2=CC=CC=C2)CC3=C4C=CC=NC4=C(C=C3)O,1
698541,C1CCN(C1)C2=NC3=NON=C3N=C2N4CCCC4,0
699459,C1=CC=NC(=C1)S(=O)(=O)C2=CC=C(C=C2)Cl,0
699625,C1=CSC(=C1)C2=NC(=NO2)C3=CC=NC=C3,0
699629,C1=CC=NC(=C1)C2=NOC(=N2)C3=CC=CS3,0
699742,C1=COC(=C1)C2=NC(=NO2)C3=CC=NC=C3,0
699787,C1=CN=CC=C1C2=NN=C(O2)C3=CC=NC=C3,0
700979,C1=CC=C(C=C1)C2=NN(C=C2C#N)C3=CC=CC=C3,0
702070,C1=CC=C(C=C1)C2=NN(C=C2C3=NN=C(O3)N)C4=CC=CC=C4,0
702131,COC1=CC=C(C=C1)NC2=C(N=C(O2)C3=CC=C(C=C3)Cl)C#N,0
702440,C1=CC=C(C=C1)/[N+](=C/C2=CC=C(C=C2)OC(F)F)/[O-],0
703829,C1=CC=C2C(=C1)C3=NC4=CC=CC=C4C(=O)N3N5C2=NN=C5,0
704499,C1=CC(=CC=C1NC2=NC(=CS2)C3=CC=NC=C3)Cl,0
704533,C1=CC=NC(=C1)NC2=NC(=CS2)C3=CC=NC=C3,0
704584,C1=CC(=CN=C1)C2=CSC(=N2)NC3=CC=C(C=C3)Cl,0
704601,CN(C)C1=CC=C(C=C1)NC2=NC(=CS2)C3=CN=CC=C3,0
704624,C1=CC=NC(=C1)NC2=NC(=CS2)C3=CN=CC=C3,0
705539,C1=CC=C(C=C1)N=C2C3=CC=CC=C3C(=N2)N,0
706621,C1=CC=C(C=C1)N2N=CC(=N2)C3=NNN=N3,0
707035,C1=CC=C2C(=C1)NC(=S)N2,0
707391,C1=COC(=C1)C2=NN=C(O2)C3=CC=C(C=C3)Cl,0
708443,C1COCCN1S(=O)(=O)C2=C3C=CC=C4C3=C(C=C2)NC4=O,0
709138,CN(C)C1=NC(=NC(=N1)C#N)OC,0
709854,C1CC2=C(C(=C(C=C2Cl)Cl)O)NC1,1
710572,C1=CC=C(C=C1)COC2=CC(=C(C=C2)C3=C(C=NN3)C4=CC=CC=C4)O,1
711110,C1=CC=C2C(=C1)C(=NN3C2=NC4=CC=CC=C4C3=O)NCC5=CC=CO5,0
711946,CCC1=CC2=C(C=C1)N=C3C(=C2N)C(=CC(=N3)C)C,1
712744,C1=CC=C(C=C1)N2C(=NN=N2)N3C=NC4=CC=CC=C43,0
713378,C1=CC(=NN2C1=NN=C2C(F)(F)F)N3C=CN=C3,0
714249,C1=COC(=C1)C2=C(OC(=C2C#N)N)C3=CC=CO3,0
714273,C1CCN(C1)C2=NC(=NC(=N2)C#N)N3CCCC3,0
716904,C1=COC(=C1)C2=NC(=S)NN2,0
716982,C1=CC=C(C=C1)C2=NC(=NN2)SC3=NC=C(C=C3)[N+](=O)[O-],0
717946,C1COCCN1C(=O)C(C(=O)N2CCOCC2)(F)F,0
719245,C1=CC=C(C=C1)N2C=CC=C2C=C3C(=O)C4=CC=CC=C4C3=O,0
721057,CC1=CC(=NC(=N1)NCC2=CC=CC=C2)N3CCOCC3,1
721568,C1=CC2=C(NN=C2C=C1)Br,0
721838,C1=CC=C(C(=C1)C2=CC=C(O2)C=O)OC(F)(F)F,0
722912,C1=CC=C2C(=C1)C(=O)OC(=N2)C3=CN=CC=C3,0
723044,C1=CC=C2C(=C1)C(=CC=N2)C3=NC4=CC=CC=C4N3,0
723698,C1=CC=C2C(=C1)NC(=O)C(=N2)C3=CC=CS3,0
727834,C1=COC(=C1)C2=CSC(=N2)N,0
729563,C1CCN(CC1)C2=NC(=NC(=N2)C#N)N3CCOCC3,0
731741,C1=CC=C(C=C1)C2=NN=C(O2)C3=CC=NC=C3,0
732130,CN(C1CCCCC1)C(=O)/C=C/C2=CC=CC=C2,0
733980,C1COCCN1C2=CC=C(C=C2)NC3=NS(=O)(=O)C4=CC=CC=C43,0
735254,C1=CC=C(C=C1)C2=NNC(=S)O2,0
736370,C1=CC=C2C(=C1)C=NNC2=S,0
737137,C1=CC=C(C=C1)C2=C(NN=C2N)C3=CC=CC=C3,0
737967,C1=CC(=NC=C1C(F)(F)F)N2C=CN=C2,0
738194,C1=CC=C(C=C1)C2=CC=CC=C2N3C=NN=N3,0
738531,C1=CC=C2C(=C1)NC(=N2)C3=NON=C3N,0
740271,CN1CCN(CC1)CCCN2C=NC3=C2C4=CC=CC=C4OC3=O,0
740481,C1=CC=C(C(=C1)C2=NN=C(O2)C3=CN=CC=C3)Br,0
740558,C1=CC=NC(=C1)N2C=NNC2=S,0
741237,C1CCN(CC1)/C=C\2/C(=O)CNC2=O,0
741269,C1=COC(=C1)CNC2=C(N=C(O2)C3=CC=C(C=C3)Cl)C#N,0
742378,CC1(CC2=C(C(N1)(C)C)SC(=C2C#N)/N=C/N3CCOCC3)C,0
742381,CC1(CC2=C(C(N1)(C)C)SC(=C2C#N)/N=C/N3CCCCC3)C,0
744337,CCC(=O)/C=C/1\N(C2=CC=CC=C2S1)CC,0
744338,CCC(=O)/C=C\1/N(C2=CC=CC=C2S1)CC,0
746295,C1=CC=C(C=C1)NC2=NC3=CC=CC=C3C(=O)N2N,0
746609,C1=CC=C(C=C1)NC2=NC(=CS2)C3=CC=NC=C3,0
747845,C1=CC(=O)OC(=C1)C2=CC=C(C=C2)Br,0
749058,C1=CC=C(C=C1)N2C(=O)C3=C(NC2=S)SC=C3C4=CC=CS4,0
749988,C1CN2C(=O)C(=C(N=C2SC1)C3=CC=C(C=C3)Cl)C#N,0
750989,C1CN(CCN1CC2=COC=C2)C3=CC=CC(=C3)C(F)(F)F,0
750996,C1=CC=C(C(=C1)OCC2=NC(=C(O2)NCC3=CC=CO3)C#N)Cl,0
751379,CC(C)SC1=C(N=C(O1)C2=CC=CO2)S(=O)(=O)C3=CC=CC=C3,0
751382,CSC1=C(N=C(O1)C2=CC=CO2)S(=O)(=O)C3=CC=C(C=C3)F,0
752604,C1=CC2=NC(=NC(=O)N2C=C1)C(F)(F)F,0
752705,C1=CC=C(C=C1)C2=NOC(=N2)C3=CC=C(O3)Br,0
752707,C1=CC=C2C(=C1)NC3=C(C=N2)SC(=O)N3,0
752709,C1=CC=NC(=C1)C2=NOC(=N2)C3=CC=C(O3)Br,0
753354,C1=CC=C(C=C1)C2=CC=NC3=NC(=NN23)N4C(=O)C5=CC=CC=C5C4=O,0
754606,C1=CC=C2C(=C1)C=CC=C2/C=C\3/C(=O)N4C(=NC=N4)S3,0
755305,C1=CC=C(C=C1)C2=CN=C(N=C2)C3=CC=CC=C3,0
755373,C1COCCN1C2=NC(=NC(=N2)C#N)N3CCOCC3,0
756149,C1=CC(=CC=C1C2=NN=C(O2)C3=CC=C(C=C3)Cl)F,0
756154,C1=CC=C(C(=C1)C2=NN=C(O2)C3=CC=CC=C3Cl)Cl,0
756156,C1=CC=C(C(=C1)C2=NN=C(O2)C3=CC=C(C=C3)Cl)Cl,0
757416,C1=CC=C(C(=C1)C(F)(F)F)NC2=NC=NC(=N2)N,0
757689,C1=CC=C(C=C1)C2=NC(=NC=C2C#N)NC3=NC4=CC=CC=C4O3,0
757874,C1=CC=C2C(=C1)C=CC=C2C3=NC(=NO3)C4=CC=CC=N4,0
762544,C1=CC(=CC=C1C2=NC3=C(N2)C=CC(=C3Cl)N)N,0
762732,CC1=CC(=C(C2=C1C=CC=N2)O)C,1
762910,CN1CCCN(CC1)CC2=CC=CC=C2C(F)(F)F,0
763006,C1=CC2=NC=C(C(=O)N2C=C1)NC(=O)C3=CC=C(C=C3)F,0
763154,CC1=CC(=CC(=C1C=NCC2=CC=CO2)O)O,1
763606,CN1CCN(CC1)CC2=CC=CC=C2C(F)(F)F,0
763852,C1=CC=C(C=C1)C2=NC(=NO2)C3=CC=NC=C3,0
763880,C1=CC=C(C=C1)C2=NC(=NO2)C3=CC=CC=N3,0
763967,C1CN(CCN1CC2=CC3=C(C=C2)OCO3)C4=CC=C(C=C4)F,0
764835,COC1=C(C=CC(=C1)CN2CCC3=CC=CC=C3C2)O,1
765378,CC(C)N(C1=NN=C(S1)N)C(C)C,0
767187,C1COCCN1C2=NC(=O)SC2,0
768098,C1=CC=C(C=C1)C2=CN=C(N=C2)C3=CC=C(C=C3)Br,0
768478,C1CCC2(CC1)OCC3(CO2)COC4(CCCCC4)OC3,0
768563,C1=CC=C(C=C1)/[N+](=C/C2=CC=NC=C2)/[O-],0
768728,C1CCN(CC1)P(=O)(N2CCCCC2)OCC(C(F)F)(F)F,0
772674,C1=CC2=C(N(C(=S)N=C2C=C1)N)N,0
773928,C1=CC=C(C=C1)C2=CC=C(C=C2)C3=NC(=NO3)C4=CC=NC=C4,0
774866,C1=CC=C(C(=C1)N)NC2=CC=C(C=C2)N,0
775600,CC1=CC(=CC=C1)CN2C=C(C3=CC=CC=C32)C=O,1
775994,CC1=CC(=C(C=C1)O)C2=NNC(=C2)C3=CC=CC=C3C,1
776006,CC1=CC(=C(C=C1)O)C2=CC(=NN2)C3=CC(=CC=C3)F,1
776183,CC(C)(C)C1=CC=C(C=C1)C(=O)CC(=O)C2=C(C=CC(=C2)Cl)O,1
776692,C1=CC=C2C(=C1)NC(=N2)C3=CSC(=N3)N,0
778969,C1=CC=C2C(=C1)N=C(O2)C3=CC=C(C=C3)NC(=O)C4=CN=CC=C4,0
780665,CC1(CC2=C(C(N1)(C)C)SC(=C2C#N)/N=C/N3CCCC3)C,0
780902,C1=CC=C(C=C1)C2=C(C(=S)NC(=C2C#N)N)C#N,0
781345,C1=CC=C(C=C1)C2=CN=NN2C3=CC=C(C=C3)N,0
781875,C1=CC=C(C(=C1)N2C(=S)N=NN2)F,0
782276,CN1CCN(CC1)CC2=CC=C(C=C2)OC(F)(F)F,0
782865,CN1CCN(CC1)CC2=CC(=C(C=C2)OC)OCC3=CC=CC=C3,0
784417,CN1CCC(CC1)N2CCN(CC2)C3=CC=CC(=C3)C(F)(F)F,0
785565,CN1CCN(CC1)CCP(=O)(C2=CC=CC=C2)C3=CC=CC=C3,0
785610,C1=CC2=C(C(=C1)SC3=CC=C(C=C3)[N+](=O)[O-])N=CC=C2,0
785763,C1CCCN(CC1)CC2=CC(=CC=C2)C(F)(F)F,0
786063,CCOC(=O)/C(=C/C1=C(N(C2=C1C=C(C=C2)[N+](=O)[O-])C)C)/C(=O)C,1
786091,CCOC1=CC2=C(C=C1)C=C(C=C2)S(=O)(=O)N3CCCCC3,1
786394,CC(C)(C)C(=O)NC(=C(Cl)Cl)C(=O)N,0
786651,C1=CC=C2C(=C1)N=CN2S(=O)(=O)C3=CC=CC4=C3N=CC=C4,0
790221,CCN(CC)C(=O)C1=CC2=C(C=CC(=C2)Br)OC1=O,1
790225,C1=CC=C2C(=C1)C=CC=C2OC3=NS(=O)(=O)C4=CC=CC=C43,0
792513,C1=CC=C(C=C1)C2=NN3C(=NN=C3Cl)C=C2,0
792578,C1CCCN(CC1)CC2=CC=C(C=C2)C(F)(F)F,0
792665,CN1CCN(CC1)CC2=CC(=CC=C2)OC3=CC=CC=C3,0
798238,CC1=CC(=C2C(=C1)C(=CC(=N2)C)NC3=CC=C(C=C3)C(=O)C)C,1
798247,C1=CC=NC(=C1)C2=NOC(=N2)C3=CN=CC=C3,0
799289,CC1=CC(=C(C=C1)NC(=O)C2=CC=C(O2)[N+](=O)[O-])C,1
799552,C1=CC2=NC3=C(N2C=C1)N=C4N3C=CC=C4,0
799741,C1=CC=C(C=C1)SC2=C(C(=O)N3C=CC=CC3=N2)C=O,0
800025,CC1=CC(=C(C=C1)NC(=S)NCCC2=CNC3=CC=CC=C32)C,1
800487,C1=CC=NC(=C1)SC2=C(C(=O)N3C=CC=CC3=N2)C=O,0
802375,C1=CC=C(C=C1)N2C(=NC(=N2)N3C=NN=C3)N,0
803159,CCOC1=CC=C(C=C1)C(=O)NC2=NC=CC(=C2)C,1
804124,C1=CC=C(C=C1)S(=O)(=O)NC2=CC3=C(C=C2)N=C(N3)C(F)(F)F,0
804966,C1=CC=C2C(=C1)C(=CN2)C3=CSC(=N3)N,0
805075,C1=CC=C2C(=C1)C(=O)N(C(=S)N2)NC(=O)C3=CC=NC=C3,0
808216,C1=CC=NC(=C1)C2=NOC(=N2)C3=CC=NC=C3,0
808827,C1=CC=C(C=C1)C2=NN=C(O2)C3=C(C4=C(S3)C=CC=C4Cl)Cl,0
821749,C1=CC=C(C=C1)C2=C(C(=NN2)C3=CC=CC=C3)C4=NC5=CC=CC=C5N4,0
825459,C1=CC=C2C(=C1)C(=O)N(C2=O)C3=CC=CC=C3S(=O)C(F)(F)F,0
825614,C1=CC=C2C(=C1)C=CC=C2N=CC3=CC=C(O3)C4=CC=C(C=C4)[N+](=O)[O-],0
827914,C1=CC=C(C=C1)NC2=NC3=CC=CC=C3N2N,0
828739,C1=CC=C(C=C1)N2C(=NC(=N2)NCC3=C(C=CC=C3Cl)F)N,0
829955,C1=CC=NC(=C1)C2=NOC(=N2)C3=CC=CO3,0
833466,C=CCC1=C(C=CC(=C1)S(=O)(=O)C2=CC(=C(C=C2)O)CC=C)O,1
833970,CCC1=CC=C(C=C1)CNC2=CC=C(C=C2)O,1
833988,CC1=CC=C(C=C1)CNC2=CC=C(C=C2)O,1
838877,C1=CC=C(C=C1)C2=CC=C(C=C2)C3=NC(=NO3)C4=CC=CC=N4,0
840403,CC(C)N1C2=C(NC1=S)N(C(=O)NC2=O)C,0
846178,CC(C)(C)C1=NN=C(S1)NS(=O)(=O)C,0
848970,CCNC(=S)NC1=NC=CC(=C1)C,1
849399,C1=CC=C(C=C1)N2C(=C(N=N2)C3=CC=C(C=C3)Cl)N,0
849734,CC1=CC(=CC=C1)CN2C3=C(C(=O)C4=CC=CC=C4C3=O)N=N2,1
854635,C1=COC(=C1)C2=C(N=C(C(=N2)C3=CC=CO3)C4=CC=CO4)C5=CC=CO5,0
856373,C1=CSC(=C1)C2=NC=C(O2)C3=CC=C(C=C3)F,0
860841,C1=CC=C2C(=C1)N=C(S2)CN3N=C(N=N3)C4=CC=C(C=C4)Cl,0
867445,C1=CC=C2C(=C1)C(=O)C(=NNC3=CC=CC=C3Cl)C2=O,0
867456,C1=CC=C2C(=C1)NC(=N2)/N=C/C3=CC=CS3,0
868243,CCOC(=O)C1=C(N=C(S1)NC(=O)C2=CC=C(O2)C)C,1
869589,C1=CC(=CC=C1/C=[N+](\C2=CC=C(C=C2)Cl)/[O-])F,0
870241,C1=CC=NC(=C1)CNS(=O)(=O)C2=C3C=CC=C4C3=C(C=C2)NC4=O,0
872263,C1CCN(CC1)C2=NC3=NON=C3N=C2N4CCCCC4,0
873000,C1=CC=C(C=C1)NC2=NC(=CS2)C3=CC=CC=N3,0
877120,C1=CC=C(C(=C1)C2=NC(=NO2)C3=CN=CC=C3)Cl,0
877172,C1COCCN1C2=NSN=C(C2=O)N3CCOCC3,0
877195,C1=CC(=CN=C1)/C=[N+](\C2=CC=C(C=C2)Br)/[O-],0
877224,C1=CC(=CC=C1/[N+](=C/C2=CC=NC=C2)/[O-])Br,0
877917,C1=CC=C(C=C1)C(=O)OC2=CC=C(C=C2)C3=NC(=NO3)C4=CC=CC=N4,0
878801,CC(=O)CC1=C(C2=CC=CC=C2C(=C1)O)OC(=O)C3=CC=CC=C3,1
879024,C1=CC=C(C=C1)C2=CN=C(O2)C3=CN=CC=C3,0
879093,CCOC(=O)C1=C(OC2=C1C(=O)C3=CC=CC=C3C2=O)C,1
883342,C1=CC(=CN=C1)C2=CSC(=N2)NCC3=CC=CO3,0
886264,C1=CC=C2C(=C1)C(=NC(=N2)C3=CN=CC=C3)NCC4=CC=CO4,0
887167,CCOC1=CC2=C(C=C1)N=C(S2)NC(=O)C3=C(OC=C3)C,1
888395,C1=CN=CC=C1C2=NOC(=N2)C3=CC=C(O3)Br,0
888605,C1=CC=C(C=C1)C2=CC=CC=C2N3C(=O)C4=C(C3=O)N=CC=C4,0
889815,C1=CC(=CN=C1)NS(=O)(=O)C2=CC(=C(C=C2)Cl)C(F)(F)F,0
889880,CC(C)(C)NC1=NC(=NC(=N1)SC)OC2=NNC(=O)C=C2,0
889901,CCOC(=O)C1=CC=C(C=C1)N2C(=O)C=C(N2)C3=CC=CC=C3,1
890044,C1=CC=C(C=C1)N2C=NC(=N2)SCC3=CSC(=N3)N,0
891840,C1=CC=C2C(=C1)C(=O)N(C2=O)N3C(=O)C4=CC=CC=C4NC3=O,0
891859,C1CN(CCN1C2=CC=CC=C2)C3=C(N=C(O3)C4=CC=CS4)C#N,0
892116,C1COCCN1C2=C(N=C(O2)C3=CC=CC=C3Cl)C#N,0
892356,C1=CC=C(C(=C1)C2=NC(=NO2)C3=CC=C(C=C3)Cl)F,0
892396,C1COCCN1C2=C(N=C(O2)C3=CC=CS3)C#N,0
892464,C1=COC(=C1)CNC2=C(N=C(O2)C3=CC=CS3)C#N,0
892637,CC1=CC(=C(C=C1)N2CCN(CC2)C(=O)C3=CC=CC=C3)C,1
893880,C1=CC=C2C(=C1)N=C(S2)NS(=O)(=O)C3=CC=C(S3)Cl,0
894147,CC(C)(C)C1=CSC(=N1)NC2=NS(=O)(=O)C3=CC=CC=C32,0
894252,CN(CC(=O)NC1CC1)S(=O)(=O)C2=CC=C(C=C2)OC,1
900038,CCOC(=O)C1=C(OC2=CC(=C(C(=C21)O)O)SC3=CC=CC=C3)C,1
913777,COC1=CC=C(C=C1)C2=NC(=C(C=C2)C3=NOC(=N3)C4=CC=CO4)OC,0
913800,COC1=C(C=CC(=N1)C2=CC=CC=C2)C3=NOC(=N3)C4=CC=CO4,0
913801,COC1=C(C=CC(=N1)C2=CC=CC=C2)C3=NOC(=N3)C4=CC=CS4,0
914318,CC1=NC(=CC=C1)/N=C/C2=C(C=CC3=C2C4=C(O3)CCCC4)O,1
914513,C1=CC=C2C(=C1)N=C(O2)SCC3=C(N4C=CC=CC4=N3)Cl,0
914556,C1=CC=C2C(=C1)N=C(O2)SCC3=CSC(=N3)CC#N,0
915628,C1=CC=C2C(=C1)C3=C(N2)C(=O)N(C=N3)CC4=CC=CO4,0
916217,C1=CC=C(C=C1)N2C=NC3=C(C2=O)C(=CS3)C4=CC=CS4,0
919150,C1=CC2=[N+](ON=C2C3=C1N=NC=C3)[O-],0
921839,C1=CC(=CC=C1S(=O)(=O)NC2=NC=NN2)Cl,0
931812,CCOC(=O)C1=CN=C(N=C1NC2CCCC2)N3C(=CC(=N3)C)C,1
934799,C1CCN(CC1)C2=NC(=O)N3CCOC3=N2,0
938529,C1=CC=C(C=C1)OCC2=NN=C3N2N=C(S3)C4=CC=CC=C4Cl,0
939955,C1=CC=C2C(=C1)C3=NC4=CC=CC=C4N3C(=N2)C(F)(F)F,0
942367,CCC1=CC=C(C=C1)C(=O)CN(C#N)C2=NC(=CC(=N2)C)C,1
942455,CC(=C)COC1=CC(=C(C=C1)C2=C(C=NN2)C3=CC=CC=C3)O,1
942608,CC(=C)COC1=CC(=C(C=C1)C2=C(C=NN2)C3=CC=C(C=C3)OC)O,1
943085,C1=CC=C(C=C1)N2C3=C(C=N2)C4=NN=CN4C=N3,0
944388,C1=CC(=CC=C1SC2=NC3=NC=NC(=C3N2)N)Cl,0
946201,COC1=CC=C(C=C1)NC2=C(N=C(O2)C3=CC=CC=C3Cl)C#N,0
947809,CC1=CC(=CC=C1)CSC(=C(C#N)C#N)NC2=CC=C(C=C2)F,1
951671,C1=CC=C(C=C1)C2=C(NC(=S)NC2=O)N,0
954445,C1C2=CC=CC=C2CN1C3=CC=CC(=C3)C(F)(F)F,0
956345,C1=CC=C2C(=C1)C=CC=C2C3=NC(=NO3)C4=CC=NC=C4,0
969629,C1OC2=C(O1)C=C(C=C2)OCC3=NNC(=S)N3C4=CC=CC=C4,0
970007,C1=CC(=CN=C1)C(=O)N2C(=NC(=N2)C3=CC=CO3)N,0
971718,C1=CC(=CN=C1)C(=O)N2C(=NC(=N2)C3=CC=C(C=C3)Cl)N,0
971790,CCN1CCN(CC1)C(=O)NC2=CC=CC(=C2)C(F)(F)F,0
972417,C1=CC=NC(=C1)C2=CSC(=N2)NC3=CN=CC=C3,0
973172,C1=CC(=CN=C1)NC2=NC(=CS2)C3=CC=NC=C3,0
976058,C1=CC=C(C=C1)C2=CC=CC=C2C3=NC(=NO3)C4=CC=CC=C4,0
976211,C1=CC=C(C=C1)C2=CC=CC=C2C3=NC(=NO3)C4=CN=CC=C4,0
976766,C1=CC=C2C(=C1)N(C(=O)C=[N+]2[O-])OCC3=CC=CC=N3,0
977044,C1=CC=C(C=C1)N2C=C(C(=N2)C3=CC=CO3)C#N,0
980411,C1COCCN1C2=NC(=O)N(C=C2)C3=C(OC(=N3)C4=CC=CC=C4)C5=CC=CC=C5,0
984143,CCCC1=CC(=C(C=C1O)O)C2=NNC(=C2C3=CC=C(O3)C(=O)OCC)C,1
984148,CCCC1=CC(=C(C=C1O)O)C2=C(C=NN2)C3=CC=C(O3)C(=O)OCC,1
987219,C1CCN(CC1)C2=CC=C(C=C2)NS(=O)(=O)C3=CC=CC4=C3N=CC=C4,0
990315,C1=CC=C(C=C1)C2=NC3=C(C(=C2)C4=CC=CO4)C5=C(O3)C(=O)N(C=N5)NC=O,0
991372,CC1(CC2=C(C(C3=C(O2)CC(CC3=O)(C)C)C4=C(C=C(C=C4)O)O)C(=O)C1)C,1
992588,CCC1=CC=C(C=C1)S(=O)(=O)NC2=CC(=C(C3=CC=CC=C32)O)SCC(=O)O,1
992727,CC1=CC(=CC(=C1OCC(=O)NC2=CC=C(C=C2)NC(=O)C)C)SC,1
1017166,CCOC1=C(C=CC(=C1)CNC2=CC=C(C=C2)O)OCC3=CC=C(C=C3)Cl,1
1033156,C1CCN(C1)S(=O)(=O)C2=CC=C(C=C2)C3=CSC(=N3)C4=CN=CC=C4,0
1038406,C1=CC=C(C=C1)C(C2=CC=CC=C2)C(=O)NC3=CC=C(C=C3)C4=NN=C(O4)C5=CC=CO5,0
1040554,C1=CC=C(C=C1)S(=O)(=O)N2C3=C(C=CC(=C3)Cl)OC4=NC5=CC=CC=C5N=C42,0
1046840,C1=CC=C(C=C1)N2C(=NN=N2)C3=CN=C(N=C3C4=CC=CS4)C5=CN=CC=C5,0
1046865,C1=CSC(=C1)C2=NC(=NC=C2C3=NN=NN3C4=CC=C(C=C4)Cl)C5=CC=NC=C5,0
1050781,CCOC(=O)N1CCC2=C(C1)SC(=C2C(=O)NC3=C(C=C(C=C3)OC)OC)NCC4=CC=CS4,1
1067897,CCOC1=C(C=CC(=C1)CN2CCN(CC2)C3=CC=CC(=C3)C(F)(F)F)O,0
1082707,CCC1=CC(=C(S1)NC(=O)C2=CC=C(C=C2)N3C(=O)CCC3=O)C(=O)OCC,1
1087196,CC(C)(C)NC1=NC(=NC(=N1)SC)OC2=NN(C(=O)C=C2)C,0
1090305,CCOC(=O)N1CCN(CC1)CC2=C3C=CC=NC3=C(C=C2)O,1
1090312,CC1=CC=CC=C1NCC2=C3C=CC=NC3=C(C=C2)O,1
1090944,C1=CC=C(C=C1)S(=O)(=O)NC2=CC=CC3=NSN=C32,0
1094906,CN1C2=C3C(=C(C=C2)S(=O)(=O)NC4=CC=CC=N4)C=CC=C3C1=O,0
1096301,C1CCN(CC1)S(=O)(=O)C2=CC=C(C=C2)NC3=NS(=O)(=O)C4=CC=CC=C43,0
1111827,C1COCCN1C2=NC(=NC(=N2)NC3=NC(=CS3)C4=CC=CC=C4)N5CCOCC5,0
1117367,CC1=CC=C(C=C1)S(=O)(=O)N(CC(=O)NC2=CC(=C(C=C2)Cl)[N+](=O)[O-])C3CCCCC3,1
1121839,CC(=O)CCS(=O)(=O)C1=CC=C(C=C1)OC2=CC=C(C=C2)S(=O)(=O)CCC(=O)C,1
1122276,C1=CC=C(C=C1)C2=NOC(=N2)C3=CN=CC=C3,0
1123682,C1CSC2=NC(=C(N21)/N=C/C3=CC=C(C=C3)OC(F)F)C4=CC=C(C=C4)OC(F)F,0
1132555,CCOC1=C(C=CC(=C1)C2=C3CCC4=CC=CC=C4C3=NC(=C2C#N)N)O,1
1148531,CCOC(=O)C1=CC=C(C=C1)NC(=S)NC2CC(NC(C2)(C)C)(C)C,1
1151381,CC1=CC=C(C=C1)S(=O)(=O)N2CCN(CC2)CC3=C(C=CC(=C3)Br)O,1
1160940,C1=CC=C(C=C1)C2=NN=C(O2)SC(=O)N3C4=CC=CC=C4SC5=CC=CC=C53,0
1166128,C1=CC=C2C(=C1)N(C3=C(S2)C=CC(=C3)C(F)(F)F)C(=O)CN4N=C(N=N4)C5=CC=CS5,0
1179668,CCOC(=O)C1CCN(CC1)C(=O)C2=C(OC3=C2C(=O)C4=CC=CC=C4C3=O)C,1
1180539,CCC1=CC(=C(C=C1OC)O)C2=NC(=NC=C2C3=CC=C(C=C3)Br)N,1
1183884,CCC1=CC=C(C=C1)S(=O)(=O)N(C2=CC3=C(C=C2)OC(=C3C(=O)OCC)C)C(=O)C4=CC=NC=C4,1
1190555,CCOC(=O)C1=CN=C2C=CC(=CC2=C1NCCC3=CC(=C(C=C3)OC)OC)C,1
1190602,CCOC(=O)C1=CN=C2C=CC(=CC2=C1NCCC3=CC(=C(C=C3)OC)OC)OC,1
1190610,CCOC1=CC2=C(C(=CN=C2C=C1)C(=O)OCC)NCCC3=CC(=C(C=C3)OC)OC,1
1210990,C1=CC=C(C=C1)C2=NC3=NN=NN3C=C2,0
1211574,C1=CC=C2C(=C1)N=C3C(=N2)OC4=CC=CC=C4N3S(=O)(=O)C5=CC=C(C=C5)Cl,0
1214599,C1=CC(=CN=C1)C2=NN=C(C3=NOC=C23)C4=CC=C(C=C4)Br,0
1234055,C1=CC=C(C=C1)OCC2=NN3C(=NN=C3S2)CN4C=NC5=CC=CC=C54,0
1234057,C1=CC=C2C(=C1)N=CN2CC3=NN=C4N3N=C(S4)C5=CC=CS5,0
1234059,C1=CC=C2C(=C1)N=CN2CC3=NN=C4N3N=C(S4)C5=CN=CC=C5,0
1244565,C1(=C(SN=C1C(=O)O)Cl)Cl,0
1244669,C1CCCN(CC1)C2=C(N=C(O2)C3=CC=CO3)S(=O)(=O)C4=CC=CC=C4,0
1244673,C1=CC=C(C=C1)S(=O)(=O)C2=C(OC(=N2)C3=CC=CO3)NCC4=CC=CO4,0
1244750,C1CCN(CC1)C2=C(N=C(O2)C3=CC=CC=C3F)S(=O)(=O)C4=CC=C(C=C4)F,0
1246088,C1=CC=C(C(=C1)C2=CSC(=N2)NC(=O)C3=CN=CC=C3)Cl,0
1246952,C1=CC=C(C(=C1)C2=NN=C(O2)NC(=O)C3=CN=CC=C3)Cl,0
1247773,CC1=CC(=CS1)C(=O)N2CCN(CC2)C/C=C/C3=CC=CC=C3,1
1251530,C1=CC2=C(C(=C1)OC3=NN=NN3C4=CC=C(C=C4)C(=O)O)N=CC=C2,0
1252345,CCOC(=O)NC1=CC2=C(C=C1)N(C3=CC=CC=C3S2)C(=O)CCN4CCOCC4,0
1253223,C1CN(CCN1C2=CC=CC=N2)C3=NC4=CC=CC=C4N=C3NS(=O)(=O)C5=CC=C(C=C5)Cl,0
1253511,COC(=O)NC1=C(C=CC(=C1)C(F)(F)F)N2CCN(CC2)C3=CC=CC=C3,0
1254875,C1=CC=C2C(=C1)C(=O)OC(=N2)C3=CC=C(O3)Br,0
1258447,C1CCCN(CC1)C(=O)N2CCN(CC2)S(=O)(=O)N3CCCCC3,0
1259020,C1=CC(=CC(=C1)C2=CN(N=C2N)S(=O)(=O)C3=CC=C(C=C3)Cl)C#N,0
1263144,COC1=NC=C(C=C1)NS(=O)(=O)C2=CC=C(C3=CC=CC=C32)OC,0
1265263,C1=CC=C(C=C1)C2=NOC(=N2)CSC3=NN=C(O3)C4=CC=C(C=C4)Cl,0
1266395,C1=CC=C(C=C1)C2=CC(=O)N3C(=N2)N=C(N3)C4=CC=CO4,0
1268818,C1=CC=C(C=C1)C2=NN3C(=NN=N3)C4=CC=CC=C42,0
1269845,C1=CNC(=S)NC1=O,0
1290765,CC1=CC(=C(C(=C1)C)S(=O)(=O)NC2=CC=C3CCC4=C3C2=CC=C4)C,1
1295053,C1CN(CCC1NC(=S)NC2=CC(=C(C=C2)Cl)Cl)CC3=CC=CC=C3,1
1307930,C1=CC=C(C=C1)N2C=C(C(=N2)C3=CC=NC=C3)C(=O)N4C5=CC=CC=C5N=N4,0
1311254,C1=CC=C(C=C1)NC2=NC(=CC=C2)NC3=CC=CC=C3,0
1316457,CN(C)C1=C(N=C(O1)C2=CC=CC=C2OC)S(=O)(=O)C3=CC=C(C=C3)Cl,0
1325905,C1CN(CCN1C2=CC=CC=C2F)C3=NC4=CC=CC=C4N=C3NS(=O)(=O)C5=CC=C(C=C5)Cl,0
1329834,C1=CC=C(C=C1)S(=O)(=O)NC2=CC=C(C=C2)S(=O)(=O)NC3=CC=CC4=CC=CC=C43,0
1333712,C1=CC=C(C=C1)NS(=O)(=O)C2=CC=C(C=C2)NS(=O)(=O)C3=CC=CC=C3,0
1349072,CC1=CC(=C(C=C1)O)C2=CC3=CC=CC=C3N2,1
1354923,C1=CC=C(C(=C1)C2=NN=C(O2)C3=CC=C(C=C3)Br)Br,0
1362916,C1=COC(=C1)C2=NN=C(O2)C3=CC=C(C=C3)Br,0
1369549,C1=CC=C(C=C1)N2C=CC(=N2)NS(=O)(=O)C3=CC=C(C=C3)Br,0
1378417,CCCN1CCC(CC1)N2CCN(CC2)C3=CC=CC(=C3)C(F)(F)F,0
1380883,CC1=C2C=CC(=NC2=C(C=C1)O)C,1
1382506,CC1CCN(CC1)C(=O)C2=C(OC3=C2C(=O)C4=CC=CC=C4C3=O)C,1
1399126,CCOC1=CC=C(C=C1)N=CC2=C(N(C(=O)NC2=O)C3=CC(=C(C=C3)C)C)O,1
1399583,COC1=CC=C(C=C1)NC2=NC=NC3=C2OC4=CC=CC=C43,0
1399755,CC1=CC(=C(C=C1)N(CC2=CC(=O)NC3=CC=CC=C32)C(=O)CCl)C,1
1409855,C1=CC=C(C=C1)C2=NN(C=C2C(=O)N3C4=CC=CC=C4N=N3)C5=CC=CC=C5,0
1421903,C1=COC(=C1)CN2C3=C(C(=O)NC2=O)C(N=C(N3)C4=CC=C(C=C4)C#N)(C(F)(F)F)C(F)(F)F,0
1447291,C1CN(CCN1C2=NC(=CS2)C3=CC=C(C=C3)F)S(=O)(=O)C4=CC=CC5=CC=CC=C54,0
1454981,CC1=CC(=C(C=C1)C)N(CC(=O)NC2CCCC2)C(=O)C3=C(C=C(O3)C(C)(C)C)C,1
1454983,CC1=C(C(=CC=C1)C)N(CC(=O)NC2CCCC2)C(=O)C3=C(C=C(O3)C(C)(C)C)C,1
1468279,CC1=CC=C(C=C1)C(=O)NC2=NC(=C(S2)C(=O)NC3=CC4=C(CCC4)C=C3)C,1
1471583,C1COCCN1C2=NC(=CSC(=C2C#N)NC3=CC=CC=C3)C4=CC=C(C=C4)Br,0
1473320,C1=CC=C(C=C1)NC2=NC3=CC=CC=C3N4C2=NN=C4,0
1474735,C1=CC(=C2C=CC3=CC=CN3C2=C1)NS(=O)(=O)C4=CC=CS4,0
1476045,C1=CC(=C(C(=C1)Cl)Cl)OC2=CN=NS2,0
1477389,COC1=CC=C(C=C1)S(=O)(=O)NC2=C3C=CC=CC3=NC(=O)N2C4=CC=CC=C4,0
1477392,C1=CC=C(C=C1)N2C(=C3C=CC=CC3=NC2=O)NS(=O)(=O)C4=CC=CC=C4,0
1477393,C1=CC=C(C=C1)N2C(=C3C=CC=CC3=NC2=O)NS(=O)(=O)C4=CC=C(C=C4)Cl,0
1477460,CN1C(=C(C(=N1)C2=CC=CC=C2)C3=NC(=NO3)C4=CC=CC=C4Cl)Cl,0
1477791,C1=CC=C(C=C1)C2=NC=CC(=N2)C3=CC=C(C=C3)N4C=NC5=CC=CC=C54,0
1477814,C1=CC=C2C(=C1)N=CN2C3=CC=C(C=C3)C4=NC(=NC=C4)C5=CC=NC=C5,0
1480180,CC1=CC=C(C=C1)CSC2=NC3=C(CCCC3)C(=N2)NC,1
1480415,C1=CC=C(C=C1)C2=CC=NC3=C(C=NN23)C#N,0
1480425,C1=CC=C2C(=C1)N=CC(=N2)SC3=CC=C(C=C3)Cl,0
1480652,C1CSC2=NC=C(C(=O)N21)C3=CC=NN3C4=CC=C(C=C4)C#N,0
1480653,C1CSC2=NC=C(C(=O)N21)C3=CC=NN3C4=CC=C(C=C4)F,0
1480655,C1CSC2=NC=C(C(=O)N21)C3=CC=NN3C4=CC=CC=C4F,0
1482680,CC1=CC(=C(C=C1)C)CSC2=NC3=CC(=C(C=C3C(=N)N2CC4=CC=C(C=C4)OC)OC)OC,1
1485381,C1=CC=C(C=C1)C2=NC3=C(C(=O)O2)SC=C3,0
1485387,C1=CC(=CC=C1C2=NC3=C(C(=O)O2)SC=C3)F,0
1486592,CN(C)C1=NC(=C(C(=O)O1)C#N)NC2=CC=C(C=C2)OC,0
1487778,C1=CC=C2C(=C1)C=CC(=N2)C3=C(C=CS3)Cl,0
1488442,C1=CC(=CN=C1)C2=NC(=CS2)C3=C(C=CS3)Cl,0
1489267,CC1=CC=C(C=C1)CSC2=NC3=CC(=C(C=C3C(=N)N2CC4=CC(=C(C=C4)OC)Cl)OC)OC,1
1500010,C1CCN(CC1)C2=NN=C(S2)N,0
1506319,C1=CC=C2C(=C1)N=C(C3=NN=NN23)NC4=CC(=CC=C4)F,0
1507303,C1=CC2=C(C(=C1)NS(=O)(=O)C3=CC=C(C=C3)F)NN=C2,0
1520091,C1COCCN1C2=NC(=NC(=N2)OC3=NN(C(=O)C=C3)C4=CC=CC=C4)N5CCOCC5,0
1527238,COC1=C(C=C2C(=C1)CCN=C2C3=CC=C(O3)C4=C(C=C(C=C4)Cl)Cl)OC,1
1531668,CC(C)C1=NN=C(S1)NS(=O)(=O)C,0
1536623,CC1=CC(=C(N1CCC2=CC=CC=C2)C)C(=O)CCl,1
1537017,CCOC1=CC=C(C=C1)N2C(=CC(=C2C)C(=O)CCl)C,1
1540666,CC1CCN(CC1)S(=O)(=O)C2=CC3=C(C=C2)C4=C(C3=NO)C=C(C=C4)S(=O)(=O)N5CCC(CC5)C,1
1541680,CC1=CC(=C(C(=C1)C)S(=O)(=O)NC2=CC3=C(CCC3)C=C2)C,1
1547787,CC1=NOC(=C1C2=CC3=C(C=C2)OCCO3)C4=C(C=C(C=C4)OC)O,1
1548943,CC(C)/C=C/CCCCC(=O)NCC1=CC(=C(C=C1)O)OC,1
1550232,COC1=C(C=CC(=C1)/C=C/2\CCC/C(=C/C3=CC(=C(C=C3)O)OC)/C2=O)O,1
1550234,COC1=C(C=CC(=C1)/C=C\2/C(=O)/C(=C/C3=CC(=C(C=C3)O)OC)/CCC2)O,1
1550489,C1=CNC(=S)N=C1,0
1555810,C1=CC=C2C(=C1)N=C3N2C(=O)/C(=C\C4=CN=CC=C4)/S3,0
1575611,C1=CC=C(C=C1)/[N+](=C\C2=CC=C(C=C2)F)/[O-],0
1576577,C1=CC=C(C=C1)OCCSC2=NN=C3N2C4=CC=CC=C4S3,0
1588118,CCCCCOC1=CC=C(C=C1)NP(=O)(C)OC2=C(C=C(C=C2)Cl)Cl,1
1602469,CCCCCCN(C1=CC=CC=C1)C(=O)CCl,0
1607557,CCCCCCCN1C2=CC=CC=C2C(=C(C1=O)C(=O)OC)N,1
1625575,CCOC(=O)/C=C/S(=O)(=O)C1=CC=C(C=C1)NC(=O)C,1
1630758,CCCOC1=CC=C(C=C1)CN2C3=C(C=CC=C3C(=O)C2=O)C,1
1714723,C1=CC=C(C=C1)OP(=O)(NS(=O)(=O)C2=CC=C(C=C2)Cl)OC3=CC=CC=C3,0
1714724,C1=CC=C(C=C1)OP(=O)(NS(=O)(=O)C2=CC=C(C=C2)Br)OC3=CC=CC=C3,0
1716379,CCCCCN1CN(C(=S)SC1)CC2=CC=CC=C2,1
1720676,C1=CC=C(C(=C1)C(=O)O)NS(=O)(=O)C2=C3C=CC=C4C3=C(C=C2)NC4=O,0
1720712,C1=CC=C(C=C1)OP(=O)(NS(=O)(=O)C2=CC=CC=C2)OC3=CC=CC=C3,0
1736240,CC1=C(N(C2=C1C=C(C=C2)C(=O)OCCCN(C)C)CC3=CC=CC=C3)C,1
1741662,CCCCOC1=CC(=CC=C1)OCC(=O)NC2=NC3=CC=CC=C3N2,1
1745029,CCN1C2=C(C=C(C=C2)CN3CCN(CC3)CC4=CC=C(C=C4)Br)C5=CC=CC=C51,1
1749332,CC1=CC(NC2=C1C=C(C=C2)OC(=O)CN3C(=O)CCC3=O)(C)C,1
1751796,CCOC1=C(C(=CC(=C1)/C=C\2/C(=O)/C(=C/C3=CC(=C(C(=C3)Cl)O)OCC)/CCC2)Cl)O,1
1782673,CC1=C(C=CC(=C1)N2CCOCC2)/C=C\[N+](=O)[O-],1
1811924,CCOC(=O)C(=CC1=CC(=O)C(=CO1)OC)C(=O)OCC,1
1818715,C1=CC2=C3C(=C1)N=C4N(C3=CC=C2)C(=CS4)C5=CC=C(C=C5)Cl,0
1858219,C1=CC(=CN=C1)/C=C\2/C(=O)C3=C(O2)C=C(C=C3)OS(=O)(=O)C4=CC=C(C=C4)F,0
1861575,CC1=CC(=NN1CC(=O)N2C3=CC=CC=C3SC4=C2C=C(C=C4)C(F)(F)F)C,0
1883413,C1=CC=C(C=C1)N2C(=NC(=N2)NC(=O)C3=CC=C(C=C3)Cl)N4C(=O)C5=CC=CC=C5C4=O,0
1894065,C1=CC=C(C=C1)NN2C(=N/C(=C/C3=CC=CS3)/C2=O)C4=CC=CS4,0
1895893,CCCCCCNC(=O)C1=CN(C2=CC(=C(C=C2C1=O)F)N3CCN(CC3)C)CC,1
1897227,CC(C)(C)N1CC2(CC(C1)(CN(C2)C(C)(C)C)[N+](=O)[O-])[N+](=O)[O-],0
1909422,C1=CSC(=C1)C2=CSC3=C2C(=O)N(C=N3)C4=CC=C(C=C4)Br,0
1910325,CCCCOC1=CC=C(C=C1)CSCCNC(=S)NC2=CC=CC=C2,1
1915407,CC(C)(C#N)N(C=C[N+](=O)C(C)(C)C#N)[O-],0
1922813,CCC(CC)(C(=O)/C=C/C1=CC(=CC=C1)Br)C(=O)OCC,1
1946433,C1=CC=C2C(=C1)C=CC=C2C3=NC(=NO3)C4=CN=CC=C4,0
1950548,C1=CC=C(C(=C1)C2=NC(=NO2)C3=CC=CC=C3F)C(=O)NC4=CN=CC=C4,0
1951332,CCCCCN1C(=C(C2=NC3=CC=CC=C3N=C21)C(=O)OCC)NC(=O)C4=CC=CO4,1
1952833,CCCCCCCCN1C2=CC=CC=C2C(=C(C1=O)C(=O)OC)N,1
1961574,C1=CC(=CN=C1)/C=C\2/C(=O)C3=C(O2)C=C(C=C3)OS(=O)(=O)C4=CC=C(C=C4)Cl,0
1964281,C1=CC=C2C(=C1)N=NN2CC3=NN=C4N3N=C(S4)C5=CC=CS5,0
1964370,CCCCCOC1=CC=C(C=C1)NC(=O)CSC2=CC=CC3=C2N=CC=C3,1
1970162,C1=CC=C(C=C1)N2C3=C(C=N2)C(=O)N(C=N3)CC4=CC=CO4,0
1970518,C1=CC=C(C=C1)C2=CC=CC=C2C3=NC(=NO3)C4=CC=NC=C4,0
1970994,C1=CC=C(C=C1)N2C(=NC(=N2)NC(=O)C3=CC=C(C=C3)F)N4C(=O)C5=CC=CC=C5C4=O,0
1999108,CC1=C(C(=NN1)C2=C(C=C(C=C2)OCC(=C)C)O)C3=CC=C(C=C3)Br,1
2000920,COC1=C(C=CC(=N1)C2=CC=C(C=C2)Cl)C3=NOC(=N3)C4=CC=CS4,0
2020334,CCCCC1=CC=C(C=C1)NC(=S)NCCC2=CC=C(C=C2)F,1
2021036,COC1=CC=C(C=C1)C2=NC(=C(C=C2)C3=NOC(=N3)C4=CC=CC=C4F)OC,0
2021530,C1CN(CCN1C2=CC=CC=C2)C3=C4C(=CSC4=NC=N3)C5=CC=CS5,0
2029348,C1=CC=C2C(=C1)C=CC(=N2)C3=NNC(=S)O3,0
2041565,CC(=C)COC1=CC(=C(C=C1)C2=NC(=NC=C2C3=CC=C(C=C3)Br)N)O,1
2052050,C1CN(CCN1)CCC#N,0
2053017,CC(C)SC1=C(N=C(O1)C2=CC=CO2)S(=O)(=O)C3=CC=C(C=C3)F,0
2053031,CSC1=C(N=C(O1)C2=CC=CO2)S(=O)(=O)C3=CC=C(C=C3)Br,0
2055677,CCCCC1=CC=C(C=C1)N/C(=N/C2=NC(=CC(=N2)C)C)/N,1
2059922,C1=CC=C2C(=C1)N(C(=O)N2S(=O)(=O)C3=CC=CS3)S(=O)(=O)C4=CC=CS4,0
2063397,C1COCCN1C(=O)C(C(C(C(C(=O)N2CCOCC2)(F)F)(F)F)(F)F)(F)F,0
2064549,C1=CC=C2C(=C1)NC(=N2)CSC3=NN=C(O3)C4=CN=CC=C4,0
2084051,C1=CC=C2C(=C1)C3=C(O2)C(=NC=N3)NS(=O)(=O)C4=CC=C(S4)Cl,0
2084273,C1CCC(CC1)CNC(=O)C2=CC=CC(=C2)C3=CC=C(C=C3)O,1
2084566,C1=CC=C(C=C1)C2=NN=C(O2)CSC3=NN=C(O3)C4=CC=CS4,0
2089487,CCOC(=O)C1CCN(CC1)C(=O)COC(=O)C2=CC=C(O2)[N+](=O)[O-],1
2089900,C1=CC=C(C(=C1)C2=NN=C(O2)COC3=CC=CC4=C3N=CC=C4)Br,0
2103959,CC1=CC(=C(N1C2=NOC(=C2)C)C)C(=O)CCl,1
2109248,C1C2=C(C(=C(N=C2N(C1=O)C3=CC=CC=C3C4=CC=CC=C4)N)C#N)N,0
2109630,CC1=C(C=CC(=C1)NC(=O)COC(=O)C)Br,1
2110554,C1=CC=C(C=C1)C2=C(NN=C2C3=NC4=CC=CC=C4N3)C5=CC=CO5,0
2112934,C1=CSC(=C1)C2=CSC3=C2C(=O)NC(=N3)CSC4=NNC(=N4)N,0
2115017,CCCCC1=CC=C(C=C1)NC(=O)CN(C)CC(=O)NC2=CC=CC=C2Cl,1
2118060,CCOC(=O)C1=C(NC(=C1C)C(=O)COC2=CC3=C(C=C2)OCO3)C,0
2122091,CC1=C(C(=NO1)C)COC(=O)CCN2C3=CC=CC=C3SC4=CC=CC=C42,0
2122975,C1=CC=C2C(=C1)C(=O)N(N=N2)CC3=NN=C(O3)C4=CC=CC=C4Br,0
2123204,CC(C)C1=C(SC(=N1)C2=C(N(C(=O)N(C2=O)C)C)N)C(=O)C(C)(C)C,0
2124908,C1COCCN1C2=CC=CC=C2NS(=O)(=O)C3=CC=C(S3)Cl,0
2133311,CCCCC1=C(C(=C2NC3=CC=CC=C3N2C1=O)C#N)C,1
2133717,C1=CC=C2C(=C1)N=C(O2)SCC3=C(N4C=CSC4=N3)Cl,0
2140730,C1=CSC(=N1)N/C=N/C2=NC=CS2,0
2141383,C1=CC=C2C(=C1)C(=C(O2)C(=O)N)NC(=O)C3=NC4=CC=CC=C4S3,0
2147485,CCCOC1=C(C=C(C(=C1)C)S(=O)(=O)NC2CC(NC(C2)(C)C)(C)C)C,1
2147527,C1CN(CCN(C1)C(=O)N2CCOCC2)C(=O)N3CCOCC3,0
2150735,CC1=C2C(=C(C=C1)Cl)SC(=N2)NC(=O)C3CC3,1
2155097,CCCCN(CCCNC1=NC=NC2=C1NC=N2)C3=CC=CC=C3,1
2170706,COC1=C(C(=CC(=C1)/C=C\2/CCC/C(=C\C3=CC(=C(C(=C3)Cl)OC)O)/C2=O)Cl)O,1
2185406,C1=CC=C(C=C1)/C=C\2/C3=CC=CC=C3C(=O)N2,0
2190747,CCCCNS(=O)(=O)C1=CC=C(C=C1)NC(=O)C2C3=CC=CC=C3OC4=CC=CC=C24,0
2192496,CC(C(C(=O)OC)C(=O)OC)C(C(=O)OC)C(=O)OC,0
2192693,CCCCC1=CC=C(C=C1)NC(=S)NCC2=CC=C(C=C2)OC,1
2201573,C1=CSC(=C1)C2=C(N=NN2C3=NON=C3N)C(=O)O,0
2207293,C1=CSC(=C1)S(=O)(=O)NC2=CC=C(C=C2)S(=O)(=O)NC3=NC=CS3,0
2207884,CCCCCN=CC1=C(NN(C1=O)C2=NC3=CC=CC=C3S2)C,1
2209288,C1=CC=C2C(=C1)N(C(=O)N2S(=O)(=O)C3=CC=CC4=C3N=CC=C4)S(=O)(=O)C5=CC=CC6=C5N=CC=C6,0
2211396,C1=CC=C(C=C1)N2C(=NN=N2)SCCOC3=CC=CC=C3F,0
2211973,C1=CC=C2C(=C1)C=CC=C2CSC3=NN=C(O3)C4=CN=CC=C4,0
2215784,C1=CC(=CN=C1)C2=CSC(=N2)NC3=CN=CC=C3,0
2215972,CC1(C(=O)N(C(=O)N1)CCCCOC2=CC=CC(=C2)C(F)(F)F)C,0
2217458,C1=CC2=C(N=C1)SC(=NC2=O)NCC3=CC=CO3,0
2219814,C1CC(=O)N(C1=O)CCCC(=O)NC2=CC=CC(=C2)C(F)(F)F,0
2220154,C1=CC(=CC=C1C2=NC(=CO2)CSC3=NN=C(S3)N)Cl,0
2220155,C1=CC=C2C(=C1)C(=O)N(S2(=O)=O)CCSC3=NN=C(S3)N,0
2220414,C1=CC=C2C(=C1)C(=O)N(C2=O)C3=NC(=CS3)C4=CC=CS4,0
2222560,CCNS(=O)(=O)C1=CC=C(C=C1)CCC(=O)NC2CCCC2,1
2227641,COC1=CC=C(C=C1)C2=NOC(=N2)COC3=CC4=C(C=C3)OCO4,0
2228538,C1=CC2=C(C(=C1)OCCNS(=O)(=O)C3=CC=C(C=C3)F)N=CC=C2,0
2229205,C1CN2C(=O)C(=C(N=C2SC1)C3=CC=C(C=C3)Br)C#N,0
2233286,COC1=C(C=C(C=C1)C2=NOC(=N2)COC3=CC4=C(C=C3)OCO4)OC,0
2234057,CC1=CC(=C(C=C1)C)NS(=O)(=O)C2=C(C=CC(=C2)C(=O)NCCC3=CCCCC3)C,1
2234132,C1CCCN(CC1)C(=O)N2CCN(CC2)S(=O)(=O)N3CCOCC3,0
2236463,C1CCCN(CC1)C(=O)N2CCN(CC2)C(=O)N3CCCCC3,0
2237830,C1CN(CCN1C(=O)N2CCOCC2)S(=O)(=O)N3CCOCC3,0
2237865,C1COCCN1C2=NC(=NC(=N2)NC3=CC=C(C=C3)Cl)OC(C(F)(F)F)C(F)(F)F,0
2238616,C1CCCN(CC1)C(=O)N2CCN(CC2)C(=O)N3CCOCC3,0
2246060,C1=CC=C(C(=C1)NCC2=CC=C(C=C2)O)O,1
2248209,C1=CC=C2C(=C1)N=C(O2)/C(=C/NC3=NC=C(C=C3)Cl)/C=O,0
2248756,COC1=CC=C(C=C1)/C=C/C(=O)NC(=S)NCCC2=CC(=C(C=C2)OC)OC,1
2250138,CC1=CC(=CC(=C1Cl)C)OCCCCCNCCO,1
2253328,CCCCNC1=C2C=C(C(=CC2=CC(=C1)NC(=O)C)OC)OC,1
2269434,CC1=C(C(=CC=C1)C)OCCOCCN2CCN(CC2)C,0
2272916,CN(C)/C=C/C(=C(C(=O)OC)C(=O)OC)N(C)C,0
2292877,C1=CC=C(C=C1)N2C(=O)/C(=C\C3=CC=CN3C4=CC(=C(C=C4)Cl)[N+](=O)[O-])/C(=O)N2,0
2295722,CC1(C(=O)/C(=C\NC2=CC=CC=N2)/C3=C(O1)C=CC4=C3OC(=O)C=C4)C,0
2301870,C1=CC=C(C=C1)N2C(=NN=N2)SCCNS(=O)(=O)C3=CC=CS3,0
2303154,CCCOC(=O)C1=CC=C(O1)C2=C(ON=C2C)C3=C(C=C(C=C3)OC)O,1
2303947,C1=CC=C(C=C1)C2=C(C(=NC(=N2)C3=CC=CC=C3)N)C#N,0
2309186,CC1=CC(=NC=C1)NC(=O)NC(C)(C)C2=CC=CC(=C2)C(=C)C,1
2312923,C1=CC=C2C(=C1)C3=CC=CC=C3C2=NN4C=NN=C4,0
2318690,CN1C=CN=C1SC2=NC3=CC=CC=C3N=C2NS(=O)(=O)C4=CC=CC=C4,0
2318694,CN1C=NN=C1SC2=NC3=CC=CC=C3N=C2NS(=O)(=O)C4=CC=CC=C4,0
2319946,C1=CC=C2C(=C1)N=C(S2)SCC3=CSC(=N3)CC#N,0
2322434,C1=CC=C(C=C1)C2=CSC3=NC(=O)C4=CC=CC=C4N23,0
2328352,C1=CC=C(C=C1)C2=C(C=NN2)C3=NC4=CC=CC=C4N3,0
2330261,C1=CC=C2C(=C1)C=CC=C2C3=NN4C(=NN=N4)C5=CC=CC=C53,0
2334604,CC1CCN(CC1)CC(=O)NC2=CC(=NN2C3=NC(=CC(=N3)C)C)C,1
2338453,C1COCCN1/C=N/C2=NC(=CS2)C3=CC=C(C=C3)Br,0
2340491,C1CC(C1)C(=O)NC2=NC3=C(S2)CN(CC3)CC4=CC=CC=C4,1
2344168,C1=CC=C(C=C1)P(=O)(C2=CC=CC=C2)NC3=NC=CS3,0
2347622,C1=CC(=CN=C1)C2=NC(=CS2)C3=CC=CO3,0
2347707,C1=CC2=C(C=CC3=C2C(=C1)C(=O)N3)NS(=O)(=O)C4=CC=CS4,0
2348844,C1=CC(=CN=C1)C2=NC(=CS2)C3=CC=CS3,0
2349844,CCOC1=CC=C(C=C1)NC(=O)C2=CC=C(C=C2)NC(=S)NC3CCCCC3,1
2354963,CCOC(=O)C1=C(C=C(S1)NC(=O)C2=C(C=CS2)C)C,1
2361491,C1CC1C(=O)NNC(=O)/C=C/C2=CC=CC=C2,0
2376105,CC1=C(C=CC(=C1)NC(=S)NC(=O)C2CC2)Br,1
2380034,C1=CC=C(C(=C1)C(=O)NC2=CN=C3N(C2=O)C=CS3)Cl,0
2384236,C1=CC=C(C=C1)CCN(CCC2=CC=CC=C2)C(=O)CCl,1
2385273,C1=CC=C(C=C1)C2=CSC3=C2C(=O)NC(=N3)CN4N=C(N=N4)C5=CC=CC=C5,0
2392339,C1=CSC(=C1)C2=C(OC(=C2C#N)N)C3=CC=CS3,0
2404972,CCC1=C(C(=CC(=C1)SC#N)C)NC(=O)CCl,1
2414087,CCCN(CC(=O)NC1=CC=CC=C1C)C(=O)CCl,1
2414301,C1=CC=C2C(=C1)NC(=N2)C3=C(N=NS3)C4=CC=CS4,0
2415447,COC1=CC(=CC(=C1OC)OC)CCC(=O)NC2=CC(=C(C=C2)Br)C(F)(F)F,1
2419715,C1=CC=C(C=C1)N2C(=NN=N2)N3C4=CC=CC=C4N=N3,0
2428993,C1=COC(=C1)C2=C(SC(=N2)N)C3=CC=CO3,0
2442307,CC1=CC(=C(N1CCC2=CC=C(C=C2)Cl)C)C(=O)CCl,1
2448244,C1=CC=C(C=C1)S(=O)(=O)NC2=C(C=NC=C2)Cl,0
2453516,CCCCN(C1=CC=CC=C1)C(=O)C2=CC=CC3=C2OC(=C(C3=O)C)C4=CC=CC=C4,1
2479657,CCC1=CC=CC=C1OCC(=O)OCC(=O)NC2=NOC(=C2)C,1
2480939,COC1=CC=CC=C1N2CCN(CC2)CCCOC3=CC=C(C=C3)F,0
2487330,C1=CSC(=C1)C2=NN=C(O2)SCC3=NN=C(O3)C4=CC=C(C=C4)Cl,0
2501092,C1=CC=C(C=C1)C2=NNC(=N2)C3=CC=CC=N3,0
2526141,C1=CC=C(C=C1)N2C(=NN=N2)OC3=CC=C(C=C3)C4=NN=CO4,0
2537709,C1=CC=C(C=C1)N2C(=NN=N2)SC3=NNC(=N3)C4=CC=NC=C4,0
2539904,C1=CC=C(C=C1)N2C(=NN=C2SC3=NC=CN=C3)C4=CC=CS4,0
2546578,C1=CSC(=C1)C2=CSC(=N2)C3=CC=CS3,0
2554265,CSC1=CC=CC(=C1)NC(=O)NCC2=CC(=CC=C2)CNC(=O)NC3=CC(=CC=C3)SC,1
2557808,CC1=C(C=CC(=C1)N2CCN(CC2)C)NC(=O)C3=C4CN(CCC4=NC5=CC=CC=C53)CC6=CC=CC=C6,1
2562136,C1=CC=NC(=C1)C2=NC(=CS2)C3=CC=CO3,0
2564280,C1=CC(=CC(=C1)F)OC2=C3C=CN=CC3=C(C=C2)[N+](=O)[O-],0
2565061,C1=CC=C(C=C1)C2=CN=C(O2)CSC3=NC=NC4=C3C=CS4,0
2569348,C1=CC(=C(C=C1F)Br)OC2=C3C=CN=CC3=C(C=C2)[N+](=O)[O-],0
2571709,C1=CC(=CC(=C1)Br)OC2=C3C=CN=CC3=C(C=C2)[N+](=O)[O-],0
2609971,CCCCN1C(=O)C2=CC=CC=C2N=C1SCC(=O)NC3=NOC(=C3)C,1
2661379,CCSC1=NN=C(S1)SCC(=O)NC2CCCCC2,1
2669378,C1OC2=C(O1)C=C(C=C2)OC(=O)C3=C(C=C(C=C3)F)Cl,0
2723598,C1=CC=C2C(=C1)C(=C3C=CC=CC3=N2)N.O.Cl,0
2723772,CN1C(=S)N=NN1,0
2723891,C(CC(=O)O)[C@@H](C(=O)O)N.Cl,0
2729465,C12C(C(OC1C(=O)O)C(=O)O)C(C2(F)F)(F)F,0
2734117,CCCCCCCC[N+](CCCCCCCC)(CCCCCCCC)CCCCCCCC.[Br-],1
2734225,CCCCCCCCCCN1C=C[N+](=C1)C.[Cl-],1
2770892,C1OC2=C(O1)C=C(C=C2)OCC(CN)O,0
2772301,C1=CC=C(C=C1)C(C2=CC=CC=C2)C3=NN=C(S3)N,0
2779938,CNC(=S)N(C)C,0
2780473,C1COCCN1P2(=NC(=NC(=N2)C(F)(F)F)C(F)(F)F)N3CCOCC3,0
2787880,C1=CC(=CC=C1C2=CSC(=N2)N)Br.Br,0
2796064,CCCC1=CN=C(N=C1)NCCNCC(COC2=CC(=C(C=C2)Cl)Cl)O,1
2803060,C#CCSC1=C(C(=NS1)SCC#C)C#N,0
2810094,CC1=CC(=CC=C1)CN2C(=CC(=N2)C(C)(C)C)C(=O)NC3=CC=C(C=C3)F,1
2812036,CC1C2=CC(=C(C=C2CCN1C(=O)C3=NOC(=C3)C)OC)OC,1
2813272,CC1=CC(=C2C=C(NC2=C1)C(=O)N3CCC(CC3)C(=O)C4=CC=C(C=C4)F)C,1
2813854,CC1C2=CC(=C(C=C2CCN1C(=O)C3=CC4=C(C=C(C=C4N3)C)C)OC)OC,1
2821715,CC(C)(C)C1=CC=C(C=C1)CSC2=NN=C(N2C)C3COC4=CC=CC=C4O3,1
2827330,COC(=O)C(C(C(=O)OC)C(=O)OC)C(C(=O)OC)C(=O)OC,0
2827992,C#CCOC1=NC(=NC(=N1)OCC#C)OCC#C,0
2828159,C1CSC2(N1)C3CC4CC(C3)CC2C4.Cl,0
2828171,C1CSC2(N1)C3CC4CC2CC(C3)C45NCCS5.Cl,0
2830640,CN(C)C1=NC(=NP(=N1)(N(C)C)N(C)C)N(C)C,0
2831153,CCCSC(=S)NC1CCS(=O)(=O)C1,1
2831789,CCCCN1CCC2=C(C3=C(C=CC(=C3)Br)N=C21)N.Cl,1
2832740,CNC(=O)NC1CCCC2=CC=CC=C12,0
2833809,C1=CC=C2C(=C1)NC(=O)C(=N2)C(C(F)F)(F)F,0
2834638,CC1=CC2=C(C=C1)NC3=C2CCCC3NC(=O)CCl,0
2837534,C1CCN(C1)CC(=O)N2C3=CC=CC=C3SC4=C2C=C(C=C4)C(F)(F)F.Cl,0
2837535,C1CCN(CC1)CC(=O)N2C3=CC=CC=C3SC4=C2C=C(C=C4)C(F)(F)F.Cl,0
2841621,CCOC(=O)C1=C(C(=O)C2=CC=CC=C2C1=O)CC3=CC=C(C=C3)Cl,1
2843501,CC(=O)OC1=CC(=C(C=C1)OC(=O)C)SCCCCC[NH+]2CCOCC2.[Cl-],1
2846554,CC(CCC1=CC=C(C=C1)O)NC(C2=CC=CC=C2)C3=CC=C(C=C3)Cl,1
2846928,CCCCCCCCCCCCCCCCN1C=C[N+](=C1)C.[Br-],1
2849526,CCCCOC(=O)NC1=CC=C(C=C1)S(=O)(=O)NC2=CC=C(C=C2)[N+](=O)[O-],1
2850562,CCCC1=NC=CC(=C1)C2=NC(=CS2)C3=CC=C(C=C3)C.Br,1
2852943,C(CO)NC(=O)C(C(F)(F)F)(OC(C(C(C(=O)NCCO)(F)F)(F)F)(F)F)F,0
2858656,C1=CC(=CC=C1C2=NC(=NN2)N)F.Cl,0
2859661,C1CN2C(=CSC2=N1)C3=CC=C(C=C3)S(=O)(=O)N4CCOCC4.Br,0
2862716,C1=CC=C2C(=C1)C=CN2S(=O)(=O)C3=CC=C(C=C3)Br,0
2865966,C1=CC=C(C=C1)N2C(=O)C3C(N(OC3C2=O)C4=CC=C(C=C4)Cl)C5=CC=CO5,0
2870318,C1=CC=C2C(=C1)N=CN2S(=O)(=O)C3=CC=CS3,0
2875329,C1=CC=C2C(=C1)C3=C(S2)C(C(=C(O3)N)C#N)C4=CC=CO4,0
2875833,CCOC(=O)C1=C(OC2=C(C1C3=CC(=CC=C3)O)C4=CC=CC=C4C=C2)N,1
2876639,CC1C(NC(C(C1=O)C)C2=CC3=C(C=C2)OCO3)C4=CC5=C(C=C4)OCO5,0
2876651,C1=CC=C(C=C1)C2=NOC(=N2)C3=CC=CC=C3F,0
2877325,C1=CC=C(C=C1)SC2=NC=NC3=C2OC4=CC=CC=C43,0
2879670,C1=CC=C(C=C1)N2C(C3C(O2)C(=O)N(C3=O)C4=CC=C(C=C4)Br)C5=CC=CC=N5,0
2882636,CCN(CC)CC(COC1=CC2=C(C=C1)OCO2)O.Cl,0
2882691,C1OC2=C(O1)C=C(C=C2)OCC(CN(CCO)CCO)O.Cl,0
2884279,C1COCCOCCOCCNC(=S)N1,0
2891886,C1CN(CCC1CN2C(=O)C3=CC=CC4=C3C(=CC=C4)C2=O)CC(COC5=CC6=CC=CC=C6C=C5)O.Cl,1
2892066,CC1=CC(=CC(=C1)OCC(CN2CCC(CC2)CN3C(=O)C4=CC=CC5=C4C(=CC=C5)C3=O)O)C.Cl,1
2897386,CCCCNC(=S)NC1=CC=C(C=C1)[N+](=O)[O-],1
2898314,CCC1=CC=C(C=C1)OCC(=O)NC(C(Cl)(Cl)Cl)NC(=S)NC2=C(C=C(C=C2)C)C,1
2914378,CCCNC1=C(C(=O)C2=CC=CC=C2C1=O)N(C3=CC(=CC=C3)F)C(=O)C,1
2914829,CC(CCC1=CC=CC=C1)NC(=O)C2=CC(=CC=C2)F,1
2920427,C1CN(CCN1C2=CC=C(C=C2)[N+](=O)[O-])C3=NC(=CS3)C4=CC=C(C=C4)Cl,0
2921061,CC(=O)N(CCC(CC1=CC=CC=C1)C2=CC3=C(C=C2)OCO3)CC4=CC=C(C=C4)Cl,1
2921884,CCOC(=O)C1=C(N(C2=C1C=C(C=C2)OCC(CNC(C)(C)C)O)CC3=CC=CC=C3)C,1
2926873,CC1=CC(=NC(=N1)/N=C(\N)/NC2=CC=C(C=C2)CC(=O)OC(C)C)C,1
2928717,C1CCN(CC1)CN(CCN(CN2CCCCC2)C=O)C=O,0
2928973,C1=CC=C2C(=C1)C(=CS2(=O)=O)SC3=NC4=C(O3)C=CC(=C4)Cl,0
2931173,CCCCN1C2=CC=CC=C2N=C1NC(=S)NC3=CC=CC=C3,1
2931388,CCOC1=CC=CC=C1C2=C3C=C(C(=O)C=C3OC4=CC(=C(C=C42)O)O)O,1
2931813,CCOC(=O)CN1C2=CC=CC=C2N(C1=N)CCOC3=CC4=CC=CC=C4C=C3.Cl,1
2933892,CC1CCC2=C(N1S(=O)(=O)C3=CC=C(C=C3)OC)C=CC(=C2)F,1
2933964,CC1=CC(=C(C(=C1)Br)OCCCNCC2=CC=CC=C2)Cl.C(=O)(C(=O)O)O,1
2934091,CC1=CC(=C(C(=C1)Cl)OCCCCNCC2=CC=CC=C2)C.C(=O)(C(=O)O)O,1
2934232,CC1=CC(=CC(=C1OCCOCCNCC2=CC=CC=C2)C)Cl.C(=O)(C(=O)O)O,1
2937667,CC(C)OCC(CN1CCN(CC1)CC(COC2=CC3=C(C=C2)OCO3)O)O,0
2940373,CCOC(=O)C1CCCN(C1)C(=O)CC2=CC=C(C=C2)C,1
2941476,CCC(C(=O)NC1=NOC(=C1)C)SC2=NC(=O)C=C(N2C3=CC=CC(=C3)C)N,1
2942776,C1=CC(=C(C=C1Cl)Cl)C2=NC(=NN2)SC3=NC=C(C=C3)[N+](=O)[O-],0
2946039,C1CCN(CC1)C(=O)N2CCCN(CC2)C(=O)N3CCCCC3,0
2948191,CC1=CC=C(C=C1)NC(C)C2=C(C=CC(=C2)Cl)O,1
2948760,CC(C)OC1=CC=CC(=C1)OCCCNC.C(=O)(C(=O)O)O,0
2949062,CNCCOC1=CC=CC=C1C2=CC=CC=C2.C(=O)(C(=O)O)O,0
2952123,C1=CC=C(C=C1)NC2=NC3=CC=CC=C3C(=N2)N.Cl,0
2952131,C1=CC=C(C=C1)CNC2=NC(=NC3=CC=CC=C32)NC4=CC=CC=C4O.Cl,1
2957625,CCC(C)C1=CC=C(C=C1)NC(=S)NC2CCN(CC2)CC3=CC=CC=C3,0
2958851,CCCCC1=CC=C(C=C1)NC(=S)NC2=CC=C(C=C2)NC3=CC=C(C=C3)OC,1
2960215,CCC(=O)N1C(CC(=N1)C2=CC=C(O2)C)C3=CC=C(C=C3)N(C)C,1
2960667,CN(CC1=CC=CC=C1)C(=O)CC(C2=CC=CC=C2)C3=C(C=CC(=C3)Cl)O,1
2960719,CCCCN1C2=CC=CC=C2N=C1NCC3=CC=C(C=C3)N(C)C,1
2962345,C1=CC=NC(=C1)NC2(C(=O)N(C(=O)N2)C3=CC=C(C=C3)F)C(F)(F)F,0
2964583,CC(CC12CC3CC(C1)CC(C3)C2)NCC4=CC=CC=C4O.Cl,0
2968082,C1=CC=C(C=C1)N2C3=C(C(=O)NC2=O)C(C(=O)N3)(C(F)(F)F)NC4=NC=CC=N4,0
2980574,C1=CN2C(=C(C=N2)C(=O)NC3=NC=C(C=C3)Cl)N=C1,0
2981492,CCOC1=C(C=C(C=C1Br)CNC2CCCCCCC2)OC.Cl,1
2982211,C1CCN(CC1)S(=O)(=O)N2CCN(CC2)C(=O)N3CCOCC3,0
2982742,COC1=CC=C(C=C1)CCNC(=O)COC2=C(C=C(C=C2)S(=O)(=O)NC3CCCCC3)Cl,1
2984680,CCCCN1C2=CC=CC=C2N(C1=N)CCOC3=CC=CC=C3OC,1
2984782,CCCCNCC1=CC(=C(C(=C1)Br)OC2CCCC2)OC.Cl,0
2985000,CN1CCN(CC1)C2=NC(=CC(=N2)C(F)(F)F)C3=CC=CS3,0
2989582,CC(C)CCN1C2=C(N=C1SCCOC)N(C(=O)NC2=O)C,0
2997509,C1COCCN1S(=O)(=O)C2=CN=C(C=C2)SC3=NN=C4N3C=CC=C4,0
2997679,C1=CC=C2C(=C1)C(=NC=N2)SCC3=CN4C=CC=NC4=N3,0
2997840,C1=CC2=NC(=C(N2C=C1)Br)CSC3=NN=C(O3)C4=CC=CO4,0
2997964,C1=CC2=C(C=CC(=C2N=C1)OCC3=CN4C=CC=NC4=N3)Cl,0
2998042,C1=CC2=NC(=CN2C=C1)CSC3=NN=C(O3)C4=CC=CO4,0
2998080,C1=CC=C(C=C1)C2=CN=NC(=N2)SCC3=CN4C=CC=NC4=N3,0
2998111,CN(C)/C=N/C1=C(C=NN1C2=NC=C(C=C2)C(F)(F)F)C#N,0
2998125,C1C2CC3CC1CC(C2)(C3)NC(=O)COC4=CC5=C(C=C4)OCO5,0
2998192,C1=CC=C(C=C1)C2=NN=C(O2)SCC3=CN4C=CSC4=N3,0
2998728,CC(C)N1C(=CSC1=NC2=CN=CC=C2)C3=CC=CO3,0
2998978,C1=CC=C(C=C1)C2=CP(=O)(C=C(O2)C3=CC=CC=C3)NN4C=NN=C4,0
2999058,C1=CC=C(C=C1)N2C=C(C(=N2)C3=CC=CS3)C(=O)NC4=CN=CC=C4,0
2999177,C1COCCN1P(=N)(C23CC4CC(C2)CC(C4)C3)N5CCOCC5,0
2999365,CC(C1=NN=C(N1C2=CC=C(C=C2)F)SC3=NN=NN3C4=CC=CC=C4)N(C)C,0
2999413,C[C@H]1CCC[C@@H](CCCCCC2=C(C(=CC(=C2)O)O)C(=O)O1)O,1
2999590,C1=CC=C2C(=C1)N=C(O2)SCC3=CN4C=CSC4=N3.Br,0
2999608,CNP1(=NC(=NC(=N1)C(F)(F)F)C(F)(F)F)NC,0
2999735,C1CN=C2N(C1)C(=O)NC(S2)(C3=CC=CC=C3)C(F)(F)F,0
3000018,CCCCC(CC)CN1C(=C(C2=NC3=CC=CC=C3N=C21)C#N)N,1
3000220,C1CN(CCN1CCO)CC(COC2=CC3=C(C=C2)OCO3)O.Cl,0
3001882,CC(=NNC(=S)N1CC2CCC(C1)CC2)C3=NC=CN=C3,1
3005564,CC(=NNC(=S)N1CC2CCC(C1)CC2)C3=CC=CC=N3,0
3005792,CC1=NC(=CC=C1)C(=NNC(=S)N2CCCCC2)C,1
3015167,CCCCCCCC[P+](CCCCCCCC)(CCCCCCCC)CCCCCCCC.[Br-],1
3032297,C(CNC(=S)[S-])NC(=S)[S-].[Na+].[Na+],0
3032581,C(CNC(=S)[S-])NC(=S)[S-].[Mn+2],0
3033992,C=COCCOCCOCCOC=C,0
3034368,C(CNC(=S)[S-])NC(=S)[S-].C(CNC(=S)[S-])NC(=S)[S-].[Mn+2].[Zn+2],0
3045478,CN1CCN(CC1)C2=CC3=CC=CC=C3SC4=CC(=C(C=C24)F)F.CS(=O)(=O)O,0
3091112,CCC(CC)COC(=O)C1=C(NC(=O)NC1C2=CC=C(C=C2)N(C)C)C,1
3098837,CCC1=NN(C(C1)(C2=CC=CC=C2)O)C(=O)C3=CC=CC=C3O,1
3105194,CC1=CC(=CC=C1)C2(CC2C(=O)NC3=C(C=C(C=C3)[N+](=O)[O-])O)C4=CC=CC(=C4)C,1
3107658,C1=CC=C(C=C1)/C=N/C2=C(C(=C(O2)C3=CC=CC=C3)C4=CC=CC=C4)C#N,0
3107732,C1CCCN(CC1)C(=O)CCC2=CC=C(C=C2)OC3=CC(=CC(=C3)[N+](=O)[O-])[N+](=O)[O-],1
3112773,CCOC(=O)C1CCCC(C1)NS(=O)(=O)C2=CC=C(C=C2)NC(=O)C,1
3123181,C1COCCOCCOCCOCCNC(=S)N1,0
3128780,CCOC(=O)C1=C(OC2=C(C1C3=CC(=CC=C3)Cl)C=CC(=C2)O)N,1
3129754,C1=CC=C2C(=C1)C3=C(C2=O)C(SC4=CC=CC=C4N3)C5=CC=CO5,0
3130773,CCOC1=C(C=CC(=C1)C(C2=C(NN(C2=O)C3=CC=CC=C3)C)C4=C(NN(C4=O)C5=CC=CC=C5)C)O,1
3132402,C1COC2=C(O1)C=CC(=C2)OCC(=O)O,0
3132782,CCOC(=O)C1=C(N(N=N1)C2=C(C=C(C=C2)[N+](=O)[O-])[N+](=O)[O-])C,1
3136153,CC1=CC=C(C=C1)C(C2=C(C=CC3=CC=CC=C32)O)NC(=O)C4CCCCC4,1
3136329,CCCCC(CC)C(=O)NC1=NC=C(S1)[N+](=O)[O-],1
3136668,CCC1=CC2=C(C=C1)NC(=O)C23NN=C(S3)C4=CC=C(C=C4)C,1
3143085,CC1C(NC(C(C1=O)C)C2=C(C=CC(=C2)Br)O)C3=C(C=CC(=C3)Br)O,1
3147068,CC1=CC(=CC(=C1)OCC(=O)N2C(CC(=N2)C(F)(F)F)(C(C)(C)C)O)C,1
3147447,CC(C)N1C2C(N(S1(=O)=O)C(C)C)OC(O2)C3OC4C(O3)N(S(=O)(=O)N4C(C)C)C(C)C,0
3148412,CCN1CCOC(C1=O)CC(=O)NC2=CC=C(C=C2)[N+](=O)[O-],1
3158430,CC1(CC2=C(C(C3=CC4=C(C=C3N2)OCO4)C5=CC=C(C=C5)F)C(=O)C1)C,0
3160021,C1CCC(CC1)C(=O)NCCCC2=NC3=CC=CC=C3N2CC4=CC=C(C=C4)F,0
3161537,CCCC(=O)N1CCN(CC1)C2=C(C=C(C=C2)NC(=O)C3=CC=C(O3)[N+](=O)[O-])Cl,1
3190950,CC1=CC=C(O1)C(C(=O)NC2CCCCC2)N(CC3=CC(=CC=C3)OC)C(=O)CC4=CNC5=CC=CC=C54,1
3192106,CCN1CCCC1CN(CC2=CC3=C(C=C(C=C3)C)NC2=O)C(=S)NC4=CC=C(C=C4)OC,1
3197330,CC1=CC(=CC(=C1)N(CC(=O)NC2CCCCC2)C(=O)CCCC(=O)NC3=CC=CC=N3)C,0
3223587,COC1=C(C=C(C=C1)CCNC(=S)N2CCC(CC2)C(=O)C3=CC=C(C=C3)F)OC,1
3225064,CCC1C(=O)N(C2=C(O1)C=CC(=C2)C)CC(=O)N(CC3=CC=C(O3)C)C4CCCC4,1
3235697,C1=CC=NC(=C1)CNS(=O)(=O)C2=CC=CC3=NSN=C32,0
3235835,C1=CC=C(C=C1)N2C(=C(N=N2)S(=O)(=O)C3=CC=CC=C3)N,0
3236177,C1=CON=C1NC(=O)C2=CN=C3N(C2=O)C=CS3,0
3236395,COC1=CC=C(C=C1)C2=NN=C(O2)NC3=NC4=C(C=CC=C4S3)OC,0
3236435,CCN1C2=C(C=C1C(=O)N3CCCC(C3)C(=O)NCCC4=CC=C(C=C4)C)SC=C2,1
3236520,CCC1=CC=C(C=C1)C2=NC(=C(O2)C)CN3CCC(CC3)C(=O)NCC4=CC=CC=C4OC,1
3236610,C1CN(CCN1CC(=O)NC2=CC=C(C=C2)F)CC(=O)NC3=CC4=C(C=C3)OCO4,0
3237008,C1CCC(C1)NC2=C(N=C3N2C=CN=C3)C4=C(C=CC(=C4)Br)O,1
3237299,CN1CCN(CC1)CCCNC(=O)NC2=CC=CC3=CC=CC=C32,0
3237735,C1=CN(N=C1)S(=O)(=O)C2=CC=C(S2)Br,0
3237799,COC1=C2C(=CC=C1)SC(=N2)NC3=NN=C(O3)C4=CC=CS4,0
3238223,CCN1CCN(CC1)CC2=C(C3=C(C=C2)C(=C(S3)NC(=O)C)C(=O)OCC)O,1
3238350,C1=CC=C(C(=C1)CN2C=NC3=C(C2=O)OC4=CC=CC=C43)F,0
3238559,CC1CCCCN1C(=O)CCCS(=O)(=O)C2=NC(=CC(=N2)C(F)(F)F)C3=CC=CC=C3OC,1
3238640,CCOC1=CC=C(C=C1)N2C=C(C3=CC(=C(C=C3C2=O)OC)OC)C(=O)N4CCC(CC4)C,1
3238760,C1=CC=C2C(=C1)N=NN2C3=NC(=CC(=N3)C(F)(F)F)C4=CC=CO4,0
3238767,CC1=CC(=CC=C1)C2=NC(=C(O2)C)CN3CCCC(C3)C(=O)NC4CCCCCC4,1
3239131,C1=CC=C(C(=C1)CN2C=NC3=C(C2=O)OC4=CC=CC=C43)Cl,0
3239168,C1=CC2=C(C(=C1)OC(F)F)N=CC=C2,0
3239295,CC(C)(C)C(=O)NC(=C(Cl)Cl)P(=O)(O)O,0
3239492,C1CN(CCN1C2=CC=CC=C2F)C3=NC4=CC=CC=C4N5C3=NN=N5,0
3239546,C1=CC=C(C=C1)NC2=NC3=C(C(=O)S2)SC=C3,0
3239810,CC1=C(NC2=C1C(=O)CC(C2)C3=CC=CC=C3)C(=O)OCCOC,1
3239832,C(CS(=O)CCNC(=O)C(F)(F)F)NC(=O)C(F)(F)F,0
3239866,C1=CC=C(C=C1)N2C3=C(C=N2)C(=O)N(C=N3)CC4=CC=CC=N4,0
3240032,C1=CC(=CN=C1)C(=O)NC2=CC=C(C=C2)C3=NOC(=N3)C4=CC=CS4,0
3240433,CN1CCN(CC1)CCNC(=O)NC2=CC=CC=C2C(F)(F)F,0
3240920,C1=CN2C=NNC(=O)C2=C1,0
3241221,C1=CC(=CC=C1N2C(=O)C3=C(C=CS3)NC2=O)F,0
3241282,CCOCCCNC(=O)C1C2C3=CC=CC=C3CCN2C(=O)C4=CC=CC=C14,0
3241637,C1=CC=C2C(=C1)N=CN2C3=NC(=CC(=N3)C(F)(F)F)C4=CC=CO4,0
3242212,CN1CCN(CC1)CCCNC(=O)C2=CC3=C(S2)C4=CC=CC=C4OC3=O,0
3242507,CC1(NC(CC(=N1)C2=CC(=CC=C2)OC)C3=CC=CC=C3O)C,0
3242718,CC1=CC(=O)OC(=C1C(=O)NCCCN2CCN(CC2)C3=CC=CC=C3F)C,0
3242963,C1=COC(=C1)C2=CN=NN2C3=CC=C(C=C3)N,0
3242999,C1COCCN1C2=NC3=NNC(=C3C(=N2)C4=CC=CC=C4)N,0
3243169,C1=COC(=C1)/C=N/C2=NN=C(S2)NC(=O)C3=CC=C(C=C3)F,0
3243326,C1=CC=C(C=C1)C(C(=O)NC2=NC=CS2)NS(=O)(=O)C3=CC=C(S3)Br,0
3243365,C1CCCN(CC1)C2=NN=C(S2)N,0
3243386,C1=CC=C(C=C1)C2=NN=C(O2)NC3=NC4=C(C=CC=C4S3)F,0
3243478,CN1CCN(CC1)C(=O)C2=CC3=C(C=C2)SC4=CC=CC=C4C(=O)N3CC=C,0
3243578,C1=COC(=C1)CN2C3=C(C(=O)N(C(=N3)SCC#N)C4=CC=C(C=C4)F)SC2=S,0
3243776,CCN1C2=C(C=CC(=C2)C(=O)N3CCC4(CC3)OCCO4)SC5=CC=CC=C5C1=O,0
3243778,C1=CC=C2C(=C1)C(=O)NC3=C(S2)N=CC=C3,0
3243853,C1=CC=C2C(=C1)C(=O)N3C(=N2)C=CC(=N3)NCC4=CC=CO4,0
3244081,C1CC(CN(C1)CC(=O)N2C3=CC=CC=C3SC4=C2C=C(C=C4)C(F)(F)F)O.Cl,0
3244139,C1CCC(CC1)N2CC(CC2=O)C(=O)NCCC3=CCCCC3,1
3244517,CC(=O)N1CCC2=C1C=CC(=C2)S(=O)(=O)NC3=CC=CC(=C3)C(F)(F)F,0
3244877,C1CN(CCN1CCOCCO)CC(=O)N2C3=CC=CC=C3SC4=C2C=C(C=C4)Cl,0
3245420,C1=CC=C(C=C1)C2=NC3=C(N2)C(C(=C(O3)N)C#N)C4=CN=CC=C4,0
3245442,CCOC(=O)C1CCN(CC1)C(C2=CN=CC=C2)C3=C(SC(=C3C)C)NC(=O)C4=CC=CO4,1
3245747,C1=COC(=C1)C2=CN=NN2C3=CC=C(C=C3)NC(=O)C4=CC=C(C=C4)F,0
3245807,C1=CC=C(C=C1)C(C(=O)NC2=CC=CC=N2)NS(=O)(=O)C3=CC=CC4=NSN=C43,0
3273047,CCOC(=O)C1=C(SC2=C1CCN(C2)C(C)C)NC(=O)C3=CC=C(C=C3)S(=O)(=O)N4CCCC(C4)C,1
3285355,CCCCCC(C)NC(=S)NC(=O)C1=C(C=CC(=C1)S(=O)(=O)N2CCOCC2)C,1
3296222,CCC1=CC(=C(C=C1OC)O)C2=C(C=NN2)C3=CC=C(C=C3)[N+](=O)[O-],1
3313071,CCCCCN1C2=CC=CC=C2N=C1NCC3=CC=CC=C3OC,1
3315017,C1=CC=C(C(=C1)C(=O)NC2=NN=C(O2)C3=CC=C(C=C3)Cl)Br,0
3338205,CCC1=CC=C(C=C1)OCC2C3=CC(=C(C=C3CCN2C(=O)CC4=CC(=C(C=C4)OC)OC)OC)OC,1
3356745,C1=CC=C2C(=C1)C(=O)[N-]C2=O.[K+],0
3375236,CC1=CC=C(C=C1)C2(CC2C(=O)NC3=C(C=C(C=C3)[N+](=O)[O-])O)C4=CC=C(C=C4)C,1
3384174,CC1CCCCN1C(=O)COC(=O)C2=CC(=C(C=C2)S(=O)(=O)C)[N+](=O)[O-],1
3403289,CC1=CC(=C(N1CC2CCCO2)C)C(=O)COC(=O)C3=C(C4=CC=CC=C4C(=C3)O)O,1
3406013,CC(C)C1C2CC=CC2C3=C(N1)C(=CC(=C3[N+](=O)[O-])Cl)O,1
3411151,COC1=CC=C(C=C1)C2CC(=NN2C(=O)CNC3CCCCC3)C4=CC5=CC=CC=C5C=C4,0
3429039,CC1=C(C=C(C=C1)C2=NN=C(C3=CC=CC=C32)NC4=CC=C(C=C4)O)S(=O)(=O)NCC5CCCO5,1
3448473,C1=CC=C(C=C1)N2C(=O)C3=C(C2=O)C(=CC=C3)N,0
3479414,CC1=C(C2=C(C(=C(C=C2O1)Br)O)Br)C3=CC=CC=C3,1
3485445,CC1=C(C(C(=C(O1)N)C#N)C2=C(C=CC(=C2)[N+](=O)[O-])Cl)C(=O)C,1
3502533,C1=CSC(=C1)C2=CC(=NC(=N2)N3C=C(C=N3)Br)C(F)(F)F,0
3502730,CC1CCC(CC1)N2CC(=O)N(C(C2=O)C3=CC=C(C=C3)F)CC4=CC5=C(C=C4)OCO5,0
3504805,C1=CC=NC(=C1)C2=NC=C(C(=N2)C3=CC=CS3)C4=NN=NN4C5=CC=C(C=C5)Cl,0
3511819,CCN1C=C(C(=N1)C(=O)N2C(CC(=N2)C3=CC4=CC=CC=C4C=C3)C5=C(C=CC(=C5)Br)O)[N+](=O)[O-],1
3560228,CCCCCCCCOC(=O)C1=CC(=C(C(=C1)[N+](=O)[O-])SC2=NC=NC3=C2NC=N3)[N+](=O)[O-],1
3578737,CC1=CC=C(C=C1)CN2CCC(CC2)C3=CC(=NN3)C4=CC=C(C=C4)Cl,1
3580434,CCN1C2=CC=CC=C2C(=C1O)N=NC(=S)NCC3CCCO3,1
3585650,CCN(CC)C(=O)C1=CC2=NC3=CC=CC=C3N=C2C=C1,1
3590596,CC(C)(C)NC1=NC(=NC(=N1)OC2=NN(C(=O)C=C2)C)OC,0
3617270,CC1=CC(=C(C(=C1)C)OCC(CN(C2=CC=CC=C2OC)S(=O)(=O)C3=CC=CC=C3)O)C,1
3629945,CC1=CC=CC=C1OCC(CNC2CCC(CC2)NCC(COC3=CC=CC=C3C)O)O,0
3631689,C1=CC=C(C(=C1)N)NC2=C(C=NC=C2)[N+](=O)[O-],0
3640284,CCCCCN1C2=CC=CC=C2N=C1NCC3=CC=C(C=C3)OC,1
3644119,CC(=NCCC1=CNC2=CC=CC=C21)C3=C(N(C(=O)NC3=O)CC4=CC=CC=C4)O,1
3674517,C1=CC(=CC=C1N)NC2=C(C=NC=C2)[N+](=O)[O-],0
3705611,CC(CC(=O)C1=CC=CC=C1)C(=C)C(=O)C2=CC=CC=C2,1
3708526,CCOC(=O)C1=C(N(C2=C(C1C3=CC=CS3)C(=O)CCC2)C4=CC=C(C=C4)C)N,1
3714831,C1=CC=C2C(=C1)N=C(S2)[S-].[Na+],0
3718766,C1(=NNN=C1Cl)C2=NNC(=N2)Cl,0
3719436,CCCCCCC(=O)N(C1CC(=O)N(C1=O)C2=CC=C(C=C2)F)O,1
3726413,CC(=NCC1=CC(=CC(=C1)OC)OC)C2=C(N(C(=O)NC2=O)CC=C)O,1
3728387,C1=CC=C(C(=C1)C(=O)N/C(=N/C2=NC3=CC=CC=C3O2)/N)F,0
3729222,C1COCCN1C2=NC(=CSC(=C2C#N)NC3=CC=CC=C3)C4=CC=CC=C4,0
3733656,CCOC1=CC(=C(C=C1)C2=NC(=NC=C2OC3=CC=CC=C3Br)N)O,1
3740927,C1=CC=C2C(=C1)N=CC(=N2)SC3=CC=CC=C3Cl,0
3743946,C1=CC(=CC=C1C2=NOC3=C2N=CC(=C3)C(F)(F)F)[N+](=O)[O-],0
3749824,C1=CC=C2C(=C1)N=CC(=N2)SC3=CC=C(C=C3)Br,0
3750046,CC(C)NC1=NC(=NC(=N1)SC)N(C#N)C(C)C(=O)OC,0
3755912,C1=CC2=C(C=C1Cl)C(=O)C(=CN2)C3=C(C=C(C=N3)C(F)(F)F)Cl,0
3757180,CC1=CC(=C(C=C1NC(=S)NC2=CC(=C(C=C2C)O)C(C)C)C(C)C)O,1
3773417,C1=CC=C2C=C(C=CC2=C1)NC3=C(C(=O)OC4=CC=CC=C43)[N+](=O)[O-],0
3786303,COC1=CC=C(C=C1)C2=CN=C(N=C2C3=C(C=C(C=C3)OCC4=CC=CC=C4)O)N,1
3794540,C1=CC=C(C(=C1)C=O)S(=O)(=O)[O-].[Na+],0
3795051,CC12CCCC(C1CCC34C2CCC(C3)(C(=C)C4=O)O)(C)C(=O)OC,1
3806160,CC1=CC=C(C=C1)CN2C3=C(C=CC(=C3)C(F)(F)F)N4CSCC4C2=O,0
3846671,C1=CN=C(N=C1)OC2=C(C=C(C=C2)NS(=O)(=O)C3=CC=C(C=C3)F)Cl,0
3864422,C1CN(CCC1CC2=CC=CC=C2)C(C3=CC=CC=N3)C4=CC(=C5C=CC=NC5=C4O)Cl,1
3920034,C1=CC=C(C(=C1)NC2=NC(=NC(=N2)N)C(F)(F)F)Br,0
3922995,CC1=C(C=C(C=C1)NC(=O)CN2C(=O)C(NC2=O)CC3=CNC4=CC=CC=C43)S(=O)(=O)N5CCCCC5,1
4049585,CCC1=CC=C(C=C1)NC(=O)C2=CC(=C(C=C2)F)S(=O)(=O)NCC3COC4=CC=CC=C4O3,1
4053416,C1=CC(=CC=C1NC2=C(C=NC=C2)[N+](=O)[O-])F,0
4066551,CCN1CCN(CC1)CCCN(CC2=CC=CO2)C(=S)NC3=CC(=C(C=C3)Cl)C,1
4080888,CC1=CC(=CC=C1)NC(=S)N(CCC2=CC(=C(C=C2)OC)OC)CC3=CC=CC=N3,1
4084939,CCC1CCCCN1S(=O)(=O)C2=C(C=CC(=C2)C(=O)NC3=CC(=C(C=C3)C)F)F,1
4098585,CC(C)(C)C1CCC(=NNC2=C(C=C(C=C2)S(=O)(=O)N)[N+](=O)[O-])CC1,1
4099123,CCC(=O)N1CCC2=C1C(=CC(=C2)Br)S(=O)(=O)NCCC3=CC=CC(=C3)C,1
4103676,CCOC1=CC=C(C=C1)N2C(=NC3=C2C=CC(=C3)C(=O)NCCC4=CCCCC4)C,1
4110203,CCOC(=O)C(=NCC1CCCO1)NNC2=CC=CC=C2Cl,1
4119742,CC1CCC2=C(C1)SC(=C2C(=O)NC3=C(C=CC(=C3)Cl)OC)NCC4=CN=CC=C4,1
4127777,CC1=CC=C(C=C1)S(=O)(=O)CCC(=O)C2=CC(=C(C=C2)OC)OC,1
4154228,C1CCCC(CC1)N2CC(=O)N(C(C2=O)C3=CC=C(C=C3)F)CC4=CC5=C(C=C4)OCO5,0
4166081,C1CN(CCC1CC2=CC=CC=C2)CC(COC3=C(C=C(C=C3)F)Cl)O,1
4175295,CC1=CC(=CC=C1)NC(=S)NCC2=CC3=C(C=C2)NC4=C3CCCC4,1
4178741,CCN1C=C(C(=N1)C(=O)N2C(CC(=N2)C3=CC4=CC=CC=C4C=C3)C5=CC=CC=C5O)[N+](=O)[O-],1
4179800,C1=CC=C(C=C1)N2C3=C(C(=O)OC4=CC=CC=C43)N=C2C(F)(F)F,0
4194316,CCCCOC1=CC=C(C=C1)C2=NC3=CC=CC=C3C(=C2)C(=O)NNC(=S)NCC,1
4202976,CC1=CC2=C(C=C1)C(=C(O2)C(=O)N(CC3=CC=C(C=C3)Cl)C4CCS(=O)(=O)C4)C,1
4219198,CCCCCCCNC1=NC=NC2=C1N(C3=CC=CC=C32)C,0
4227626,CC1=CC(=CC=C1)CN2C(=O)CN=C(C3=C2C=CC(=C3)Cl)C4=CC=CC=C4,1
4229680,CCC1=CC=C(C=C1)NC(=O)C2=CC(=C(C=C2)F)S(=O)(=O)NC3CCCCCC3,1
4230052,CCN1C=C(C(=N1)C(=O)N2C(CC(=N2)C3=CC(=C(C=C3)Cl)Cl)C4=CC=CC=C4O)[N+](=O)[O-],1
4248181,C1=CSC(=C1)C2=CC(=NC(=N2)N3C=C(C=N3)Cl)C(F)(F)F,0
4252281,C1=CC=C2C(=C1)N=C(S2)C(=O)NC3=NN=C(O3)C4=CC=C(C=C4)Cl,0
4255600,CCOC1=CC=C(C=C1)NC(=O)C2=C(SC3=C2CCC(C3)C)NCC4=CN=CC=C4,1
4260390,C1=CC=C(C(=C1)C2=NN=C(O2)NC(=O)C3=NC4=CC=CC=C4S3)Cl,0
4267255,C1CCC(C1)(CNC(=O)CC(C2=CC=CC=C2)C3=C(C=CC(=C3)Br)O)C4=CC=CC=C4,1
4271758,CCOC(=O)C1=C(C2=CC=CC=C2CC1C3CCCC3)N,0
4309009,CCOC(=O)C1CCN(CC1)C2=C(C(=O)C3=CC=CC=C3C2=O)NS(=O)(=O)C4=CC=C(C=C4)Br,1
4331266,CCOC(=O)C1=C(C(=CC(=C1)[N+](=O)[O-])[N+](=O)[O-])SC2=NC=NC3=C2NC=N3,1
4350740,CCOC(=O)C1=CC=C(C=C1)N2C(C3=C(NN=C3C2=O)C)C4=CC(=C(C=C4)O)OC,1
4353821,CCCCCN1C2=C(N=C1N3CCC(CC3)CC4=CC=CC=C4)N(C(=O)NC2=O)C,1
4361464,C1=CC(=C2C(=C1F)C(=O)C(=CN2)C3=C(C=C(C=N3)C(F)(F)F)Cl)F,0
4409907,CCCCC(CC)C(=O)OC1=CC(=C(C=C1)O)C(C)(C)C,1
4412075,CN1CCN(CC1)C2=NC(=CC(=N2)C(F)(F)F)C3=CC=CC=C3,0
4458830,CC1=CC(=CC(=C1)OCC2C3=CC(=C(C=C3CCN2C(=O)CC4=CC(=C(C=C4)OC)OC)OC)OC)C,1
4463111,CC1CCCC(C1C)NC(=O)COC(=O)C2=CC=C(O2)[N+](=O)[O-],1
4518797,CCN(C1=CC=CC=C1)S(=O)(=O)C2=CC3=C(C=C2)NC=C(C3=O)C(=O)NC4CCCCC4,1
4522345,CC1=C(C=C(C=C1)Cl)NC(=S)NCCCSC2CCCCC2,0
4524451,CC1=C(C=C(C=C1)NC(=O)C2=C(C=CC(=C2)S(=O)(=O)NC3CCCCCC3)F)F,1
4537407,CC(=C)COC1=CC(=C(C=C1)C2=C(C=NN2)C3=CC=C(C=C3)Br)O,1
4611915,CCOC(=O)C1=CC=C(C=C1)NC(=O)C2=C(SC3=C2CCC(C3)C)NCC4=C(C=CS4)C,1
4648579,CCCCN(C)CCNC(=O)C1=CC=C(C=C1)CN2C(=O)C3=C(C=CC(=C3)Br)NC2=S,1
4654504,CC1=CC(=CC=C1)NC(=S)NCCN(C2CCCCC2)C3CCCC3,0
4673237,CC1=C(C=C(C=C1)NC(=S)NCC2=CC=CC=C2)S(=O)(=O)N3CCCCC3,1
4678554,C1=CC=C2C(=C1)C(=C(C(=O)C2=O)CCCCl)O,1
4693985,CCN1CNC(=S)N(C1)CCC2=CC(=C(C=C2)OCC)OCC,1
4694140,CCCCCCNC(=O)CC(C1=CC=CC=C1)C2=C(C=CC(=C2)Br)O,1
4736862,CCCCN1C2=C(C=C(C=C2)Cl)C(=O)C1=O,1
4775163,CC1=CC=C(C=C1)C2=NNC3=C2C(N(C3=O)C4=CC=C(C=C4)F)C5=CC(=C(C=C5)O)OC,1
4781080,C1=CC=C(C=C1)NS(=O)(=O)C2=CC(=C(C=C2)N3C4=CC=CC=C4N=N3)[N+](=O)[O-],0
4850082,CN(C)CCCNS(=O)(=O)C1=CC(=C(C=C1)NC2CCCCCC2)[N+](=O)[O-],0
4860344,CC1=C(C2=C(C=C1)C3(C(=O)N2)C4(C(C5N3CCC5)C(=O)C6=CC7=CC=CC=C7C=C6)C8=CC=CC=C8NC4=O)C,1
4879886,CC(C)C1=CC=CC=C1OCC(=O)NC2CCCC3=CC=CC=C23,0
4895085,C1=CC=C(C=C1)CCN2C(C3=C(C2=O)NN=C3C4=CC=CC=C4O)C5=CC=C(C=C5)Cl,1
4898241,CCC1=CC2=C(C=C1)NC(=O)C23C4(C(C5N3CCC5)C(=O)C6=CC7=CC=CC=C7C=C6)C8=CC=CC=C8NC4=O,0
4982437,CC1=CC=C(C=C1)SCC(=O)NC2=C(C=CC(=C2)[N+](=O)[O-])O,1
5017187,C1CCC(CC1)C(=O)NC(=S)NC2=C(C=C(C=C2)[N+](=O)[O-])O,1
5045172,CCN1C=C(C(=N1)C(=O)N2C(CC(=N2)C3=CC4=CC=CC=C4C=C3)C5=CC=CC=C5O)Cl,0
5053511,CCOC1=C(C(=C(C(=C1)C2C(=C(OC(=C2C(=O)C)C)N)C#N)Br)Br)OC(C)C,1
5066128,CCC1=CC(=CC=C1)NC(=S)N2CCC(C2)C3=CC=CC=C3,0
5076945,C1COCCOCCOCCOCCNC(=S)NCCOCCOCCOCCOCCNC(=S)N1,0
5083160,CC1CC(CN(C1)CCCNS(=O)(=O)C2=CC(=CC3=C2N(CC3)C(=O)C4CC4)Br)C,1
5091166,CCN1C2=C(C=CC(=C2)C(=O)NCCN3CCOCC3)SC4=CC=CC=C4C1=O,0
5100142,C1=CC=C(C=C1)SC2=NC3=CC=CC=C3N=C2,0
5130018,CC1CCN(CC1)C(=O)CSC2=C3CCCCC3=NC4=C2C=CC(=C4)Cl,1
5139896,CC1=CC=C(C=C1)NC(=O)C2=C(C=CC(=C2)S(=O)(=O)NCCC3=CCCCC3)F,1
5156328,C1CN(CCN1C2=CC=CC=C2)C3=C(C(=O)C4=CC=CC=C4C3=O)NS(=O)(=O)C5=CC=CS5,0
5161671,C1=CC=C(C=C1)N2C=C(C(=N2)C3=CC=CS3)C(=O)NC4=CC=NC=C4,0
5169336,C1=CC=C(C=C1)C2C3(C(C4(O2)C(=O)C5=CC=CC=C5C4=O)C6=CC=C(C=C6)[N+](=O)[O-])C(=O)C7=CC=CC=C7C3=O,0
5177930,C1=CC2=C(C=C1C(F)(F)F)C(=O)C(=CN2)C3=C(C=C(C=N3)C(F)(F)F)Cl,0
5183036,CCCCCCCCN1C=NC2=C1C=C(C(=C2N)C)C,1
5225292,CCOC(=O)CSC1=NN=C2N1C3=C(C4=C(S3)CC(CC4)C(C)(C)C)C(=O)N2C5=CC=CC=C5,1
5239157,C1COCCOCCOCCNC(=S)NCCOCCOCCOCCNC(=S)N1,0
5271565,COC(=O)/C=C\C(=O)OC,0
5281162,CCCCC/C=C\C=C\C(=O)OCC,1
5281576,C[C@H]1CCCC(=O)CCC/C=C/C2=C(C(=CC(=C2)O)O)C(=O)O1,1
5282138,CC1=C(C(C(=C(N1)C)C(=O)OC/C=C/C2=CC=CC=C2)C3=CC(=CC=C3)[N+](=O)[O-])C(=O)OCCOC,1
5283711,C[C@H](CCCC(C)C)[C@H]1CC[C@@H]\2[C@@]1(CCC/C2=C\C=C\3/C[C@H](CCC3=C)O)C,1
5284435,C1=CC=C(C=C1)NC2=C(C=C(C=C2)NC3=C(C=C(C=C3)[N+](=O)[O-])[N+](=O)[O-])S(=O)(=O)[O-].[Na+],0
5284629,CCO[C@H]1[C@@H]([C@H]([C@H](O1)C(COCC2=CC=CC=C2)OCC3=CC=CC=C3)OCC4=CC=CC=C4)O,1
5286552,CCOC(=O)COC1=CC=CC=C1/C=C\[N+](=O)[O-],1
5286775,C1=CC=C(C=C1)C2=C/C(=C\C3=CC=C(C=C3)[N+](=O)[O-])/C(=O)N2C4=CC=CC=C4,0
5288209,CC1=C(C(CCC1)(C)C)/C=C/C(=C/C=C/C(=C/C(=O)NC2=CC=C(C=C2)O)/C)/C,1
5307230,CCCCCOC(=O)C1=C(C2=C(N1)CC(CC2=O)C3=CC=CO3)C,1
5307369,C1=CC=C2C(=C1)C(N(C2=O)C3=CC=CC=N3)NC4=NC=C(C=C4)Cl,0
5307416,C1=CC=C2C(=C1)N=C(C3=NN=CN23)NCC4=CC=CC=N4,0
5307505,C1=CC=C2C(=C1)N=C(C3=NN=NN23)NC4=C(C=C(C=C4)Br)F,0
5307722,C1COCCN1C2=CC=CC=C2NC3=NC4=CC=CC=C4N5C3=NN=C5,0
5307923,CN1CCN(CC1)CCCNC(=O)C2=CC3=C(S2)C4=CC=CC=C4N(C3=O)C,0
5308567,C1CN2C(=NC3=CC=CC=C32)CN1S(=O)(=O)C4=CC=C(C=C4)Br,0
5308998,C1CN(CCN1C2=CC=CC=C2F)C3=NC4=C(C(=O)S3)SC=C4,0
5309201,CCN1CCN(CC1)CCCNC(=O)C2=CC3=C(C=C2)SC4=CC=CC=C4C(=O)N3,0
5309328,C1=CC=C2C(=C1)C(N(C2=O)C3=CN=CC=C3)NC4=NC=C(C=C4)Cl,0
5309796,CN1CCN(CC1)CCCNC(=O)C2=CC3=C(C=C2)SCCN3CC4=CC=CC=C4,0
5310576,C1=CC2=C(N=C1)SC(=N2)C3=CC=C(C=C3)NS(=O)(=O)C4=CC=CS4,0
5310987,C(/C=C/C(=O)O)N,0
5311110,C([C@H]([C@H]([C@H](C=O)O)O)O)O,0
5320261,CN1CCC2=CC(=C(C3=C2[C@H]1CC4=CC=C(C=C4)OC5=C(C=CC(=C5)C[C@H]6C7=CC(=C(C=C7CCN6C)OC)O3)O)O)OC,1
5324707,C/C=C/CC#N,0
5331678,CC1=C(C=C2CCCCC2=N1)C(=O)/C=C/C3=CC=CC=C3F,1
5332109,CCCCCC(=O)N/N=C/C1=CC=C(O1)[N+](=O)[O-],1
5334895,C1CCN(CC1)C2=NC(=NC(=N2)N/N=C/C3=CC=C(O3)[N+](=O)[O-])N4CCCCC4,0
5336094,CCOC(=O)/C(=C\C1=CC=CC=C1)/C(=O)C2=CC(=C(S2)NC3=CC=CC=C3)C(=O)C,1
5336126,CC(C)C1=CC=C(C=C1)/C=N/N2C(=NN=N2)NC3=CC=CC=C3,0
5336330,CCOC(=O)/C(=C\C1=CN=CC=C1)/C(=O)C2=CC(=C(S2)NC3=CC=CC=C3)C(=O)C,1
5338376,CC1=C(C=C2CCCCC2=N1)C(=O)/C=C/C3=CC=C(C=C3)Br,1
5343354,C1=CC(=CC=C1/C=N/N2C=NNC2=S)Br,0
5348842,C1=CC(=CC=C1SC2=CC=C(O2)/C=N/N3C=NN=C3)Cl,0
5349621,CC1=C(C(C(=C(N1)C)C(=O)OCC=C)/C=C/C2=CC=CC=C2)C(=O)OCC=C,1
5349906,C1=CC=C2C(=C1)C=CC=C2COC3=CC=C(C=C3)/C=N/N4C=NN=C4,0
5350045,C1=CC(=CC=C1SC2=C(C=C(O2)/C=N/N3C=NN=C3)Br)Cl,0
5351409,CCN1CCC(C(C1)C(=O)/C=C/C2=CC=C(C=C2)C)(/C=C/C3=CC=C(C=C3)C)O.Cl,1
5354456,COC(=O)/C=C\C(=O)O,0
5358773,CCOC(=O)/C=C(\C)/SC1=C(C2=CC=CC=C2C(=C1)O)O,1
5368838,C1=CC=C(C=C1)N/C=C/C=C/C=NC2=CC=CC=C2,0
5386939,CC[N+]1(CCC(C(C1)C(=O)/C=C/C2=CC=CC=C2)(/C=C/C3=CC=CC=C3)O)C.[Br-],0
5388001,CCOC(=O)N1C/C(=C\C2=CC=CC=C2)/C(=O)/C(=C/C3=CC=CC=C3)/C1,1
5388983,CC[C@@]1(C[C@H]2C[C@@](C3=C(CCN(C2)C1)C4=CC=CC=C4N3)(C5=C(C=C6C(=C5)[C@]78CCN9[C@H]7[C@@](C=CC9)([C@H]([C@@]([C@@H]8N6C)(C(=O)OC)O)OC(=O)C)CC)OC)C(=O)OC)O.OS(=O)(=O)O,1
5410883,CC1(C(=O)/C(=C\NC2=CC=CC=C2)/C3=C(O1)C=CC4=C3OC(=O)C=C4)C,0
5417930,C1COCCN1/C(=N\O)/P(=O)(N2CCOCC2)N3CCOCC3,0
5469647,CCN1CCC(C(C1)C(=O)/C=C/C2=CC=C(C=C2)C(C)C)(/C=C/C3=CC=C(C=C3)C(C)C)O.Cl,1
5702667,C1=CC=C(C=C1)N/C=C/C=C/C=NC2=CC=CC=C2.Cl,0
5703486,COC1=C(C=CC(=C1)/C=C\2/C(=O)/C(=C/C3=CC(=C(C=C3)O)OC)/COC2)O,1
5707553,CC1=CC=C(C=C1)/C=C/C2=NN(C(=O)CC2)CC3=CC(=C(C=C3)Cl)Cl,1
5710959,CCCCCCOC1=C(C=C(C=C1)/C=C/C(=O)NC2=C(C3=C(S2)CCC3)C(=O)OC)OC,1
5720071,CC1=C(C=C2CCCCC2=N1)C(=O)/C=C/C3=CC=CC=C3Cl,1
5725106,CCOC(=O)/C(=C\C1=CC=C(C=C1)[N+](=O)[O-])/C(=O)C2=CC(=C(S2)NC3=CC=CC=C3)C(=O)C,1
5738116,CC1=CC=C(C=C1)/C=C/C(=O)C2=CC(=CC=C2)NC(=O)C,1
5761549,CCCCCC1=CC(=C2C3=C(CN(CC3)C)C(=O)OC2=C1)O,1
5761858,C/C=C/CSC1=NC2=C(N1C(C)C)C(=O)NC(=O)N2C,0
5762034,C1CCC2(CC1)/C(=C/C#N)/N3C4=CC=CC=C4N=C3O2,0
5770964,COC1=CC(=C(C=C1)C(=O)/C=C/C(=O)N(CC2CCCO2)CC(=O)NC3CCCCC3)O,1
5770966,COCCN(CC(=O)NC1CCCCC1)C(=O)/C=C/C(=O)C2=C(C=C(C=C2)OC)O,1
5770971,COC1=CC(=C(C=C1)C(=O)/C=C/C(=O)N(CC2=CC=C(C=C2)F)C(C3=CC=NC=C3)C(=O)NC4CCCCC4)O,1
5771471,C1=CC=C(C=C1)C2=N/C(=C/C3=CC=CO3)/C(=O)S2,0
5794007,CCOC1=CC(=C(C=C1)N=C/C=C/C2=CC=CC=C2)O,1
5852959,C1=COC(=C1)C(=O)/C=C/C2=C(C=CC(=C2)Br)O,1
5866130,CC1=CC(=C(C=C1)/C(=N\NC2=CC=C(C=C2)[N+](=O)[O-])/C)C,1
5916626,COC1=C(C=CC(=C1)/C=C/C(=O)C2=CC=C(O2)[N+](=O)[O-])O,1
5935594,CCOC(=O)CCC1=CC=C(C=C1)NC(=O)/C=C/C2=CC=C(O2)[N+](=O)[O-],1
5941975,C/C(=N\NC(=S)N)/CC(C)(C)C1CCCCC1,1
5954350,CCCN1C(=O)NN=C1SCC(=O)N2C(C3CCC/C(=C\C4=CC=C(C=C4)OC)/C3=N2)C5=CC=C(C=C5)OC,1
6014624,CCC1CSC(=N1)NC2=CC=C(C=C2)C(=O)/C=C/C3=CC=C(C=C3)Br,1
6034894,CCCCCCN1C2=CC=CC=C2N=C1/C=C/C3=CC=CC=C3,1
6052941,CCCCN(CCC(=O)O)C1=CC=C(C=C1)/C=C/C2=CC=NC3=CC=CC=C23,1
6074923,CCC1CSC(=N1)NC2=CC=C(C=C2)C(=O)/C=C/C3=CC=CC(=C3)C,1
6098302,CC1=CC(=CC=C1)COCC(CC(C)C)N2CCN(CCC2=O)C(=O)C3=CC=C(C=C3)C(C)(C)C,1
6099894,CC1=CC(=CC=C1)COCC(CC2=CC=CC=C2)N3CCN(CCC3=O)C(=O)C4=CC(=CC(=C4)Cl)Cl,1
6110289,CC1=C(C=C(C=C1)/C=C/C(=O)C2=C(C(=O)C=CC=C2)O)C,1
6144717,CC1C2=CC(=C(C=C2CCN1C(=O)/C=C/C3=CC=CC=C3OC)OC)OC,1
6327546,C1=CC=C(C=C1)O[P+](=O)OC2=CC=CC=C2,0
6328250,C1=CC=C2C(=C1)C3=CC=CC=C3[P+](=O)O2,0
6400907,C1=CC=C2C(=C1)C=NN3C2=NNC3=O,0
6401302,C1=CC=C(C=C1)C2=NNN=C2NC3=CC=CC=C3,0
6401690,C1=CC=C(C=C1)C2=C(N=C(N=N2)C3=CC=CC=C3)C4=CNC5=CC=CC=C54,0
6402462,C1=CC=C(C=C1)C2=C(N=C(N=N2)C3=CC=C(C=C3)Cl)C4=CNC5=CC=CC=C54,0
6411268,C1(=NNN=C1Cl)C2=[15N]NN=N2,0
6413011,CC1=CC=C(C=C1)SC2=NN=C(C3=CC=CC=C32)CC4=CC=CC=C4,1
6413172,C1=CC(=CC=C1C(C#N)C2=NN=C(C=C2)Cl)Cl,0
6413378,C1=CC=C(C(=C1)C(C#N)C2=NN=C(C=C2)Cl)Cl,0
6420033,CNCCC1=CC=CC=N1.CS(=O)(=O)O,0
6426773,CC[C@H]([C@@H]1[C@H](C[C@@](O1)(CC)[C@H]2CC[C@@]([C@@H](O2)C)(CC)O)C)C(=O)[C@@H](C)[C@H]([C@H](C)CCC3=C(C(=C(C=C3)C)O)C(=O)[O-])O.[Na+],1
6435993,C1N2CN3CN1C[N+](C2)(C3)C/C=C\Cl.[Cl-],0
6438437,C[C@H]\1C/C=C/[C@H]2[C@H]3[C@](O3)([C@H]([C@@H]4[C@@]2(C(=O)/C=C/C(=O)[C@@H](/C(=C1)/C)O)C(=O)N[C@H]4CC5=CNC6=CC=CC=C65)C)C,1
6456344,CN(CCC1=CC=CC=C1)CC2=CNC3=CC=CC=C32.C(=O)(C(=O)O)O,1
6493262,CCOC(=O)C1=C(N=C(S1)NC(=O)CCS(=O)(=O)C2=CC=CC=C2)C,1
6516823,CN(C)CC1CC/C(=C/C2=CC(=CC=C2)OC)/C1=O.Cl,1
6519378,CC/C(=C\1/C(=O)N=C(S1)N2CCN(CC2)C3=CC=CC(=C3)C(F)(F)F)/C,0
6540478,CC[C@]12CC[C@H]3[C@H]([C@@H]1CC[C@]2(C#C)OC(=O)C)CCC4=C/C(=N/O)/CC[C@H]34,1
6602328,CN1CC[C@@H]([C@H](C1)O)C2=C(C=C(C3=C2OC(=CC3=O)C4=CC=CC=C4Cl)O)O,1
6602812,CN1CCN(CC1)CCC(C#N)(C2=CC=CC=C2)C3=CC=CC=C3.Cl,0
6602945,C1=CC(=CC=C1[N+]2=CC(=N)O[N-]2)Cl.Cl,0
6602973,C1=CN=CC=C1C2=CSC(=C2Cl)N.Cl,0
6603223,COC1=CC=CC=C1NC2=NC=NC3=C2OC4=CC=CC=C43.Cl,0
6603554,CN1CCN(CC1)CCCC(=O)C2=CC=C(C=C2)F.Cl,0
6603585,CCCCCN1C2=CC=CC=C2N(C1=N)CC(COC3=CC=CC=C3OC)O.Cl,1
6603681,CC1=C(C(=CC=C1)N2CCN(CC2)CC(=O)NCC3CCCCC3)C.Cl,1
6610107,CCOC(=O)C1=CC[C@H](N([C@H]1C)S(=O)(=O)C2=CC=C(C=C2)C)C3=CC=CC=C3,1
6615755,CCCCOC(=O)C1=C(OC2=C1C=C(C=C2)NS(=O)(=O)C3=C4C=CC=C5C4=C(C=C3)NC5=O)C,1
6618851,C1=CC(=CC=C1C2=NOC(=C2C#N)N)F,0
6621788,CCC1=NC2=C(C=CC(=C2)C(=O)NCC3CCCO3)SC4=C1C=C(C=C4)Br,1
6711209,CC1=CC2C(CC1)([C@@]3([C@H](C[C@@H]([C@]34CO4)O2)OC(=O)C)C)C,1
6713594,C[N@+]1(CCC2=CC=CC=C2C1)CCN[N+]3(CCCCC3)C,0
6852374,CNC[C@@H](C1=CC(=C(C=C1)O)O)O.C(C(C(=O)O)O)(C(=O)O)O,0
6852407,C[C@@H]1[C@@H](O1)P(=O)([O-])[O-].[Na+],0
6852409,CC(C)NC[C@H](C1=CC(=C(C=C1)O)O)O.C(C(C(=O)O)O)(C(=O)O)O,0
6858402,C1=CC=C(C(=C1)/C=N/N2C(=NN=N2)N)C(F)(F)F,0
6858569,C1=CC(=CN=C1)/C=N/N2C=NN=C2,0
6858570,C1=CC=C2C(=C1)C=CC=C2/C=N/N3C=NN=C3,0
6858577,C1=CSC(=C1)/C=N/N2C=NN=C2,0
6858603,C1=CC=C(C=C1)/C=N/N2C=NNC2=S,0
6858622,C1=CC=NC(=C1)/C=N/N2C=NN=C2,0
6858638,C1=CC(=C(C(=C1)Cl)Cl)C2=CC=C(O2)/C=N/N3C=NN=C3,0
6858845,C1=CN(C(=C1)/C=N/N2C=NN=C2)C3=CC=C(C=C3)Cl,0
6858852,C1=CN(C(=C1)/C=N/N2C=NN=C2)C3=CC=C(C=C3)Br,0
6858943,C1=CC=C(C(=C1)/C=N/N2C=NN=C2)F,0
6859150,C1=CC(=CC(=C1)N2C=CC=C2/C=N/N3C=NN=C3)C(F)(F)F,0
6859229,C1=CC=NC(=C1)/C=N/N2C(=NN=N2)N,0
6859373,C1=CC=C(C=C1)C2=CC=C(C=C2)/C=N/N3C=NN=C3,0
6861375,C1=COC(=C1)/C=N/N2C(=NN=N2)N,0
6865336,C1=CC=C(C=C1)C2=CC3=C(S2)N=CN(C3=O)/N=C/C4=CC=CO4,0
6868821,CC(C)(C)NC(=O)/C=N/O,0
6882148,CC(C)(C)C1=NN=C(N(C1=O)/N=C/C2=CC=C(C=C2)OC)SC,0
6889777,C1=CSC(=C1)/C=N/N2C(=NN=N2)N,0
6890324,C1=CC=C(C=C1)S(=O)(=O)C2=C(N(C3=NC4=CC=CC=C4N=C23)/N=C/C5=CC=CO5)N,0
6891089,C1=CC=C(C=C1)N2C=CC=C2/C=N/N3C=NN=C3,0
6891660,C1=CC=C2C(=C1)C(=NN=C2Cl)N/N=C/C3=CC=C(C=C3)Cl,0
6902743,C1=CC=C(C=C1)C2=NN(C=C2/C=N/N3C=NN=C3)C4=CC=CS4,0
6917421,COC1=CC2=C(C=C1)C(=O)[C@@H]([C@H](O2)C3=CC4=C(C=C3)OCO4)O,0
6997825,CN1C=C(C2=CC=CC=C21)/C=N/N3C=NC4=C(C3=O)C(=CS4)C5=CC=C(C=C5)Cl,0
7109931,COC1=C2C(=CC=C1)SC(=N2)NC3=NN=C(O3)C4=CC=C(C=C4)F,0
7189652,CC1=C(SC(=N1)NC(=O)CCS(=O)(=O)C2=CC=CC=C2)C(=O)C,1
7205469,CC1=C(C=C(C=C1)Cl)N2C3=NC=NC(=C3C=N2)NC4CCCCCC4,1
7251185,C/C/1=C\CC[C@@]2([C@H](O2)[C@@H]3[C@@H](CC1)C(=C)C(=O)O3)C,1
7285303,C1=CC=C(C=C1)N2C(=NN=N2)C3=CN=C(N=C3C4=CC=CS4)C5=CC=NC=C5,0
7293082,CCCCC1=CC=C(C=C1)NC(=O)COC2=CC=CC3=C2C=CN(C3=O)C,1
7308510,C1=CC=C(C=C1)C2=CC=C(O2)/C=C(/C#N)\C3=NC(=CS3)C4=CC=CS4,0
7312224,CCCC1=C(C2=C(O1)C=CC(=C2)NS(=O)(=O)C3=CC=C(C=C3)OC)C(=O)OCC,1
7312241,CCCCOC(=O)C1=C(OC2=C1C=C(C=C2)NS(=O)(=O)C3=C(C=C(C=C3)F)C)C,1
7314606,CC1=CC(=C(C=C1)/C=C/C(=O)C2=C(C(=O)C=CC=C2)O)C,1
7314670,CCOC1=CC=C(C=C1)/C=C/C(=O)C2=C(C(=O)C=CC(=C2)Br)O,1
7341067,COC1=CC=C(C=C1)N2C(=C/C(=C\C3=CC=C(C=C3)[N+](=O)[O-])/C2=O)C4=CC=CC=C4,0
7518628,CC1=CC(=C(C=C1)C)S(=O)(=O)NCCC2=CSC(=N2)C3=CC=C(C=C3)Cl,1
7540306,CC1=C(C2=C(O1)C=CC(=C2CN(C)CC3=CC=CC=C3)O)C(=O)NC4=CC=CC=C4,1
7598361,CC1=CC(=CC=C1)CN2C=CC=C(C2=O)C(=O)NC3=CC4=C(C=C3)OCCO4,1
7809250,CCC1=C(SC(=C1)C(=O)N2CCN(CC2)C(=O)C3=CC=CC=C3)C,1
8094616,CC1=CC(=C(C=C1)NC(=O)C(C2=CC=CC=C2)C3=CC=CC=C3)O,1
8100182,CC1=C(C=C(C=C1)C(=O)/C=C/C2=CC(=C(C=C2)OC)O)[N+](=O)[O-],1
8658938,CCCCNC(=S)NC1=CC(=CC=C1)S(=O)(=O)NC2=NCCC2,1
9154295,CCOC1=CC=C(C=C1)C(=O)CCC(=O)N2CCN(CC2)C3=CC=CC=C3O,1
9261791,CCOC1=CC=C(C=C1)OCCNC(=O)C2=CC(=NC3=C2C=NN3C(C)C)C4CC4,1
9549110,CCCCCCCCCN1C2=C(CCC2)C(=N)C3=C1CCC3.Br,1
9549473,CNCC1(CCCC1)C2=CC=CC=C2.Cl,0
9549474,CCCCCCCCCCN1C2=C(CCC2)C(=N)C3=C1CCC3.Br,1
9549490,C1=CC(=CC=C1N)NC2=NC(=CS2)C3=CC=NC=C3.Br,0
9549632,CC1(OC(=C/C(=C\C=NC2=CC=C(C=C2)OC)/O1)C3=CC=CC=C3)C.Br,0
9549651,CN1CCN(CC1)C2=CC3=CC=CC=C3SC4=C2C=CC(=C4)F.C(=C\C(=O)O)\C(=O)O,0
9550464,C1=CC=C(C=C1)NC2C3=CC=CC=C3C(=O)N2C4=NC=C(C=C4)Cl,0
9550564,COC1=CC=C(C=C1)C2=CSC(=NN2)/N=C/C3=CC=C(C=C3)F.Br,0
9551287,C1=CC=C(C=C1)C2=NC(=O)/C(=C/C3=CC=CS3)/S2,0
9551541,CC1CCN(CC1)S(=O)(=O)C2=CC3=C(C=C2)N(C(=O)O3)CC(=O)NC4=CC(=CC(=C4)C)C,1
9551647,C1=CC=C(C=C1)C2=NC3=C(C(=N2)NCC4=CC=CO4)OC5=CC=CC=C53.Cl,0
9551662,CCOC(=O)NC1=CC2=C(C=C1)SC3=CC=CC=C3N2C(=O)CCN4CCN(CC4)C.Cl,0
9551667,C1=CC=C(C(=C1)C2=NO[C@H]3[C@@H]2[C@@H]4[C@@H]5[C@H]([C@H]3O4)C(=O)N(C5=O)C6=CC=C(C=C6)Cl)Cl,0
9551935,C1=CC=C2C(=C1)C(=CC=[NH+]2)C3=NC4=CC=CC=C4N3.O.[I-],0
9551967,C1=CC=C(C=C1)C2=NC(=C(N=N2)C3=CC=C(C=C3)Cl)C4=CNC5=CC=CC=C54,0
9554685,C1=CC=C2C(=C1)N=CN2/N=C/C3=C(N=C4N3C=CS4)Cl,0
9555274,C1=CC=C2C(=C1)N=C(N2/N=C/C3=CC=C(C=C3)Br)N,0
9556592,C1=CC=C2C(=C1)N=C(N2/N=C/C3=CN=CC=C3)N,0
9557744,C1=CC=C2C(=C1)N=CN2/N=C/C3=CN=CC=C3,0
9563912,CCOC(=O)/C(=N/NC1=CC=C(C=C1)S(=O)(=O)N2CCC3=CC=CC=C32)/C#N,1
9567149,C1=CC=C2C(=C1)C(=NC(=N2)C3=CC=C(C=C3)Br)N/N=C/C4=CN=CC=C4,0
9568631,C1=CC=C2C(=C1)C(=O)N(C(=N2)C3=CC=CO3)/N=C/C4=CC=CO4,0
9568700,CC(C)(/C=N/OC(=O)NC)S(=O)C,0
9569641,C1=CC=C(C=C1)/C=N/NC2=C(C(=O)NN=C2)Cl,0
9570071,CC(C)(/C=N/OC(=O)NC)SC,0
9570092,CC(C)(/C=N/O)SC,0
9570093,CC(C)(/C=N/OC(=O)NC)S(=O)(=O)C,0
9590728,C/C(=N\NC(=O)C1CC1C2=CC=CC=C2)/C3=CC(=CC=C3)[N+](=O)[O-],1
9590747,CCCCCCOC1=CC=C(C=C1)/C(=N/NC2=NCCN2)/C,1
9590748,CCCCCCOC1=C(C=C(C=C1)/C(=N/NC2=NCCN2)/C)[N+](=O)[O-],1
9595287,CNC(=O)O/N=C(/C(=O)N(C)C)\SC,0
9614646,C1=CC=C(C=C1)C2=CN=NC(=N2)N/N=C/C3=CC=C(O3)C4=CC(=CC=C4)C(F)(F)F,0
9614673,COC1=CC=C(C=C1)/C=N/NC2=NN=C(C3=CC=CC=C32)C4=NC=CN4,0
9614817,C1=CC=C(C=C1)C2=CN=NC(=N2)N/N=C/C3=CC=C(O3)C4=CC=CC=C4Cl,0
9633467,C1=CC=C(C=C1)/C=N/NC(=O)C(C2=NNC(=O)C3=CC=CC=C32)NC(=O)C4=CC=CC=C4,0
9634281,CCC(C)(C)C1CCC2=C(C1)C(=NN2)C(=O)N/N=C(\C)/C3=CC=CO3,1
9636483,C1=CC=C2C(=C1)C(=NC(=N2)C3=CC=CC=C3Cl)N/N=C/C4=CN=CC=C4,0
9642702,CCCCNC(=S)N/N=C/C1=CCC2CC1C2(C)C,1
9667515,C1=CC=C2C(=C1)C(=NN=C2N/N=C/C3=CC=C(C=C3)Cl)C4=NC=CN4,0
9670176,C1CCCN(CC1)C2=NC(=NC(=N2)N/N=C/C3=CC=C(O3)[N+](=O)[O-])N4CCCCCC4,0
9676586,CCCCN1C2=CC=CC=C2N=C1/C=N/NC3=NC4=CC=CC=C4N3,1
9693619,C1=CC(=CC=C1/C=N/NC2=NNN=N2)Cl,0
9695908,C1=CC=C(C=C1)/C=N/N2C(=NC3=CC=CC=C3)C(=S)N(C2=N)C4=CC=CC=C4,0
9798523,CCCC[Sn](CCCC)(OC(=O)C)OC(=O)C,1
9799979,CCC1=NN(C2=C1C=CC(=C2)C3(CCC(CC3)C(=O)O)C#N)C4CCCCC4,1
9801803,C[C@H](/C=C/[C@H](C1CC1)O)[C@H]2CC[C@@H]\3[C@@]2(CCC/C3=C\C=C\4/C[C@H](C[C@@H](C4=C)O)O)C,1
9809426,CCCCCCCCCCCC(=O)O[Sn](CCCC)(CCCC)OC(=O)CCCCCCCCCCC,1
9863860,C[C@H]1CCCC(=O)[C@H]([C@H](C/C=C/C2=C(C(=CC(=C2)OC)O)C(=O)O1)O)O,1
9889168,CCCCCCCCCCCCCC[P+](CCCC)(CCCC)CCCC.[Cl-],1
9908126,CN[C@H]1CC[C@H](C2=C1C=C(C=C2)S(=O)(=O)N)C3=CC(=C(C=C3)Cl)Cl,0
9910986,CN1CC[C@@H]([C@@H](C1)O)C2=C(C=C(C3=C2OC(=CC3=O)C4=CC=CC=C4Cl)O)O.Cl,1
9951932,CC1=NC=C(C=N1)[C@@H](CCCCCCC2=NC3=C(CCCN3)C=C2)CC(=O)O,1
9957280,CC(C)[C@H]1C2=C(CC[C@@]1(CCN(C)CCCC3=NC4=CC=CC=C4N3)OC(=O)C5CC5)C=C(C=C2)F,0
10298511,CC(=CCC1=C(C2=C(C=C1O)OC3=C(C(=C(C(=C3C2=O)CC=C(C)C)O)O)CC=C(C)C)O)C,1
10692407,CCCCCCCCCOCN1C=[N+](C2=CC=CC=C21)CC3=CC=CC=C3.[Cl-],1
11211194,CC(=CCC1=C(C=CC2=C1C(=O)C3=C(C=C(C(=C3O2)CC=C(C)C)O)O)O)C,1
11243969,C1[C@@H]2C[C@@H]2N([C@@H]1C#N)C(=O)[C@H](C34CC5CC(C3)CC(C5)(C4)O)N,0
11375816,CCCCCCCCCCCCCC[P+](CCCCCC)(CCCCCC)CCCCCC.[Cl-],1
11477651,CCCOC1=C(C(=C(S1)C(=O)N2CCC(CC2)C3=C(C=CC(=C3)CN)F)C)Br.Cl,1
11596309,CC(=CCC1=C(C=CC(=C1)[C@@H]2CC(=O)C3=C(O2)C(=C(C=C3)O)CC=C(C)C)O)C,1
11948779,CCCCCSC1=C(C=C(C(=C1)OC)CCNC)OC.C(=C\C(=O)O)\C(=O)O,1
11948820,CCOC1=C(C(=CC(=C1)CNC2CCCC2)Cl)OCC3=CC=C(C=C3)F.Cl,1
11948870,CCOC(=O)C1=C(N(C2=CC(=C(C=C21)OC(=O)C)Br)C3=CC=C(C=C3)C)CSC(=N)N.Br,1
11957213,CCC1=CC=C(C=C1)NC2=NC3=CC=CC=C3C(=C2)C(=O)NCCCN4CCOCC4,1
11957314,CCCCCCCCC[N+]1=CC=CC2=C1C=CC3=CC=CC=C32.[Br-],1
12004524,C[C@@H](C[C@H]([C@@H](C(C)(C)O)O)O)[C@@H]1CC[C@]2([C@]1(CC[C@H]3C2=CC[C@@H]4[C@@]3(CCC(=O)C4(C)C)C)C)C,1
12004531,CC(C)C1=C2[C@H]([C@@H]3C4[C@](CC[C@H]([C@@]4(C2=CC(=O)O1)C)O)(C(=O)O3)C)O,1
12004920,CCCCC(=O)/C=C/N1C2=CC=CC=C2OC1=S,1
12005197,CCCC(CCC)(C(=O)NN(C1=CC=CC(=C1)C)C(=O)CCl)O,1
12005198,CC1=C(C=C(C=C1)N(CCC#N)C(=O)CCl)C,1
12005366,CCOC(=O)C1=CC=C(C=C1)NC(=S)N(CCCN2CCCCC2)CC3=CC=CO3,1
12005524,CCO.C\1CC2=C(/C1=C/C3=CC=CC=C3Cl)OC(=C(C2C4=CC=CC=C4Cl)C#N)N,0
12005597,CCCCCCCCCCCCCCCC[N+]1=CC=CC(=C1)C(=O)N(CC)CC.[Br-],1
12005609,CCCCCCCOC(=O)C[N+](C)(C)CCOC1CC2CCC1(C2(C)C)C.[Br-],1
12005613,CCCCOC1=C(C=C(C=C1)Br)CSC(=N)N.Cl,1
12006012,CCC1=C(C(=CC=C1)CC)NC(=S)NCCC2=C(NC3=C2C=C(C=C3)C)C,1
12006242,CC(C)(C)C1CCC(CC1)OCC(CN2CCN(CC2)CC3=CC=CC=C3)O.Cl,1
12040509,CCCCCCCCCCN1C=C[N+](=C1)C.C(F)(F)(F)S(=O)(=O)[N-]S(=O)(=O)C(F)(F)F,1
12285822,C1=CC(=CC=C1N)S(=O)(=O)[N-]C2=NC=CS2.[Na+],0
12305037,C1=CC(=C(C=C1[C@H](CN)O)O)O.C(C(C(=O)O)O)(C(=O)O)O.C(C(C(=O)O)O)(C(=O)O)O,0
12521030,CC(O)(P(=O)(O)O)P(=O)(O)O.O,0
14137704,CC(=C)C1CCC2(C1C3CCC4C(C3(CC2)C)(CCC5C4(C(C(C5(C)C)O)C=O)C)C)C(=O)O,1
14286542,CC1C2C(NC(=O)C23C(/C=C(/CCC(C(/C=C/C3=O)O)O)\C)C=C1C)CC(C)C,1
14314897,CC1CCC/C=C/C(=O)C2=C(CC(=O)O1)C=C(C=C2O)O,1
14412270,CC(=CCC1=C(C2=C(C(=C1O)C(C)(C)C=C)OC3=C(C2=O)C=CC(=C3O)O)O)C,1
14779548,CCCCCCC[C@@H](C/C=C/CCC(=O)N(C)C/C(=C/Cl)/C/C(=C\C(=O)N1CC(=CC1=O)OC)/OC)OC,1
15382621,CC(=CCC1=CC(=CC(=C1OC)CC=C(C)C)C2CC(=O)C3=C(C=C(C=C3O2)O)O)C,1
15944754,CCCCCCC1=C(C=C2C(=C1)C=C(C(=O)O2)S(=O)(=O)C3=CC=C(C=C3)Cl)O,1
15945189,CCCCCCCCCCCCCCCC[N+]1=CC=CC2=CC=CC=C21.[I-],1
15945303,CC1=CC=C(C=C1)S(=O)(=O)NC2=CC=C(C=C2)C(=O)/C=C/C3=CC(=C(C=C3)OC)O,1
15945489,CCC(C(=O)NC1CCCCC1)N2C3=C(C=CN=C3)N=C2SCC4=CC=CC(=C4)C,1
15945523,CC1=CC(=C(C(=C1)C)C(C2=CC=CC=C2)OCCCNC(C)C)C.Cl,0
15987586,CCN1C=C(C2=CC(=C(C=C2C1=O)OC)OC)C(=O)N3CCN(CC3)C4=CC=CC(=C4C)C,1
15987820,CCCCN(C)CCCNC(=O)C1CCN(CC1)C2=NC3=C(S2)C=C(C=C3)CC,1
15987858,CCN(C1=CC=C(C=C1)OCC)S(=O)(=O)C2=CC(=CC3=C2N(C(C3)C)C(=O)C)Br,1
15988197,CC1=CC(=C(C=C1)CN2C3=C(C4=C(S3)CCC4)C(=O)N(C2=O)C5=C(C=C(C=C5)OC)OC)C,1
15988214,CC1=C(C=C(C=C1)N2C(=O)C3=C(N=C2SCC(C)C)SC4=C3CCN(C4)C(=O)C)Cl,1
15988815,CCCCN1C=NC2=C1C=CC(=C2)NCC3=CC=C(C=C3)OCC,1
15989508,CC1=C(C=C(C=C1)NC(=O)NCC2CCN(CC2)CC3=CC(=CC=C3)Cl)Cl,1
15989717,CC1=CC(=C(C=C1)C)N2CCN(CC2)CCCNC(=O)NC3=CC=C(C=C3)Cl,1
15989809,CC1=CC=C(C=C1)COC(=O)C2=C(NC(=O)CC2C3=CC=CC=C3F)C,0
15989856,CC1=C(C(CC(=O)N1)C2=CC=C(C=C2)Cl)C(=O)OCC3CCCCC3,1
15990050,CCCCOC(=O)C1=CC=C(C=C1)NS(=O)(=O)C2=C(N=C3N(C2=O)C(=CS3)C)C,1
15990314,CCC1=NC2=C(C=CC(=C2)C(=O)N3CCC(CC3)C(=O)OCC)SC4=C1C=C(C=C4)C,1
15990317,CCCC1=NC2=C(C=CC(=C2)C(=O)NC3CCCC3)SC4=C1C=C(C=C4)C,1
15990349,CCCC1=NC2=C(C=CC(=C2)C(=O)NCCC)SC3=CC=CC=C31,1
15990546,CCCC1=NC2=C(C=CC(=C2)C(=O)N3CCC(CC3)C(=O)OCC)SC4=CC=CC=C41,1
15990925,CCOC(=O)C1=CC=C(C=C1)N2C(C3=C(NN=C3C2=O)C4=CC=CS4)C5=CC(=CC=C5)O,1
15990927,CCCCN(CCCNC(=O)C1=CC(=NC2=CC=CC=C21)NC3=CC(=CC=C3)SC)CC4=CC=CC=C4,1
15990992,CN1C=C(C2=CC=CC=C21)CN(C3CCCCC3)C(=O)NC4=CC=CC=C4,0
15991095,CC1=CC(=C(C=C1)O)NC(=O)C2=CC(=C(C=C2)Br)S(=O)(=O)N3CCCCC3,1
15992859,CCOC(=O)C1=C(SC=C1C2=CC=C(C=C2)OC)/N=C/C3C(=O)CCCC3=O,1
16000013,CC1CCN(CC1)C(=O)CSC2=C3CCCCC3=NC4=C2C=C(C=C4)Cl,1
16007418,CCCCN(CC)CCNC(=O)C1=CC2=C(S1)N(N=C2C3=CC=C(C=C3)Cl)C,1
16007454,CCOC(=O)C1CCN(CC1)C(=O)CSC2=C3CCCCC3=NC4=C2C=C(C=C4)Cl,1
16007598,CCN1C=C(C(=O)C2=C1C=CC(=C2)S(=O)(=O)N3CCC(CC3)C)C(=O)N4CCN(CC4)C5=CC(=CC=C5)Cl,1
16007605,CC1=C(C=C(C=C1)NC(=O)C2CCN(CC2)S(=O)(=O)C3=C(ON=C3C)/C=C\C4=CC=C(C=C4)OC)F,1
16007665,CC1=NOC(=C1S(=O)(=O)N2CCC(CC2)C(=O)NC3=CC(=C(C=C3)F)Cl)/C=C/C4=CC=CS4,1
16007716,CC1=NOC(=C1S(=O)(=O)N2CCC(CC2)C(=O)NC3=CC(=C(C=C3)F)Cl)/C=C/C4=CC=CO4,1
16007761,CC1=CC=C(C=C1)CNC(=O)C2CCCN(C2)CC3=C(OC(=N3)C4=CC=CC(=C4)C)C,1
16007815,CCC1=CC=CC=C1S(=O)(=O)CC2=CC=C(O2)C(=O)NCCC3=CC=C(C=C3)Cl,1
16007858,CC1=CC(=CC=C1)C2=NC(=C(O2)C)CSCC(=O)N3CCN(CC3)C4=CC=CC=C4,1
16007860,CC1=CC(=CC=C1)C2=NC(=C(O2)C)CSCC(=O)NCCC3=CC=C(C=C3)Cl,1
16007912,CC1=C(N=C(O1)C2=CC=C(C=C2)Cl)CN3CCC(CC3)C(=O)NCCCN4CCN(CC4)C5=CC(=CC=C5)Cl,1
16007949,CCC1CCCCN1CCCNC(=O)C2=CC3=C(C=C2)S(=O)(=O)C4=CC=CC=C4C(=O)N3CC5=CC=C(C=C5)Cl,1
16008012,CC1=C(N=C(O1)C2=CC=C(C=C2)Cl)CN3CCCC(C3)C(=O)NCCC4=CC=CC=C4,1
16008055,CC1=C(N=C(O1)C2=CC(=CC=C2)OC)CS(=O)(=O)CC(=O)NCCC3=CC=C(C=C3)Cl,1
16008094,CCOC(=O)C1CCCN(C1)C(=O)C2=CC3=C(C=C2)S(=O)C4=CC=CC=C4C(=O)N3CC5=CC=CC=C5,1
16008810,CCC1CCCCN1CCCNC(=O)C2=CC3=C(S2)C4=CC=CC=C4N=C3Cl,0
16008853,CCN(CC)CCCNC(=O)C1=CC2=C(C=C1)C(=C3CCCCC3=N2)Cl,1
16008982,CCCCN(CC)CCNC(=O)C1=CC2=C(S1)C3=CC=CC=C3N(C2=O)CC,1
16009055,CC1=CC=C(C=C1)N2C(=O)C(N(C2=O)CCC3=CCCCC3)CC(=O)NC4=CC=C(C=C4)F,1
16009147,CCN(CC)CCCNC(=O)CSC1=C2CCCCC2=NC3=C1C=CC(=C3)Cl,1
16009448,CCOC(=O)C1=C(OC2=NC=NC(=C12)N3CCN(CC3)C4=CC(=CC=C4)Cl)C,1
16009532,CCN(CCCNC(=O)C1=CC2=C(S1)C3=C(C=CC(=C3)C)NC2=O)CC4=CC=CC=C4,1
16009917,CC1CCN(CC1)S(=O)(=O)C2=CC3=C(C=C2)OCC(=O)N3CC(=O)NCCC4=CC=C(C=C4)Cl,1
16009931,CC1=C(N=C(O1)C2=CC(=CC=C2)Cl)CS(=O)(=O)CC(=O)NC(C)CCC3=CC=CC=C3,1
16010005,CCC1=CC=C(C=C1)NC(=O)C2CCCN(C2)S(=O)(=O)C3=CC=CC4=C3N=CC=C4,1
16010481,CC(=O)N1CCC2=C(C1)SC3=C2C(=O)N(C(=O)N3CC4=CC=C(C=C4)F)CCC5=CC=CC=C5,1
16010885,CCOC1=CC=C(C=C1)C(=O)C2=CN=C3C=CC(=CC3=C2N4CCC(CC4)C(=O)OCC)OC,0
16010973,CC(C)CCNC(=O)C1CCN(CC1)C(=O)C2=CC3=C(N2CC4=CC=C(C=C4)Cl)C=CS3,1
16011061,CCOC1=CC2=C(C=C1)N=C(S2)N3CCCC(C3)C(=O)NCCC4=C(C=C(C=C4)OC)OC,1
16011476,CCC1=C(S(=O)(=O)N=C1N2CCC(CC2)C(=O)NCCC3=CC=C(C=C3)Cl)C4=CC=C(C=C4)C,1
16011928,CC1=CC(=CC=C1)CN2C3=C(C=CN=C3)N=C2SCC4=CC=C(C=C4)C(=O)N5CCCCCC5,1
16011930,CC1CCN(CC1)C(=O)C2=CC=C(C=C2)CSC3=NC4=C(N3CC5=CC=CC(=C5)C)C=NC=C4,1
16011934,CC1=CC(=CC=C1)CN2C3=C(C=CN=C3)N=C2SCC4=CC=C(C=C4)C(=O)NCCC5=CC=CC=C5,1
16012060,CCCSCCCNC(=O)C1CCCN(C1)C(=O)C2=C(N(N=C2)C3=CC=CC=C3)N4C=CC=C4,0
16012621,CCC1=CC=CC=C1N2CC(CC2=O)C3=NC4=CC=CC=C4N3CC5=CC=CC(=C5)C,1
16012623,CC1=C(C(=CC=C1)C)OCCCN2C3=CC=CC=C3N=C2CCNC(=O)C4CCCCC4,0
16012643,CC1=CC(=CC=C1)OCCCN2C3=CC=CC=C3N=C2CCNC(=O)C4CCCCC4,0
16012646,CC1=C(C(=CC=C1)C)OCCN2C3=CC=CC=C3N=C2CCNC(=O)C4CCCCC4,0
16012669,C1CCC(CC1)C(=O)NCCCC2=NC3=CC=CC=C3N2CC4=CC=C(C=C4)Cl,0
16012764,CCCCOC1=C(C=C(C=C1)CN2C3=C(C=C(C=C3C)Br)C(=O)C2=O)OC,1
16012773,CCCCN(C)CC(CN1C=C(C2=CC=CC=C21)/C=C/C(=O)C3=CC=C(C=C3)C)O,1
16012810,CCCOCC1=C2C=CC=NC2=C(C(=C1)CN3CCN(CC3)C4=CC=CC=C4OC)O,1
16012824,CCCCCOC1=C(C=C(C=C1Cl)C(=O)N(CC2=CC=C(O2)C)C3CCS(=O)(=O)C3)Cl,1
16012844,CCS(=O)(=O)C1=NC=C(C(=N1)C(=O)N2CCN(CC2)C3=CC(=CC=C3)Cl)Cl,1
16013030,CCCCOC(=O)C1=CC=C(C=C1)NC(=O)CC2=COC3=C2C=C(C=C3)C(C)C,1
16013194,CC1CCCN(C1)CC2=C(C=CC3=C2C(=C(O3)C)C(=O)NC4=CC(=C(C=C4)OC)Cl)O,1
16013213,CC1CCN(CC1)CC2=C(C=CC3=C2C(=C(O3)C)C(=O)NC4=CC(=C(C=C4)OC)Cl)O,1
16013305,CC1=C(C2=C(O1)C=CC(=C2CN3CCCCCC3)O)C(=O)NC4=CC=CC(=C4)C(F)(F)F,1
16013311,CC1=C(C2=C(O1)C=CC(=C2CN(C)CC3=CC=CC=C3)O)C(=O)NC4=CC=CC(=C4)C(F)(F)F,1
16013370,CCCCS(=O)(=O)C1=C(N=C(O1)C2=CC=C(C=C2)F)S(=O)(=O)C3=CC=C(C=C3)C,1
16013391,CCCCCS(=O)(=O)C1=C(N=C(O1)C2=CC=CS2)S(=O)(=O)C3=CC=C(C=C3)C,1
16014388,CC1=CC(=C(C(=C1)C)OCC(=O)N(CC2=CC(=CC=C2)F)CC3=CC=CO3)C,1
16014428,CCCCCN1C(=C(C2=CC=CC=C2S1(=O)=O)OC(=O)CC)C(=O)C3=CC=CC=C3,1
16014436,CCCCC(=O)OC1=C(N(S(=O)(=O)C2=CC=CC=C21)C)C(=O)C3=CC=CC=C3,1
16014492,CCC1=NN=C(S1)NC(=O)C2=NC(=NC=C2Cl)S(=O)(=O)CC3=CC=CC(=C3)C,1
16014612,CCC1=CC=C(C=C1)NC2=CC(=NC3=NC(=NN23)CC4=CC=C(C=C4)Cl)C,1
16014682,CC1=CC=C(C=C1)CN2CCC(C2)CNC(=O)NC3=CC=C(C=C3)Cl,1
16015297,CCN1C2=C(C=C(C=C2)NC(=O)COC3=CC(=C(C=C3)Cl)C)N=C1CN4CCC(CC4)C,1
16015352,CCCOC1=CC=C(C=C1)CC2C3=C(C=CC(=C3)Br)NC2=O,1
16015873,CC1=C(C=CC(=C1)OCC(=O)N2CCC(CC2)C3=NC4=CC=CC=C4S3)Cl,1
16015985,CC1CCC2=C(C1)SC(=N2)NC(=O)CC3=CC=C(C=C3)Cl,1
16016259,CCCCN1CC(CC1=O)C2=NC3=CC=CC=C3N2CCCCOC4=CC(=C(C=C4)C)C,1
16016260,CCCCN1CC(CC1=O)C2=NC3=CC=CC=C3N2CCCCOC4=C(C=C(C=C4)C)C,1
16016261,CCCCN1CC(CC1=O)C2=NC3=CC=CC=C3N2CCCCOC4=CC=CC=C4C,1
16016262,CCCCN1CC(CC1=O)C2=NC3=CC=CC=C3N2CCCCOC4=CC=CC(=C4C)C,1
16016543,CC1=C(C(=CC=C1)N2CCN(CC2)C(=O)C3CCN(CC3)S(=O)(=O)CC4=CC=CC=C4)C,1
16016601,CC1=CC=C(C=C1)C2=C3C(=C4N2C5=CC=CC=C5NC4C6=C(C=C(C=C6)C)O)N(C(=O)N(C3=O)C)C,1
16016686,CCCN(CC1=CC=CS1)C(=O)NC2=CC(=C(C=C2)Br)C,1
16016723,CCC1=CC=C(C=C1)CN(CC2=C(NN=C2)C3=CC=C(C=C3)OC)C(=O)NC4=CC(=C(C=C4)C)F,1
16016777,CCOC(=O)CC1=CC=C(C=C1)NC(=O)NC2=NN=C(S2)N3CCCCC3C,1
16018071,CC1CN(C2=C(O1)C=CC(=C2)Cl)C(=O)N3CCC(CC3)C(=O)NCCCC4=CC=CC=C4,0
16018097,CCC1CN(C2=CC=CC=C2O1)C(=O)N3CCC(CC3)C(=O)N4CCN(CC4)C5=C(C=CC(=C5)C)C,1
16018174,CCN(CC)CCCNC(=O)C1=C(C2=C(O1)CCC3=CN(N=C32)CC4=CC=C(C=C4)Cl)C,1
16018211,CC1CN(C2=C(O1)C=CC(=C2)C)C(=O)N3CCC(CC3)C(=O)NCC4=CC=CC=C4F,1
16018225,CCC1CN(C2=C(O1)C=CC(=C2)C)C(=O)N3CCC(CC3)C(=O)NCC4=CC=CC=C4OCC,1
16018227,CCC1CN(C2=C(O1)C=CC(=C2)C)C(=O)N3CCC(CC3)C(=O)NCC4=C(C(=CC=C4)OC)OC,1
16018259,CCC1CN(C2=C(O1)C=CC(=C2)C)C(=O)N3CCC(CC3)C(=O)NCCC4=CC=CC=C4Cl,1
16018291,CC1CCC2=C(C1)C=C(N2C3=CC=C(C=C3)C(=O)NC(C)C)C4=CC=CC=C4,1
16018299,CCN(CC)CCCNC(=O)C1=CC2=C(C=C1)N3C=C(N=C3S2)C4=CC=C(C=C4)C,1
16018313,CC1CCCCN1CCCNC(=O)C2=CC3=C(C=C2)N4C=C(N=C4S3)C5=CC=C(C=C5)F,1
16018331,CC1=CC=C(C=C1)C2=CN3C4=C(C=C(C=C4)C(=O)NCCCN5CCCCC5)SC3=N2,1
16018333,CC1=CC=C(C=C1)C2=CN3C4=C(C=C(C=C4)C(=O)NCCCN5CCCCCC5)SC3=N2,1
16018777,CCC1=CC=C(C=C1)CNCC2=C(N(C3=C2C=CC(=C3)C)CC4=CC=C(C=C4)C)C(=O)O,1
16018788,CCC1=CC=CC(=C1NC(=O)CSC2=NN=C(N3C2=CC4=C3C=CO4)CC)C,1
16018850,CN(C1=CC=C(C=C1)F)S(=O)(=O)N2CCCC(C2)C(=O)NCC3=CC(=CC=C3)Br,1
16018876,CCN(C1=CC=C(C=C1)OCC)S(=O)(=O)N2CCCC(C2)C(=O)NCC3=CC=C(C=C3)Cl,1
16019468,CCC1=CC(=CC=C1)NS(=O)(=O)C2=CC3=C(C=C2)N(C(C3)C)C(=O)C4CC4,1
16019500,CC1CC2=C(N1C(=O)C)C=CC(=C2)S(=O)(=O)NCCC(=O)NC3=CC(=C(C=C3)Br)C,1
16020012,CCOC1=C(C=CC(=C1)C2C3=C(C(=O)N2C4=CC=C(C=C4)Cl)NN=C3C5=CC=C(C=C5)Br)O,1
16020073,CCC1=CC=C(C=C1)C2C3=C(C(=O)N2C4=CC=C(C=C4)C(=O)OCC)NN=C3C5=CC=CC=C5,1
16020088,CCOC(=O)C1=CC=C(C=C1)N2C(C3=C(C2=O)NN=C3C4=CC=CC=C4)C5=CC=CS5,1
16020090,CCOC(=O)C1=CC=C(C=C1)N2C(C3=C(C2=O)NN=C3C4=CC=C(C=C4)C)C5=CC(=CC=C5)F,1
16020102,CCOC(=O)C1=CC=C(C=C1)N2C(C3=C(C2=O)NN=C3C4=CC=C(C=C4)OC)C5=CC(=CC=C5)O,1
16020134,CCN(CC1=CC=CC=C1)CC2=C(C(NC(=O)N2)C3=CC=C(C=C3)OC(C)C)C(=O)OCC,1
16020165,CCOC(=O)C1=CC=C(C=C1)N2C(C3=C(NN=C3C2=O)C4=CC=CO4)C5=CC(=C(C=C5)O)OC,1
16020167,CCOC1=C(C=CC(=C1)C2C3=C(NN=C3C(=O)N2C4=CC=C(C=C4)C(=O)OCC)C5=CC=CO5)O,1
16020170,CCOC(=O)C1=CC=C(C=C1)N2C(C3=C(NN=C3C2=O)C4=CC=CO4)C5=CC=C(C=C5)O,1
16020171,CCOC(=O)C1=CC=C(C=C1)N2C(C3=C(NN=C3C2=O)C4=CC=CO4)C5=CC(=CC=C5)O,1
16020177,CCC1=CC=C(C=C1)C2C3=C(NN=C3C(=O)N2C4=CC=C(C=C4)C(=O)OCC)C5=CC=CS5,1
16021234,CCOC(=O)C1=CC(=CC=C1)NS(=O)(=O)C2=CC3=C(C=C2)NC4=C3CCCC4,1
16021541,CC(=O)C1=CC(=CC=C1)NC(=O)C2CCN(CC2)C3=NC=NC4=C3N=C5N4CCCCC5,1
16021609,CCN(C1=CC(=CC=C1)Cl)C(=O)C2CCN(CC2)C3=NC=NC4=C3N=C5N4CCCCC5,1
16022213,CC1=CC(=C(C(=C1)C)NC(=O)CC2=CC=C(C=C2)N3C(=NC4=C3N=CC=C4)C)C,1
16022432,CCOC(=O)C1=C(N(C(=C1)C)CC2CCC(CC2)C(=O)NC3=CC=C(C=C3)Cl)C,1
16022454,CCOC(=O)C1=C(N(C(=C1)C)CC2CCC(CC2)C(=O)NC3=CC=CC(=C3)C(=O)C)C,1
16022464,CCOC(=O)C1=C(N(C(=C1)C)CC2CCC(CC2)C(=O)NC3=CC=CC=C3OC)C,1
16022699,CC1=C(C=C(C=C1)Cl)N2CCN(CC2)C(=O)C3=C(N(N=C3)C4=CC=C(C=C4)Cl)C5CCNCC5,1
16022923,CCC1=CC=C(C=C1)CNC(=O)C2CCN(CC2)C3=NN=C(C4=C(N(N=C43)C5=CC=C(C=C5)C)C)C,1
16023008,CC1=C2C(=NN=C(C2=NN1C3=CC=C(C=C3)OC)N4CCC(CC4)C(=O)NCC5=CC(=CC=C5)F)C,1
16023018,CCC1=CC=C(C=C1)CNC(=O)C2CCCN(C2)C3=NN=C(C4=C(N(N=C43)C5=CC=C(C=C5)OC)C)C,1
16023140,CCOC1=CC=C(C=C1)CNC(=O)C2CCCN(C2)C3=NN=C(C4=C(N(N=C43)C5=CC=CC=C5)C)C,1
16023508,CC1=CC(=C(C=C1)C)N2CCN(CC2)C(=O)C3=NOC4=C3CCCCC4,1
16023619,CC1=CC=C(C=C1)CN2CCC(CC2)CNC(=O)C3=CC4=C(N3)C5=C(C=CC=N5)C=C4,1
16023637,CC1=CC=CC=C1CN2CCC(CC2)CNC(=O)C3=CC4=C(N3)C5=C(C=CC=N5)C=C4,1
16023955,CC1=CC=C(C=C1)N2C(=C(C=N2)C(=O)NCCN3CCC(CC3)CC4=CC=CC=C4)C5CCN(CC5)C(=O)OC(C)(C)C,1
16024077,CC(C)(C)OC(=O)N1CCC(CC1)C2=C(C=NN2C3=CC=C(C=C3)OC)C(=O)NCC4=CC=C(C=C4)OC,1
16024191,CC1=CC(=C(C=C1)N2C(=C(C=N2)C(=O)NCCN3CCC4=CC=CC=C4C3)C5CCN(CC5)C(=O)OC(C)(C)C)C,1
16024204,CC1=C(C=C(C=C1)N2C(=C(C=N2)C(=O)NCCCN3CCC4=CC=CC=C4C3)C5CCN(CC5)C(=O)OC(C)(C)C)C,1
16024286,CCOC(=O)C1=CC=C(C=C1)NS(=O)(=O)C2=CC3=C(C=C2)NC4=C3CCCCC4,1
16025782,CCN1C(=C(C2=C1C=CC(=C2)C(=O)N3CCN(CC3)C4=CC=CC(=C4C)C)C)C,1
16026831,CC1=CC(=C(C=C1)C)N2CCN(CC2)C(=O)CCC3=C(N(N=C3C)C4=NN=C(C=C4)N5CCCC5)C,1
16027967,CC1=CC(=C(C(=C1)C)NS(=O)(=O)C2=CC=C(C=C2)C3=CN=C(O3)C4CC4)C,1
16028040,CCOC(=O)C1=CC(=CC=C1)NS(=O)(=O)C2=C(C=CC(=C2)C3=CN=C(O3)C4CC4)C,1
16028700,CC1=C(SC(=N1)C2=CC=C(C=C2)Cl)CCNC(=O)CC3=CC(=C(C=C3)OC)OC,1
16029319,CCN(CC)CCNC(=O)C1CCN(CC1)S(=O)(=O)C2=C(ON=C2C)/C=C/C3=CC=CC=C3F,1
16029320,CCN(CC)C1=CC(=C(C=C1)NC(=O)C2CC3=C(C=CC(=C3)OC)OC2)C,1
16029337,CCN(CCN(C)C)C(=O)C1CCN(CC1)S(=O)(=O)C2=C(ON=C2C)/C=C/C3=CC=CC=C3F,1
16030363,CC1CCCCN1C(=O)CSC2=NC3=CC=CC=C3N=C2CC4=CC(=CC=C4)OC,1
16030421,CC1CCCCN1C(=O)CSC2=NC3=CC=CC=C3N=C2CC4=CC=C(C=C4)C,1
16031042,CCOC(=O)C1=C(C(=C(N1)C)CCC(=O)N2CCN(CC2)C3=C(C=CC(=C3)Cl)C)C,1
16031870,CC1=CC(=C(C=C1)C)N2CCN(CC2)C(=O)C3CCCN(C3)S(=O)(=O)C4=CC5=C(C=C4)N(CCC5)C(=O)C,1
16032481,CC1=CC(=C2C(=C1)N=C(S2)N(CC3=CN=CC=C3)C(=O)CCS(=O)(=O)C4=CC=CC=C4)C,1
16032589,CC1=C2C(=CC=C1)SC(=N2)N(CC3=CN=CC=C3)C(=O)C4CCCCC4,1
16033079,COC1=CC(=CC(=C1)C(=O)NCC2=CC3=C(C=C2)N(CC3)C(=O)C4=CC=CC=C4)OC,1
16033115,CN(C)CCNC(=O)C1CCN(CC1)CC2=CC3=CC=CC=C3N2CC4=CC=CC=C4,0
16033155,CC1=CC=CC=C1CN2C3=CC=CC=C3C=C2CN4CCC(CC4)C(=O)NCC5=CN=CC=C5,1
16033159,CC1=CC=CC=C1CN2C3=CC=CC=C3C=C2CN4CCC(CC4)C(=O)NCCN(C)C,0
16033214,CC1=CC=C(C=C1)CN2C3=CC=CC=C3C=C2CN4CCC(CC4)C(=O)NCC5=CN=CC=C5,1
16033863,CCOC(=O)C1CCN(CC1)C(=O)C2=CC3=C(C=C2)C(=O)N4C(=N3)SC(=N4)NC5=C(C=CC(=C5)C)C,1
16034198,CCCCN(CCCNC(=O)CN1C(=O)CCC(=N1)C2=CC=C(C=C2)C)C3=CC=CC=C3,1
16034256,CC1=CC=C(C=C1)C2=NN(C(=O)CC2)CC(=O)NCCC3=CC=C(C=C3)Cl,1
16034351,CCC1CCCCN1CCCNC(=O)C2=CC3=C(C=C2)S(=O)(=O)C4=CC=CC=C4C(=O)N3CC5=CC(=CC=C5)Cl,1
16034474,CCOC(=O)CC(C1=CC=CC=C1Cl)NS(=O)(=O)C2=CC3=C(C=C2)NC4=C3CCCC4,1
16034506,CC1=C2C(=NN=C(C2=NN1C3=CC=CC=C3)N4CCC(CC4)C(=O)NCC5=CC(=CC=C5)Cl)C,1
16060059,CC1=CC(=CC=C1)C2=NN([C@@H]([C@H]2C3=CC=C(C=C3)F)CO)C4=CC=CC=C4,1
16060181,CCCCCCNS(=O)(=O)C1=CC=CC=C1Br,0
16069365,CN1C=C[N+](=C1)C.COP(=O)([O-])OC,0
16085115,CCCCC[C@@H]1[C@]([C@@H](C2=C(O1)C(=C)N(C2=O)OC)O)(C)O,1
16187389,CCCCCCCCCCCCCCCCN1C=C[N+](=C1)CC(=O)C.[Br-],1
16187654,CCCCN(CCCC)CC1=CC=C(O1)C(=O)NNC(=O)NC2=CC=C(C=C2)F,1
16187751,CSC1=NC=C(C=N1)CN2CCC3=C(C2C4=CC(=CC=C4)O)NC5=CC=CC=C35,1
16187754,CCN\1C2=C(C=C(C=C2)C)S/C1=C/C3=[N+](C4=CC=CC=C4C=C3)CC.[I-],1
16188339,CCCCCC1(CC(OC1=O)CSC(=N)N)C(=O)OCC.Br,1
16188835,CCCOC1=CC=C(C=C1)C(=O)CCN2CCN(CC2)C(=O)OCC.Cl,1
16189401,CC1=C(C=C(C=C1)NC(=S)N(CCCN2CCCC2)CC3=CC=CN3CC4=CC=C(C=C4)Cl)C,1
16189540,CCCCCCCN1C2=CC=CC=C2N(C1=N)CC(C3=CC=CO3)O.Cl,1
16190098,CC1=NC(=CC=C1)CN2CCCC(C2)C(=O)C3=CC=C4CCC5=C4C3=CC=C5,1
16190124,COCC1CCCN(C1)CC2=CN(N=C2C3=CC4=CC=CC=C4O3)CC5=CC=CC=C5,1
16190345,CCCN1CCC(CC1)NCC2=CN(N=C2C3=CC=C(C=C3)OC4=CC=CC=C4)C,0
16190460,CCC1=CC=C(C=C1)C2C3=C(CCN2C(=O)CN4CCN(CC4)CC)C5=CC=CC=C5N3,1
16192339,CC(C)N1CCN(CC1CCO)CC2=CC=C(C=C2)OCC3=CC=CC=C3,1
16192493,CC(C)N1CCC(CC1)N2CCN(CC2CCO)CCCC3=CC=CC=C3,0
16192607,CCCCCCCCCN1C2=C(CCCC2)C(=N)C3=C1CCC3.Br,1
16192614,CCCCCCCCN1C2=C(CCCC2)C(=N)C3=C1CCC3.Br,1
16192647,CCCCCCCCCCCCOCN1C=[N+](C2=CC=CC=C21)C.[Cl-],1
16192725,CC1=CC=C(C=C1)CN=C(N)NC2=NC(=CC(=N2)C)C.Cl,1
16192798,CCCCCC1=CC(=C(C=C1)OCCCC[N+]2=CC=C(C=C2)C)CCCCC.[Cl-],1
16192871,CC1=C(C2=CC=CC=C2N1CC3=CC=CC=C3)CCCN.Cl,1
16192971,CCCCCCCC[N+]1=CC=CC2=C1C=CC3=CC=CC=C32.[I-],1
16193002,CCCCCCCCCC[N+]1=CC=CC2=C1C=CC3=CC=CC=C32.[I-],1
16193114,CC1=CC(=CC=C1)N2N=C(C(=NC3CCN(CC3)CC4=CC=CC=C4)N2O)[N+](=O)[O-],1
16193144,CC[N+]1=C2C=C(C=CC2=C(C=C1)/C=C/3\C=CC4=CC=CC=C4N3C)C,1
16193281,COC1=CC(=CC=C1)OCC(CN2CCC(CC2)CN3C(=O)C4=CC=CC5=C4C(=CC=C5)C3=O)O.Cl,1
16193396,CC1=NN=C(S1)SC2=CC(=C(C3=NON=C23)[N+](=O)[O-])NCCCO,1
16193982,CCC(C)(C)C1=CC(=C(C=C1)OCCCC[N+]2=CC=CC(=C2)C)C(C)(C)CC.[Br-],1
16193983,CCC(C)(C)C1=CC(=C(C=C1)OCCCC[N+]2=CC=C(C=C2)C)C(C)(C)CC.[Br-],1
16194209,CCOC(=O)C1=C(N(C(=C1)C2=CC=C(C=C2)F)CCC(=O)NC3CCN(CC3)CC4=CC=CC=C4)C,1
16194265,CC1CCN(CC1)CCCNC(=S)NC2=CC3=C(C=C2)N=C(C=C3C)N4CCCC4,1
16194351,CCCCNCC1C(C(=O)N1C2=CC=CC=C2C)OC3=CC=C(C=C3)Cl.Cl,0
16195139,CC1CCC(C(C1)OC(=O)C[N+]2=C3CCCN3C(=C2)C4=CC=C(C=C4)Cl)C(C)C.[Cl-],1
16195674,CC1=C(C=C(C=C1)C(=O)NCCN2[C@H](CN3C2=NC[C@@H]3CC4=CC=C(C=C4)O)CC5=CC=C(C=C5)OC)Br,1
16195700,CC1=C(C=C(C=C1)C(=O)NCCN2[C@H](CN3C2=NC[C@@H]3CC4=CC=CC=C4)CC5=CC=C(C=C5)OC)Br,1
16195707,CC1=C(C=C(C=C1)C(=O)NCCN2[C@@H](CN3C2=NC[C@H]3CC4=CC=CC=C4)CC5=CC=C(C=C5)O)Br,1
16195716,CCC(C1=CC=CC=C1)C(=O)NCCC[C@H]2CN3[C@H](CN=C3N2CCC4=CC(=C(C=C4)Cl)Cl)C5CCCCC5,1
16196740,CC1=C(C=C(C=C1)NC(=O)CN2CCC(CC2)CC3=CC=CC=C3)S(=O)(=O)N(C)C.C(=O)(C(=O)O)O,1
16196802,CC1=CC=C(C=C1)S(=O)(=O)NC(C)(C)CN2CCC(CC2)CC3=CC=CC=C3.C(=O)(C(=O)O)O,0
16197074,CCO[C@@H]1[C@H]([C@@H](C=C(O1)C(=O)NC2=CC=CC=C2)C3=CC=C(C=C3)C(F)(F)F)CCCO,1
16197151,CCO[C@H]1[C@@H]([C@H](C=C(O1)C(=O)NCC2=CC=CC=C2)C3=CC=C(C=C3)C(F)(F)F)CCCO,1
16197241,C1CCC(CC1)CCCCN2[C@@H](CNC2=S)CC3=CC=C(C=C3)O,1
16211806,CCCCCCCCCCCCCCCC[N+]1=CC=CC=C1.O.[Br-],1
16212610,CCCCCCCCCCCCCC[P+](CCCCCC)(CCCCCC)CCCCCC.F[P-](F)(F)(F)(F)F,1
16217238,CCCCCCCCCCCCCC[P+](CCCCCC)(CCCCCC)CCCCCC.C(=[N-])=NC#N,1
16218822,CCCCCCCCCCCCCC[P+](CCCCCC)(CCCCCC)CCCCCC.[Br-],1
16219385,C(CC(=O)O)C(C(=O)O)N.O,0
16236314,CCCCCCCCCCOC(=O)CN1C2=CC=CC=C2[N+](=C1COC3=CC=CC=C3)C.[Cl-],1
16242410,CCN1C/C(=C\C2=CC(=C(C=C2)O)OCC)/C(=O)/C(=C/C3=CC(=C(C=C3)O)OCC)/C1.Cl,1
16249618,CCCN1C2=C(C(=NC(=N2)C(C)(C)C)SCC(=O)NC3=NOC(=C3)C)C(=O)N(C1=O)C,1
16253101,CCN1CCN(CC1)C2=C(C=C(C=C2)Cl)NC(=O)C3=CC=C(C=C3)N4C(=CC(=N4)C)C,1
16253144,CCCCN(CC(COC1=CC=CC(=C1)C)O)CC(COC2=CC=CC(=C2)C)O,1
16338356,COC1=C(C=C(C=C1)/C=C\2/C(=O)/C(=C/C3=CC(=C(C=C3)OC)O)/CN(C2)CC4=CC=CC=C4)O,1
16385430,CC1CN(CC(O1)C)S(=O)(=O)C2=C(C=CC(=C2)C(=O)NCCC3=CC=CC=C3C)Cl,1
16396279,CCCCN=C[C@]12CCC(CC1(CCC3[C@@H]2CC[C@]4(C3(CC[C@H]4C5C=CC(=O)O5)O)C)O)O,1
16400050,C[C@@H](C(=O)NCCC1=CC=CC=C1)N2C(=O)[C@@]3(C4=C(CCN3C2=O)C5=CC=CC=C5N4)C,1
16402079,CC(C)C[C@@H](C(=O)NC1CCN(CC1)CC2=CC=CC=C2)N3C(=O)[C@@]4(C5=C(CCN4C3=O)C6=CC=CC=C6N5)C,1
16410501,CN1C(=O)N(C2(C1(NN3C(=O)/C(=C\C4=CC=C(C=C4)OC)/SC3=N2)C5=CC=CC=C5)C6=CC=CC=C6)C,0
16447161,CC1=CC(=CC=C1)CS(=O)(=O)C2=NC=C(C(=N2)C(=O)NCC3=CC4=C(C=C3)OCO4)Cl,1
16463337,CCC1=C(C=C(O1)C(=O)OC)CSC(=N)N.Cl,1
16654936,CCOC(=O)C1=CC=C(C=C1)C2CCC(CC2)NC[C@@H](COC3=CC(=C(C=C3)O)NS(=O)(=O)C)O.Cl,1
16678047,CC(=O)O.CN1CCN(CC1)CN2C(=O)[C@H]3[C@@H]4C=C[C@H]([C@@H]3C2=O)[C@H]5[C@@H]4[C@H]6[C@@H]5C(=O)N(C6=O)CN7CCN(CC7)C,1
16681765,CCC(C)(C)C1=CC(=C(C=C1)OCCCC[N+]2=CC=CC(=C2C)C)C(C)(C)CC.[Br-],1
16681981,CCCCCCCCOC(=O)C1=C(N(C2=CC(=C(C=C21)OC(=O)C)Br)C)CSC(=N)N.Br,1
16681982,CCCCCC(=O)NC1=CC=CC(=C1)C2=NOC3(C2)C[C@@H](N(C3)C(=O)C4=CC=CC=C4C(=O)C5=CC=CC=C5)C(=O)N,1
16682027,CCOC1=CC=CC(=[NH+]C2CCCCC2)C3=C(N(C(=C13)C)C)C.[O-]Cl(=O)(=O)=O,1
16682036,CCOC1=CC=CC(=[NH+]C2CCCCC2)C3=C(NC(=C13)C)C.[O-]Cl(=O)(=O)=O,1
16682136,CCCCCCCCCCCCN1C=CC(=N)C=C1.Br,1
16682553,CCOC(=O)C1=C(OC2=C1C(=C(C=C2)O)CN(C)C)CSCC3=CC=CC=C3.Cl,1
16682576,C1CCC(CC1)C[C@H]2CNC(=S)N2CCC3=CC(=CC(=C3)C(F)(F)F)C(F)(F)F,1
16682585,C1CCC(CC1)C[C@H]2CNC(=S)N2CCC3=CC(=CC=C3)F,1
16682602,C1CCC(CC1)C[C@H]2CN=C(N2CCC3=CC(=CC(=C3)C(F)(F)F)C(F)(F)F)N,1
16682612,C1[C@@H](N(C(=N1)N)CCC2=CC(=CC(=C2)C(F)(F)F)C(F)(F)F)CC3=CC=C(C=C3)O,1
16682617,CCCC[C@@H]1CN=C(N1CCC2=CC(=CC(=C2)C(F)(F)F)C(F)(F)F)N,1
16725220,C1CC(CC(OC1)(C(=O)NCCNCCO)C(F)(F)F)CCC2=CC=CC=C2,0
16745336,CC1=C(C=C(C=C1)C(=O)N[C@@H](C)CN2[C@H](CN3C2=NC[C@@H]3CC4=CC=C(C=C4)O)CC5=CC=C(C=C5)OC)Br,1
16745339,CC1=C(C=C(C=C1)C(=O)N[C@@H](C)CN2[C@@H](CN3C2=NC[C@@H]3CC4=CC=CC=C4)CC5=CC=C(C=C5)O)Br,1
16746259,CCCCCC1=CC(=O)OC2=C1C(=CC(=C2C(CCN(CC)CC)C3=CC(=C(C(=C3)OC)OC)OC)OC)OC,1
16746277,CCCCCC1=CC(=O)OC2=C1C(=CC(=C2C(CCN3CCCC3)C4=CC(=C(C(=C4)OC)OC)OC)OC)OC,1
16746298,CCCCCC1=CC(=O)OC2=C1C(=CC(=C2C(CCN3CCCC(C3)C)C4=CC=C(C=C4)OC)OC)OC,1
16746309,CCCCCC1=CC(=O)OC2=C1C(=CC(=C2C(CCN3CCCC3)C4=CC=C(C=C4)N(C)C)OC)OC,1
16746322,CCCCCC1=CC(=O)OC2=C1C(=CC(=C2C(CCN3CCCC(C3)C)C4=CC(=C(C(=C4)OC)OC)OC)OC)OC,1
16746323,CCCCCC1=CC(=O)OC2=C1C(=CC(=C2C(CCN3CCCCC3)C4=CC=C(C=C4)OC)OC)OC,1
16746410,CCCCCC1=CC(=O)OC2=C1C(=CC(=C2C(CCN3CCCCC3)C4=CC(=C(C(=C4)OC)OC)OC)OC)OC,1
16746585,CC1CCN(CC1)C(=O)C2=C(N=CN2)C(=O)N[C@@H](C)C(=O)OCC3=CC=CC=C3,1
16746649,COC1=CC=C2C(=CC1=O)C(CCC3=CC(=C(C(=C32)OC)OC)OC)N.C(C(C(=O)O)O)(C(=O)O)O,1
16760467,C([C@H]([C@H]([C@@H]([C@H](C(=O)[O-])O)O)O)O)O.[K+],0
16808718,CCC1=CC2=C(C=C1)N=C(S2)N(CCCN(C)C)C(=O)C3=CC4=C(C=C3)OCCO4.Cl,1
16832748,COC1=CC=C(C=C1)OCC(CN(CC(COC2=CC=C(C=C2)OC)O)C3=CC(=CC=C3)O)O,1
17367442,CC1=CC(=C(C=C1OC)C)CNCCC2=CNC3=CC=CC=C32.C(=O)(C(=O)O)O,1
17578393,CC(C)(C)OC(=O)N1CC2=CC=CC=C2C[C@H]1C(=O)N3CCC[C@H]3C(=O)NCC4=CC=C(C=C4)OC,1
17756958,COC1=CC=C(C=C1)OCCCN2C3=CC=CC=C3N=C2CCNC(=O)C4CCCCC4,0
18526314,C1=CC(=CC=C1N/C=C/C=C/C=NC2=CC=C(C=C2)Br)Br.Cl,0
19654240,C1CN(CCC1NC(=S)NC2=CC(=CC(=C2)Cl)Cl)CC3=CC=CC=C3,0
20840647,C1CC(C2=C(C1C3=CC=C(C=C3)F)C=CC(=C2)F)N4CCN(CC4)CCO.C(=C\C(=O)O)\C(=O)O,1
20841747,C1=CC=C(C=C1)[NH3+].[N+](=O)([O-])[O-],0
20855937,CC1=CC(=CC=C1)CCNC(=O)C2=CC=CC3=C2C(=O)N(C3)C4CCCCC4,1
20857484,CCCCN(CC)CCNC(=O)C1=CC2=C(S1)C3=CC=CC=C3N(C2=O)C,1
20859827,CC1CCCN(C1)CCCNC(=O)C2CCN(CC2)CC3=C(OC(=N3)C4=CC=C(C=C4)Cl)C,1
20865391,CCCCN(CC)CCCNC(=O)C1=CC2=C(S1)C3=CC=CC=C3N(C2=O)CC,1
20868233,CCN1CCN(CC1)C2=CC(=C3C4=C(C5=CC=CC=C5C3=O)ON=C24)N6CCN(CC6)C(=O)C7=CC=CO7,1
20877970,CC1CCCC(N1CCCNC(=O)C2=CC3=C(S2)C4=CC=CC=C4OC3)C,0
20912415,CC1=CC(=C(C=C1)C)N2CCN(CC2)C(=O)C3CCCN(C3)C4=NC=NC5=C4N=C6N5CCCCC6,1
20920346,CC1=CC=C(C=C1)N2C(=C3C(=NN=C(C3=N2)N4CCC(CC4)C(=O)NCC5=CC(=CC=C5)F)C)C,1
20935813,CC1=C(C=C(C=C1)C2=CC(=NO2)C)S(=O)(=O)NCC3CCN(CC3)CCC4=CC(=CC=C4)OC,1
20947197,CCOC(=O)C1CCN(CC1)C2=NN=C(C=C2)C3=CC=CS3,1
20959080,CC1=CC(=C(C=C1)NS(=O)(=O)C2=CC=C(C=C2)C3=CN=C(O3)C4CC4)C,1
20968099,CCCCN(CCCNC(=O)C1=CC2=C(C=C1)N(CC(=O)N2)C)C3=CC=CC=C3,0
20968903,CC1=CC=C(C=C1)C2=NC(=C(O2)C)CSCC(=O)NC3CCN(CC3)CC4=CC=CC=C4,1
21141938,CCC(=O)OCOC1=CC=C(C=C1)/C=C\2/CCC(C2=O)CN(C)C.Cl,1
21157311,C1=CC(=CC=C1/C=N/NC2=NNN=N2)F,0
21645945,CCCCCCCCCCCCCCCC[N+]1=CC=C(C2=CC=CC=C21)C,1
22078297,CCCCCCCCCCN1C=C[N+](=C1)C.[Br-],1
22239085,CCCCCCCCCCN1C=C[N+](=C1)C.C(F)(F)(F)S(=O)(=O)[O-],1
22833502,C1C=CC=[C-]1.[CH-]1C=CC=C1.Cl[Zr+2]Cl,0
23609204,CC1=CC(=C(C=C1)C)CN2CCC(CC2)CNC(=O)NC3=CC(=C(C=C3)F)Cl,1
23641093,CC(=CCC1=CC(=C(C=C1O)O)[C@H]2CC3=C(C4=C(C=C3)OC(C=C4)(C)C)OC2)C,1
23661867,C1=CC=C2C(=C1)C=CC=C2S(=O)(=O)[O-].[Na+],0
23662354,C(CS(=O)(=O)[O-])S.[Na+],0
23664644,C1=CC(=CC=C1N)S(=O)(=O)[O-].[Na+],0
23665770,CCCCCCCCCCCCCCOS(=O)(=O)[O-].[Na+],1
23665884,CCCCCCCCCCCCOCCOS(=O)(=O)[O-].[Na+],1
23676745,C/C=C/C=C/C(=O)[O-].[K+],0
23684827,C(C(=O)[O-])SC#N.[Na+],0
23684896,CNCCS(=O)(=O)[O-].[Na+],0
23688907,C12=C(NC(=O)NC1=O)[N-]C(=O)N2.[Na+],0
23690996,C=CCS(=O)(=O)[O-].[Na+],0
23707505,C([C@H]([C@H]([C@@H]([C@H](C(C(=O)[O-])O)O)O)O)O)O.[Na+],0
23707968,CCCCCCCCCC(CC)C1=CC=C(C=C1)S(=O)(=O)[O-].[Na+],1
23723741,CC1=CC(=CC=C1)C2=CC=C(C=C2)NC(=O)C3CCN(CC3)CC4=C(C=CC=C4OC)O,1
24180685,CCCCCCCCCC(CC)C1=CC=C(C=C1)S(=O)(=O)[O-].CCCCCCCCCC(CC)C1=CC=C(C=C1)S(=O)(=O)[O-].[Ca+2],1
24180709,CNC(=S)[S-].O.O.O.[Na+],0
24207131,CN1C(=O)N(C2(C1(NN3C(=O)/C(=C\C4=CC=CC=C4)/SC3=N2)C5=CC=CC=C5)C6=CC=CC=C6)C,0
24671700,CC1=C(C=C(C=C1)NC(=S)NC2CCSC3=CC=CC=C23)C,0
24746791,CCCCCCCCCCOC(=O)CN1C2=CC=CC=C2[N+](=C1COC3=CC=C(C=C3)OC)C.[Cl-],1
24747272,CC1=CC(=CC=C1)CN2C(=O)[C@H]3CC4=C(C(N3C2=O)(C)C)NC5=CC=CC=C45,1
24747369,CCCCCCCCCCOC(=O)CN1C2=CC=CC=C2[N+](=C1COC3=CC=CC(=C3)OC)C.[Cl-],1
24747374,CCOC(=O)/C=C/C1=C(C=C(C=C1)C(F)(F)F)S(=O)(=O)NC(C)(C)C,1
24747377,C1CN(C(=O)[C@H]2[C@@H]1C=CC[C@H]2C(=O)NC3=CC=CC=C3)CC4=CC(=C(C=C4)Cl)Cl,1
24747404,C1CN(C(=O)[C@H]2[C@@H]1C=CC[C@H]2C(=O)N3CCN(CC3)C4=CC=CC=C4)CC5=CC(=C(C=C5)Cl)Cl,1
24747488,COC1=CC=C(C=C1)NC(=O)[C@@H]2CC=C[C@H]3[C@@H]2C(=O)N(CC3)CC4=CC(=C(C=C4)Cl)Cl,1
24747492,COC1=C(C=C(C=C1)CN2CC[C@H]3C=CC[C@H]([C@H]3C2=O)C(=O)NC4=CC(=C(C=C4)Cl)C(F)(F)F)OC,1
24747506,CCCCNC(=O)[C@@H]1CC=C[C@H]2[C@@H]1C(=O)N(CC2)CC3=CC(=C(C=C3)Cl)Cl,1
24747511,COC1=CC=C(C=C1)CNC(=O)[C@@H]2CC=C[C@H]3[C@@H]2C(=O)N(CC3)CC4=CC(=C(C=C4)Cl)Cl,1
24747549,CCCCCCCCCNC(=O)[C@@H]([C@@H]1NC(C(S1)(C)C)C(=O)OC)NC(=O)COC2=CC=CC=C2,1
24747581,CC(=O)C[C@H]1C2=C(C=C(C=C2)/C=C/C(=O)C)S(=O)(=O)N1CC3=CC=C(C=C3)OC,1
24747653,CCCCCCCCCCOC(=O)CN1C2=CC=CC=C2[N+](=C1COC3=CC=C(C=C3)Cl)C.[Cl-],1
24747725,CCCCCCCCCCC[N+](C)(C)CC/C=C\1/C2=CC=CC=C2SC3=C1C=C(C=C3)Cl.[Br-],1
24747922,CC1=CC2=C(C=C1C)OC3=C(C2=O)C=C(C=C3)NCCC4CCCN4C,1
24747969,CCCCCCC(C1=CC=CC=C1)(C(CN2CCOCC2)C3=CC=CC=C3)O.Cl,1
24761099,CC1=CC2=NC(=CN2C=C1)C3=CC(=C(C=C3)O)O.Cl,1
24761214,CCC1C/C(=C\C2=CC(=C(C=C2OC)OC)OC)/C(=O)/C(=C/C3=CC(=C(C=C3OC)OC)OC)/C1,1
24761342,CCOC(=O)C1=C(C=C(C=C1)C2=C(ON=C2C3=CC(=C(C(=C3)OC)OC)OC)C)F,1
24761368,CCC1=CC=C(C=C1)SCC2=C(C3=C(O2)C=CC(=C3CN(C)C)O)C(=O)OCC.Cl,1
24761463,CCCCCC(C1=CC=C(C=C1)OC)(C(CN2CCOCC2)C3=CC=CC=C3)O.Cl,1
24761684,CCOC(=O)C#CC(CCC1=CC=CC=C1)OS(=O)(=O)N,1
24761809,CC1=CC(=C(C=C1)C(C)C)OCC(CN(C)CC2=CC=CC=C2)O.Cl,1
24789327,CCCCC[C@H]1CN(C(=O)[C@@H]1CC(=O)NCC2=CC=C(C=C2)OC)CCC3=CC=CC=C3,1
24789356,CC1=CC=C(C=C1)SC[C@H](C)CN2CC[C@@H](CCC2=O)C(C)(C)C,1
24789361,CCCCC[C@H]1CN(C(=O)[C@@H]1CC(=O)NCC2=CC=CC=C2)CC3=CC=CC=C3,0
24789388,CC(C)(C)[C@H]1CCC(=O)N(CC1)[C@@H](CC2=CC=CC=C2)CSC3=CC=CC=C3,1
24790018,CCOC(=O)[C@@H]1[C@H]2COC3=C([C@@H]2N4[C@@]1(C(=O)N(C4=O)C5=CC=C(C=C5)Br)C)C=C(C=C3)Br,1
24790158,CC1=CC=CC=C1CN2CCC(CC2)N3C(=CC=N3)NC(=O)CCCC4=CC=CC=C4,0
24790205,CC1=NN(C=C1CN2CCC(CC2)C(=O)NC3=CC=CC(=C3)C4=CC(=CC=C4)Cl)CC=C,1
24790586,CC1=C(C(=NN1C(C)C)C)CN2CCC(CC2)C(=O)NC3=CC=CC(=C3)C4=CC(=CC=C4)F,1
24790617,CN1C=C(C=N1)CN2CCC(CC2)C(=O)NC3=CC=CC(=C3)C4=CC(=CC=C4)F,1
24790726,CN(CCCC1CCCC1)C(=O)C2=NOC(=C2)COC3=C(C=C(C=C3)F)F,1
24791152,CC1=NN(C=C1CN2CCC(CC2)C(=O)NC3=CC=CC(=C3)C4=CC(=CC=C4)F)CC=C,1
24792012,CCN1C=C(C(=N1)C)CN2CCC(CC2)C(=O)NC3=CC=CC(=C3)C4=CC(=CC=C4)Cl,1
24792113,CC1=CC(=CC=C1)CN2CCC(CC2)C(=O)NC3=CC=C(C=C3)OC4=CN=CC=C4,1
24792587,CCC[C@@H](CN[C@@H](CNC)C(C)C)NCCCCC1=CC=CC=C1,0
24792588,CCC[C@H](CN[C@@H](CNC)[C@H](C)CC)NCCC1=CC(=CC(=C1)C(F)(F)F)C(F)(F)F,1
24792593,CCCC[C@@H](CN[C@H](C)CNC)NCC1CCC(CC1)C(C)(C)C,0
24792595,CCCC[C@@H](CNC)NC[C@H](CC1=CC=C(C=C1)O)NCCC2=CC=C(C=C2)OCC,0
24792600,CC(C)C[C@@H](CN[C@H](CC1CCCCC1)CNC)NCCC2=CC(=CC=C2)C(F)(F)F,0
24792655,CCCC1=C(NC2=C1C=C(C=C2)C#N)CCC,1
24792798,CCN1CCCC1CNC(=O)C2=CC3=C(C=C2)S/C(=C/C4=CC=C(C=C4)C)/C(=O)N3,1
24793491,CNC[C@@H](CC1=CC=CC=C1)NC[C@@H](CC2CCCCC2)NCCCC3=CC=CC=C3,0
24793524,CCCCC[C@H]1CN(C(=O)[C@@H]1CC(=O)NCC2=CC=CC=C2)CCC3=CC=CC=C3,0
24793525,CCCCC[C@H]1CN(C(=O)[C@@H]1CC(=O)NCC2=CC=C(C=C2)OC)CC3=CC=CC=C3,1
24793593,C1[C@@H]([C@H](C(=O)N1C2=CC(=C(C=C2)F)F)CC(=O)NC3=CC=CC=C3)CC4=CC=CC=C4,1
24793708,CCC1=CC=C(C=C1)S(=O)(=O)NC2=C(C3=CC=CC=C3OC2=O)NC4CCCCC4,0
24793758,CCCCC[C@H]1CN(C(=O)[C@@H]1CC(=O)NCC2=CC=CC=C2)C3CCCCC3,0
24816458,CCOC(=O)/C=C/1\CN(S(=O)(=O)C2=C1C=C(C=C2)C(F)(F)F)CC3=CC(=C(C(=C3)OC)OC)OC,1
24816484,CC1=CC=C(C=C1)S[C@@H](CCN2CC[C@@H](CCC2=O)NC(=O)OCC3=CC=CC=C3)C4=CC=CC=C4,1
24816485,CCC(C)[C@H]1COCCS(=O)(=O)N1CC2=C(C=C(C=C2)Cl)Cl,1
24816507,CCCC[C@H]1COCCS(=O)(=O)N1CC2=CC=C(C=C2)Br,1
24816646,CCCN1C(=C(C=N1)CN2CCC(CC2)C(=O)NC3=CC=CC(=C3)C4=CC(=CC=C4)F)C,1
24816687,C1CN(CCC1C(=O)NC2=CC=C(C=C2)OC3=CN=CC=C3)CC4=C(C=CC(=C4)Cl)O,1
24816782,CC1=CC(=NC=C1)NC(=O)C2CCN(CC2)S(=O)(=O)C3=C(C(=CC(=C3C)C)C)C,1
24818153,CCCCCCCNC(=O)C1(CCNCC1)CC2CC(=NO2)C3=CC=C(C=C3)Cl,0
24818367,CC1=CC(=C(C=C1)S(=O)(=O)N2CCN(CC2)C(=O)C3=CC=CC=C3CC4=CC=CC=C4)C,1
24818894,CC1=NC(=CC=C1)C(=O)N2CCCC(C2)NC3=CC(=C(C=C3)F)F,1
24819573,CN(C)C1(CCCCC1)CNC(=O)C2CCC(=O)N(C2)CC3=CC=C(C=C3)Cl,1
24867900,CC(=O)C1=CC=C(C=C1)C2=CC(=CC=C2)C3C4C=CCCC4(C(=O)N3CC5=CC=CC=C5)C,0
24868089,CC(C)CC(C(=O)NCCCC1=CC=CC=C1)N2CCC(=C)C3=CC=CC=C3S2(=O)=O,1
24871331,CC1=C([C@@H](NC(=S)N1CC2=CC=CC=C2)C3=CC=C(C=C3)Br)C(=O)OC,1
24891772,CCCCNC1=C(N=C2N1C=CN=C2)C3=CC(=C(C=C3)OC)SC4CCCCC4.C(=O)(C(F)(F)F)O,1
24891774,CCCCNC1=C(N=C2N1C=CC(=C2)C)C3=CC(=C(C=C3)OC)SC4CCCCC4.C(=O)(C(F)(F)F)O,1
24891800,CC1=CN2C(=NC(=C2NCC3=CC=CC=C3)C4=CC(=C(C=C4)OC)SC5CCCCC5)C=C1.C(=O)(C(F)(F)F)O,1
24891816,CCCCNC1=C(N=C2N1C=C(C=C2)C)C3=CC=CC(=C3)C4=CC(=CS4)C(=O)C.C(=O)(C(F)(F)F)O,1
24892470,CCCCNC1=C(N=C2N1C=C(C=C2)C)C3=CC(=C(C=C3)SC(C)CC)OC.C(=O)(C(F)(F)F)O,1
24892650,CCOC1=CC2=C(C=C1)N=C(S2)N(CCCN(C)C)C(=O)C3=CC4=C(CCCC4)C=C3.Cl,1
24892677,CCN(CC)CCN(C1=NC2=CC(=CC(=C2S1)C)C)C(=O)CCS(=O)(=O)C3=CC=CC=C3.Cl,1
24980430,CCOC1=C(C=C(C=C1)NC(=O)CN(C)C(=O)CSCC2=CC=C(C=C2)C)OCC,1
24981723,CCCN1C(=O)C2=CC=CC=C2C(=N1)C(=O)NNC(=O)CSCC(=O)NC3=NOC(=C3)C,1
24981798,CCN(CC)S(=O)(=O)C1=CC2=C(C=C1)OC(=N2)SCC(=O)NC3=NOC(=C3)C,1
25011451,CC(=O)C[C@H]1C2=C(C=C(C=C2)/C=C/C(=O)C)S(=O)(=O)N1C3CCCC3,1
25102579,CC1=CC(=CC=C1)CCN2[C@H](CN=C2NC3=CC=CC=C3)CC(C)C,1
25150857,CN1CCCN(CC1)C2=NC3=CC(=C(C=C3C(=N2)NC4CCN(CC4)CC5=CC=CC=C5)OC)OC,1
25161510,CCN1CCN(CC1)C2=C(C=C(C=C2)S(=O)(=O)N3CCOCC3)NC(=O)C4CCC(CC4)C(C)(C)C,1
25163541,CC1=CC(=CC=C1)NS(=O)(=O)C2=CC(=C(C=C2)C)C(=O)NC3CCN(CC3)CC4=CC=CC=C4,0
25560012,CC1=CC=C(O1)C(=O)N(CC2=NN=C(O2)C3=CC=CC=C3Cl)C4CC4,0
27199325,CC1=CC(=C(C=C1)S(=O)(=O)N2CCN(CC2)C(=O)CSC(=S)N3CCCC3)C,1
42601152,CC(C)C[C@H]1CN=C(N1CCC2=CC(=CC=C2)F)NC3=CC=CC=C3,1
42601247,CC[C@@H](CC1CCCCC1)C(=O)N(CC2=CC=CC=C2)C3=CC=CC=C3,0
42627881,C1CC2=CC=CC=C2[C@H]([C@@H]1OCC3=CC=CC=C3)NC(=O)COC4=CC=CC=C4,0
42627986,CCOC(=O)C1=CN(S(=O)(=O)NC1C2=CC3=CC=CC=C3C=C2)CC4=CC(=CC=C4)F,1
42627996,CCOC(=O)C1=CN(S(=O)(=O)NC1C2=CC(=C(C=C2)F)Cl)CC3=CC(=CC=C3)F,1
42628425,CN(C1CCCCC1)C(=O)C2=CC(=CC=C2)NC(=O)CC3=CC(=CC=C3)[N+](=O)[O-],1
42628539,CCCCCCCN(C1C[C@H]2CCCC(=O)N3[C@H]2[C@H](C1)CC3)C4=CC=CC=C4,0
42628546,CCCCCCCN([C@@H]1C[C@H]2CCCC(=O)N3[C@H]2[C@H](C1)CC3)C4=CC=CC=C4,0
42628588,CC(=O)NC1=CC=C(C=C1)SC[C@H](CC2=CC=CC=C2)N3CC[C@H](CCC3=O)C(C)(C)C,1
42628597,C[C@@H]1CCC2(CCCCO2)O[C@@H]1[C@@H](C)C[C@@H]([C@@H]3C(=C)[C@H]([C@H]4[C@H](O3)CC[C@]5(O4)CC[C@@H](O5)/C=C/[C@@H](C)[C@@H]6CC(=CC7(O6)[C@@H](CC[C@H](O7)C[C@](C)(C(=O)OC)O)O)C)O)O,1
42628598,CC1CCC2(CCCCO2)O[C@@H]1C(C)CC([C@@H]3C(=C)C([C@H]4[C@H](O3)CC[C@]5(O4)CC[C@@H](O5)/C=C/C(C)[C@@H]6CC(=CC7(O6)C(CC[C@H](O7)C[C@](C)(CO)O)O)C)O)O,1
42628599,CC1CCC2(CCCCO2)O[C@@H]1C(C)CC([C@@H]3C(=C)C([C@H]4[C@H](O3)CC[C@]5(O4)CC[C@@H](O5)/C=C/C(C)[C@@H]6CC(=CC7(O6)C(CC[C@H](O7)C[C@](C)(C(=O)O)O)O)C)O)O,1
44142039,C[C@H]1CC[C@@H]2[C@H](C[C@@H](C3=C(C(=C(C1=C23)O[C@H]4C([C@H]([C@@H](CO4)O)O)O)O)C)C=C(C)C)C,1
44142041,C[C@H]1CC[C@@H]2[C@H](C[C@H](C3=C(C(=C(C1=C23)O[C@H]4[C@H]([C@@H]([C@@H]([C@@H](O4)C)OC(=O)C)O)O)O)C)C=C(C)C)C,1
44142093,COC1=C(C=C(C=C1)C2=NN3C(=NN=C3SC2)C4=CC=CC=C4Cl)OCC5CC5,1
44142205,CCOC(=O)[C@]12CC3=C([C@H]1N(C(=O)C4=CC=CC=C24)CC5=CC=CC=C5)C=CC(=C3)C,0
44142210,C[C@]12CC3=C([C@H]1N(C(=O)C4=CC=CC=C24)CC5=CC=CC=C5)C=CC(=C3)OC,0
44142343,CCC(=O)NC(C1CC1)C2=CC(=C3C=CC=NC3=C2O)Cl,1
44142346,CC(=O)NC(C1CC1)C2=CC(=C3C=CC=NC3=C2O)Cl,1
44142752,CN(C1CCCC1)C(=O)C2=CC=C(C=C2)NC(=O)CC3=CC(=CC=C3)NC(=O)C4CCN(CC4)C(=O)CCC5=CC=CC=C5,1
44142940,C1CN(C(=O)C1(CC2=CC=CC=C2)NC(=O)CCC3=CC=CC=C3)CCCC4=CC=CC=C4,0
44142946,CC1(CCN(C1=O)CCCC2=CC=CC=C2)NC(=O)CC(C3=CC=CC=C3)(C4=CC=CC=C4)C5=CC=CC=C5,0
44143048,CCCCOC1=CC(=C2C(=C1)N(C=N2)C(C)C)NCC3=CC=CC=C3,1
44143224,CN(C)CCCNC1=CC(=C2C(=C1)C=CC=N2)O.C(=O)(C(F)(F)F)O,1
44143226,C1=CC2=CC(=CC(=C2N=C1)O)NCCC3=CN=CC=C3.C(=O)(C(F)(F)F)O,1
44143754,COC1=C(C=C(C=C1)[C@@H]2CC(=CC(=O)C2)C3=CC=C(C=C3)OC4=CC=CC=C4)OC,1
44201400,C[C@H]1CC[C@@H]2[C@H](C[C@@H](C3=C(C(=C(C1=C23)O[C@H]4C([C@H]([C@@H](CO4)O)O)OC(=O)C)O)C)C=C(C)C)C,1
44201404,C[C@H]1CC[C@@H]2[C@H](C[C@H](C3=C(C(=C(C1=C23)O[C@H]4[C@H]([C@@H]([C@@H]([C@@H](O4)C)O)OC(=O)C)O)O)C)C=C(C)C)C,1
44246639,CC1=CC(=C(C(=C1)C)CN2CCN(CC2)C(=O)CN3C=NC4=C3N=CN=C4OCC5=CC=CC=C5)C,1
44246695,CCCCCCC[C@@H](C/C=C/CCC(=O)N(C)C/C(=C/Cl)/C/C(=C\C(=O)N1C[C@@H](CC1=O)O)/OC)OC,1
44246753,CCCCOC1=C(C=C(C=C1)Br)/C(=N/NC2=NCCN2)/C.C(=O)(C(=O)O)O,1
44247247,CCN(C[C@@H]1[C@H]2[C@H](C(=O)N(C2=O)CC3=CC=CC=C3)[C@](N1)(CC4=CC=CC=C4)C(=O)OC)C(=O)NC5=CC=C(C=C5)Cl.C(=O)(C(F)(F)F)O,1
44247249,CCN(C[C@@H]1[C@H]2[C@H](C(=O)N(C2=O)CC3=CC=CC=C3)[C@](N1)(CC4=CC=CC=C4)C(=O)OC)C(=O)NC5=CC=C(C=C5)F.C(=O)(C(F)(F)F)O,1
44263603,C[C@@]12[C@H](CC(C(=O)N1CCC3=C2NC4=CC=CC=C34)CC(=O)NCC5=CC(=CC=C5)C(F)(F)F)C(=O)N6CCCCC6,1
44263622,CCN(CC)C(=O)[C@H]1CC(C(=O)N2[C@@]1(C3=C(CC2)C4=CC=CC=C4N3)C)CC(=O)NC/C=C(\C)/CCC=C(C)C,1
44263624,CCN(CC)C(=O)[C@H]1CC(C(=O)N2[C@@]1(C3=C(CC2)C4=CC=CC=C4N3)C)CC(=O)NCC5=CC(=CC=C5)C(F)(F)F,1
44263636,CC(C)N(C(C)C)C(=O)[C@H]1CC(C(=O)N2[C@@]1(C3=C(CC2)C4=CC=CC=C4N3)C)CC(=O)NCC5=CC(=CC=C5)C(F)(F)F,1
44601501,CCOC(=O)C1C(=C(C2=C(N1S(=O)(=O)C(F)(F)F)C=C(C=C2)OC)C3=CCCCC3)C(=O)OCC,1
44601657,CCN(CC)C(=O)[C@H]1C[C@@H](C(=O)N2[C@@]1(C3=C(CC2)C4=C(N3)C=CC(=C4)Cl)C)CC(=O)NCC56CC7CC(C5)CC(C7)C6,1
44601658,CCN(CC)C(=O)[C@H]1C[C@@H](C(=O)N2[C@@]1(C3=C(CC2)C4=C(N3)C=CC(=C4)Cl)C)CC(=O)NCC5=CC(=CC=C5)C(F)(F)F,1
44601670,COC1=C(C=C(C=C1)CNC(=O)C[C@H]2C[C@@H]([C@]3(C4=C(CCN3C2=O)C5=C(N4)C=CC(=C5)Cl)CCC6CCCC6)C(=O)N7CCOCC7)OC,1
44601689,CC[C@@]12[C@H](C[C@@H](C(=O)N1CCC3=C2NC4=C3C=C(C=C4)Cl)CC(=O)NC/C=C(\C)/CCC=C(C)C)C(=O)N5CCN(CC5)C(=O)C6CC6,1
44601690,CC[C@@]12[C@H](C[C@@H](C(=O)N1CCC3=C2NC4=C3C=C(C=C4)Cl)CC(=O)NCC56CC7CC(C5)CC(C7)C6)C(=O)N8CCN(CC8)C(=O)C9CC9,1
44601691,CC[C@@]12[C@H](C[C@@H](C(=O)N1CCC3=C2NC4=C3C=C(C=C4)Cl)CC(=O)NCC5=CC(=CC=C5)C(F)(F)F)C(=O)N6CCN(CC6)C(=O)C7CC7,1
44601732,CC(=CCC/C(=C\CC1=C(C=C(C(=C1O)C(=O)O)CCC2=CC=CC=C2)OC)/C)C,1
44601757,CCN(CC)C(=O)[C@H]1CC(C(=O)N2[C@@]1(C3=C(CC2)C4=C(N3)C=CC(=C4)OC)C)CC(=O)NC/C=C(\C)/CCC=C(C)C,1
44601855,CC[C@@]12[C@H](C[C@@H](C(=O)N1CCC3=C2NC4=C3C=CC(=C4)C5=CC=CO5)CC(=O)NCCC6=CCCCC6)C(=O)N7CCN(CC7)C(=O)C8=CC=CO8,1
44601856,CC[C@@]12[C@H](C[C@@H](C(=O)N1CCC3=C2NC4=C3C=CC(=C4)C5=CC=CO5)CC(=O)NC/C=C(\C)/CCC=C(C)C)C(=O)N6CCN(CC6)C(=O)C7=CC=CO7,1
44601857,CC[C@@]12[C@H](C[C@@H](C(=O)N1CCC3=C2NC4=C3C=CC(=C4)C5=CC=CO5)CC(=O)NCC67CC8CC(C6)CC(C8)C7)C(=O)N9CCN(CC9)C(=O)C1=CC=CO1,1
44601868,CCN(CC)C(=O)[C@H]1C[C@@H](C(=O)N2[C@@]1(C3=C(CC2)C4=C(N3)C=C(C=C4)CCC(=O)N(C)C)C)CC(=O)NC/C=C(\C)/CCC=C(C)C,1
44601917,CN(C)C(=O)CCC1=CC2=C(C=C1)C3=C(N2)[C@@]4([C@H](C[C@@H](C(=O)N4CC3)CC(=O)NCC5=CC(=CC=C5)C(F)(F)F)C(=O)N6CCOCC6)CCC7CCCC7,1
44602023,CCCCNC1=C(C=C(C=C1)C(F)(F)F)S(=O)(=O)NCCC2=CC=C(C=C2)F,1
44602076,CCN(CC)C(=O)[C@H]1C[C@@H](C(=O)N2[C@@]1(C3=C(CC2)C4=C(N3)C=C(C=C4)C5=CC=CO5)C)CC(=O)NC/C=C(\C)/CCC=C(C)C,1
44602078,CCN(CC)C(=O)[C@H]1C[C@@H](C(=O)N2[C@@]1(C3=C(CC2)C4=C(N3)C=C(C=C4)C5=CC=CO5)C)CC(=O)NCC6=CC(=CC=C6)C(F)(F)F,1
44602079,CCN(CC)C(=O)[C@H]1C[C@@H](C(=O)N2[C@@]1(C3=C(CC2)C4=C(N3)C=C(C=C4)C5=CC=CO5)C)CC(=O)NCC6=CC(=C(C=C6)OC)OC,1
44602127,COC1=C(C=C(C=C1)CNC(=O)C[C@H]2C[C@@H]([C@]3(C4=C(CCN3C2=O)C5=C(N4)C=C(C=C5)C6=CC=CO6)CCC7CCCC7)C(=O)N8CCOCC8)OC,1
44602140,CN(C)CCCNC(=O)C[C@H]1C[C@@H]([C@]2(C3=C(CCN2C1=O)C4=C(N3)C=C(C=C4)C5=CC=CO5)CCC6=CC=CC=C6)C(=O)N7CCCCC7,1
44602147,CC[C@@]12[C@H](C[C@@H](C(=O)N1CCC3=C2NC4=C3C=CC(=C4)C5=CC=CO5)CC(=O)NCC6=CC(=CC=C6)C(F)(F)F)C(=O)N7CCN(CC7)C(=O)C8CC8,1
44658528,CCCCCCCCC1=NCCC2=C1NC3=CC=CC=C23.Cl,0
44825881,CCCCN(C1=CC2=C(C=C1)C3CCN(C2C3)C(=O)OCC4=CC=CC=C4)C(=O)C,0
44825950,C/C/1=C/CC[C@]([C@@H]2C[C@@H]([C@H](C/C(=C/CC1)/C)OC(=O)C)C(=C)C(=O)O2)(C)O,1
44825952,CCCCC[C@@H](/C=C/C1[C@@H](C=CC1=O)C/C=C\CCCC(=O)OC)O,1
45280937,CC(C)C[C@H]1CNC(=S)N1CC2CCCN2C[C@H](CC(C)C)N3C[C@@H](N(C3=S)CC4CCCCC4)CC5=CC=C(C=C5)O,1
45280941,C1CC(N(C1)C[C@H](CC2=CC=CC=C2)N3C[C@@H](N(C3=S)CCC4=CC=CC=C4)CC5=CC=C(C=C5)O)CN6[C@H](CNC6=S)CC7=CC=C(C=C7)O,1
45280946,CC(C)C[C@@H](CN1CCCC1CN2[C@H](CNC2=S)CC3=CC=C(C=C3)O)N4C[C@@H](N(C4=S)CC5CCCCCC5)CC6=CC=CC=C6,1
45280947,CCOC1=CC=C(C=C1)CCN2[C@H](CN(C2=S)[C@@H](CC(C)C)CN3CCCC3CN4[C@H](CNC4=S)CC5=CC=C(C=C5)O)CC(C)C,1
45280951,CCOC1=CC=C(C=C1)CCN2[C@H](CN(C2=S)[C@@H](CC(C)C)CN3CCCC3CN4[C@H](CNC4=S)CC5=CC=C(C=C5)O)CC6=CC=C(C=C6)O,1
45280952,CC(C)C[C@@H](CN1CCCC1CN2[C@H](CNC2=S)CC3=CC=C(C=C3)O)N4C[C@@H](N(C4=S)CCC5=CC=CC=C5)CC6=CC=C(C=C6)O,1
45280953,CC(C)C[C@@H](CN1CCCC1CN2[C@H](CNC2=S)CC3=CC=C(C=C3)O)N4C[C@@H](N(C4=S)CC5CCCCC5)CC6=CC=C(C=C6)O,1
45280954,CC(C)C[C@@H](CN1CCCC1CN2[C@H](CNC2=S)CC3=CC=C(C=C3)O)N4C[C@@H](N(C4=S)CC5CCCCCC5)CC6=CC=C(C=C6)O,1
45281081,CC1=C(C=C(C=C1)NC(=O)C2=NN(C=N2)CCCN3CCN(CC3)CC4=C(C=C(C=C4C)C)C)C,1
45281156,CC(C)CC1=CC=C(C=C1)C(C)/C=C\2/CCC(C2=O)CN3CCCCC3.Cl,1
45479979,CCCCCCCCNS(=O)(=O)CCNCC1=CC=CC=C1OC,0
45479985,CCCCCCCCNCCS(=O)(=O)NCC1=CC=CC=C1,0
45480035,CCCCCCCCNS(=O)(=O)CCNC1CCCCC1,1
46901621,CCCN(C)CCCOC1=C(C=C2C(=C1)N=C(N=C2NC3CCN(CC3)C)N4CCCN(CC4)C)OC,1
46902254,CCCCCCNC(=O)O[C@H]1CN2C(=O)N(C(=O)N2[C@H]3[C@@]1(CN(C3)S(=O)(=O)C4=CC=C(C=C4)C)O)CCCCCC,1
46902255,CCCCCCN1C(=O)N2C[C@@H]([C@]3(CN(C[C@H]3N2C1=O)S(=O)(=O)C4=CC=C(C=C4)C)O)OC(=O)NC5CCCC5,1
46902263,CCCCCCN1C(=O)N2C[C@@H]([C@]3(CN(C[C@H]3N2C1=O)S(=O)(=O)C4=CC=C(C=C4)C)O)OC(=O)NCC5=CC=CC=C5F,1
46902521,CCCCCCN1C[C@H]([C@@H](C[C@@H]1C2=CC=C(C=C2)Cl)N3C=C(N=N3)C4CC4)O,1
46902710,CCCCCCN1C[C@@H]([C@H](C[C@@H]1C2=CC=C(C=C2)C)O)N3C=C(N=N3)COC(=O)C4=CC=CC=C4,1
46902711,CCCCCCN1C[C@@H]([C@H](C[C@@H]1C2=CC=C(C=C2)C)O)N3C=C(N=N3)C4=CC=C(C=C4)F,1
46902712,CCCCCCN1C[C@@H]([C@H](C[C@@H]1C2=CC=C(C=C2)C)O)N3C=C(N=N3)C4CC4,1
46902720,CCCCCCN1C[C@@H]([C@H](C[C@@H]1C2=CC=C(C=C2)Cl)O)N3C=C(N=N3)C4=CC=C(C=C4)F,1
46902794,CCN(CC)C(=O)C1=C(N(C(=O)C(C1)CC(=O)NCCCCC2=CC=CC=C2)CC3=CC=C(C=C3)C(C)(C)C)C,1
46903058,CCCCCC(=O)N1C[C@H]([C@@H](C[C@@H]1C2=CC=C(C=C2)C)N3C=C(N=N3)C4=CC=C(C=C4)F)O,1
46903212,CCCCCCNC(=O)O[C@H]1CN2C(=O)C=CC(=O)N2[C@@H]([C@H]1OC(=O)NCCCCCC)CN(CC#C)S(=O)(=O)C3=CC=C(C=C3)C,1
46904907,CCN(CC)C(=O)C1=C(N(C(=O)C(C1)CC(=O)NCC2=CC=CC3=CC=CC=C32)CC4=CC=C(C=C4)C(C)(C)C)C,1
46943660,CCCC(=O)N1CCCC(C1)C2=CC(=NO2)C(=O)NC3=CC=CC=C3,0
46944064,CCOC(=O)C1CCCN(CC1)C(=O)C2=CC3=C(C=C2)C(CCC3(C)C)(C)C,0
46947932,CC1(C2=C(C=CC(=C2)S(=O)(=O)NC3CCCCC3)NC1=O)CC4=CC(=C(C=C4)Cl)Cl,1
46948021,CCCCN(C=O)C1=C(N=C2N1C=CC=C2OCC3CCCCC3)CC,1
46948044,CCC1=C(N2C=CC=C(C2=N1)OCCC3CCCCC3)N(C)C(=O)C4=CC=C(C=C4)C,1
46948049,CC(C)C1=CC=C(C=C1)CNC2=NC(=NC3=C2SC=C3)NCC4CC4,1
46948657,CC1(CCN1C(=O)CCC2=C(C=C(C=C2)Cl)Cl)C(=O)NC3=CC=CC4=C3CCCC4,1
46948668,CC1=C(N=CC=C1)C(C2=CC=C(C=C2)Cl)NC(=O)C3CCN(CC3)CCCC4=CC=CC=C4,1
49778132,CC1C(=O)N(C2=C(S1)C=CC(=C2)C(=O)C)CC3=CC4=CC=CC=C4C=C3,1
49778599,CC1=CC(=C(C=C1)CNC2=NC(=NC3=C2SC=C3)NCC4=CC=CC=C4)C,1
49786362,CCC1=C(N2C=C(C=CC2=N1)C(=O)N3CCN(CC3)C4=CC=CC=C4)N(C)CCCC5=CC=CC=C5,1
49789819,CCCCNC(=O)C1(CCCCN1CC2=CC=CC=C2C3=CC=CC=C3)C,0
49790376,CC1=C(N=CC=C1)C(C2=CC=C(C=C2)Cl)NC(=O)C3CCN(CC3)CC4=CC(=C(C=C4)Cl)Cl,1
49790897,CCCCN(C)C1=C(N=C2N1C=C(C=C2)C(=O)NC3=C(C=CC(=C3)C4=CC=CC=C4)OC)C,1
49792199,CC1=CC=C(C=C1)C(C2=CC=CC=N2)NC(=O)C3CCN(CC3)CC4=CC=C(C=C4)OC5=CC=CC=C5,1
49792385,CCCCC(=O)N(C)C1=C(N=C2N1C=CC=C2OCC3=C(C=C(C=C3)Cl)Cl)CC,1
49792434,CC1(C2=C(C=CC(=C2)S(=O)(=O)NC3CCCCC3)NC1=O)CC4=CC=C(C=C4)OC(F)(F)F,1
49792787,CCOC(=O)C1(CCCCCN1C(=O)/C=C/C2=CC=CC=C2)C,1
49795077,CCN(CC)CCN1CCN(CC1)C2=NC(=CN=C2)C3=CC4=CC=CC=C4C=C3,1
51041672,CCOC1=C2C(N(CC2=C3C(=O)C=CC(=O)C3=C1)S(=O)(=O)C4=CC=C(C=C4)C)C5=CC=CC=C5,1
51346588,C1=CC2=C(C=CC=C2S(=O)(=O)[O-])C(=C1)S(=O)(=O)[O-].O.[Na+].[Na+],0
51359100,CCOC(=O)C1=CCN(C1C2=CC(=CC=C2)Cl)S(=O)(=O)C3=CC=C(C=C3)C,1
51359133,CCOC(=O)C1=CCN(C1C2=CC(=CC=C2)Cl)S(=O)(=O)C3=CC=CC=C3F,1
51359328,CC1=C(CC(C(=O)N1CC2=CC=C(C=C2)C(C)(C)C)CC(=O)NC3CCCCC3)C(=O)N(C(C)C)C(C)C,1
51359329,CC1=C(CC(C(=O)N1CC2=CC=C(C=C2)C(C)(C)C)CC(=O)NCCCCC3=CC=CC=C3)C(=O)N(C(C)C)C(C)C,1
51359394,CC1=C(CC(C(=O)N1CCC2=CCCCC2)CC(=O)NCCCCC3=CC=CC=C3)C(=O)N(C(C)C)C(C)C,1
51359405,CC1=C(CC(C(=O)N1CC2=CC=C(C=C2)F)CC(=O)NCCCCC3=CC=CC=C3)C(=O)N(C(C)C)C(C)C,1
51359459,CC(C)C[C@H]1CNC(=S)N1C[C@H]2CCCN2C[C@H](CC3=CC=CC=C3)N4C[C@@H](N(C4=S)CCC5=CC=CC=C5)CC6=CC=C(C=C6)O,1
51359468,CCOC1=CC=C(C=C1)CCN2[C@H](CN(C2=S)[C@@H](CC3=CC=C(C=C3)O)CN4CCC[C@@H]4CN5[C@H](CNC5=S)CC(C)C)CC(C)C,1
51359470,CC(C)C[C@H]1CNC(=S)N1C[C@H]2CCCN2C[C@H](CC3=CC=C(C=C3)O)N4C[C@@H](N(C4=S)CC5CCCCCC5)CC(C)C,1
51359471,CCOC1=CC=C(C=C1)CCN2[C@H](CN(C2=S)[C@@H](CC3=CC=C(C=C3)O)CN4CCC[C@@H]4CN5[C@H](CNC5=S)CC(C)C)CC6=CC=C(C=C6)O,1
51359472,CC(C)C[C@H]1CNC(=S)N1C[C@H]2CCCN2C[C@H](CC3=CC=C(C=C3)O)N4C[C@@H](N(C4=S)CCC5=CC=CC=C5)CC6=CC=C(C=C6)O,1
51359473,CC(C)C[C@H]1CNC(=S)N1C[C@H]2CCCN2C[C@H](CC3=CC=C(C=C3)O)N4C[C@@H](N(C4=S)CC5CCCCC5)CC6=CC=C(C=C6)O,1
51359475,CCOC1=CC=C(C=C1)CCN2[C@H](CN(C2=S)[C@@H](CC(C)C)CN3CCC[C@@H]3CN4[C@H](CNC4=S)CC(C)C)CC5=CC=C(C=C5)O,1
51359480,CC(C)C[C@H]1CNC(=S)N1C[C@H]2CCCN2C[C@H](CC(C)C)N3C[C@@H](N(C3=S)CCC4=CC=CC=C4)CC5=CC=C(C=C5)O,1
51359481,CC(C)C[C@H]1CNC(=S)N1C[C@H]2CCCN2C[C@H](CC(C)C)N3C[C@@H](N(C3=S)CC4CCCCCC4)CC5=CC=C(C=C5)O,1
51359482,CC(C)C[C@H]1CNC(=S)N1C[C@H]2CCCN2C[C@H](CC3=CC=C(C=C3)O)N4C[C@@H](N(C4=S)CC5CCCCCC5)CC6=CC=C(C=C6)O,1
51359484,C1C[C@@H](N(C1)C[C@H](CC2=CC=CC=C2)N3C[C@@H](N(C3=S)CCC4=CC=CC=C4)CC5=CC=C(C=C5)O)CN6[C@H](CNC6=S)CC7=CC=C(C=C7)O,1
51359486,CC(C)C[C@@H](CN1CCC[C@@H]1CN2[C@H](CNC2=S)CC3=CC=C(C=C3)O)N4C[C@@H](N(C4=S)CCC5=CC=CC=C5)CC6=CC=CC=C6,1
51359487,CCOC1=CC=C(C=C1)CCN2[C@H](CN(C2=S)[C@@H](CC(C)C)CN3CCC[C@@H]3CN4[C@H](CNC4=S)CC5=CC=C(C=C5)O)CC(C)C,1
51359488,CC(C)C[C@H]1CN(C(=S)N1CCC2=CC=CC=C2)[C@@H](CC(C)C)CN3CCC[C@@H]3CN4[C@H](CNC4=S)CC5=CC=C(C=C5)O,1
51359490,CCOC1=CC=C(C=C1)CCN2[C@H](CN(C2=S)[C@@H](CC(C)C)CN3CCC[C@@H]3CN4[C@H](CNC4=S)CC5=CC=C(C=C5)O)CC6=CC=C(C=C6)O,1
51359491,CC(C)C[C@@H](CN1CCC[C@@H]1CN2[C@H](CNC2=S)CC3=CC=C(C=C3)O)N4C[C@@H](N(C4=S)CCC5=CC=CC=C5)CC6=CC=C(C=C6)O,1
51359492,CC(C)C[C@@H](CN1CCC[C@@H]1CN2[C@H](CNC2=S)CC3=CC=C(C=C3)O)N4C[C@@H](N(C4=S)CC5CCCCC5)CC6=CC=C(C=C6)O,1
51359493,CC(C)C[C@@H](CN1CCC[C@@H]1CN2[C@H](CNC2=S)CC3=CC=C(C=C3)O)N4C[C@@H](N(C4=S)CC5CCCCCC5)CC6=CC=C(C=C6)O,1
51359499,CCOC1=CC=C(C=C1)CCN2[C@H](CN(C2=S)[C@@H](CC(C)C)CN3CCC[C@@H]3CN4[C@H](CNC4=S)CC5=CC=CC=C5)CC6=CC=C(C=C6)O,1
51359508,CCOC1=CC=C(C=C1)CCN2[C@H](CN(C2=S)[C@@H](CC3=CC=C(C=C3)O)CN4CCC[C@@H]4CN5[C@H](CNC5=S)CC6=CC=CC=C6)CC7=CC=C(C=C7)O,1
51359903,CC1=CC=C(C=C1)CN2CC(CS2(=O)=O)N3CCC(CC3)CC4=CC=CC=C4,1
51360011,CCCC1=C(N2C=C(C=C(C2=N1)C)Br)CC3=CC=CC=C3C(F)(F)F,1
51360386,CCCCN1C(=NN=N1)C(C2=CC=CC3=CC=CC=C32)N4CCC(CC4)N5C6=CC=CC=C6NC5=O,1
51360627,CN1C=CC2=C(C=C3C4CCC(C3=C21)O4)N(CC5=CC=CC=C5)CC6=CC=CC=C6,0
51360632,CN1C=CC2=C(C=C3C4CCC(C3=C21)O4)N5C6=CC=CC=C6CCC7=CC=CC=C75,1
51361396,C1CC1C(C(=O)NC2=CC3=C(C=C2)OCCO3)N4CCC(CC4)CC5=CC=CC=C5,1
51361414,C1CCC(CC1)NC(=O)C(C2=CC3=CC=CC=C3O2)N(CCC#N)CC4=CC=CC=C4,1
51361419,C1CCC(CC1)NC(=O)C(CCC2=CC=CC=C2)N3CCC4=CC=CC=C4C3,0
51361420,C1CCC(CC1)NC(=O)C(CCC2=CC=CC=C2)N(CCC#N)CC3=CC=CC=C3,1
51361445,CC(=O)O[C@H]1CC[C@@]([C@@H]2[C@@]1([C@@H]3CC[C@@H]4C[C@@]3([C@H](C2)OC(=O)C)C(=O)C4=C)C)(C)C(=O)O,1
51361574,CCCNC(=O)C1=NC(=C2[C@H](N(CC2=C1)S(=O)C(C)(C)C)CCO)C3=CC=CC(=C3)C4=CC=C(C=C4)F,1
53299507,CC1=CC2=NC(=C(N2C=C1)NCC3=CC=CC=C3)C4=CC(=CC=C4)SC5CCCCC5.C(=O)(C(F)(F)F)O,1
53299515,CCCCNC1=C(N=C2N1C=C(C=C2)C)C3=CC(=C(C=C3)SC4CCCCC4)OC.C(=O)(C(F)(F)F)O,1
53299516,CCCCNC1=C(N=C2N1C=C(C=C2)C)C3=CC(=C(C=C3)OC)SC4CCCCC4.C(=O)(C(F)(F)F)O,1
53299541,CCC(C)SC1=CC=CC(=C1)C2=C(N3C=CC(=CC3=N2)C)NC4CCCCC4.C(=O)(C(F)(F)F)O,1
53299544,CCCCNC1=C(N=C2N1C=CC(=C2)C)C3=CC(=C(C=C3)OC)SC(C)CC.C(=O)(C(F)(F)F)O,1
53299545,CCCCNC1=C(N=C2N1C=C(C=C2)C)C3=CC(=C(C=C3)OC)SC(C)CC.C(=O)(C(F)(F)F)O,1
53313039,CCCCNC1=C(N=C2N1C=C(C=C2)Cl)C3=CC(=C(C=C3)OC)SC(C)CC.C(=O)(C(F)(F)F)O,1
53315265,CCCCCCCCCC[N+]1=CC(=CC(=C1)Br)Br,1
53315277,CCCCN(CCCC)C1=CC=C(C=C1)CN2C=CC3=CC=CC=C32,1
53315719,CCCCCCCCCCCCCCCC[N+]1=CC=C(C2=CC=CC=C21)CC(C3=C(NC4=CC=CC=C43)C)O,1
53315732,CCCCCCCCCC[N+]1=CC=C(C2=CC=CC=C21)/C=C/C3=CNC4=CC=CC=C43,1
53315733,CCCCCCC[N+]1=CC=C(C2=CC=CC=C21)/C=C/C3=CNC4=CC=CC=C43,1
53315737,CCCCCCC[N+]1=CC=C(C2=CC=CC=C21)/C=C/C3=C(NC4=CC=CC=C43)C,1
53315740,CCCCCCCCCC[N+]1=CC=C(C2=CC=CC=C21)/C=C/C3=C(NC4=CC=CC=C43)C,1
53315742,CCCCCCCCCC[N+]1=CC=C(C=C1)/C=C/C2=CNC3=CC=CC=C32,1
53315807,CN1CCC(CC1)NC2=NC(=NC3=CC(=C(C=C32)OC)OCCCN(C)C)N4CCCCC4,1
54686149,C1=CC(=CC=C1CN2C=CC(=C(C2=O)CC3=C(C=C(C=C3)Cl)Cl)O)Cl,1
56642940,C/C=C(\C)/C(=O)O[C@H]1C/C(=C\C(=O)/C=C(/[C@@H]([C@H]2[C@@H]1C(=C)C(=O)O2)O)\C)/C,1
56642950,C1=CC=C(C=C1)N\2C3=CC=CC=C3S/C2=N\N.Cl,0
56642958,C/C/1=C/C(=O)/C=C(/[C@@H]([C@H]2[C@@H]([C@H](C1)OC(=O)C(=C)C)C(=C)C(=O)O2)O)\C,1
58299758,CCOC(=O)CN1CCN(CC1)CC2=CN=C(C=C2)NC3=NC=C4C5=C(C=NC=C5)N(C4=N3)C6CCCC6,1
60196368,C([C@@H]1[C@H]([C@@H]([C@H]([C@H](O1)O[C@]2([C@H]([C@@H]([C@H](O2)COS(=O)[O-])OS(=O)[O-])OS(=O)[O-])COS(=O)[O-])OS(=O)[O-])OS(=O)[O-])OS(=O)[O-])OS(=O)[O-].[Na+].[Na+].[Na+].[Na+].[Na+].[Na+].[Na+].[Na+],0
60196397,CCCCCCCCCCCCCC[P+](CCCC)(CCCC)CCCC.CCCCCCCCCCCCC1=CC=CC=C1S(=O)(=O)[O-],1
60196435,CC(=O)N1[C@@H]2[C@H]1[C@@]3([C@H](C4=C(C=C(C=C4OC)C=O)N(C2)O3)COC(=O)N)OC(=O)C,1
75296690,CCOC1=CC2=C(C=C1)[N+](=C(C=C2)/C=C/C3=C(C4=C(C=CC=N4)C(=C3)C)O)C.[I-],1
135398752,C1=NNC2=C1C(=O)NC(=O)N2,0
135398932,C1=CC=C(C=C1)C2=C(N=C(NC2=O)SCC3=CC=CC=C3Cl)N,0
135399350,C1CCCN(CC1)C2=NC(=NC(=O)N2)N3CCCCCC3,0
135401713,C1=CC=C(C(=C1)CSC2=NN=C(C(=O)N2)C3=CC=CC=C3N)Cl,0
135401726,C1=CC=C(C(=C1)CSC2=NN=C(C(=O)N2)C3=CC=CC=C3N)F,0
135402200,C1=CC=C(C=C1)N2C(=NNC2=S)CSC3=NC4=CC=CC=C4C(=O)N3,0
135402358,C1=CC=C(C=C1)N2C3=C(C=N2)C(=O)NC(=N3)CSC4=NC5=CC=CC=C5O4,0
135408793,C1=CC=C2C(=C1)C(=O)NN=N2,0
135410027,CC(/[N+](=C/C=[N+](\[O-])/C(/C=N/O)(C)C)/[O-])(/C=N/O)C,0
135412273,C1=CC=C2C(=C1)C(=O)NC(=N2)C3=CN=CC=C3,0
135412668,C1=CC=C2C(=C1)C(=O)NC(=N2)C3=CC=NC=C3,0
135413539,CCCCCN=C(N)N/N=C/C1=CNC2=C1C=C(C=C2)OC.C(=C\C(=O)O)\C(=O)O,1
135414692,C1=CC=C(C=C1)C2=C(N=C(NC2=O)SCC3=C(C=CC=C3Cl)F)N,0
135414694,C1=CC=C(C=C1)C2=C(N=C(NC2=O)SCC3=NC(=NO3)C4=CC=CC=C4)N,0
135415499,C1=CC=C2C(=C1)C(=O)NC(=N2)C3=CC=CS3,0
135415531,C1=CC=C2C(=C1)C(=O)NC(=N2)C(F)(F)F,0
135418563,C1=CC=C(C=C1)/[N+](=N/[O-])/[O-].[NH4+],0
135419109,CC1=CC(=CC=C1)N2C(=NC3=CC=CC=C3C2=O)/C=C/C4=CC=CC=C4O,1
135419130,C1=CC=C(C=C1)N2C(=NC(=N2)/C=C/C3=C(C=C(C=C3)O)O)C4=CC=CC=C4O,1
135420601,CC(C)SC1=NC2=C(C=NN2C3=CC=C(C=C3)F)C(=O)N1,0
135437039,CCCCN(CC)C(=O)CSC1=NC2=NNC(=C2C(=N)N1C3=CC(=CC=C3)OC)C,1
135437041,CCCCN(CC)C(=O)CSC1=NC2=NNC(=C2C(=N)N1C3=CC=C(C=C3)CC)C,1
135437050,CCCCN(CC)C(=O)CSC1=NC2=NNC(=C2C(=N)N1C3=CC=CC(=C3)C)C,1
135439014,CCN1C(=NC2=CC=CC=C2C1=O)/C=C/C3=C(C=CC(=C3)Br)O,1
135439087,C1=CC=C2C(=C1)C3=NN4C=NN=C4N=C3N2,0
135439628,CC1=CC(=CC=C1)N=N/C(=C\O)/C(=O)C2=CC=C(C=C2)Br,1
135449599,C1(=[N+](ON=C1N)[O-])/C(=N/O)/N,0
135449601,CCCC1=NC2=CC=CC=C2C(=O)N1/N=C/C3=CC=CC=C3O,1
135450623,C1=CC=C(C(=C1)CN2C3=C(C(=O)NC(=N3)C(F)(F)F)N=N2)F,0
135454547,C1CCC2=C(C1)C3=C(N=C2N4CCOCC4)SC5=C3N=NNC5=O,0
135457103,CC1=CC2=C(N=C(N=C2C=C1)/N=C(\N)/NC(=O)NC3CCCCC3)C,1
135458512,CC1=CC(=C(C=C1)C)C(=O)N2CCC(CC2)C3=NC4=C(C(=O)N3)N=NN4CC5=CC=CC=C5,1
135458526,COCCCN1C(C2=C(C1=O)NN=C2C3=CC=CC=C3O)C4=CC=C(C=C4)OCC5=CC=CC=C5,1
135458528,CC(C)OCCCN1C(C2=C(C1=O)NN=C2C3=CC=CC=C3O)C4=CC=CC=C4F,0
135458529,CC(C)OCCCN1C(C2=C(C1=O)NN=C2C3=CC=CC=C3O)C4=CC(=CC=C4)OCC5=CC=CC=C5,1
135458530,CC1=CC=C(C=C1)C2C3=C(C(=O)N2CCC4=CC=CC=C4)NN=C3C5=CC=CC=C5O,1
135458583,C1=CC(=CC(=C1)F)N=NC2=C3NC(=O)C=C(N3N=C2N)C(F)(F)F,0
135469908,CCCCC(=O)N/N=C/C1=C(N(C(=S)N(C1=O)CC)CC)O,1
135485412,CC1=CC=C(C=C1)CN2C3=C(C(=O)NC(=N3)C4CCN(CC4)S(=O)(=O)C5=C(C=CC(=C5)C)C)N=N2,1
135486489,CCCC1=CC(=O)NC(=N1)SCC(=O)NCCCC(=O)OCC,1
135490280,CCN(CC)C1=CC(=C(C=C1)/C=N/NC2=NC3=CC=CC=C3N2)O,1
135497939,CCCCCCCCCCS(=O)(=O)N/N=C/C1=CC=C(C=C1)O,1
135497943,COC1=CC(=CC(=C1OC)OC)/C=C/C2=NC(=NN2)C3=CC=CC=C3O,1
135500631,CC(C)SC1=NC2=C(C=NN2C3=CC=CC=C3)C(=O)N1,0
135501448,CCC1=NN=C(N1N)N/N=C/C2=CC(=C(C=C2O)O)Br,1
135502520,CC(=O)NC1=C(C2=NON=C2C(=C1)O)O,1
135502804,CC(C)(C)C1=NN=C(NC1=O)SC,0
135511001,CCCCSC1=NC(=CC(=N1)SCC(=O)N/N=C/C2=C(C(=CC=C2)OC)O)C,1
135512255,CCCC1=CC(=O)NC(=N1)SCC(=O)NC2=C(C=CC(=C2)S(=O)(=O)N3CCCCC3)C,1
135512362,CC1CC2=CC=CC=C2N1CC3=NC4=C(C=CC(=C4)C(F)(F)F)C(=O)N3,0
135512391,C1=CC=C2C(=C1)/C(=N/N=C/C3=CC=C(O3)C4=CC=C(C=C4)[N+](=O)[O-])/C(=O)N2,0
135515103,C1=CC=C(C=C1)N2C3=C(C=N2)C(=O)NC(=N3)SCC4=CC=CC=C4Cl,0
135517041,COC1=CC=C(C=C1)CNC(=S)N/N=C/C2=CC(=C(C=C2)O)OC,1
135519870,CC1=CC(=C(N1CCOC)C)C2=NNC(=NC3CC3)SC2.Cl,1
135519889,CCN(CC)S(=O)(=O)C1=CN=C(C=C1)N/N=C(\C)/C2=C(C=C(C=C2)OC)O,1
135521507,C/C(=N\NC(=S)NCCOC)/C1=CC=CC=C1O,1
135521611,CCOC1=C(C=CC(=C1)/C=C/C2=NC3=C(C=CC=C3[N+](=O)[O-])C=C2)O,1
135544638,C1=CC=C(C(=C1)CC2=NN=C(NC2=O)NCC3=CC=CO3)Cl,0
135546689,CCCOC1=C(C=C(C=C1)C2C3=C(C(=O)N2CCC4=CC=CC=C4)NN=C3C5=CC=CC=C5O)OCC,1
135546701,C1=CC=C(C=C1)COC2=CC=CC(=C2)C3C4=C(C(=O)N3CCCO)NN=C4C5=CC=CC=C5O,1
135546702,CCCN1C(C2=C(C1=O)NN=C2C3=CC=CC=C3O)C4=CC(=C(C=C4)OCC5=CC=CC=C5)OC,1
135546703,CCCN1C(C2=C(C1=O)NN=C2C3=CC=CC=C3O)C4=CC(=CC=C4)OCC5=CC=CC=C5,1
135546707,CCCCN1C(C2=C(C1=O)NN=C2C3=CC=CC=C3O)C4=CC=C(C=C4)OCC5=CC=CC=C5,1
135546710,CCCCN1C(C2=C(C1=O)NN=C2C3=CC=CC=C3O)C4=CC(=CC=C4)OCC5=CC=CC=C5,1
135546746,CC1=CC(=C(C=C1)O)C2=NNC3=C2C(N(C3=O)CC4=CC=CO4)C5=CC=CC=C5F,1
135546748,CCC1=CC=C(C=C1)C2C3=C(C(=O)N2CC4=CN=CC=C4)NN=C3C5=C(C=CC(=C5)C)O,1
135546751,CCOC1=C(C=CC(=C1)C2C3=C(C(=O)N2CCCOC(C)C)NN=C3C4=C(C=CC(=C4)C)O)O,1
135546791,CCC1=CC=C(C=C1)C2C3=C(C(=O)N2CCCOCC)NN=C3C4=CC=CC=C4O,1
135547284,CCC1=NN=C(N1N)N/N=C/C2=CC(=C(C=C2)O)OC,1
135735434,CC1=CC(=CC=C1)OCC(=O)N/N=C(\C)/C2=C(C3=CC=CC=C3C=C2)O,1
135829845,CCOC1=C(C=CC(=C1)/C=N/NC2=NN=C(N2N)C)O.Cl,1
135871452,CC1=C([C@@H](NC(=NCCC2=CNC3=CC=CC=C32)N1CC4=CC=CC=C4)C5=CC=CC=C5)C(=O)OC,1
135871453,CC1=C([C@@H](NC(=NCC2=CC=CC=C2)N1CC3=CC=CC=C3)C4=CC=CC=C4)C(=O)OC,1
135894587,CC1=C(C=CC(=C1)O)C2=NNC(=C2)C(=O)NCC3=CC(=CC(=C3)C(F)(F)F)C(F)(F)F,1
135896301,CC1=CC2=C(C=C1C)N[C@]3(C[C@H]4CCCC(=O)N5[C@H]4[C@H](C3)CC5)C(=NC(C)(C)CC(C)(C)C)N2,1
136153084,CCN1C(=C([C@@H](NC1=NCC2=CC(=CC=C2)Cl)C3=CC(=CC=C3)C(F)(F)F)C(=O)OC)C,1
136153085,CCN1C(=C([C@@H](NC1=NCC2=CC(=CC=C2)C(F)(F)F)C3=CC(=CC=C3)C(F)(F)F)C(=O)OC)C,1
